Driver,LapNumber,LapTime,Compound,TyreLife,IsAccurate,Time,AirTemp,Position,TrackTemp,Sector1Time,Sector2Time,Sector3Time,TrackStatus,LapTimeSec,RaceTimeSec,GapBehindSec,compound_HARD,compound_INTERMEDIATE,compound_MEDIUM,compound_None,compound_SOFT,compound_WET,TyreAge,GapToLeaderSec,GapAheadSec,Sector1Sec,Sector2Sec,Sector3Sec,IsSC,IsVSC,IsYellow,AEBI,LapTime_roll_mean,LapTime_roll_std,LapTime_z,LapSpikeFast,PrevLapSpikeFast,PrevLapTimeSec,NextLapTimeSec,DeltaNextLapSec,PushIndex,TyreDegRate,TyreDegSmooth,DeltaGapAhead,ERSProxy,ERSVolatility,PushTrend,IsDRSRange,IsUnderAttack,Season,RaceName,TrackLengthKm,TrackCorners,TrackAvgSpeedKph
ALB,3,0 days 00:01:48.888000,WET,3.0,True,0 days 02:11:00.079000,21.3,16,28.8,0 days 00:00:29.381000,0 days 00:00:50.358000,0 days 00:00:29.149000,1,108.888,7860.079,1.1970000000001164,False,False,False,False,False,True,3.0,0.0,0.0,29.381,50.358,29.149,0,0,0,0.0,,,0.0,0,0,108.888,105.755,-3.1330000000000098,0.0,0.0,0.0,0.0,0.0,0.0,0.0,0,0,2022,Monaco Grand Prix,0.0,19,0.0
ALB,4,0 days 00:01:45.755000,WET,4.0,True,0 days 02:12:45.834000,21.5,15,28.5,0 days 00:00:28.651000,0 days 00:00:49.015000,0 days 00:00:28.089000,1,105.755,7965.834,1.1469999999999345,False,False,False,False,False,True,4.0,0.0,0.0,28.651,49.015,28.089,0,0,0,0.0,,,0.0,0,0,108.888,103.313,-5.575000000000003,0.0,-3.1330000000000098,0.0,0.0,0.0,0.0,0.0,0,0,2022,Monaco Grand Prix,0.0,19,0.0
ALB,5,0 days 00:01:43.313000,WET,5.0,True,0 days 02:14:29.147000,21.6,15,28.5,0 days 00:00:27.871000,0 days 00:00:48.031000,0 days 00:00:27.411000,12,103.313,8069.147,1.1189999999996871,False,False,False,False,False,True,5.0,0.0,0.0,27.871,48.031,27.411,0,0,1,0.0,,,0.0,0,0,105.755,103.887,-1.867999999999995,0.0,-2.441999999999993,-1.5665000000000049,0.0,-0.6779999999999973,0.0,0.0,0,0,2022,Monaco Grand Prix,0.0,19,0.0
ALB,6,0 days 00:01:43.887000,WET,6.0,True,0 days 02:16:13.034000,21.6,13,28.3,0 days 00:00:27.556000,0 days 00:00:48.746000,0 days 00:00:27.585000,21,103.887,8173.034,0.6710000000002765,False,False,False,False,False,True,6.0,0.0,0.0,27.556,48.746,27.585,0,0,1,0.0,105.98533333333334,2.7946281207583477,-0.7508452798234714,0,0,103.313,101.663,-1.6500000000000057,0.0,0.5739999999999981,-1.8583333333333343,0.0,0.1739999999999995,0.39144348251056466,-2.7875000000000014,0,1,2022,Monaco Grand Prix,0.0,19,0.0
ALB,7,0 days 00:01:41.663000,WET,7.0,True,0 days 02:17:54.697000,21.8,13,28.2,0 days 00:00:27.174000,0 days 00:00:47.550000,0 days 00:00:26.939000,1,101.663,8274.697,1.0229999999992287,False,False,False,False,False,True,7.0,0.0,0.0,27.174,47.55,26.939,0,0,0,0.0,105.46075,2.5114500957282275,-1.5121741843326577,1,0,103.887,100.829,-3.058000000000007,0.5739999999999981,-2.2240000000000038,-1.6670000000000016,0.0,-0.4720000000000013,0.377030502744803,-1.6670000000000016,0,0,2022,Monaco Grand Prix,0.0,19,0.0
ALB,8,0 days 00:01:40.829000,WET,8.0,True,0 days 02:19:35.526000,21.6,13,28.1,0 days 00:00:26.683000,0 days 00:00:47.143000,0 days 00:00:27.003000,1,100.829,8375.526,0.8500000000003638,False,False,False,False,False,True,8.0,0.0,0.0,26.683,47.143,27.003,0,0,0,0.0,104.7012,2.7595501807359795,-1.4031997051661804,0,1,101.663,100.302,-1.36099999999999,0.0,-0.8340000000000032,-1.3639999999999997,0.0,0.06400000000000006,0.36132699871446006,-1.3639999999999997,0,1,2022,Monaco Grand Prix,0.0,19,0.0
ALB,9,0 days 00:01:40.302000,WET,9.0,True,0 days 02:21:15.828000,21.7,13,28.2,0 days 00:00:26.630000,0 days 00:00:46.770000,0 days 00:00:26.902000,1,100.302,8475.828,0.9240000000008877,False,False,False,False,False,True,9.0,0.0,0.0,26.63,46.77,26.902,0,0,0,0.0,103.0894,1.9323309240396478,-1.4425065423953225,0,0,100.829,98.978,-1.850999999999999,0.0,-0.5269999999999868,-0.828000000000003,0.0,-0.036999999999999034,0.3709754708872265,-0.828000000000003,0,1,2022,Monaco Grand Prix,0.0,19,0.0
ALB,10,0 days 00:01:38.978000,WET,10.0,True,0 days 02:22:54.806000,21.9,13,27.9,0 days 00:00:25.963000,0 days 00:00:46.158000,0 days 00:00:26.857000,12,98.978,8574.806,1.3799999999991996,False,False,False,False,False,True,10.0,0.0,0.0,25.963,46.158,26.857,0,0,1,0.0,101.99879999999999,1.5534433365912848,-1.9445833194202788,1,0,100.302,107.093,6.790999999999997,0.0,-1.3240000000000123,-1.1949999999999978,0.0,-0.045000000000001705,0.36677268164354815,-1.1949999999999978,0,0,2022,Monaco Grand Prix,0.0,19,0.0
ALB,11,0 days 00:01:47.093000,WET,11.0,True,0 days 02:24:41.899000,21.9,16,27.3,0 days 00:00:34.446000,0 days 00:00:45.591000,0 days 00:00:27.056000,12,107.093,8681.899,0.6810000000004948,False,False,False,False,False,True,11.0,0.0,0.0,34.446,45.591,27.056,0,0,1,0.0,101.1318,1.8229379309235434,3.2701058543336803,0,1,98.978,98.689,-0.2890000000000015,0.0,8.115000000000009,-0.8950000000000008,0.0,0.19900000000000162,0.2452441640488112,-0.8950000000000008,0,1,2022,Monaco Grand Prix,0.0,19,0.0
ALB,12,0 days 00:01:38.689000,WET,12.0,True,0 days 02:26:20.588000,22.0,16,27.1,0 days 00:00:26.281000,0 days 00:00:45.490000,0 days 00:00:26.918000,1,98.689,8780.588,0.47400000000016007,False,False,False,False,False,True,12.0,0.0,0.0,26.281,45.49,26.918,0,0,0,0.0,101.773,3.1297564601738386,-0.9853801850859367,0,0,107.093,97.351,-9.742000000000004,8.115000000000009,-8.40400000000001,2.088000000000003,0.0,0.06099999999999994,0.25146510692340696,2.088000000000003,0,1,2022,Monaco Grand Prix,0.0,19,0.0
ALB,13,0 days 00:01:37.351000,WET,13.0,True,0 days 02:27:57.939000,21.9,16,27.0,0 days 00:00:26.437000,0 days 00:00:44.426000,0 days 00:00:26.488000,1,97.351,8877.939,0.4959999999991851,False,False,False,False,False,True,13.0,0.0,0.0,26.437,44.426,26.488,0,0,0,0.0,101.17819999999999,3.424599348828974,-1.1175613875265975,0,0,98.689,96.601,-2.087999999999994,0.0,-1.3379999999999939,-0.5376666666666713,0.0,-0.3689999999999998,0.0988675882177783,-0.5376666666666713,0,1,2022,Monaco Grand Prix,0.0,19,0.0
ALB,14,0 days 00:01:36.601000,WET,14.0,True,0 days 02:29:34.540000,21.9,16,27.2,0 days 00:00:26.008000,0 days 00:00:44.026000,0 days 00:00:26.567000,1,96.601,8974.54,0.16599999999925785,False,False,False,False,False,True,14.0,0.0,0.0,26.008,44.026,26.567,0,0,0,0.0,100.4826,3.84115038757919,-1.010530598476856,0,0,97.351,96.171,-1.1799999999999926,0.0,-0.75,-0.5423333333333318,0.0,0.07900000000000063,0.20951181350940615,-0.5423333333333318,0,1,2022,Monaco Grand Prix,0.0,19,0.0
ALB,15,0 days 00:01:36.171000,WET,15.0,True,0 days 02:31:10.711000,21.9,16,27.0,0 days 00:00:25.845000,0 days 00:00:43.877000,0 days 00:00:26.449000,1,96.171,9070.711,0.3029999999998836,False,False,False,False,False,True,15.0,0.0,0.0,25.845,43.877,26.449,0,0,0,0.0,99.7424,4.222335467487122,-0.8458352083818385,0,0,96.601,95.705,-0.8960000000000008,0.0,-0.4299999999999926,-3.497333333333335,0.0,-0.038999999999997925,0.21600000000000047,-3.497333333333335,0,1,2022,Monaco Grand Prix,0.0,19,0.0
ALB,16,0 days 00:01:35.705000,WET,16.0,True,0 days 02:32:46.416000,22.1,16,26.9,0 days 00:00:25.591000,0 days 00:00:43.467000,0 days 00:00:26.647000,1,95.705,9166.416,0.39100000000144064,False,False,False,False,False,True,16.0,0.0,0.0,25.591,43.467,26.647,0,0,0,0.0,99.181,4.525130053379642,-0.7681547179851574,0,0,96.171,95.701,-0.4700000000000131,0.0,-0.4660000000000082,-0.8393333333333288,0.0,0.19799999999999685,0.21580824822049818,-0.8393333333333288,0,1,2022,Monaco Grand Prix,0.0,19,0.0
ALB,17,0 days 00:01:35.701000,WET,17.0,True,0 days 02:34:22.117000,22.0,16,26.8,0 days 00:00:26.038000,0 days 00:00:43.528000,0 days 00:00:26.135000,12,95.701,9262.117,0.4719999999997526,False,False,False,False,False,True,17.0,0.0,0.0,26.038,43.528,26.135,0,0,1,0.0,96.9034,1.1675541957440099,-1.0298451278604643,0,0,95.705,98.902,3.1970000000000027,0.0,-0.0040000000000048885,-0.548666666666667,0.0,-0.31400000000000006,0.21556205603027553,-0.548666666666667,0,1,2022,Monaco Grand Prix,0.0,19,0.0
ALB,20,0 days 00:01:38.902000,HARD,,True,0 days 02:39:28.522000,22.1,18,27.6,0 days 00:00:30.767000,0 days 00:00:42.268000,0 days 00:00:25.867000,12,98.902,9568.522,0.8549999999995634,True,False,False,False,False,False,0.0,0.0,0.0,30.767,42.268,25.867,0,0,1,0.0,96.3058,0.6936318908465742,3.742907490645142,0,0,95.701,89.367,-6.333999999999989,0.0,3.2010000000000076,-0.3000000000000019,0.0,-0.2680000000000007,0.24602743749427552,-0.3000000000000019,0,1,2022,Monaco Grand Prix,0.0,19,0.0
ALB,21,0 days 00:01:29.367000,HARD,,True,0 days 02:40:57.889000,22.1,16,27.3,0 days 00:00:24.532000,0 days 00:00:40.131000,0 days 00:00:24.704000,1,89.367,9657.889,0.5960000000013679,True,False,False,False,False,False,0.0,0.0,0.0,24.532,40.131,24.704,0,0,0,0.0,96.616,1.3314646071148182,-5.444380542497501,1,0,98.902,83.506,-15.396,3.2010000000000076,-9.534999999999997,0.9103333333333316,0.0,-1.1630000000000003,0.22006748964806172,0.9103333333333316,0,1,2022,Monaco Grand Prix,0.0,19,0.0
ALB,24,0 days 00:01:23.506000,MEDIUM,2.0,True,0 days 02:46:05.271000,22.3,19,27.9,0 days 00:00:22.968000,0 days 00:00:38.441000,0 days 00:00:22.097000,1,83.506,9965.271,0.0,False,False,True,False,False,False,2.0,0.0,0.0,22.968,38.441,22.097,0,0,0,0.0,95.1692,3.50616659615588,-3.3264819797175065,1,1,89.367,89.773,0.4059999999999917,0.0,-5.861000000000004,-2.1126666666666645,0.0,-2.6069999999999993,0.5149356270447788,-2.1126666666666645,0,0,2022,Monaco Grand Prix,0.0,19,0.0
ALB,31,0 days 00:01:29.773000,MEDIUM,9.0,True,0 days 03:18:13.562000,21.9,18,28.0,0 days 00:00:25.819000,0 days 00:00:40.578000,0 days 00:00:23.376000,1,89.773,11893.562,0.0,False,False,True,False,False,False,9.0,0.0,0.0,25.819,40.578,23.376,0,0,0,0.0,92.6362,6.166826631258505,-0.46429065890825827,0,1,83.506,84.931,1.4249999999999972,0.0,6.266999999999996,-4.064999999999998,0.0,1.279,1.1076437604211915,-4.064999999999998,0,0,2022,Monaco Grand Prix,0.0,19,0.0
ALB,32,0 days 00:01:24.931000,MEDIUM,10.0,True,0 days 03:19:38.493000,21.9,18,28.5,0 days 00:00:23.361000,0 days 00:00:39.613000,0 days 00:00:21.957000,1,84.931,11978.493,0.0,False,False,True,False,False,False,10.0,0.0,0.0,23.361,39.613,21.957,0,0,0,0.0,91.4498,5.997117199121513,-1.0869889287731285,0,0,89.773,80.929,-8.843999999999994,6.266999999999996,-4.841999999999999,-3.0430000000000015,0.0,-0.14000000000000057,1.4200891873400063,-3.0430000000000015,0,0,2022,Monaco Grand Prix,0.0,19,0.0
ALB,33,0 days 00:01:20.929000,MEDIUM,11.0,True,0 days 03:20:59.422000,22.0,18,28.6,0 days 00:00:21.709000,0 days 00:00:37.802000,0 days 00:00:21.418000,1,80.929,12059.422,0.0,False,False,True,False,False,False,11.0,0.0,0.0,21.709,37.802,21.418,0,0,0,0.0,89.2958,6.022564462087472,-1.38924208328025,0,0,84.931,80.511,-4.420000000000002,1.4249999999999972,-4.001999999999995,-1.478666666666669,0.0,-0.5390000000000015,1.43138419021589,-1.478666666666669,0,0,2022,Monaco Grand Prix,0.0,19,0.0
ALB,34,0 days 00:01:20.511000,MEDIUM,12.0,True,0 days 03:22:19.933000,22.0,18,28.8,0 days 00:00:21.394000,0 days 00:00:37.820000,0 days 00:00:21.297000,1,80.511,12139.933,0.0,False,False,True,False,False,False,12.0,0.0,0.0,21.394,37.82,21.297,0,0,0,0.0,85.7012,3.814565794425195,-1.3606266819634447,0,0,80.929,79.677,-1.2519999999999953,0.0,-0.41800000000000637,-0.8589999999999994,0.0,-0.12099999999999866,1.4217243052012578,-0.8589999999999994,0,0,2022,Monaco Grand Prix,0.0,19,0.0
ALB,35,0 days 00:01:19.677000,MEDIUM,13.0,True,0 days 03:23:39.610000,22.2,18,28.9,0 days 00:00:21.286000,0 days 00:00:37.114000,0 days 00:00:21.277000,1,79.677,12219.61,0.0,False,False,True,False,False,False,13.0,0.0,0.0,21.286,37.114,21.277,0,0,0,0.0,83.92999999999999,3.7422582754265608,-1.1364795497753848,0,0,80.511,78.835,-1.676000000000002,0.0,-0.833999999999989,-3.0873333333333335,0.0,-0.019999999999999574,1.4010152747204434,-3.0873333333333335,0,0,2022,Monaco Grand Prix,0.0,19,0.0
ALB,36,0 days 00:01:18.835000,MEDIUM,14.0,True,0 days 03:24:58.445000,22.3,18,28.9,0 days 00:00:20.993000,0 days 00:00:36.874000,0 days 00:00:20.968000,1,78.835,12298.445,0.0,False,False,True,False,False,False,14.0,0.0,0.0,20.993,36.874,20.968,0,0,0,0.0,83.16420000000001,4.212896058532479,-1.0276066486928825,0,0,79.677,78.504,-1.1730000000000018,0.0,-0.842000000000013,-1.7513333333333303,0.0,-0.30900000000000105,0.6926158386869308,-1.7513333333333303,0,0,2022,Monaco Grand Prix,0.0,19,0.0
ALB,37,0 days 00:01:18.504000,MEDIUM,15.0,True,0 days 03:26:16.949000,22.3,18,29.1,0 days 00:00:21.051000,0 days 00:00:36.631000,0 days 00:00:20.822000,1,78.504,12376.949,0.0,False,False,True,False,False,False,15.0,0.0,0.0,21.051,36.631,20.822,0,0,0,0.0,80.97659999999999,2.352219122445512,-1.0511775779755241,0,0,78.835,78.289,-0.5459999999999923,0.0,-0.33099999999998886,-0.6980000000000027,0.0,-0.1460000000000008,0.2035404136774821,-0.6980000000000027,0,0,2022,Monaco Grand Prix,0.0,19,0.0
ALB,38,0 days 00:01:18.289000,MEDIUM,16.0,True,0 days 03:27:35.238000,22.4,18,28.8,0 days 00:00:20.856000,0 days 00:00:36.619000,0 days 00:00:20.814000,1,78.289,12455.238,0.0,False,False,True,False,False,False,16.0,0.0,0.0,20.856,36.619,20.814,0,0,0,0.0,79.69120000000001,1.0424664023354526,-1.345079320406527,0,0,78.504,78.105,-0.3990000000000009,0.0,-0.2150000000000034,-0.6689999999999969,0.0,-0.007999999999999119,0.20292486294192869,-0.6689999999999969,0,0,2022,Monaco Grand Prix,0.0,19,0.0
ALB,39,0 days 00:01:18.105000,MEDIUM,17.0,True,0 days 03:28:53.343000,22.3,18,28.8,0 days 00:00:20.916000,0 days 00:00:36.413000,0 days 00:00:20.776000,1,78.105,12533.343,0.0,False,False,True,False,False,False,17.0,0.0,0.0,20.916,36.413,20.776,0,0,0,0.0,79.16319999999999,0.9201957400456555,-1.1499727220509437,0,0,78.289,78.023,-0.26600000000000534,0.0,-0.1839999999999975,-0.4626666666666684,0.0,-0.038000000000000256,0.1213865725687993,-0.4626666666666684,0,0,2022,Monaco Grand Prix,0.0,19,0.0
ALB,40,0 days 00:01:18.023000,MEDIUM,18.0,True,0 days 03:30:11.366000,22.3,18,28.7,0 days 00:00:20.848000,0 days 00:00:36.546000,0 days 00:00:20.629000,1,78.023,12611.366,0.0,False,False,True,False,False,False,18.0,0.0,0.0,20.848,36.546,20.629,0,0,0,0.0,78.682,0.61897011236257,-1.0646717617505705,0,0,78.105,78.283,0.17799999999999727,0.0,-0.08200000000000784,-0.24333333333332993,0.0,-0.14699999999999847,0.12690232464379989,-0.24333333333332993,0,0,2022,Monaco Grand Prix,0.0,19,0.0
ALB,41,0 days 00:01:18.283000,MEDIUM,19.0,True,0 days 03:31:29.649000,22.4,18,28.9,0 days 00:00:20.892000,0 days 00:00:36.679000,0 days 00:00:20.712000,1,78.283,12689.649,0.0,False,False,True,False,False,False,19.0,0.0,0.0,20.892,36.679,20.712,0,0,0,0.0,78.35119999999999,0.3277227486734844,-0.20810273402149163,0,0,78.023,78.776,0.7530000000000001,0.0,0.2600000000000051,-0.16033333333333624,0.0,0.08299999999999841,0.11825100422406706,-0.16033333333333624,0,0,2022,Monaco Grand Prix,0.0,19,0.0
ALB,42,0 days 00:01:18.776000,MEDIUM,20.0,True,0 days 03:32:48.425000,22.5,18,29.4,0 days 00:00:21.018000,0 days 00:00:36.834000,0 days 00:00:20.924000,1,78.776,12768.425,0.0,False,False,True,False,False,False,20.0,0.0,0.0,21.018,36.834,20.924,0,0,0,0.0,78.24080000000001,0.18658563716989454,2.868387985901967,0,0,78.283,78.772,0.4890000000000043,0.2600000000000051,0.492999999999995,-0.002000000000000076,0.0,0.29499999999999815,0.09774303044207337,-0.002000000000000076,0,0,2022,Monaco Grand Prix,0.0,19,0.0
ALB,43,0 days 00:01:18.772000,MEDIUM,21.0,True,0 days 03:34:07.197000,22.6,18,29.4,0 days 00:00:21.052000,0 days 00:00:36.773000,0 days 00:00:20.947000,1,78.772,12847.197,0.0,False,False,True,False,False,False,21.0,0.0,0.0,21.052,36.773,20.947,0,0,0,0.0,78.2952,0.2922433917098871,1.6315167888324247,0,0,78.776,79.296,0.5200000000000102,0.7530000000000001,-0.003999999999990678,0.2236666666666641,0.0,0.31799999999999784,0.16597138307551634,0.2236666666666641,0,0,2022,Monaco Grand Prix,0.0,19,0.0
ALB,44,0 days 00:01:19.296000,MEDIUM,22.0,True,0 days 03:35:26.493000,22.4,18,29.5,0 days 00:00:20.975000,0 days 00:00:37.173000,0 days 00:00:21.148000,1,79.296,12926.493,0.0,False,False,True,False,False,False,22.0,0.0,0.0,20.975,37.173,21.148,0,0,0,0.0,78.3918,0.3613401444596304,2.50235135471094,0,0,78.772,79.039,0.2669999999999959,0.7490000000000094,0.5240000000000009,0.2496666666666698,0.0,0.43599999999999994,0.2036337398369918,0.2496666666666698,0,0,2022,Monaco Grand Prix,0.0,19,0.0
ALB,45,0 days 00:01:19.039000,MEDIUM,23.0,True,0 days 03:36:45.532000,22.3,18,28.7,0 days 00:00:20.971000,0 days 00:00:37.047000,0 days 00:00:21.021000,1,79.039,13005.532,0.0,False,False,True,False,False,False,23.0,0.0,0.0,20.971,37.047,21.021,0,0,0,0.0,78.63,0.49343033955982424,0.8288910656869292,0,0,79.296,79.242,-0.054000000000002046,1.2730000000000103,-0.257000000000005,0.3376666666666684,0.0,0.09700000000000131,0.23059596700723073,0.3376666666666684,0,0,2022,Monaco Grand Prix,0.0,19,0.0
ALB,46,0 days 00:01:19.242000,MEDIUM,24.0,True,0 days 03:38:04.774000,22.4,18,29.0,0 days 00:00:20.982000,0 days 00:00:36.966000,0 days 00:00:21.294000,1,79.242,13084.774,0.0,False,False,True,False,False,False,24.0,0.0,0.0,20.982,36.966,21.294,0,0,0,0.0,78.8332,0.3762561627377453,1.086493831823128,0,0,79.039,79.508,0.4689999999999941,0.7560000000000002,0.20300000000000296,0.0876666666666684,0.0,0.3470000000000013,0.15203190454638182,0.0876666666666684,0,0,2022,Monaco Grand Prix,0.0,19,0.0
ALB,47,0 days 00:01:19.508000,MEDIUM,25.0,True,0 days 03:39:24.282000,22.5,18,29.0,0 days 00:00:21.200000,0 days 00:00:37.043000,0 days 00:00:21.265000,1,79.508,13164.282,0.0,False,False,True,False,False,False,25.0,0.0,0.0,21.2,37.043,21.265,0,0,0,0.0,79.025,0.2483626380882308,1.944736952860052,0,0,79.242,79.909,0.6670000000000016,0.46999999999999886,0.26599999999999113,0.1566666666666663,0.0,0.24399999999999977,0.12475295587680532,0.1566666666666663,0,0,2022,Monaco Grand Prix,0.0,19,0.0
ALO,3,0 days 00:01:46.608000,WET,3.0,True,0 days 02:10:49.620000,21.3,7,28.8,0 days 00:00:29.204000,0 days 00:00:49.400000,0 days 00:00:28.004000,1,106.608,7849.62,0.9589999999998327,False,False,False,False,False,True,3.0,0.0,0.0,29.204,49.4,28.004,0,0,0,0.0,79.39880000000001,0.3304689092761519,82.33512816560602,0,0,106.608,102.916,-3.6920000000000073,27.569000000000003,0.0,0.29000000000000153,0.0,6.739000000000001,0.13236880297109327,0.0,0,1,2022,Monaco Grand Prix,0.0,19,0.0
ALO,4,0 days 00:01:42.916000,WET,4.0,True,0 days 02:12:32.536000,21.4,7,28.6,0 days 00:00:27.751000,0 days 00:00:47.918000,0 days 00:00:27.247000,1,102.916,7952.536,1.3519999999998618,False,False,False,False,False,True,4.0,0.0,0.0,27.751,47.918,27.247,0,0,0,0.0,,,0.0,0,0,106.608,101.549,-5.0589999999999975,0.0,-3.6920000000000073,0.0,0.0,0.0,0.0,0.0,0,0,2022,Monaco Grand Prix,0.0,19,0.0
ALO,5,0 days 00:01:41.549000,WET,5.0,True,0 days 02:14:14.085000,21.6,7,28.5,0 days 00:00:27.098000,0 days 00:00:47.692000,0 days 00:00:26.759000,1,101.549,8054.085,1.5649999999995998,False,False,False,False,False,True,5.0,0.0,0.0,27.098,47.692,26.759,0,0,0,0.0,,,0.0,0,0,102.916,100.29,-2.6259999999999906,0.0,-1.3669999999999902,-1.8460000000000036,0.0,-0.48799999999999955,0.0,0.0,0,0,2022,Monaco Grand Prix,0.0,19,0.0
ALO,6,0 days 00:01:40.290000,WET,6.0,True,0 days 02:15:54.375000,21.6,7,28.3,0 days 00:00:26.630000,0 days 00:00:46.819000,0 days 00:00:26.841000,12,100.29,8154.375,2.3890000000001237,False,False,False,False,False,True,6.0,0.0,0.0,26.63,46.819,26.841,0,0,1,0.0,103.69099999999999,2.617028658612664,-1.2995654399149439,0,0,101.549,99.052,-2.497,0.0,-1.2590000000000003,-1.6863333333333326,0.0,0.08200000000000074,4.039013782265831,-2.5294999999999987,0,0,2022,Monaco Grand Prix,0.0,19,0.0
ALO,7,0 days 00:01:39.052000,WET,7.0,True,0 days 02:17:33.427000,21.7,7,28.5,0 days 00:00:26.509000,0 days 00:00:46.301000,0 days 00:00:26.242000,1,99.052,8253.427,3.8150000000005093,False,False,False,False,False,True,7.0,0.0,0.0,26.509,46.301,26.242,0,0,0,0.0,102.84075,2.7308593732864854,-1.3873837800151447,0,0,100.29,99.213,-1.0770000000000124,0.0,-1.2379999999999995,-2.1059999999999994,0.0,-0.5169999999999995,3.4463636270712934,-2.1059999999999994,0,0,2022,Monaco Grand Prix,0.0,19,0.0
ALO,8,0 days 00:01:39.213000,WET,8.0,True,0 days 02:19:12.640000,21.7,7,28.1,0 days 00:00:26.284000,0 days 00:00:46.514000,0 days 00:00:26.415000,1,99.213,8352.64,4.346999999999753,False,False,False,False,False,True,8.0,0.0,0.0,26.284,46.514,26.415,0,0,0,0.0,102.083,2.909316070831765,-0.986486146615029,0,0,99.052,98.678,-0.37400000000000944,0.0,0.16099999999998715,-1.2879999999999967,0.0,0.17299999999999827,3.1289417859717363,-1.2879999999999967,0,0,2022,Monaco Grand Prix,0.0,19,0.0
ALO,9,0 days 00:01:38.678000,WET,9.0,True,0 days 02:20:51.318000,21.7,7,28.2,0 days 00:00:26.230000,0 days 00:00:46.235000,0 days 00:00:26.213000,1,98.678,8451.318,3.2150000000001455,False,False,False,False,False,True,9.0,0.0,0.0,26.23,46.235,26.213,0,0,0,0.0,100.604,1.6340555376118573,-1.1786625091181517,0,0,99.213,97.601,-1.6119999999999948,0.16099999999998715,-0.5349999999999966,-0.778666666666671,0.0,-0.028999999999999915,0.32771405218573685,-0.778666666666671,0,0,2022,Monaco Grand Prix,0.0,19,0.0
ALO,10,0 days 00:01:37.601000,WET,10.0,True,0 days 02:22:28.919000,21.9,7,28.3,0 days 00:00:25.852000,0 days 00:00:45.605000,0 days 00:00:26.144000,12,97.601,8548.919,2.9940000000005966,False,False,False,False,False,True,10.0,0.0,0.0,25.852,45.605,26.144,0,0,1,0.0,99.75640000000001,1.1675351386574957,-1.8461114604896833,1,0,98.678,97.206,-1.4719999999999942,0.0,-1.0769999999999982,-0.5373333333333363,0.0,-0.06900000000000261,0.3246377981689684,-0.5373333333333363,0,0,2022,Monaco Grand Prix,0.0,19,0.0
ALO,11,0 days 00:01:37.206000,WET,11.0,True,0 days 02:24:06.125000,22.0,7,27.6,0 days 00:00:25.640000,0 days 00:00:45.319000,0 days 00:00:26.247000,12,97.206,8646.125,1.9259999999994761,False,False,False,False,False,True,11.0,0.0,0.0,25.64,45.319,26.247,0,0,1,0.0,98.9668,0.9705084749758629,-1.8143066705767772,1,1,97.601,95.884,-1.7169999999999987,0.0,-0.394999999999996,-0.4836666666666692,0.0,0.10300000000000153,0.266281805612017,-0.4836666666666692,0,0,2022,Monaco Grand Prix,0.0,19,0.0
ALO,12,0 days 00:01:35.884000,WET,12.0,True,0 days 02:25:42.009000,22.0,7,27.1,0 days 00:00:25.386000,0 days 00:00:44.211000,0 days 00:00:26.287000,1,95.884,8742.009,2.6039999999993597,False,False,False,False,False,True,12.0,0.0,0.0,25.386,44.211,26.287,0,0,0,0.0,98.35,0.8965062743784787,-2.7506779043008915,1,1,97.206,95.158,-2.048000000000002,0.0,-1.3220000000000027,-0.6689999999999969,0.0,0.14300000000000068,0.26946465445396744,-0.6689999999999969,0,0,2022,Monaco Grand Prix,0.0,19,0.0
ALO,13,0 days 00:01:35.158000,WET,13.0,True,0 days 02:27:17.167000,22.0,7,27.0,0 days 00:00:25.405000,0 days 00:00:43.625000,0 days 00:00:26.128000,1,95.158,8837.167,4.195999999999913,False,False,False,False,False,True,13.0,0.0,0.0,25.405,43.625,26.128,0,0,0,0.0,97.7164,1.3034570572136195,-1.9627804275110106,1,1,95.884,94.137,-1.7469999999999999,0.0,-0.7259999999999991,-0.9313333333333323,0.0,-0.015999999999998238,0.10721567049641818,-0.9313333333333323,0,0,2022,Monaco Grand Prix,0.0,19,0.0
ALO,14,0 days 00:01:34.137000,WET,14.0,True,0 days 02:28:51.304000,21.8,7,26.4,0 days 00:00:24.991000,0 days 00:00:43.320000,0 days 00:00:25.826000,1,94.137,8931.304,4.886000000000422,False,False,False,False,False,True,14.0,0.0,0.0,24.991,43.32,25.826,0,0,0,0.0,96.90540000000001,1.3975867772700206,-1.9808430109847452,1,1,95.158,93.484,-1.6740000000000066,0.0,-1.0210000000000008,-0.8143333333333326,0.0,-0.3019999999999996,0.09142100415110599,-0.8143333333333326,0,0,2022,Monaco Grand Prix,0.0,19,0.0
ALO,15,0 days 00:01:33.484000,WET,15.0,True,0 days 02:30:24.788000,21.9,7,27.2,0 days 00:00:24.801000,0 days 00:00:42.803000,0 days 00:00:25.880000,1,93.484,9024.788,17.445999999999913,False,False,False,False,False,True,15.0,0.0,0.0,24.801,42.803,25.88,0,0,0,0.0,95.9972,1.4327235253181256,-1.7541416439309003,1,1,94.137,94.171,0.034000000000006025,0.0,-0.6530000000000058,-1.0230000000000008,0.0,0.053999999999998494,0.1755724921506683,-1.0230000000000008,0,0,2022,Monaco Grand Prix,0.0,19,0.0
ALO,16,0 days 00:01:34.171000,WET,16.0,True,0 days 02:31:58.959000,21.9,7,26.9,0 days 00:00:25.195000,0 days 00:00:43.221000,0 days 00:00:25.755000,1,94.171,9118.959,16.634000000000015,False,False,False,False,False,True,16.0,0.0,0.0,25.195,43.221,25.755,0,0,0,0.0,95.1738,1.4632881466068115,-0.6853058998156758,0,1,93.484,93.349,-0.1349999999999909,0.0,0.6870000000000118,-0.8000000000000019,0.0,-0.0710000000000015,0.17703756663487089,-0.8000000000000019,0,0,2022,Monaco Grand Prix,0.0,19,0.0
ALO,17,0 days 00:01:33.349000,WET,17.0,True,0 days 02:33:32.308000,22.1,6,26.9,0 days 00:00:24.857000,0 days 00:00:42.880000,0 days 00:00:25.612000,12,93.349,9212.308,16.52599999999984,False,False,False,False,False,True,17.0,0.0,0.0,24.857,42.88,25.612,0,0,1,0.0,94.5668,0.9484691349748785,-1.2839637633883068,0,0,94.171,92.356,-1.815000000000012,0.6870000000000118,-0.8220000000000027,-0.32899999999999824,0.0,-0.14300000000000068,0.16770002981513238,-0.32899999999999824,0,0,2022,Monaco Grand Prix,0.0,19,0.0
ALO,18,0 days 00:01:32.356000,WET,18.0,True,0 days 02:35:04.664000,22.0,6,27.1,0 days 00:00:24.710000,0 days 00:00:42.423000,0 days 00:00:25.223000,1,92.356,9304.664,18.721999999999753,False,False,False,False,False,True,18.0,0.0,0.0,24.71,42.423,25.223,0,0,0,0.0,94.0598,0.7178354268214898,-2.3735245382695487,1,0,93.349,92.069,-1.2800000000000011,0.0,-0.9930000000000092,-0.26266666666666555,0.0,-0.38899999999999935,0.13617011419542902,-0.26266666666666555,0,0,2022,Monaco Grand Prix,0.0,19,0.0
ALO,19,0 days 00:01:32.069000,WET,19.0,True,0 days 02:36:36.733000,22.0,6,27.1,0 days 00:00:24.888000,0 days 00:00:42.044000,0 days 00:00:25.137000,1,92.069,9396.733,2.485999999998967,False,False,False,False,False,True,19.0,0.0,0.0,24.888,42.044,25.137,0,0,0,0.0,93.4994,0.7395608832273273,-1.934120682205299,1,1,92.356,91.441,-0.914999999999992,0.0,-0.28699999999999193,-0.37600000000000006,0.0,-0.08599999999999852,0.17754633198124894,-0.37600000000000006,0,0,2022,Monaco Grand Prix,0.0,19,0.0
ALO,20,0 days 00:01:31.441000,WET,20.0,True,0 days 02:38:08.174000,22.0,6,27.5,0 days 00:00:24.461000,0 days 00:00:42.072000,0 days 00:00:24.908000,12,91.441,9488.174,0.6229999999995925,False,False,False,False,False,True,20.0,0.0,0.0,24.461,42.072,24.908,0,0,1,0.0,93.08579999999999,0.8619725633684489,-1.9081813852315415,1,1,92.069,88.168,-3.9009999999999962,0.0,-0.6280000000000001,-0.700666666666668,0.0,-0.2289999999999992,0.1631548344364825,-0.700666666666668,0,1,2022,Monaco Grand Prix,0.0,19,0.0
ALO,23,0 days 00:01:28.168000,HARD,,True,0 days 02:42:59.440000,22.1,7,27.2,0 days 00:00:24.502000,0 days 00:00:40.057000,0 days 00:00:23.609000,1,88.168,9779.44,20.802999999999884,True,False,False,False,False,False,0.0,0.0,0.0,24.502,40.057,23.609,0,0,0,0.0,92.6772,1.082129936745103,-4.166967243844156,1,1,91.441,86.044,-5.397000000000006,0.0,-3.272999999999996,-0.6360000000000005,0.0,-1.2989999999999995,0.1304829490776327,-0.6360000000000005,0,0,2022,Monaco Grand Prix,0.0,19,0.0
ALO,24,0 days 00:01:26.044000,HARD,,True,0 days 02:44:25.484000,22.2,7,27.6,0 days 00:00:23.813000,0 days 00:00:39.425000,0 days 00:00:22.806000,1,86.044,9865.484,10.793999999999869,True,False,False,False,False,False,0.0,0.0,0.0,23.813,39.425,22.806,0,0,0,0.0,91.4766,1.973465555817963,-2.752822304896171,1,1,88.168,84.807,-3.361000000000004,0.0,-2.1240000000000094,-1.3959999999999961,0.0,-0.8030000000000008,0.49948593573793043,-1.3959999999999961,0,0,2022,Monaco Grand Prix,0.0,19,0.0
ALO,25,0 days 00:01:24.807000,HARD,,True,0 days 02:45:50.291000,22.3,7,27.9,0 days 00:00:22.881000,0 days 00:00:39.263000,0 days 00:00:22.663000,1,84.807,9950.291,7.97400000000016,True,False,False,False,False,False,0.0,0.0,0.0,22.881,39.263,22.663,0,0,0,0.0,90.01559999999999,2.779969478249692,-1.873617692838627,1,1,86.044,116.128,30.084000000000003,0.0,-1.2369999999999948,-2.008333333333335,0.0,-0.14300000000000068,0.4920977545163119,-2.008333333333335,0,0,2022,Monaco Grand Prix,0.0,19,0.0
ALO,32,0 days 00:01:56.128000,MEDIUM,2.0,True,0 days 03:18:59.932000,21.9,7,28.3,0 days 00:00:33.587000,0 days 00:00:54.008000,0 days 00:00:28.533000,1,116.128,11939.932,1.183999999999287,False,False,True,False,False,False,2.0,0.0,0.0,33.587,54.008,28.533,0,0,0,0.0,88.5058,3.208094559080179,8.61015767812025,0,1,84.807,84.805,-0.001999999999995339,0.0,31.320999999999998,-2.2113333333333336,0.0,5.870000000000001,0.5248275907381357,-2.2113333333333336,0,0,2022,Monaco Grand Prix,0.0,19,0.0
ALO,33,0 days 00:01:24.805000,MEDIUM,3.0,True,0 days 03:20:24.737000,21.9,7,28.5,0 days 00:00:22.969000,0 days 00:00:39.458000,0 days 00:00:22.378000,1,84.805,12024.737,0.6370000000006257,False,False,True,False,False,False,3.0,0.0,0.0,22.969,39.458,22.378,0,0,0,0.0,93.3176,12.997018169564889,-0.6549656151080825,0,0,116.128,82.897,-33.230999999999995,31.320999999999998,-31.322999999999993,9.319999999999999,0.0,-0.28500000000000014,2.9391936309130773,9.319999999999999,0,1,2022,Monaco Grand Prix,0.0,19,0.0
ALO,34,0 days 00:01:22.897000,MEDIUM,4.0,True,0 days 03:21:47.634000,22.0,7,28.8,0 days 00:00:22.268000,0 days 00:00:38.555000,0 days 00:00:22.074000,1,82.897,12107.634,0.5679999999993015,False,False,True,False,False,False,4.0,0.0,0.0,22.268,38.555,22.074,0,0,0,0.0,91.9904,13.563050516015924,-0.6704538915682758,0,0,84.805,82.751,-2.054000000000002,0.0,-1.9080000000000013,-0.4129999999999967,0.0,-0.3039999999999985,2.9436229378098004,-0.4129999999999967,0,1,2022,Monaco Grand Prix,0.0,19,0.0
ALO,35,0 days 00:01:22.751000,MEDIUM,5.0,True,0 days 03:23:10.385000,22.1,7,28.8,0 days 00:00:22.192000,0 days 00:00:38.538000,0 days 00:00:22.021000,1,82.751,12190.385,0.7459999999991851,False,False,True,False,False,False,5.0,0.0,0.0,22.192,38.538,22.021,0,0,0,0.0,90.9362,14.127525002632266,-0.5793796152174505,0,0,82.897,82.259,-0.6380000000000052,0.0,-0.1460000000000008,-0.6366666666666655,0.0,-0.053000000000000824,2.8079064265035614,-0.6366666666666655,0,1,2022,Monaco Grand Prix,0.0,19,0.0
ALO,36,0 days 00:01:22.259000,MEDIUM,6.0,True,0 days 03:24:32.644000,22.2,7,28.9,0 days 00:00:21.956000,0 days 00:00:38.379000,0 days 00:00:21.924000,1,82.259,12272.644,0.7919999999994616,False,False,True,False,False,False,6.0,0.0,0.0,21.956,38.379,21.924,0,0,0,0.0,90.2776,14.484845176942686,-0.5535854820708889,0,0,82.751,81.752,-0.9990000000000094,0.0,-0.49200000000000443,-11.125666666666666,0.0,-0.09700000000000131,2.7148827783165888,-11.125666666666666,0,1,2022,Monaco Grand Prix,0.0,19,0.0
ALO,37,0 days 00:01:21.752000,MEDIUM,7.0,True,0 days 03:25:54.396000,22.3,7,29.1,0 days 00:00:21.898000,0 days 00:00:38.097000,0 days 00:00:21.757000,1,81.752,12354.396,0.7799999999988358,False,False,True,False,False,False,7.0,0.0,0.0,21.898,38.097,21.757,0,0,0,0.0,89.768,14.767489461651897,-0.5428139983316659,0,0,82.259,81.452,-0.8070000000000022,0.0,-0.507000000000005,-0.8486666666666688,0.0,-0.16699999999999804,2.710042748740322,-0.8486666666666688,0,1,2022,Monaco Grand Prix,0.0,19,0.0
ALO,38,0 days 00:01:21.452000,MEDIUM,8.0,True,0 days 03:27:15.848000,22.3,7,29.1,0 days 00:00:21.810000,0 days 00:00:37.847000,0 days 00:00:21.795000,1,81.452,12435.848,0.49500000000080036,False,False,True,False,False,False,8.0,0.0,0.0,21.81,37.847,21.795,0,0,0,0.0,82.8928,1.1597155685769662,-1.242373594904771,0,0,81.752,80.332,-1.4200000000000017,0.0,-0.29999999999999716,-0.3816666666666701,0.0,0.038000000000000256,0.1113337325341915,-0.3816666666666701,0,1,2022,Monaco Grand Prix,0.0,19,0.0
ALO,39,0 days 00:01:20.332000,MEDIUM,9.0,True,0 days 03:28:36.180000,22.3,7,28.8,0 days 00:00:21.391000,0 days 00:00:37.400000,0 days 00:00:21.541000,1,80.332,12516.18,0.30799999999908323,False,False,True,False,False,False,9.0,0.0,0.0,21.391,37.4,21.541,0,0,0,0.0,82.2222,0.6226224377580565,-3.035868747047173,1,0,81.452,79.709,-1.742999999999995,0.0,-1.1200000000000045,-0.4330000000000022,0.0,-0.21600000000000108,0.1284418156209064,-0.4330000000000022,0,1,2022,Monaco Grand Prix,0.0,19,0.0
ALO,40,0 days 00:01:19.709000,MEDIUM,10.0,True,0 days 03:29:55.889000,22.3,7,28.7,0 days 00:00:21.252000,0 days 00:00:37.149000,0 days 00:00:21.308000,1,79.709,12595.889,0.5420000000012806,False,False,True,False,False,False,10.0,0.0,0.0,21.252,37.149,21.308,0,0,0,0.0,81.7092,0.9154631068479963,-2.184905087968888,1,1,80.332,80.009,-0.3229999999999933,0.0,-0.6229999999999905,-0.6423333333333355,0.0,-0.23300000000000054,0.0989974747152428,-0.6423333333333355,0,1,2022,Monaco Grand Prix,0.0,19,0.0
ALO,41,0 days 00:01:20.009000,MEDIUM,11.0,True,0 days 03:31:15.898000,22.4,7,28.9,0 days 00:00:21.067000,0 days 00:00:37.362000,0 days 00:00:21.580000,1,80.009,12675.898,0.9240000000008877,False,False,True,False,False,False,11.0,0.0,0.0,21.067,37.362,21.58,0,0,0,0.0,81.10079999999999,1.0508319085371216,-1.0389863413263714,0,1,79.709,80.075,0.36599999999999966,0.0,0.29999999999999716,-0.6809999999999974,0.0,0.27199999999999847,0.11018393712331732,-0.6809999999999974,0,1,2022,Monaco Grand Prix,0.0,19,0.0
ALO,42,0 days 00:01:20.075000,MEDIUM,12.0,True,0 days 03:32:35.973000,22.5,7,29.4,0 days 00:00:21.143000,0 days 00:00:37.486000,0 days 00:00:21.446000,1,80.075,12755.973,1.0020000000004075,False,False,True,False,False,False,12.0,0.0,0.0,21.143,37.486,21.446,0,0,0,0.0,80.6508,0.9020935095652549,-0.6382930304836089,0,0,80.009,79.76,-0.24899999999999523,0.29999999999999716,0.0660000000000025,-0.48099999999999926,0.0,0.13800000000000168,0.21536875353680013,-0.48099999999999926,0,0,2022,Monaco Grand Prix,0.0,19,0.0
ALO,43,0 days 00:01:19.760000,MEDIUM,13.0,True,0 days 03:33:55.733000,22.6,7,29.4,0 days 00:00:21.104000,0 days 00:00:37.442000,0 days 00:00:21.214000,1,79.76,12835.733,0.7770000000000437,False,False,True,False,False,False,13.0,0.0,0.0,21.104,37.442,21.214,0,0,0,0.0,80.3154,0.6729653037116797,-0.8253025779140958,0,0,80.075,79.373,-0.7019999999999982,0.36599999999999966,-0.3149999999999977,-0.0856666666666636,0.0,-0.0940000000000012,0.22102986223584206,-0.0856666666666636,0,1,2022,Monaco Grand Prix,0.0,19,0.0
ALO,44,0 days 00:01:19.373000,MEDIUM,14.0,True,0 days 03:35:15.106000,22.4,7,29.5,0 days 00:00:20.959000,0 days 00:00:37.242000,0 days 00:00:21.172000,1,79.373,12915.106,0.9609999999993306,False,False,True,False,False,False,14.0,0.0,0.0,20.959,37.242,21.172,0,0,0,0.0,79.977,0.25276767989549814,-2.3895460062366802,1,0,79.76,79.046,-0.7139999999999986,0.05100000000000193,-0.38700000000000045,0.017000000000000643,0.0,-0.04199999999999804,0.2231990143347307,0.017000000000000643,0,1,2022,Monaco Grand Prix,0.0,19,0.0
ALO,45,0 days 00:01:19.046000,MEDIUM,15.0,True,0 days 03:36:34.152000,22.4,7,29.0,0 days 00:00:20.970000,0 days 00:00:36.971000,0 days 00:00:21.105000,1,79.046,12994.152,0.9050000000006548,False,False,True,False,False,False,15.0,0.0,0.0,20.97,36.971,21.105,0,0,0,0.0,79.7852,0.27857709884294857,-2.6534844503378587,1,1,79.373,78.73,-0.6430000000000007,0.0,-0.3269999999999982,-0.21199999999999855,0.0,-0.06700000000000017,0.1984822410191784,-0.21199999999999855,0,1,2022,Monaco Grand Prix,0.0,19,0.0
ALO,46,0 days 00:01:18.730000,MEDIUM,16.0,True,0 days 03:37:52.882000,22.4,7,29.0,0 days 00:00:20.961000,0 days 00:00:36.836000,0 days 00:00:20.933000,1,78.73,13072.882,0.8220000000001164,False,False,True,False,False,False,16.0,0.0,0.0,20.961,36.836,20.933,0,0,0,0.0,79.6526,0.43678289801656595,-2.1122621883538377,1,1,79.046,78.501,-0.5450000000000017,0.0,-0.3160000000000025,-0.3429999999999988,0.0,-0.1720000000000006,0.15775550703539695,-0.3429999999999988,0,1,2022,Monaco Grand Prix,0.0,19,0.0
ALO,47,0 days 00:01:18.501000,MEDIUM,17.0,True,0 days 03:39:11.383000,22.5,7,29.0,0 days 00:00:20.776000,0 days 00:00:36.914000,0 days 00:00:20.811000,1,78.501,13151.383,0.8549999999995634,False,False,True,False,False,False,17.0,0.0,0.0,20.776,36.914,20.811,0,0,0,0.0,79.39680000000001,0.5385440557649345,-1.6633736653682614,1,1,78.73,78.623,-0.10699999999999932,0.0,-0.2289999999999992,-0.3433333333333337,0.0,-0.12199999999999989,0.11454606060443727,-0.3433333333333337,0,1,2022,Monaco Grand Prix,0.0,19,0.0
ALO,48,0 days 00:01:18.623000,MEDIUM,18.0,True,0 days 03:40:30.006000,22.5,7,29.6,0 days 00:00:20.915000,0 days 00:00:36.818000,0 days 00:00:20.890000,1,78.623,13230.006,0.944999999999709,False,False,True,False,False,False,18.0,0.0,0.0,20.915,36.818,20.89,0,0,0,0.0,79.08200000000001,0.5017783375154213,-0.9147465438080945,0,1,78.501,77.542,-0.9590000000000032,0.0,0.12199999999999989,-0.29066666666666663,0.0,0.07900000000000063,0.050386506130066296,-0.29066666666666663,0,1,2022,Monaco Grand Prix,0.0,19,0.0
ALO,49,0 days 00:01:17.542000,MEDIUM,19.0,True,0 days 03:41:47.548000,22.5,7,29.8,0 days 00:00:20.784000,0 days 00:00:36.234000,0 days 00:00:20.524000,1,77.542,13307.548,1.881999999999607,False,False,True,False,False,False,19.0,0.0,0.0,20.784,36.234,20.524,0,0,0,0.0,78.8546,0.3534010469703426,-3.714193863466841,1,0,78.623,75.882,-2.7409999999999997,0.12199999999999989,-1.081000000000003,-0.1410000000000006,0.0,-0.28699999999999903,0.09482457487379138,-0.1410000000000006,0,0,2022,Monaco Grand Prix,0.0,19,0.0
ALO,50,0 days 00:01:15.882000,MEDIUM,20.0,True,0 days 03:43:03.430000,22.6,7,29.5,0 days 00:00:20.205000,0 days 00:00:35.650000,0 days 00:00:20.027000,1,75.882,13383.43,3.209999999999127,False,False,True,False,False,False,20.0,0.0,0.0,20.205,35.65,20.027,0,0,0,0.0,78.4884,0.5664003001409234,-4.601692476772183,1,1,77.542,78.634,1.0919999999999987,0.0,-1.6599999999999966,-0.3960000000000008,0.0,-0.4969999999999999,0.13492108804777375,-0.3960000000000008,0,0,2022,Monaco Grand Prix,0.0,19,0.0
ALO,51,0 days 00:01:18.634000,MEDIUM,21.0,True,0 days 03:44:22.064000,22.6,7,29.5,0 days 00:00:20.736000,0 days 00:00:36.848000,0 days 00:00:21.050000,1,78.634,13462.064,1.779000000000451,False,False,True,False,False,False,21.0,0.0,0.0,20.736,36.848,21.05,0,0,0,0.0,77.85560000000001,1.2003604875201912,0.6484718616555573,0,1,75.882,78.812,2.9299999999999926,0.0,2.7519999999999953,-0.8729999999999999,0.0,1.0229999999999997,0.21241869032642838,-0.8729999999999999,0,0,2022,Monaco Grand Prix,0.0,19,0.0
ALO,52,0 days 00:01:18.812000,MEDIUM,22.0,True,0 days 03:45:40.876000,22.5,7,29.2,0 days 00:00:20.896000,0 days 00:00:36.860000,0 days 00:00:21.056000,1,78.812,13540.876,1.4459999999999127,False,False,True,False,False,False,22.0,0.0,0.0,20.896,36.86,21.056,0,0,0,0.0,77.8364,1.1835274817255865,0.8243154595595638,0,0,78.634,78.911,0.277000000000001,2.7519999999999953,0.17799999999999727,0.0036666666666652268,0.0,1.029,0.5893532047931825,0.0036666666666652268,0,0,2022,Monaco Grand Prix,0.0,19,0.0
ALO,53,0 days 00:01:18.911000,MEDIUM,23.0,True,0 days 03:46:59.787000,22.4,7,29.2,0 days 00:00:20.752000,0 days 00:00:36.914000,0 days 00:00:21.245000,1,78.911,13619.787,1.0599999999994907,False,False,True,False,False,False,23.0,0.0,0.0,20.752,36.914,21.245,0,0,0,0.0,77.89860000000002,1.234271769100997,0.8202407487107837,0,0,78.812,77.135,-1.6769999999999925,2.9299999999999926,0.09900000000000375,0.423333333333332,0.0,1.218,0.7207820752488195,0.423333333333332,0,0,2022,Monaco Grand Prix,0.0,19,0.0
ALO,54,0 days 00:01:17.135000,MEDIUM,24.0,True,0 days 03:48:16.922000,22.4,7,29.2,0 days 00:00:20.663000,0 days 00:00:36.038000,0 days 00:00:20.434000,1,77.135,13696.922,2.396999999999025,False,False,True,False,False,False,24.0,0.0,0.0,20.663,36.038,20.434,0,0,0,0.0,77.9562,1.2823140021070132,-0.6404047672026111,0,0,78.911,77.324,-1.5870000000000033,3.0289999999999964,-1.7759999999999962,1.0096666666666654,0.0,-0.6159999999999997,0.8188761811165318,1.0096666666666654,0,0,2022,Monaco Grand Prix,0.0,19,0.0
ALO,55,0 days 00:01:17.324000,MEDIUM,25.0,True,0 days 03:49:34.246000,22.5,7,29.1,0 days 00:00:20.458000,0 days 00:00:36.312000,0 days 00:00:20.554000,1,77.324,13774.246,3.489000000001397,False,False,True,False,False,False,25.0,0.0,0.0,20.458,36.312,20.554,0,0,0,0.0,77.87480000000001,1.3273088186250033,-0.4149750173215897,0,0,77.135,77.799,0.6640000000000015,1.2530000000000001,0.18899999999999295,-0.4996666666666651,0.0,0.11999999999999744,0.9062048885323866,-0.4996666666666651,0,0,2022,Monaco Grand Prix,0.0,19,0.0
ALO,56,0 days 00:01:17.799000,MEDIUM,26.0,True,0 days 03:50:52.045000,22.4,7,29.1,0 days 00:00:20.705000,0 days 00:00:36.394000,0 days 00:00:20.700000,12,77.799,13852.045,3.7890000000006694,False,False,True,False,False,False,26.0,0.0,0.0,20.705,36.394,20.7,0,0,1,0.0,78.1632,0.8607047693603843,-0.42314160786008514,0,0,77.324,78.792,1.4680000000000035,0.18899999999999295,0.4750000000000085,-0.49599999999999983,0.0,0.26599999999999824,0.7816224792059118,-0.49599999999999983,0,0,2022,Monaco Grand Prix,0.0,19,0.0
ALO,57,0 days 00:01:18.792000,MEDIUM,27.0,True,0 days 03:52:10.837000,22.5,7,29.1,0 days 00:00:20.507000,0 days 00:00:37.013000,0 days 00:00:21.272000,1,78.792,13930.837,2.7510000000002037,False,False,True,False,False,False,27.0,0.0,0.0,20.507,37.013,21.272,0,0,0,0.0,77.9962,0.8268607500659996,0.9624353313861851,0,0,77.799,78.53,0.7309999999999945,0.6640000000000015,0.992999999999995,-0.3706666666666649,0.0,0.8379999999999974,0.7404929439231651,-0.3706666666666649,0,0,2022,Monaco Grand Prix,0.0,19,0.0
ALO,58,0 days 00:01:18.530000,MEDIUM,28.0,True,0 days 03:53:29.367000,22.4,7,29.1,0 days 00:00:20.755000,0 days 00:00:36.855000,0 days 00:00:20.920000,1,78.53,14009.367,2.245999999999185,False,False,True,False,False,False,28.0,0.0,0.0,20.755,36.855,20.92,0,0,0,0.0,77.9922,0.8219614954483636,0.6542885560675139,0,0,78.792,75.944,-2.847999999999999,1.6569999999999965,-0.26200000000000045,0.5523333333333321,0.0,0.3660000000000032,0.704188327083029,0.5523333333333321,0,0,2022,Monaco Grand Prix,0.0,19,0.0
ALO,59,0 days 00:01:15.944000,MEDIUM,29.0,True,0 days 03:54:45.311000,22.4,7,29.3,0 days 00:00:20.208000,0 days 00:00:35.520000,0 days 00:00:20.216000,12,75.944,14085.311,4.283999999999651,False,False,True,False,False,False,29.0,0.0,0.0,20.208,35.52,20.216,0,0,1,0.0,77.91600000000001,0.7277509876322439,-2.709718067736273,1,0,78.53,77.772,-0.7579999999999956,1.394999999999996,-2.5859999999999985,0.402000000000001,0.0,-0.4839999999999982,0.5270381390373894,0.402000000000001,0,0,2022,Monaco Grand Prix,0.0,19,0.0
ALO,60,0 days 00:01:17.772000,MEDIUM,30.0,True,0 days 03:56:03.083000,22.3,7,29.1,0 days 00:00:20.682000,0 days 00:00:36.486000,0 days 00:00:20.604000,1,77.772,14163.083,4.658999999999651,False,False,True,False,False,False,30.0,0.0,0.0,20.682,36.486,20.604,0,0,0,0.0,77.6778,1.1306649371054636,0.08331380668896975,0,1,75.944,77.698,1.7539999999999907,0.0,1.828000000000003,-0.6183333333333346,0.0,0.3879999999999981,0.47722238002842465,-0.6183333333333346,0,0,2022,Monaco Grand Prix,0.0,19,0.0
ALO,61,0 days 00:01:17.698000,MEDIUM,31.0,True,0 days 03:57:20.781000,22.3,7,29.1,0 days 00:00:20.626000,0 days 00:00:36.432000,0 days 00:00:20.640000,1,77.698,14240.781,5.083999999998923,False,False,True,False,False,False,31.0,0.0,0.0,20.626,36.432,20.64,0,0,0,0.0,77.76740000000001,1.1132352851036045,-0.062340819527254836,0,0,77.772,77.473,-0.2990000000000066,1.828000000000003,-0.07400000000001228,-0.3399999999999987,0.0,0.4239999999999995,0.4780640124502094,-0.3399999999999987,0,0,2022,Monaco Grand Prix,0.0,19,0.0
ALO,62,0 days 00:01:17.473000,MEDIUM,32.0,True,0 days 03:58:38.254000,22.2,7,28.9,0 days 00:00:20.489000,0 days 00:00:36.310000,0 days 00:00:20.674000,1,77.473,14318.254,5.920000000000073,False,False,True,False,False,False,32.0,0.0,0.0,20.489,36.31,20.674,0,0,0,0.0,77.74719999999999,1.113434865629644,-0.2462649666039819,0,0,77.698,79.209,1.51100000000001,1.7539999999999907,-0.22499999999999432,-0.27733333333333593,0.0,0.4579999999999984,0.4825378741611833,-0.27733333333333593,0,0,2022,Monaco Grand Prix,0.0,19,0.0
ALO,63,0 days 00:01:19.209000,MEDIUM,33.0,True,0 days 03:59:57.463000,22.3,7,29.5,0 days 00:00:20.952000,0 days 00:00:37.134000,0 days 00:00:21.123000,1,79.209,14397.463,4.789000000000669,False,False,True,False,False,False,33.0,0.0,0.0,20.952,37.134,21.123,0,0,0,0.0,77.48339999999999,0.9479682484132563,1.8203141327659298,0,0,77.473,79.654,2.1809999999999974,1.5289999999999964,1.7360000000000042,0.5096666666666655,0.0,0.5190000000000019,0.4008974931325893,0.5096666666666655,0,0,2022,Monaco Grand Prix,0.0,19,0.0
BOT,3,0 days 00:01:49.266000,WET,3.0,True,0 days 02:10:56.732000,21.3,12,28.8,0 days 00:00:29.448000,0 days 00:00:51.137000,0 days 00:00:28.681000,1,109.266,7856.732,0.5270000000000437,False,False,False,False,False,True,3.0,0.0,0.0,29.448,51.137,28.681,0,0,0,0.0,78.3612,0.9957392731030174,31.03704035263321,0,0,109.266,105.433,-3.8329999999999984,31.793000000000006,0.0,0.652000000000001,0.0,8.007000000000001,0.34893724364131107,0.0,0,1,2022,Monaco Grand Prix,0.0,19,0.0
BOT,4,0 days 00:01:45.433000,WET,4.0,True,0 days 02:12:42.165000,21.5,12,28.5,0 days 00:00:28.135000,0 days 00:00:49.061000,0 days 00:00:28.237000,1,105.433,7962.165,0.4679999999998472,False,False,False,False,False,True,4.0,0.0,0.0,28.135,49.061,28.237,0,0,0,0.0,,,0.0,0,0,109.266,103.769,-5.497,0.0,-3.8329999999999984,0.0,0.0,0.0,0.0,0.0,0,1,2022,Monaco Grand Prix,0.0,19,0.0
BOT,5,0 days 00:01:43.769000,WET,5.0,True,0 days 02:14:25.934000,21.6,12,28.5,0 days 00:00:27.916000,0 days 00:00:48.094000,0 days 00:00:27.759000,1,103.769,8065.934,0.694999999999709,False,False,False,False,False,True,5.0,0.0,0.0,27.916,48.094,27.759,0,0,0,0.0,,,0.0,0,0,105.433,104.176,-1.257000000000005,0.0,-1.6640000000000015,-1.9164999999999992,0.0,-0.477999999999998,0.0,0.0,0,1,2022,Monaco Grand Prix,0.0,19,0.0
BOT,6,0 days 00:01:44.176000,WET,6.0,True,0 days 02:16:10.110000,21.6,10,28.3,0 days 00:00:27.984000,0 days 00:00:48.566000,0 days 00:00:27.626000,12,104.176,8170.11,0.7710000000006403,False,False,False,False,False,True,6.0,0.0,0.0,27.984,48.566,27.626,0,0,1,0.0,106.156,2.8189180548572175,-0.7023971472275713,0,0,103.769,100.501,-3.2680000000000007,0.0,0.4069999999999965,-1.8323333333333334,0.0,-0.13299999999999912,4.766825603410863,-2.7485,0,1,2022,Monaco Grand Prix,0.0,19,0.0
BOT,7,0 days 00:01:40.501000,WET,7.0,True,0 days 02:17:50.611000,21.8,10,28.2,0 days 00:00:26.884000,0 days 00:00:46.913000,0 days 00:00:26.704000,1,100.501,8270.611,0.7109999999993306,False,False,False,False,False,True,7.0,0.0,0.0,26.884,46.913,26.704,0,0,0,0.0,105.661,2.5055204382855605,-2.0594523681198957,1,0,104.176,99.476,-4.700000000000003,0.4069999999999965,-3.674999999999997,-1.6966666666666679,0.0,-0.9220000000000006,4.110272415951689,-1.6966666666666679,0,1,2022,Monaco Grand Prix,0.0,19,0.0
BOT,8,0 days 00:01:39.476000,WET,8.0,True,0 days 02:19:30.087000,21.7,10,28.1,0 days 00:00:26.320000,0 days 00:00:46.602000,0 days 00:00:26.554000,1,99.476,8370.087,0.8659999999999854,False,False,False,False,False,True,8.0,0.0,0.0,26.32,46.602,26.554,0,0,0,0.0,104.62899999999999,3.1675455008570905,-1.6268116744039405,1,1,100.501,99.635,-0.8659999999999997,0.0,-1.0250000000000057,-1.6440000000000008,0.0,-0.15000000000000213,3.7691434968703437,-1.6440000000000008,0,1,2022,Monaco Grand Prix,0.0,19,0.0
BOT,9,0 days 00:01:39.635000,WET,9.0,True,0 days 02:21:09.722000,21.7,10,28.2,0 days 00:00:26.547000,0 days 00:00:46.558000,0 days 00:00:26.530000,1,99.635,8469.722,1.2810000000008586,False,False,False,False,False,True,9.0,0.0,0.0,26.547,46.558,26.53,0,0,0,0.0,102.671,2.550303805431817,-1.190446406241372,0,1,99.476,98.943,-0.5330000000000013,0.0,0.15900000000000603,-1.431000000000002,0.0,-0.023999999999997357,0.37157072005204944,-1.431000000000002,0,0,2022,Monaco Grand Prix,0.0,19,0.0
BOT,10,0 days 00:01:38.943000,WET,10.0,True,0 days 02:22:48.665000,21.9,10,27.9,0 days 00:00:25.946000,0 days 00:00:46.423000,0 days 00:00:26.574000,12,98.943,8568.665,1.4749999999985448,False,False,False,False,False,True,10.0,0.0,0.0,25.946,46.423,26.574,0,0,1,0.0,101.51140000000001,2.2848134059480674,-1.1241180541543048,0,0,99.635,98.841,-0.7940000000000111,0.15900000000000603,-0.6920000000000073,-1.5136666666666656,0.0,0.04400000000000048,0.3662523720059693,-1.5136666666666656,0,0,2022,Monaco Grand Prix,0.0,19,0.0
BOT,11,0 days 00:01:38.841000,WET,11.0,True,0 days 02:24:27.506000,22.0,10,27.6,0 days 00:00:26.076000,0 days 00:00:45.856000,0 days 00:00:26.909000,12,98.841,8667.506,1.0600000000013097,False,False,False,False,False,True,11.0,0.0,0.0,26.076,45.856,26.909,0,0,1,0.0,100.5462,2.104955747753385,-0.8100882889438229,0,0,98.943,98.123,-0.8199999999999932,0.0,-0.10200000000000387,-0.5193333333333356,0.0,0.3789999999999978,0.3911329697174595,-0.5193333333333356,0,0,2022,Monaco Grand Prix,0.0,19,0.0
BOT,12,0 days 00:01:38.123000,WET,12.0,True,0 days 02:26:05.629000,22.0,10,27.1,0 days 00:00:26.183000,0 days 00:00:45.210000,0 days 00:00:26.730000,1,98.123,8765.629,0.7759999999998399,False,False,False,False,False,True,12.0,0.0,0.0,26.183,45.21,26.73,0,0,0,0.0,99.4792,0.6639218327484133,-2.0427103509848274,1,0,98.841,97.268,-1.5729999999999933,0.0,-0.7179999999999893,-0.21166666666666836,0.0,0.1999999999999993,0.481703020542739,-0.21166666666666836,0,1,2022,Monaco Grand Prix,0.0,19,0.0
BOT,13,0 days 00:01:37.268000,WET,13.0,True,0 days 02:27:42.897000,21.9,10,27.0,0 days 00:00:25.741000,0 days 00:00:44.761000,0 days 00:00:26.766000,1,97.268,8862.897,0.6889999999984866,False,False,False,False,False,True,13.0,0.0,0.0,25.741,44.761,26.766,0,0,0,0.0,99.00359999999999,0.5973682281474426,-2.9054106298596274,1,1,98.123,95.836,-2.287000000000006,0.0,-0.855000000000004,-0.5040000000000001,0.0,0.19199999999999662,0.20514190210680575,-0.5040000000000001,0,1,2022,Monaco Grand Prix,0.0,19,0.0
BOT,14,0 days 00:01:35.836000,WET,14.0,True,0 days 02:29:18.733000,21.8,10,26.4,0 days 00:00:25.583000,0 days 00:00:43.994000,0 days 00:00:26.259000,1,95.836,8958.733,0.7489999999997963,False,False,False,False,False,True,14.0,0.0,0.0,25.583,43.994,26.259,0,0,0,0.0,98.562,0.900206642943732,-3.0281936057323557,1,1,97.268,95.23,-2.0379999999999967,0.0,-1.4320000000000022,-0.5583333333333323,0.0,-0.4710000000000001,0.15642953685285255,-0.5583333333333323,0,1,2022,Monaco Grand Prix,0.0,19,0.0
BOT,15,0 days 00:01:35.230000,WET,15.0,True,0 days 02:30:53.963000,21.9,10,27.0,0 days 00:00:25.096000,0 days 00:00:43.630000,0 days 00:00:26.504000,1,95.23,9053.963,0.581000000000131,False,False,False,False,False,True,15.0,0.0,0.0,25.096,43.63,26.504,0,0,0,0.0,97.8022,1.287900889043892,-1.9972033732421266,1,1,95.836,95.037,-0.7989999999999924,0.0,-0.6059999999999945,-1.0016666666666652,0.0,0.245000000000001,0.3242741124419246,-1.0016666666666652,0,1,2022,Monaco Grand Prix,0.0,19,0.0
BOT,16,0 days 00:01:35.037000,WET,16.0,True,0 days 02:32:29,21.9,10,26.9,0 days 00:00:25.721000,0 days 00:00:43.147000,0 days 00:00:26.169000,1,95.037,9149.0,0.397000000000844,False,False,False,False,False,True,16.0,0.0,0.0,25.721,43.147,26.169,0,0,0,0.0,97.0596,1.5159377625747297,-1.3342236402665582,0,1,95.23,94.451,-0.7790000000000106,0.0,-0.19299999999999784,-0.9643333333333336,0.0,-0.08999999999999986,0.3327784548314361,-0.9643333333333336,0,1,2022,Monaco Grand Prix,0.0,19,0.0
BOT,17,0 days 00:01:34.451000,WET,17.0,True,0 days 02:34:03.451000,22.0,10,26.8,0 days 00:00:25.227000,0 days 00:00:43.443000,0 days 00:00:25.781000,12,94.451,9243.451,0.9800000000013824,False,False,False,False,False,True,17.0,0.0,0.0,25.227,43.443,25.781,0,0,1,0.0,96.2988,1.343103756230367,-1.3757686190872918,0,0,95.037,94.208,-0.8290000000000077,0.0,-0.5860000000000127,-0.7436666666666648,0.0,-0.3880000000000017,0.30235525462607443,-0.7436666666666648,0,1,2022,Monaco Grand Prix,0.0,19,0.0
BOT,18,0 days 00:01:34.208000,WET,18.0,True,0 days 02:35:37.659000,22.1,10,27.1,0 days 00:00:25.311000,0 days 00:00:43.070000,0 days 00:00:25.827000,1,94.208,9337.659,0.5259999999998399,False,False,False,False,False,True,18.0,0.0,0.0,25.311,43.07,25.827,0,0,0,0.0,95.5644,1.0730392816668812,-1.2640730150092438,0,0,94.451,92.732,-1.718999999999994,0.0,-0.242999999999995,-0.4616666666666684,0.0,0.04600000000000293,0.3259391047419724,-0.4616666666666684,0,1,2022,Monaco Grand Prix,0.0,19,0.0
BOT,19,0 days 00:01:32.732000,WET,19.0,True,0 days 02:37:10.391000,22.0,10,27.1,0 days 00:00:24.671000,0 days 00:00:42.513000,0 days 00:00:25.548000,1,92.732,9430.391,1.6890000000003056,False,False,False,False,False,True,19.0,0.0,0.0,24.671,42.513,25.548,0,0,0,0.0,94.9524,0.6462393519434071,-3.4358786621747606,1,0,94.208,89.113,-5.094999999999999,0.0,-1.475999999999999,-0.3406666666666685,0.0,-0.23300000000000054,0.2983425883108196,-0.3406666666666685,0,0,2022,Monaco Grand Prix,0.0,19,0.0
BOT,22,0 days 00:01:29.113000,HARD,,True,0 days 02:42:04.942000,22.2,12,27.3,0 days 00:00:24.630000,0 days 00:00:40.459000,0 days 00:00:24.024000,1,89.113,9724.942,16.816000000000713,True,False,False,False,False,False,0.0,0.0,0.0,24.63,40.459,24.024,0,0,0,0.0,94.33160000000001,0.9865299285882305,-5.289854720847714,1,1,92.732,87.4,-5.331999999999994,0.0,-3.6189999999999998,-0.7683333333333356,0.0,-1.5239999999999974,0.24484382777599106,-0.7683333333333356,0,0,2022,Monaco Grand Prix,0.0,19,0.0
BOT,23,0 days 00:01:27.400000,HARD,,True,0 days 02:43:32.342000,22.1,11,27.2,0 days 00:00:24.168000,0 days 00:00:39.667000,0 days 00:00:23.565000,1,87.4,9812.342,13.706000000000131,True,False,False,False,False,False,0.0,0.0,0.0,24.168,39.667,23.565,0,0,0,0.0,93.1082,2.3893561266584786,-2.3890118079563654,1,1,89.113,85.597,-3.5160000000000053,0.0,-1.7129999999999939,-1.7793333333333312,0.0,-0.45899999999999963,0.6283471970176979,-1.7793333333333312,0,0,2022,Monaco Grand Prix,0.0,19,0.0
BOT,24,0 days 00:01:25.597000,HARD,,True,0 days 02:44:57.939000,22.2,10,27.8,0 days 00:00:23.159000,0 days 00:00:39.357000,0 days 00:00:23.081000,1,85.597,9897.939,9.468999999999141,True,False,False,False,False,False,0.0,0.0,0.0,23.159,39.357,23.081,0,0,0,0.0,91.5808,3.16364563439089,-1.891425491828856,1,1,87.4,84.056,-3.3440000000000083,0.0,-1.8030000000000115,-2.2693333333333308,0.0,-0.48400000000000176,0.5982334828476235,-2.2693333333333308,0,0,2022,Monaco Grand Prix,0.0,19,0.0
BOT,25,0 days 00:01:24.056000,HARD,,True,0 days 02:46:21.995000,22.3,10,27.9,0 days 00:00:22.885000,0 days 00:00:38.455000,0 days 00:00:22.716000,1,84.056,9981.995,6.915999999999258,True,False,False,False,False,False,0.0,0.0,0.0,22.885,38.455,22.716,0,0,0,0.0,89.81,3.6029073676686085,-1.5970435575542812,1,1,85.597,113.705,28.108000000000004,0.0,-1.5409999999999968,-2.378333333333335,0.0,-0.36499999999999844,0.5948055984941618,-2.378333333333335,0,0,2022,Monaco Grand Prix,0.0,19,0.0
BOT,32,0 days 00:01:53.705000,HARD,12.0,True,0 days 03:19:03.414000,21.9,10,28.3,0 days 00:00:33.043000,0 days 00:00:52.945000,0 days 00:00:27.717000,1,113.705,11943.414,0.6919999999990978,True,False,False,False,False,False,12.0,0.0,0.0,33.043,52.945,27.717,0,0,0,0.0,87.77959999999999,3.3569799373843408,7.722834358134507,0,1,84.056,85.003,0.9470000000000027,0.0,29.649,-1.6856666666666673,0.0,5.000999999999998,0.5186959610407598,-1.6856666666666673,0,1,2022,Monaco Grand Prix,0.0,19,0.0
BOT,33,0 days 00:01:25.003000,HARD,13.0,True,0 days 03:20:28.417000,21.9,10,28.5,0 days 00:00:23.038000,0 days 00:00:39.351000,0 days 00:00:22.614000,1,85.003,12028.417,0.8320000000003347,True,False,False,False,False,False,13.0,0.0,0.0,23.038,39.351,22.614,0,0,0,0.0,91.9742,12.295365090146797,-0.566977877345549,0,0,113.705,82.896,-30.808999999999997,29.649,-28.701999999999998,8.76833333333333,0.0,-0.10200000000000031,2.5966240967841285,8.76833333333333,0,1,2022,Monaco Grand Prix,0.0,19,0.0
BOT,34,0 days 00:01:22.896000,HARD,14.0,True,0 days 03:21:51.313000,22.0,10,28.8,0 days 00:00:22.337000,0 days 00:00:38.254000,0 days 00:00:22.305000,1,82.896,12111.313,0.831000000000131,True,False,False,False,False,False,14.0,0.0,0.0,22.337,38.254,22.305,0,0,0,0.0,91.15220000000001,12.666261828179639,-0.6518260961282027,0,0,85.003,82.314,-2.689000000000007,0.9470000000000027,-2.1069999999999993,-0.19799999999999804,0.0,-0.30900000000000105,2.398932616811067,-0.19799999999999804,0,1,2022,Monaco Grand Prix,0.0,19,0.0
BOT,35,0 days 00:01:22.314000,HARD,15.0,True,0 days 03:23:13.627000,22.1,10,28.8,0 days 00:00:21.995000,0 days 00:00:38.234000,0 days 00:00:22.085000,1,82.314,12193.627,1.3220000000001164,True,False,False,False,False,False,15.0,0.0,0.0,21.995,38.234,22.085,0,0,0,0.0,90.25139999999999,13.150716569829976,-0.6035716729086663,0,0,82.896,82.169,-0.7270000000000039,0.0,-0.5820000000000078,-0.38666666666666555,0.0,-0.21999999999999886,2.3814045645374904,-0.38666666666666555,0,0,2022,Monaco Grand Prix,0.0,19,0.0
BOT,36,0 days 00:01:22.169000,HARD,16.0,True,0 days 03:24:35.796000,22.3,10,28.9,0 days 00:00:22.060000,0 days 00:00:38.211000,0 days 00:00:21.898000,1,82.169,12275.796,1.4099999999998545,True,False,False,False,False,False,16.0,0.0,0.0,22.06,38.211,21.898,0,0,0,0.0,89.59479999999999,13.518030984577628,-0.5493255643866994,0,0,82.314,81.903,-0.41099999999998715,0.0,-0.14499999999999602,-10.463666666666668,0.0,-0.18700000000000117,2.349973723257346,-10.463666666666668,0,0,2022,Monaco Grand Prix,0.0,19,0.0
BOT,37,0 days 00:01:21.903000,HARD,17.0,True,0 days 03:25:57.699000,22.3,10,29.1,0 days 00:00:21.980000,0 days 00:00:37.967000,0 days 00:00:21.956000,1,81.903,12357.699,1.456000000000131,True,False,False,False,False,False,17.0,0.0,0.0,21.98,37.967,21.956,0,0,0,0.0,89.2174,13.735908171649983,-0.5325021038722751,0,0,82.169,81.132,-1.036999999999992,0.0,-0.26599999999999113,-0.9446666666666678,0.0,0.05799999999999983,2.3291499093016736,-0.9446666666666678,0,0,2022,Monaco Grand Prix,0.0,19,0.0
BOT,38,0 days 00:01:21.132000,HARD,18.0,True,0 days 03:27:18.831000,22.3,10,29.1,0 days 00:00:21.760000,0 days 00:00:37.811000,0 days 00:00:21.561000,1,81.132,12438.831,1.6790000000000873,True,False,False,False,False,False,18.0,0.0,0.0,21.76,37.811,21.561,0,0,0,0.0,82.857,1.253509672879081,-1.3761361697656362,0,0,81.903,80.778,-1.125,0.0,-0.7710000000000008,-0.33099999999999835,0.0,-0.33699999999999974,0.13883263305145133,-0.33099999999999835,0,0,2022,Monaco Grand Prix,0.0,19,0.0
BOT,39,0 days 00:01:20.778000,HARD,19.0,True,0 days 03:28:39.609000,22.3,10,28.8,0 days 00:00:21.714000,0 days 00:00:37.641000,0 days 00:00:21.423000,1,80.778,12519.609,1.6779999999998836,True,False,False,False,False,False,19.0,0.0,0.0,21.714,37.641,21.423,0,0,0,0.0,82.08279999999999,0.6439190166484455,-2.026341770105472,1,0,81.132,79.779,-1.3530000000000086,0.0,-0.3539999999999992,-0.39399999999999596,0.0,-0.13800000000000168,0.1563473696612734,-0.39399999999999596,0,0,2022,Monaco Grand Prix,0.0,19,0.0
BOT,40,0 days 00:01:19.779000,HARD,20.0,True,0 days 03:29:59.388000,22.3,10,28.7,0 days 00:00:21.392000,0 days 00:00:37.075000,0 days 00:00:21.312000,1,79.779,12599.388,2.0859999999993306,True,False,False,False,False,False,20.0,0.0,0.0,21.392,37.075,21.312,0,0,0,0.0,81.65920000000001,0.6712955384937045,-2.8008528169558944,1,1,80.778,79.856,-0.9220000000000113,0.0,-0.9990000000000094,-0.46366666666666373,0.0,-0.1109999999999971,0.14452577624769503,-0.46366666666666373,0,0,2022,Monaco Grand Prix,0.0,19,0.0
BOT,41,0 days 00:01:19.856000,HARD,21.0,True,0 days 03:31:19.244000,22.4,10,28.9,0 days 00:00:21.108000,0 days 00:00:37.366000,0 days 00:00:21.382000,1,79.856,12679.244,2.0909999999985303,True,False,False,False,False,False,21.0,0.0,0.0,21.108,37.366,21.382,0,0,0,0.0,81.15220000000001,0.951800241648234,-1.3618403770894,0,1,79.779,80.037,0.2580000000000098,0.0,0.07699999999999818,-0.7080000000000032,0.0,0.07000000000000028,0.14232181842570352,-0.7080000000000032,0,0,2022,Monaco Grand Prix,0.0,19,0.0
BOT,42,0 days 00:01:20.037000,HARD,22.0,True,0 days 03:32:39.281000,22.5,10,29.4,0 days 00:00:21.282000,0 days 00:00:37.428000,0 days 00:00:21.327000,1,80.037,12759.281,1.9969999999993888,True,False,False,False,False,False,22.0,0.0,0.0,21.282,37.428,21.327,0,0,0,0.0,80.68960000000001,0.8944206504781278,-0.7296343165278533,0,0,79.856,79.545,-0.31099999999999284,0.07699999999999818,0.1810000000000116,-0.42533333333333684,0.0,0.015000000000000568,0.16676720301066064,-0.42533333333333684,0,0,2022,Monaco Grand Prix,0.0,19,0.0
BOT,43,0 days 00:01:19.545000,HARD,23.0,True,0 days 03:33:58.826000,22.6,10,29.4,0 days 00:00:21.178000,0 days 00:00:37.142000,0 days 00:00:21.225000,1,79.545,12838.826,1.4690000000009604,True,False,False,False,False,False,23.0,0.0,0.0,21.178,37.142,21.225,0,0,0,0.0,80.3164,0.6035538915472075,-1.2780963072287044,0,0,80.037,79.573,-0.46400000000001285,0.2580000000000098,-0.49200000000000443,-0.2469999999999999,0.0,-0.08699999999999974,0.15800221517434163,-0.2469999999999999,0,0,2022,Monaco Grand Prix,0.0,19,0.0
BOT,44,0 days 00:01:19.573000,HARD,24.0,True,0 days 03:35:18.399000,22.4,10,29.5,0 days 00:00:21.112000,0 days 00:00:37.239000,0 days 00:00:21.222000,1,79.573,12918.399,1.4989999999997963,True,False,False,False,False,False,24.0,0.0,0.0,21.112,37.239,21.222,0,0,0,0.0,79.999,0.469906905675833,-0.9065625443135743,0,0,79.545,79.52,-0.025000000000005684,0.0,0.027999999999991587,-0.07799999999999822,0.0,-0.0030000000000001137,0.08868314383240446,-0.07799999999999822,0,0,2022,Monaco Grand Prix,0.0,19,0.0
BOT,45,0 days 00:01:19.520000,HARD,25.0,True,0 days 03:36:37.919000,22.3,10,28.7,0 days 00:00:21.157000,0 days 00:00:37.196000,0 days 00:00:21.167000,1,79.52,12997.919,1.7479999999995925,True,False,False,False,False,False,25.0,0.0,0.0,21.157,37.196,21.167,0,0,0,0.0,79.758,0.2046216019922668,-1.16312255247124,0,0,79.573,78.818,-0.7549999999999955,0.027999999999991587,-0.05299999999999727,-0.09433333333333375,0.0,-0.054999999999999716,0.07472081370005826,-0.09433333333333375,0,0,2022,Monaco Grand Prix,0.0,19,0.0
BOT,46,0 days 00:01:18.818000,HARD,26.0,True,0 days 03:37:56.737000,22.4,10,29.0,0 days 00:00:21.022000,0 days 00:00:36.784000,0 days 00:00:21.012000,1,78.818,13076.737,2.066000000000713,True,False,False,False,False,False,26.0,0.0,0.0,21.022,36.784,21.012,0,0,0,0.0,79.7062,0.22927428988417523,-3.8739624946551943,1,0,79.52,78.419,-1.100999999999999,0.0,-0.7019999999999982,-0.1723333333333367,0.0,-0.15500000000000114,0.0612535713244455,-0.1723333333333367,0,0,2022,Monaco Grand Prix,0.0,19,0.0
BOT,47,0 days 00:01:18.419000,HARD,27.0,True,0 days 03:39:15.156000,22.5,10,29.0,0 days 00:00:20.965000,0 days 00:00:36.731000,0 days 00:00:20.723000,1,78.419,13155.156,2.4069999999992433,True,False,False,False,False,False,27.0,0.0,0.0,20.965,36.731,20.723,0,0,0,0.0,79.4986,0.4362445415153483,-2.4747587585849846,1,1,78.818,78.432,-0.3859999999999957,0.0,-0.3990000000000009,-0.24233333333333462,0.0,-0.2890000000000015,0.06820557161991232,-0.24233333333333462,0,0,2022,Monaco Grand Prix,0.0,19,0.0
BOT,48,0 days 00:01:18.432000,HARD,28.0,True,0 days 03:40:33.588000,22.5,10,29.6,0 days 00:00:20.820000,0 days 00:00:36.739000,0 days 00:00:20.873000,1,78.432,13233.588,1.9690000000009604,True,False,False,False,False,False,28.0,0.0,0.0,20.82,36.739,20.873,0,0,0,0.0,79.175,0.5275684789693208,-1.4083479768380969,0,1,78.419,78.615,0.19599999999999795,0.0,0.01300000000000523,-0.38466666666666544,0.0,0.15000000000000213,0.11041376725752572,-0.38466666666666544,0,0,2022,Monaco Grand Prix,0.0,19,0.0
BOT,49,0 days 00:01:18.615000,HARD,29.0,True,0 days 03:41:52.203000,22.5,10,29.8,0 days 00:00:20.937000,0 days 00:00:36.791000,0 days 00:00:20.887000,1,78.615,13312.203,1.7510000000002037,True,False,False,False,False,False,29.0,0.0,0.0,20.937,36.791,20.887,0,0,0,0.0,78.9524,0.5658421157903023,-0.5962794047748838,0,0,78.432,78.709,0.277000000000001,0.01300000000000523,0.18299999999999272,-0.36266666666666464,0.0,0.16400000000000148,0.1645442189807936,-0.36266666666666464,0,0,2022,Monaco Grand Prix,0.0,19,0.0
BOT,50,0 days 00:01:18.709000,HARD,30.0,True,0 days 03:43:10.912000,22.6,10,29.5,0 days 00:00:20.979000,0 days 00:00:36.692000,0 days 00:00:21.038000,1,78.709,13390.912,1.6939999999995052,True,False,False,False,False,False,30.0,0.0,0.0,20.979,36.692,21.038,0,0,0,0.0,78.76079999999999,0.45438166776630495,-0.11400107811265692,0,0,78.615,78.117,-0.49799999999999045,0.19599999999999795,0.0940000000000083,-0.06766666666666765,0.0,0.3150000000000013,0.1956540313921477,-0.06766666666666765,0,0,2022,Monaco Grand Prix,0.0,19,0.0
BOT,51,0 days 00:01:18.117000,HARD,31.0,True,0 days 03:44:29.029000,22.6,10,29.5,0 days 00:00:20.845000,0 days 00:00:36.537000,0 days 00:00:20.735000,1,78.117,13469.029,1.4660000000003492,True,False,False,False,False,False,31.0,0.0,0.0,20.845,36.537,20.735,0,0,0,0.0,78.5986,0.17364129693747002,-2.7735337646863423,1,0,78.709,77.993,-0.7160000000000082,0.29000000000000625,-0.5919999999999987,0.09666666666666875,0.0,-0.13800000000000168,0.24966076984580435,0.09666666666666875,0,0,2022,Monaco Grand Prix,0.0,19,0.0
BOT,52,0 days 00:01:17.993000,HARD,32.0,True,0 days 03:45:47.022000,22.5,10,29.2,0 days 00:00:20.778000,0 days 00:00:36.599000,0 days 00:00:20.616000,1,77.993,13547.022,1.2619999999988067,True,False,False,False,False,False,32.0,0.0,0.0,20.778,36.599,20.616,0,0,0,0.0,78.4584,0.2270061673218569,-2.050164563767745,1,1,78.117,77.865,-0.25200000000000955,0.0,-0.12400000000000944,-0.10499999999999925,0.0,-0.11899999999999977,0.24648793073901148,-0.10499999999999925,0,0,2022,Monaco Grand Prix,0.0,19,0.0
BOT,53,0 days 00:01:17.865000,HARD,33.0,True,0 days 03:47:04.887000,22.4,10,29.2,0 days 00:00:20.903000,0 days 00:00:36.342000,0 days 00:00:20.620000,1,77.865,13624.887,1.6199999999989814,True,False,False,False,False,False,33.0,0.0,0.0,20.903,36.342,20.62,0,0,0,0.0,78.3732,0.3101921984869717,-1.638339076478569,1,1,77.993,77.688,-0.3049999999999926,0.0,-0.1280000000000001,-0.2073333333333333,0.0,0.004000000000001336,0.1963091948941756,-0.2073333333333333,0,0,2022,Monaco Grand Prix,0.0,19,0.0
BOT,54,0 days 00:01:17.688000,HARD,34.0,True,0 days 03:48:22.575000,22.4,10,29.2,0 days 00:00:20.844000,0 days 00:00:36.234000,0 days 00:00:20.610000,1,77.688,13702.575,1.4899999999997817,True,False,False,False,False,False,34.0,0.0,0.0,20.844,36.234,20.61,0,0,0,0.0,78.2598,0.37927193410824567,-1.5076253963911872,1,1,77.865,78.061,0.19600000000001216,0.0,-0.1769999999999925,-0.2813333333333361,0.0,-0.006000000000000227,0.19308469644174112,-0.2813333333333361,0,0,2022,Monaco Grand Prix,0.0,19,0.0
BOT,55,0 days 00:01:18.061000,HARD,35.0,True,0 days 03:49:40.636000,22.3,10,29.1,0 days 00:00:20.826000,0 days 00:00:36.429000,0 days 00:00:20.806000,1,78.061,13780.636,1.462999999999738,True,False,False,False,False,False,35.0,0.0,0.0,20.826,36.429,20.806,0,0,0,0.0,78.0744,0.388687277901213,-0.03447501567930343,0,1,77.688,78.037,0.34900000000000375,0.0,0.37300000000000466,-0.14300000000000068,0.0,0.1960000000000015,0.18155908129311304,-0.14300000000000068,0,0,2022,Monaco Grand Prix,0.0,19,0.0
BOT,56,0 days 00:01:18.037000,HARD,36.0,True,0 days 03:50:58.673000,22.4,10,29.1,0 days 00:00:20.730000,0 days 00:00:36.461000,0 days 00:00:20.846000,12,78.037,13858.673,1.7189999999991414,True,False,False,False,False,False,36.0,0.0,0.0,20.73,36.461,20.846,0,0,1,0.0,77.94480000000001,0.17160477849490294,0.537281075787349,0,0,78.061,77.6,-0.46100000000001273,0.37300000000000466,-0.02400000000000091,0.022666666666670682,0.0,0.23600000000000065,0.13311573911449834,0.022666666666670682,0,0,2022,Monaco Grand Prix,0.0,19,0.0
BOT,57,0 days 00:01:17.600000,HARD,37.0,True,0 days 03:52:16.273000,22.5,10,29.1,0 days 00:00:20.668000,0 days 00:00:36.259000,0 days 00:00:20.673000,1,77.6,13936.273,1.941000000000713,True,False,False,False,False,False,37.0,0.0,0.0,20.668,36.259,20.673,0,0,0,0.0,77.9288,0.15440272019070378,-2.129496161686129,1,0,78.037,78.069,0.031999999999996476,0.34900000000000375,-0.4370000000000118,0.05733333333333709,0.0,0.06299999999999883,0.1491482483973548,0.05733333333333709,0,0,2022,Monaco Grand Prix,0.0,19,0.0
BOT,58,0 days 00:01:18.069000,HARD,38.0,True,0 days 03:53:34.342000,22.4,10,29.1,0 days 00:00:20.663000,0 days 00:00:36.619000,0 days 00:00:20.787000,1,78.069,14014.342,1.672999999998865,True,False,False,False,False,False,38.0,0.0,0.0,20.663,36.619,20.787,0,0,0,0.0,77.8502,0.2052186638741894,1.066179829209581,0,1,77.6,78.196,0.5960000000000036,0.0,0.4690000000000083,-0.029333333333336025,0.0,0.11400000000000077,0.11126904331393811,-0.029333333333336025,0,0,2022,Monaco Grand Prix,0.0,19,0.0
BOT,59,0 days 00:01:18.196000,HARD,39.0,True,0 days 03:54:52.538000,22.4,10,29.3,0 days 00:00:20.873000,0 days 00:00:36.671000,0 days 00:00:20.652000,12,78.196,14092.538,1.3069999999988795,True,False,False,False,False,False,39.0,0.0,0.0,20.873,36.671,20.652,0,0,1,0.0,77.891,0.22791994208997793,1.3381891781965491,0,0,78.069,77.749,-0.3200000000000074,0.4690000000000083,0.12699999999999534,0.0026666666666651886,0.0,-0.020999999999997243,0.09796836224005732,0.0026666666666651886,0,0,2022,Monaco Grand Prix,0.0,19,0.0
BOT,60,0 days 00:01:17.749000,HARD,40.0,True,0 days 03:56:10.287000,22.3,10,29.1,0 days 00:00:20.593000,0 days 00:00:36.452000,0 days 00:00:20.704000,1,77.749,14170.287,1.6280000000006112,True,False,False,False,False,False,40.0,0.0,0.0,20.593,36.452,20.704,0,0,0,0.0,77.99260000000001,0.22803135749776976,-1.0682741298086489,0,0,78.196,77.891,-0.3049999999999926,0.5960000000000036,-0.44700000000000273,0.05299999999999727,0.0,0.0519999999999996,0.10291890011071285,0.05299999999999727,0,0,2022,Monaco Grand Prix,0.0,19,0.0
BOT,61,0 days 00:01:17.891000,HARD,41.0,True,0 days 03:57:28.178000,22.3,10,29.1,0 days 00:00:20.636000,0 days 00:00:36.448000,0 days 00:00:20.807000,1,77.891,14248.178,1.381999999999607,True,False,False,False,False,False,41.0,0.0,0.0,20.636,36.448,20.807,0,0,0,0.0,77.93019999999999,0.24656986839898198,-0.15898130722343176,0,0,77.749,78.428,0.679000000000002,0.1490000000000009,0.14200000000001012,0.04966666666666697,0.0,0.15499999999999758,0.0953661365475129,0.04966666666666697,0,0,2022,Monaco Grand Prix,0.0,19,0.0
BOT,62,0 days 00:01:18.428000,HARD,42.0,True,0 days 03:58:46.606000,22.2,10,28.9,0 days 00:00:21.017000,0 days 00:00:36.648000,0 days 00:00:20.763000,1,78.428,14326.606,1.3780000000006112,True,False,False,False,False,False,42.0,0.0,0.0,21.017,36.648,20.763,0,0,0,0.0,77.901,0.2392979314626394,2.202275618426227,0,0,77.891,78.411,0.519999999999996,0.291000000000011,0.5369999999999919,-0.059333333333332426,0.0,0.11100000000000065,0.06667308302455152,-0.059333333333332426,0,0,2022,Monaco Grand Prix,0.0,19,0.0
BOT,63,0 days 00:01:18.411000,HARD,43.0,True,0 days 04:00:05.017000,22.3,10,29.5,0 days 00:00:20.715000,0 days 00:00:36.805000,0 days 00:00:20.891000,1,78.411,14405.017,1.0360000000000582,True,False,False,False,False,False,43.0,0.0,0.0,20.715,36.805,20.891,0,0,0,0.0,78.0666,0.2641331103861402,1.303888026368689,0,0,78.428,78.275,-0.1529999999999916,0.679000000000002,-0.016999999999995907,0.0773333333333331,0.0,0.1869999999999976,0.06837909037124391,0.0773333333333331,0,0,2022,Monaco Grand Prix,0.0,19,0.0
GAS,4,0 days 00:01:42.417000,INTERMEDIATE,3.0,True,0 days 02:13:04.343000,21.5,18,28.5,0 days 00:00:27.279000,0 days 00:00:47.562000,0 days 00:00:27.576000,1,102.417,7984.343,9.226000000000568,False,True,False,False,False,False,3.0,0.0,0.0,27.279,47.562,27.576,0,0,0,0.0,78.1508,0.31181276433500676,77.82298473813847,0,0,102.417,99.431,-2.986000000000004,24.668000000000006,0.0,0.1280000000000001,0.0,6.812999999999999,0.05913797426357133,0.0,0,0,2022,Monaco Grand Prix,0.0,19,0.0
GAS,5,0 days 00:01:39.431000,INTERMEDIATE,4.0,True,0 days 02:14:43.774000,21.5,17,28.4,0 days 00:00:26.733000,0 days 00:00:45.926000,0 days 00:00:26.772000,12,99.431,8083.774,11.75799999999981,False,True,False,False,False,False,4.0,0.0,0.0,26.733,45.926,26.772,0,0,1,0.0,,,0.0,0,0,102.417,98.346,-4.070999999999998,0.0,-2.986000000000004,0.0,0.0,0.0,0.0,0.0,0,0,2022,Monaco Grand Prix,0.0,19,0.0
GAS,6,0 days 00:01:38.346000,INTERMEDIATE,5.0,True,0 days 02:16:22.120000,21.6,15,28.3,0 days 00:00:26.215000,0 days 00:00:45.757000,0 days 00:00:26.374000,1,98.346,8182.12,4.5600000000004,False,True,False,False,False,False,5.0,0.0,0.0,26.215,45.757,26.374,0,0,0,0.0,,,0.0,0,0,99.431,97.686,-1.7449999999999903,0.0,-1.0849999999999937,-1.493000000000002,0.0,-0.3979999999999997,0.0,0.0,0,0,2022,Monaco Grand Prix,0.0,19,0.0
GAS,7,0 days 00:01:37.686000,INTERMEDIATE,6.0,True,0 days 02:17:59.806000,21.8,15,28.2,0 days 00:00:25.904000,0 days 00:00:45.520000,0 days 00:00:26.262000,1,97.686,8279.806,8.046999999998661,False,True,False,False,False,False,6.0,0.0,0.0,25.904,45.52,26.262,0,0,0,0.0,100.06466666666667,2.108177016603053,-1.1283049990268146,0,0,98.346,98.733,0.38700000000000045,0.0,-0.6599999999999966,-1.3569999999999993,0.0,-0.11199999999999832,4.053268105286564,-2.035499999999999,0,0,2022,Monaco Grand Prix,0.0,19,0.0
GAS,8,0 days 00:01:38.733000,INTERMEDIATE,7.0,True,0 days 02:19:38.539000,21.6,15,28.1,0 days 00:00:25.945000,0 days 00:00:45.886000,0 days 00:00:26.902000,1,98.733,8378.539,7.552999999999884,False,True,False,False,False,False,7.0,0.0,0.0,25.945,45.886,26.902,0,0,0,0.0,99.47,2.09223660229908,-0.3522546155583614,0,0,97.686,98.489,0.8029999999999973,0.0,1.046999999999997,-1.5769999999999982,0.0,0.6400000000000006,3.4955192628086973,-1.5769999999999982,0,0,2022,Monaco Grand Prix,0.0,19,0.0
GAS,9,0 days 00:01:38.489000,INTERMEDIATE,8.0,True,0 days 02:21:17.028000,21.7,15,28.2,0 days 00:00:25.733000,0 days 00:00:46.118000,0 days 00:00:26.638000,1,98.489,8477.028,6.763999999999214,False,True,False,False,False,False,8.0,0.0,0.0,25.733,46.118,26.638,0,0,0,0.0,99.3226,1.8416634600273736,-0.4526342722723074,0,0,98.733,99.615,0.8819999999999908,1.046999999999997,-0.24399999999999977,-0.23266666666666444,0.0,0.3760000000000012,3.055996858637128,-0.23266666666666444,0,0,2022,Monaco Grand Prix,0.0,19,0.0
GAS,10,0 days 00:01:39.615000,INTERMEDIATE,9.0,True,0 days 02:22:56.643000,21.9,15,27.9,0 days 00:00:26.463000,0 days 00:00:46.251000,0 days 00:00:26.901000,12,99.615,8576.643,3.9729999999999563,False,True,False,False,False,False,9.0,0.0,0.0,26.463,46.251,26.901,0,0,1,0.0,98.537,0.63258161528769,1.7041279321874194,0,0,98.489,98.408,-0.08100000000000307,0.8029999999999973,1.1259999999999906,0.04766666666666689,0.0,0.6389999999999993,0.4094865077142355,0.04766666666666689,0,0,2022,Monaco Grand Prix,0.0,19,0.0
GAS,11,0 days 00:01:38.408000,INTERMEDIATE,10.0,True,0 days 02:24:35.051000,21.9,14,27.3,0 days 00:00:25.995000,0 days 00:00:45.457000,0 days 00:00:26.956000,12,98.408,8675.051,2.1930000000011205,False,True,False,False,False,False,10.0,0.0,0.0,25.995,45.457,26.956,0,0,1,0.0,98.5738,0.6994131111152994,-0.23705589352709747,0,0,99.615,98.79,-0.8249999999999886,1.9289999999999878,-1.2069999999999936,0.6429999999999959,0.0,0.31799999999999784,0.46584332130019884,0.6429999999999959,0,0,2022,Monaco Grand Prix,0.0,19,0.0
GAS,12,0 days 00:01:38.790000,INTERMEDIATE,11.0,True,0 days 02:26:13.841000,22.0,13,27.1,0 days 00:00:25.776000,0 days 00:00:44.593000,0 days 00:00:28.421000,1,98.79,8773.841,0.6039999999993597,False,True,False,False,False,False,11.0,0.0,0.0,25.776,44.593,28.421,0,0,0,0.0,98.58619999999999,0.694899776946275,0.29327970271570797,0,0,98.408,96.803,-1.605000000000004,0.7219999999999942,0.382000000000005,-0.10833333333333428,0.0,1.7829999999999977,0.30834266652541026,-0.10833333333333428,0,1,2022,Monaco Grand Prix,0.0,19,0.0
GAS,13,0 days 00:01:36.803000,INTERMEDIATE,12.0,True,0 days 02:27:50.644000,21.9,12,27.0,0 days 00:00:25.729000,0 days 00:00:45.198000,0 days 00:00:25.876000,1,96.803,8870.644,2.6669999999994616,False,True,False,False,False,False,12.0,0.0,0.0,25.729,45.198,25.876,0,0,0,0.0,98.807,0.4793104421979471,-4.181006344886571,1,0,98.79,91.251,-7.5390000000000015,0.382000000000005,-1.987000000000009,0.10033333333333398,0.0,-1.0249999999999986,0.5953996137049468,0.10033333333333398,0,0,2022,Monaco Grand Prix,0.0,19,0.0
GAS,14,0 days 00:01:31.251000,INTERMEDIATE,13.0,True,0 days 02:29:21.895000,21.8,12,26.4,0 days 00:00:24.106000,0 days 00:00:41.676000,0 days 00:00:25.469000,1,91.251,8961.895,9.252999999998792,False,True,False,False,False,False,13.0,0.0,0.0,24.106,41.676,25.469,0,0,0,0.0,98.421,1.0228042334679568,-7.010139150176513,1,1,96.803,92.928,-3.875,0.0,-5.5519999999999925,-0.9373333333333326,0.0,-0.40700000000000003,1.0007595615331377,-0.9373333333333326,0,0,2022,Monaco Grand Prix,0.0,19,0.0
GAS,15,0 days 00:01:32.928000,INTERMEDIATE,14.0,True,0 days 02:30:54.823000,21.9,12,27.0,0 days 00:00:24.354000,0 days 00:00:42.522000,0 days 00:00:26.052000,1,92.928,9054.823,12.876000000000204,False,True,False,False,False,False,14.0,0.0,0.0,24.354,42.522,26.052,0,0,0,0.0,96.9734,3.358238422149306,-1.2046196521719577,0,1,91.251,95.031,3.780000000000001,0.0,1.6769999999999925,-2.3856666666666655,0.0,0.5829999999999984,1.0680162920105656,-2.3856666666666655,0,0,2022,Monaco Grand Prix,0.0,19,0.0
GAS,16,0 days 00:01:35.031000,INTERMEDIATE,15.0,True,0 days 02:32:29.854000,21.9,12,26.9,0 days 00:00:25.831000,0 days 00:00:43.367000,0 days 00:00:25.833000,1,95.031,9149.854,13.266999999999825,False,True,False,False,False,False,15.0,0.0,0.0,25.831,43.367,25.833,0,0,0,0.0,95.636,3.374725099915512,-0.17927386145174795,0,0,92.928,95.185,2.257000000000005,1.6769999999999925,2.1030000000000086,-1.954000000000003,0.0,0.3639999999999972,1.0633526226045609,-1.954000000000003,0,0,2022,Monaco Grand Prix,0.0,19,0.0
GAS,17,0 days 00:01:35.185000,INTERMEDIATE,16.0,True,0 days 02:34:05.039000,22.0,12,26.8,0 days 00:00:25.446000,0 days 00:00:43.498000,0 days 00:00:26.241000,12,95.185,9245.039,13.920999999998457,False,True,False,False,False,False,16.0,0.0,0.0,25.446,43.498,26.241,0,0,1,0.0,94.9606,2.998178330253173,0.07484544789604092,0,0,95.031,93.628,-1.4030000000000058,3.780000000000001,0.15399999999999636,-0.5906666666666638,0.0,0.7719999999999985,1.0642822933789688,-0.5906666666666638,0,0,2022,Monaco Grand Prix,0.0,19,0.0
GAS,18,0 days 00:01:33.628000,INTERMEDIATE,17.0,True,0 days 02:35:38.667000,22.1,12,27.1,0 days 00:00:24.920000,0 days 00:00:42.821000,0 days 00:00:25.887000,1,93.628,9338.667,15.506000000001222,False,True,False,False,False,False,17.0,0.0,0.0,24.92,42.821,25.887,0,0,0,0.0,94.2396,2.1646673647467507,-0.2825376360176004,0,0,95.185,93.413,-1.7720000000000056,3.9339999999999975,-1.5570000000000022,1.3113333333333326,0.0,0.054000000000002046,0.7530221112291446,1.3113333333333326,0,0,2022,Monaco Grand Prix,0.0,19,0.0
GAS,19,0 days 00:01:33.413000,INTERMEDIATE,18.0,True,0 days 02:37:12.080000,22.0,11,27.1,0 days 00:00:24.958000,0 days 00:00:43.057000,0 days 00:00:25.398000,1,93.413,9432.08,3.7340000000003783,False,True,False,False,False,False,18.0,0.0,0.0,24.958,43.057,25.398,0,0,0,0.0,93.6046,1.622501864405585,-0.11808923256319474,0,0,93.628,92.164,-1.4639999999999986,2.3769999999999953,-0.2150000000000034,0.23333333333333428,0.0,-0.4349999999999987,0.46468882061009353,0.23333333333333428,0,0,2022,Monaco Grand Prix,0.0,19,0.0
GAS,20,0 days 00:01:32.164000,INTERMEDIATE,19.0,True,0 days 02:38:44.244000,22.1,11,27.6,0 days 00:00:24.300000,0 days 00:00:42.383000,0 days 00:00:25.481000,12,92.164,9524.244,6.878999999998996,False,True,False,False,False,False,19.0,0.0,0.0,24.3,42.383,25.481,0,0,1,0.0,94.037,1.011493697459175,-1.8517169258739754,1,0,93.413,92.326,-1.0870000000000033,0.48499999999999943,-1.2489999999999952,-0.5393333333333364,0.0,0.08300000000000196,0.47498978936393904,-0.5393333333333364,0,0,2022,Monaco Grand Prix,0.0,19,0.0
GAS,21,0 days 00:01:32.326000,INTERMEDIATE,20.0,True,0 days 02:40:16.570000,22.2,10,27.4,0 days 00:00:24.243000,0 days 00:00:42.667000,0 days 00:00:25.416000,1,92.326,9616.57,1.7780000000002474,False,True,False,False,False,False,20.0,0.0,0.0,24.243,42.667,25.416,0,0,0,0.0,93.8842,1.2503986164418217,-1.2461626072764558,0,1,92.164,84.537,-7.626999999999995,0.0,0.16199999999999193,-1.0070000000000003,0.0,0.018000000000000682,0.4435823486118437,-1.0070000000000003,0,0,2022,Monaco Grand Prix,0.0,19,0.0
GAS,24,0 days 00:01:24.537000,HARD,,True,0 days 02:45:07.408000,22.2,12,27.8,0 days 00:00:23.107000,0 days 00:00:38.502000,0 days 00:00:22.928000,1,84.537,9907.408,1.934000000001106,True,False,False,False,False,False,0.0,0.0,0.0,23.107,38.502,22.928,0,0,0,0.0,93.3432,1.2148476036110811,-7.248810446531686,1,0,92.326,82.886,-9.439999999999998,0.16199999999999193,-7.788999999999987,-0.4340000000000022,0.0,-2.469999999999999,0.4321241719691223,-0.4340000000000022,0,0,2022,Monaco Grand Prix,0.0,19,0.0
GAS,25,0 days 00:01:22.886000,HARD,,True,0 days 02:46:30.294000,22.3,12,27.9,0 days 00:00:22.465000,0 days 00:00:37.981000,0 days 00:00:22.440000,1,82.886,9990.294,3.543999999999869,True,False,False,False,False,False,0.0,0.0,0.0,22.465,37.981,22.44,0,0,0,0.0,91.2136,3.7876235689412687,-2.1986345391571653,1,1,84.537,112.018,27.480999999999995,0.0,-1.6510000000000105,-2.9586666666666637,0.0,-0.48799999999999955,1.0940468454321324,-2.9586666666666637,0,0,2022,Monaco Grand Prix,0.0,19,0.0
GAS,32,0 days 00:01:52.018000,HARD,10.0,True,0 days 03:19:05.696000,21.9,12,28.3,0 days 00:00:33.024000,0 days 00:00:53.925000,0 days 00:00:25.069000,1,112.018,11945.696,0.7669999999998254,True,False,False,False,False,False,10.0,0.0,0.0,33.024,53.925,25.069,0,0,0,0.0,89.06519999999999,4.945347581313089,4.641291561938217,0,1,82.886,85.049,2.163000000000011,0.0,29.132000000000005,-3.0926666666666685,0.0,2.628999999999998,1.0449915310661613,-3.0926666666666685,0,1,2022,Monaco Grand Prix,0.0,19,0.0
GAS,33,0 days 00:01:25.049000,HARD,11.0,True,0 days 03:20:30.745000,21.9,12,28.5,0 days 00:00:23.056000,0 days 00:00:39.117000,0 days 00:00:22.876000,1,85.049,12030.745,0.5529999999998836,True,False,False,False,False,False,11.0,0.0,0.0,23.056,39.117,22.876,0,0,0,0.0,92.78620000000001,11.581497191641489,-0.6680656112047443,0,0,112.018,82.744,-29.274,29.132000000000005,-26.968999999999994,6.564000000000003,0.0,0.43599999999999994,1.8198558459394514,6.564000000000003,0,1,2022,Monaco Grand Prix,0.0,19,0.0
GAS,34,0 days 00:01:22.744000,HARD,12.0,True,0 days 03:21:53.489000,22.0,12,28.8,0 days 00:00:22.239000,0 days 00:00:38.138000,0 days 00:00:22.367000,1,82.744,12113.489,0.4650000000001455,True,False,False,False,False,False,12.0,0.0,0.0,22.239,38.138,22.367,0,0,0,0.0,91.36319999999999,12.102445980048804,-0.7121866120459424,0,0,85.049,82.421,-2.628,2.163000000000011,-2.305000000000007,0.17066666666666683,0.0,-0.0730000000000004,1.8328925227628585,0.17066666666666683,0,1,2022,Monaco Grand Prix,0.0,19,0.0
GAS,35,0 days 00:01:22.421000,HARD,13.0,True,0 days 03:23:15.910000,22.1,12,28.8,0 days 00:00:22.124000,0 days 00:00:38.038000,0 days 00:00:22.259000,1,82.421,12195.91,0.3829999999998108,True,False,False,False,False,False,13.0,0.0,0.0,22.124,38.038,22.259,0,0,0,0.0,89.44680000000001,12.657778979742034,-0.5550578826857656,0,0,82.744,82.393,-0.3509999999999991,0.0,-0.3229999999999933,-0.04733333333333197,0.0,-0.10800000000000054,1.8334311276947373,-0.04733333333333197,0,1,2022,Monaco Grand Prix,0.0,19,0.0
GAS,36,0 days 00:01:22.393000,HARD,14.0,True,0 days 03:24:38.303000,22.3,12,28.9,0 days 00:00:21.923000,0 days 00:00:38.363000,0 days 00:00:22.107000,1,82.393,12278.303,0.21900000000096043,True,False,False,False,False,False,14.0,0.0,0.0,21.923,38.363,22.107,0,0,0,0.0,89.0236,12.896101282945914,-0.5141553911931858,0,0,82.421,81.62,-0.8010000000000019,0.0,-0.028000000000005798,-9.865666666666664,0.0,-0.15200000000000102,1.2458642381896987,-9.865666666666664,0,1,2022,Monaco Grand Prix,0.0,19,0.0
GAS,37,0 days 00:01:21.620000,HARD,15.0,True,0 days 03:25:59.923000,22.3,12,29.1,0 days 00:00:21.856000,0 days 00:00:37.891000,0 days 00:00:21.873000,1,81.62,12359.923,0.4110000000000582,True,False,False,False,False,False,15.0,0.0,0.0,21.856,37.891,21.873,0,0,0,0.0,88.925,12.9565024794502,-0.5638095629268907,0,0,82.393,81.656,-0.7369999999999948,0.0,-0.7729999999999961,-0.8853333333333353,0.0,-0.2339999999999982,1.1883885307423658,-0.8853333333333353,0,1,2022,Monaco Grand Prix,0.0,19,0.0
GAS,38,0 days 00:01:21.656000,HARD,16.0,True,0 days 03:27:21.579000,22.3,12,29.1,0 days 00:00:21.799000,0 days 00:00:37.909000,0 days 00:00:21.948000,1,81.656,12441.579,0.4279999999998836,True,False,False,False,False,False,16.0,0.0,0.0,21.799,37.909,21.948,0,0,0,0.0,82.8454,1.2992806856097032,-0.9154296012965448,0,0,81.62,80.527,-1.0930000000000035,0.0,0.036000000000001364,-0.3746666666666651,0.0,0.07499999999999929,0.265290783858014,-0.3746666666666651,0,1,2022,Monaco Grand Prix,0.0,19,0.0
GAS,39,0 days 00:01:20.527000,HARD,17.0,True,0 days 03:28:42.106000,22.3,12,28.8,0 days 00:00:21.440000,0 days 00:00:37.608000,0 days 00:00:21.479000,1,80.527,12522.106,0.5410000000010768,True,False,False,False,False,False,17.0,0.0,0.0,21.44,37.608,21.479,0,0,0,0.0,82.16680000000001,0.502207825504873,-3.2651820953835315,1,0,81.656,80.13,-1.5260000000000105,0.036000000000001364,-1.1290000000000049,-0.25500000000000017,0.0,-0.3940000000000019,0.11408900034621818,-0.25500000000000017,0,1,2022,Monaco Grand Prix,0.0,19,0.0
GAS,40,0 days 00:01:20.130000,HARD,18.0,True,0 days 03:30:02.236000,22.3,12,28.7,0 days 00:00:21.478000,0 days 00:00:37.277000,0 days 00:00:21.375000,1,80.13,12602.236,0.5090000000000146,True,False,False,False,False,False,18.0,0.0,0.0,21.478,37.277,21.375,0,0,0,0.0,81.7234,0.7716244552878552,-2.0649941679279507,1,1,80.527,80.09,-0.4369999999999976,0.0,-0.39700000000000557,-0.6219999999999999,0.0,-0.1039999999999992,0.17189473523060414,-0.6219999999999999,0,1,2022,Monaco Grand Prix,0.0,19,0.0
GAS,41,0 days 00:01:20.090000,HARD,19.0,True,0 days 03:31:22.326000,22.4,12,28.9,0 days 00:00:21.454000,0 days 00:00:37.304000,0 days 00:00:21.332000,1,80.09,12682.326,0.5980000000017753,True,False,False,False,False,False,19.0,0.0,0.0,21.454,37.304,21.332,0,0,0,0.0,81.26520000000001,0.9198041639382996,-1.2776632745041978,0,1,80.13,79.773,-0.3569999999999993,0.0,-0.03999999999999204,-0.4966666666666697,0.0,-0.04299999999999926,0.17222136917351324,-0.4966666666666697,0,1,2022,Monaco Grand Prix,0.0,19,0.0
GAS,42,0 days 00:01:19.773000,HARD,20.0,True,0 days 03:32:42.099000,22.5,12,29.4,0 days 00:00:21.284000,0 days 00:00:37.204000,0 days 00:00:21.285000,1,79.773,12762.099,0.5409999999992579,True,False,False,False,False,False,20.0,0.0,0.0,21.284,37.204,21.285,0,0,0,0.0,80.8046,0.7798331872895585,-1.322847009865657,0,0,80.09,79.343,-0.7469999999999999,0.0,-0.3170000000000073,-0.5220000000000008,0.0,-0.0470000000000006,0.18047298966881334,-0.5220000000000008,0,1,2022,Monaco Grand Prix,0.0,19,0.0
GAS,43,0 days 00:01:19.343000,HARD,21.0,True,0 days 03:34:01.442000,22.6,12,29.4,0 days 00:00:21.290000,0 days 00:00:36.832000,0 days 00:00:21.221000,1,79.343,12841.442,0.4900000000016007,True,False,False,False,False,False,21.0,0.0,0.0,21.29,36.832,21.221,0,0,0,0.0,80.43520000000001,0.733075507705825,-1.4898874515915392,0,0,79.773,79.202,-0.570999999999998,0.0,-0.4299999999999926,-0.25133333333333496,0.0,-0.06400000000000006,0.17542890297781533,-0.25133333333333496,0,1,2022,Monaco Grand Prix,0.0,19,0.0
GAS,44,0 days 00:01:19.202000,HARD,22.0,True,0 days 03:35:20.644000,22.4,12,29.5,0 days 00:00:21.055000,0 days 00:00:37.051000,0 days 00:00:21.096000,1,79.202,12920.644,0.875,True,False,False,False,False,False,22.0,0.0,0.0,21.055,37.051,21.096,0,0,0,0.0,79.97259999999999,0.44219712798489846,-1.7426617027379345,1,0,79.343,79.925,0.5819999999999936,0.0,-0.14100000000000534,-0.26233333333333064,0.0,-0.125,0.14931945620045553,-0.26233333333333064,0,1,2022,Monaco Grand Prix,0.0,19,0.0
GAS,45,0 days 00:01:19.925000,HARD,23.0,True,0 days 03:36:40.569000,22.3,12,28.7,0 days 00:00:21.228000,0 days 00:00:37.392000,0 days 00:00:21.305000,1,79.925,13000.569,0.6040000000011787,True,False,False,False,False,False,23.0,0.0,0.0,21.228,37.392,21.305,0,0,0,0.0,79.7076,0.42352485168885234,0.5133110822968031,0,1,79.202,79.4,0.1980000000000075,0.0,0.722999999999999,-0.29600000000000176,0.0,0.20899999999999963,0.03625327571405859,-0.29600000000000176,0,1,2022,Monaco Grand Prix,0.0,19,0.0
GAS,46,0 days 00:01:19.400000,HARD,24.0,True,0 days 03:37:59.969000,22.4,12,29.0,0 days 00:00:21.347000,0 days 00:00:36.829000,0 days 00:00:21.224000,1,79.4,13079.969,0.6590000000014697,True,False,False,False,False,False,24.0,0.0,0.0,21.347,36.829,21.224,0,0,0,0.0,79.66659999999999,0.3801082740457782,-0.7013791022288423,0,0,79.925,79.018,-0.9069999999999965,0.722999999999999,-0.5249999999999915,0.050666666666667005,0.0,0.1280000000000001,0.12891857895586503,0.050666666666667005,0,1,2022,Monaco Grand Prix,0.0,19,0.0
GAS,47,0 days 00:01:19.018000,HARD,25.0,True,0 days 03:39:18.987000,22.5,12,29.0,0 days 00:00:20.983000,0 days 00:00:36.817000,0 days 00:00:21.218000,1,79.018,13158.987,1.353000000000975,True,False,False,False,False,False,25.0,0.0,0.0,20.983,36.817,21.218,0,0,0,0.0,79.52860000000001,0.3059890520885454,-1.6686871524156894,1,0,79.4,78.022,-1.3780000000000001,0.1980000000000075,-0.382000000000005,0.01900000000000072,0.0,0.12199999999999989,0.14138139905942254,0.01900000000000072,0,0,2022,Monaco Grand Prix,0.0,19,0.0
GAS,48,0 days 00:01:18.022000,HARD,26.0,True,0 days 03:40:37.009000,22.6,12,29.7,0 days 00:00:20.843000,0 days 00:00:36.409000,0 days 00:00:20.770000,1,78.022,13237.009,2.3320000000003347,True,False,False,False,False,False,26.0,0.0,0.0,20.843,36.409,20.77,0,0,0,0.0,79.3776,0.3396664540369496,-3.9909740390569466,1,1,79.018,78.315,-0.703000000000003,0.0,-0.9959999999999951,-0.0613333333333325,0.0,-0.4480000000000004,0.14150088338946762,-0.0613333333333325,0,0,2022,Monaco Grand Prix,0.0,19,0.0
GAS,49,0 days 00:01:18.315000,HARD,27.0,True,0 days 03:41:55.324000,22.5,12,29.8,0 days 00:00:20.768000,0 days 00:00:36.561000,0 days 00:00:20.986000,1,78.315,13315.324,3.100000000000364,True,False,False,False,False,False,27.0,0.0,0.0,20.768,36.561,20.986,0,0,0,0.0,79.1134,0.6980220626871415,-1.1438033877130465,0,1,78.022,78.564,0.5419999999999874,0.0,0.29299999999999216,-0.6343333333333305,0.0,0.21600000000000108,0.26864418847240984,-0.6343333333333305,0,0,2022,Monaco Grand Prix,0.0,19,0.0
GAS,50,0 days 00:01:18.564000,HARD,28.0,True,0 days 03:43:13.888000,22.6,12,29.5,0 days 00:00:20.800000,0 days 00:00:36.714000,0 days 00:00:21.050000,1,78.564,13393.888,2.7439999999987776,True,False,False,False,False,False,28.0,0.0,0.0,20.8,36.714,21.05,0,0,0,0.0,78.93599999999999,0.7780067480414279,-0.4781449530309104,0,0,78.315,78.073,-0.24200000000000443,0.29299999999999216,0.24899999999999523,-0.3616666666666693,0.0,0.28000000000000114,0.27928623310145434,-0.3616666666666693,0,0,2022,Monaco Grand Prix,0.0,19,0.0
GAS,51,0 days 00:01:18.073000,HARD,29.0,True,0 days 03:44:31.961000,22.6,12,29.5,0 days 00:00:20.788000,0 days 00:00:36.362000,0 days 00:00:20.923000,1,78.073,13471.961,2.757999999999811,True,False,False,False,False,False,29.0,0.0,0.0,20.788,36.362,20.923,0,0,0,0.0,78.66380000000001,0.5502219552125994,-1.0737485016782682,0,0,78.564,78.232,-0.33199999999999363,0.5419999999999874,-0.49099999999999966,-0.1513333333333359,0.0,0.1529999999999987,0.2912332398611121,-0.1513333333333359,0,0,2022,Monaco Grand Prix,0.0,19,0.0
GAS,52,0 days 00:01:18.232000,HARD,30.0,True,0 days 03:45:50.193000,22.5,12,29.2,0 days 00:00:20.761000,0 days 00:00:36.732000,0 days 00:00:20.739000,1,78.232,13550.193,3.206000000000131,True,False,False,False,False,False,30.0,0.0,0.0,20.761,36.732,20.739,0,0,0,0.0,78.3984,0.40799669116054255,-0.4078464448490323,0,0,78.073,77.696,-0.37699999999999534,0.05099999999998772,0.15900000000000603,0.016999999999995907,0.0,-0.1839999999999975,0.29291090795666863,0.016999999999995907,0,0,2022,Monaco Grand Prix,0.0,19,0.0
GAS,53,0 days 00:01:17.696000,HARD,31.0,True,0 days 03:47:07.889000,22.4,12,29.2,0 days 00:00:20.587000,0 days 00:00:36.413000,0 days 00:00:20.696000,1,77.696,13627.889,3.4549999999999272,True,False,False,False,False,False,31.0,0.0,0.0,20.587,36.413,20.696,0,0,0,0.0,78.2412,0.21567962351120987,-2.527823403640501,1,0,78.232,78.031,-0.2009999999999934,0.20999999999999375,-0.5360000000000014,-0.027666666666666135,0.0,-0.04299999999999926,0.3094217186947285,-0.027666666666666135,0,0,2022,Monaco Grand Prix,0.0,19,0.0
GAS,54,0 days 00:01:18.031000,HARD,32.0,True,0 days 03:48:25.920000,22.4,12,29.2,0 days 00:00:20.655000,0 days 00:00:36.475000,0 days 00:00:20.901000,1,78.031,13705.92,3.368000000000393,True,False,False,False,False,False,32.0,0.0,0.0,20.655,36.475,20.901,0,0,0,0.0,78.17599999999999,0.3217180442529321,-0.45070521405378183,0,1,77.696,77.514,-0.18200000000000216,0.0,0.33500000000000796,-0.28933333333333167,0.0,0.2049999999999983,0.19271299904261657,-0.28933333333333167,0,0,2022,Monaco Grand Prix,0.0,19,0.0
GAS,55,0 days 00:01:17.514000,HARD,33.0,True,0 days 03:49:43.434000,22.3,12,29.1,0 days 00:00:20.567000,0 days 00:00:36.345000,0 days 00:00:20.602000,1,77.514,13783.434,3.4830000000001746,True,False,False,False,False,False,33.0,0.0,0.0,20.567,36.345,20.602,0,0,0,0.0,78.11919999999999,0.3160628102101325,-1.9148092735036835,1,0,78.031,77.871,-0.1600000000000108,0.33500000000000796,-0.5170000000000101,-0.013999999999995794,0.0,-0.0940000000000012,0.1908892348981455,-0.013999999999995794,0,0,2022,Monaco Grand Prix,0.0,19,0.0
GAS,56,0 days 00:01:17.871000,HARD,34.0,True,0 days 03:51:01.305000,22.4,12,29.1,0 days 00:00:20.686000,0 days 00:00:36.363000,0 days 00:00:20.822000,12,77.871,13861.305,3.253999999998996,True,False,False,False,False,False,34.0,0.0,0.0,20.686,36.363,20.822,0,0,1,0.0,77.9092,0.2947468405223516,-0.129602746317162,0,1,77.514,77.997,0.4830000000000041,0.0,0.3569999999999993,-0.2393333333333345,0.0,0.21999999999999886,0.1656058573843305,-0.2393333333333345,0,0,2022,Monaco Grand Prix,0.0,19,0.0
GAS,57,0 days 00:01:17.997000,HARD,35.0,True,0 days 03:52:19.302000,22.5,12,29.1,0 days 00:00:20.667000,0 days 00:00:36.546000,0 days 00:00:20.784000,1,77.997,13939.302,3.058000000000902,True,False,False,False,False,False,35.0,0.0,0.0,20.667,36.546,20.784,0,0,0,0.0,77.8688,0.2801654868071811,0.457586697994097,0,0,77.871,78.092,0.22100000000000364,0.3569999999999993,0.12600000000000477,0.058333333333332384,0.0,0.1819999999999986,0.18221059244730867,0.058333333333332384,0,0,2022,Monaco Grand Prix,0.0,19,0.0
GAS,58,0 days 00:01:18.092000,HARD,36.0,True,0 days 03:53:37.394000,22.4,12,29.5,0 days 00:00:20.614000,0 days 00:00:36.508000,0 days 00:00:20.970000,1,78.092,14017.394,2.782999999999447,True,False,False,False,False,False,36.0,0.0,0.0,20.614,36.508,20.97,0,0,0,0.0,77.8218,0.2164756337279066,1.248177429241868,0,0,77.997,77.966,-0.03100000000000591,0.4830000000000041,0.09499999999999886,-0.011333333333335341,0.0,0.36799999999999855,0.150044993252023,-0.011333333333335341,0,0,2022,Monaco Grand Prix,0.0,19,0.0
GAS,59,0 days 00:01:17.966000,HARD,37.0,True,0 days 03:54:55.360000,22.4,12,29.3,0 days 00:00:20.675000,0 days 00:00:36.539000,0 days 00:00:20.752000,12,77.966,14095.36,2.34900000000016,True,False,False,False,False,False,37.0,0.0,0.0,20.675,36.539,20.752,0,0,1,0.0,77.901,0.23090365955936554,0.28150268438377074,0,0,78.092,77.582,-0.5100000000000051,0.578000000000003,-0.12600000000000477,0.19266666666666765,0.0,-0.03200000000000003,0.16776233188651105,0.19266666666666765,0,0,2022,Monaco Grand Prix,0.0,19,0.0
GAS,60,0 days 00:01:17.582000,HARD,38.0,True,0 days 03:56:12.942000,22.3,12,29.1,0 days 00:00:20.580000,0 days 00:00:36.470000,0 days 00:00:20.532000,1,77.582,14172.942,2.8190000000013242,True,False,False,False,False,False,38.0,0.0,0.0,20.58,36.47,20.532,0,0,0,0.0,77.888,0.22346476231814555,-1.3693434115771734,0,0,77.966,77.344,-0.6219999999999999,0.4519999999999982,-0.38400000000000034,0.03166666666666629,0.0,-0.21999999999999886,0.18964493138494296,0.03166666666666629,0,0,2022,Monaco Grand Prix,0.0,19,0.0
GAS,61,0 days 00:01:17.344000,HARD,39.0,True,0 days 03:57:30.286000,22.3,12,29.1,0 days 00:00:20.548000,0 days 00:00:36.339000,0 days 00:00:20.457000,1,77.344,14250.286,3.7960000000002765,True,False,False,False,False,False,39.0,0.0,0.0,20.548,36.339,20.457,0,0,0,0.0,77.9016,0.1953082179477016,-2.8549745927706867,1,0,77.582,78.122,0.5400000000000063,0.0,-0.23799999999999955,-0.13833333333333542,0.0,-0.07499999999999929,0.23060095403098252,-0.13833333333333542,0,0,2022,Monaco Grand Prix,0.0,19,0.0
GAS,62,0 days 00:01:18.122000,HARD,40.0,True,0 days 03:58:48.408000,22.2,12,28.9,0 days 00:00:20.722000,0 days 00:00:36.526000,0 days 00:00:20.874000,1,78.122,14328.408,3.253000000000611,True,False,False,False,False,False,40.0,0.0,0.0,20.722,36.526,20.874,0,0,0,0.0,77.7962,0.31898934151142605,1.0213507399849313,0,1,77.344,78.478,1.1340000000000003,0.0,0.7780000000000058,-0.24933333333333488,0.0,0.41699999999999804,0.23111209401500218,-0.24933333333333488,0,0,2022,Monaco Grand Prix,0.0,19,0.0
GAS,63,0 days 00:01:18.478000,HARD,41.0,True,0 days 04:00:06.886000,22.3,12,29.5,0 days 00:00:20.913000,0 days 00:00:36.789000,0 days 00:00:20.776000,1,78.478,14406.886,2.9729999999999563,True,False,False,False,False,False,41.0,0.0,0.0,20.913,36.789,20.776,0,0,0,0.0,77.8212,0.34267944204153494,1.9166600601631114,0,0,78.122,78.151,0.028999999999996362,0.7780000000000058,0.35599999999999454,0.05200000000000197,0.0,0.31899999999999906,0.2839054420049025,0.05200000000000197,0,0,2022,Monaco Grand Prix,0.0,19,0.0
HAM,3,0 days 00:01:46.997000,WET,3.0,True,0 days 02:10:50.579000,21.3,8,28.8,0 days 00:00:29.047000,0 days 00:00:49.796000,0 days 00:00:28.154000,1,106.997,7850.579,1.3890000000001237,False,False,False,False,False,True,3.0,0.0,0.0,29.047,49.796,28.154,0,0,0,0.0,77.93539999999999,0.4610756987718098,63.02999719441479,0,0,106.997,103.309,-3.6880000000000024,29.653000000000006,0.0,0.26900000000000074,0.0,7.408000000000001,0.2768645878403359,0.0,0,0,2022,Monaco Grand Prix,0.0,19,0.0
HAM,4,0 days 00:01:43.309000,WET,4.0,True,0 days 02:12:33.888000,21.4,8,28.6,0 days 00:00:27.750000,0 days 00:00:48.178000,0 days 00:00:27.381000,1,103.309,7953.888,2.286000000000058,False,False,False,False,False,True,4.0,0.0,0.0,27.75,48.178,27.381,0,0,0,0.0,,,0.0,0,0,106.997,101.762,-5.234999999999999,0.0,-3.6880000000000024,0.0,0.0,0.0,0.0,0.0,0,0,2022,Monaco Grand Prix,0.0,19,0.0
HAM,5,0 days 00:01:41.762000,WET,5.0,True,0 days 02:14:15.650000,21.6,8,28.5,0 days 00:00:27.032000,0 days 00:00:47.489000,0 days 00:00:27.241000,1,101.762,8055.65,2.305000000000291,False,False,False,False,False,True,5.0,0.0,0.0,27.032,47.489,27.241,0,0,0,0.0,,,0.0,0,0,103.309,101.114,-2.194999999999993,0.0,-1.546999999999997,-1.8440000000000012,0.0,-0.14000000000000057,0.0,0.0,0,0,2022,Monaco Grand Prix,0.0,19,0.0
HAM,6,0 days 00:01:41.114000,WET,6.0,True,0 days 02:15:56.764000,21.6,8,28.3,0 days 00:00:27.014000,0 days 00:00:47.137000,0 days 00:00:26.963000,12,101.114,8156.764,8.344000000000051,False,False,False,False,False,True,6.0,0.0,0.0,27.014,47.137,26.963,0,0,1,0.0,104.02266666666667,2.6894788218785646,-1.0814982601852197,0,0,101.762,100.478,-1.284000000000006,0.0,-0.6479999999999961,-1.7449999999999999,0.0,-0.2779999999999987,4.317992743548018,-2.6174999999999997,0,0,2022,Monaco Grand Prix,0.0,19,0.0
HAM,7,0 days 00:01:40.478000,WET,7.0,True,0 days 02:17:37.242000,21.8,8,28.2,0 days 00:00:27.528000,0 days 00:00:46.467000,0 days 00:00:26.483000,1,100.478,8257.242,9.253999999998996,False,False,False,False,False,True,7.0,0.0,0.0,27.528,46.467,26.483,0,0,0,0.0,103.2955,2.633872244434035,-1.0697177913446718,0,0,101.114,99.745,-1.3689999999999998,0.0,-0.6360000000000099,-1.9609999999999985,0.0,-0.4800000000000004,3.775372961708552,-1.9609999999999985,0,0,2022,Monaco Grand Prix,0.0,19,0.0
HAM,8,0 days 00:01:39.745000,WET,8.0,True,0 days 02:19:16.987000,21.7,8,28.1,0 days 00:00:27.139000,0 days 00:00:46.311000,0 days 00:00:26.295000,1,99.745,8356.987,10.038000000000466,False,False,False,False,False,True,8.0,0.0,0.0,27.139,46.311,26.295,0,0,0,0.0,102.732,2.6058824800823226,-1.1462527657446901,0,0,100.478,97.546,-2.931999999999988,0.0,-0.7329999999999899,-0.9436666666666677,0.0,-0.18799999999999883,3.4179572846950568,-0.9436666666666677,0,0,2022,Monaco Grand Prix,0.0,19,0.0
HAM,9,0 days 00:01:37.546000,WET,9.0,True,0 days 02:20:54.533000,21.7,8,28.2,0 days 00:00:25.786000,0 days 00:00:45.552000,0 days 00:00:26.208000,1,97.546,8454.533,12.272000000000844,False,False,False,False,False,True,9.0,0.0,0.0,25.786,45.552,26.208,0,0,0,0.0,101.2816,1.3579522451102592,-2.7509067520240214,1,0,99.745,97.38,-2.365000000000009,0.0,-2.198999999999998,-0.672333333333332,0.0,-0.0870000000000033,0.17800898853709765,-0.672333333333332,0,0,2022,Monaco Grand Prix,0.0,19,0.0
HAM,10,0 days 00:01:37.380000,WET,10.0,True,0 days 02:22:31.913000,21.9,8,28.3,0 days 00:00:25.732000,0 days 00:00:45.404000,0 days 00:00:26.244000,12,97.38,8551.913,13.764999999999418,False,False,False,False,False,True,10.0,0.0,0.0,25.732,45.404,26.244,0,0,1,0.0,100.129,1.6261964825936583,-1.6904476362017251,1,1,97.546,96.138,-1.4080000000000013,0.0,-0.16600000000001103,-1.1893333333333327,0.0,0.036000000000001364,0.1541194342060739,-1.1893333333333327,0,0,2022,Monaco Grand Prix,0.0,19,0.0
HAM,11,0 days 00:01:36.138000,WET,11.0,True,0 days 02:24:08.051000,22.0,8,27.6,0 days 00:00:25.507000,0 days 00:00:44.441000,0 days 00:00:26.190000,12,96.138,8648.051,14.489999999999782,False,False,False,False,False,True,11.0,0.0,0.0,25.507,44.441,26.19,0,0,1,0.0,99.2526,1.7049917301852235,-1.826753728395878,1,1,97.38,96.562,-0.8179999999999978,0.0,-1.2419999999999902,-1.0326666666666664,0.0,-0.01799999999999713,0.19563435281156666,-1.0326666666666664,0,0,2022,Monaco Grand Prix,0.0,19,0.0
HAM,12,0 days 00:01:36.562000,WET,12.0,True,0 days 02:25:44.613000,22.0,8,27.1,0 days 00:00:25.506000,0 days 00:00:44.560000,0 days 00:00:26.496000,1,96.562,8744.613,13.72400000000016,False,False,False,False,False,True,12.0,0.0,0.0,25.506,44.56,26.496,0,0,0,0.0,98.25739999999999,1.7966493258284975,-0.9436454713933585,0,1,96.138,96.75,0.6119999999999948,0.0,0.4239999999999924,-1.202333333333333,0.0,0.3059999999999974,0.20389899460272184,-1.202333333333333,0,0,2022,Monaco Grand Prix,0.0,19,0.0
HAM,13,0 days 00:01:36.750000,WET,13.0,True,0 days 02:27:21.363000,22.0,8,27.0,0 days 00:00:25.884000,0 days 00:00:44.457000,0 days 00:00:26.409000,1,96.75,8841.363,11.886000000000422,False,False,False,False,False,True,13.0,0.0,0.0,25.884,44.457,26.409,0,0,0,0.0,97.4742,1.395358448571554,-0.5190064250095514,0,0,96.562,94.827,-1.7349999999999994,0.4239999999999924,0.1880000000000024,-0.32800000000000296,0.0,0.21899999999999764,0.18553220744657817,-0.32800000000000296,0,0,2022,Monaco Grand Prix,0.0,19,0.0
HAM,14,0 days 00:01:34.827000,WET,14.0,True,0 days 02:28:56.190000,21.8,8,26.4,0 days 00:00:25.322000,0 days 00:00:43.066000,0 days 00:00:26.439000,1,94.827,8936.19,11.546000000000276,False,False,False,False,False,True,14.0,0.0,0.0,25.322,43.066,26.439,0,0,0,0.0,96.87519999999999,0.5835299478176084,-3.5100169368517005,1,0,96.75,90.246,-6.504000000000005,0.6119999999999948,-1.9230000000000018,-0.2099999999999985,0.0,0.24899999999999878,0.16522620857479034,-0.2099999999999985,0,0,2022,Monaco Grand Prix,0.0,19,0.0
HAM,17,0 days 00:01:30.246000,INTERMEDIATE,,True,0 days 02:33:48.973000,22.0,9,26.8,0 days 00:00:23.832000,0 days 00:00:40.461000,0 days 00:00:25.953000,12,90.246,9228.973,14.477999999999156,False,True,False,False,False,False,0.0,0.0,0.0,23.832,40.461,25.953,0,0,1,0.0,96.3314,0.952442544198876,-6.389256797761584,1,1,94.827,94.549,-0.2779999999999916,0.0,-4.581000000000003,-0.43700000000000233,0.0,-0.4559999999999995,0.14121366789372683,-0.43700000000000233,0,0,2022,Monaco Grand Prix,0.0,19,0.0
HAM,18,0 days 00:01:34.549000,INTERMEDIATE,,True,0 days 02:35:23.522000,22.0,9,27.1,0 days 00:00:26.489000,0 days 00:00:42.316000,0 days 00:00:25.744000,1,94.549,9323.522,14.136999999998807,False,True,False,False,False,False,0.0,0.0,0.0,26.489,42.316,25.744,0,0,0,0.0,94.90459999999999,2.7102733810448094,-0.13120447645133776,0,1,90.246,92.564,2.317999999999998,0.0,4.3030000000000115,-2.105333333333334,0.0,-0.20899999999999963,0.31379053523011113,-2.105333333333334,0,0,2022,Monaco Grand Prix,0.0,19,0.0
HAM,19,0 days 00:01:32.564000,INTERMEDIATE,,True,0 days 02:36:56.086000,22.0,9,27.1,0 days 00:00:25.215000,0 days 00:00:41.862000,0 days 00:00:25.487000,1,92.564,9416.086,14.305000000000291,False,True,False,False,False,False,0.0,0.0,0.0,25.215,41.862,25.487,0,0,0,0.0,94.58680000000001,2.6211886044312145,-0.7717109698174336,0,0,94.549,91.503,-3.0460000000000065,4.3030000000000115,-1.9850000000000136,-0.7336666666666645,0.0,-0.25700000000000145,0.33646649164515563,-0.7336666666666645,0,0,2022,Monaco Grand Prix,0.0,19,0.0
HAM,20,0 days 00:01:31.503000,INTERMEDIATE,,True,0 days 02:38:27.589000,22.0,9,27.5,0 days 00:00:24.427000,0 days 00:00:41.742000,0 days 00:00:25.334000,12,91.503,9507.589,16.655000000000655,False,True,False,False,False,False,0.0,0.0,0.0,24.427,41.742,25.334,0,0,1,0.0,93.7872,2.4736624062309005,-0.9234081393832619,0,0,92.564,91.078,-1.48599999999999,2.317999999999998,-1.0609999999999928,-0.7543333333333351,0.0,-0.1529999999999987,0.3108073358207621,-0.7543333333333351,0,0,2022,Monaco Grand Prix,0.0,19,0.0
HAM,21,0 days 00:01:31.078000,INTERMEDIATE,,True,0 days 02:39:58.667000,22.2,8,27.4,0 days 00:00:24.232000,0 days 00:00:42.073000,0 days 00:00:24.773000,1,91.078,9598.667,17.903000000000247,False,True,False,False,False,False,0.0,0.0,0.0,24.232,42.073,24.773,0,0,0,0.0,92.7378,1.9627281268683154,-0.8456596597758699,0,0,91.503,82.826,-8.677000000000007,1.257000000000005,-0.42499999999999716,0.41900000000000165,0.0,-0.5609999999999999,0.2581766836877418,0.41900000000000165,0,0,2022,Monaco Grand Prix,0.0,19,0.0
HAM,24,0 days 00:01:22.826000,HARD,2.0,True,0 days 02:44:36.278000,22.2,8,27.8,0 days 00:00:22.963000,0 days 00:00:37.845000,0 days 00:00:22.018000,1,82.826,9876.278,10.018000000000029,True,False,False,False,False,False,2.0,0.0,0.0,22.963,37.845,22.018,0,0,0,0.0,91.988,1.657436725790753,-5.527812831363968,1,0,91.078,81.987,-9.091000000000008,0.8320000000000078,-8.25200000000001,-1.1570000000000011,0.0,-2.754999999999999,0.1735632449569916,-1.1570000000000011,0,0,2022,Monaco Grand Prix,0.0,19,0.0
HAM,25,0 days 00:01:21.987000,HARD,3.0,True,0 days 02:45:58.265000,22.3,8,27.9,0 days 00:00:21.814000,0 days 00:00:37.969000,0 days 00:00:22.204000,1,81.987,9958.265,12.861000000000786,True,False,False,False,False,False,3.0,0.0,0.0,21.814,37.969,22.204,0,0,0,0.0,90.50399999999999,4.496798472246668,-1.8940141642026433,1,1,82.826,114.161,31.335000000000008,0.0,-0.8389999999999986,-3.246,0.0,0.18599999999999994,1.111422511918847,-3.246,0,0,2022,Monaco Grand Prix,0.0,19,0.0
HAM,32,0 days 00:01:54.161000,MEDIUM,2.0,True,0 days 03:19:01.116000,21.9,8,28.3,0 days 00:00:33.129000,0 days 00:00:52.368000,0 days 00:00:28.664000,1,114.161,11941.116,1.180000000000291,False,False,True,False,False,False,2.0,0.0,0.0,33.129,52.368,28.664,0,0,0,0.0,87.99159999999999,5.135690829868938,5.095594899872087,0,1,81.987,84.258,2.271000000000001,0.0,32.17400000000001,-3.172000000000002,0.0,6.646000000000001,1.174997872338499,-3.172000000000002,0,0,2022,Monaco Grand Prix,0.0,19,0.0
HAM,33,0 days 00:01:24.258000,MEDIUM,3.0,True,0 days 03:20:25.374000,21.9,8,28.5,0 days 00:00:22.958000,0 days 00:00:38.755000,0 days 00:00:22.545000,1,84.258,12025.374,2.0059999999994034,False,False,True,False,False,False,3.0,0.0,0.0,22.958,38.755,22.545,0,0,0,0.0,92.311,13.00140236666799,-0.6193947216529259,0,0,114.161,82.828,-31.333,32.17400000000001,-29.903000000000006,7.694333333333333,0.0,0.527000000000001,3.530938727873935,7.694333333333333,0,0,2022,Monaco Grand Prix,0.0,19,0.0
HAM,34,0 days 00:01:22.828000,MEDIUM,4.0,True,0 days 03:21:48.202000,22.0,8,28.8,0 days 00:00:22.193000,0 days 00:00:38.606000,0 days 00:00:22.029000,1,82.828,12108.202,1.9899999999997817,False,False,True,False,False,False,4.0,0.0,0.0,22.193,38.606,22.029,0,0,0,0.0,90.862,13.507829155715585,-0.5947661839208674,0,0,84.258,82.929,-1.3289999999999935,2.271000000000001,-1.4299999999999926,0.47733333333333405,0.0,-0.1750000000000007,3.5041838279405377,0.47733333333333405,0,0,2022,Monaco Grand Prix,0.0,19,0.0
HAM,35,0 days 00:01:22.929000,MEDIUM,5.0,True,0 days 03:23:11.131000,22.1,8,28.8,0 days 00:00:22.208000,0 days 00:00:38.691000,0 days 00:00:22.030000,1,82.929,12191.131,1.6970000000001164,False,False,True,False,False,False,5.0,0.0,0.0,22.208,38.691,22.03,0,0,0,0.0,89.212,13.970789115150223,-0.4497240598375779,0,0,82.828,82.305,-0.5229999999999961,0.8410000000000082,0.10099999999999909,0.28033333333333604,0.0,0.0010000000000012221,3.470557692936396,0.28033333333333604,0,0,2022,Monaco Grand Prix,0.0,19,0.0
HAM,36,0 days 00:01:22.305000,MEDIUM,6.0,True,0 days 03:24:33.436000,22.2,8,28.9,0 days 00:00:21.836000,0 days 00:00:38.430000,0 days 00:00:22.039000,1,82.305,12273.436,1.7119999999995343,False,False,True,False,False,False,6.0,0.0,0.0,21.836,38.43,22.039,0,0,0,0.0,89.2326,13.959089916609893,-0.4962787718529459,0,0,82.929,81.74,-1.1890000000000072,0.9420000000000073,-0.6239999999999952,-10.410666666666666,0.0,0.010000000000001563,2.9235005558405494,-10.410666666666666,0,0,2022,Monaco Grand Prix,0.0,19,0.0
HAM,37,0 days 00:01:21.740000,MEDIUM,7.0,True,0 days 03:25:55.176000,22.3,8,29.1,0 days 00:00:21.974000,0 days 00:00:37.944000,0 days 00:00:21.822000,1,81.74,12355.176,1.7120000000013533,False,False,True,False,False,False,7.0,0.0,0.0,21.974,37.944,21.822,0,0,0,0.0,89.2962,13.91849006537706,-0.5428893482344345,0,0,82.305,81.167,-1.1380000000000052,0.0,-0.5650000000000119,-0.6509999999999962,0.0,-0.20700000000000074,2.943321032439377,-0.6509999999999962,0,0,2022,Monaco Grand Prix,0.0,19,0.0
HAM,38,0 days 00:01:21.167000,MEDIUM,8.0,True,0 days 03:27:16.343000,22.3,8,29.1,0 days 00:00:21.736000,0 days 00:00:37.571000,0 days 00:00:21.860000,1,81.167,12436.343,1.6159999999999854,False,False,True,False,False,False,8.0,0.0,0.0,21.736,37.571,21.86,0,0,0,0.0,82.812,0.9368956718864974,-1.7557984836109732,1,0,81.74,80.145,-1.5949999999999989,0.0,-0.5729999999999933,-0.36266666666666936,0.0,0.038000000000000256,0.2942944104124356,-0.36266666666666936,0,0,2022,Monaco Grand Prix,0.0,19,0.0
HAM,39,0 days 00:01:20.145000,MEDIUM,9.0,True,0 days 03:28:36.488000,22.3,8,28.8,0 days 00:00:21.591000,0 days 00:00:37.092000,0 days 00:00:21.462000,1,80.145,12516.488,1.8070000000006985,False,False,True,False,False,False,9.0,0.0,0.0,21.591,37.092,21.462,0,0,0,0.0,82.19380000000001,0.7442020558958611,-2.7530157754451436,1,1,81.167,79.943,-1.2240000000000038,0.0,-1.0220000000000056,-0.5873333333333335,0.0,-0.35999999999999943,0.11493606918632197,-0.5873333333333335,0,0,2022,Monaco Grand Prix,0.0,19,0.0
HAM,40,0 days 00:01:19.943000,MEDIUM,10.0,True,0 days 03:29:56.431000,22.3,8,28.7,0 days 00:00:21.461000,0 days 00:00:37.098000,0 days 00:00:21.384000,1,79.943,12596.431,1.5969999999997526,False,False,True,False,False,False,10.0,0.0,0.0,21.461,37.098,21.384,0,0,0,0.0,81.6572,1.0689972871806552,-1.6035587934193831,1,1,80.145,80.391,0.24600000000000932,0.0,-0.20199999999999818,-0.7200000000000036,0.0,-0.0779999999999994,0.17344249767575118,-0.7200000000000036,0,0,2022,Monaco Grand Prix,0.0,19,0.0
HAM,41,0 days 00:01:20.391000,MEDIUM,11.0,True,0 days 03:31:16.822000,22.4,8,28.9,0 days 00:00:21.319000,0 days 00:00:37.563000,0 days 00:00:21.509000,1,80.391,12676.822,1.220999999999549,False,False,True,False,False,False,11.0,0.0,0.0,21.319,37.563,21.509,0,0,0,0.0,81.06,1.0135072767373503,-0.6600840619059194,0,1,79.943,80.153,0.21000000000000796,0.0,0.4480000000000075,-0.598999999999999,0.0,0.125,0.1649205869502135,-0.598999999999999,0,0,2022,Monaco Grand Prix,0.0,19,0.0
HAM,42,0 days 00:01:20.153000,MEDIUM,12.0,True,0 days 03:32:36.975000,22.5,8,29.4,0 days 00:00:21.288000,0 days 00:00:37.390000,0 days 00:00:21.475000,1,80.153,12756.975,1.006999999999607,False,False,True,False,False,False,12.0,0.0,0.0,21.288,37.39,21.475,0,0,0,0.0,80.6772,0.7539305007754575,-0.6952895518364436,0,0,80.391,79.535,-0.8560000000000088,0.4480000000000075,-0.23799999999999955,-0.25866666666666543,0.0,0.09100000000000108,0.19309142912103272,-0.25866666666666543,0,0,2022,Monaco Grand Prix,0.0,19,0.0
HAM,43,0 days 00:01:19.535000,MEDIUM,13.0,True,0 days 03:33:56.510000,22.6,8,29.4,0 days 00:00:21.101000,0 days 00:00:37.178000,0 days 00:00:21.256000,1,79.535,12836.51,0.9609999999993306,False,False,True,False,False,False,13.0,0.0,0.0,21.101,37.178,21.256,0,0,0,0.0,80.35979999999999,0.478323321613661,-1.7243566490077655,1,0,80.153,79.557,-0.5960000000000036,0.21000000000000796,-0.6180000000000092,0.0026666666666699257,0.0,-0.1280000000000001,0.19638151644185542,0.0026666666666699257,0,1,2022,Monaco Grand Prix,0.0,19,0.0
HAM,44,0 days 00:01:19.557000,MEDIUM,14.0,True,0 days 03:35:16.067000,22.4,8,29.5,0 days 00:00:21.185000,0 days 00:00:37.271000,0 days 00:00:21.101000,1,79.557,12916.067,1.2250000000003638,False,False,True,False,False,False,14.0,0.0,0.0,21.185,37.271,21.101,0,0,0,0.0,80.0334,0.3206287572871743,-1.4858305413113826,0,1,79.535,78.99,-0.5450000000000017,0.0,0.02200000000000557,-0.13600000000000043,0.0,-0.15500000000000114,0.19459830420639024,-0.13600000000000043,0,0,2022,Monaco Grand Prix,0.0,19,0.0
HAM,45,0 days 00:01:18.990000,MEDIUM,15.0,True,0 days 03:36:35.057000,22.3,8,28.7,0 days 00:00:20.946000,0 days 00:00:36.972000,0 days 00:00:21.072000,1,78.99,12995.057,1.5079999999998108,False,False,True,False,False,False,15.0,0.0,0.0,20.946,36.972,21.072,0,0,0,0.0,79.9158,0.37301635352825224,-2.481928717717438,1,0,79.557,78.647,-0.9099999999999966,0.02200000000000557,-0.5670000000000073,-0.2780000000000011,0.0,-0.028999999999999915,0.12864097325503596,-0.2780000000000011,0,0,2022,Monaco Grand Prix,0.0,19,0.0
HAM,46,0 days 00:01:18.647000,MEDIUM,16.0,True,0 days 03:37:53.704000,22.4,8,29.0,0 days 00:00:20.940000,0 days 00:00:36.680000,0 days 00:00:21.027000,1,78.647,13073.704,1.6350000000002183,False,False,True,False,False,False,16.0,0.0,0.0,20.94,36.68,21.027,0,0,0,0.0,79.7252,0.5548172672146313,-1.943342544857915,1,1,78.99,78.534,-0.45599999999998886,0.0,-0.3429999999999893,-0.3876666666666703,0.0,-0.04499999999999815,0.12581017446932852,-0.3876666666666703,0,0,2022,Monaco Grand Prix,0.0,19,0.0
HAM,47,0 days 00:01:18.534000,MEDIUM,17.0,True,0 days 03:39:12.238000,22.5,8,29.0,0 days 00:00:20.752000,0 days 00:00:36.745000,0 days 00:00:21.037000,1,78.534,13152.238,1.5030000000006112,False,False,True,False,False,False,17.0,0.0,0.0,20.752,36.745,21.037,0,0,0,0.0,79.3764,0.5792683316041799,-1.4542483233411394,0,1,78.647,78.713,0.06599999999998829,0.0,-0.11299999999999955,-0.295999999999997,0.0,0.00999999999999801,0.09670160288228381,-0.295999999999997,0,0,2022,Monaco Grand Prix,0.0,19,0.0
HAM,48,0 days 00:01:18.713000,MEDIUM,18.0,True,0 days 03:40:30.951000,22.5,8,29.6,0 days 00:00:20.853000,0 days 00:00:36.854000,0 days 00:00:21.006000,1,78.713,13230.951,1.3540000000011787,False,False,True,False,False,False,18.0,0.0,0.0,20.853,36.854,21.006,0,0,0,0.0,79.05260000000001,0.4807559672010994,-0.7063874879746723,0,0,78.534,78.479,-0.05500000000000682,0.0,0.17899999999998784,-0.3409999999999987,0.0,-0.021000000000000796,0.06944998200145759,-0.3409999999999987,0,0,2022,Monaco Grand Prix,0.0,19,0.0
HAM,49,0 days 00:01:18.479000,MEDIUM,19.0,True,0 days 03:41:49.430000,22.5,8,29.8,0 days 00:00:20.919000,0 days 00:00:36.790000,0 days 00:00:20.770000,1,78.479,13309.43,1.3179999999993015,False,False,True,False,False,False,19.0,0.0,0.0,20.919,36.79,20.77,0,0,0,0.0,78.88820000000001,0.40987400503014726,-0.9983555799541739,0,0,78.713,77.21,-1.5030000000000001,0.17899999999998784,-0.23399999999999466,-0.09233333333333367,0.0,-0.23600000000000065,0.06307138812490783,-0.09233333333333367,0,0,2022,Monaco Grand Prix,0.0,19,0.0
HAM,50,0 days 00:01:17.210000,MEDIUM,20.0,True,0 days 03:43:06.640000,22.6,8,29.5,0 days 00:00:20.425000,0 days 00:00:36.225000,0 days 00:00:20.560000,1,77.21,13386.64,1.6790000000000873,False,False,True,False,False,False,20.0,0.0,0.0,20.425,36.225,20.56,0,0,0,0.0,78.6726,0.19982567402472604,-7.319379790101595,1,0,78.479,77.203,-1.2759999999999962,0.0,-1.2690000000000055,-0.056000000000002124,0.0,-0.21000000000000085,0.09810045871453796,-0.056000000000002124,0,0,2022,Monaco Grand Prix,0.0,19,0.0
HAM,51,0 days 00:01:17.203000,MEDIUM,21.0,True,0 days 03:44:23.843000,22.6,8,29.5,0 days 00:00:20.232000,0 days 00:00:36.196000,0 days 00:00:20.775000,1,77.203,13463.843,2.0679999999993015,False,False,True,False,False,False,21.0,0.0,0.0,20.232,36.196,20.775,0,0,0,0.0,78.31660000000001,0.625399312439197,-1.7806223605470823,1,1,77.21,78.479,1.2690000000000055,0.0,-0.006999999999990791,-0.4413333333333374,0.0,0.21499999999999986,0.11397499725818296,-0.4413333333333374,0,0,2022,Monaco Grand Prix,0.0,19,0.0
HAM,52,0 days 00:01:18.479000,MEDIUM,22.0,True,0 days 03:45:42.322000,22.5,8,29.2,0 days 00:00:20.613000,0 days 00:00:36.993000,0 days 00:00:20.873000,1,78.479,13542.322,1.4050000000006548,False,False,True,False,False,False,22.0,0.0,0.0,20.613,36.993,20.873,0,0,0,0.0,78.0278,0.7547202793084378,0.5978373874005901,0,1,77.203,78.525,1.3220000000000027,0.0,1.2759999999999962,-0.5033333333333303,0.0,0.3130000000000024,0.18360909563527295,-0.5033333333333303,0,0,2022,Monaco Grand Prix,0.0,19,0.0
HAM,53,0 days 00:01:18.525000,MEDIUM,23.0,True,0 days 03:47:00.847000,22.4,8,29.2,0 days 00:00:20.595000,0 days 00:00:36.788000,0 days 00:00:21.142000,1,78.525,13620.847,0.9390000000003056,False,False,True,False,False,False,23.0,0.0,0.0,20.595,36.788,21.142,0,0,0,0.0,78.0168,0.745846633028135,0.6813733246159627,0,0,78.479,78.472,-0.007000000000005002,1.2759999999999962,0.04600000000000648,0.0,0.0,0.5820000000000007,0.2468232160879589,0.0,0,1,2022,Monaco Grand Prix,0.0,19,0.0
HAM,54,0 days 00:01:18.472000,MEDIUM,24.0,True,0 days 03:48:19.319000,22.4,8,29.2,0 days 00:00:20.877000,0 days 00:00:36.732000,0 days 00:00:20.863000,1,78.472,13699.319,0.6180000000003929,False,False,True,False,False,False,24.0,0.0,0.0,20.877,36.732,20.863,0,0,0,0.0,77.97919999999999,0.7056296479027839,0.698383353738981,0,0,78.525,78.416,-0.10900000000000887,1.3220000000000027,-0.05300000000001148,0.4383333333333373,0.0,0.08800000000000097,0.3516158415088877,0.4383333333333373,0,1,2022,Monaco Grand Prix,0.0,19,0.0
HAM,55,0 days 00:01:18.416000,MEDIUM,25.0,True,0 days 03:49:37.735000,22.3,8,29.1,0 days 00:00:20.575000,0 days 00:00:36.926000,0 days 00:00:20.915000,1,78.416,13777.735,0.44099999999889405,False,False,True,False,False,False,25.0,0.0,0.0,20.575,36.926,20.915,0,0,0,0.0,77.9778,0.704395982384485,0.6220932699198862,0,0,78.472,78.099,-0.37299999999999045,1.2689999999999912,-0.055999999999997385,0.4229999999999971,0.0,0.0519999999999996,0.2913473871514947,0.4229999999999971,0,1,2022,Monaco Grand Prix,0.0,19,0.0
HAM,56,0 days 00:01:18.099000,MEDIUM,26.0,True,0 days 03:50:55.834000,22.4,8,29.1,0 days 00:00:20.622000,0 days 00:00:36.670000,0 days 00:00:20.807000,12,78.099,13855.834,0.5360000000000582,False,False,True,False,False,False,26.0,0.0,0.0,20.622,36.67,20.807,0,0,1,0.0,78.21900000000001,0.5692780515700615,-0.21079330156686368,0,0,78.416,77.754,-0.6619999999999919,1.2129999999999939,-0.31699999999999307,-0.021000000000000796,0.0,-0.05600000000000094,0.21264171744980487,-0.021000000000000796,0,1,2022,Monaco Grand Prix,0.0,19,0.0
HAM,57,0 days 00:01:17.754000,MEDIUM,27.0,True,0 days 03:52:13.588000,22.5,8,29.1,0 days 00:00:20.529000,0 days 00:00:36.522000,0 days 00:00:20.703000,1,77.754,13933.588,0.702000000001135,False,False,True,False,False,False,27.0,0.0,0.0,20.529,36.522,20.703,0,0,0,0.0,78.3982,0.17167614860373054,-3.752414096188545,1,0,78.099,78.025,-0.07399999999999807,0.0,-0.34499999999999886,-0.14200000000000065,0.0,-0.1039999999999992,0.25425813654631174,-0.14200000000000065,0,1,2022,Monaco Grand Prix,0.0,19,0.0
HAM,58,0 days 00:01:18.025000,MEDIUM,28.0,True,0 days 03:53:31.613000,22.4,8,29.1,0 days 00:00:20.506000,0 days 00:00:36.694000,0 days 00:00:20.825000,1,78.025,14011.613,0.7470000000012078,False,False,True,False,False,False,28.0,0.0,0.0,20.506,36.694,20.825,0,0,0,0.0,78.25319999999999,0.32451147899481975,-0.7032108716364689,0,1,77.754,77.982,0.22799999999999443,0.0,0.2710000000000008,-0.23933333333332976,0.0,0.12199999999999989,0.2738408296803141,-0.23933333333332976,0,1,2022,Monaco Grand Prix,0.0,19,0.0
HAM,59,0 days 00:01:17.982000,MEDIUM,29.0,True,0 days 03:54:49.595000,22.4,8,29.3,0 days 00:00:20.563000,0 days 00:00:36.654000,0 days 00:00:20.765000,12,77.982,14089.595,0.864000000001397,False,False,True,False,False,False,29.0,0.0,0.0,20.563,36.654,20.765,0,0,1,0.0,78.1532,0.29556336038048253,-0.5792328243244053,0,0,78.025,78.147,0.12199999999999989,0.2710000000000008,-0.043000000000006366,-0.1303333333333304,0.0,0.062000000000001165,0.09644065532752621,-0.1303333333333304,0,1,2022,Monaco Grand Prix,0.0,19,0.0
HAM,60,0 days 00:01:18.147000,MEDIUM,30.0,True,0 days 03:56:07.742000,22.3,8,29.1,0 days 00:00:20.502000,0 days 00:00:36.822000,0 days 00:00:20.823000,1,78.147,14167.742,0.793999999999869,False,False,True,False,False,False,30.0,0.0,0.0,20.502,36.822,20.823,0,0,0,0.0,78.05519999999999,0.2393150642968458,0.38359474055570547,0,0,77.982,78.123,0.14100000000000534,0.22799999999999443,0.16500000000000625,-0.03900000000000148,0.0,0.120000000000001,0.09250513499261924,-0.03900000000000148,0,1,2022,Monaco Grand Prix,0.0,19,0.0
HAM,61,0 days 00:01:18.123000,MEDIUM,31.0,True,0 days 03:57:25.865000,22.3,8,29.1,0 days 00:00:20.387000,0 days 00:00:36.847000,0 days 00:00:20.889000,1,78.123,14245.865,0.8850000000002183,False,False,True,False,False,False,31.0,0.0,0.0,20.387,36.847,20.889,0,0,0,0.0,78.00140000000002,0.1523689600916291,0.7980628070629401,0,0,78.147,78.309,0.16199999999999193,0.3930000000000007,-0.02400000000000091,0.13100000000000023,0.0,0.12399999999999878,0.10360115829469642,0.13100000000000023,0,1,2022,Monaco Grand Prix,0.0,19,0.0
HAM,62,0 days 00:01:18.309000,MEDIUM,32.0,True,0 days 03:58:44.174000,22.2,8,28.9,0 days 00:00:20.515000,0 days 00:00:36.797000,0 days 00:00:20.997000,1,78.309,14324.174,0.7379999999993743,False,False,True,False,False,False,32.0,0.0,0.0,20.515,36.797,20.997,0,0,0,0.0,78.0062,0.15653338301910047,1.9344116517499814,0,0,78.123,78.078,-0.045000000000001705,0.3689999999999998,0.18599999999999284,0.03266666666666632,0.0,0.23199999999999932,0.09788360434721734,0.03266666666666632,0,1,2022,Monaco Grand Prix,0.0,19,0.0
HAM,63,0 days 00:01:18.078000,MEDIUM,33.0,True,0 days 04:00:02.252000,22.3,8,29.5,0 days 00:00:20.681000,0 days 00:00:36.620000,0 days 00:00:20.777000,1,78.078,14402.252,0.8069999999988795,False,False,True,False,False,False,33.0,0.0,0.0,20.681,36.62,20.777,0,0,0,0.0,78.1172,0.1269732255217706,-0.30872650386653955,0,0,78.309,78.927,0.6180000000000092,0.3269999999999982,-0.23099999999999454,0.10899999999999939,0.0,-0.045999999999999375,0.061660360037892485,0.10899999999999939,0,1,2022,Monaco Grand Prix,0.0,19,0.0
LAT,4,0 days 00:01:44.039000,HARD,2.0,True,0 days 02:13:25.330000,21.5,20,28.5,0 days 00:00:27.907000,0 days 00:00:48.389000,0 days 00:00:27.743000,1,104.039,8005.33,0.0,True,False,False,False,False,False,2.0,0.0,0.0,27.907,48.389,27.743,0,0,0,0.0,78.31680000000001,0.35207271976027843,73.0593384727845,0,0,104.039,100.616,-3.423000000000002,25.961,0.0,0.2680000000000007,0.0,6.9659999999999975,0.27672007516622665,0.0,0,0,2022,Monaco Grand Prix,0.0,19,0.0
LAT,5,0 days 00:01:40.616000,HARD,3.0,True,0 days 02:15:05.946000,21.5,20,28.4,0 days 00:00:26.889000,0 days 00:00:46.646000,0 days 00:00:27.081000,12,100.616,8105.946,0.0,True,False,False,False,False,False,3.0,0.0,0.0,26.889,46.646,27.081,0,0,1,0.0,,,0.0,0,0,104.039,99.637,-4.402000000000001,0.0,-3.423000000000002,0.0,0.0,0.0,0.0,0.0,0,0,2022,Monaco Grand Prix,0.0,19,0.0
LAT,6,0 days 00:01:39.637000,HARD,4.0,True,0 days 02:16:45.583000,21.7,20,28.5,0 days 00:00:26.595000,0 days 00:00:46.401000,0 days 00:00:26.641000,1,99.637,8205.583,0.0,True,False,False,False,False,False,4.0,0.0,0.0,26.595,46.401,26.641,0,0,0,0.0,,,0.0,0,0,100.616,99.51,-1.1059999999999945,0.0,-0.9789999999999992,-1.711500000000001,0.0,-0.4400000000000013,0.0,0.0,0,0,2022,Monaco Grand Prix,0.0,19,0.0
LAT,7,0 days 00:01:39.510000,HARD,5.0,True,0 days 02:18:25.093000,21.8,20,28.2,0 days 00:00:26.277000,0 days 00:00:46.714000,0 days 00:00:26.519000,1,99.51,8305.093,0.0,True,False,False,False,False,False,5.0,0.0,0.0,26.277,46.714,26.519,0,0,0,0.0,101.43066666666668,2.3113118208786405,-0.8309855248940572,0,0,99.637,97.724,-1.9129999999999967,0.0,-0.12699999999999534,-1.4673333333333336,0.0,-0.12199999999999989,4.154667896876154,-2.2010000000000005,0,0,2022,Monaco Grand Prix,0.0,19,0.0
LAT,8,0 days 00:01:37.724000,HARD,6.0,True,0 days 02:20:02.817000,21.6,20,28.1,0 days 00:00:25.909000,0 days 00:00:45.695000,0 days 00:00:26.120000,1,97.724,8402.817,0.0,True,False,False,False,False,False,6.0,0.0,0.0,25.909,45.695,26.12,0,0,0,0.0,100.9505,2.1174705822435094,-1.523751983643357,1,0,99.51,97.213,-2.2970000000000113,0.0,-1.7860000000000014,-1.5096666666666654,0.0,-0.39899999999999736,3.58147250908524,-1.5096666666666654,0,0,2022,Monaco Grand Prix,0.0,19,0.0
LAT,9,0 days 00:01:37.213000,HARD,7.0,True,0 days 02:21:40.030000,21.9,20,28.3,0 days 00:00:25.805000,0 days 00:00:45.013000,0 days 00:00:26.395000,1,97.213,8500.03,0.0,True,False,False,False,False,False,7.0,0.0,0.0,25.805,45.013,26.395,0,0,0,0.0,100.3052,2.3334141724091753,-1.3251826600536192,0,1,97.724,104.874,7.1499999999999915,0.0,-0.5110000000000099,-0.9639999999999986,0.0,0.2749999999999986,3.228034851112979,-0.9639999999999986,0,0,2022,Monaco Grand Prix,0.0,19,0.0
LAT,10,0 days 00:01:44.874000,HARD,8.0,True,0 days 02:23:24.904000,21.9,20,27.9,0 days 00:00:33.289000,0 days 00:00:45.025000,0 days 00:00:26.560000,12,104.874,8604.904,0.0,True,False,False,False,False,False,8.0,0.0,0.0,33.289,45.025,26.56,0,0,1,0.0,98.94000000000001,1.4213435545285968,4.174923072675456,0,0,97.213,97.432,0.2190000000000083,0.0,7.661000000000001,-0.8080000000000022,0.0,0.4399999999999977,0.2954618418679452,-0.8080000000000022,0,0,2022,Monaco Grand Prix,0.0,19,0.0
LAT,11,0 days 00:01:37.432000,HARD,9.0,True,0 days 02:25:02.336000,21.9,20,27.3,0 days 00:00:26.009000,0 days 00:00:44.922000,0 days 00:00:26.501000,1,97.432,8702.336,0.0,True,False,False,False,False,False,9.0,0.0,0.0,26.009,44.922,26.501,0,0,0,0.0,99.7916,3.035545140497826,-0.7773233112300312,0,0,104.874,95.502,-9.372,7.661000000000001,-7.441999999999993,1.7879999999999967,0.0,0.3810000000000002,0.3952236075944834,1.7879999999999967,0,0,2022,Monaco Grand Prix,0.0,19,0.0
LAT,12,0 days 00:01:35.502000,HARD,10.0,True,0 days 02:26:37.838000,22.0,20,27.0,0 days 00:00:25.715000,0 days 00:00:44.015000,0 days 00:00:25.772000,1,95.502,8797.838,0.0,True,False,False,False,False,False,10.0,0.0,0.0,25.715,44.015,25.772,0,0,0,0.0,99.35060000000001,3.218289266054245,-1.1958527285269671,0,0,97.432,94.75,-2.682000000000002,0.2190000000000083,-1.9300000000000068,-0.09733333333333387,0.0,-0.6230000000000011,0.3613675414311558,-0.09733333333333387,0,0,2022,Monaco Grand Prix,0.0,19,0.0
LAT,13,0 days 00:01:34.750000,HARD,11.0,True,0 days 02:28:12.588000,21.9,20,27.0,0 days 00:00:25.479000,0 days 00:00:43.480000,0 days 00:00:25.791000,1,94.75,8892.588,0.0,True,False,False,False,False,False,11.0,0.0,0.0,25.479,43.48,25.791,0,0,0,0.0,98.549,3.64015947452855,-1.0436355952487573,0,0,95.502,93.9,-1.6019999999999897,0.0,-0.7519999999999953,-0.5703333333333328,0.0,0.019000000000001904,0.49005632329355614,-0.5703333333333328,0,0,2022,Monaco Grand Prix,0.0,19,0.0
LAT,14,0 days 00:01:33.900000,HARD,12.0,True,0 days 02:29:46.488000,21.9,20,27.2,0 days 00:00:25.306000,0 days 00:00:42.965000,0 days 00:00:25.629000,1,93.9,8986.488,0.0,True,False,False,False,False,False,12.0,0.0,0.0,25.306,42.965,25.629,0,0,0,0.0,97.95419999999999,4.030691156613212,-1.00583245961383,0,0,94.75,93.195,-1.5550000000000068,0.0,-0.8499999999999943,-3.374666666666665,0.0,-0.14299999999999713,0.43429920561750873,-3.374666666666665,0,0,2022,Monaco Grand Prix,0.0,19,0.0
LAT,15,0 days 00:01:33.195000,HARD,13.0,True,0 days 02:31:19.683000,21.9,20,27.0,0 days 00:00:24.926000,0 days 00:00:42.484000,0 days 00:00:25.785000,1,93.195,9079.683,0.0,True,False,False,False,False,False,13.0,0.0,0.0,24.926,42.484,25.785,0,0,0,0.0,97.2916,4.435026809389084,-0.9236922742670652,0,0,93.9,92.971,-0.929000000000002,0.0,-0.7050000000000125,-1.1773333333333322,0.0,0.1559999999999988,0.4320314803344762,-1.1773333333333322,0,0,2022,Monaco Grand Prix,0.0,19,0.0
LAT,16,0 days 00:01:32.971000,HARD,14.0,True,0 days 02:32:52.654000,22.1,20,26.9,0 days 00:00:24.727000,0 days 00:00:42.786000,0 days 00:00:25.458000,1,92.971,9172.654,0.0,True,False,False,False,False,False,14.0,0.0,0.0,24.727,42.786,25.458,0,0,0,0.0,94.9558,1.6345782942397948,-1.2142581404600616,0,0,93.195,93.177,-0.01799999999998647,0.0,-0.22399999999998954,-0.7690000000000007,0.0,-0.17100000000000293,0.3773645452344448,-0.7690000000000007,0,0,2022,Monaco Grand Prix,0.0,19,0.0
LAT,17,0 days 00:01:33.177000,HARD,15.0,True,0 days 02:34:25.831000,22.0,19,26.8,0 days 00:00:24.652000,0 days 00:00:42.861000,0 days 00:00:25.664000,12,93.177,9265.831,0.0,True,False,False,False,False,False,15.0,0.0,0.0,24.652,42.861,25.664,0,0,1,0.0,94.0636,1.0624435514415975,-0.8344913937281528,0,0,92.971,93.414,0.44299999999999784,0.0,0.20600000000000307,-0.5929999999999988,0.0,0.20600000000000307,0.2942733423196865,-0.5929999999999988,0,0,2022,Monaco Grand Prix,0.0,19,0.0
LAT,18,0 days 00:01:33.414000,HARD,16.0,True,0 days 02:35:59.245000,22.1,18,27.1,0 days 00:00:24.772000,0 days 00:00:42.555000,0 days 00:00:26.087000,1,93.414,9359.245,0.0,True,False,False,False,False,False,16.0,0.0,0.0,24.772,42.555,26.087,0,0,0,0.0,93.5986,0.7333289166532413,-0.25172878882572736,0,0,93.177,99.08,5.902999999999992,0.20600000000000307,0.23699999999999477,-0.24099999999999966,0.0,0.6290000000000013,0.17023894971480366,-0.24099999999999966,0,0,2022,Monaco Grand Prix,0.0,19,0.0
LAT,21,0 days 00:01:39.080000,HARD,19.0,True,0 days 02:41:11.780000,22.1,19,27.3,0 days 00:00:26.065000,0 days 00:00:45.681000,0 days 00:00:27.334000,1,99.08,9671.78,0.0,True,False,False,False,False,False,19.0,0.0,0.0,26.065,45.681,27.334,0,0,0,0.0,93.3314,0.3544224879995757,16.21962543191356,0,0,93.414,92.702,-0.7120000000000033,0.44299999999999784,5.665999999999997,0.07300000000000277,0.0,1.8760000000000012,0.3242056446146484,0.07300000000000277,0,0,2022,Monaco Grand Prix,0.0,19,0.0
LAT,22,0 days 00:01:32.702000,HARD,20.0,True,0 days 02:42:44.482000,22.1,18,27.2,0 days 00:00:24.698000,0 days 00:00:41.483000,0 days 00:00:26.521000,1,92.702,9764.482,0.0,True,False,False,False,False,False,20.0,0.0,0.0,24.698,41.483,26.521,0,0,0,0.0,94.3674,2.639084936109452,-0.6310520655144747,0,0,99.08,93.421,-5.658999999999992,6.108999999999995,-6.378,2.0363333333333316,0.0,0.8569999999999993,0.7995853300305109,2.0363333333333316,0,0,2022,Monaco Grand Prix,0.0,19,0.0
LAT,23,0 days 00:01:33.421000,MEDIUM,,True,0 days 02:44:17.903000,22.2,18,27.6,0 days 00:00:24.906000,0 days 00:00:40.793000,0 days 00:00:27.722000,1,93.421,9857.903,0.0,False,False,True,False,False,False,0.0,0.0,0.0,24.906,40.793,27.722,0,0,0,0.0,94.2688,2.7022908244672377,-0.31373381144760315,0,0,92.702,87.618,-5.084000000000003,0.0,0.7190000000000083,-0.15833333333333618,0.0,1.6350000000000016,0.7767273009235613,-0.15833333333333618,0,0,2022,Monaco Grand Prix,0.0,19,0.0
LAT,24,0 days 00:01:27.618000,MEDIUM,,True,0 days 02:45:45.521000,22.3,18,27.9,0 days 00:00:24.075000,0 days 00:00:39.962000,0 days 00:00:23.581000,1,87.618,9945.521,19.75,False,False,True,False,False,False,0.0,0.0,0.0,24.075,39.962,23.581,0,0,0,0.0,94.3588,2.6553475667038065,-2.5385753957504114,1,0,93.421,91.777,-1.6440000000000055,0.7190000000000083,-5.8030000000000115,0.0023333333333350006,0.0,-2.9400000000000013,0.698370460429133,0.0023333333333350006,0,0,2022,Monaco Grand Prix,0.0,19,0.0
LAT,31,0 days 00:01:31.777000,MEDIUM,,True,0 days 03:17:54.885000,21.9,17,28.0,0 days 00:00:24.416000,0 days 00:00:43.442000,0 days 00:00:23.919000,1,91.777,11874.885,18.67699999999968,False,False,True,False,False,False,0.0,0.0,0.0,24.416,43.442,23.919,0,0,0,0.0,93.247,4.064010334632506,-0.36171167860303327,0,1,87.618,84.087,-3.5309999999999917,0.0,4.159000000000006,-3.8206666666666678,0.0,0.33800000000000097,1.944224858394729,-3.8206666666666678,0,0,2022,Monaco Grand Prix,0.0,19,0.0
LAT,32,0 days 00:01:24.087000,MEDIUM,,True,0 days 03:19:18.972000,21.9,17,28.3,0 days 00:00:23.598000,0 days 00:00:37.385000,0 days 00:00:23.104000,1,84.087,11958.972,19.52100000000064,False,False,True,False,False,False,0.0,0.0,0.0,23.598,37.385,23.104,0,0,0,0.0,92.9196,4.112838958675601,-2.1475676749678123,1,0,91.777,83.573,-8.204000000000008,4.159000000000006,-7.689999999999998,-0.3083333333333324,0.0,-0.4770000000000003,1.9404344101257336,-0.3083333333333324,0,0,2022,Monaco Grand Prix,0.0,19,0.0
LAT,33,0 days 00:01:23.573000,MEDIUM,,True,0 days 03:20:42.545000,22.0,17,28.6,0 days 00:00:22.698000,0 days 00:00:38.767000,0 days 00:00:22.108000,1,83.573,12042.545,16.877000000000407,False,False,True,False,False,False,0.0,0.0,0.0,22.698,38.767,22.108,0,0,0,0.0,89.921,3.961314870090444,-1.602498212886338,1,1,84.087,82.935,-1.152000000000001,0.0,-0.51400000000001,-3.1113333333333344,0.0,-0.9959999999999987,1.7552872414508125,-3.1113333333333344,0,0,2022,Monaco Grand Prix,0.0,19,0.0
LAT,34,0 days 00:01:22.935000,MEDIUM,,True,0 days 03:22:05.480000,22.0,17,28.8,0 days 00:00:22.006000,0 days 00:00:39.001000,0 days 00:00:21.928000,1,82.935,12125.48,14.453000000001339,False,False,True,False,False,False,0.0,0.0,0.0,22.006,39.001,21.928,0,0,0,0.0,88.0952,4.434621652407294,-1.1636167421856236,0,1,83.573,81.39,-2.1829999999999927,0.0,-0.637999999999991,-1.3483333333333338,0.0,-0.17999999999999972,1.6926232599134408,-1.3483333333333338,0,0,2022,Monaco Grand Prix,0.0,19,0.0
LAT,35,0 days 00:01:21.390000,MEDIUM,,True,0 days 03:23:26.870000,22.1,17,28.8,0 days 00:00:21.930000,0 days 00:00:37.912000,0 days 00:00:21.548000,1,81.39,12206.87,12.739999999999782,False,False,True,False,False,False,0.0,0.0,0.0,21.93,37.912,21.548,0,0,0,0.0,85.99799999999999,3.7059329459664347,-1.2434115962662982,0,0,82.935,80.097,-2.838000000000008,0.0,-1.5450000000000017,-2.947333333333333,0.0,-0.38000000000000256,1.2638021997132312,-2.947333333333333,0,0,2022,Monaco Grand Prix,0.0,19,0.0
LAT,36,0 days 00:01:20.097000,MEDIUM,,True,0 days 03:24:46.967000,22.3,17,28.9,0 days 00:00:21.529000,0 days 00:00:37.354000,0 days 00:00:21.214000,1,80.097,12286.967,11.477999999999156,False,False,True,False,False,False,0.0,0.0,0.0,21.529,37.354,21.214,0,0,0,0.0,84.7524,4.055472327608634,-1.1479304070964087,0,0,81.39,80.665,-0.7249999999999943,0.0,-1.2930000000000064,-0.8990000000000009,0.0,-0.33399999999999963,0.4837313303890913,-0.8990000000000009,0,0,2022,Monaco Grand Prix,0.0,19,0.0
LAT,37,0 days 00:01:20.665000,MEDIUM,,True,0 days 03:26:07.632000,22.3,17,29.1,0 days 00:00:21.387000,0 days 00:00:37.693000,0 days 00:00:21.585000,1,80.665,12367.632,9.317000000000917,False,False,True,False,False,False,0.0,0.0,0.0,21.387,37.693,21.585,0,0,0,0.0,82.4164,1.64550047098118,-1.0643570335508101,0,0,80.097,80.281,0.1840000000000117,0.0,0.568000000000012,-1.1586666666666663,0.0,0.3710000000000022,0.311192544897849,-1.1586666666666663,0,0,2022,Monaco Grand Prix,0.0,19,0.0
LAT,38,0 days 00:01:20.281000,MEDIUM,,True,0 days 03:27:27.913000,22.3,17,29.1,0 days 00:00:21.447000,0 days 00:00:37.363000,0 days 00:00:21.471000,1,80.281,12447.913,7.324999999998909,False,False,True,False,False,False,0.0,0.0,0.0,21.447,37.363,21.471,0,0,0,0.0,81.732,1.4803013206773967,-0.9802058403460757,0,0,80.665,80.374,-0.291000000000011,0.568000000000012,-0.38400000000000034,-0.7566666666666654,0.0,0.25700000000000145,0.48901451921185385,-0.7566666666666654,0,0,2022,Monaco Grand Prix,0.0,19,0.0
LAT,39,0 days 00:01:20.374000,MEDIUM,,True,0 days 03:28:48.287000,22.3,17,28.8,0 days 00:00:21.490000,0 days 00:00:37.584000,0 days 00:00:21.300000,1,80.374,12528.287,5.056000000000495,False,False,True,False,False,False,0.0,0.0,0.0,21.49,37.584,21.3,0,0,0,0.0,81.07360000000001,1.1525878708364172,-0.606981921033342,0,0,80.281,80.262,-0.019000000000005457,0.1840000000000117,0.09299999999998931,-0.36966666666666487,0.0,0.08600000000000207,0.34564967814248193,-0.36966666666666487,0,0,2022,Monaco Grand Prix,0.0,19,0.0
LAT,40,0 days 00:01:20.262000,MEDIUM,,True,0 days 03:30:08.549000,22.3,17,28.7,0 days 00:00:21.346000,0 days 00:00:37.571000,0 days 00:00:21.345000,1,80.262,12608.549,2.816999999999098,False,False,True,False,False,False,0.0,0.0,0.0,21.346,37.571,21.345,0,0,0,0.0,80.5614,0.506636260051732,-0.5909565177380598,0,0,80.374,79.827,-0.546999999999997,0.277000000000001,-0.11199999999999477,0.09233333333333367,0.0,0.04499999999999815,0.34170235585960107,0.09233333333333367,0,0,2022,Monaco Grand Prix,0.0,19,0.0
LAT,41,0 days 00:01:19.827000,MEDIUM,,True,0 days 03:31:28.376000,22.4,17,28.9,0 days 00:00:21.255000,0 days 00:00:37.627000,0 days 00:00:20.945000,1,79.827,12688.376,1.2729999999992287,False,False,True,False,False,False,0.0,0.0,0.0,21.255,37.627,20.945,0,0,0,0.0,80.3358,0.20934827441180914,-2.4303997796473213,1,0,80.262,79.289,-0.972999999999999,0.16500000000000625,-0.4350000000000023,-0.13433333333333528,0.0,-0.3550000000000004,0.26858052796135606,-0.13433333333333528,0,0,2022,Monaco Grand Prix,0.0,19,0.0
LAT,42,0 days 00:01:19.289000,MEDIUM,,True,0 days 03:32:47.665000,22.5,17,29.4,0 days 00:00:21.069000,0 days 00:00:37.185000,0 days 00:00:21.035000,1,79.289,12767.665,0.7599999999983993,False,False,True,False,False,False,0.0,0.0,0.0,21.069,37.185,21.035,0,0,0,0.0,80.2818,0.3010725826095809,-3.2975437065534012,1,1,79.827,78.579,-1.2480000000000047,0.0,-0.5379999999999967,-0.1513333333333359,0.0,0.08999999999999986,0.27680895939257627,-0.1513333333333359,0,1,2022,Monaco Grand Prix,0.0,19,0.0
LAT,43,0 days 00:01:18.579000,MEDIUM,,True,0 days 03:34:06.244000,22.6,17,29.4,0 days 00:00:20.935000,0 days 00:00:36.653000,0 days 00:00:20.991000,1,78.579,12846.244,0.9529999999995198,False,False,True,False,False,False,0.0,0.0,0.0,20.935,36.653,20.991,0,0,0,0.0,80.0066,0.4535176953540013,-3.1478374815908206,1,1,79.289,78.846,-0.44299999999999784,0.0,-0.710000000000008,-0.3616666666666646,0.0,0.045999999999999375,0.22724942244151164,-0.3616666666666646,0,1,2022,Monaco Grand Prix,0.0,19,0.0
LAT,44,0 days 00:01:18.846000,MEDIUM,,True,0 days 03:35:25.090000,22.4,17,29.5,0 days 00:00:20.913000,0 days 00:00:36.928000,0 days 00:00:21.005000,1,78.846,12925.09,1.4030000000002474,False,False,True,False,False,False,0.0,0.0,0.0,20.913,36.928,21.005,0,0,0,0.0,79.66619999999999,0.742647089807272,-1.1044276766947807,0,1,78.579,79.143,0.5640000000000072,0.0,0.2670000000000101,-0.5610000000000023,0.0,0.05999999999999872,0.18981122200755254,-0.5610000000000023,0,0,2022,Monaco Grand Prix,0.0,19,0.0
LAT,45,0 days 00:01:19.143000,MEDIUM,,True,0 days 03:36:44.233000,22.3,17,28.7,0 days 00:00:20.752000,0 days 00:00:37.229000,0 days 00:00:21.162000,1,79.143,13004.233,1.2989999999990687,False,False,True,False,False,False,0.0,0.0,0.0,20.752,37.229,21.162,0,0,0,0.0,79.3606,0.6911745799718131,-0.3148263930784006,0,0,78.846,80.117,1.2710000000000008,0.2670000000000101,0.29699999999999704,-0.3269999999999982,0.0,0.17099999999999937,0.1865923363913969,-0.3269999999999982,0,0,2022,Monaco Grand Prix,0.0,19,0.0
LAT,46,0 days 00:01:20.117000,MEDIUM,,True,0 days 03:38:04.350000,22.4,17,29.0,0 days 00:00:21.335000,0 days 00:00:37.153000,0 days 00:00:21.629000,1,80.117,13084.35,0.4239999999990687,False,False,True,False,False,False,0.0,0.0,0.0,21.335,37.153,21.629,0,0,0,0.0,79.1368,0.4730974529620895,2.0718775674291288,0,0,79.143,79.089,-0.054000000000002046,0.5640000000000072,0.9740000000000038,-0.048666666666666934,0.0,0.6380000000000017,0.2055803978982439,-0.048666666666666934,0,1,2022,Monaco Grand Prix,0.0,19,0.0
LAT,47,0 days 00:01:19.089000,MEDIUM,,True,0 days 03:39:23.439000,22.5,17,29.0,0 days 00:00:20.966000,0 days 00:00:37.006000,0 days 00:00:21.117000,1,79.089,13163.439,0.8429999999989377,False,False,True,False,False,False,0.0,0.0,0.0,20.966,37.006,21.117,0,0,0,0.0,79.1948,0.5837124291971353,-0.18125363570812475,0,0,80.117,79.675,-0.4420000000000073,1.538000000000011,-1.0280000000000058,0.5126666666666703,0.0,0.11200000000000188,0.24904618045655902,0.5126666666666703,0,1,2022,Monaco Grand Prix,0.0,19,0.0
LAT,48,0 days 00:01:19.675000,MEDIUM,,True,0 days 03:40:43.114000,22.6,17,29.7,0 days 00:00:21.110000,0 days 00:00:37.417000,0 days 00:00:21.148000,1,79.675,13243.114,1.077000000001135,False,False,True,False,False,False,0.0,0.0,0.0,21.11,37.417,21.148,0,0,0,0.0,79.1548,0.5824948068431345,0.8930551721469548,0,0,79.089,81.748,2.659000000000006,0.5100000000000051,0.5859999999999985,0.08099999999999834,0.0,0.030999999999998806,0.24677884836428116,0.08099999999999834,0,0,2022,Monaco Grand Prix,0.0,19,0.0
LAT,49,0 days 00:01:21.748000,MEDIUM,,True,0 days 03:42:04.862000,22.5,16,29.8,0 days 00:00:20.944000,0 days 00:00:38.850000,0 days 00:00:21.954000,1,81.748,13324.862,1.47400000000016,False,False,True,False,False,False,0.0,0.0,0.0,20.944,38.85,21.954,0,0,0,0.0,79.374,0.5138141687412092,4.6203474805221125,0,0,79.675,78.87,-0.8049999999999926,0.8289999999999935,2.0730000000000075,0.17733333333333215,0.0,0.8369999999999997,0.2492795619379995,0.17733333333333215,0,0,2022,Monaco Grand Prix,0.0,19,0.0
LAT,50,0 days 00:01:18.870000,MEDIUM,,True,0 days 03:43:23.732000,22.6,16,29.5,0 days 00:00:21.003000,0 days 00:00:37.122000,0 days 00:00:20.745000,1,78.87,13403.732,1.602999999999156,False,False,True,False,False,False,0.0,0.0,0.0,21.003,37.122,20.745,0,0,0,0.0,79.95439999999999,1.0872891979594126,-0.9973427511605496,0,0,81.748,78.779,-2.9690000000000083,2.659000000000006,-2.878,0.5436666666666667,0.0,-0.3719999999999999,0.357160608130293,0.5436666666666667,0,0,2022,Monaco Grand Prix,0.0,19,0.0
LAT,51,0 days 00:01:18.779000,MEDIUM,,True,0 days 03:44:42.511000,22.6,16,29.2,0 days 00:00:21.002000,0 days 00:00:37.017000,0 days 00:00:20.760000,1,78.779,13482.511,1.1659999999992579,False,False,True,False,False,False,0.0,0.0,0.0,21.002,37.017,20.76,0,0,0,0.0,79.8998,1.1436169376146974,-0.9800484437889795,0,0,78.87,78.73,-0.14000000000000057,0.0,-0.09100000000000819,-0.07299999999999802,0.0,0.015000000000000568,0.48708284716257527,-0.07299999999999802,0,0,2022,Monaco Grand Prix,0.0,19,0.0
LAT,52,0 days 00:01:18.730000,MEDIUM,,True,0 days 03:46:01.241000,22.5,16,29.2,0 days 00:00:20.767000,0 days 00:00:37.100000,0 days 00:00:20.863000,1,78.73,13561.241,0.636000000000422,False,False,True,False,False,False,0.0,0.0,0.0,20.767,37.1,20.863,0,0,0,0.0,79.6322,1.2331267980216873,-0.7316360340618647,0,0,78.779,79.169,0.39000000000000057,0.0,-0.04899999999999238,-0.2986666666666669,0.0,0.11799999999999855,0.44018666495022346,-0.2986666666666669,0,1,2022,Monaco Grand Prix,0.0,19,0.0
LAT,53,0 days 00:01:19.169000,MEDIUM,,True,0 days 03:47:20.410000,22.4,16,29.2,0 days 00:00:20.946000,0 days 00:00:37.350000,0 days 00:00:20.873000,1,79.169,13640.41,0.5679999999993015,False,False,True,False,False,False,0.0,0.0,0.0,20.946,37.35,20.873,0,0,0,0.0,79.5604,1.2821397349740074,-0.3052709383567613,0,0,78.73,79.06,0.3299999999999983,0.0,0.43899999999999295,-1.0060000000000002,0.0,0.1280000000000001,0.4401519055962388,-1.0060000000000002,0,1,2022,Monaco Grand Prix,0.0,19,0.0
LAT,54,0 days 00:01:19.060000,MEDIUM,,True,0 days 03:48:39.470000,22.5,16,29.1,0 days 00:00:20.824000,0 days 00:00:37.198000,0 days 00:00:21.038000,1,79.06,13719.47,0.5870000000013533,False,False,True,False,False,False,0.0,0.0,0.0,20.824,37.198,21.038,0,0,0,0.0,79.4592,1.2907732953540751,-0.309271970094863,0,0,79.169,79.453,0.284000000000006,0.43899999999999295,-0.10899999999999466,0.09966666666666413,0.0,0.2779999999999987,0.4370557172718374,0.09966666666666413,0,1,2022,Monaco Grand Prix,0.0,19,0.0
LAT,55,0 days 00:01:19.453000,MEDIUM,,True,0 days 03:49:58.923000,22.3,16,29.1,0 days 00:00:20.676000,0 days 00:00:37.605000,0 days 00:00:21.172000,1,79.453,13798.923,0.4599999999991269,False,False,True,False,False,False,0.0,0.0,0.0,20.676,37.605,21.172,0,0,0,0.0,78.9216,0.1871290998193757,2.8397507416694303,0,0,79.06,79.681,0.6209999999999951,0.3299999999999983,0.3930000000000007,0.09366666666666863,0.0,0.30900000000000105,0.24526679351269726,0.09366666666666863,0,1,2022,Monaco Grand Prix,0.0,19,0.0
LAT,56,0 days 00:01:19.681000,MEDIUM,,True,0 days 03:51:18.604000,22.4,15,29.1,0 days 00:00:21.021000,0 days 00:00:37.636000,0 days 00:00:21.024000,12,79.681,13878.604,0.5910000000003492,False,False,True,False,False,False,0.0,0.0,0.0,21.021,37.636,21.024,0,0,1,0.0,79.0382,0.296569890580973,2.167448619752885,0,0,79.453,79.288,-0.16500000000000625,0.722999999999999,0.22799999999999443,0.24099999999999966,0.0,0.1509999999999998,0.1219397392157306,0.24099999999999966,0,1,2022,Monaco Grand Prix,0.0,19,0.0
LAT,57,0 days 00:01:19.288000,MEDIUM,,True,0 days 03:52:37.892000,22.4,15,29.1,0 days 00:00:20.778000,0 days 00:00:37.490000,0 days 00:00:21.020000,1,79.288,13957.892,0.5140000000010332,False,False,True,False,False,False,0.0,0.0,0.0,20.778,37.49,21.02,0,0,0,0.0,79.21860000000001,0.3657530587694461,0.18974550816739455,0,0,79.681,79.446,-0.23499999999999943,0.9509999999999934,-0.3930000000000007,0.17066666666666683,0.0,-0.004000000000001336,0.08975355146176932,0.17066666666666683,0,1,2022,Monaco Grand Prix,0.0,19,0.0
LAT,58,0 days 00:01:19.446000,MEDIUM,,True,0 days 03:53:57.338000,22.4,15,29.5,0 days 00:00:20.807000,0 days 00:00:37.421000,0 days 00:00:21.218000,1,79.446,14037.338,0.4610000000011496,False,False,True,False,False,False,0.0,0.0,0.0,20.807,37.421,21.218,0,0,0,0.0,79.3302,0.2443945580392578,0.47382397107791463,0,0,79.288,79.024,-0.2639999999999958,0.22799999999999443,0.15800000000000125,0.07599999999999814,0.0,0.1980000000000004,0.12585428081714392,0.07599999999999814,0,1,2022,Monaco Grand Prix,0.0,19,0.0
LAT,59,0 days 00:01:19.024000,MEDIUM,,True,0 days 03:55:16.362000,22.4,15,29.3,0 days 00:00:20.672000,0 days 00:00:37.329000,0 days 00:00:21.023000,12,79.024,14116.362,3.4940000000005966,False,False,True,False,False,False,0.0,0.0,0.0,20.672,37.329,21.023,0,0,1,0.0,79.3856,0.22966998062263813,-1.574433014796682,1,0,79.446,80.867,1.4210000000000065,0.3859999999999957,-0.42199999999999704,-0.0023333333333350006,0.0,0.0030000000000001137,0.12355282271158577,-0.0023333333333350006,0,0,2022,Monaco Grand Prix,0.0,19,0.0
LAT,60,0 days 00:01:20.867000,MEDIUM,,True,0 days 03:56:37.229000,22.3,15,29.1,0 days 00:00:20.627000,0 days 00:00:37.904000,0 days 00:00:22.336000,1,80.867,14197.229,3.014000000001033,False,False,True,False,False,False,0.0,0.0,0.0,20.627,37.904,22.336,0,0,0,0.0,79.3784,0.24262790441168072,6.135320682134781,0,1,79.024,84.442,5.417999999999992,0.0,1.8430000000000035,-0.21899999999999883,0.0,1.315999999999999,0.13339902548369895,-0.21899999999999883,0,0,2022,Monaco Grand Prix,0.0,19,0.0
LAT,61,0 days 00:01:24.442000,MEDIUM,,True,0 days 03:58:01.671000,22.2,15,29.1,0 days 00:00:24.939000,0 days 00:00:38.130000,0 days 00:00:21.373000,1,84.442,14281.671,0.4249999999992724,False,False,True,False,False,False,0.0,0.0,0.0,24.939,38.13,21.373,0,0,0,0.0,79.6612,0.7151850809400271,6.684703201185624,0,0,80.867,79.629,-1.2379999999999995,1.8430000000000035,3.5749999999999886,0.5263333333333359,0.0,0.3500000000000014,0.5568004130745595,0.5263333333333359,0,1,2022,Monaco Grand Prix,0.0,19,0.0
LAT,62,0 days 00:01:19.629000,MEDIUM,,True,0 days 03:59:21.300000,22.2,15,28.9,0 days 00:00:20.848000,0 days 00:00:37.529000,0 days 00:00:21.252000,1,79.629,14361.3,0.40200000000004366,False,False,True,False,False,False,0.0,0.0,0.0,20.848,37.529,21.252,0,0,0,0.0,80.6134,2.2565566245940114,-0.4362398839324948,0,0,84.442,79.479,-4.962999999999994,5.417999999999992,-4.812999999999988,1.6653333333333318,0.0,0.2289999999999992,0.5475927318728766,1.6653333333333318,0,1,2022,Monaco Grand Prix,0.0,19,0.0
LEC,3,0 days 00:01:43.218000,WET,3.0,True,0 days 02:10:40.588000,21.3,1,28.8,0 days 00:00:27.639000,0 days 00:00:47.939000,0 days 00:00:27.640000,1,103.218,7840.588,1.805000000000291,False,False,False,False,False,True,3.0,0.0,0.0,27.639,47.939,27.64,0,0,0,0.0,80.68820000000001,2.2066158931719646,10.210114079987829,0,0,103.218,101.885,-1.3329999999999984,24.194000000000003,0.0,-0.4626666666666684,0.0,6.388000000000002,0.5330231702280867,0.0,0,0,2022,Monaco Grand Prix,0.0,19,0.0
LEC,4,0 days 00:01:41.885000,WET,4.0,True,0 days 02:12:22.473000,21.4,1,28.6,0 days 00:00:27.275000,0 days 00:00:47.325000,0 days 00:00:27.285000,1,101.885,7942.473,1.9149999999999636,False,False,False,False,False,True,4.0,0.0,0.0,27.275,47.325,27.285,0,0,0,0.0,,,0.0,0,0,103.218,99.679,-3.5390000000000015,0.0,-1.3329999999999984,0.0,0.0,0.0,0.0,0.0,0,0,2022,Monaco Grand Prix,0.0,19,0.0
LEC,5,0 days 00:01:39.679000,WET,5.0,True,0 days 02:14:02.152000,21.6,1,28.5,0 days 00:00:26.575000,0 days 00:00:46.700000,0 days 00:00:26.404000,1,99.679,8042.152,2.4409999999998035,False,False,False,False,False,True,5.0,0.0,0.0,26.575,46.7,26.404,0,0,0,0.0,,,0.0,0,0,101.885,98.046,-3.8389999999999986,0.0,-2.206000000000003,-0.6664999999999992,0.0,-0.8810000000000002,0.0,0.0,0,0,2022,Monaco Grand Prix,0.0,19,0.0
LEC,6,0 days 00:01:38.046000,WET,6.0,True,0 days 02:15:40.198000,21.6,1,28.3,0 days 00:00:26.033000,0 days 00:00:45.872000,0 days 00:00:26.141000,12,98.046,8140.198,2.393000000000029,False,False,False,False,False,True,6.0,0.0,0.0,26.033,45.872,26.141,0,0,1,0.0,101.59400000000001,1.787355868314984,-1.985055166067657,1,0,99.679,97.181,-2.4980000000000047,0.0,-1.6329999999999956,-1.179666666666667,0.0,-0.2630000000000017,3.9669691621354133,-1.7695000000000007,0,0,2022,Monaco Grand Prix,0.0,19,0.0
LEC,7,0 days 00:01:37.181000,WET,7.0,True,0 days 02:17:17.379000,21.7,1,28.5,0 days 00:00:25.558000,0 days 00:00:45.665000,0 days 00:00:25.958000,1,97.181,8237.379,3.1449999999986176,False,False,False,False,False,True,7.0,0.0,0.0,25.558,45.665,25.958,0,0,0,0.0,100.70700000000001,2.2971366234220105,-1.5349544141381457,1,1,98.046,97.426,-0.6200000000000045,0.0,-0.8650000000000091,-1.723999999999999,0.0,-0.18299999999999983,3.404751092223925,-1.723999999999999,0,0,2022,Monaco Grand Prix,0.0,19,0.0
LEC,8,0 days 00:01:37.426000,WET,8.0,True,0 days 02:18:54.805000,21.7,1,28.1,0 days 00:00:25.587000,0 days 00:00:45.545000,0 days 00:00:26.294000,1,97.426,8334.805,2.9879999999993743,False,False,False,False,False,True,8.0,0.0,0.0,25.587,45.545,26.294,0,0,0,0.0,100.0018,2.5385355423944764,-1.014679509891902,0,1,97.181,96.588,-0.5930000000000035,0.0,0.24500000000000455,-1.5680000000000025,0.0,0.3360000000000021,3.023351567383457,-1.5680000000000025,0,0,2022,Monaco Grand Prix,0.0,19,0.0
LEC,9,0 days 00:01:36.588000,WET,9.0,True,0 days 02:20:31.393000,21.6,1,28.1,0 days 00:00:25.386000,0 days 00:00:45.261000,0 days 00:00:25.941000,1,96.588,8431.393,3.5799999999999272,False,False,False,False,False,True,9.0,0.0,0.0,25.386,45.261,25.941,0,0,0,0.0,98.8434,1.9594642890341263,-1.1510288871412693,0,0,97.426,96.299,-1.1269999999999953,0.24500000000000455,-0.8380000000000081,-0.751,0.0,-0.01699999999999946,0.4458976339923777,-0.751,0,0,2022,Monaco Grand Prix,0.0,19,0.0
LEC,10,0 days 00:01:36.299000,WET,10.0,True,0 days 02:22:07.692000,21.9,1,28.3,0 days 00:00:25.160000,0 days 00:00:45.004000,0 days 00:00:26.135000,12,96.299,8527.692,4.162000000000262,False,False,False,False,False,True,10.0,0.0,0.0,25.16,45.004,26.135,0,0,1,0.0,97.784,1.1812978032655472,-1.2570919846755884,0,0,96.588,95.323,-1.2650000000000006,0.0,-0.28899999999998727,-0.4860000000000042,0.0,0.19400000000000261,0.444069589141162,-0.4860000000000042,0,0,2022,Monaco Grand Prix,0.0,19,0.0
LEC,11,0 days 00:01:35.323000,WET,11.0,True,0 days 02:23:43.015000,22.0,1,27.6,0 days 00:00:25.143000,0 days 00:00:44.428000,0 days 00:00:25.752000,12,95.323,8623.015,4.7260000000005675,False,False,False,False,False,True,11.0,0.0,0.0,25.143,44.428,25.752,0,0,1,0.0,97.10799999999999,0.6912268079292034,-2.5823651217283503,1,0,96.299,95.077,-1.2220000000000084,0.0,-0.9760000000000133,-0.29399999999999693,0.0,-0.18900000000000006,0.2512872857905876,-0.29399999999999693,0,0,2022,Monaco Grand Prix,0.0,19,0.0
LEC,12,0 days 00:01:35.077000,WET,12.0,True,0 days 02:25:18.092000,21.9,1,27.3,0 days 00:00:25.004000,0 days 00:00:44.191000,0 days 00:00:25.882000,1,95.077,8718.092,5.0239999999994325,False,False,False,False,False,True,12.0,0.0,0.0,25.004,44.191,25.882,0,0,0,0.0,96.5634,0.8268332963784192,-1.7977021565417441,1,1,95.323,93.665,-1.657999999999987,0.0,-0.2459999999999951,-0.7010000000000028,0.0,0.13000000000000256,0.23240847660961123,-0.7010000000000028,0,0,2022,Monaco Grand Prix,0.0,19,0.0
LEC,13,0 days 00:01:33.665000,WET,13.0,True,0 days 02:26:51.757000,22.0,1,27.0,0 days 00:00:24.878000,0 days 00:00:43.060000,0 days 00:00:25.727000,1,93.665,8811.757,5.038000000000466,False,False,False,False,False,True,13.0,0.0,0.0,24.878,43.06,25.727,0,0,0,0.0,96.14259999999999,0.958802012930724,-2.58405798755764,1,1,95.077,93.314,-1.7630000000000052,0.0,-1.411999999999992,-0.5036666666666653,0.0,-0.02499999999999858,0.20138197536025937,-0.5036666666666653,0,0,2022,Monaco Grand Prix,0.0,19,0.0
LEC,14,0 days 00:01:33.314000,WET,14.0,True,0 days 02:28:25.071000,21.9,1,27.0,0 days 00:00:24.823000,0 days 00:00:42.826000,0 days 00:00:25.665000,1,93.314,8905.071,4.71900000000096,False,False,False,False,False,True,14.0,0.0,0.0,24.823,42.826,25.665,0,0,0,0.0,95.3904,1.155375177161088,-1.7971651469109802,1,1,93.665,92.098,-1.5670000000000073,0.0,-0.3510000000000133,-0.8780000000000001,0.0,-0.062000000000001165,0.14953360826249074,-0.8780000000000001,0,0,2022,Monaco Grand Prix,0.0,19,0.0
LEC,15,0 days 00:01:32.098000,WET,15.0,True,0 days 02:29:57.169000,21.9,1,27.2,0 days 00:00:24.252000,0 days 00:00:42.223000,0 days 00:00:25.623000,1,92.098,8997.169,5.2260000000005675,False,False,False,False,False,True,15.0,0.0,0.0,24.252,42.223,25.623,0,0,0,0.0,94.7356,1.2321671152891776,-2.1406187255541123,1,1,93.314,92.133,-1.1809999999999974,0.0,-1.215999999999994,-0.6696666666666667,0.0,-0.04199999999999804,0.15351319161557458,-0.6696666666666667,0,0,2022,Monaco Grand Prix,0.0,19,0.0
LEC,16,0 days 00:01:32.133000,WET,16.0,True,0 days 02:31:29.302000,21.9,1,27.0,0 days 00:00:24.218000,0 days 00:00:42.725000,0 days 00:00:25.190000,1,92.133,9089.302,5.398000000001048,False,False,False,False,False,True,16.0,0.0,0.0,24.218,42.725,25.19,0,0,0,0.0,93.8954,1.3281544714377462,-1.3269540839569485,0,1,92.098,91.49,-0.6080000000000041,0.0,0.03499999999999659,-0.9929999999999998,0.0,-0.43299999999999983,0.1137818087393584,-0.9929999999999998,0,0,2022,Monaco Grand Prix,0.0,19,0.0
LEC,17,0 days 00:01:31.490000,WET,17.0,True,0 days 02:33:00.792000,22.1,1,26.9,0 days 00:00:24.312000,0 days 00:00:41.789000,0 days 00:00:25.389000,1,91.49,9180.792,6.268000000000029,False,False,False,False,False,True,17.0,0.0,0.0,24.312,41.789,25.389,0,0,0,0.0,93.2574,1.2337715752926477,-1.4325180085144902,0,0,92.133,88.156,-3.9769999999999897,0.03499999999999659,-0.6430000000000007,-0.5106666666666703,0.0,0.19899999999999807,0.20814490145088835,-0.5106666666666703,0,0,2022,Monaco Grand Prix,0.0,19,0.0
LEC,20,0 days 00:01:28.156000,INTERMEDIATE,,True,0 days 02:37:49.945000,22.0,3,27.5,0 days 00:00:23.329000,0 days 00:00:40.557000,0 days 00:00:24.270000,1,88.156,9469.945,3.5500000000010914,False,True,False,False,False,False,0.0,0.0,0.0,23.329,40.557,24.27,0,0,0,0.0,92.54,0.9121696662354637,-4.806123424486177,1,0,91.49,88.779,-2.7109999999999985,0.0,-3.333999999999989,-0.6079999999999993,0.0,-0.9200000000000017,0.22746933859313756,-0.6079999999999993,0,0,2022,Monaco Grand Prix,0.0,19,0.0
LEC,23,0 days 00:01:28.779000,HARD,2.0,True,0 days 02:42:37.873000,22.1,4,27.2,0 days 00:00:24.199000,0 days 00:00:39.772000,0 days 00:00:24.808000,1,88.779,9757.873,12.264000000001033,True,False,False,False,False,False,2.0,0.0,0.0,24.199,39.772,24.808,0,0,0,0.0,91.43820000000001,1.9501428665613503,-1.363592404226737,0,1,88.156,84.159,-3.997,0.0,0.6229999999999905,-1.3139999999999976,0.0,0.5380000000000003,0.43663062192200847,-1.3139999999999976,0,0,2022,Monaco Grand Prix,0.0,19,0.0
LEC,24,0 days 00:01:24.159000,HARD,3.0,True,0 days 02:44:02.032000,22.2,4,27.6,0 days 00:00:23.187000,0 days 00:00:38.586000,0 days 00:00:22.386000,1,84.159,9842.032,12.03400000000147,True,False,False,False,False,False,3.0,0.0,0.0,23.187,38.586,22.386,0,0,0,0.0,90.53119999999998,1.913877138167484,-3.329471820798951,1,0,88.779,83.136,-5.643000000000001,0.6229999999999905,-4.61999999999999,-1.1179999999999997,0.0,-1.8840000000000003,0.5652665742815509,-1.1179999999999997,0,0,2022,Monaco Grand Prix,0.0,19,0.0
LEC,25,0 days 00:01:23.136000,HARD,4.0,True,0 days 02:45:25.168000,22.2,4,27.8,0 days 00:00:22.572000,0 days 00:00:38.768000,0 days 00:00:21.796000,1,83.136,9925.168,9.93499999999949,True,False,False,False,False,False,4.0,0.0,0.0,22.572,38.768,21.796,0,0,0,0.0,88.94340000000001,3.170024810628489,-1.8319730434061305,1,1,84.159,120.7,36.541,0.0,-1.0230000000000103,-2.443666666666663,0.0,-0.5899999999999999,0.9568685907688681,-2.443666666666663,0,0,2022,Monaco Grand Prix,0.0,19,0.0
LEC,32,0 days 00:02:00.700000,HARD,11.0,True,0 days 03:18:57.421000,21.9,4,28.3,0 days 00:00:34.930000,0 days 00:00:54.265000,0 days 00:00:31.505000,1,120.7,11937.421,0.9899999999997817,True,False,False,False,False,False,11.0,0.0,0.0,34.93,54.265,31.505,0,0,0,0.0,87.14399999999999,3.448165236760015,9.731552201230963,0,1,83.136,83.323,0.1869999999999976,0.0,37.56400000000001,-1.6733333333333367,0.0,9.709,0.9566962945470205,-1.6733333333333367,0,1,2022,Monaco Grand Prix,0.0,19,0.0
LEC,33,0 days 00:01:23.323000,HARD,12.0,True,0 days 03:20:20.744000,21.9,4,28.5,0 days 00:00:22.692000,0 days 00:00:38.498000,0 days 00:00:22.133000,1,83.323,12020.744,1.9689999999991414,True,False,False,False,False,False,12.0,0.0,0.0,22.692,38.498,22.133,0,0,0,0.0,92.98600000000002,15.684641962760905,-0.616080368486721,0,0,120.7,81.669,-39.031000000000006,37.56400000000001,-37.37700000000001,10.640333333333336,0.0,0.33699999999999974,4.740921830192942,10.640333333333336,0,0,2022,Monaco Grand Prix,0.0,19,0.0
LEC,34,0 days 00:01:21.669000,HARD,13.0,True,0 days 03:21:42.413000,22.0,4,28.8,0 days 00:00:21.834000,0 days 00:00:38.255000,0 days 00:00:21.580000,1,81.669,12102.413,1.8239999999987049,True,False,False,False,False,False,13.0,0.0,0.0,21.834,38.255,21.58,0,0,0,0.0,92.01939999999999,16.197261074021135,-0.6390216193156909,0,0,83.323,79.112,-4.2109999999999985,0.1869999999999976,-1.6539999999999964,-0.2786666666666709,0.0,-0.21600000000000108,4.620898992620375,-0.2786666666666709,0,0,2022,Monaco Grand Prix,0.0,19,0.0
LEC,35,0 days 00:01:19.112000,HARD,14.0,True,0 days 03:23:01.525000,22.1,4,28.8,0 days 00:00:21.022000,0 days 00:00:36.935000,0 days 00:00:21.155000,1,79.112,12181.525,2.0910000000003492,True,False,False,False,False,False,14.0,0.0,0.0,21.022,36.935,21.155,0,0,0,0.0,90.5974,16.851744963059474,-0.6815555317966785,0,0,81.669,79.394,-2.2749999999999915,0.0,-2.557000000000002,-0.4889999999999996,0.0,-0.42499999999999716,4.677080146843755,-0.4889999999999996,0,0,2022,Monaco Grand Prix,0.0,19,0.0
LEC,36,0 days 00:01:19.394000,HARD,15.0,True,0 days 03:24:20.919000,22.2,4,28.9,0 days 00:00:21.433000,0 days 00:00:36.876000,0 days 00:00:21.085000,1,79.394,12260.919,2.029000000000451,True,False,False,False,False,False,15.0,0.0,0.0,21.433,36.876,21.085,0,0,0,0.0,89.588,17.473495714939254,-0.5833978596099955,0,0,79.112,78.761,-0.3509999999999991,0.0,0.2820000000000107,-13.86266666666667,0.0,-0.07000000000000028,4.455692594872317,-13.86266666666667,0,0,2022,Monaco Grand Prix,0.0,19,0.0
LEC,37,0 days 00:01:18.761000,HARD,16.0,True,0 days 03:25:39.680000,22.3,4,29.1,0 days 00:00:20.870000,0 days 00:00:36.943000,0 days 00:00:20.948000,1,78.761,12339.68,2.0749999999989086,True,False,False,False,False,False,16.0,0.0,0.0,20.87,36.943,20.948,0,0,0,0.0,88.83959999999999,17.89400059517157,-0.5632390558162581,0,0,79.394,77.543,-1.850999999999999,0.2820000000000107,-0.6330000000000098,-1.3096666666666625,0.0,-0.13700000000000045,4.392663941163721,-1.3096666666666625,0,0,2022,Monaco Grand Prix,0.0,19,0.0
LEC,38,0 days 00:01:17.543000,HARD,17.0,True,0 days 03:26:57.223000,22.3,4,29.1,0 days 00:00:20.588000,0 days 00:00:36.353000,0 days 00:00:20.602000,1,77.543,12417.223,2.52599999999984,True,False,False,False,False,False,17.0,0.0,0.0,20.588,36.353,20.602,0,0,0,0.0,80.45179999999999,1.9683860647750284,-1.4777588868637104,0,0,78.761,76.98,-1.7809999999999917,0.0,-1.2179999999999893,-0.9693333333333337,0.0,-0.3460000000000001,0.27941671388805267,-0.9693333333333337,0,0,2022,Monaco Grand Prix,0.0,19,0.0
LEC,39,0 days 00:01:16.980000,HARD,18.0,True,0 days 03:28:14.203000,22.4,4,28.8,0 days 00:00:20.323000,0 days 00:00:36.053000,0 days 00:00:20.604000,1,76.98,12494.203,2.8690000000005966,True,False,False,False,False,False,18.0,0.0,0.0,20.323,36.053,20.604,0,0,0,0.0,79.2958,1.5028159235250838,-1.5409738237055235,1,0,77.543,77.447,-0.09600000000000364,0.0,-0.5630000000000024,-0.5229999999999961,0.0,0.0019999999999988916,0.14623508470951158,-0.5229999999999961,0,0,2022,Monaco Grand Prix,0.0,19,0.0
LEC,40,0 days 00:01:17.447000,HARD,19.0,True,0 days 03:29:31.650000,22.3,4,28.8,0 days 00:00:20.437000,0 days 00:00:36.519000,0 days 00:00:20.491000,1,77.447,12571.65,2.452000000001135,True,False,False,False,False,False,19.0,0.0,0.0,20.437,36.519,20.491,0,0,0,0.0,78.358,1.0449078906777305,-0.8718471820603478,0,1,76.98,76.861,-0.11899999999999977,0.0,0.46699999999999875,-0.8046666666666672,0.0,-0.11100000000000065,0.18268743799177295,-0.8046666666666672,0,0,2022,Monaco Grand Prix,0.0,19,0.0
LEC,41,0 days 00:01:16.861000,HARD,20.0,True,0 days 03:30:48.511000,22.4,4,28.9,0 days 00:00:20.418000,0 days 00:00:35.904000,0 days 00:00:20.539000,1,76.861,12648.511,2.4549999999999272,True,False,False,False,False,False,20.0,0.0,0.0,20.418,35.904,20.539,0,0,0,0.0,78.025,1.0092435285899048,-1.153339077265444,0,0,77.447,76.987,-0.46000000000000796,0.46699999999999875,-0.5859999999999985,-0.43799999999999767,0.0,0.04800000000000182,0.13044270773024558,-0.43799999999999767,0,0,2022,Monaco Grand Prix,0.0,19,0.0
LEC,42,0 days 00:01:16.987000,HARD,21.0,True,0 days 03:32:05.498000,22.5,4,29.1,0 days 00:00:20.206000,0 days 00:00:36.166000,0 days 00:00:20.615000,1,76.987,12725.498,2.298000000000684,True,False,False,False,False,False,21.0,0.0,0.0,20.206,36.166,20.615,0,0,0,0.0,77.5184,0.753625769198894,-0.7051245083682375,0,0,76.861,77.006,0.14499999999999602,0.0,0.12599999999999056,-0.22733333333333405,0.0,0.12399999999999878,0.15323739752422855,-0.22733333333333405,0,0,2022,Monaco Grand Prix,0.0,19,0.0
LEC,43,0 days 00:01:17.006000,HARD,22.0,True,0 days 03:33:22.504000,22.5,4,29.4,0 days 00:00:20.359000,0 days 00:00:36.098000,0 days 00:00:20.549000,1,77.006,12802.504,2.338999999999942,True,False,False,False,False,False,22.0,0.0,0.0,20.359,36.098,20.549,0,0,0,0.0,77.1636,0.30851385706423695,-0.5108360496338666,0,0,76.987,76.919,-0.06799999999999784,0.12599999999999056,0.019000000000005457,0.002333333333330264,0.0,0.05799999999999983,0.1828272408586815,0.002333333333330264,0,0,2022,Monaco Grand Prix,0.0,19,0.0
LEC,44,0 days 00:01:16.919000,HARD,23.0,True,0 days 03:34:39.423000,22.4,4,29.5,0 days 00:00:20.267000,0 days 00:00:36.098000,0 days 00:00:20.554000,1,76.919,12879.423,2.444999999999709,True,False,False,False,False,False,23.0,0.0,0.0,20.267,36.098,20.554,0,0,0,0.0,77.0562,0.22580013286235948,-0.6076170029697893,0,0,77.006,76.479,-0.527000000000001,0.14499999999999602,-0.0870000000000033,-0.14700000000000082,0.0,0.014999999999997016,0.08723646026747282,-0.14700000000000082,0,0,2022,Monaco Grand Prix,0.0,19,0.0
LEC,45,0 days 00:01:16.479000,HARD,24.0,True,0 days 03:35:55.902000,22.4,4,29.0,0 days 00:00:20.246000,0 days 00:00:35.842000,0 days 00:00:20.391000,1,76.479,12955.902,3.0059999999994034,True,False,False,False,False,False,24.0,0.0,0.0,20.246,35.842,20.391,0,0,0,0.0,77.044,0.23249516124139072,-2.4301581030040453,1,0,76.919,76.249,-0.6700000000000017,0.057999999999992724,-0.4399999999999977,0.01933333333333091,0.0,-0.15800000000000125,0.08660080831030603,0.01933333333333091,0,0,2022,Monaco Grand Prix,0.0,19,0.0
LEC,46,0 days 00:01:16.249000,HARD,25.0,True,0 days 03:37:12.151000,22.3,4,28.7,0 days 00:00:20.130000,0 days 00:00:35.789000,0 days 00:00:20.330000,1,76.249,13032.151,3.7810000000008586,True,False,False,False,False,False,25.0,0.0,0.0,20.13,35.789,20.33,0,0,0,0.0,76.8504,0.21542237581243096,-2.7917248509209616,1,1,76.479,76.492,0.01300000000000523,0.0,-0.23000000000000398,-0.16933333333333186,0.0,-0.06099999999999994,0.10573457334286844,-0.16933333333333186,0,0,2022,Monaco Grand Prix,0.0,19,0.0
LEC,47,0 days 00:01:16.492000,HARD,26.0,True,0 days 03:38:28.643000,22.4,4,29.0,0 days 00:00:20.180000,0 days 00:00:35.951000,0 days 00:00:20.361000,1,76.492,13108.643,4.2849999999998545,True,False,False,False,False,False,26.0,0.0,0.0,20.18,35.951,20.361,0,0,0,0.0,76.728,0.3436160648175187,-0.6868130572571469,0,1,76.249,76.896,0.6470000000000056,0.0,0.2430000000000092,-0.252333333333335,0.0,0.03100000000000236,0.10903348109639688,-0.252333333333335,0,0,2022,Monaco Grand Prix,0.0,19,0.0
LEC,48,0 days 00:01:16.896000,HARD,27.0,True,0 days 03:39:45.539000,22.5,4,29.6,0 days 00:00:20.179000,0 days 00:00:36.133000,0 days 00:00:20.584000,1,76.896,13185.539,4.831000000000131,True,False,False,False,False,False,27.0,0.0,0.0,20.179,36.133,20.584,0,0,0,0.0,76.629,0.32089640072876957,0.8320442341940495,0,0,76.492,76.489,-0.0030000000000001137,0.2430000000000092,0.40399999999999636,-0.14233333333333084,0.0,0.25400000000000134,0.08744998570610767,-0.14233333333333084,0,0,2022,Monaco Grand Prix,0.0,19,0.0
LEC,49,0 days 00:01:16.489000,HARD,28.0,True,0 days 03:41:02.028000,22.6,4,29.7,0 days 00:00:20.152000,0 days 00:00:35.931000,0 days 00:00:20.406000,1,76.489,13262.028,5.613999999999578,True,False,False,False,False,False,28.0,0.0,0.0,20.152,35.931,20.406,0,0,0,0.0,76.607,0.2909630560753029,-0.4055497683852205,0,0,76.896,77.522,0.6260000000000048,0.6470000000000056,-0.4069999999999965,0.13900000000000054,0.0,0.07600000000000051,0.15254081421048807,0.13900000000000054,0,0,2022,Monaco Grand Prix,0.0,19,0.0
LEC,50,0 days 00:01:17.522000,HARD,29.0,True,0 days 03:42:19.550000,22.5,4,29.8,0 days 00:00:20.277000,0 days 00:00:36.437000,0 days 00:00:20.808000,1,77.522,13339.55,5.782000000001062,True,False,False,False,False,False,29.0,0.0,0.0,20.277,36.437,20.808,0,0,0,0.0,76.521,0.2335797508361543,4.285474217763685,0,0,76.489,76.773,0.2839999999999918,0.2400000000000091,1.0330000000000013,0.08000000000000303,0.0,0.4469999999999992,0.15484282353405546,0.08000000000000303,0,0,2022,Monaco Grand Prix,0.0,19,0.0
LEC,51,0 days 00:01:16.773000,HARD,30.0,True,0 days 03:43:36.323000,22.6,4,29.5,0 days 00:00:20.305000,0 days 00:00:35.987000,0 days 00:00:20.481000,1,76.773,13416.323,6.418999999999869,True,False,False,False,False,False,30.0,0.0,0.0,20.305,35.987,20.481,0,0,0,0.0,76.72959999999999,0.5002262488121609,0.08676074097083716,0,0,77.522,76.811,-0.7109999999999985,1.2730000000000103,-0.7490000000000094,0.3433333333333337,0.0,0.07500000000000284,0.2019784641985332,0.3433333333333337,0,0,2022,Monaco Grand Prix,0.0,19,0.0
LEC,52,0 days 00:01:16.811000,HARD,31.0,True,0 days 03:44:53.134000,22.6,4,29.2,0 days 00:00:20.113000,0 days 00:00:36.174000,0 days 00:00:20.524000,1,76.811,13493.134,7.528000000000247,True,False,False,False,False,False,31.0,0.0,0.0,20.113,36.174,20.524,0,0,0,0.0,76.8344,0.4233489104753754,-0.05527355668335018,0,0,76.773,77.135,0.362000000000009,0.2839999999999918,0.038000000000010914,-0.041000000000001556,0.0,0.1180000000000021,0.17374492798351832,-0.041000000000001556,0,0,2022,Monaco Grand Prix,0.0,19,0.0
LEC,53,0 days 00:01:17.135000,HARD,32.0,True,0 days 03:46:10.269000,22.5,4,29.2,0 days 00:00:20.190000,0 days 00:00:36.270000,0 days 00:00:20.675000,1,77.135,13570.269,7.969999999999345,True,False,False,False,False,False,32.0,0.0,0.0,20.19,36.27,20.675,0,0,0,0.0,76.8982,0.38074098807547585,0.6219451212672183,0,0,76.811,77.709,0.8979999999999961,0.32200000000000273,0.32399999999999807,0.10733333333333424,0.0,0.19399999999999906,0.15927178030020894,0.10733333333333424,0,0,2022,Monaco Grand Prix,0.0,19,0.0
LEC,54,0 days 00:01:17.709000,HARD,33.0,True,0 days 03:47:27.978000,22.4,4,29.2,0 days 00:00:20.396000,0 days 00:00:36.613000,0 days 00:00:20.700000,1,77.709,13647.978,8.520000000000437,True,False,False,False,False,False,33.0,0.0,0.0,20.396,36.613,20.7,0,0,0,0.0,76.946,0.3951265620034829,1.931026849046103,0,0,77.135,77.94,0.8049999999999926,0.6460000000000008,0.5739999999999981,-0.12900000000000014,0.0,0.21899999999999764,0.15584447375508062,-0.12900000000000014,0,0,2022,Monaco Grand Prix,0.0,19,0.0
LEC,55,0 days 00:01:17.940000,HARD,34.0,True,0 days 03:48:45.918000,22.5,4,29.1,0 days 00:00:20.477000,0 days 00:00:36.746000,0 days 00:00:20.717000,1,77.94,13725.918,8.718000000000757,True,False,False,False,False,False,34.0,0.0,0.0,20.477,36.746,20.717,0,0,0,0.0,77.19000000000001,0.4183718441777644,1.7926636565947158,0,0,77.709,78.622,0.9129999999999967,0.936000000000007,0.23099999999999454,0.31200000000000233,0.0,0.19299999999999784,0.1442161572085388,0.31200000000000233,0,0,2022,Monaco Grand Prix,0.0,19,0.0
LEC,56,0 days 00:01:18.622000,HARD,35.0,True,0 days 03:50:04.540000,22.3,4,29.1,0 days 00:00:20.557000,0 days 00:00:37.014000,0 days 00:00:21.051000,12,78.622,13804.54,8.183999999999287,True,False,False,False,False,False,35.0,0.0,0.0,20.557,37.014,21.051,0,0,1,0.0,77.27360000000002,0.52855255178715,2.5511181346883163,0,0,77.94,79.06,1.1200000000000045,1.1670000000000016,0.6820000000000022,0.37633333333333024,0.0,0.37599999999999767,0.06065228767324512,0.37633333333333024,0,0,2022,Monaco Grand Prix,0.0,19,0.0
LEC,57,0 days 00:01:19.060000,HARD,36.0,True,0 days 03:51:23.600000,22.4,4,29.1,0 days 00:00:21.299000,0 days 00:00:36.932000,0 days 00:00:20.829000,21,79.06,13883.6,8.237999999999374,True,False,False,False,False,False,36.0,0.0,0.0,21.299,36.932,20.829,0,0,1,0.0,77.6434,0.7073353518669436,2.002727555269255,0,0,78.622,78.952,0.3299999999999983,1.8109999999999928,0.4380000000000024,0.4956666666666649,0.0,0.12900000000000134,0.09506050704681797,0.4956666666666649,0,0,2022,Monaco Grand Prix,0.0,19,0.0
LEC,58,0 days 00:01:18.952000,HARD,37.0,True,0 days 03:52:42.552000,22.4,4,29.1,0 days 00:00:20.629000,0 days 00:00:37.323000,0 days 00:00:21,1,78.952,13962.552,8.207000000000335,True,False,False,False,False,False,37.0,0.0,0.0,20.629,37.323,21.0,0,0,0,0.0,78.0932,0.7588739684564054,1.1316767153666534,0,0,79.06,79.024,-0.036000000000001364,1.9249999999999972,-0.10800000000000409,0.45033333333333303,0.0,0.28300000000000125,0.09219381758012944,0.45033333333333303,0,0,2022,Monaco Grand Prix,0.0,19,0.0
LEC,59,0 days 00:01:19.024000,HARD,38.0,True,0 days 03:54:01.576000,22.4,4,29.5,0 days 00:00:20.630000,0 days 00:00:37.550000,0 days 00:00:20.844000,1,79.024,14041.576,8.033000000001266,True,False,False,False,False,False,38.0,0.0,0.0,20.63,37.55,20.844,0,0,0,0.0,78.45660000000001,0.6047005870683477,0.9383156096322103,0,0,78.952,78.678,-0.2740000000000009,1.242999999999995,0.07200000000000273,0.3373333333333335,0.0,0.015000000000000568,0.09396275858018563,0.3373333333333335,0,0,2022,Monaco Grand Prix,0.0,19,0.0
LEC,60,0 days 00:01:18.678000,HARD,39.0,True,0 days 03:55:20.254000,22.4,4,29.3,0 days 00:00:20.599000,0 days 00:00:37.101000,0 days 00:00:20.978000,12,78.678,14120.254,8.420999999998457,True,False,False,False,False,False,39.0,0.0,0.0,20.599,37.101,20.978,0,0,1,0.0,78.71959999999999,0.46899978678121695,-0.08869940066602683,0,0,79.024,78.832,-0.19200000000000728,1.0840000000000032,-0.34600000000000364,0.13400000000000034,0.0,0.1490000000000009,0.13890356366918066,0.13400000000000034,0,0,2022,Monaco Grand Prix,0.0,19,0.0
LEC,61,0 days 00:01:18.832000,HARD,40.0,True,0 days 03:56:39.086000,22.3,4,29.1,0 days 00:00:20.554000,0 days 00:00:37.307000,0 days 00:00:20.971000,1,78.832,14199.086,8.106999999999971,True,False,False,False,False,False,40.0,0.0,0.0,20.554,37.307,20.971,0,0,0,0.0,78.8672,0.20302019604176594,-0.17338176539225575,0,0,78.678,78.539,-0.1389999999999958,0.055999999999997385,0.15399999999999636,-0.127333333333335,0.0,0.1269999999999989,0.14077570813175866,-0.127333333333335,0,0,2022,Monaco Grand Prix,0.0,19,0.0
LEC,62,0 days 00:01:18.539000,HARD,41.0,True,0 days 03:57:57.625000,22.2,4,29.1,0 days 00:00:21.350000,0 days 00:00:36.606000,0 days 00:00:20.583000,1,78.539,14277.625,7.630999999999403,True,False,False,False,False,False,41.0,0.0,0.0,21.35,36.606,20.583,0,0,0,0.0,78.9092,0.1558563441148317,-2.375264235168004,1,0,78.832,77.729,-1.1029999999999944,0.15399999999999636,-0.29299999999999216,-0.040000000000001514,0.0,-0.2610000000000028,0.0954505107372319,-0.040000000000001514,0,0,2022,Monaco Grand Prix,0.0,19,0.0
LEC,63,0 days 00:01:17.729000,HARD,42.0,True,0 days 03:59:15.354000,22.2,4,28.9,0 days 00:00:20.362000,0 days 00:00:36.635000,0 days 00:00:20.732000,1,77.729,14355.354,8.342000000000553,True,False,False,False,False,False,42.0,0.0,0.0,20.362,36.635,20.732,0,0,0,0.0,78.80499999999999,0.19823218709592544,-5.4279782499666025,1,1,78.539,78.338,-0.20100000000000762,0.0,-0.8100000000000023,-0.1616666666666665,0.0,0.1490000000000009,0.2044328740687244,-0.1616666666666665,0,0,2022,Monaco Grand Prix,0.0,19,0.0
MAG,3,0 days 00:01:48.904000,WET,3.0,True,0 days 02:10:57.259000,21.3,13,28.8,0 days 00:00:28.982000,0 days 00:00:50.997000,0 days 00:00:28.925000,1,108.904,7857.259,1.5579999999999927,False,False,False,False,False,True,3.0,0.0,0.0,28.982,50.997,28.925,0,0,0,0.0,78.4232,0.4285506971185653,71.12530723889363,0,0,108.904,105.374,-3.530000000000001,31.174999999999997,0.0,-0.1646666666666666,0.0,8.342000000000002,0.20471003883541955,0.0,0,0,2022,Monaco Grand Prix,0.0,19,0.0
MAG,4,0 days 00:01:45.374000,WET,4.0,True,0 days 02:12:42.633000,21.5,13,28.5,0 days 00:00:28.083000,0 days 00:00:49.127000,0 days 00:00:28.164000,1,105.374,7962.633,2.019000000000233,False,False,False,False,False,True,4.0,0.0,0.0,28.083,49.127,28.164,0,0,0,0.0,,,0.0,0,0,108.904,103.996,-4.908000000000001,0.0,-3.530000000000001,0.0,0.0,0.0,0.0,0.0,0,0,2022,Monaco Grand Prix,0.0,19,0.0
MAG,5,0 days 00:01:43.996000,WET,5.0,True,0 days 02:14:26.629000,21.6,13,28.5,0 days 00:00:27.835000,0 days 00:00:48.308000,0 days 00:00:27.853000,1,103.996,8066.629,1.5870000000004438,False,False,False,False,False,True,5.0,0.0,0.0,27.835,48.308,27.853,0,0,0,0.0,,,0.0,0,0,105.374,104.252,-1.1219999999999999,0.0,-1.3780000000000001,-1.7650000000000006,0.0,-0.31099999999999994,0.0,0.0,0,0,2022,Monaco Grand Prix,0.0,19,0.0
MAG,6,0 days 00:01:44.252000,WET,6.0,True,0 days 02:16:10.881000,21.6,11,28.3,0 days 00:00:27.913000,0 days 00:00:48.346000,0 days 00:00:27.993000,12,104.252,8170.881,1.5659999999998035,False,False,False,False,False,True,6.0,0.0,0.0,27.913,48.346,27.993,0,0,1,0.0,106.09133333333334,2.531410937270622,-0.7266040081649169,0,0,103.996,100.441,-3.5549999999999926,0.0,0.2560000000000002,-1.6360000000000003,0.0,0.13999999999999702,4.908497631658796,-2.4540000000000006,0,0,2022,Monaco Grand Prix,0.0,19,0.0
MAG,7,0 days 00:01:40.441000,WET,7.0,True,0 days 02:17:51.322000,21.8,11,28.2,0 days 00:00:26.732000,0 days 00:00:46.948000,0 days 00:00:26.761000,1,100.441,8271.322,2.7449999999989814,False,False,False,False,False,True,7.0,0.0,0.0,26.732,46.948,26.761,0,0,0,0.0,105.63149999999999,2.26225867957962,-2.2943883680731423,1,0,104.252,99.631,-4.620999999999995,0.2560000000000002,-3.810999999999993,-1.550666666666667,0.0,-1.0920000000000023,4.203727502665543,-1.550666666666667,0,0,2022,Monaco Grand Prix,0.0,19,0.0
MAG,8,0 days 00:01:39.631000,WET,8.0,True,0 days 02:19:30.953000,21.7,11,28.1,0 days 00:00:26.190000,0 days 00:00:46.847000,0 days 00:00:26.594000,1,99.631,8370.953,3.912000000000262,False,False,False,False,False,True,8.0,0.0,0.0,26.19,46.847,26.594,0,0,0,0.0,104.5934,3.0375349874528133,-1.633693116457343,1,1,100.441,100.05,-0.39100000000000534,0.0,-0.8100000000000023,-1.644333333333331,0.0,-0.16699999999999804,3.901131271823599,-1.644333333333331,0,0,2022,Monaco Grand Prix,0.0,19,0.0
MAG,9,0 days 00:01:40.050000,WET,9.0,True,0 days 02:21:11.003000,21.7,11,28.2,0 days 00:00:26.528000,0 days 00:00:46.754000,0 days 00:00:26.768000,1,100.05,8471.003,3.407999999999447,False,False,False,False,False,True,9.0,0.0,0.0,26.528,46.754,26.768,0,0,0,0.0,102.7388,2.537366292043761,-1.0596814533365084,0,1,99.631,99.137,-0.4939999999999998,0.0,0.41899999999999693,-1.4549999999999983,0.0,0.1739999999999995,0.48158436436412344,-1.4549999999999983,0,0,2022,Monaco Grand Prix,0.0,19,0.0
MAG,10,0 days 00:01:39.137000,WET,10.0,True,0 days 02:22:50.140000,21.9,11,27.9,0 days 00:00:26.193000,0 days 00:00:46.381000,0 days 00:00:26.563000,12,99.137,8570.14,3.6820000000006985,False,False,False,False,False,True,10.0,0.0,0.0,26.193,46.381,26.563,0,0,1,0.0,101.67399999999999,2.256617047706562,-1.124249239621046,0,0,100.05,98.426,-1.6239999999999952,0.41899999999999693,-0.9129999999999967,-1.400666666666666,0.0,-0.03100000000000236,0.5126994246144585,-1.400666666666666,0,0,2022,Monaco Grand Prix,0.0,19,0.0
MAG,11,0 days 00:01:38.426000,WET,11.0,True,0 days 02:24:28.566000,22.0,11,27.6,0 days 00:00:26.129000,0 days 00:00:45.727000,0 days 00:00:26.570000,12,98.426,8668.566,4.338999999999942,False,False,False,False,False,True,11.0,0.0,0.0,26.129,45.727,26.57,0,0,1,0.0,100.70219999999999,2.042791643805082,-1.114259502139014,0,0,99.137,97.839,-1.2980000000000018,0.0,-0.7109999999999985,-0.43466666666666737,0.0,0.0070000000000014495,0.5197775485724606,-0.43466666666666737,0,0,2022,Monaco Grand Prix,0.0,19,0.0
MAG,12,0 days 00:01:37.839000,WET,12.0,True,0 days 02:26:06.405000,22.0,11,27.1,0 days 00:00:25.976000,0 days 00:00:45.195000,0 days 00:00:26.668000,1,97.839,8766.405,6.84099999999853,False,False,False,False,False,True,12.0,0.0,0.0,25.976,45.195,26.668,0,0,0,0.0,99.537,0.7879628798362597,-2.1549238466066516,1,0,98.426,97.181,-1.2450000000000045,0.0,-0.5870000000000033,-0.4016666666666661,0.0,0.10500000000000043,0.5014137014482126,-0.4016666666666661,0,0,2022,Monaco Grand Prix,0.0,19,0.0
MAG,13,0 days 00:01:37.181000,WET,13.0,True,0 days 02:27:43.586000,21.9,11,27.0,0 days 00:00:25.827000,0 days 00:00:44.618000,0 days 00:00:26.736000,1,97.181,8863.586,7.058000000000902,False,False,False,False,False,True,13.0,0.0,0.0,25.827,44.618,26.736,0,0,0,0.0,99.0166,0.8937909710887912,-2.0537240354575554,1,1,97.839,95.896,-1.9429999999999978,0.0,-0.6580000000000013,-0.7369999999999995,0.0,0.17300000000000182,0.13100687004885006,-0.7369999999999995,0,0,2022,Monaco Grand Prix,0.0,19,0.0
MAG,14,0 days 00:01:35.896000,WET,14.0,True,0 days 02:29:19.482000,21.8,11,26.4,0 days 00:00:25.715000,0 days 00:00:43.971000,0 days 00:00:26.210000,1,95.896,8959.482,2.4130000000004657,False,False,False,False,False,True,14.0,0.0,0.0,25.715,43.971,26.21,0,0,0,0.0,98.5266,1.1165671945744449,-2.355971062720141,1,1,97.181,95.062,-2.1189999999999998,0.0,-1.2849999999999966,-0.652000000000001,0.0,-0.35999999999999943,0.09434405121679154,-0.652000000000001,0,0,2022,Monaco Grand Prix,0.0,19,0.0
MAG,15,0 days 00:01:35.062000,WET,15.0,True,0 days 02:30:54.544000,21.9,11,27.0,0 days 00:00:25.296000,0 days 00:00:43.554000,0 days 00:00:26.212000,1,95.062,9054.544,0.2790000000004511,False,False,False,False,False,True,15.0,0.0,0.0,25.296,43.554,26.212,0,0,0,0.0,97.6958,1.238452138760258,-2.1266869486264937,1,1,95.896,94.853,-1.0430000000000064,0.0,-0.8340000000000032,-0.8433333333333337,0.0,0.0019999999999988916,0.2057406133946251,-0.8433333333333337,0,1,2022,Monaco Grand Prix,0.0,19,0.0
MAG,16,0 days 00:01:34.853000,WET,16.0,True,0 days 02:32:29.397000,21.9,11,26.9,0 days 00:00:25.806000,0 days 00:00:43.130000,0 days 00:00:25.917000,1,94.853,9149.397,0.4569999999985157,False,False,False,False,False,True,16.0,0.0,0.0,25.806,43.13,25.917,0,0,0,0.0,96.8808,1.3850789508182828,-1.464032067487566,0,1,95.062,95.034,-0.027999999999991587,0.0,-0.20900000000000318,-0.925666666666667,0.0,-0.29299999999999926,0.20587690496992747,-0.925666666666667,0,1,2022,Monaco Grand Prix,0.0,19,0.0
MAG,17,0 days 00:01:35.034000,WET,17.0,True,0 days 02:34:04.431000,22.0,11,26.8,0 days 00:00:25.597000,0 days 00:00:43.469000,0 days 00:00:25.968000,12,95.034,9244.431,0.6080000000001746,False,False,False,False,False,True,17.0,0.0,0.0,25.597,43.469,25.968,0,0,1,0.0,96.16619999999999,1.3081321416431522,-0.8655088916153535,0,0,94.853,93.754,-1.0989999999999895,0.0,0.1810000000000116,-0.776000000000001,0.0,0.05099999999999838,0.23905083141456862,-0.776000000000001,0,1,2022,Monaco Grand Prix,0.0,19,0.0
MAG,18,0 days 00:01:33.754000,WET,18.0,True,0 days 02:35:38.185000,22.1,11,27.1,0 days 00:00:25.228000,0 days 00:00:42.699000,0 days 00:00:25.827000,1,93.754,9338.185,0.4819999999999709,False,False,False,False,False,True,18.0,0.0,0.0,25.228,42.699,25.827,0,0,0,0.0,95.6052,0.9688718697536435,-1.9106757640416363,1,0,95.034,97.629,2.594999999999999,0.1810000000000116,-1.2800000000000011,-0.2873333333333316,0.0,-0.08999999999999986,0.2299549955969567,-0.2873333333333316,0,1,2022,Monaco Grand Prix,0.0,19,0.0
MSC,3,0 days 00:01:49.408000,WET,3.0,True,0 days 02:10:59.532000,21.3,15,28.8,0 days 00:00:29.602000,0 days 00:00:50.401000,0 days 00:00:29.405000,1,109.408,7859.532,0.5469999999995707,False,False,False,False,False,True,3.0,0.0,0.0,29.602,50.401,29.405,0,0,0,0.0,95.2664,1.4261768123202454,9.915741076306691,0,0,109.408,99.941,-9.466999999999999,15.653999999999996,0.0,0.9253333333333368,0.0,3.8760000000000012,0.16315728607695193,0.0,0,1,2022,Monaco Grand Prix,0.0,19,0.0
MSC,6,0 days 00:01:39.941000,INTERMEDIATE,2.0,True,0 days 02:16:26.680000,21.6,18,28.3,0 days 00:00:26.944000,0 days 00:00:46.643000,0 days 00:00:26.354000,1,99.941,8186.68,10.145999999998821,False,True,False,False,False,False,2.0,0.0,0.0,26.944,46.643,26.354,0,0,0,0.0,,,0.0,0,0,109.408,101.173,-8.235,0.0,-9.466999999999999,0.0,0.0,0.0,0.0,0.0,0,0,2022,Monaco Grand Prix,0.0,19,0.0
MSC,7,0 days 00:01:41.173000,INTERMEDIATE,3.0,True,0 days 02:18:07.853000,21.8,17,28.2,0 days 00:00:26.919000,0 days 00:00:47.207000,0 days 00:00:27.047000,1,101.173,8287.853,9.173000000000684,False,True,False,False,False,False,3.0,0.0,0.0,26.919,47.207,27.047,0,0,0,0.0,,,0.0,0,0,99.941,100.625,0.6839999999999975,0.0,1.2319999999999993,-4.733499999999999,0.0,0.6930000000000014,0.0,0.0,0,0,2022,Monaco Grand Prix,0.0,19,0.0
MSC,8,0 days 00:01:40.625000,INTERMEDIATE,4.0,True,0 days 02:19:48.478000,21.6,17,28.1,0 days 00:00:27.334000,0 days 00:00:46.369000,0 days 00:00:26.922000,1,100.625,8388.478,1.776000000001659,False,True,False,False,False,False,4.0,0.0,0.0,27.334,46.369,26.922,0,0,0,0.0,103.50733333333334,5.147121169482343,-0.5599894073648197,0,0,101.173,98.209,-2.9639999999999986,1.2319999999999993,-0.5480000000000018,-2.7449999999999997,0.0,0.5680000000000014,2.067007256881311,-4.1175,0,0,2022,Monaco Grand Prix,0.0,19,0.0
MSC,9,0 days 00:01:38.209000,INTERMEDIATE,5.0,True,0 days 02:21:26.687000,21.7,17,28.2,0 days 00:00:26.669000,0 days 00:00:45.354000,0 days 00:00:26.186000,1,98.209,8486.687,2.0429999999996653,False,True,False,False,False,False,5.0,0.0,0.0,26.669,45.354,26.186,0,0,0,0.0,102.78675,4.442844312299645,-1.0303647119316954,0,0,100.625,97.612,-3.0130000000000052,0.6839999999999975,-2.415999999999997,-2.927666666666667,0.0,-0.16799999999999926,1.7539533203594675,-2.927666666666667,0,0,2022,Monaco Grand Prix,0.0,19,0.0
MSC,10,0 days 00:01:37.612000,INTERMEDIATE,6.0,True,0 days 02:23:04.299000,21.9,17,27.9,0 days 00:00:26.767000,0 days 00:00:44.402000,0 days 00:00:26.443000,12,97.612,8584.299,1.532999999999447,False,True,False,False,False,False,6.0,0.0,0.0,26.767,44.402,26.443,0,0,1,0.0,101.8712,4.35836072394197,-0.9772481604385707,0,0,98.209,98.281,0.07200000000000273,0.0,-0.5970000000000084,-0.5773333333333331,0.0,0.25700000000000145,1.6519897699441124,-0.5773333333333331,0,0,2022,Monaco Grand Prix,0.0,19,0.0
MSC,11,0 days 00:01:38.281000,INTERMEDIATE,7.0,True,0 days 02:24:42.580000,21.9,17,27.3,0 days 00:00:26.244000,0 days 00:00:45.149000,0 days 00:00:26.888000,21,98.281,8682.58,0.944999999999709,False,True,False,False,False,False,7.0,0.0,0.0,26.244,45.149,26.888,0,0,1,0.0,99.512,1.5402548490428334,-0.799218389583373,0,0,97.612,98.482,0.8700000000000045,0.0,0.6690000000000111,-1.1870000000000023,0.0,0.7020000000000017,0.3649130033309322,-1.1870000000000023,0,1,2022,Monaco Grand Prix,0.0,19,0.0
MSC,12,0 days 00:01:38.482000,INTERMEDIATE,8.0,True,0 days 02:26:21.062000,22.0,17,27.1,0 days 00:00:26.029000,0 days 00:00:45.411000,0 days 00:00:27.042000,1,98.482,8781.062,0.7710000000006403,False,True,False,False,False,False,8.0,0.0,0.0,26.029,45.411,27.042,0,0,0,0.0,99.18,1.6023217529572398,-0.43561787681642655,0,0,98.281,97.373,-0.9080000000000013,0.6690000000000111,0.2009999999999934,-0.7813333333333313,0.0,0.8560000000000016,0.3700706689268968,-0.7813333333333313,0,1,2022,Monaco Grand Prix,0.0,19,0.0
MSC,13,0 days 00:01:37.373000,INTERMEDIATE,9.0,True,0 days 02:27:58.435000,21.9,17,27.0,0 days 00:00:26.270000,0 days 00:00:44.740000,0 days 00:00:26.363000,1,97.373,8878.435,0.7690000000002328,False,True,False,False,False,False,9.0,0.0,0.0,26.27,44.74,26.363,0,0,0,0.0,98.6418,1.1550539814224998,-1.0984767988396662,0,0,98.482,96.271,-2.2109999999999985,0.8700000000000045,-1.1089999999999947,0.0909999999999987,0.0,-0.08000000000000185,0.40656856740284397,0.0909999999999987,0,1,2022,Monaco Grand Prix,0.0,19,0.0
MSC,14,0 days 00:01:36.271000,INTERMEDIATE,10.0,True,0 days 02:29:34.706000,21.9,17,27.2,0 days 00:00:25.675000,0 days 00:00:44.560000,0 days 00:00:26.036000,1,96.271,8974.706,0.8220000000001164,False,True,False,False,False,False,10.0,0.0,0.0,25.675,44.56,26.036,0,0,0,0.0,97.9914,0.4738853236807082,-3.630414182565315,1,0,97.373,96.308,-1.0649999999999977,0.0,-1.1020000000000039,-0.07966666666666337,0.0,-0.3269999999999982,0.4569231882931764,-0.07966666666666337,0,1,2022,Monaco Grand Prix,0.0,19,0.0
MSC,15,0 days 00:01:36.308000,INTERMEDIATE,11.0,True,0 days 02:31:11.014000,21.9,17,27.0,0 days 00:00:25.826000,0 days 00:00:44.147000,0 days 00:00:26.335000,1,96.308,9071.014,0.7910000000010768,False,True,False,False,False,False,11.0,0.0,0.0,25.826,44.147,26.335,0,0,0,0.0,97.6038,0.8745751540033392,-1.4816336755835307,0,1,96.271,95.793,-0.47799999999999443,0.0,0.03700000000000614,-0.6700000000000017,0.0,0.2989999999999995,0.502101882091674,-0.6700000000000017,0,1,2022,Monaco Grand Prix,0.0,19,0.0
MSC,16,0 days 00:01:35.793000,INTERMEDIATE,12.0,True,0 days 02:32:46.807000,22.1,17,26.9,0 days 00:00:25.619000,0 days 00:00:43.663000,0 days 00:00:26.511000,1,95.793,9166.807,0.6170000000001892,False,True,False,False,False,False,12.0,0.0,0.0,25.619,43.663,26.511,0,0,0,0.0,97.343,1.048626959409284,-1.4781233555860018,0,0,96.308,87.542,-8.766000000000005,0.03700000000000614,-0.5150000000000006,-0.7246666666666641,0.0,0.47499999999999787,0.5019387412822418,-0.7246666666666641,0,1,2022,Monaco Grand Prix,0.0,19,0.0
MSC,19,0 days 00:01:27.542000,HARD,,True,0 days 02:37:58.022000,22.0,20,27.5,0 days 00:00:24.269000,0 days 00:00:39.855000,0 days 00:00:23.418000,12,87.542,9478.022,0.0,True,False,False,False,False,False,0.0,0.0,0.0,24.269,39.855,23.418,0,0,1,0.0,96.8454,1.0820237058401085,-8.598148034822046,1,0,95.793,91.355,-4.438000000000002,0.0,-8.251000000000005,-0.5266666666666661,0.0,-2.618000000000002,0.46420501936105846,-0.5266666666666661,0,0,2022,Monaco Grand Prix,0.0,19,0.0
MSC,20,0 days 00:01:31.355000,HARD,,True,0 days 02:39:29.377000,22.1,19,27.6,0 days 00:00:25.232000,0 days 00:00:39.608000,0 days 00:00:26.515000,21,91.355,9569.377,0.0,True,False,False,False,False,False,0.0,0.0,0.0,25.232,39.608,26.515,0,0,1,0.0,94.65740000000001,4.019364788122623,-0.8216223642498747,0,1,87.542,89.293,1.7510000000000048,0.0,3.8130000000000024,-2.9096666666666664,0.0,3.0970000000000013,1.2518864565127308,-2.9096666666666664,0,0,2022,Monaco Grand Prix,0.0,19,0.0
MSC,21,0 days 00:01:29.293000,HARD,,True,0 days 02:40:58.670000,22.1,18,27.3,0 days 00:00:24.390000,0 days 00:00:40.039000,0 days 00:00:24.864000,1,89.293,9658.67,13.110000000000582,True,False,False,False,False,False,0.0,0.0,0.0,24.39,40.039,24.864,0,0,0,0.0,93.4538,3.902219586338016,-1.0662649571457459,0,0,91.355,94.264,2.908999999999992,3.8130000000000024,-2.0619999999999976,-1.651000000000001,0.0,1.4460000000000015,2.0430242778782643,-1.651000000000001,0,0,2022,Monaco Grand Prix,0.0,19,0.0
MSC,22,0 days 00:01:34.264000,HARD,,True,0 days 02:42:32.934000,22.2,17,27.3,0 days 00:00:25.141000,0 days 00:00:42.121000,0 days 00:00:27.002000,1,94.264,9752.934,11.548000000000684,True,False,False,False,False,False,0.0,0.0,0.0,25.141,42.121,27.002,0,0,0,0.0,92.05820000000001,3.8905788386819857,0.5669593372762092,0,0,89.293,90.256,0.9629999999999939,1.7510000000000048,4.970999999999989,-2.1666666666666665,0.0,3.5839999999999996,2.0853270007363367,-2.1666666666666665,0,0,2022,Monaco Grand Prix,0.0,19,0.0
MSC,23,0 days 00:01:30.256000,HARD,,True,0 days 02:44:03.190000,22.2,17,27.6,0 days 00:00:26.179000,0 days 00:00:41.701000,0 days 00:00:22.376000,1,90.256,9843.19,14.712999999999738,True,False,False,False,False,False,0.0,0.0,0.0,26.179,41.701,22.376,0,0,0,0.0,91.64940000000001,3.4101166109093777,-0.4086077278244263,0,0,94.264,84.778,-9.48599999999999,6.721999999999994,-4.007999999999996,2.2406666666666646,0.0,-2.4879999999999995,2.4721083511852804,2.2406666666666646,0,0,2022,Monaco Grand Prix,0.0,19,0.0
NOR,3,0 days 00:01:46.290000,WET,3.0,True,0 days 02:10:47.238000,21.3,5,28.8,0 days 00:00:28.849000,0 days 00:00:49.552000,0 days 00:00:27.889000,1,106.29,7847.238,1.231999999999971,False,False,False,False,False,True,3.0,0.0,0.0,28.849,49.552,27.889,0,0,0,0.0,89.98920000000001,3.458750019877135,4.712916488997678,0,0,106.29,102.012,-4.278000000000006,21.512,0.0,-1.5050000000000001,0.0,5.512999999999998,2.448154447742217,0.0,0,0,2022,Monaco Grand Prix,0.0,19,0.0
NOR,4,0 days 00:01:42.012000,WET,4.0,True,0 days 02:12:29.250000,21.4,5,28.6,0 days 00:00:27.233000,0 days 00:00:47.806000,0 days 00:00:26.973000,1,102.012,7949.25,1.7399999999997817,False,False,False,False,False,True,4.0,0.0,0.0,27.233,47.806,26.973,0,0,0,0.0,,,0.0,0,0,106.29,101.122,-5.168000000000006,0.0,-4.278000000000006,0.0,0.0,0.0,0.0,0.0,0,0,2022,Monaco Grand Prix,0.0,19,0.0
NOR,5,0 days 00:01:41.122000,WET,5.0,True,0 days 02:14:10.372000,21.6,5,28.5,0 days 00:00:26.975000,0 days 00:00:47.349000,0 days 00:00:26.798000,1,101.122,8050.372,1.2579999999998108,False,False,False,False,False,True,5.0,0.0,0.0,26.975,47.349,26.798,0,0,0,0.0,,,0.0,0,0,102.012,99.975,-2.037000000000006,0.0,-0.8900000000000006,-2.139000000000003,0.0,-0.1750000000000007,0.0,0.0,0,0,2022,Monaco Grand Prix,0.0,19,0.0
NOR,6,0 days 00:01:39.975000,WET,6.0,True,0 days 02:15:50.347000,21.6,5,28.3,0 days 00:00:26.294000,0 days 00:00:47.169000,0 days 00:00:26.512000,12,99.975,8150.347,0.8530000000000655,False,False,False,False,False,True,6.0,0.0,0.0,26.294,47.169,26.512,0,0,1,0.0,103.14133333333332,2.7628972715852784,-1.1460192045130102,0,0,101.122,98.694,-2.4279999999999973,0.0,-1.1470000000000056,-1.7226666666666688,0.0,-0.2859999999999978,3.2346338793336917,-2.584000000000003,0,1,2022,Monaco Grand Prix,0.0,19,0.0
NOR,7,0 days 00:01:38.694000,WET,7.0,True,0 days 02:17:29.041000,21.7,5,28.5,0 days 00:00:25.906000,0 days 00:00:46.532000,0 days 00:00:26.256000,1,98.694,8249.041,1.2530000000006112,False,False,False,False,False,True,7.0,0.0,0.0,25.906,46.532,26.256,0,0,0,0.0,102.34975,2.755990611377339,-1.3264740398273682,0,0,99.975,98.673,-1.3019999999999925,0.0,-1.2809999999999917,-2.105000000000004,0.0,-0.2560000000000002,2.8357782000713656,-2.105000000000004,0,0,2022,Monaco Grand Prix,0.0,19,0.0
NOR,8,0 days 00:01:38.673000,WET,8.0,True,0 days 02:19:07.714000,21.7,5,28.1,0 days 00:00:25.870000,0 days 00:00:46.456000,0 days 00:00:26.347000,1,98.673,8347.714,1.5239999999994325,False,False,False,False,False,True,8.0,0.0,0.0,25.87,46.456,26.347,0,0,0,0.0,101.6186,2.8930113722555646,-1.0181778157696744,0,0,98.694,98.35,-0.3440000000000083,0.0,-0.021000000000000796,-1.1059999999999992,0.0,0.09100000000000108,2.5480778441798035,-1.1059999999999992,0,0,2022,Monaco Grand Prix,0.0,19,0.0
NOR,9,0 days 00:01:38.350000,WET,9.0,True,0 days 02:20:46.064000,21.7,5,28.2,0 days 00:00:25.874000,0 days 00:00:46.186000,0 days 00:00:26.290000,1,98.35,8446.064,1.3009999999994761,False,False,False,False,False,True,9.0,0.0,0.0,25.874,46.186,26.29,0,0,0,0.0,100.0952,1.4772358308679119,-1.1813956604171074,0,0,98.673,97.38,-1.2930000000000064,0.0,-0.3230000000000075,-0.8163333333333327,0.0,0.03399999999999892,0.164212362506603,-0.8163333333333327,0,0,2022,Monaco Grand Prix,0.0,19,0.0
NOR,10,0 days 00:01:37.380000,WET,10.0,True,0 days 02:22:23.444000,21.9,5,28.3,0 days 00:00:25.575000,0 days 00:00:45.658000,0 days 00:00:26.147000,12,97.38,8543.444,1.7730000000010477,False,False,False,False,False,True,10.0,0.0,0.0,25.575,45.658,26.147,0,0,1,0.0,99.3628,1.1638787307963097,-1.7036139140057944,1,0,98.35,96.416,-1.9339999999999975,0.0,-0.9699999999999989,-0.5416666666666666,0.0,-0.10900000000000176,0.1712463138289403,-0.5416666666666666,0,0,2022,Monaco Grand Prix,0.0,19,0.0
NOR,11,0 days 00:01:36.416000,WET,11.0,True,0 days 02:23:59.860000,22.0,5,27.6,0 days 00:00:25.564000,0 days 00:00:44.643000,0 days 00:00:26.209000,12,96.416,8639.86,1.8879999999990105,False,False,False,False,False,True,11.0,0.0,0.0,25.564,44.643,26.209,0,0,1,0.0,98.6144,0.9293348696783299,-2.3655628038157412,1,1,97.38,95.567,-1.8130000000000024,0.0,-0.9639999999999986,-0.4380000000000024,0.0,0.062000000000001165,0.16831131869247498,-0.4380000000000024,0,0,2022,Monaco Grand Prix,0.0,19,0.0
NOR,12,0 days 00:01:35.567000,WET,12.0,True,0 days 02:25:35.427000,22.0,5,27.1,0 days 00:00:25.162000,0 days 00:00:44.419000,0 days 00:00:25.986000,1,95.567,8735.427,2.7770000000000437,False,False,False,False,False,True,12.0,0.0,0.0,25.162,44.419,25.986,0,0,0,0.0,97.90259999999999,0.987811621717449,-2.364418426196719,1,1,96.416,94.623,-1.7929999999999922,0.0,-0.8490000000000038,-0.752333333333335,0.0,-0.1609999999999978,0.1452249978481673,-0.752333333333335,0,0,2022,Monaco Grand Prix,0.0,19,0.0
NOR,13,0 days 00:01:34.623000,WET,13.0,True,0 days 02:27:10.050000,22.0,5,27.0,0 days 00:00:24.988000,0 days 00:00:43.585000,0 days 00:00:26.050000,1,94.623,8830.05,3.9500000000007276,False,False,False,False,False,True,13.0,0.0,0.0,24.988,43.585,26.05,0,0,0,0.0,97.2772,1.3015543400104626,-2.039254081376774,1,1,95.567,94.3,-1.266999999999996,0.0,-0.9439999999999884,-0.9276666666666671,0.0,0.06400000000000006,0.11147331519247117,-0.9276666666666671,0,0,2022,Monaco Grand Prix,0.0,19,0.0
NOR,14,0 days 00:01:34.300000,WET,14.0,True,0 days 02:28:44.350000,21.8,5,26.4,0 days 00:00:24.915000,0 days 00:00:43.484000,0 days 00:00:25.901000,1,94.3,8924.35,4.467999999998938,False,False,False,False,False,True,14.0,0.0,0.0,24.915,43.484,25.901,0,0,0,0.0,96.46719999999999,1.4656222910422982,-1.4786893002690065,0,1,94.623,94.306,-0.3170000000000073,0.0,-0.3230000000000075,-0.9189999999999969,0.0,-0.08500000000000085,0.1054490398249314,-0.9189999999999969,0,0,2022,Monaco Grand Prix,0.0,19,0.0
NOR,15,0 days 00:01:34.306000,WET,15.0,True,0 days 02:30:18.656000,21.9,5,27.2,0 days 00:00:25.045000,0 days 00:00:43.237000,0 days 00:00:26.024000,1,94.306,9018.656,3.958999999998923,False,False,False,False,False,True,15.0,0.0,0.0,25.045,43.237,26.024,0,0,0,0.0,95.6572,1.2711721755923142,-1.0629559283504626,0,0,94.3,93.692,-0.6080000000000041,0.0,0.006000000000000227,-0.7053333333333333,0.0,0.12300000000000111,0.10305192865735233,-0.7053333333333333,0,0,2022,Monaco Grand Prix,0.0,19,0.0
NOR,16,0 days 00:01:33.692000,WET,16.0,True,0 days 02:31:52.348000,21.9,4,26.9,0 days 00:00:24.820000,0 days 00:00:43.084000,0 days 00:00:25.788000,1,93.692,9112.348,3.930000000000291,False,False,False,False,False,True,16.0,0.0,0.0,24.82,43.084,25.788,0,0,0,0.0,95.0424,0.9261912869381279,-1.4580141478811148,0,0,94.306,86.302,-8.00399999999999,0.006000000000000227,-0.6140000000000043,-0.4203333333333319,0.0,-0.11299999999999955,0.11854661530385416,-0.4203333333333319,0,0,2022,Monaco Grand Prix,0.0,19,0.0
NOR,19,0 days 00:01:26.302000,INTERMEDIATE,,True,0 days 02:36:39.219000,22.0,7,27.1,0 days 00:00:23.152000,0 days 00:00:39.457000,0 days 00:00:23.693000,1,86.302,9399.219,16.57800000000134,False,True,False,False,False,False,0.0,0.0,0.0,23.152,39.457,23.693,0,0,0,0.0,94.4976,0.686310643950761,-11.941531247165077,1,0,93.692,89.578,-4.11399999999999,0.0,-7.389999999999986,-0.3103333333333372,0.0,-2.094999999999999,0.12167908612411574,-0.3103333333333372,0,0,2022,Monaco Grand Prix,0.0,19,0.0
NOR,20,0 days 00:01:29.578000,INTERMEDIATE,,True,0 days 02:38:08.797000,22.0,7,27.5,0 days 00:00:23.154000,0 days 00:00:41.282000,0 days 00:00:25.142000,12,89.578,9488.797,18.61499999999978,False,True,False,False,False,False,0.0,0.0,0.0,23.154,41.282,25.142,0,0,1,0.0,92.6446,3.5616108434246465,-0.8610148988235117,0,1,86.302,90.358,4.055999999999997,0.0,3.2759999999999962,-2.665999999999997,0.0,1.448999999999998,0.9409033956788547,-2.665999999999997,0,0,2022,Monaco Grand Prix,0.0,19,0.0
NOR,21,0 days 00:01:30.358000,INTERMEDIATE,,True,0 days 02:39:39.155000,22.2,5,27.4,0 days 00:00:24.653000,0 days 00:00:41.882000,0 days 00:00:23.823000,1,90.358,9579.155,19.511999999998807,False,True,False,False,False,False,0.0,0.0,0.0,24.653,41.882,23.823,0,0,0,0.0,91.6356,3.575606633845503,-0.3573099982270577,0,0,89.578,82.845,-6.733000000000004,3.2759999999999962,0.7800000000000011,-1.575999999999998,0.0,0.129999999999999,1.266864317912537,-1.575999999999998,0,0,2022,Monaco Grand Prix,0.0,19,0.0
NOR,24,0 days 00:01:22.845000,HARD,2.0,True,0 days 02:44:15.393000,22.2,6,27.6,0 days 00:00:22.501000,0 days 00:00:38.074000,0 days 00:00:22.270000,1,82.845,9855.393,10.09100000000035,True,False,False,False,False,False,2.0,0.0,0.0,22.501,38.074,22.27,0,0,0,0.0,90.8472,3.262101040740452,-2.4530815876210914,1,0,90.358,82.424,-7.9339999999999975,4.055999999999997,-7.513000000000005,-1.1113333333333297,0.0,-1.4230000000000018,1.2730098978405462,-1.1113333333333297,0,0,2022,Monaco Grand Prix,0.0,19,0.0
NOR,25,0 days 00:01:22.424000,HARD,3.0,True,0 days 02:45:37.817000,22.3,6,27.9,0 days 00:00:21.812000,0 days 00:00:38.274000,0 days 00:00:22.338000,1,82.424,9937.817,12.47400000000016,True,False,False,False,False,False,3.0,0.0,0.0,21.812,38.274,22.338,0,0,0,0.0,88.555,4.134193270760318,-1.4829979148198966,0,1,82.845,117.922,35.077,0.0,-0.42099999999999227,-1.1523333333333359,0.0,0.06800000000000139,1.3875412786652506,-1.1523333333333359,0,0,2022,Monaco Grand Prix,0.0,19,0.0
NOR,32,0 days 00:01:57.922000,HARD,10.0,True,0 days 03:18:59.568000,21.9,6,28.3,0 days 00:00:33.541000,0 days 00:00:54.198000,0 days 00:00:30.183000,1,117.922,11939.568,0.364000000001397,True,False,False,False,False,False,10.0,0.0,0.0,33.541,54.198,30.183,0,0,0,0.0,86.3014,3.6801169546632444,8.592281275173086,0,0,82.424,83.845,1.4209999999999923,0.0,35.49799999999999,-2.3846666666666656,0.0,7.913,1.3995491059623448,-2.3846666666666656,0,1,2022,Monaco Grand Prix,0.0,19,0.0
NOR,33,0 days 00:01:23.845000,HARD,11.0,True,0 days 03:20:23.413000,21.9,6,28.5,0 days 00:00:22.943000,0 days 00:00:38.946000,0 days 00:00:21.956000,1,83.845,12023.413,1.3239999999987049,True,False,False,False,False,False,11.0,0.0,0.0,22.943,38.946,21.956,0,0,0,0.0,92.6254,14.61224236043188,-0.6008934004390881,0,0,117.922,82.279,-35.643,35.49799999999999,-34.077,9.187999999999997,0.0,-0.31400000000000006,3.6578500926090456,9.187999999999997,0,0,2022,Monaco Grand Prix,0.0,19,0.0
NOR,34,0 days 00:01:22.279000,HARD,12.0,True,0 days 03:21:45.692000,22.0,6,28.8,0 days 00:00:21.922000,0 days 00:00:38.441000,0 days 00:00:21.916000,1,82.279,12105.692,1.9420000000009168,True,False,False,False,False,False,12.0,0.0,0.0,21.922,38.441,21.916,0,0,0,0.0,91.4788,15.127010831621686,-0.6081703849096636,0,0,83.845,80.726,-3.1189999999999998,1.4209999999999923,-1.5660000000000025,0.3333333333333333,0.0,-0.03999999999999915,3.762812870712547,0.3333333333333333,0,0,2022,Monaco Grand Prix,0.0,19,0.0
NOR,35,0 days 00:01:20.726000,HARD,13.0,True,0 days 03:23:06.418000,22.1,6,28.8,0 days 00:00:21.742000,0 days 00:00:37.837000,0 days 00:00:21.147000,1,80.726,12186.418,3.967000000000553,True,False,False,False,False,False,13.0,0.0,0.0,21.742,37.837,21.147,0,0,0,0.0,89.863,15.69738756927406,-0.5820713771433338,0,0,82.279,79.504,-2.7749999999999915,0.0,-1.5529999999999973,-0.048333333333336746,0.0,-0.7690000000000019,3.776486290190923,-0.048333333333336746,0,0,2022,Monaco Grand Prix,0.0,19,0.0
NOR,36,0 days 00:01:19.504000,HARD,14.0,True,0 days 03:24:25.922000,22.2,6,28.9,0 days 00:00:21.462000,0 days 00:00:37.183000,0 days 00:00:20.859000,1,79.504,12265.922,6.721999999999753,True,False,False,False,False,False,14.0,0.0,0.0,21.462,37.183,20.859,0,0,0,0.0,89.4392,15.960625918177513,-0.6224818532138406,0,0,80.726,78.281,-2.444999999999993,0.0,-1.2219999999999942,-12.398666666666665,0.0,-0.2879999999999967,3.671012026676023,-12.398666666666665,0,0,2022,Monaco Grand Prix,0.0,19,0.0
NOR,37,0 days 00:01:18.281000,HARD,15.0,True,0 days 03:25:44.203000,22.3,6,29.1,0 days 00:00:21.033000,0 days 00:00:36.722000,0 days 00:00:20.526000,1,78.281,12344.203,10.19300000000112,True,False,False,False,False,False,15.0,0.0,0.0,21.033,36.722,20.526,0,0,0,0.0,88.8552,16.330617003040633,-0.6475076843717024,0,0,79.504,77.218,-2.2860000000000014,0.0,-1.222999999999999,-1.446999999999998,0.0,-0.33300000000000196,3.7059030343493875,-1.446999999999998,0,0,2022,Monaco Grand Prix,0.0,19,0.0
NOR,38,0 days 00:01:17.218000,HARD,16.0,True,0 days 03:27:01.421000,22.3,6,29.1,0 days 00:00:20.632000,0 days 00:00:36.116000,0 days 00:00:20.470000,1,77.218,12421.421,14.42699999999968,True,False,False,False,False,False,16.0,0.0,0.0,20.632,36.116,20.47,0,0,0,0.0,80.92699999999999,2.2027978799698062,-1.6837677363530186,1,0,78.281,78.122,-0.15900000000000603,0.0,-1.0630000000000024,-1.3326666666666636,0.0,-0.05600000000000094,0.2631932749900713,-1.3326666666666636,0,0,2022,Monaco Grand Prix,0.0,19,0.0
NOR,39,0 days 00:01:18.122000,HARD,17.0,True,0 days 03:28:19.543000,22.4,6,28.8,0 days 00:00:20.808000,0 days 00:00:36.724000,0 days 00:00:20.590000,1,78.122,12499.543,16.637000000000626,True,False,False,False,False,False,17.0,0.0,0.0,20.808,36.724,20.59,0,0,0,0.0,79.6016,1.9917206882490939,-0.7428752478846368,0,1,77.218,77.161,-0.05700000000000216,0.0,0.9039999999999964,-1.1693333333333318,0.0,0.120000000000001,0.29508083638216687,-1.1693333333333318,0,0,2022,Monaco Grand Prix,0.0,19,0.0
NOR,40,0 days 00:01:17.161000,HARD,18.0,True,0 days 03:29:36.704000,22.3,6,28.7,0 days 00:00:20.522000,0 days 00:00:36.244000,0 days 00:00:20.395000,1,77.161,12576.704,19.18499999999949,True,False,False,False,False,False,18.0,0.0,0.0,20.522,36.244,20.395,0,0,0,0.0,78.7702,1.363123325308251,-1.1805241463651892,0,0,78.122,78.284,0.16200000000000614,0.9039999999999964,-0.9609999999999985,-0.46066666666666833,0.0,-0.07499999999999929,0.3358105120451104,-0.46066666666666833,0,0,2022,Monaco Grand Prix,0.0,19,0.0
NOR,41,0 days 00:01:18.284000,HARD,19.0,True,0 days 03:30:54.988000,22.4,6,28.9,0 days 00:00:20.926000,0 days 00:00:36.707000,0 days 00:00:20.651000,1,78.284,12654.988,20.909999999999854,True,False,False,False,False,False,19.0,0.0,0.0,20.926,36.707,20.651,0,0,0,0.0,78.05720000000001,0.9558957579147453,0.2372643649917998,0,0,77.161,77.291,0.12999999999999545,0.0,1.1230000000000047,-0.37333333333333485,0.0,0.2560000000000002,0.18514129739201543,-0.37333333333333485,0,0,2022,Monaco Grand Prix,0.0,19,0.0
NOR,42,0 days 00:01:17.291000,HARD,20.0,True,0 days 03:32:12.279000,22.5,6,29.1,0 days 00:00:20.560000,0 days 00:00:36.492000,0 days 00:00:20.239000,1,77.291,12732.279,23.693999999999505,True,False,False,False,False,False,20.0,0.0,0.0,20.56,36.492,20.239,0,0,0,0.0,77.81320000000001,0.5734707490355548,-0.9105957032302551,0,0,78.284,76.745,-1.5390000000000015,1.1230000000000047,-0.9930000000000092,0.35533333333333417,0.0,-0.1559999999999988,0.22250685382702048,0.35533333333333417,0,0,2022,Monaco Grand Prix,0.0,19,0.0
NOR,43,0 days 00:01:16.745000,HARD,21.0,True,0 days 03:33:29.024000,22.5,6,29.4,0 days 00:00:20.261000,0 days 00:00:36.237000,0 days 00:00:20.247000,1,76.745,12809.024,26.709000000000742,True,False,False,False,False,False,21.0,0.0,0.0,20.261,36.237,20.247,0,0,0,0.0,77.6152,0.5415973596680432,-1.606728660075746,1,0,77.291,77.03,-0.2609999999999957,0.12999999999999545,-0.5459999999999923,-0.277000000000001,0.0,0.007999999999999119,0.16691974119318131,-0.277000000000001,0,0,2022,Monaco Grand Prix,0.0,19,0.0
NOR,44,0 days 00:01:17.030000,HARD,22.0,True,0 days 03:34:46.054000,22.4,6,29.5,0 days 00:00:20.253000,0 days 00:00:36.433000,0 days 00:00:20.344000,1,77.03,12886.054,29.05199999999968,True,False,False,False,False,False,22.0,0.0,0.0,20.253,36.433,20.344,0,0,0,0.0,77.5206,0.6572756651507736,-0.7464143676876597,0,1,76.745,76.804,0.0589999999999975,0.0,0.2849999999999966,-0.1386666666666656,0.0,0.10500000000000043,0.16223378193211976,-0.1386666666666656,0,0,2022,Monaco Grand Prix,0.0,19,0.0
NOR,45,0 days 00:01:16.804000,HARD,23.0,True,0 days 03:36:02.858000,22.4,6,29.0,0 days 00:00:20.337000,0 days 00:00:36.127000,0 days 00:00:20.340000,1,76.804,12962.858,31.29399999999987,True,False,False,False,False,False,23.0,0.0,0.0,20.337,36.127,20.34,0,0,0,0.0,77.3022,0.5849270894730255,-0.8517300856228716,0,0,77.03,77.342,0.3119999999999976,0.2849999999999966,-0.2259999999999991,-0.41800000000000165,0.0,0.10099999999999909,0.16029441662141125,-0.41800000000000165,0,0,2022,Monaco Grand Prix,0.0,19,0.0
NOR,46,0 days 00:01:17.342000,HARD,24.0,True,0 days 03:37:20.200000,22.3,6,28.7,0 days 00:00:20.577000,0 days 00:00:36.383000,0 days 00:00:20.382000,1,77.342,13040.2,32.68199999999888,True,False,False,False,False,False,24.0,0.0,0.0,20.577,36.383,20.382,0,0,0,0.0,77.23080000000002,0.6267644693179263,0.1774191190528004,0,0,76.804,77.354,0.5499999999999972,0.0589999999999975,0.5379999999999967,-0.16233333333333158,0.0,0.13500000000000156,0.15119755289024542,-0.16233333333333158,0,0,2022,Monaco Grand Prix,0.0,19,0.0
NOR,47,0 days 00:01:17.354000,HARD,25.0,True,0 days 03:38:37.554000,22.5,6,29.0,0 days 00:00:20.405000,0 days 00:00:36.521000,0 days 00:00:20.428000,1,77.354,13117.554,33.82899999999972,True,False,False,False,False,False,25.0,0.0,0.0,20.405,36.521,20.428,0,0,0,0.0,77.0424,0.2724872474068701,1.143539754485194,0,0,77.342,77.496,0.15399999999999636,0.5969999999999942,0.012000000000000455,0.19899999999999807,0.0,0.08800000000000097,0.1187446840915357,0.19899999999999807,0,0,2022,Monaco Grand Prix,0.0,19,0.0
NOR,48,0 days 00:01:17.496000,HARD,26.0,True,0 days 03:39:55.050000,22.5,6,29.6,0 days 00:00:20.432000,0 days 00:00:36.684000,0 days 00:00:20.380000,1,77.496,13195.05,34.95600000000013,True,False,False,False,False,False,26.0,0.0,0.0,20.432,36.684,20.38,0,0,0,0.0,77.05499999999999,0.28787844656968153,1.5318965530587494,0,0,77.354,78.667,1.3130000000000024,0.6089999999999947,0.1419999999999959,0.10799999999999936,0.0,0.03999999999999915,0.047605671930965564,0.10799999999999936,0,0,2022,Monaco Grand Prix,0.0,19,0.0
NOR,49,0 days 00:01:18.667000,HARD,27.0,True,0 days 03:41:13.717000,22.6,6,29.7,0 days 00:00:20.506000,0 days 00:00:36.639000,0 days 00:00:21.522000,1,78.667,13273.717,33.83100000000013,True,False,False,False,False,False,27.0,0.0,0.0,20.506,36.639,21.522,0,0,0,0.0,77.20519999999999,0.28154786449088115,5.192012387106407,0,0,77.496,78.345,0.8490000000000038,0.6919999999999931,1.1710000000000065,0.23066666666666436,0.0,1.1419999999999995,0.03465111830805326,0.23066666666666436,0,0,2022,Monaco Grand Prix,0.0,19,0.0
NOR,50,0 days 00:01:18.345000,HARD,28.0,True,0 days 03:42:32.062000,22.5,6,29.8,0 days 00:00:20.726000,0 days 00:00:36.855000,0 days 00:00:20.764000,1,78.345,13352.062,31.368000000000393,True,False,False,False,False,False,28.0,0.0,0.0,20.726,36.855,20.764,0,0,0,0.0,77.5326,0.6868928591850245,1.1827172012879594,0,0,78.667,78.574,-0.09300000000000352,1.8629999999999995,-0.32200000000000273,0.4416666666666676,0.0,0.38400000000000034,0.47125545089685533,0.4416666666666676,0,0,2022,Monaco Grand Prix,0.0,19,0.0
NOR,53,0 days 00:01:18.574000,MEDIUM,2.0,True,0 days 03:46:50.140000,22.4,6,29.2,0 days 00:00:20.732000,0 days 00:00:37.011000,0 days 00:00:20.831000,1,78.574,13610.14,9.647000000000844,False,False,True,False,False,False,2.0,0.0,0.0,20.732,37.011,20.831,0,0,0,0.0,77.84079999999999,0.6207831344353476,1.18108878822379,0,0,78.345,76.975,-1.3700000000000045,1.0030000000000001,0.2289999999999992,0.3303333333333332,0.0,0.4510000000000005,0.4580078601945586,0.3303333333333332,0,0,2022,Monaco Grand Prix,0.0,19,0.0
NOR,54,0 days 00:01:16.975000,MEDIUM,3.0,True,0 days 03:48:07.115000,22.4,6,29.2,0 days 00:00:20.524000,0 days 00:00:36.131000,0 days 00:00:20.320000,1,76.975,13687.115,9.807000000000698,False,False,True,False,False,False,3.0,0.0,0.0,20.524,36.131,20.32,0,0,0,0.0,78.0872,0.6177990773701194,-1.8002616720220346,1,0,78.574,74.693,-3.8810000000000002,1.2199999999999989,-1.5990000000000038,0.35933333333333434,0.0,-0.44399999999999906,0.4410668883514138,0.35933333333333434,0,0,2022,Monaco Grand Prix,0.0,19,0.0
NOR,55,0 days 00:01:14.693000,MEDIUM,4.0,True,0 days 03:49:21.808000,22.5,6,29.1,0 days 00:00:19.751000,0 days 00:00:35.209000,0 days 00:00:19.733000,1,74.693,13761.808,12.437999999998283,False,False,True,False,False,False,4.0,0.0,0.0,19.751,35.209,19.733,0,0,0,0.0,78.01140000000001,0.7411783186247257,-4.477195185845941,1,1,76.975,76.057,-0.9179999999999922,0.0,-2.2819999999999965,-0.5640000000000024,0.0,-0.5869999999999997,0.5828574439775118,-0.5640000000000024,0,0,2022,Monaco Grand Prix,0.0,19,0.0
NOR,56,0 days 00:01:16.057000,MEDIUM,5.0,True,0 days 03:50:37.865000,22.4,6,29.1,0 days 00:00:20.393000,0 days 00:00:35.605000,0 days 00:00:20.059000,12,76.057,13837.865,14.180000000000291,False,False,True,False,False,False,5.0,0.0,0.0,20.393,35.605,20.059,0,0,1,0.0,77.4508,1.6861317267637728,-0.826625807388814,0,1,74.693,75.402,0.7090000000000032,0.0,1.3640000000000043,-1.2173333333333336,0.0,0.3260000000000005,0.7102363691053832,-1.2173333333333336,0,0,2022,Monaco Grand Prix,0.0,19,0.0
NOR,57,0 days 00:01:15.402000,MEDIUM,6.0,True,0 days 03:51:53.267000,22.5,6,29.1,0 days 00:00:19.988000,0 days 00:00:35.427000,0 days 00:00:19.987000,1,75.402,13913.267,17.56999999999971,False,False,True,False,False,False,6.0,0.0,0.0,19.988,35.427,19.987,0,0,0,0.0,76.9288,1.6181221214727204,-0.9435628990785875,0,0,76.057,76.105,0.04800000000000182,1.3640000000000043,-0.6550000000000011,-0.8389999999999986,0.0,0.2539999999999978,0.49886320770327275,-0.8389999999999986,0,0,2022,Monaco Grand Prix,0.0,19,0.0
NOR,58,0 days 00:01:16.105000,MEDIUM,7.0,True,0 days 03:53:09.372000,22.4,6,29.1,0 days 00:00:20.129000,0 days 00:00:36.001000,0 days 00:00:19.975000,1,76.105,13989.372,19.9950000000008,False,False,True,False,False,False,7.0,0.0,0.0,20.129,36.001,19.975,0,0,0,0.0,76.3402,1.5055333606398003,-0.1562237052655146,0,0,75.402,74.848,-0.554000000000002,0.7090000000000032,0.703000000000003,-0.5243333333333311,0.0,0.24200000000000088,0.47851280024676285,-0.5243333333333311,0,0,2022,Monaco Grand Prix,0.0,19,0.0
NOR,59,0 days 00:01:14.848000,MEDIUM,8.0,True,0 days 03:54:24.220000,22.4,6,29.5,0 days 00:00:19.864000,0 days 00:00:35.136000,0 days 00:00:19.848000,1,74.848,14064.22,21.09100000000035,False,False,True,False,False,False,8.0,0.0,0.0,19.864,35.136,19.848,0,0,0,0.0,75.8464,0.8533444790935055,-1.169984718317494,0,0,76.105,75.836,-0.26900000000000546,1.4120000000000061,-1.257000000000005,0.47066666666666873,0.0,-0.12700000000000244,0.43655606741860586,0.47066666666666873,0,0,2022,Monaco Grand Prix,0.0,19,0.0
NOR,60,0 days 00:01:15.836000,MEDIUM,9.0,True,0 days 03:55:40.056000,22.3,6,29.1,0 days 00:00:19.838000,0 days 00:00:35.954000,0 days 00:00:20.044000,12,75.836,14140.056,23.027000000000044,False,False,True,False,False,False,9.0,0.0,0.0,19.838,35.954,20.044,0,0,1,0.0,75.421,0.6578423063313573,0.6308502752192334,0,0,74.848,75.314,0.465999999999994,0.15500000000000114,0.9879999999999995,-0.4030000000000011,0.0,0.1960000000000015,0.38331488361397964,-0.4030000000000011,0,0,2022,Monaco Grand Prix,0.0,19,0.0
NOR,61,0 days 00:01:15.314000,MEDIUM,10.0,True,0 days 03:56:55.370000,22.3,6,29.1,0 days 00:00:19.750000,0 days 00:00:35.704000,0 days 00:00:19.860000,1,75.314,14215.37,25.411000000000058,False,False,True,False,False,False,10.0,0.0,0.0,19.75,35.704,19.86,0,0,0,0.0,75.64959999999999,0.527251647697152,-0.6365082052674109,0,0,75.836,75.383,-0.45300000000000296,0.9879999999999995,-0.5220000000000056,0.14466666666666583,0.0,0.012000000000000455,0.17686492020748235,0.14466666666666583,0,0,2022,Monaco Grand Prix,0.0,19,0.0
NOR,62,0 days 00:01:15.383000,MEDIUM,11.0,True,0 days 03:58:10.753000,22.2,6,29.1,0 days 00:00:19.908000,0 days 00:00:35.537000,0 days 00:00:19.938000,1,75.383,14290.753,27.501000000000204,False,False,True,False,False,False,11.0,0.0,0.0,19.908,35.537,19.938,0,0,0,0.0,75.501,0.4868829428100347,-0.24235804877241063,0,0,75.314,75.164,-0.14999999999999147,0.465999999999994,0.06900000000000261,-0.2636666666666703,0.0,0.08999999999999986,0.1667207245665606,-0.2636666666666703,0,0,2022,Monaco Grand Prix,0.0,19,0.0
NOR,63,0 days 00:01:15.164000,MEDIUM,12.0,True,0 days 03:59:25.917000,22.2,6,28.9,0 days 00:00:19.686000,0 days 00:00:35.568000,0 days 00:00:19.910000,1,75.164,14365.917,31.546000000000276,False,False,True,False,False,False,12.0,0.0,0.0,19.686,35.568,19.91,0,0,0,0.0,75.49719999999999,0.48792181750702623,-0.682896292078992,0,0,75.383,77.069,1.686000000000007,0.5349999999999966,-0.2189999999999941,0.1783333333333322,0.0,0.05000000000000071,0.14768141386105132,0.1783333333333322,0,0,2022,Monaco Grand Prix,0.0,19,0.0
OCO,3,0 days 00:01:48.949000,WET,3.0,True,0 days 02:10:54.564000,21.3,10,28.8,0 days 00:00:29.908000,0 days 00:00:50.270000,0 days 00:00:28.771000,1,108.949,7854.564,1.113999999999578,False,False,False,False,False,True,3.0,0.0,0.0,29.908,50.27,28.771,0,0,0,0.0,75.7532,0.7770596502195661,42.71975773110878,0,0,108.949,104.686,-4.262999999999991,33.785,0.0,0.5850000000000032,0.0,8.861,0.4347884543085278,0.0,0,0,2022,Monaco Grand Prix,0.0,19,0.0
OCO,4,0 days 00:01:44.686000,WET,4.0,True,0 days 02:12:39.250000,21.5,10,28.5,0 days 00:00:28.248000,0 days 00:00:48.603000,0 days 00:00:27.835000,1,104.686,7959.25,2.0919999999996435,False,False,False,False,False,True,4.0,0.0,0.0,28.248,48.603,27.835,0,0,0,0.0,,,0.0,0,0,108.949,103.14,-5.8089999999999975,0.0,-4.262999999999991,0.0,0.0,0.0,0.0,0.0,0,0,2022,Monaco Grand Prix,0.0,19,0.0
OCO,5,0 days 00:01:43.140000,WET,5.0,True,0 days 02:14:22.390000,21.6,10,28.5,0 days 00:00:27.864000,0 days 00:00:47.747000,0 days 00:00:27.529000,1,103.14,8062.39,2.893000000000029,False,False,False,False,False,True,5.0,0.0,0.0,27.864,47.747,27.529,0,0,0,0.0,,,0.0,0,0,104.686,102.718,-1.9680000000000035,0.0,-1.5460000000000065,-2.1314999999999955,0.0,-0.30600000000000094,0.0,0.0,0,0,2022,Monaco Grand Prix,0.0,19,0.0
OCO,6,0 days 00:01:42.718000,WET,6.0,True,0 days 02:16:05.108000,21.6,9,28.3,0 days 00:00:27.705000,0 days 00:00:47.521000,0 days 00:00:27.492000,12,102.718,8165.108,5.001999999999498,False,False,False,False,False,True,6.0,0.0,0.0,27.705,47.521,27.492,0,0,1,0.0,105.59166666666665,3.008536909086092,-0.9551708200713379,0,0,103.14,101.388,-1.7519999999999953,0.0,-0.42199999999999704,-1.9363333333333326,0.0,-0.036999999999999034,5.20648387429879,-2.9044999999999987,0,0,2022,Monaco Grand Prix,0.0,19,0.0
OCO,7,0 days 00:01:41.388000,WET,7.0,True,0 days 02:17:46.496000,21.8,9,28.2,0 days 00:00:27.167000,0 days 00:00:47.218000,0 days 00:00:27.003000,1,101.388,8266.496,4.115000000001601,False,False,False,False,False,True,7.0,0.0,0.0,27.167,47.218,27.003,0,0,0,0.0,104.87325,2.845819082443571,-1.2246913451038401,0,0,102.718,100.529,-2.189000000000007,0.0,-1.3299999999999983,-2.076999999999998,0.0,-0.48900000000000077,4.489738114114601,-2.076999999999998,0,0,2022,Monaco Grand Prix,0.0,19,0.0
OCO,8,0 days 00:01:40.529000,WET,8.0,True,0 days 02:19:27.025000,21.7,9,28.1,0 days 00:00:26.876000,0 days 00:00:46.560000,0 days 00:00:27.093000,1,100.529,8367.025,3.061999999999898,False,False,False,False,False,True,8.0,0.0,0.0,26.876,46.56,27.093,0,0,0,0.0,104.1762,2.9160603903211544,-1.2507285555901402,0,0,101.388,99.78,-1.608000000000004,0.0,-0.8590000000000089,-1.099333333333334,0.0,0.08999999999999986,4.060741274693576,-1.099333333333334,0,0,2022,Monaco Grand Prix,0.0,19,0.0
OCO,9,0 days 00:01:39.780000,WET,9.0,True,0 days 02:21:06.805000,21.7,9,28.2,0 days 00:00:26.552000,0 days 00:00:46.307000,0 days 00:00:26.921000,1,99.78,8466.805,2.9169999999994616,False,False,False,False,False,True,9.0,0.0,0.0,26.552,46.307,26.921,0,0,0,0.0,102.4922,1.6090991889874116,-1.685539349321749,1,0,100.529,98.873,-1.6559999999999917,0.0,-0.7489999999999952,-0.8703333333333347,0.0,-0.08200000000000074,0.24089063908753033,-0.8703333333333347,0,0,2022,Monaco Grand Prix,0.0,19,0.0
OCO,10,0 days 00:01:38.873000,WET,10.0,True,0 days 02:22:45.678000,21.9,9,27.9,0 days 00:00:26.433000,0 days 00:00:45.653000,0 days 00:00:26.787000,12,98.873,8565.678,2.9870000000009895,False,False,False,False,False,True,10.0,0.0,0.0,26.433,45.653,26.787,0,0,1,0.0,101.511,1.4218213671203306,-1.8553666874080208,1,1,99.78,96.863,-2.9170000000000016,0.0,-0.9069999999999965,-0.9793333333333342,0.0,-0.13400000000000034,0.2308434534484328,-0.9793333333333342,0,0,2022,Monaco Grand Prix,0.0,19,0.0
OCO,11,0 days 00:01:36.863000,WET,11.0,True,0 days 02:24:22.541000,22.0,9,27.6,0 days 00:00:25.844000,0 days 00:00:44.332000,0 days 00:00:26.687000,12,96.863,8662.541,4.9650000000001455,False,False,False,False,False,True,11.0,0.0,0.0,25.844,44.332,26.687,0,0,1,0.0,100.6576,1.4790410068689455,-2.5655813343762373,1,1,98.873,95.796,-3.076999999999998,0.0,-2.010000000000005,-0.8383333333333335,0.0,-0.09999999999999787,0.21693847053945667,-0.8383333333333335,0,0,2022,Monaco Grand Prix,0.0,19,0.0
OCO,12,0 days 00:01:35.796000,WET,12.0,True,0 days 02:25:58.337000,22.0,9,27.1,0 days 00:00:25.731000,0 days 00:00:43.576000,0 days 00:00:26.489000,1,95.796,8758.337,7.292000000001281,False,False,False,False,False,True,12.0,0.0,0.0,25.731,43.576,26.489,0,0,0,0.0,99.4866,1.7354959809806128,-2.126539064593326,1,1,96.863,94.912,-1.9509999999999934,0.0,-1.066999999999993,-1.2219999999999989,0.0,-0.1980000000000004,0.21192923347192735,-1.2219999999999989,0,0,2022,Monaco Grand Prix,0.0,19,0.0
OCO,13,0 days 00:01:34.912000,WET,13.0,True,0 days 02:27:33.249000,22.0,9,27.0,0 days 00:00:25.276000,0 days 00:00:43.244000,0 days 00:00:26.392000,1,94.912,8853.249,9.648000000001048,False,False,False,False,False,True,13.0,0.0,0.0,25.276,43.244,26.392,0,0,0,0.0,98.3682,1.9873914309968723,-1.7390635513942874,1,1,95.796,94.487,-1.3090000000000117,0.0,-0.8840000000000003,-1.3279999999999983,0.0,-0.09700000000000131,0.10727161786790838,-1.3279999999999983,0,0,2022,Monaco Grand Prix,0.0,19,0.0
OCO,14,0 days 00:01:34.487000,WET,14.0,True,0 days 02:29:07.736000,21.8,9,26.4,0 days 00:00:25.313000,0 days 00:00:42.807000,0 days 00:00:26.367000,1,94.487,8947.736,10.996999999999389,False,False,False,False,False,True,14.0,0.0,0.0,25.313,42.807,26.367,0,0,0,0.0,97.2448,2.0472556508652673,-1.3470716267577165,0,1,94.912,94.498,-0.4140000000000015,0.0,-0.42500000000001137,-1.320333333333333,0.0,-0.02499999999999858,0.046445667182187955,-1.320333333333333,0,0,2022,Monaco Grand Prix,0.0,19,0.0
OCO,15,0 days 00:01:34.498000,WET,15.0,True,0 days 02:30:42.234000,21.9,8,27.0,0 days 00:00:25.402000,0 days 00:00:42.811000,0 days 00:00:26.285000,1,94.498,9042.234,11.72899999999936,False,False,False,False,False,True,15.0,0.0,0.0,25.402,42.811,26.285,0,0,0,0.0,96.18620000000001,1.7564221303547027,-0.9611584657380077,0,0,94.487,93.359,-1.1280000000000001,0.0,0.01100000000000989,-0.7920000000000016,0.0,-0.08200000000000074,0.06287050182715775,-0.7920000000000016,0,0,2022,Monaco Grand Prix,0.0,19,0.0
OCO,16,0 days 00:01:33.359000,WET,16.0,True,0 days 02:32:15.593000,21.9,8,26.9,0 days 00:00:24.999000,0 days 00:00:42.466000,0 days 00:00:25.894000,1,93.359,9135.593,13.406999999999243,False,False,False,False,False,True,16.0,0.0,0.0,24.999,42.466,25.894,0,0,0,0.0,95.3112,1.0177272227860044,-1.9181957171744932,1,0,94.498,93.241,-1.257000000000005,0.01100000000000989,-1.13900000000001,-0.43266666666666725,0.0,-0.3910000000000018,0.062372269479301655,-0.43266666666666725,0,0,2022,Monaco Grand Prix,0.0,19,0.0
OCO,17,0 days 00:01:33.241000,WET,17.0,True,0 days 02:33:48.834000,22.0,8,26.8,0 days 00:00:24.855000,0 days 00:00:42.070000,0 days 00:00:26.316000,12,93.241,9228.834,0.1389999999992142,False,False,False,False,False,True,17.0,0.0,0.0,24.855,42.07,26.316,0,0,1,0.0,94.6104,0.8789870875045271,-1.5579295981329713,1,1,93.359,94.552,1.193000000000012,0.0,-0.117999999999995,-0.5176666666666705,0.0,0.4220000000000006,0.14411210913729217,-0.5176666666666705,0,1,2022,Monaco Grand Prix,0.0,19,0.0
OCO,18,0 days 00:01:34.552000,WET,18.0,True,0 days 02:35:23.386000,22.0,8,27.1,0 days 00:00:26.313000,0 days 00:00:42.276000,0 days 00:00:25.963000,1,94.552,9323.386,0.136000000000422,False,False,False,False,False,True,18.0,0.0,0.0,26.313,42.276,25.963,0,0,0,0.0,94.09939999999999,0.750745829159022,0.6028671521319221,0,1,93.241,92.411,-0.8299999999999983,0.0,1.311000000000007,-0.4153333333333317,0.0,0.06900000000000261,0.29229146412442336,-0.4153333333333317,0,1,2022,Monaco Grand Prix,0.0,19,0.0
OCO,19,0 days 00:01:32.411000,WET,19.0,True,0 days 02:36:55.797000,22.0,8,27.1,0 days 00:00:25.077000,0 days 00:00:41.683000,0 days 00:00:25.651000,1,92.411,9415.797,0.2889999999988504,False,False,False,False,False,True,19.0,0.0,0.0,25.077,41.683,25.651,0,0,0,0.0,94.0274,0.6657862269525141,-2.427806305634624,1,0,94.552,91.615,-2.937000000000012,1.311000000000007,-2.1410000000000053,0.018000000000000682,0.0,-0.24299999999999855,0.2928588397163369,0.018000000000000682,0,1,2022,Monaco Grand Prix,0.0,19,0.0
OCO,20,0 days 00:01:31.615000,WET,20.0,True,0 days 02:38:27.412000,22.0,8,27.5,0 days 00:00:24.483000,0 days 00:00:41.544000,0 days 00:00:25.588000,12,91.615,9507.412,0.17699999999967986,False,False,False,False,False,True,20.0,0.0,0.0,24.483,41.544,25.588,0,0,1,0.0,93.6122,0.9100339004672573,-2.194643517098147,1,1,92.411,88.133,-4.278000000000006,0.0,-0.7960000000000065,-0.3159999999999978,0.0,-0.06299999999999883,0.31279945652126545,-0.3159999999999978,0,1,2022,Monaco Grand Prix,0.0,19,0.0
OCO,23,0 days 00:01:28.133000,HARD,,True,0 days 02:43:20.243000,22.1,9,27.2,0 days 00:00:24.350000,0 days 00:00:40.137000,0 days 00:00:23.646000,1,88.133,9800.243,4.443999999999505,True,False,False,False,False,False,0.0,0.0,0.0,24.35,40.137,23.646,0,0,0,0.0,93.0356,1.1016436810510162,-4.450259266519563,1,1,91.615,86.053,-5.561999999999998,0.0,-3.4819999999999993,-0.5420000000000016,0.0,-1.9420000000000002,0.3123526852773944,-0.5420000000000016,0,0,2022,Monaco Grand Prix,0.0,19,0.0
OCO,24,0 days 00:01:26.053000,HARD,,True,0 days 02:44:46.296000,22.2,9,27.8,0 days 00:00:23.278000,0 days 00:00:39.281000,0 days 00:00:23.494000,1,86.053,9886.296,11.643000000000029,True,False,False,False,False,False,0.0,0.0,0.0,23.278,39.281,23.494,0,0,0,0.0,91.9904,2.414702838860224,-2.4588532818400703,1,1,88.133,84.83,-3.3029999999999973,0.0,-2.0799999999999983,-2.1396666666666704,0.0,-0.15200000000000102,0.9219296610913437,-2.1396666666666704,0,0,2022,Monaco Grand Prix,0.0,19,0.0
OCO,25,0 days 00:01:24.830000,HARD,,True,0 days 02:46:11.126000,22.3,9,27.9,0 days 00:00:23.286000,0 days 00:00:38.779000,0 days 00:00:22.765000,1,84.83,9971.126,10.869000000000597,True,False,False,False,False,False,0.0,0.0,0.0,23.286,38.779,22.765,0,0,0,0.0,90.5528,3.416079946371221,-1.6752535332433105,1,1,86.053,114.222,28.168999999999997,0.0,-1.222999999999999,-2.119333333333335,0.0,-0.7289999999999992,0.832996818721416,-2.119333333333335,0,0,2022,Monaco Grand Prix,0.0,19,0.0
OCO,32,0 days 00:01:54.222000,MEDIUM,2.0,True,0 days 03:19:02.296000,21.9,9,28.3,0 days 00:00:33.590000,0 days 00:00:52.372000,0 days 00:00:28.260000,1,114.222,11942.296,1.118000000000393,False,False,True,False,False,False,2.0,0.0,0.0,33.59,52.372,28.26,0,0,0,0.0,88.6084,3.336607228907762,7.676540342563665,0,1,84.83,85.084,0.2540000000000049,0.0,29.391999999999996,-2.2616666666666654,0.0,5.495000000000001,0.779550960489434,-2.2616666666666654,0,0,2022,Monaco Grand Prix,0.0,19,0.0
OCO,33,0 days 00:01:25.084000,MEDIUM,3.0,True,0 days 03:20:27.380000,21.9,9,28.5,0 days 00:00:23.573000,0 days 00:00:38.684000,0 days 00:00:22.827000,1,85.084,12027.38,1.037000000000262,False,False,True,False,False,False,3.0,0.0,0.0,23.573,38.684,22.827,0,0,0,0.0,92.9706,12.155087260073435,-0.6488312120889171,0,0,114.222,82.812,-31.409999999999997,29.391999999999996,-29.13799999999999,8.696333333333333,0.0,0.062000000000001165,2.879389119240399,8.696333333333333,0,0,2022,Monaco Grand Prix,0.0,19,0.0
OCO,34,0 days 00:01:22.812000,MEDIUM,4.0,True,0 days 03:21:50.192000,22.0,9,28.8,0 days 00:00:22.347000,0 days 00:00:38.094000,0 days 00:00:22.371000,1,82.812,12110.192,1.121000000001004,False,False,True,False,False,False,4.0,0.0,0.0,22.347,38.094,22.371,0,0,0,0.0,91.6644,12.676894347591585,-0.6983098349858712,0,0,85.084,82.636,-2.4480000000000075,0.2540000000000049,-2.2720000000000056,-0.322999999999998,0.0,-0.3940000000000019,2.8735790749516537,-0.322999999999998,0,0,2022,Monaco Grand Prix,0.0,19,0.0
OCO,35,0 days 00:01:22.636000,MEDIUM,5.0,True,0 days 03:23:12.828000,22.1,9,28.8,0 days 00:00:21.974000,0 days 00:00:38.284000,0 days 00:00:22.378000,1,82.636,12192.828,0.7990000000008877,False,False,True,False,False,False,5.0,0.0,0.0,21.974,38.284,22.378,0,0,0,0.0,90.6002,13.257509125020412,-0.6007312478457557,0,0,82.812,82.32,-0.49200000000000443,0.0,-0.17600000000000193,-0.6726666666666669,0.0,0.0070000000000014495,2.6096716843311922,-0.6726666666666669,0,1,2022,Monaco Grand Prix,0.0,19,0.0
OCO,36,0 days 00:01:22.320000,MEDIUM,6.0,True,0 days 03:24:35.148000,22.3,9,28.9,0 days 00:00:21.785000,0 days 00:00:38.070000,0 days 00:00:22.465000,1,82.32,12275.148,0.6480000000010477,False,False,True,False,False,False,6.0,0.0,0.0,21.785,38.07,22.465,0,0,0,0.0,89.9168,13.633254094309232,-0.5572257325689429,0,0,82.636,81.74,-0.8960000000000008,0.0,-0.3160000000000025,-10.528666666666666,0.0,0.0940000000000012,2.5952407788103207,-10.528666666666666,0,1,2022,Monaco Grand Prix,0.0,19,0.0
OCO,37,0 days 00:01:21.740000,MEDIUM,7.0,True,0 days 03:25:56.888000,22.3,9,29.1,0 days 00:00:21.718000,0 days 00:00:37.824000,0 days 00:00:22.198000,1,81.74,12356.888,0.8109999999996944,False,False,True,False,False,False,7.0,0.0,0.0,21.718,37.824,22.198,0,0,0,0.0,89.4148,13.910771768669035,-0.5517163337612806,0,0,82.32,81.071,-1.2489999999999952,0.0,-0.5799999999999983,-0.9213333333333367,0.0,-0.17299999999999827,2.49103647102968,-0.9213333333333367,0,1,2022,Monaco Grand Prix,0.0,19,0.0
OCO,38,0 days 00:01:21.071000,MEDIUM,8.0,True,0 days 03:27:17.959000,22.3,9,29.1,0 days 00:00:21.626000,0 days 00:00:37.432000,0 days 00:00:22.013000,1,81.071,12437.959,0.8719999999993888,False,False,True,False,False,False,8.0,0.0,0.0,21.626,37.432,22.013,0,0,0,0.0,82.91839999999999,1.2774587273173588,-1.4461523965470895,0,0,81.74,80.336,-1.4039999999999964,0.0,-0.6689999999999969,-0.3573333333333342,0.0,-0.18499999999999872,0.2032552582345634,-0.3573333333333342,0,1,2022,Monaco Grand Prix,0.0,19,0.0
OCO,39,0 days 00:01:20.336000,MEDIUM,9.0,True,0 days 03:28:38.295000,22.3,9,28.8,0 days 00:00:21.491000,0 days 00:00:37.164000,0 days 00:00:21.681000,1,80.336,12518.295,1.3140000000003056,False,False,True,False,False,False,9.0,0.0,0.0,21.491,37.164,21.681,0,0,0,0.0,82.1158,0.7123610039855032,-2.498452315669169,1,0,81.071,79.733,-1.3379999999999939,0.0,-0.7349999999999994,-0.521666666666666,0.0,-0.33200000000000074,0.18941673632495887,-0.521666666666666,0,0,2022,Monaco Grand Prix,0.0,19,0.0
OCO,40,0 days 00:01:19.733000,MEDIUM,10.0,True,0 days 03:29:58.028000,22.3,9,28.7,0 days 00:00:21.327000,0 days 00:00:36.903000,0 days 00:00:21.503000,1,79.733,12598.028,1.360000000000582,False,False,True,False,False,False,10.0,0.0,0.0,21.327,36.903,21.503,0,0,0,0.0,81.6206,0.933636867309346,-2.021771061204854,1,1,80.336,80.015,-0.32099999999999795,0.0,-0.6029999999999944,-0.6613333333333316,0.0,-0.17800000000000082,0.16872966544149487,-0.6613333333333316,0,0,2022,Monaco Grand Prix,0.0,19,0.0
OCO,41,0 days 00:01:20.015000,MEDIUM,11.0,True,0 days 03:31:18.043000,22.4,9,28.9,0 days 00:00:21.143000,0 days 00:00:37.117000,0 days 00:00:21.755000,1,80.015,12678.043,1.2010000000009313,False,False,True,False,False,False,11.0,0.0,0.0,21.143,37.117,21.755,0,0,0,0.0,81.03999999999999,1.040820109336474,-0.9848003423506413,0,1,79.733,79.939,0.20599999999998886,0.0,0.2819999999999965,-0.6689999999999969,0.0,0.2519999999999989,0.15417749511520404,-0.6689999999999969,0,0,2022,Monaco Grand Prix,0.0,19,0.0
OCO,42,0 days 00:01:19.939000,MEDIUM,12.0,True,0 days 03:32:37.982000,22.5,9,29.4,0 days 00:00:21.259000,0 days 00:00:37.085000,0 days 00:00:21.595000,1,79.939,12757.982,1.2990000000008877,False,False,True,False,False,False,12.0,0.0,0.0,21.259,37.085,21.595,0,0,0,0.0,80.579,0.8189697796617341,-0.7814696169428194,0,0,80.015,79.489,-0.5259999999999962,0.2819999999999965,-0.07600000000000762,-0.35199999999999915,0.0,0.09199999999999875,0.22004249589567554,-0.35199999999999915,0,0,2022,Monaco Grand Prix,0.0,19,0.0
OCO,43,0 days 00:01:19.489000,MEDIUM,13.0,True,0 days 03:33:57.471000,22.6,9,29.4,0 days 00:00:21.277000,0 days 00:00:36.890000,0 days 00:00:21.322000,1,79.489,12837.471,1.3549999999995634,False,False,True,False,False,False,13.0,0.0,0.0,21.277,36.89,21.322,0,0,0,0.0,80.2188,0.5234034772517163,-1.3943354060848556,0,0,79.939,79.821,-0.117999999999995,0.20599999999998886,-0.44999999999998863,-0.1323333333333352,0.0,-0.18100000000000094,0.23635820273474406,-0.1323333333333352,0,0,2022,Monaco Grand Prix,0.0,19,0.0
OCO,44,0 days 00:01:19.821000,MEDIUM,14.0,True,0 days 03:35:17.292000,22.4,9,29.5,0 days 00:00:21.187000,0 days 00:00:37.225000,0 days 00:00:21.409000,1,79.821,12917.292,1.106999999999971,False,False,True,False,False,False,14.0,0.0,0.0,21.187,37.225,21.409,0,0,0,0.0,79.9024,0.3168687425404652,-0.25688870207703457,0,0,79.489,79.273,-0.21600000000000819,0.0,0.33199999999999363,-0.08133333333333326,0.0,0.08699999999999974,0.23587878242859933,-0.08133333333333326,0,0,2022,Monaco Grand Prix,0.0,19,0.0
OCO,45,0 days 00:01:19.273000,MEDIUM,15.0,True,0 days 03:36:36.565000,22.3,9,28.7,0 days 00:00:21.042000,0 days 00:00:36.849000,0 days 00:00:21.382000,1,79.273,12996.565,1.3539999999993597,False,False,True,False,False,False,15.0,0.0,0.0,21.042,36.849,21.382,0,0,0,0.0,79.7994,0.2044475482835936,-2.5747435193980843,1,0,79.821,78.774,-1.046999999999997,0.33199999999999363,-0.5480000000000018,-0.06466666666666754,0.0,0.060000000000002274,0.18904047185721523,-0.06466666666666754,0,0,2022,Monaco Grand Prix,0.0,19,0.0
OCO,46,0 days 00:01:18.774000,MEDIUM,16.0,True,0 days 03:37:55.339000,22.4,9,29.0,0 days 00:00:20.932000,0 days 00:00:36.512000,0 days 00:00:21.330000,1,78.774,13075.339,1.3979999999992287,False,False,True,False,False,False,16.0,0.0,0.0,20.932,36.512,21.33,0,0,0,0.0,79.70739999999999,0.3152630647557235,-2.9607020433022235,1,1,79.273,78.402,-0.8709999999999951,0.0,-0.4989999999999952,-0.22199999999999895,0.0,0.007999999999999119,0.1554654302409336,-0.22199999999999895,0,0,2022,Monaco Grand Prix,0.0,19,0.0
OCO,47,0 days 00:01:18.402000,MEDIUM,17.0,True,0 days 03:39:13.741000,22.5,9,29.0,0 days 00:00:20.769000,0 days 00:00:36.429000,0 days 00:00:21.204000,1,78.402,13153.741,1.4150000000008731,False,False,True,False,False,False,17.0,0.0,0.0,20.769,36.429,21.204,0,0,0,0.0,79.4592,0.4653398757888285,-2.271887828671172,1,1,78.774,78.564,-0.21000000000000796,0.0,-0.3719999999999999,-0.23833333333333448,0.0,-0.12599999999999767,0.11356363854684601,-0.23833333333333448,0,0,2022,Monaco Grand Prix,0.0,19,0.0
OCO,48,0 days 00:01:18.564000,MEDIUM,18.0,True,0 days 03:40:32.305000,22.5,9,29.6,0 days 00:00:20.637000,0 days 00:00:36.625000,0 days 00:00:21.302000,1,78.564,13232.305,1.282999999999447,False,False,True,False,False,False,18.0,0.0,0.0,20.637,36.625,21.302,0,0,0,0.0,79.15180000000001,0.5659405445796845,-1.0386250033324012,0,1,78.402,78.443,0.04099999999999682,0.0,0.16199999999999193,-0.472999999999999,0.0,0.09799999999999898,0.11752574186108601,-0.472999999999999,0,0,2022,Monaco Grand Prix,0.0,19,0.0
OCO,49,0 days 00:01:18.443000,MEDIUM,19.0,True,0 days 03:41:50.748000,22.5,9,29.8,0 days 00:00:20.720000,0 days 00:00:36.654000,0 days 00:00:21.069000,1,78.443,13310.748,1.4549999999999272,False,False,True,False,False,False,19.0,0.0,0.0,20.72,36.654,21.069,0,0,0,0.0,78.9668,0.5791879660344641,-0.9043696187030934,0,0,78.564,77.571,-0.992999999999995,0.16199999999999193,-0.12099999999999511,-0.2363333333333344,0.0,-0.13500000000000156,0.09149754095055466,-0.2363333333333344,0,0,2022,Monaco Grand Prix,0.0,19,0.0
OCO,50,0 days 00:01:17.571000,MEDIUM,20.0,True,0 days 03:43:08.319000,22.6,9,29.5,0 days 00:00:20.587000,0 days 00:00:36.248000,0 days 00:00:20.736000,1,77.571,13388.319,2.5930000000007567,False,False,True,False,False,False,20.0,0.0,0.0,20.587,36.248,20.736,0,0,0,0.0,78.6912,0.35593777545959904,-3.1471793027687394,1,0,78.443,77.592,-0.8509999999999991,0.04099999999999682,-0.8719999999999999,-0.11033333333333435,0.0,-0.3329999999999984,0.10672862783713927,-0.11033333333333435,0,0,2022,Monaco Grand Prix,0.0,19,0.0
OCO,51,0 days 00:01:17.592000,MEDIUM,21.0,True,0 days 03:44:25.911000,22.6,9,29.5,0 days 00:00:20.577000,0 days 00:00:36.303000,0 days 00:00:20.712000,1,77.592,13465.911,3.118000000000393,False,False,True,False,False,False,21.0,0.0,0.0,20.577,36.303,20.712,0,0,0,0.0,78.3508,0.4592828104764111,-1.6521410832095142,1,1,77.571,77.816,0.24500000000000455,0.0,0.021000000000000796,-0.277000000000001,0.0,-0.02400000000000091,0.16357658756679774,-0.277000000000001,0,0,2022,Monaco Grand Prix,0.0,19,0.0
OCO,52,0 days 00:01:17.816000,MEDIUM,22.0,True,0 days 03:45:43.727000,22.5,9,29.2,0 days 00:00:20.429000,0 days 00:00:36.394000,0 days 00:00:20.993000,1,77.816,13543.727,3.2950000000000728,False,False,True,False,False,False,22.0,0.0,0.0,20.429,36.394,20.993,0,0,0,0.0,78.1144,0.49015742369069404,-0.608784006071285,0,1,77.592,78.059,0.46699999999999875,0.021000000000000796,0.22400000000000375,-0.32399999999999807,0.0,0.2809999999999988,0.1589732681931093,-0.32399999999999807,0,0,2022,Monaco Grand Prix,0.0,19,0.0
OCO,53,0 days 00:01:18.059000,MEDIUM,23.0,True,0 days 03:47:01.786000,22.4,9,29.2,0 days 00:00:20.545000,0 days 00:00:36.477000,0 days 00:00:21.037000,1,78.059,13621.786,3.1010000000005675,False,False,True,False,False,False,23.0,0.0,0.0,20.545,36.477,21.037,0,0,0,0.0,77.99719999999999,0.47399018977093743,0.13038244531995677,0,0,77.816,78.151,0.33499999999999375,0.24500000000000455,0.242999999999995,-0.20899999999999844,0.0,0.3249999999999993,0.23221821633971396,-0.20899999999999844,0,0,2022,Monaco Grand Prix,0.0,19,0.0
OCO,54,0 days 00:01:18.151000,MEDIUM,24.0,True,0 days 03:48:19.937000,22.4,9,29.2,0 days 00:00:20.754000,0 days 00:00:36.565000,0 days 00:00:20.832000,1,78.151,13699.937,2.6380000000008295,False,False,True,False,False,False,24.0,0.0,0.0,20.754,36.565,20.832,0,0,0,0.0,77.8962,0.36408062293821897,0.6998449902214109,0,0,78.059,78.239,0.18000000000000682,0.48799999999999955,0.09199999999999875,0.16266666666666652,0.0,0.120000000000001,0.27914010818941476,0.16266666666666652,0,0,2022,Monaco Grand Prix,0.0,19,0.0
OCO,55,0 days 00:01:18.239000,MEDIUM,25.0,True,0 days 03:49:38.176000,22.3,9,29.1,0 days 00:00:20.684000,0 days 00:00:36.591000,0 days 00:00:20.964000,1,78.239,13778.176,2.460000000000946,False,False,True,False,False,False,25.0,0.0,0.0,20.684,36.591,20.964,0,0,0,0.0,77.8378,0.2641490109750099,1.518839682643971,0,0,78.151,78.194,0.043000000000006366,0.5799999999999983,0.08800000000000807,0.1863333333333325,0.0,0.1319999999999979,0.2660915256072582,0.1863333333333325,0,0,2022,Monaco Grand Prix,0.0,19,0.0
OCO,56,0 days 00:01:18.194000,MEDIUM,26.0,True,0 days 03:50:56.370000,22.4,9,29.1,0 days 00:00:20.781000,0 days 00:00:36.523000,0 days 00:00:20.890000,12,78.194,13856.37,2.3029999999998836,False,False,True,False,False,False,26.0,0.0,0.0,20.781,36.523,20.89,0,0,1,0.0,77.97139999999999,0.26440177760197564,0.8419005424960154,0,0,78.239,77.92,-0.3190000000000026,0.6470000000000056,-0.045000000000001705,0.1410000000000006,0.0,0.05799999999999983,0.13953028345129445,0.1410000000000006,0,0,2022,Monaco Grand Prix,0.0,19,0.0
OCO,57,0 days 00:01:17.920000,MEDIUM,27.0,True,0 days 03:52:14.290000,22.5,9,29.1,0 days 00:00:20.631000,0 days 00:00:36.531000,0 days 00:00:20.758000,1,77.92,13934.29,1.9829999999983556,False,False,True,False,False,False,27.0,0.0,0.0,20.631,36.531,20.758,0,0,0,0.0,78.0918,0.16789788563020105,-1.0232409976763974,0,0,78.194,78.07,-0.12400000000000944,0.3780000000000001,-0.2740000000000009,0.045000000000001705,0.0,-0.07400000000000162,0.11397675201548131,0.045000000000001705,0,0,2022,Monaco Grand Prix,0.0,19,0.0
OCO,58,0 days 00:01:18.070000,MEDIUM,28.0,True,0 days 03:53:32.360000,22.4,9,29.1,0 days 00:00:20.521000,0 days 00:00:36.686000,0 days 00:00:20.863000,1,78.07,14012.36,1.981999999999971,False,False,True,False,False,False,28.0,0.0,0.0,20.521,36.686,20.863,0,0,0,0.0,78.11260000000001,0.12653576569134037,-0.33666370742906004,0,0,77.92,78.099,0.17900000000000205,0.0,0.14999999999999147,-0.07699999999999818,0.0,0.10500000000000043,0.14434749738044872,-0.07699999999999818,0,0,2022,Monaco Grand Prix,0.0,19,0.0
OCO,59,0 days 00:01:18.099000,MEDIUM,29.0,True,0 days 03:54:50.459000,22.4,9,29.3,0 days 00:00:20.634000,0 days 00:00:36.623000,0 days 00:00:20.842000,12,78.099,14090.459,2.0789999999997235,False,False,True,False,False,False,29.0,0.0,0.0,20.634,36.623,20.842,0,0,1,0.0,78.1148,0.12546194641840133,-0.12593459970170956,0,0,78.07,78.077,0.007000000000005002,0.14999999999999147,0.029000000000010573,-0.056333333333337045,0.0,0.08399999999999963,0.08431014173869399,-0.056333333333337045,0,0,2022,Monaco Grand Prix,0.0,19,0.0
OCO,60,0 days 00:01:18.077000,MEDIUM,30.0,True,0 days 03:56:08.536000,22.3,9,29.1,0 days 00:00:20.595000,0 days 00:00:36.605000,0 days 00:00:20.877000,1,78.077,14168.536,1.7510000000002037,False,False,True,False,False,False,30.0,0.0,0.0,20.595,36.605,20.877,0,0,0,0.0,78.1044,0.12385596472957312,-0.22122471097637647,0,0,78.099,78.214,0.11499999999999488,0.17900000000000205,-0.02200000000000557,-0.03166666666666629,0.0,0.11899999999999977,0.08021845174271706,-0.03166666666666629,0,0,2022,Monaco Grand Prix,0.0,19,0.0
OCO,61,0 days 00:01:18.214000,MEDIUM,31.0,True,0 days 03:57:26.750000,22.3,9,29.1,0 days 00:00:20.679000,0 days 00:00:36.712000,0 days 00:00:20.823000,1,78.214,14246.75,1.4279999999998836,False,False,True,False,False,False,31.0,0.0,0.0,20.679,36.712,20.823,0,0,0,0.0,78.072,0.09842001828434854,1.442795911597364,0,0,78.077,78.162,0.08500000000000796,0.15699999999999648,0.13700000000000045,0.052333333333332156,0.0,-0.01899999999999835,0.07750677389750325,0.052333333333332156,0,0,2022,Monaco Grand Prix,0.0,19,0.0
OCO,62,0 days 00:01:18.162000,MEDIUM,32.0,True,0 days 03:58:44.912000,22.2,9,28.9,0 days 00:00:20.616000,0 days 00:00:36.695000,0 days 00:00:20.851000,1,78.162,14324.912,1.6939999999995052,False,False,True,False,False,False,32.0,0.0,0.0,20.616,36.695,20.851,0,0,0,0.0,78.076,0.10481650632935278,0.8204814586147804,0,0,78.214,78.147,-0.06699999999999307,0.29399999999999693,-0.0519999999999925,0.04800000000000182,0.0,0.027999999999998693,0.08490288569888908,0.04800000000000182,0,0,2022,Monaco Grand Prix,0.0,19,0.0
OCO,63,0 days 00:01:18.147000,MEDIUM,33.0,True,0 days 04:00:03.059000,22.3,9,29.5,0 days 00:00:20.705000,0 days 00:00:36.694000,0 days 00:00:20.748000,1,78.147,14403.059,1.9580000000005384,False,False,True,False,False,False,33.0,0.0,0.0,20.705,36.694,20.748,0,0,0,0.0,78.1244,0.061832839164102066,0.36550157336349565,0,0,78.162,78.371,0.20899999999998897,0.09200000000001296,-0.015000000000000568,0.021000000000000796,0.0,-0.07499999999999929,0.0576393962494277,0.021000000000000796,0,0,2022,Monaco Grand Prix,0.0,19,0.0
PER,3,0 days 00:01:44.570000,WET,3.0,True,0 days 02:10:43.472000,21.3,3,28.8,0 days 00:00:28.244000,0 days 00:00:48.546000,0 days 00:00:27.780000,1,104.57,7843.472,1.7049999999999272,False,False,False,False,False,True,3.0,0.0,0.0,28.244,48.546,27.78,0,0,0,0.0,78.1942,0.1102846317448466,239.16115584465823,0,0,104.57,102.377,-2.192999999999998,26.492999999999995,0.0,0.052333333333332156,0.0,7.032,0.1066592705769096,0.0,0,0,2022,Monaco Grand Prix,0.0,19,0.0
PER,4,0 days 00:01:42.377000,WET,4.0,True,0 days 02:12:25.849000,21.4,3,28.6,0 days 00:00:27.351000,0 days 00:00:47.512000,0 days 00:00:27.514000,1,102.377,7945.849,0.7539999999999054,False,False,False,False,False,True,4.0,0.0,0.0,27.351,47.512,27.514,0,0,0,0.0,,,0.0,0,0,104.57,100.229,-4.340999999999994,0.0,-2.192999999999998,0.0,0.0,0.0,0.0,0.0,0,1,2022,Monaco Grand Prix,0.0,19,0.0
PER,5,0 days 00:01:40.229000,WET,5.0,True,0 days 02:14:06.078000,21.6,3,28.5,0 days 00:00:27.101000,0 days 00:00:46.748000,0 days 00:00:26.380000,1,100.229,8046.078,1.4429999999993015,False,False,False,False,False,True,5.0,0.0,0.0,27.101,46.748,26.38,0,0,0,0.0,,,0.0,0,0,102.377,98.27,-4.106999999999999,0.0,-2.147999999999996,-1.096499999999999,0.0,-1.1340000000000003,0.0,0.0,0,0,2022,Monaco Grand Prix,0.0,19,0.0
PER,6,0 days 00:01:38.270000,WET,6.0,True,0 days 02:15:44.348000,21.6,3,28.3,0 days 00:00:26.095000,0 days 00:00:46.103000,0 days 00:00:26.072000,12,98.27,8144.348,1.3239999999996144,False,False,False,False,False,True,6.0,0.0,0.0,26.095,46.103,26.072,0,0,1,0.0,102.392,2.17053887318334,-1.8990675776078694,1,0,100.229,98.134,-2.094999999999999,0.0,-1.9590000000000032,-1.446999999999998,0.0,-0.30799999999999983,4.423771693928158,-2.170499999999997,0,0,2022,Monaco Grand Prix,0.0,19,0.0
PER,7,0 days 00:01:38.134000,WET,7.0,True,0 days 02:17:22.482000,21.7,3,28.5,0 days 00:00:26.094000,0 days 00:00:45.815000,0 days 00:00:26.225000,1,98.134,8242.482,1.2180000000007567,False,False,False,False,False,True,7.0,0.0,0.0,26.094,45.815,26.225,0,0,0,0.0,101.36149999999999,2.7181881833309474,-1.1873718014787773,0,1,98.27,97.285,-0.9849999999999994,0.0,-0.13599999999999568,-2.099999999999999,0.0,0.15300000000000225,3.78672325368517,-2.099999999999999,0,0,2022,Monaco Grand Prix,0.0,19,0.0
PER,8,0 days 00:01:37.285000,WET,8.0,True,0 days 02:18:59.767000,21.7,3,28.1,0 days 00:00:25.793000,0 days 00:00:45.657000,0 days 00:00:25.835000,1,97.285,8339.767,1.6480000000010477,False,False,False,False,False,True,8.0,0.0,0.0,25.793,45.657,25.835,0,0,0,0.0,100.716,2.7612970684082487,-1.242532011225362,0,0,98.134,96.854,-1.2800000000000011,0.0,-0.8490000000000038,-1.4143333333333317,0.0,-0.23699999999999832,3.326290847174973,-1.4143333333333317,0,0,2022,Monaco Grand Prix,0.0,19,0.0
PER,9,0 days 00:01:36.854000,WET,9.0,True,0 days 02:20:36.621000,21.7,3,28.2,0 days 00:00:25.221000,0 days 00:00:45.535000,0 days 00:00:26.098000,1,96.854,8436.621,1.7450000000008004,False,False,False,False,False,True,9.0,0.0,0.0,25.221,45.535,26.098,0,0,0,0.0,99.25899999999999,2.049588129356724,-1.1734064837479379,0,0,97.285,96.883,-0.402000000000001,0.0,-0.4309999999999974,-0.9813333333333342,0.0,0.2629999999999981,0.49866391487654355,-0.9813333333333342,0,0,2022,Monaco Grand Prix,0.0,19,0.0
PER,10,0 days 00:01:36.883000,WET,10.0,True,0 days 02:22:13.504000,21.9,3,28.3,0 days 00:00:25.570000,0 days 00:00:45.326000,0 days 00:00:25.987000,12,96.883,8533.504,1.6959999999999127,False,False,False,False,False,True,10.0,0.0,0.0,25.57,45.326,25.987,0,0,1,0.0,98.1544,1.300446192658506,-0.9776644410030323,0,0,96.854,95.987,-0.8670000000000044,0.0,0.028999999999996362,-0.4719999999999989,0.0,0.15199999999999747,0.5501211684710925,-0.4719999999999989,0,0,2022,Monaco Grand Prix,0.0,19,0.0
PER,11,0 days 00:01:35.987000,WET,11.0,True,0 days 02:23:49.491000,22.0,3,27.6,0 days 00:00:25.291000,0 days 00:00:44.854000,0 days 00:00:25.842000,12,95.987,8629.491,1.5169999999998254,False,False,False,False,False,True,11.0,0.0,0.0,25.291,44.854,25.842,0,0,1,0.0,97.48519999999999,0.6778625966964142,-2.2101824282701603,1,0,96.883,95.597,-1.2860000000000014,0.028999999999996362,-0.8960000000000008,-0.4170000000000016,0.0,0.006999999999997897,0.25817106731777567,-0.4170000000000016,0,0,2022,Monaco Grand Prix,0.0,19,0.0
PER,12,0 days 00:01:35.597000,WET,12.0,True,0 days 02:25:25.088000,21.9,3,27.3,0 days 00:00:24.891000,0 days 00:00:44.583000,0 days 00:00:26.123000,1,95.597,8725.088,1.3340000000007421,False,False,False,False,False,True,12.0,0.0,0.0,24.891,44.583,26.123,0,0,0,0.0,97.02860000000001,0.7785026011517385,-1.8389148576794325,1,1,95.987,94.104,-1.8829999999999956,0.0,-0.39000000000000057,-0.43266666666666725,0.0,0.28100000000000236,0.19303574798466624,-0.43266666666666725,0,0,2022,Monaco Grand Prix,0.0,19,0.0
PER,13,0 days 00:01:34.104000,WET,13.0,True,0 days 02:26:59.192000,22.0,3,27.0,0 days 00:00:24.785000,0 days 00:00:43.507000,0 days 00:00:25.812000,1,94.104,8819.192,1.4870000000009895,False,False,False,False,False,True,13.0,0.0,0.0,24.785,43.507,25.812,0,0,0,0.0,96.5212,0.7008139553405317,-3.4491322291455444,1,1,95.597,93.245,-2.3519999999999897,0.0,-1.492999999999995,-0.41900000000000165,0.0,-0.029999999999997584,0.21448822811520396,-0.41900000000000165,0,0,2022,Monaco Grand Prix,0.0,19,0.0
PER,14,0 days 00:01:33.245000,WET,14.0,True,0 days 02:28:32.437000,21.9,3,27.0,0 days 00:00:24.589000,0 days 00:00:43.157000,0 days 00:00:25.499000,1,93.245,8912.437,2.2729999999992287,False,False,False,False,False,True,14.0,0.0,0.0,24.589,43.157,25.499,0,0,0,0.0,95.885,1.1402054639406232,-2.315372170622645,1,1,94.104,92.815,-1.2890000000000015,0.0,-0.8589999999999947,-0.9263333333333321,0.0,-0.3130000000000024,0.14282611805968798,-0.9263333333333321,0,0,2022,Monaco Grand Prix,0.0,19,0.0
PER,15,0 days 00:01:32.815000,WET,15.0,True,0 days 02:30:05.252000,21.9,3,27.2,0 days 00:00:24.494000,0 days 00:00:42.810000,0 days 00:00:25.511000,1,92.815,9005.252,2.1599999999998545,False,False,False,False,False,True,15.0,0.0,0.0,24.494,42.81,25.511,0,0,0,0.0,95.16319999999999,1.4684972591053942,-1.599049630797752,1,1,93.245,85.215,-8.030000000000001,0.0,-0.4300000000000068,-0.9139999999999967,0.0,0.012000000000000455,0.22310378750707138,-0.9139999999999967,0,0,2022,Monaco Grand Prix,0.0,19,0.0
PER,18,0 days 00:01:25.215000,INTERMEDIATE,,True,0 days 02:34:50.715000,22.0,2,27.1,0 days 00:00:22.905000,0 days 00:00:39.175000,0 days 00:00:23.135000,1,85.215,9290.715,12.102999999999156,False,True,False,False,False,False,0.0,0.0,0.0,22.905,39.175,23.135,0,0,0,0.0,94.3496,1.4029026338274726,-6.511214520339517,1,1,92.815,86.966,-5.849000000000004,0.0,-7.599999999999994,-0.9273333333333321,0.0,-2.363999999999997,0.21074463219736023,-0.9273333333333321,0,0,2022,Monaco Grand Prix,0.0,19,0.0
PER,19,0 days 00:01:26.966000,INTERMEDIATE,,True,0 days 02:36:17.681000,22.1,2,27.1,0 days 00:00:23.017000,0 days 00:00:39.913000,0 days 00:00:24.036000,1,86.966,9377.681,17.377999999998792,False,True,False,False,False,False,0.0,0.0,0.0,23.017,39.913,24.036,0,0,0,0.0,92.1952,4.044291804506696,-1.2929828639399672,0,1,85.215,88.792,3.576999999999998,0.0,1.7509999999999906,-2.9629999999999987,0.0,0.9009999999999998,1.0724960139786062,-2.9629999999999987,0,0,2022,Monaco Grand Prix,0.0,19,0.0
PER,20,0 days 00:01:28.792000,INTERMEDIATE,,True,0 days 02:37:46.473000,22.0,2,27.5,0 days 00:00:23.553000,0 days 00:00:40.944000,0 days 00:00:24.295000,1,88.792,9466.473,3.4719999999997526,False,True,False,False,False,False,0.0,0.0,0.0,23.553,40.944,24.295,0,0,0,0.0,90.469,4.071198902043484,-0.4119179731450224,0,0,86.966,89.371,2.405000000000001,1.7509999999999906,1.8260000000000076,-2.0930000000000035,0.0,1.1600000000000001,1.2099197080798367,-2.0930000000000035,0,0,2022,Monaco Grand Prix,0.0,19,0.0
PER,21,0 days 00:01:29.371000,INTERMEDIATE,,True,0 days 02:39:15.844000,22.1,1,27.6,0 days 00:00:24.009000,0 days 00:00:41.100000,0 days 00:00:24.262000,12,89.371,9555.844,4.9100000000016735,False,True,False,False,False,False,0.0,0.0,0.0,24.009,41.1,24.262,0,0,1,0.0,89.4066,3.5445125616930877,-0.010043694127295586,0,0,88.792,85.539,-3.253,3.576999999999998,0.5789999999999935,-1.3409999999999986,0.0,1.126999999999999,1.3938298676667813,-1.3409999999999986,0,0,2022,Monaco Grand Prix,0.0,19,0.0
PER,24,0 days 00:01:25.539000,HARD,2.0,True,0 days 02:43:58.972000,22.2,1,27.6,0 days 00:00:23.557000,0 days 00:00:38.894000,0 days 00:00:23.088000,1,85.539,9838.972,1.4529999999995198,True,False,False,False,False,False,2.0,0.0,0.0,23.557,38.894,23.088,0,0,0,0.0,88.6318,2.85134419178045,-1.0846813965552071,0,0,89.371,82.206,-7.164999999999992,4.155999999999992,-3.8319999999999936,1.3853333333333306,0.0,-0.9480000000000004,1.489663619747759,1.3853333333333306,0,0,2022,Monaco Grand Prix,0.0,19,0.0
PER,25,0 days 00:01:22.206000,HARD,3.0,True,0 days 02:45:21.178000,22.2,1,27.8,0 days 00:00:22.210000,0 days 00:00:37.806000,0 days 00:00:22.190000,1,82.206,9921.178,1.944999999999709,True,False,False,False,False,False,3.0,0.0,0.0,22.21,37.806,22.19,0,0,0,0.0,87.1766,1.8707531371081942,-2.657004765301921,1,0,85.539,84.06,-1.4789999999999992,0.32399999999999807,-3.3329999999999984,-0.4756666666666642,0.0,-0.8979999999999997,1.5741390345201394,-0.4756666666666642,0,0,2022,Monaco Grand Prix,0.0,19,0.0
PER,26,0 days 00:01:24.060000,HARD,4.0,True,0 days 02:46:45.238000,22.3,1,27.9,0 days 00:00:21.756000,0 days 00:00:38.547000,0 days 00:00:23.757000,12,84.06,10005.238,0.0,True,False,False,False,False,False,4.0,0.0,0.0,21.756,38.547,23.757,0,0,1,0.0,86.57480000000001,2.8743278692592007,-0.8749175857408872,0,1,82.206,123.485,41.278999999999996,0.0,1.8539999999999992,-2.1953333333333327,0.0,1.5670000000000002,1.092296342573754,-2.1953333333333327,0,0,2022,Monaco Grand Prix,0.0,19,0.0
PER,32,0 days 00:02:03.485000,MEDIUM,2.0,True,0 days 03:18:54.717000,21.9,1,28.3,0 days 00:00:36.399000,0 days 00:00:53.942000,0 days 00:00:33.144000,1,123.485,11934.717,0.6620000000002619,False,False,True,False,False,False,2.0,0.0,0.0,36.399,53.942,33.144,0,0,0,0.0,85.9936,3.0630563657889383,12.239866173779502,0,0,84.06,83.415,-0.644999999999996,1.8539999999999992,39.425,-1.7703333333333309,0.0,10.953999999999997,1.2216702910360062,-1.7703333333333309,0,1,2022,Monaco Grand Prix,0.0,19,0.0
PER,33,0 days 00:01:23.415000,MEDIUM,3.0,True,0 days 03:20:18.132000,21.9,1,28.5,0 days 00:00:22.358000,0 days 00:00:38.647000,0 days 00:00:22.410000,1,83.415,12018.132,1.0230000000010477,False,False,True,False,False,False,3.0,0.0,0.0,22.358,38.647,22.41,0,0,0,0.0,92.9322,17.281365967422836,-0.5507203549731483,0,0,123.485,80.677,-42.80799999999999,41.278999999999996,-40.06999999999999,12.648666666666665,0.0,0.21999999999999886,4.938709375940236,12.648666666666665,0,0,2022,Monaco Grand Prix,0.0,19,0.0
PER,34,0 days 00:01:20.677000,MEDIUM,4.0,True,0 days 03:21:38.809000,22.0,1,28.8,0 days 00:00:21.557000,0 days 00:00:37.501000,0 days 00:00:21.619000,1,80.677,12098.809,1.132000000001426,False,False,True,False,False,False,4.0,0.0,0.0,21.557,37.501,21.619,0,0,0,0.0,91.74100000000001,17.786108357367,-0.6220585064307956,0,0,83.415,79.801,-3.6140000000000043,1.2090000000000032,-2.7379999999999995,0.4030000000000011,0.0,-0.7910000000000004,5.011459567830513,0.4030000000000011,0,0,2022,Monaco Grand Prix,0.0,19,0.0
PER,35,0 days 00:01:19.801000,MEDIUM,5.0,True,0 days 03:22:58.610000,22.1,1,28.8,0 days 00:00:21.212000,0 days 00:00:37.215000,0 days 00:00:21.374000,1,79.801,12178.61,1.168999999999869,False,False,True,False,False,False,5.0,0.0,0.0,21.212,37.215,21.374,0,0,0,0.0,90.7686,18.33440812516183,-0.5981976579297511,0,0,80.677,79.027,-1.6500000000000057,0.0,-0.8760000000000048,-1.1276666666666653,0.0,-0.245000000000001,4.987402861209428,-1.1276666666666653,0,0,2022,Monaco Grand Prix,0.0,19,0.0
PER,36,0 days 00:01:19.027000,MEDIUM,6.0,True,0 days 03:24:17.637000,22.2,1,28.9,0 days 00:00:20.948000,0 days 00:00:36.980000,0 days 00:00:21.099000,1,79.027,12257.637,1.1039999999993597,False,False,True,False,False,False,6.0,0.0,0.0,20.948,36.98,21.099,0,0,0,0.0,90.2876,18.644137223266736,-0.6039753872840767,0,0,79.801,78.347,-1.4540000000000077,0.0,-0.7740000000000009,-14.561333333333332,0.0,-0.2749999999999986,4.893319578772675,-14.561333333333332,0,0,2022,Monaco Grand Prix,0.0,19,0.0
PER,37,0 days 00:01:18.347000,MEDIUM,7.0,True,0 days 03:25:35.984000,22.3,1,29.1,0 days 00:00:21.061000,0 days 00:00:36.517000,0 days 00:00:20.769000,1,78.347,12335.984,0.9069999999992433,False,False,True,False,False,False,7.0,0.0,0.0,21.061,36.517,20.769,0,0,0,0.0,89.281,19.192233481280915,-0.5697096177297163,0,0,79.027,77.081,-1.945999999999998,0.0,-0.6800000000000068,-1.4626666666666683,0.0,-0.33000000000000185,5.033490170845671,-1.4626666666666683,0,1,2022,Monaco Grand Prix,0.0,19,0.0
PER,38,0 days 00:01:17.081000,MEDIUM,8.0,True,0 days 03:26:53.065000,22.3,1,29.1,0 days 00:00:20.555000,0 days 00:00:36.085000,0 days 00:00:20.441000,1,77.081,12413.065,1.2109999999993306,False,False,True,False,False,False,8.0,0.0,0.0,20.555,36.085,20.441,0,0,0,0.0,80.2534,1.9696595644933967,-1.6106336633944904,1,0,78.347,77.143,-1.2039999999999935,0.0,-1.2659999999999911,-0.7766666666666708,0.0,-0.3279999999999994,0.35874182917525144,-0.7766666666666708,0,0,2022,Monaco Grand Prix,0.0,19,0.0
PER,39,0 days 00:01:17.143000,MEDIUM,9.0,True,0 days 03:28:10.208000,22.4,1,28.8,0 days 00:00:20.724000,0 days 00:00:35.938000,0 days 00:00:20.481000,1,77.143,12490.208,1.180000000000291,False,False,True,False,False,False,9.0,0.0,0.0,20.724,35.938,20.481,0,0,0,0.0,78.9866,1.375021018021285,-1.3407795050675049,0,1,77.081,76.473,-0.6080000000000041,0.0,0.06199999999999761,-0.9066666666666663,0.0,0.0400000000000027,0.22495710702266228,-0.9066666666666663,0,0,2022,Monaco Grand Prix,0.0,19,0.0
PER,40,0 days 00:01:16.473000,MEDIUM,10.0,True,0 days 03:29:26.681000,22.3,1,28.8,0 days 00:00:20.374000,0 days 00:00:35.839000,0 days 00:00:20.260000,1,76.473,12566.681,1.4459999999999127,False,False,True,False,False,False,10.0,0.0,0.0,20.374,35.839,20.26,0,0,0,0.0,78.2798,1.183882257659213,-1.5261652823249698,1,0,77.143,76.434,-0.7090000000000032,0.06199999999999761,-0.6700000000000017,-0.6280000000000001,0.0,-0.18099999999999739,0.15388729642178334,-0.6280000000000001,0,0,2022,Monaco Grand Prix,0.0,19,0.0
PER,41,0 days 00:01:16.434000,MEDIUM,11.0,True,0 days 03:30:43.115000,22.4,1,28.9,0 days 00:00:20.321000,0 days 00:00:35.902000,0 days 00:00:20.211000,1,76.434,12643.115,1.5949999999993452,False,False,True,False,False,False,11.0,0.0,0.0,20.321,35.902,20.211,0,0,0,0.0,77.6142,1.0418335759612776,-1.1328104864647446,0,1,76.473,76.26,-0.21299999999999386,0.0,-0.03900000000000148,-0.624666666666665,0.0,-0.04900000000000304,0.15473751969062263,-0.624666666666665,0,0,2022,Monaco Grand Prix,0.0,19,0.0
PER,42,0 days 00:01:16.260000,MEDIUM,12.0,True,0 days 03:31:59.375000,22.5,1,29.1,0 days 00:00:20.303000,0 days 00:00:35.735000,0 days 00:00:20.222000,1,76.26,12719.375,2.09900000000016,False,False,True,False,False,False,12.0,0.0,0.0,20.303,35.735,20.222,0,0,0,0.0,77.09559999999999,0.7735966649361007,-1.0801494342908085,0,0,76.434,76.479,0.045000000000001705,0.0,-0.17399999999999238,-0.21566666666666853,0.0,0.011000000000002785,0.165397400221423,-0.21566666666666853,0,0,2022,Monaco Grand Prix,0.0,19,0.0
PER,43,0 days 00:01:16.479000,MEDIUM,13.0,True,0 days 03:33:15.854000,22.5,1,29.4,0 days 00:00:20.389000,0 days 00:00:35.885000,0 days 00:00:20.205000,1,76.479,12795.854,2.3209999999999127,False,False,True,False,False,False,13.0,0.0,0.0,20.389,35.885,20.205,0,0,0,0.0,76.6782,0.4046352678650892,-0.4922951997017241,0,0,76.26,76.73,0.46999999999999886,0.0,0.2189999999999941,-0.29433333333333184,0.0,-0.006000000000000227,0.15252639115905633,-0.29433333333333184,0,0,2022,Monaco Grand Prix,0.0,19,0.0
PER,44,0 days 00:01:16.730000,MEDIUM,14.0,True,0 days 03:34:32.584000,22.6,1,29.4,0 days 00:00:20.306000,0 days 00:00:35.921000,0 days 00:00:20.503000,1,76.73,12872.584,2.209999999999127,False,False,True,False,False,False,14.0,0.0,0.0,20.306,35.921,20.503,0,0,0,0.0,76.5578,0.3390688720603066,0.5078614234142268,0,0,76.479,76.773,0.29399999999999693,0.2189999999999941,0.2510000000000048,0.002000000000000076,0.0,0.2980000000000018,0.08670928439334122,0.002000000000000076,0,0,2022,Monaco Grand Prix,0.0,19,0.0
PER,45,0 days 00:01:16.773000,MEDIUM,15.0,True,0 days 03:35:49.357000,22.4,1,29.0,0 days 00:00:20.364000,0 days 00:00:35.961000,0 days 00:00:20.448000,1,76.773,12949.357,2.264999999999418,False,False,True,False,False,False,15.0,0.0,0.0,20.364,35.961,20.448,0,0,0,0.0,76.4752,0.1680407688635307,1.7721889873155994,0,0,76.73,76.028,-0.7019999999999982,0.46999999999999886,0.042999999999992156,0.09866666666666883,0.0,0.2430000000000021,0.1753975484435441,0.09866666666666883,0,0,2022,Monaco Grand Prix,0.0,19,0.0
PER,46,0 days 00:01:16.028000,MEDIUM,16.0,True,0 days 03:37:05.385000,22.3,1,28.7,0 days 00:00:20.296000,0 days 00:00:35.665000,0 days 00:00:20.067000,1,76.028,13025.385,2.701999999999316,False,False,True,False,False,False,16.0,0.0,0.0,20.296,35.665,20.067,0,0,0,0.0,76.5352,0.21426082236435415,-2.367208313694863,1,0,76.773,76.682,-0.09099999999999397,0.512999999999991,-0.7449999999999903,0.17099999999999702,0.0,-0.13799999999999812,0.15890972279884485,0.17099999999999702,0,0,2022,Monaco Grand Prix,0.0,19,0.0
PER,47,0 days 00:01:16.682000,MEDIUM,17.0,True,0 days 03:38:22.067000,22.4,1,29.0,0 days 00:00:20.344000,0 days 00:00:35.984000,0 days 00:00:20.354000,1,76.682,13102.067,2.441000000000713,False,False,True,False,False,False,17.0,0.0,0.0,20.344,35.984,20.354,0,0,0,0.0,76.454,0.31530699326250416,0.7231047990432315,0,1,76.028,76.227,0.19899999999999807,0.0,0.6539999999999964,-0.15033333333333113,0.0,0.28699999999999903,0.1828668914812229,-0.15033333333333113,0,0,2022,Monaco Grand Prix,0.0,19,0.0
PER,48,0 days 00:01:16.227000,MEDIUM,18.0,True,0 days 03:39:38.294000,22.5,1,29.6,0 days 00:00:20.163000,0 days 00:00:35.784000,0 days 00:00:20.280000,1,76.227,13178.294,3.6530000000002474,False,False,True,False,False,False,18.0,0.0,0.0,20.163,35.784,20.28,0,0,0,0.0,76.5384,0.30675935193608844,-1.015127975837132,0,0,76.682,76.602,-0.0799999999999983,0.6539999999999964,-0.4549999999999983,-0.016000000000000607,0.0,0.21300000000000097,0.19731370960986264,-0.016000000000000607,0,0,2022,Monaco Grand Prix,0.0,19,0.0
PER,49,0 days 00:01:16.602000,MEDIUM,19.0,True,0 days 03:40:54.896000,22.6,1,29.7,0 days 00:00:20.299000,0 days 00:00:35.902000,0 days 00:00:20.401000,1,76.602,13254.896,3.690999999998894,False,False,True,False,False,False,19.0,0.0,0.0,20.299,35.902,20.401,0,0,0,0.0,76.488,0.3380628639768716,0.33721538846042426,0,0,76.227,77.922,1.6949999999999932,0.19899999999999807,0.375,-0.1819999999999974,0.0,0.33399999999999963,0.18135131651026157,-0.1819999999999974,0,0,2022,Monaco Grand Prix,0.0,19,0.0
PER,50,0 days 00:01:17.922000,MEDIUM,20.0,True,0 days 03:42:12.818000,22.5,1,29.8,0 days 00:00:20.432000,0 days 00:00:36.612000,0 days 00:00:20.878000,1,77.922,13332.818,2.6370000000006257,False,False,True,False,False,False,20.0,0.0,0.0,20.432,36.612,20.878,0,0,0,0.0,76.4624,0.3194922534275951,4.568498873888273,0,0,76.602,77.778,1.176000000000002,0.5739999999999981,1.3199999999999932,0.1913333333333327,0.0,0.597999999999999,0.18777832675792197,0.1913333333333327,0,0,2022,Monaco Grand Prix,0.0,19,0.0
PER,51,0 days 00:01:17.778000,MEDIUM,21.0,True,0 days 03:43:30.596000,22.6,1,29.5,0 days 00:00:20.592000,0 days 00:00:36.520000,0 days 00:00:20.666000,1,77.778,13410.596,2.1040000000011787,False,False,True,False,False,False,21.0,0.0,0.0,20.592,36.52,20.666,0,0,0,0.0,76.6922,0.7379398349460863,1.4713936673161632,0,0,77.922,78.028,0.10600000000000875,1.8939999999999912,-0.14399999999999125,0.4133333333333316,0.0,0.38599999999999923,0.265073008810789,0.4133333333333316,0,0,2022,Monaco Grand Prix,0.0,19,0.0
PER,52,0 days 00:01:18.028000,MEDIUM,22.0,True,0 days 03:44:48.624000,22.6,1,29.2,0 days 00:00:20.546000,0 days 00:00:36.739000,0 days 00:00:20.743000,1,78.028,13488.624,1.5910000000003492,False,False,True,False,False,False,22.0,0.0,0.0,20.546,36.739,20.743,0,0,0,0.0,77.04220000000001,0.7588677091564001,1.2990406471450315,0,0,77.778,78.197,0.41899999999999693,1.551000000000002,0.25,0.5170000000000007,0.0,0.34199999999999875,0.14566159411459492,0.5170000000000007,0,0,2022,Monaco Grand Prix,0.0,19,0.0
PER,53,0 days 00:01:18.197000,MEDIUM,23.0,True,0 days 03:46:06.821000,22.5,1,29.2,0 days 00:00:20.615000,0 days 00:00:36.643000,0 days 00:00:20.939000,1,78.197,13566.821,0.9930000000003929,False,False,True,False,False,False,23.0,0.0,0.0,20.615,36.643,20.939,0,0,0,0.0,77.3114,0.8341515449846633,1.061677587633407,0,0,78.028,78.205,0.1769999999999925,1.801000000000002,0.16899999999999693,0.475333333333334,0.0,0.2729999999999997,0.14041296236460857,0.475333333333334,0,1,2022,Monaco Grand Prix,0.0,19,0.0
PER,54,0 days 00:01:18.205000,MEDIUM,24.0,True,0 days 03:47:25.026000,22.4,1,29.2,0 days 00:00:20.710000,0 days 00:00:36.673000,0 days 00:00:20.822000,1,78.205,13645.026,0.7579999999998108,False,False,True,False,False,False,24.0,0.0,0.0,20.71,36.673,20.822,0,0,0,0.0,77.70540000000001,0.6354957120235579,0.7861579402465999,0,0,78.197,78.491,0.29399999999999693,1.5949999999999989,0.007999999999995566,0.09166666666666856,0.0,0.1559999999999988,0.12485111132867457,0.09166666666666856,0,1,2022,Monaco Grand Prix,0.0,19,0.0
PER,55,0 days 00:01:18.491000,MEDIUM,25.0,True,0 days 03:48:43.517000,22.5,1,29.1,0 days 00:00:20.771000,0 days 00:00:36.863000,0 days 00:00:20.857000,1,78.491,13723.517,0.7430000000003929,False,False,True,False,False,False,25.0,0.0,0.0,20.771,36.863,20.857,0,0,0,0.0,78.026,0.18276077259728454,2.5443096644411556,0,0,78.205,78.898,0.6929999999999978,0.4269999999999925,0.28600000000000136,0.14233333333333084,0.0,0.11400000000000077,0.1631134574460524,0.14233333333333084,0,1,2022,Monaco Grand Prix,0.0,19,0.0
PER,56,0 days 00:01:18.898000,MEDIUM,26.0,True,0 days 03:50:02.415000,22.3,1,29.1,0 days 00:00:20.668000,0 days 00:00:37.441000,0 days 00:00:20.789000,1,78.898,13802.415,0.7729999999992287,False,False,True,False,False,False,26.0,0.0,0.0,20.668,37.441,20.789,0,0,0,0.0,78.13980000000001,0.261850529883682,2.8955450284434865,0,0,78.491,78.873,0.382000000000005,0.7129999999999939,0.4069999999999965,0.1543333333333313,0.0,-0.0329999999999977,0.11697521104920093,0.1543333333333313,0,1,2022,Monaco Grand Prix,0.0,19,0.0
PER,57,0 days 00:01:18.873000,MEDIUM,27.0,True,0 days 03:51:21.288000,22.4,1,29.1,0 days 00:00:20.777000,0 days 00:00:37.156000,0 days 00:00:20.940000,12,78.873,13881.288,0.613999999999578,False,False,True,False,False,False,27.0,0.0,0.0,20.777,37.156,20.94,0,0,1,0.0,78.3638,0.34181530100389607,1.4896934060719624,0,0,78.898,79.457,0.5589999999999975,0.8699999999999903,-0.024999999999991473,0.23366666666666447,0.0,0.1509999999999998,0.14554483845195224,0.23366666666666447,0,1,2022,Monaco Grand Prix,0.0,19,0.0
PER,58,0 days 00:01:19.457000,MEDIUM,28.0,True,0 days 03:52:40.745000,22.4,1,29.1,0 days 00:00:20.767000,0 days 00:00:37.657000,0 days 00:00:21.033000,1,79.457,13960.745,0.5630000000001019,False,False,True,False,False,False,28.0,0.0,0.0,20.767,37.657,21.033,0,0,0,0.0,78.5328,0.34317225995176276,2.6931081204812624,0,0,78.873,78.77,-0.10300000000000864,0.6760000000000019,0.583999999999989,0.2226666666666688,0.0,0.24399999999999977,0.10996226625531609,0.2226666666666688,0,1,2022,Monaco Grand Prix,0.0,19,0.0
PER,59,0 days 00:01:18.770000,MEDIUM,29.0,True,0 days 03:53:59.515000,22.4,1,29.5,0 days 00:00:20.680000,0 days 00:00:37.261000,0 days 00:00:20.829000,1,78.77,14039.515,0.6890000000003056,False,False,True,False,False,False,29.0,0.0,0.0,20.68,37.261,20.829,0,0,0,0.0,78.78479999999999,0.47300443972590966,-0.031289346900358984,0,0,79.457,78.977,-0.47999999999998977,1.2519999999999953,-0.6869999999999976,0.321999999999998,0.0,0.03999999999999915,0.10108560728414825,0.321999999999998,0,1,2022,Monaco Grand Prix,0.0,19,0.0
PER,60,0 days 00:01:18.977000,MEDIUM,30.0,True,0 days 03:55:18.492000,22.4,1,29.3,0 days 00:00:20.727000,0 days 00:00:37.271000,0 days 00:00:20.979000,12,78.977,14118.492,0.45899999999892316,False,False,True,False,False,False,30.0,0.0,0.0,20.727,37.271,20.979,0,0,1,0.0,78.89779999999999,0.35183049896282703,0.2251083980311278,0,0,78.77,78.635,-0.1349999999999909,0.27899999999999636,0.20700000000000784,-0.04266666666666671,0.0,0.14999999999999858,0.10579555756271213,-0.04266666666666671,0,1,2022,Monaco Grand Prix,0.0,19,0.0
PER,61,0 days 00:01:18.635000,MEDIUM,31.0,True,0 days 03:56:37.127000,22.3,1,29.1,0 days 00:00:20.604000,0 days 00:00:37.198000,0 days 00:00:20.833000,1,78.635,14197.127,0.7199999999993452,False,False,True,False,False,False,31.0,0.0,0.0,20.604,37.198,20.833,0,0,0,0.0,78.995,0.2686475386085657,-1.340045778437372,0,0,78.977,77.997,-0.980000000000004,0.20700000000000784,-0.34199999999999875,0.0346666666666664,0.0,0.003999999999997783,0.10791802444450646,0.0346666666666664,0,1,2022,Monaco Grand Prix,0.0,19,0.0
PER,62,0 days 00:01:17.997000,MEDIUM,32.0,True,0 days 03:57:55.124000,22.2,1,29.1,0 days 00:00:20.579000,0 days 00:00:36.774000,0 days 00:00:20.644000,1,77.997,14275.124,0.7590000000000146,False,False,True,False,False,False,32.0,0.0,0.0,20.579,36.774,20.644,0,0,0,0.0,78.94239999999999,0.3142623108176275,-3.0083149250074284,1,0,78.635,77.7,-0.9350000000000023,0.0,-0.6380000000000052,-0.2739999999999962,0.0,-0.18500000000000227,0.09626629732157248,-0.2739999999999962,0,1,2022,Monaco Grand Prix,0.0,19,0.0
PER,63,0 days 00:01:17.700000,MEDIUM,33.0,True,0 days 03:59:12.824000,22.2,1,28.9,0 days 00:00:20.502000,0 days 00:00:36.739000,0 days 00:00:20.459000,1,77.7,14352.824,0.9750000000003638,False,False,True,False,False,False,33.0,0.0,0.0,20.502,36.739,20.459,0,0,0,0.0,78.7672,0.5316325798899264,-2.007401427920316,1,1,77.997,77.917,-0.0799999999999983,0.0,-0.29699999999999704,-0.2576666666666654,0.0,-0.18499999999999872,0.16207652513552215,-0.2576666666666654,0,1,2022,Monaco Grand Prix,0.0,19,0.0
RIC,3,0 days 00:01:49.054000,WET,3.0,True,0 days 02:10:58.817000,21.3,14,28.8,0 days 00:00:29.074000,0 days 00:00:50.623000,0 days 00:00:29.357000,1,109.054,7858.817,0.7150000000001455,False,False,False,False,False,True,3.0,0.0,0.0,29.074,50.623,29.357,0,0,0,0.0,78.2452,0.5371305241748673,57.35812547113771,0,0,109.054,105.835,-3.2190000000000083,31.354,0.0,-0.2393333333333345,0.0,8.898,0.1869505282153686,0.0,0,1,2022,Monaco Grand Prix,0.0,19,0.0
RIC,4,0 days 00:01:45.835000,WET,4.0,True,0 days 02:12:44.652000,21.5,14,28.5,0 days 00:00:27.910000,0 days 00:00:49.282000,0 days 00:00:28.643000,1,105.835,7964.652,1.181999999999789,False,False,False,False,False,True,4.0,0.0,0.0,27.91,49.282,28.643,0,0,0,0.0,,,0.0,0,0,109.054,103.564,-5.490000000000009,0.0,-3.2190000000000083,0.0,0.0,0.0,0.0,0.0,0,0,2022,Monaco Grand Prix,0.0,19,0.0
RIC,5,0 days 00:01:43.564000,WET,5.0,True,0 days 02:14:28.216000,21.6,14,28.5,0 days 00:00:27.377000,0 days 00:00:48.529000,0 days 00:00:27.658000,12,103.564,8068.216,0.9309999999995853,False,False,False,False,False,True,5.0,0.0,0.0,27.377,48.529,27.658,0,0,1,0.0,,,0.0,0,0,105.835,104.231,-1.6039999999999992,0.0,-2.271000000000001,-1.6095000000000041,0.0,-0.9849999999999994,0.0,0.0,0,1,2022,Monaco Grand Prix,0.0,19,0.0
RIC,6,0 days 00:01:44.231000,WET,6.0,True,0 days 02:16:12.447000,21.6,12,28.3,0 days 00:00:27.443000,0 days 00:00:48.892000,0 days 00:00:27.896000,21,104.231,8172.447,0.5869999999995343,False,False,False,False,False,True,6.0,0.0,0.0,27.443,48.892,27.896,0,0,1,0.0,106.151,2.758607801047486,-0.6960032518109127,0,0,103.564,101.62,-1.9439999999999884,0.0,0.6670000000000016,-1.830000000000003,0.0,0.23799999999999955,5.443931147005198,-2.7450000000000045,0,1,2022,Monaco Grand Prix,0.0,19,0.0
RIC,7,0 days 00:01:41.620000,WET,7.0,True,0 days 02:17:54.067000,21.8,12,28.2,0 days 00:00:26.973000,0 days 00:00:47.397000,0 days 00:00:27.250000,1,101.62,8274.067,0.6300000000010186,False,False,False,False,False,True,7.0,0.0,0.0,26.973,47.397,27.25,0,0,0,0.0,105.67099999999999,2.4484439956837956,-1.6545201798126628,1,0,104.231,100.798,-3.4329999999999927,0.6670000000000016,-2.61099999999999,-1.6076666666666692,0.0,-0.40800000000000125,4.604040716225984,-1.6076666666666692,0,1,2022,Monaco Grand Prix,0.0,19,0.0
RIC,8,0 days 00:01:40.798000,WET,8.0,True,0 days 02:19:34.865000,21.6,12,28.1,0 days 00:00:26.406000,0 days 00:00:47.288000,0 days 00:00:27.104000,1,100.798,8374.865,0.6610000000000582,False,False,False,False,False,True,8.0,0.0,0.0,26.406,47.288,27.104,0,0,0,0.0,104.8608,2.788956561153294,-1.4567455286287931,0,1,101.62,99.546,-2.073999999999998,0.0,-0.8220000000000027,-1.4049999999999965,0.0,-0.1460000000000008,4.1345171181166975,-1.4049999999999965,0,1,2022,Monaco Grand Prix,0.0,19,0.0
RIC,9,0 days 00:01:39.546000,WET,9.0,True,0 days 02:21:14.411000,21.7,12,28.2,0 days 00:00:26.187000,0 days 00:00:46.575000,0 days 00:00:26.784000,1,99.546,8474.411,1.4169999999994616,False,False,False,False,False,True,9.0,0.0,0.0,26.187,46.575,26.784,0,0,0,0.0,103.2096,2.0251064910270746,-1.8090900484655095,1,0,100.798,99.411,-1.3870000000000005,0.0,-1.2519999999999953,-0.921999999999997,0.0,-0.3200000000000003,0.4680087606017638,-0.921999999999997,0,0,2022,Monaco Grand Prix,0.0,19,0.0
RIC,10,0 days 00:01:39.411000,WET,10.0,True,0 days 02:22:53.822000,21.9,12,27.9,0 days 00:00:26.088000,0 days 00:00:46.414000,0 days 00:00:26.909000,12,99.411,8573.822,0.9840000000003783,False,False,False,False,False,True,10.0,0.0,0.0,26.088,46.414,26.909,0,0,1,0.0,101.9518,1.937986119661328,-1.311051701672673,0,1,99.546,99.083,-0.46300000000000807,0.0,-0.13500000000000512,-1.5616666666666628,0.0,0.125,0.4448372736181164,-1.5616666666666628,0,1,2022,Monaco Grand Prix,0.0,19,0.0
RIC,11,0 days 00:01:39.083000,WET,11.0,True,0 days 02:24:32.905000,22.0,12,27.6,0 days 00:00:25.933000,0 days 00:00:46.244000,0 days 00:00:26.906000,12,99.083,8672.905,1.9039999999986321,False,False,False,False,False,True,11.0,0.0,0.0,25.933,46.244,26.906,0,0,1,0.0,101.1212,1.9640617861971532,-1.0377473938568897,0,0,99.411,100.341,0.9299999999999926,0.0,-0.32800000000000296,-0.7363333333333344,0.0,0.12199999999999989,0.27848913802875597,-0.7363333333333344,0,0,2022,Monaco Grand Prix,0.0,19,0.0
RIC,12,0 days 00:01:40.341000,WET,12.0,True,0 days 02:26:13.246000,22.0,12,27.1,0 days 00:00:26.149000,0 days 00:00:46.053000,0 days 00:00:28.139000,1,100.341,8773.246,0.5950000000011642,False,False,False,False,False,True,12.0,0.0,0.0,26.149,46.053,28.139,0,0,0,0.0,100.0916,1.0739154063518834,0.23223430684099422,0,0,99.083,100.065,0.9819999999999993,0.0,1.2579999999999956,-0.5716666666666678,0.0,1.3550000000000004,0.2459995934955981,-0.5716666666666678,0,1,2022,Monaco Grand Prix,0.0,19,0.0
RIC,13,0 days 00:01:40.065000,WET,13.0,True,0 days 02:27:53.311000,21.9,13,27.0,0 days 00:00:26.099000,0 days 00:00:45.376000,0 days 00:00:28.590000,1,100.065,8873.311,1.043999999999869,False,False,False,False,False,True,13.0,0.0,0.0,26.099,45.376,28.59,0,0,0,0.0,99.8358,0.7092606714036214,0.32315340359476946,0,0,100.341,97.837,-2.5039999999999907,1.2579999999999956,-0.27599999999999625,0.26499999999999585,0.0,1.684000000000001,0.6580560006564788,0.26499999999999585,0,0,2022,Monaco Grand Prix,0.0,19,0.0
RIC,14,0 days 00:01:37.837000,WET,14.0,True,0 days 02:29:31.148000,21.8,13,26.4,0 days 00:00:25.988000,0 days 00:00:45.051000,0 days 00:00:26.798000,1,97.837,8971.148,0.9920000000001892,False,False,False,False,False,True,14.0,0.0,0.0,25.988,45.051,26.798,0,0,0,0.0,99.6892,0.5078013391080274,-3.647489396647628,1,0,100.065,96.551,-3.513999999999996,0.9819999999999993,-2.2279999999999944,0.21799999999999878,0.0,-0.10800000000000054,0.8725478210390535,0.21799999999999878,0,1,2022,Monaco Grand Prix,0.0,19,0.0
RIC,15,0 days 00:01:36.551000,WET,15.0,True,0 days 02:31:07.699000,21.9,13,27.0,0 days 00:00:25.645000,0 days 00:00:44.449000,0 days 00:00:26.457000,1,96.551,9067.699,0.7929999999996653,False,False,False,False,False,True,15.0,0.0,0.0,25.645,44.449,26.457,0,0,0,0.0,99.3474,0.9820197554020405,-2.847600554486952,1,1,97.837,95.422,-2.4150000000000063,0.0,-1.2860000000000014,-0.4153333333333317,0.0,-0.3409999999999975,0.8206883086775395,-0.4153333333333317,0,1,2022,Monaco Grand Prix,0.0,19,0.0
RIC,16,0 days 00:01:35.422000,WET,16.0,True,0 days 02:32:43.121000,22.1,13,26.9,0 days 00:00:25.327000,0 days 00:00:43.998000,0 days 00:00:26.097000,1,95.422,9163.121,1.0960000000013679,False,False,False,False,False,True,16.0,0.0,0.0,25.327,43.998,26.097,0,0,0,0.0,98.7754,1.5840880026058688,-2.1169278439604184,1,1,96.551,95.839,-0.7120000000000033,0.0,-1.1290000000000049,-1.2633333333333308,0.0,-0.35999999999999943,0.9142922399320687,-1.2633333333333308,0,0,2022,Monaco Grand Prix,0.0,19,0.0
RIC,17,0 days 00:01:35.839000,WET,17.0,True,0 days 02:34:18.960000,22.0,13,26.8,0 days 00:00:25.351000,0 days 00:00:43.731000,0 days 00:00:26.757000,12,95.839,9258.96,0.6130000000011933,False,False,False,False,False,True,17.0,0.0,0.0,25.351,43.731,26.757,0,0,1,0.0,98.0432,2.1510130636515914,-1.0247264590100247,0,1,95.422,95.213,-0.20900000000000318,0.0,0.4170000000000016,-1.547666666666667,0.0,0.6600000000000001,0.9918223127153367,-1.547666666666667,0,1,2022,Monaco Grand Prix,0.0,19,0.0
RIC,18,0 days 00:01:35.213000,WET,18.0,True,0 days 02:35:54.173000,22.1,13,27.1,0 days 00:00:25.016000,0 days 00:00:43.643000,0 days 00:00:26.554000,1,95.213,9354.173,0.21199999999953434,False,False,False,False,False,True,18.0,0.0,0.0,25.016,43.643,26.554,0,0,0,0.0,97.1428,1.8729949813066125,-1.030328441485604,0,0,95.839,88.384,-7.454999999999998,0.4170000000000016,-0.6260000000000048,-0.6660000000000016,0.0,0.4569999999999972,0.8743220230555783,-0.6660000000000016,0,1,2022,Monaco Grand Prix,0.0,19,0.0
RIC,21,0 days 00:01:28.384000,HARD,,True,0 days 02:40:55.242000,22.1,14,27.3,0 days 00:00:24.633000,0 days 00:00:39.955000,0 days 00:00:23.796000,1,88.384,9655.242,2.646999999999025,True,False,False,False,False,False,0.0,0.0,0.0,24.633,39.955,23.796,0,0,0,0.0,96.1724,1.0617126729957187,-7.33569467342263,1,0,95.213,86.516,-8.696999999999989,0.0,-6.8289999999999935,-0.44600000000000267,0.0,-2.301000000000002,0.46984603861264834,-0.44600000000000267,0,0,2022,Monaco Grand Prix,0.0,19,0.0
RIC,22,0 days 00:01:26.516000,HARD,,True,0 days 02:42:21.758000,22.2,14,27.3,0 days 00:00:23.847000,0 days 00:00:39.293000,0 days 00:00:23.376000,1,86.516,9741.758,10.175999999999476,True,False,False,False,False,False,0.0,0.0,0.0,23.847,39.293,23.376,0,0,0,0.0,94.2818,3.3363668413409884,-2.327621742241835,1,1,88.384,84.29,-4.093999999999994,0.0,-1.867999999999995,-2.3459999999999988,0.0,-0.41999999999999815,1.1698596069614509,-2.3459999999999988,0,0,2022,Monaco Grand Prix,0.0,19,0.0
RIC,23,0 days 00:01:24.290000,HARD,,True,0 days 02:43:46.048000,22.2,14,27.6,0 days 00:00:22.966000,0 days 00:00:38.545000,0 days 00:00:22.779000,1,84.29,9826.048,9.149999999999636,True,False,False,False,False,False,0.0,0.0,0.0,22.966,38.545,22.779,0,0,0,0.0,92.2748,4.459358440403682,-1.790571470473042,1,1,86.516,83.294,-3.2220000000000084,0.0,-2.225999999999999,-3.1076666666666646,0.0,-0.5970000000000013,1.169785322185229,-3.1076666666666646,0,0,2022,Monaco Grand Prix,0.0,19,0.0
RIC,24,0 days 00:01:23.294000,HARD,,True,0 days 02:45:09.342000,22.2,13,27.8,0 days 00:00:22.584000,0 days 00:00:38.331000,0 days 00:00:22.379000,1,83.294,9909.342,9.67699999999968,True,False,False,False,False,False,0.0,0.0,0.0,22.584,38.331,22.379,0,0,0,0.0,90.04839999999999,5.210839404548894,-1.2962211029001618,0,1,84.29,84.496,0.20599999999998886,0.0,-0.9960000000000093,-3.640999999999996,0.0,-0.3999999999999986,1.1729214381193653,-3.640999999999996,0,0,2022,Monaco Grand Prix,0.0,19,0.0
RIC,25,0 days 00:01:24.496000,HARD,,True,0 days 02:46:33.838000,22.3,13,27.9,0 days 00:00:23.017000,0 days 00:00:38.620000,0 days 00:00:22.859000,12,84.496,9993.838,0.0,True,False,False,False,False,False,0.0,0.0,0.0,23.017,38.62,22.859,0,0,1,0.0,87.5394,4.722998390852932,-0.6443787924836439,0,0,83.294,111.415,28.12100000000001,0.0,1.2019999999999982,-1.6966666666666679,0.0,0.4800000000000004,1.0086420078501588,-1.6966666666666679,0,0,2022,Monaco Grand Prix,0.0,19,0.0
RIC,32,0 days 00:01:51.415000,HARD,13.0,True,0 days 03:19:06.463000,21.9,13,28.3,0 days 00:00:32.791000,0 days 00:00:54.032000,0 days 00:00:24.592000,1,111.415,11946.463,0.6390000000010332,True,False,False,False,False,False,13.0,0.0,0.0,32.791,54.032,24.592,0,0,0,0.0,85.396,2.039251333210141,12.759094269680586,0,0,84.496,84.835,0.33899999999999864,1.2019999999999982,26.91900000000001,-0.6733333333333368,0.0,2.2129999999999974,1.0149976847264244,-0.6733333333333368,0,1,2022,Monaco Grand Prix,0.0,19,0.0
RIC,33,0 days 00:01:24.835000,HARD,14.0,True,0 days 03:20:31.298000,21.9,13,28.5,0 days 00:00:22.830000,0 days 00:00:39.107000,0 days 00:00:22.898000,1,84.835,12031.298,0.40899999999965075,True,False,False,False,False,False,14.0,0.0,0.0,22.83,39.107,22.898,0,0,0,0.0,90.0022,12.027146469549606,-0.4296280928383431,0,0,111.415,82.656,-28.759,28.12100000000001,-26.580000000000013,9.041666666666666,0.0,0.5189999999999984,1.1720647166432392,9.041666666666666,0,1,2022,Monaco Grand Prix,0.0,19,0.0
RIC,34,0 days 00:01:22.656000,HARD,15.0,True,0 days 03:21:53.954000,22.0,13,28.8,0 days 00:00:22.268000,0 days 00:00:38.173000,0 days 00:00:22.215000,1,82.656,12113.954,0.4570000000003347,True,False,False,False,False,False,15.0,0.0,0.0,22.268,38.173,22.215,0,0,0,0.0,89.666,12.17158804347237,-0.5759314211886639,0,0,84.835,82.339,-2.495999999999995,1.5409999999999968,-2.178999999999988,0.5136666666666656,0.0,-0.6440000000000019,1.1104384269287504,0.5136666666666656,0,1,2022,Monaco Grand Prix,0.0,19,0.0
RIC,35,0 days 00:01:22.339000,HARD,16.0,True,0 days 03:23:16.293000,22.1,13,28.8,0 days 00:00:22.035000,0 days 00:00:38.157000,0 days 00:00:22.147000,1,82.339,12196.293,0.48099999999976717,True,False,False,False,False,False,16.0,0.0,0.0,22.035,38.157,22.147,0,0,0,0.0,89.33919999999999,12.372297228081758,-0.5657963004729176,0,0,82.656,82.229,-0.4270000000000067,0.0,-0.3170000000000073,-0.6133333333333297,0.0,-0.06800000000000139,1.1215860644640687,-0.6133333333333297,0,1,2022,Monaco Grand Prix,0.0,19,0.0
RIC,36,0 days 00:01:22.229000,HARD,17.0,True,0 days 03:24:38.522000,22.3,13,28.9,0 days 00:00:21.943000,0 days 00:00:38.397000,0 days 00:00:21.889000,1,82.229,12278.522,0.5159999999996217,True,False,False,False,False,False,17.0,0.0,0.0,21.943,38.397,21.889,0,0,0,0.0,89.1482,12.49570833126316,-0.5537261127237402,0,0,82.339,81.812,-0.527000000000001,0.0,-0.10999999999999943,-9.692000000000002,0.0,-0.2579999999999991,1.0684673602876222,-9.692000000000002,0,1,2022,Monaco Grand Prix,0.0,19,0.0
RIC,37,0 days 00:01:21.812000,HARD,18.0,True,0 days 03:26:00.334000,22.3,13,29.1,0 days 00:00:22.159000,0 days 00:00:37.854000,0 days 00:00:21.799000,1,81.812,12360.334,0.44499999999970896,True,False,False,False,False,False,18.0,0.0,0.0,22.159,37.854,21.799,0,0,0,0.0,88.6948,12.74534633503537,-0.5400245563417954,0,0,82.229,81.673,-0.5559999999999974,0.0,-0.4170000000000016,-0.8686666666666648,0.0,-0.08999999999999986,1.1215753652786773,-0.8686666666666648,0,1,2022,Monaco Grand Prix,0.0,19,0.0
RIC,38,0 days 00:01:21.673000,HARD,19.0,True,0 days 03:27:22.007000,22.3,13,29.1,0 days 00:00:21.727000,0 days 00:00:38.070000,0 days 00:00:21.876000,1,81.673,12442.007,0.43699999999989814,True,False,False,False,False,False,19.0,0.0,0.0,21.727,38.07,21.876,0,0,0,0.0,82.7742,1.190938579440198,-0.9246488601600359,0,0,81.812,80.64,-1.171999999999997,0.0,-0.1389999999999958,-0.2813333333333361,0.0,0.07700000000000173,0.41977636903475163,-0.2813333333333361,0,1,2022,Monaco Grand Prix,0.0,19,0.0
RIC,39,0 days 00:01:20.640000,HARD,20.0,True,0 days 03:28:42.647000,22.3,13,28.8,0 days 00:00:21.698000,0 days 00:00:37.457000,0 days 00:00:21.485000,1,80.64,12522.647,0.3539999999993597,True,False,False,False,False,False,20.0,0.0,0.0,21.698,37.457,21.485,0,0,0,0.0,82.1418,0.3998233359860189,-3.7561589452910726,1,0,81.673,80.098,-1.5750000000000028,0.0,-1.0330000000000013,-0.22199999999999895,0.0,-0.31400000000000006,0.2769003430839345,-0.22199999999999895,0,1,2022,Monaco Grand Prix,0.0,19,0.0
RIC,40,0 days 00:01:20.098000,HARD,21.0,True,0 days 03:30:02.745000,22.3,13,28.7,0 days 00:00:21.548000,0 days 00:00:37.226000,0 days 00:00:21.324000,1,80.098,12602.745,0.477999999999156,True,False,False,False,False,False,21.0,0.0,0.0,21.548,37.226,21.324,0,0,0,0.0,81.73859999999999,0.6740892374151509,-2.433802394310587,1,1,80.64,80.179,-0.4609999999999985,0.0,-0.5420000000000016,-0.5296666666666662,0.0,-0.1609999999999978,0.15694839916354728,-0.5296666666666662,0,1,2022,Monaco Grand Prix,0.0,19,0.0
RIC,41,0 days 00:01:20.179000,HARD,22.0,True,0 days 03:31:22.924000,22.4,13,28.9,0 days 00:00:21.625000,0 days 00:00:37.299000,0 days 00:00:21.255000,1,80.179,12682.924,0.28699999999844295,True,False,False,False,False,False,22.0,0.0,0.0,21.625,37.299,21.255,0,0,0,0.0,81.2904,0.8866026731286596,-1.253549119221663,0,1,80.098,79.716,-0.382000000000005,0.0,0.08100000000000307,-0.5713333333333329,0.0,-0.06900000000000261,0.15313947890730276,-0.5713333333333329,0,1,2022,Monaco Grand Prix,0.0,19,0.0
RIC,42,0 days 00:01:19.716000,HARD,23.0,True,0 days 03:32:42.640000,22.5,13,29.4,0 days 00:00:21.502000,0 days 00:00:37.126000,0 days 00:00:21.088000,1,79.716,12762.64,0.39900000000125146,True,False,False,False,False,False,23.0,0.0,0.0,21.502,37.126,21.088,0,0,0,0.0,80.88040000000001,0.8151682648378991,-1.4284167456292751,0,0,80.179,79.292,-0.8870000000000005,0.08100000000000307,-0.46300000000000807,-0.49799999999999994,0.0,-0.16699999999999804,0.14252824281524046,-0.49799999999999994,0,1,2022,Monaco Grand Prix,0.0,19,0.0
RIC,43,0 days 00:01:19.292000,HARD,24.0,True,0 days 03:34:01.932000,22.6,13,29.4,0 days 00:00:21.470000,0 days 00:00:36.983000,0 days 00:00:20.839000,1,79.292,12841.932,0.672999999998865,True,False,False,False,False,False,24.0,0.0,0.0,21.47,36.983,20.839,0,0,0,0.0,80.46119999999999,0.7528782770134773,-1.5529734828290966,1,0,79.716,79.587,-0.12899999999999068,0.0,-0.4239999999999924,-0.3080000000000022,0.0,-0.24900000000000233,0.14379221119379212,-0.3080000000000022,0,1,2022,Monaco Grand Prix,0.0,19,0.0
RIC,44,0 days 00:01:19.587000,HARD,25.0,True,0 days 03:35:21.519000,22.4,13,29.5,0 days 00:00:21.400000,0 days 00:00:37.103000,0 days 00:00:21.084000,1,79.587,12921.519,0.4959999999991851,True,False,False,False,False,False,25.0,0.0,0.0,21.4,37.103,21.084,0,0,0,0.0,79.985,0.5079468476117577,-0.7835465499417806,0,1,79.292,79.654,0.36199999999999477,0.0,0.2950000000000017,-0.2686666666666658,0.0,0.245000000000001,0.09333809511662455,-0.2686666666666658,0,1,2022,Monaco Grand Prix,0.0,19,0.0
RIC,45,0 days 00:01:19.654000,HARD,26.0,True,0 days 03:36:41.173000,22.3,13,28.7,0 days 00:00:21.290000,0 days 00:00:37.050000,0 days 00:00:21.314000,1,79.654,13001.173,0.3719999999993888,True,False,False,False,False,False,26.0,0.0,0.0,21.29,37.05,21.314,0,0,0,0.0,79.7744,0.3673068199730297,-0.327791354401871,0,0,79.587,79.455,-0.132000000000005,0.2950000000000017,0.06699999999999307,-0.19733333333333292,0.0,0.4750000000000014,0.1926374833722665,-0.19733333333333292,0,1,2022,Monaco Grand Prix,0.0,19,0.0
RIC,46,0 days 00:01:19.455000,HARD,27.0,True,0 days 03:38:00.628000,22.4,13,29.0,0 days 00:00:21.324000,0 days 00:00:37.128000,0 days 00:00:21.003000,1,79.455,13080.628,0.5209999999988213,True,False,False,False,False,False,27.0,0.0,0.0,21.324,37.128,21.003,0,0,0,0.0,79.6856,0.32015980384597015,-0.720265308854755,0,0,79.654,79.712,0.058000000000006935,0.36199999999999477,-0.19899999999999807,-0.020666666666665872,0.0,0.16400000000000148,0.3038321905262851,-0.020666666666665872,0,1,2022,Monaco Grand Prix,0.0,19,0.0
RIC,47,0 days 00:01:19.712000,HARD,28.0,True,0 days 03:39:20.340000,22.5,13,29.0,0 days 00:00:21.019000,0 days 00:00:37.572000,0 days 00:00:21.121000,1,79.712,13160.34,0.5769999999993161,True,False,False,False,False,False,28.0,0.0,0.0,21.019,37.572,21.121,0,0,0,0.0,79.5408,0.16948952769617134,1.0100919055417616,0,0,79.455,79.001,-0.4539999999999935,0.1629999999999967,0.257000000000005,0.054333333333332234,0.0,0.11799999999999855,0.29942912350003736,0.054333333333332234,0,1,2022,Monaco Grand Prix,0.0,19,0.0
RIC,48,0 days 00:01:19.001000,HARD,29.0,True,0 days 03:40:39.341000,22.6,13,29.7,0 days 00:00:21.302000,0 days 00:00:36.835000,0 days 00:00:20.864000,1,79.001,13239.341,0.6769999999996799,True,False,False,False,False,False,29.0,0.0,0.0,21.302,36.835,20.864,0,0,0,0.0,79.54,0.16846216191973773,-3.199531537870226,1,0,79.712,79.083,-0.6290000000000049,0.4200000000000017,-0.7109999999999985,0.041666666666666664,0.0,-0.13899999999999935,0.26223519977302984,0.041666666666666664,0,1,2022,Monaco Grand Prix,0.0,19,0.0
RIC,49,0 days 00:01:19.083000,HARD,30.0,True,0 days 03:41:58.424000,22.5,13,29.8,0 days 00:00:21.215000,0 days 00:00:36.955000,0 days 00:00:20.913000,1,79.083,13318.424,0.7759999999998399,True,False,False,False,False,False,30.0,0.0,0.0,21.215,36.955,20.913,0,0,0,0.0,79.48179999999999,0.2853063266011873,-1.397795852446879,0,1,79.001,78.208,-0.7930000000000064,0.0,0.08199999999999363,-0.21766666666666387,0.0,0.04899999999999949,0.22183169295662034,-0.21766666666666387,0,1,2022,Monaco Grand Prix,0.0,19,0.0
RIC,50,0 days 00:01:18.208000,HARD,31.0,True,0 days 03:43:16.632000,22.6,13,29.5,0 days 00:00:20.948000,0 days 00:00:36.529000,0 days 00:00:20.731000,1,78.208,13396.632,0.9920000000001892,True,False,False,False,False,False,31.0,0.0,0.0,20.948,36.529,20.731,0,0,0,0.0,79.381,0.3251038295662667,-3.608078076363928,1,0,79.083,78.087,-0.9959999999999951,0.08199999999999363,-0.875,-0.12399999999999996,0.0,-0.13299999999999912,0.2231530864675645,-0.12399999999999996,0,1,2022,Monaco Grand Prix,0.0,19,0.0
RIC,51,0 days 00:01:18.087000,HARD,32.0,True,0 days 03:44:34.719000,22.6,13,29.2,0 days 00:00:20.783000,0 days 00:00:36.553000,0 days 00:00:20.751000,1,78.087,13474.719,1.1940000000013242,True,False,False,False,False,False,32.0,0.0,0.0,20.783,36.553,20.751,0,0,0,0.0,79.0918,0.5713988974426061,-1.7584913175316894,1,1,78.208,78.68,0.4720000000000084,0.0,-0.12099999999999511,-0.501333333333335,0.0,0.019999999999999574,0.14100957414303475,-0.501333333333335,0,0,2022,Monaco Grand Prix,0.0,19,0.0
RIC,52,0 days 00:01:18.680000,HARD,33.0,True,0 days 03:45:53.399000,22.5,13,29.2,0 days 00:00:20.947000,0 days 00:00:36.989000,0 days 00:00:20.744000,1,78.68,13553.399,0.8230000000003201,True,False,False,False,False,False,33.0,0.0,0.0,20.947,36.989,20.744,0,0,0,0.0,78.8182,0.6725717062132466,-0.2054799491612568,0,1,78.087,77.945,-0.14200000000001012,0.0,0.5930000000000035,-0.30466666666666714,0.0,0.012999999999998124,0.11433503400095653,-0.30466666666666714,0,1,2022,Monaco Grand Prix,0.0,19,0.0
RIC,53,0 days 00:01:17.945000,HARD,34.0,True,0 days 03:47:11.344000,22.4,13,29.2,0 days 00:00:20.747000,0 days 00:00:36.449000,0 days 00:00:20.749000,1,77.945,13631.344,0.9350000000013097,True,False,False,False,False,False,34.0,0.0,0.0,20.747,36.449,20.749,0,0,0,0.0,78.6118,0.4518370281402087,-1.4757533324451126,0,0,78.68,77.944,-0.7360000000000042,0.5930000000000035,-0.7350000000000136,-0.13433333333333053,0.0,0.01799999999999713,0.0904986187739898,-0.13433333333333053,0,1,2022,Monaco Grand Prix,0.0,19,0.0
RIC,54,0 days 00:01:17.944000,HARD,35.0,True,0 days 03:48:29.288000,22.4,13,29.2,0 days 00:00:20.750000,0 days 00:00:36.512000,0 days 00:00:20.682000,1,77.944,13709.288,1.0349999999998545,True,False,False,False,False,False,35.0,0.0,0.0,20.75,36.512,20.682,0,0,0,0.0,78.4006,0.47083574630496433,-0.9697649415604287,0,0,77.945,77.629,-0.3159999999999883,0.0,-0.000999999999990564,-0.0876666666666684,0.0,-0.062000000000001165,0.07205067661028568,-0.0876666666666684,0,0,2022,Monaco Grand Prix,0.0,19,0.0
RIC,55,0 days 00:01:17.629000,HARD,36.0,True,0 days 03:49:46.917000,22.3,13,29.1,0 days 00:00:20.487000,0 days 00:00:36.557000,0 days 00:00:20.585000,1,77.629,13786.917,1.2370000000009895,True,False,False,False,False,False,36.0,0.0,0.0,20.487,36.557,20.585,0,0,0,0.0,78.1728,0.30417708657709225,-1.7877743722230266,1,0,77.944,77.642,-0.3020000000000067,0.0,-0.3149999999999977,-0.04766666666666689,0.0,-0.09699999999999775,0.06759955621156069,-0.04766666666666689,0,0,2022,Monaco Grand Prix,0.0,19,0.0
RIC,56,0 days 00:01:17.642000,HARD,37.0,True,0 days 03:51:04.559000,22.4,13,29.1,0 days 00:00:20.585000,0 days 00:00:36.401000,0 days 00:00:20.656000,12,77.642,13864.559,1.2669999999998254,True,False,False,False,False,False,37.0,0.0,0.0,20.585,36.401,20.656,0,0,1,0.0,78.057,0.38649902975106465,-1.0737413759286756,0,1,77.629,77.801,0.17199999999999704,0.0,0.012999999999991019,-0.350333333333334,0.0,0.07099999999999795,0.05434427292732821,-0.350333333333334,0,0,2022,Monaco Grand Prix,0.0,19,0.0
RIC,57,0 days 00:01:17.801000,HARD,38.0,True,0 days 03:52:22.360000,22.5,13,29.1,0 days 00:00:20.593000,0 days 00:00:36.619000,0 days 00:00:20.589000,1,77.801,13942.36,1.3149999999986903,True,False,False,False,False,False,38.0,0.0,0.0,20.593,36.619,20.589,0,0,0,0.0,77.968,0.42697950770324616,-0.3911194729187514,0,0,77.642,77.817,0.17499999999999716,0.012999999999991019,0.15900000000000603,-0.10099999999999909,0.0,0.003999999999997783,0.06733721110945924,-0.10099999999999909,0,0,2022,Monaco Grand Prix,0.0,19,0.0
RIC,58,0 days 00:01:17.817000,HARD,39.0,True,0 days 03:53:40.177000,22.4,13,29.5,0 days 00:00:20.606000,0 days 00:00:36.546000,0 days 00:00:20.665000,1,77.817,14020.177,1.522000000000844,True,False,False,False,False,False,39.0,0.0,0.0,20.606,36.546,20.665,0,0,0,0.0,77.79220000000001,0.15464701742512274,0.16036520078373023,0,0,77.801,77.532,-0.26900000000000546,0.17199999999999704,0.015999999999991132,-0.04766666666666689,0.0,0.0799999999999983,0.06663857741578734,-0.04766666666666689,0,0,2022,Monaco Grand Prix,0.0,19,0.0
RIC,59,0 days 00:01:17.532000,HARD,40.0,True,0 days 03:54:57.709000,22.4,13,29.3,0 days 00:00:20.512000,0 days 00:00:36.463000,0 days 00:00:20.557000,12,77.532,14097.709,1.9569999999985157,True,False,False,False,False,False,40.0,0.0,0.0,20.512,36.463,20.557,0,0,1,0.0,77.76660000000001,0.13195946346694692,-1.777818686408777,1,0,77.817,78.052,0.23500000000001364,0.18799999999998818,-0.2849999999999966,0.06266666666666272,0.0,-0.03200000000000003,0.07859198432410189,0.06266666666666272,0,0,2022,Monaco Grand Prix,0.0,19,0.0
RIC,60,0 days 00:01:18.052000,HARD,41.0,True,0 days 03:56:15.761000,22.3,13,29.1,0 days 00:00:20.587000,0 days 00:00:36.631000,0 days 00:00:20.834000,1,78.052,14175.761,2.0429999999996653,True,False,False,False,False,False,41.0,0.0,0.0,20.587,36.631,20.834,0,0,0,0.0,77.6842,0.12172797541435432,3.0214911465341854,0,1,77.532,78.321,0.7890000000000015,0.0,0.5200000000000102,-0.03666666666666648,0.0,0.277000000000001,0.07374754233193032,-0.03666666666666648,0,0,2022,Monaco Grand Prix,0.0,19,0.0
RIC,61,0 days 00:01:18.321000,HARD,42.0,True,0 days 03:57:34.082000,22.3,13,29.1,0 days 00:00:20.733000,0 days 00:00:36.852000,0 days 00:00:20.736000,1,78.321,14254.082,1.8179999999993015,True,False,False,False,False,False,42.0,0.0,0.0,20.733,36.852,20.736,0,0,0,0.0,77.7688,0.19730357320253372,2.7987328918425685,0,0,78.052,77.579,-0.4730000000000132,0.5200000000000102,0.26899999999999125,0.08366666666666826,0.0,0.17900000000000205,0.11959305999931724,0.08366666666666826,0,0,2022,Monaco Grand Prix,0.0,19,0.0
RIC,62,0 days 00:01:17.579000,HARD,43.0,True,0 days 03:58:51.661000,22.2,13,28.9,0 days 00:00:20.606000,0 days 00:00:36.405000,0 days 00:00:20.568000,1,77.579,14331.661,2.5200000000004366,True,False,False,False,False,False,43.0,0.0,0.0,20.606,36.405,20.568,0,0,0,0.0,77.90459999999999,0.2967967317854117,-1.0970471205707475,0,0,78.321,78.198,-0.12300000000000466,0.7890000000000015,-0.7420000000000044,0.16800000000000162,0.0,0.011000000000002785,0.12707989612838214,0.16800000000000162,0,0,2022,Monaco Grand Prix,0.0,19,0.0
RIC,63,0 days 00:01:18.198000,HARD,44.0,True,0 days 04:00:09.859000,22.3,13,29.5,0 days 00:00:20.654000,0 days 00:00:36.664000,0 days 00:00:20.880000,1,78.198,14409.859,2.7330000000001746,True,False,False,False,False,False,44.0,0.0,0.0,20.654,36.664,20.88,0,0,0,0.0,77.86019999999999,0.3308242735932458,1.0210858965425627,0,0,77.579,78.524,0.9450000000000074,0.046999999999997044,0.6189999999999998,0.01566666666666568,0.0,0.3119999999999976,0.12576764289752812,0.01566666666666568,0,0,2022,Monaco Grand Prix,0.0,19,0.0
RUS,3,0 days 00:01:46.520000,WET,3.0,True,0 days 02:10:48.470000,21.3,6,28.8,0 days 00:00:29.011000,0 days 00:00:49.352000,0 days 00:00:28.157000,1,106.52,7848.47,1.1499999999996362,False,False,False,False,False,True,3.0,0.0,0.0,29.011,49.352,28.157,0,0,0,0.0,78.1348,0.355637034064963,79.81508471025819,0,0,106.52,102.52,-4.0,28.941000000000003,0.0,0.06766666666666765,0.0,7.588999999999999,0.11676814634137053,0.0,0,0,2022,Monaco Grand Prix,0.0,19,0.0
RUS,4,0 days 00:01:42.520000,WET,4.0,True,0 days 02:12:30.990000,21.4,6,28.6,0 days 00:00:27.505000,0 days 00:00:47.747000,0 days 00:00:27.268000,1,102.52,7950.99,1.5460000000002765,False,False,False,False,False,True,4.0,0.0,0.0,27.505,47.747,27.268,0,0,0,0.0,,,0.0,0,0,106.52,100.64,-5.8799999999999955,0.0,-4.0,0.0,0.0,0.0,0.0,0.0,0,0,2022,Monaco Grand Prix,0.0,19,0.0
RUS,5,0 days 00:01:40.640000,WET,5.0,True,0 days 02:14:11.630000,21.6,6,28.5,0 days 00:00:26.722000,0 days 00:00:47.089000,0 days 00:00:26.829000,1,100.64,8051.63,2.4549999999999272,False,False,False,False,False,True,5.0,0.0,0.0,26.722,47.089,26.829,0,0,0,0.0,,,0.0,0,0,102.52,99.57,-2.950000000000003,0.0,-1.8799999999999955,-2.0,0.0,-0.43900000000000006,0.0,0.0,0,0,2022,Monaco Grand Prix,0.0,19,0.0
RUS,6,0 days 00:01:39.570000,WET,6.0,True,0 days 02:15:51.200000,21.6,6,28.3,0 days 00:00:26.205000,0 days 00:00:46.865000,0 days 00:00:26.500000,12,99.57,8151.2,3.175000000000182,False,False,False,False,False,True,6.0,0.0,0.0,26.205,46.865,26.5,0,0,1,0.0,103.22666666666667,3.0030207014493446,-1.217662823603536,0,0,100.64,99.094,-1.5460000000000065,0.0,-1.0700000000000074,-1.9599999999999984,0.0,-0.3290000000000006,4.513579990798139,-2.9399999999999977,0,0,2022,Monaco Grand Prix,0.0,19,0.0
RUS,7,0 days 00:01:39.094000,WET,7.0,True,0 days 02:17:30.294000,21.7,6,28.5,0 days 00:00:26.130000,0 days 00:00:46.424000,0 days 00:00:26.540000,1,99.094,8250.294,3.132999999999811,False,False,False,False,False,True,7.0,0.0,0.0,26.13,46.424,26.54,0,0,0,0.0,102.3125,3.0585767387245104,-1.0522868232307903,0,0,99.57,98.944,-0.6259999999999906,0.0,-0.4759999999999991,-2.3166666666666678,0.0,0.03999999999999915,3.926931488664739,-2.3166666666666678,0,0,2022,Monaco Grand Prix,0.0,19,0.0
RUS,8,0 days 00:01:38.944000,WET,8.0,True,0 days 02:19:09.238000,21.7,6,28.1,0 days 00:00:26.063000,0 days 00:00:46.454000,0 days 00:00:26.427000,1,98.944,8349.238,3.4020000000000437,False,False,False,False,False,True,8.0,0.0,0.0,26.063,46.454,26.427,0,0,0,0.0,101.6688,3.014617255971313,-0.9038626693331484,0,0,99.094,98.127,-0.9669999999999987,0.0,-0.14999999999999147,-1.1420000000000006,0.0,-0.0730000000000004,3.4814084362510527,-1.1420000000000006,0,0,2022,Monaco Grand Prix,0.0,19,0.0
RUS,9,0 days 00:01:38.127000,WET,9.0,True,0 days 02:20:47.365000,21.7,6,28.2,0 days 00:00:25.677000,0 days 00:00:46.113000,0 days 00:00:26.337000,1,98.127,8447.365,3.95299999999952,False,False,False,False,False,True,9.0,0.0,0.0,25.677,46.113,26.337,0,0,0,0.0,100.15360000000001,1.4801104012876973,-1.3692221865591057,0,0,98.944,97.852,-1.0919999999999987,0.0,-0.8170000000000073,-0.5653333333333327,0.0,-0.08999999999999986,0.21187897488897148,-0.5653333333333327,0,0,2022,Monaco Grand Prix,0.0,19,0.0
RUS,10,0 days 00:01:37.852000,WET,10.0,True,0 days 02:22:25.217000,21.9,6,28.3,0 days 00:00:25.823000,0 days 00:00:45.652000,0 days 00:00:26.377000,12,97.852,8545.217,3.701999999999316,False,False,False,False,False,True,10.0,0.0,0.0,25.823,45.652,26.377,0,0,1,0.0,99.275,0.9233737054952503,-1.5410878515722706,1,0,98.127,96.531,-1.5959999999999894,0.0,-0.2749999999999915,-0.48099999999999926,0.0,0.03999999999999915,0.1982516078118949,-0.48099999999999926,0,0,2022,Monaco Grand Prix,0.0,19,0.0
RUS,11,0 days 00:01:36.531000,WET,11.0,True,0 days 02:24:01.748000,22.0,6,27.6,0 days 00:00:25.447000,0 days 00:00:44.914000,0 days 00:00:26.170000,12,96.531,8641.748,4.3770000000004075,False,False,False,False,False,True,11.0,0.0,0.0,25.447,44.914,26.17,0,0,1,0.0,98.7174,0.7102096873459391,-3.078527425006819,1,1,97.852,96.456,-1.3960000000000008,0.0,-1.320999999999998,-0.41399999999999676,0.0,-0.16699999999999804,0.15076571228234031,-0.41399999999999676,0,0,2022,Monaco Grand Prix,0.0,19,0.0
RUS,12,0 days 00:01:36.456000,WET,12.0,True,0 days 02:25:38.204000,22.0,6,27.1,0 days 00:00:25.639000,0 days 00:00:44.355000,0 days 00:00:26.462000,1,96.456,8738.204,3.805000000000291,False,False,False,False,False,True,12.0,0.0,0.0,25.639,44.355,26.462,0,0,0,0.0,98.1096,1.027607074712905,-1.6091753751909343,1,1,96.531,95.796,-0.7349999999999994,0.0,-0.07500000000000284,-0.8043333333333322,0.0,0.29199999999999804,0.08946787132821064,-0.8043333333333322,0,0,2022,Monaco Grand Prix,0.0,19,0.0
RUS,13,0 days 00:01:35.796000,WET,13.0,True,0 days 02:27:14,22.0,6,27.0,0 days 00:00:25.736000,0 days 00:00:43.892000,0 days 00:00:26.168000,1,95.796,8834.0,3.1669999999994616,False,False,False,False,False,True,13.0,0.0,0.0,25.736,43.892,26.168,0,0,0,0.0,97.582,1.0720827859825093,-1.6659161245306342,1,1,96.456,94.818,-1.6380000000000052,0.0,-0.6599999999999966,-0.5569999999999974,0.0,-0.0020000000000024443,0.17901201077023013,-0.5569999999999974,0,0,2022,Monaco Grand Prix,0.0,19,0.0
RUS,14,0 days 00:01:34.818000,WET,14.0,True,0 days 02:28:48.818000,21.8,6,26.4,0 days 00:00:25.321000,0 days 00:00:43.377000,0 days 00:00:26.120000,1,94.818,8928.818,2.486000000000786,False,False,False,False,False,True,14.0,0.0,0.0,25.321,43.377,26.12,0,0,0,0.0,96.95240000000001,0.9937576666371012,-2.1478073293490882,1,1,95.796,93.797,-1.9990000000000094,0.0,-0.9780000000000086,-0.6853333333333325,0.0,-0.047999999999998266,0.1744929798014837,-0.6853333333333325,0,0,2022,Monaco Grand Prix,0.0,19,0.0
RUS,15,0 days 00:01:33.797000,WET,15.0,True,0 days 02:30:22.615000,21.9,6,27.2,0 days 00:00:24.693000,0 days 00:00:42.992000,0 days 00:00:26.112000,1,93.797,9022.615,2.173000000000684,False,False,False,False,False,True,15.0,0.0,0.0,24.693,42.992,26.112,0,0,0,0.0,96.29060000000001,1.1108891933942004,-2.2446883224969474,1,1,94.818,93.663,-1.1550000000000011,0.0,-1.0210000000000008,-0.5710000000000027,0.0,-0.008000000000002672,0.16912717108732397,-0.5710000000000027,0,0,2022,Monaco Grand Prix,0.0,19,0.0
RUS,16,0 days 00:01:33.663000,WET,16.0,True,0 days 02:31:56.278000,21.9,6,26.9,0 days 00:00:24.945000,0 days 00:00:42.750000,0 days 00:00:25.968000,1,93.663,9116.278,2.6810000000004948,False,False,False,False,False,True,16.0,0.0,0.0,24.945,42.75,25.968,0,0,0,0.0,95.4796,1.1648782339798518,-1.5594763014787594,1,1,93.797,93.571,-0.2259999999999991,0.0,-0.13400000000000034,-0.8863333333333353,0.0,-0.14399999999999835,0.16928319467685204,-0.8863333333333353,0,0,2022,Monaco Grand Prix,0.0,19,0.0
RUS,17,0 days 00:01:33.571000,WET,17.0,True,0 days 02:33:29.849000,22.1,5,26.9,0 days 00:00:25.466000,0 days 00:00:42.344000,0 days 00:00:25.761000,12,93.571,9209.849,2.459000000000742,False,False,False,False,False,True,17.0,0.0,0.0,25.466,42.344,25.761,0,0,1,0.0,94.90599999999999,1.222423208222105,-1.092093140101308,0,1,93.663,92.969,-0.6940000000000026,0.0,-0.09199999999999875,-0.7110000000000033,0.0,-0.20700000000000074,0.1633646228533003,-0.7110000000000033,0,0,2022,Monaco Grand Prix,0.0,19,0.0
RUS,18,0 days 00:01:32.969000,WET,18.0,True,0 days 02:35:02.818000,22.0,5,27.1,0 days 00:00:24.307000,0 days 00:00:42.632000,0 days 00:00:26.030000,1,92.969,9302.818,1.8460000000013679,False,False,False,False,False,True,18.0,0.0,0.0,24.307,42.632,26.03,0,0,0,0.0,94.329,0.9607749476334342,-1.4155240031496763,0,0,93.571,92.241,-1.3299999999999983,0.0,-0.6020000000000039,-0.41566666666666663,0.0,0.2690000000000019,0.09013989128017225,-0.41566666666666663,0,0,2022,Monaco Grand Prix,0.0,19,0.0
RUS,19,0 days 00:01:32.241000,WET,19.0,True,0 days 02:36:35.059000,22.0,5,27.1,0 days 00:00:24.776000,0 days 00:00:42.059000,0 days 00:00:25.406000,1,92.241,9395.059,1.6740000000008877,False,False,False,False,False,True,19.0,0.0,0.0,24.776,42.059,25.406,0,0,0,0.0,93.7636,0.669230752431505,-2.275149482398948,1,0,92.969,91.511,-1.4579999999999984,0.0,-0.7279999999999944,-0.27600000000000097,0.0,-0.3550000000000004,0.18337475289690686,-0.27600000000000097,0,0,2022,Monaco Grand Prix,0.0,19,0.0
RUS,20,0 days 00:01:31.511000,WET,20.0,True,0 days 02:38:06.570000,22.0,5,27.5,0 days 00:00:24.309000,0 days 00:00:42.089000,0 days 00:00:25.113000,12,91.511,9486.57,1.6040000000011787,False,False,False,False,False,True,20.0,0.0,0.0,24.309,42.089,25.113,0,0,1,0.0,93.2482,0.64611237412702,-2.6886963778509574,1,1,92.241,83.633,-8.608000000000004,0.0,-0.730000000000004,-0.47399999999999903,0.0,-0.29299999999999926,0.23581242545718772,-0.47399999999999903,0,0,2022,Monaco Grand Prix,0.0,19,0.0
RUS,23,0 days 00:01:23.633000,HARD,,True,0 days 02:42:50.137000,22.1,5,27.2,0 days 00:00:22.922000,0 days 00:00:38.192000,0 days 00:00:22.519000,1,83.633,9770.137,9.302999999999884,True,False,False,False,False,False,0.0,0.0,0.0,22.922,38.192,22.519,0,0,0,0.0,92.79099999999998,0.91397045904125,-10.020017506481205,1,1,91.511,83.929,-7.581999999999994,0.0,-7.878,-0.6866666666666674,0.0,-2.594000000000001,0.24558094388612858,-0.6866666666666674,0,0,2022,Monaco Grand Prix,0.0,19,0.0
RUS,24,0 days 00:01:23.929000,HARD,,True,0 days 02:44:14.066000,22.2,5,27.6,0 days 00:00:22.211000,0 days 00:00:38.320000,0 days 00:00:23.398000,1,83.929,9854.066,1.326999999999316,True,False,False,False,False,False,0.0,0.0,0.0,22.211,38.32,23.398,0,0,0,0.0,90.785,4.072154466618394,-1.6836296501525805,1,1,83.633,81.037,-2.5959999999999894,0.0,0.2960000000000065,-3.1119999999999997,0.0,0.8790000000000013,1.121766464109176,-3.1119999999999997,0,0,2022,Monaco Grand Prix,0.0,19,0.0
RUS,25,0 days 00:01:21.037000,HARD,,True,0 days 02:45:35.103000,22.3,5,27.9,0 days 00:00:21.537000,0 days 00:00:37.444000,0 days 00:00:22.056000,1,81.037,9935.103,2.713999999999942,True,False,False,False,False,False,0.0,0.0,0.0,21.537,37.444,22.056,0,0,0,0.0,88.85659999999999,4.6631286493083355,-1.6768999073529383,1,1,83.929,119.413,35.483999999999995,0.2960000000000065,-2.891999999999996,-2.7706666666666657,0.0,-0.4629999999999974,1.3142245622419344,-2.7706666666666657,0,0,2022,Monaco Grand Prix,0.0,19,0.0
RUS,32,0 days 00:01:59.413000,MEDIUM,2.0,True,0 days 03:18:58.411000,21.9,5,28.3,0 days 00:00:34.404000,0 days 00:00:54.979000,0 days 00:00:30.030000,1,119.413,11938.411,1.1569999999992433,False,False,True,False,False,False,2.0,0.0,0.0,34.404,54.979,30.03,0,0,0,0.0,86.4702,5.068008997624243,6.5001463129688135,0,1,81.037,84.302,3.2650000000000006,0.0,38.37599999999999,-3.49133333333333,0.0,7.974,1.2580207470467264,-3.49133333333333,0,0,2022,Monaco Grand Prix,0.0,19,0.0
RUS,33,0 days 00:01:24.302000,MEDIUM,3.0,True,0 days 03:20:22.713000,21.9,5,28.5,0 days 00:00:23.158000,0 days 00:00:38.906000,0 days 00:00:22.238000,1,84.302,12022.713,0.7000000000007276,False,False,True,False,False,False,3.0,0.0,0.0,23.158,38.906,22.238,0,0,0,0.0,91.9046,15.86664176188521,-0.47915621428240307,0,0,119.413,81.524,-37.888999999999996,38.37599999999999,-35.11099999999999,11.926666666666668,0.0,0.1819999999999986,4.041341646037861,11.926666666666668,0,1,2022,Monaco Grand Prix,0.0,19,0.0
RUS,34,0 days 00:01:21.524000,MEDIUM,4.0,True,0 days 03:21:44.237000,22.0,5,28.8,0 days 00:00:21.638000,0 days 00:00:37.794000,0 days 00:00:22.092000,1,81.524,12104.237,1.4549999999999272,False,False,True,False,False,False,4.0,0.0,0.0,21.638,37.794,22.092,0,0,0,0.0,90.4628,16.23462313082752,-0.5506010166029871,0,0,84.302,79.379,-4.923000000000002,3.2650000000000006,-2.778000000000006,0.12433333333333489,0.0,0.03599999999999781,4.005819179643535,0.12433333333333489,0,0,2022,Monaco Grand Prix,0.0,19,0.0
RUS,35,0 days 00:01:19.379000,MEDIUM,5.0,True,0 days 03:23:03.616000,22.1,5,28.8,0 days 00:00:21.332000,0 days 00:00:36.835000,0 days 00:00:21.212000,1,79.379,12183.616,2.80199999999968,False,False,True,False,False,False,5.0,0.0,0.0,21.332,36.835,21.212,0,0,0,0.0,90.041,16.481947351572263,-0.646889580009665,0,0,81.524,79.332,-2.1920000000000073,0.48699999999999477,-2.144999999999996,0.16233333333333158,0.0,-0.879999999999999,3.527980059467457,0.16233333333333158,0,0,2022,Monaco Grand Prix,0.0,19,0.0
RUS,36,0 days 00:01:19.332000,MEDIUM,6.0,True,0 days 03:24:22.948000,22.2,5,28.9,0 days 00:00:21.214000,0 days 00:00:36.767000,0 days 00:00:21.351000,1,79.332,12262.948,2.97400000000016,False,False,True,False,False,False,6.0,0.0,0.0,21.214,36.767,21.351,0,0,0,0.0,89.131,17.02057250799749,-0.575715064542966,0,0,79.379,78.807,-0.5720000000000027,0.0,-0.047000000000011255,-13.344666666666663,0.0,0.13899999999999935,3.7157134173668456,-13.344666666666663,0,0,2022,Monaco Grand Prix,0.0,19,0.0
RUS,37,0 days 00:01:18.807000,MEDIUM,7.0,True,0 days 03:25:41.755000,22.3,5,29.1,0 days 00:00:21.030000,0 days 00:00:36.619000,0 days 00:00:21.158000,1,78.807,12341.755,2.44800000000032,False,False,True,False,False,False,7.0,0.0,0.0,21.03,36.619,21.158,0,0,0,0.0,88.78999999999999,17.23895091065579,-0.5790955639782737,0,0,79.332,77.994,-1.3379999999999939,0.0,-0.5249999999999915,-1.656666666666671,0.0,-0.053999999999998494,3.650662159115796,-1.656666666666671,0,0,2022,Monaco Grand Prix,0.0,19,0.0
RUS,38,0 days 00:01:17.994000,MEDIUM,8.0,True,0 days 03:26:59.749000,22.3,5,29.1,0 days 00:00:20.932000,0 days 00:00:36.244000,0 days 00:00:20.818000,1,77.994,12419.749,1.6720000000004802,False,False,True,False,False,False,8.0,0.0,0.0,20.932,36.244,20.818,0,0,0,0.0,80.6688,2.2830038764752016,-1.1716143049786272,0,0,78.807,77.323,-1.4840000000000089,0.0,-0.8130000000000024,-0.9056666666666663,0.0,-0.33999999999999986,0.43717021856480875,-0.9056666666666663,0,0,2022,Monaco Grand Prix,0.0,19,0.0
RUS,39,0 days 00:01:17.323000,MEDIUM,9.0,True,0 days 03:28:17.072000,22.4,5,28.8,0 days 00:00:20.744000,0 days 00:00:35.937000,0 days 00:00:20.642000,1,77.323,12497.072,2.470999999999549,False,False,True,False,False,False,9.0,0.0,0.0,20.744,35.937,20.642,0,0,0,0.0,79.4072,1.3081157058918298,-1.593284134280057,1,0,77.994,77.03,-0.9639999999999986,0.0,-0.6710000000000065,-0.4616666666666684,0.0,-0.17600000000000193,0.4098697354038265,-0.4616666666666684,0,0,2022,Monaco Grand Prix,0.0,19,0.0
RUS,40,0 days 00:01:17.030000,MEDIUM,10.0,True,0 days 03:29:34.102000,22.3,5,28.8,0 days 00:00:20.609000,0 days 00:00:35.838000,0 days 00:00:20.583000,1,77.03,12574.102,2.6019999999989523,False,False,True,False,False,False,10.0,0.0,0.0,20.609,35.838,20.583,0,0,0,0.0,78.56700000000001,0.8913520628802933,-1.7243467132766617,1,1,77.323,76.864,-0.458999999999989,0.0,-0.29299999999999216,-0.6696666666666667,0.0,-0.05900000000000105,0.38712685259486057,-0.6696666666666667,0,0,2022,Monaco Grand Prix,0.0,19,0.0
RUS,41,0 days 00:01:16.864000,MEDIUM,11.0,True,0 days 03:30:50.966000,22.4,5,28.9,0 days 00:00:20.489000,0 days 00:00:35.862000,0 days 00:00:20.513000,1,76.864,12650.966,4.021999999999025,False,False,True,False,False,False,11.0,0.0,0.0,20.489,35.862,20.513,0,0,0,0.0,78.0972,0.9717894319249398,-1.2689991879796938,0,1,77.03,76.83,-0.20000000000000284,0.0,-0.16599999999999682,-0.5923333333333337,0.0,-0.06999999999999673,0.176262588202952,-0.5923333333333337,0,0,2022,Monaco Grand Prix,0.0,19,0.0
RUS,42,0 days 00:01:16.830000,MEDIUM,12.0,True,0 days 03:32:07.796000,22.5,5,29.1,0 days 00:00:20.449000,0 days 00:00:35.837000,0 days 00:00:20.544000,1,76.83,12727.796,4.483000000000175,False,False,True,False,False,False,12.0,0.0,0.0,20.449,35.837,20.544,0,0,0,0.0,77.6036,0.7992723565850718,-0.9678803396945238,0,0,76.864,77.047,0.18299999999999272,0.0,-0.034000000000006025,-0.37666666666666515,0.0,0.030999999999998806,0.12263033882365144,-0.37666666666666515,0,0,2022,Monaco Grand Prix,0.0,19,0.0
RUS,43,0 days 00:01:17.047000,MEDIUM,13.0,True,0 days 03:33:24.843000,22.5,5,29.4,0 days 00:00:20.420000,0 days 00:00:36,0 days 00:00:20.627000,1,77.047,12804.843,4.180999999998676,False,False,True,False,False,False,13.0,0.0,0.0,20.42,36.0,20.627,0,0,0,0.0,77.2082,0.48060503534721577,-0.33541055158431327,0,0,76.83,77.025,0.1950000000000074,0.0,0.21699999999999875,-0.16433333333333167,0.0,0.11399999999999721,0.14187917394742403,-0.16433333333333167,0,0,2022,Monaco Grand Prix,0.0,19,0.0
RUS,44,0 days 00:01:17.025000,MEDIUM,14.0,True,0 days 03:34:41.868000,22.4,5,29.5,0 days 00:00:20.553000,0 days 00:00:35.955000,0 days 00:00:20.517000,1,77.025,12881.868,4.185999999999694,False,False,True,False,False,False,14.0,0.0,0.0,20.553,35.955,20.517,0,0,0,0.0,77.0188,0.19561876188423682,0.03169430140691668,0,0,77.047,77.04,-0.006999999999990791,0.21699999999999875,-0.02199999999999136,0.005666666666665303,0.0,0.003999999999997783,0.10976565947509877,0.005666666666665303,0,0,2022,Monaco Grand Prix,0.0,19,0.0
RUS,45,0 days 00:01:17.040000,MEDIUM,15.0,True,0 days 03:35:58.908000,22.4,5,29.0,0 days 00:00:20.450000,0 days 00:00:36.098000,0 days 00:00:20.492000,1,77.04,12958.908,3.9500000000007276,False,False,True,False,False,False,15.0,0.0,0.0,20.45,36.098,20.492,0,0,0,0.0,76.9592,0.10344902126715114,0.7810610386670483,0,0,77.025,77.024,-0.0010000000000047748,0.1950000000000074,0.015000000000000568,0.05366666666666712,0.0,-0.02499999999999858,0.07462238270119269,0.05366666666666712,0,0,2022,Monaco Grand Prix,0.0,19,0.0
RUS,46,0 days 00:01:17.024000,MEDIUM,16.0,True,0 days 03:37:15.932000,22.3,5,28.7,0 days 00:00:20.485000,0 days 00:00:36.005000,0 days 00:00:20.534000,1,77.024,13035.932,4.268000000000029,False,False,True,False,False,False,16.0,0.0,0.0,20.485,36.005,20.534,0,0,0,0.0,76.9612,0.10524115165243829,0.5967247508597627,0,0,77.04,76.996,-0.04400000000001114,0.21000000000000796,-0.016000000000005343,0.07000000000000266,0.0,0.04199999999999804,0.06876554369743047,0.07000000000000266,0,0,2022,Monaco Grand Prix,0.0,19,0.0
RUS,47,0 days 00:01:16.996000,MEDIUM,17.0,True,0 days 03:38:32.928000,22.4,5,29.0,0 days 00:00:20.424000,0 days 00:00:36.012000,0 days 00:00:20.560000,1,76.996,13112.928,4.626000000000204,False,False,True,False,False,False,17.0,0.0,0.0,20.424,36.012,20.56,0,0,0,0.0,76.9932,0.09175892327794061,0.030514743416421616,0,0,77.024,77.442,0.41799999999999216,0.19400000000000261,-0.028000000000005798,-0.007666666666665378,0.0,0.06799999999999784,0.052083586666083356,-0.007666666666665378,0,0,2022,Monaco Grand Prix,0.0,19,0.0
RUS,48,0 days 00:01:17.442000,MEDIUM,18.0,True,0 days 03:39:50.370000,22.5,5,29.6,0 days 00:00:20.478000,0 days 00:00:36.228000,0 days 00:00:20.736000,1,77.442,13190.37,4.679999999998472,False,False,True,False,False,False,18.0,0.0,0.0,20.478,36.228,20.736,0,0,0,0.0,77.0264,0.019629060118151485,21.17268975174629,0,0,76.996,77.272,0.27600000000001046,0.0,0.44599999999999795,-0.00966666666667019,0.0,0.24399999999999977,0.054275224550465115,-0.00966666666667019,0,0,2022,Monaco Grand Prix,0.0,19,0.0
RUS,49,0 days 00:01:17.272000,MEDIUM,19.0,True,0 days 03:41:07.642000,22.6,5,29.7,0 days 00:00:20.532000,0 days 00:00:36.155000,0 days 00:00:20.585000,1,77.272,13267.642,6.075000000000728,False,False,True,False,False,False,19.0,0.0,0.0,20.532,36.155,20.585,0,0,0,0.0,77.1054,0.18883537804423334,0.8822499349723423,0,0,77.442,77.69,0.24800000000000466,0.44599999999999795,-0.1699999999999875,0.1339999999999956,0.0,0.05100000000000193,0.10534134990593,0.1339999999999956,0,0,2022,Monaco Grand Prix,0.0,19,0.0
RUS,50,0 days 00:01:17.690000,MEDIUM,20.0,True,0 days 03:42:25.332000,22.5,5,29.8,0 days 00:00:20.607000,0 days 00:00:36.202000,0 days 00:00:20.881000,1,77.69,13345.332,6.729999999999563,False,False,True,False,False,False,20.0,0.0,0.0,20.607,36.202,20.881,0,0,0,0.0,77.1548,0.1947593386749442,2.7480068665321298,0,0,77.272,77.41,0.13799999999999102,0.27600000000001046,0.41799999999999216,0.08266666666666822,0.0,0.3210000000000015,0.10033693238286442,0.08266666666666822,0,0,2022,Monaco Grand Prix,0.0,19,0.0
RUS,51,0 days 00:01:17.410000,MEDIUM,21.0,True,0 days 03:43:42.742000,22.6,5,29.5,0 days 00:00:20.597000,0 days 00:00:36.242000,0 days 00:00:20.571000,1,77.41,13422.742,39.322000000000116,False,False,True,False,False,False,21.0,0.0,0.0,20.597,36.242,20.571,0,0,0,0.0,77.2848,0.29175537698743614,0.4291266241354788,0,0,77.69,77.92,0.23000000000000398,0.6940000000000026,-0.28000000000000114,0.2313333333333342,0.0,-0.013999999999999346,0.12859898910957213,0.2313333333333342,0,0,2022,Monaco Grand Prix,0.0,19,0.0
RUS,52,0 days 00:01:17.920000,MEDIUM,22.0,True,0 days 03:45:00.662000,22.6,5,29.2,0 days 00:00:20.646000,0 days 00:00:36.540000,0 days 00:00:20.734000,1,77.92,13500.662,40.21399999999994,False,False,True,False,False,False,22.0,0.0,0.0,20.646,36.54,20.734,0,0,0,0.0,77.362,0.2541377579209137,2.1956595689085034,0,0,77.41,77.577,0.1670000000000016,0.4140000000000015,0.5100000000000051,-0.010666666666665492,0.0,0.16300000000000026,0.14161391174599938,-0.010666666666665492,0,0,2022,Monaco Grand Prix,0.0,19,0.0
RUS,53,0 days 00:01:17.577000,MEDIUM,23.0,True,0 days 03:46:18.239000,22.5,5,29.2,0 days 00:00:20.592000,0 days 00:00:36.361000,0 days 00:00:20.624000,1,77.577,13578.239,31.90099999999984,False,False,True,False,False,False,23.0,0.0,0.0,20.592,36.361,20.624,0,0,0,0.0,77.54679999999999,0.25738919946462296,0.11733204059387362,0,0,77.92,78.259,0.33899999999999864,0.6479999999999961,-0.3430000000000035,0.21599999999999872,0.0,0.05299999999999727,0.136837494861619,0.21599999999999872,0,0,2022,Monaco Grand Prix,0.0,19,0.0
RUS,54,0 days 00:01:18.259000,MEDIUM,24.0,True,0 days 03:47:36.498000,22.4,5,29.2,0 days 00:00:20.647000,0 days 00:00:36.763000,0 days 00:00:20.849000,1,78.259,13656.498,30.61700000000019,False,False,True,False,False,False,24.0,0.0,0.0,20.647,36.763,20.849,0,0,0,0.0,77.5738,0.25063958187212737,2.7338060288880217,0,0,77.577,78.138,0.561000000000007,0.3049999999999926,0.6820000000000022,-0.037666666666666515,0.0,0.2779999999999987,0.13164421749550476,-0.037666666666666515,0,0,2022,Monaco Grand Prix,0.0,19,0.0
RUS,55,0 days 00:01:18.138000,MEDIUM,25.0,True,0 days 03:48:54.636000,22.5,5,29.1,0 days 00:00:20.712000,0 days 00:00:36.677000,0 days 00:00:20.749000,1,78.138,13734.636,27.17200000000048,False,False,True,False,False,False,25.0,0.0,0.0,20.712,36.677,20.749,0,0,0,0.0,77.7712,0.32972063933124407,1.1124568991009303,0,0,78.259,78.088,-0.17100000000000648,0.8490000000000038,-0.12099999999999511,0.28300000000000125,0.0,0.125,0.1428100136545186,0.28300000000000125,0,0,2022,Monaco Grand Prix,0.0,19,0.0
RUS,56,0 days 00:01:18.088000,MEDIUM,26.0,True,0 days 03:50:12.724000,22.3,5,29.1,0 days 00:00:20.738000,0 days 00:00:36.600000,0 days 00:00:20.750000,12,78.088,13812.724,25.14099999999962,False,False,True,False,False,False,26.0,0.0,0.0,20.738,36.6,20.75,0,0,1,0.0,77.8608,0.36147987495985157,0.6285273835098861,0,0,78.138,79.114,0.9759999999999991,0.7280000000000086,-0.05000000000001137,0.07266666666666784,0.0,0.12600000000000122,0.11099324303759923,0.07266666666666784,0,0,2022,Monaco Grand Prix,0.0,19,0.0
RUS,57,0 days 00:01:19.114000,MEDIUM,27.0,True,0 days 03:51:31.838000,22.4,5,29.1,0 days 00:00:20.931000,0 days 00:00:36.953000,0 days 00:00:21.230000,1,79.114,13891.838,21.429000000000087,False,False,True,False,False,False,27.0,0.0,0.0,20.931,36.953,21.23,0,0,0,0.0,77.99640000000001,0.2641652891675314,4.230684521505108,0,0,78.088,78.921,0.8330000000000126,0.5109999999999957,1.0260000000000105,0.1703333333333319,0.0,0.48100000000000165,0.08239842231501569,0.1703333333333319,0,0,2022,Monaco Grand Prix,0.0,19,0.0
RUS,58,0 days 00:01:18.921000,MEDIUM,28.0,True,0 days 03:52:50.759000,22.4,5,29.1,0 days 00:00:20.936000,0 days 00:00:36.961000,0 days 00:00:21.024000,1,78.921,13970.759,18.612999999999374,False,False,True,False,False,False,28.0,0.0,0.0,20.936,36.961,21.024,0,0,0,0.0,78.23519999999999,0.556147192747499,1.2331267853965062,0,0,79.114,78.85,-0.26400000000001,1.5370000000000061,-0.19299999999999784,0.2850000000000013,0.0,0.27500000000000213,0.17099795320413644,0.2850000000000013,0,0,2022,Monaco Grand Prix,0.0,19,0.0
RUS,59,0 days 00:01:18.850000,MEDIUM,29.0,True,0 days 03:54:09.609000,22.4,5,29.5,0 days 00:00:20.828000,0 days 00:00:37.024000,0 days 00:00:20.998000,1,78.85,14049.609,14.610999999998967,False,False,True,False,False,False,29.0,0.0,0.0,20.828,37.024,20.998,0,0,0,0.0,78.50399999999999,0.4777619700236436,0.7242100077217964,0,0,78.921,79.066,0.14499999999999602,0.8330000000000126,-0.07100000000001216,0.2610000000000004,0.0,0.2480000000000011,0.14622414301340197,0.2610000000000004,0,0,2022,Monaco Grand Prix,0.0,19,0.0
RUS,60,0 days 00:01:19.066000,MEDIUM,30.0,True,0 days 03:55:28.675000,22.4,5,29.3,0 days 00:00:20.868000,0 days 00:00:37.112000,0 days 00:00:21.086000,12,79.066,14128.675,11.381000000001222,False,False,True,False,False,False,30.0,0.0,0.0,20.868,37.112,21.086,0,0,1,0.0,78.62219999999999,0.4750949378817355,0.9341290858175476,0,0,78.85,78.518,-0.33199999999999363,0.7620000000000005,0.21600000000000819,0.25400000000000017,0.0,0.08799999999999741,0.14576179197582562,0.25400000000000017,0,0,2022,Monaco Grand Prix,0.0,19,0.0
RUS,61,0 days 00:01:18.518000,MEDIUM,31.0,True,0 days 03:56:47.193000,22.3,5,29.1,0 days 00:00:20.849000,0 days 00:00:36.830000,0 days 00:00:20.839000,1,78.518,14207.193,8.177000000001499,False,False,True,False,False,False,31.0,0.0,0.0,20.849,36.83,20.839,0,0,0,0.0,78.8078,0.41627298735422913,-0.6961777698858782,0,0,79.066,78.063,-1.0030000000000001,0.9780000000000086,-0.5480000000000018,-0.016000000000000607,0.0,-0.15900000000000247,0.15443866096286926,-0.016000000000000607,0,0,2022,Monaco Grand Prix,0.0,19,0.0
RUS,62,0 days 00:01:18.063000,MEDIUM,32.0,True,0 days 03:58:05.256000,22.2,5,29.1,0 days 00:00:20.578000,0 days 00:00:36.690000,0 days 00:00:20.795000,1,78.063,14285.256,5.497000000001208,False,False,True,False,False,False,32.0,0.0,0.0,20.578,36.69,20.795,0,0,0,0.0,78.8938,0.23559753818916102,-3.5263526367280966,1,0,78.518,78.44,-0.07800000000000296,0.0,-0.4549999999999983,-0.13433333333333528,0.0,-0.04399999999999693,0.23844139741245562,-0.13433333333333528,0,0,2022,Monaco Grand Prix,0.0,19,0.0
RUS,63,0 days 00:01:18.440000,MEDIUM,33.0,True,0 days 03:59:23.696000,22.2,5,28.9,0 days 00:00:20.746000,0 days 00:00:36.810000,0 days 00:00:20.884000,1,78.44,14363.696,2.220999999999549,False,False,True,False,False,False,33.0,0.0,0.0,20.746,36.81,20.884,0,0,0,0.0,78.6836,0.4008881390124129,-0.6076508040375274,0,1,78.063,79.0,0.9369999999999976,0.0,0.37699999999999534,-0.26233333333333064,0.0,0.08899999999999864,0.18627748119406168,-0.26233333333333064,0,0,2022,Monaco Grand Prix,0.0,19,0.0
SAI,3,0 days 00:01:44.323000,WET,3.0,True,0 days 02:10:42.393000,21.3,2,28.8,0 days 00:00:28.276000,0 days 00:00:48.088000,0 days 00:00:27.959000,1,104.323,7842.393,1.0789999999997235,False,False,False,False,False,True,3.0,0.0,0.0,28.276,48.088,27.959,0,0,0,0.0,78.6174,0.4172335077637572,61.60962511801621,0,0,104.323,101.995,-2.3279999999999887,26.25999999999999,0.0,0.16066666666666643,0.0,7.163999999999998,0.23924777950903442,0.0,0,0,2022,Monaco Grand Prix,0.0,19,0.0
SAI,4,0 days 00:01:41.995000,WET,4.0,True,0 days 02:12:24.388000,21.4,2,28.6,0 days 00:00:27.267000,0 days 00:00:47.317000,0 days 00:00:27.411000,1,101.995,7944.388,1.46100000000024,False,False,False,False,False,True,4.0,0.0,0.0,27.267,47.317,27.411,0,0,0,0.0,,,0.0,0,0,104.323,100.205,-4.117999999999995,0.0,-2.3279999999999887,0.0,0.0,0.0,0.0,0.0,0,0,2022,Monaco Grand Prix,0.0,19,0.0
SAI,5,0 days 00:01:40.205000,WET,5.0,True,0 days 02:14:04.593000,21.6,2,28.5,0 days 00:00:27.015000,0 days 00:00:46.335000,0 days 00:00:26.855000,1,100.205,8044.593,1.485000000000582,False,False,False,False,False,True,5.0,0.0,0.0,27.015,46.335,26.855,0,0,0,0.0,,,0.0,0,0,101.995,97.998,-3.997,0.0,-1.7900000000000063,-1.1639999999999944,0.0,-0.5560000000000009,0.0,0.0,0,0,2022,Monaco Grand Prix,0.0,19,0.0
SAI,6,0 days 00:01:37.998000,WET,6.0,True,0 days 02:15:42.591000,21.6,2,28.3,0 days 00:00:26.215000,0 days 00:00:45.563000,0 days 00:00:26.220000,12,97.998,8142.591,1.756999999999607,False,False,False,False,False,True,6.0,0.0,0.0,26.215,45.563,26.22,0,0,1,0.0,102.17433333333334,2.064848985599986,-2.0225853621541283,1,0,100.205,97.933,-2.2719999999999914,0.0,-2.2069999999999936,-1.372666666666665,0.0,-0.6350000000000016,4.305624848187929,-2.0589999999999975,0,0,2022,Monaco Grand Prix,0.0,19,0.0
SAI,7,0 days 00:01:37.933000,WET,7.0,True,0 days 02:17:20.524000,21.7,2,28.5,0 days 00:00:26.301000,0 days 00:00:45.576000,0 days 00:00:26.056000,1,97.933,8240.524,1.9580000000005384,False,False,False,False,False,True,7.0,0.0,0.0,26.301,45.576,26.056,0,0,0,0.0,101.13025,2.6838108943564936,-1.191309718103895,0,1,97.998,97.269,-0.7289999999999992,0.0,-0.06499999999999773,-2.1083333333333294,0.0,-0.16399999999999793,3.791045359352307,-2.1083333333333294,0,0,2022,Monaco Grand Prix,0.0,19,0.0
SAI,8,0 days 00:01:37.269000,WET,8.0,True,0 days 02:18:57.793000,21.7,2,28.1,0 days 00:00:26.153000,0 days 00:00:45.104000,0 days 00:00:26.012000,1,97.269,8337.793,1.97400000000016,False,False,False,False,False,True,8.0,0.0,0.0,26.153,45.104,26.012,0,0,0,0.0,100.49080000000001,2.728848145280336,-1.1806446634167782,0,0,97.933,97.18,-0.7530000000000001,0.0,-0.6640000000000015,-1.3539999999999992,0.0,-0.04400000000000048,3.3657561111880927,-1.3539999999999992,0,0,2022,Monaco Grand Prix,0.0,19,0.0
SAI,9,0 days 00:01:37.180000,WET,9.0,True,0 days 02:20:34.973000,21.7,2,28.2,0 days 00:00:25.929000,0 days 00:00:45.049000,0 days 00:00:26.202000,1,97.18,8434.973,1.6479999999992287,False,False,False,False,False,True,9.0,0.0,0.0,25.929,45.049,26.202,0,0,0,0.0,99.08000000000001,1.9703365194808524,-0.96430228096296,0,0,97.269,96.881,-0.38800000000000523,0.0,-0.08899999999999864,-0.9786666666666642,0.0,0.19000000000000128,0.2956995096377403,-0.9786666666666642,0,0,2022,Monaco Grand Prix,0.0,19,0.0
SAI,10,0 days 00:01:36.881000,WET,10.0,True,0 days 02:22:11.854000,21.9,2,28.3,0 days 00:00:26.042000,0 days 00:00:44.605000,0 days 00:00:26.234000,12,96.881,8531.854,1.6500000000014552,False,False,False,False,False,True,10.0,0.0,0.0,26.042,44.605,26.234,0,0,1,0.0,98.117,1.2252381401180334,-1.0087834842302037,0,0,97.18,95.887,-1.2930000000000064,0.0,-0.2990000000000066,-0.27266666666666595,0.0,0.2220000000000013,0.3481941986880315,-0.27266666666666595,0,0,2022,Monaco Grand Prix,0.0,19,0.0
SAI,11,0 days 00:01:35.887000,WET,11.0,True,0 days 02:23:47.741000,22.0,2,27.6,0 days 00:00:25.633000,0 days 00:00:44.317000,0 days 00:00:25.937000,12,95.887,8627.741,1.75,False,False,False,False,False,True,11.0,0.0,0.0,25.633,44.317,25.937,0,0,1,0.0,97.45219999999999,0.4906604732397763,-3.189985917685909,1,0,96.881,95.375,-1.5060000000000002,0.0,-0.9939999999999998,-0.3506666666666689,0.0,-0.07499999999999929,0.34651435756689836,-0.3506666666666689,0,0,2022,Monaco Grand Prix,0.0,19,0.0
SAI,12,0 days 00:01:35.375000,WET,12.0,True,0 days 02:25:23.116000,21.9,2,27.3,0 days 00:00:25.237000,0 days 00:00:44.532000,0 days 00:00:25.606000,1,95.375,8723.116,1.9719999999997526,False,False,False,False,False,True,12.0,0.0,0.0,25.237,44.532,25.606,0,0,0,0.0,97.03,0.7456004291843351,-2.219687563499021,1,1,95.887,93.679,-2.2079999999999984,0.0,-0.5120000000000005,-0.46066666666666833,0.0,-0.3309999999999995,0.17066985674101798,-0.46066666666666833,0,0,2022,Monaco Grand Prix,0.0,19,0.0
SAI,13,0 days 00:01:33.679000,WET,13.0,True,0 days 02:26:56.795000,22.0,2,27.0,0 days 00:00:24.640000,0 days 00:00:43.510000,0 days 00:00:25.529000,1,93.679,8816.795,2.396999999999025,False,False,False,False,False,True,13.0,0.0,0.0,24.64,43.51,25.529,0,0,0,0.0,96.5184,0.842410707434232,-3.3705649452724615,1,1,95.375,92.995,-2.3799999999999955,0.0,-1.695999999999998,-0.6016666666666689,0.0,-0.07700000000000173,0.22484283399743868,-0.6016666666666689,0,0,2022,Monaco Grand Prix,0.0,19,0.0
SAI,14,0 days 00:01:32.995000,WET,14.0,True,0 days 02:28:29.790000,21.9,2,27.0,0 days 00:00:24.678000,0 days 00:00:42.722000,0 days 00:00:25.595000,1,92.995,8909.79,2.646999999999025,False,False,False,False,False,True,14.0,0.0,0.0,24.678,42.722,25.595,0,0,0,0.0,95.8004,1.392820447868213,-2.0141863973161853,1,1,93.679,92.605,-1.073999999999998,0.0,-0.6839999999999975,-1.0673333333333328,0.0,0.06599999999999895,0.22665546540950612,-1.0673333333333328,0,0,2022,Monaco Grand Prix,0.0,19,0.0
SAI,15,0 days 00:01:32.605000,WET,15.0,True,0 days 02:30:02.395000,21.9,2,27.2,0 days 00:00:24.559000,0 days 00:00:42.449000,0 days 00:00:25.597000,1,92.605,9002.395,2.856999999999971,False,False,False,False,False,True,15.0,0.0,0.0,24.559,42.449,25.597,0,0,0,0.0,94.96340000000001,1.598743506632554,-1.4751584542585694,0,1,92.995,92.305,-0.6899999999999977,0.0,-0.39000000000000057,-0.9639999999999986,0.0,0.06800000000000139,0.20441991096759546,-0.9639999999999986,0,0,2022,Monaco Grand Prix,0.0,19,0.0
SAI,16,0 days 00:01:32.305000,WET,16.0,True,0 days 02:31:34.700000,21.9,2,26.9,0 days 00:00:24.404000,0 days 00:00:42.466000,0 days 00:00:25.435000,1,92.305,9094.7,4.824999999998909,False,False,False,False,False,True,16.0,0.0,0.0,24.404,42.466,25.435,0,0,0,0.0,94.10820000000001,1.4536117776076642,-1.2404962781518512,0,0,92.605,92.36,-0.24500000000000455,0.0,-0.29999999999999716,-0.923333333333332,0.0,-0.0940000000000012,0.16258443959985702,-0.923333333333332,0,0,2022,Monaco Grand Prix,0.0,19,0.0
SAI,17,0 days 00:01:32.360000,WET,17.0,True,0 days 02:33:07.060000,22.1,2,26.9,0 days 00:00:24.427000,0 days 00:00:42.391000,0 days 00:00:25.542000,1,92.36,9187.06,3.845000000001164,False,False,False,False,False,True,17.0,0.0,0.0,24.427,42.391,25.542,0,0,0,0.0,93.3918,1.2220070376228076,-0.8443486561314599,0,0,92.305,92.002,-0.3030000000000115,0.0,0.05499999999999261,-0.4579999999999984,0.0,0.10700000000000287,0.16295797004135626,-0.4579999999999984,0,0,2022,Monaco Grand Prix,0.0,19,0.0
SAI,18,0 days 00:01:32.002000,WET,18.0,True,0 days 02:34:39.062000,22.0,1,27.1,0 days 00:00:24.291000,0 days 00:00:42.271000,0 days 00:00:25.440000,12,92.002,9279.062,11.653000000000247,False,False,False,False,False,True,18.0,0.0,0.0,24.291,42.271,25.44,0,0,1,0.0,92.78880000000001,0.5671615290194101,-1.387259113572717,0,0,92.36,91.775,-0.5849999999999937,0.05499999999999261,-0.3580000000000041,-0.21166666666666836,0.0,0.005000000000002558,0.09248513394054139,-0.21166666666666836,0,0,2022,Monaco Grand Prix,0.0,19,0.0
SAI,19,0 days 00:01:31.775000,WET,19.0,True,0 days 02:36:10.837000,22.1,1,27.1,0 days 00:00:24.367000,0 days 00:00:42.080000,0 days 00:00:25.328000,1,91.775,9370.837,6.84400000000096,False,False,False,False,False,True,19.0,0.0,0.0,24.367,42.08,25.328,0,0,0,0.0,92.4534,0.3710866475630934,-1.8281444629037817,1,0,92.002,91.651,-0.3509999999999991,0.0,-0.22699999999998965,-0.20100000000000287,0.0,-0.10699999999999932,0.07853215901781738,-0.20100000000000287,0,0,2022,Monaco Grand Prix,0.0,19,0.0
SAI,20,0 days 00:01:31.651000,WET,20.0,True,0 days 02:37:42.488000,22.0,1,27.5,0 days 00:00:24.284000,0 days 00:00:41.867000,0 days 00:00:25.500000,1,91.651,9462.488,3.985000000000582,False,False,False,False,False,True,20.0,0.0,0.0,24.284,41.867,25.5,0,0,0,0.0,92.2094,0.3240513848135774,-1.7231835016574495,1,1,91.775,90.16,-1.615000000000009,0.0,-0.12400000000000944,-0.17666666666666705,0.0,0.1720000000000006,0.0952559709414577,-0.17666666666666705,0,0,2022,Monaco Grand Prix,0.0,19,0.0
SAI,23,0 days 00:01:30.160000,HARD,,True,0 days 02:42:34.272000,22.1,2,27.2,0 days 00:00:23.645000,0 days 00:00:40.587000,0 days 00:00:25.928000,1,90.16,9754.272,3.6009999999987485,True,False,False,False,False,False,0.0,0.0,0.0,23.645,40.587,25.928,0,0,0,0.0,92.01859999999999,0.313578219906272,-5.927069809107048,1,1,91.651,86.153,-5.4979999999999905,0.0,-1.4909999999999997,-0.2363333333333344,0.0,0.6000000000000014,0.1224389643863414,-0.2363333333333344,0,0,2022,Monaco Grand Prix,0.0,19,0.0
SAI,24,0 days 00:01:26.153000,HARD,,True,0 days 02:44:00.425000,22.2,2,27.6,0 days 00:00:24.403000,0 days 00:00:38.801000,0 days 00:00:22.949000,1,86.153,9840.425,0.8850000000002183,True,False,False,False,False,False,0.0,0.0,0.0,24.403,38.801,22.949,0,0,0,0.0,91.58959999999999,0.8434288944538029,-6.4458308646405555,1,1,90.16,82.698,-7.462000000000003,0.0,-4.006999999999991,-0.6139999999999995,0.0,-2.378999999999998,0.2700746193184387,-0.6139999999999995,0,1,2022,Monaco Grand Prix,0.0,19,0.0
SAI,25,0 days 00:01:22.698000,HARD,,True,0 days 02:45:23.123000,22.2,2,27.8,0 days 00:00:22.724000,0 days 00:00:38.011000,0 days 00:00:21.963000,1,82.698,9923.123,1.1520000000000437,True,False,False,False,False,False,0.0,0.0,0.0,22.724,38.011,21.963,0,0,0,0.0,90.34819999999999,2.454751657500096,-3.116486336459353,1,1,86.153,122.838,36.68499999999999,0.0,-3.4550000000000125,-1.8739999999999999,0.0,-0.9860000000000007,1.1701028587265303,-1.8739999999999999,0,0,2022,Monaco Grand Prix,0.0,19,0.0
SAI,32,0 days 00:02:02.838000,HARD,11.0,True,0 days 03:18:55.379000,21.9,2,28.3,0 days 00:00:36.498000,0 days 00:00:53.735000,0 days 00:00:32.605000,1,122.838,11935.379,0.7619999999988067,True,False,False,False,False,False,11.0,0.0,0.0,36.498,53.735,32.605,0,0,0,0.0,88.48740000000001,3.9554027987045024,8.684475829174895,0,1,82.698,83.776,1.078000000000003,0.0,40.14,-2.984333333333334,0.0,10.641999999999996,1.1805581307161452,-2.984333333333334,0,1,2022,Monaco Grand Prix,0.0,19,0.0
SAI,33,0 days 00:01:23.776000,HARD,12.0,True,0 days 03:20:19.155000,21.9,2,28.5,0 days 00:00:22.724000,0 days 00:00:38.585000,0 days 00:00:22.467000,1,83.776,12019.155,0.5889999999999418,True,False,False,False,False,False,12.0,0.0,0.0,22.724,38.585,22.467,0,0,0,0.0,94.7,16.114855398048086,-0.677883836383861,0,0,122.838,80.786,-42.05199999999999,40.14,-39.062,10.892666666666665,0.0,0.5039999999999978,5.1796791599480345,10.892666666666665,0,1,2022,Monaco Grand Prix,0.0,19,0.0
SAI,34,0 days 00:01:20.786000,HARD,13.0,True,0 days 03:21:39.941000,22.0,2,28.8,0 days 00:00:21.687000,0 days 00:00:37.392000,0 days 00:00:21.707000,1,80.786,12099.941,0.9719999999997526,True,False,False,False,False,False,13.0,0.0,0.0,21.687,37.392,21.707,0,0,0,0.0,93.125,16.855181013563737,-0.7320597737912475,0,0,83.776,79.838,-3.9380000000000024,1.078000000000003,-2.989999999999995,-0.7923333333333366,0.0,-0.2560000000000002,5.158725249516587,-0.7923333333333366,0,1,2022,Monaco Grand Prix,0.0,19,0.0
SAI,35,0 days 00:01:19.838000,HARD,14.0,True,0 days 03:22:59.779000,22.1,2,28.8,0 days 00:00:21.085000,0 days 00:00:37.176000,0 days 00:00:21.577000,1,79.838,12179.779,0.9840000000003783,True,False,False,False,False,False,14.0,0.0,0.0,21.085,37.176,21.577,0,0,0,0.0,91.25019999999999,17.764246598153253,-0.6424252183701613,0,0,80.786,78.962,-1.823999999999998,0.0,-0.9480000000000075,-0.6373333333333306,0.0,-0.129999999999999,5.217241320851469,-0.6373333333333306,0,1,2022,Monaco Grand Prix,0.0,19,0.0
SAI,36,0 days 00:01:18.962000,HARD,15.0,True,0 days 03:24:18.741000,22.2,2,28.9,0 days 00:00:20.954000,0 days 00:00:36.738000,0 days 00:00:21.270000,1,78.962,12258.741,1.0400000000008731,True,False,False,False,False,False,15.0,0.0,0.0,20.954,36.738,21.27,0,0,0,0.0,89.9872,18.429289492544182,-0.5982433562867625,0,0,79.838,78.15,-1.6879999999999882,0.0,-0.8759999999999906,-14.333333333333334,0.0,-0.30700000000000216,4.885043418435499,-14.333333333333334,0,0,2022,Monaco Grand Prix,0.0,19,0.0
SAI,37,0 days 00:01:18.150000,HARD,16.0,True,0 days 03:25:36.891000,22.3,2,29.1,0 days 00:00:20.788000,0 days 00:00:36.423000,0 days 00:00:20.939000,1,78.15,12336.891,1.371000000001004,True,False,False,False,False,False,16.0,0.0,0.0,20.788,36.423,20.939,0,0,0,0.0,89.24,18.869193835455697,-0.5877304614446006,0,0,78.962,77.385,-1.5769999999999982,0.0,-0.8119999999999976,-1.6046666666666642,0.0,-0.3309999999999995,4.791393930788826,-1.6046666666666642,0,0,2022,Monaco Grand Prix,0.0,19,0.0
SAI,38,0 days 00:01:17.385000,HARD,17.0,True,0 days 03:26:54.276000,22.3,2,29.1,0 days 00:00:20.513000,0 days 00:00:36.242000,0 days 00:00:20.630000,1,77.385,12414.276,1.5280000000002474,True,False,False,False,False,False,17.0,0.0,0.0,20.513,36.242,20.63,0,0,0,0.0,80.30239999999999,2.1762887676039173,-1.3405390145959484,0,0,78.15,77.112,-1.038000000000011,0.0,-0.7650000000000006,-0.8786666666666653,0.0,-0.30900000000000105,0.3486337619910064,-0.8786666666666653,0,0,2022,Monaco Grand Prix,0.0,19,0.0
SAI,39,0 days 00:01:17.112000,HARD,18.0,True,0 days 03:28:11.388000,22.4,2,28.8,0 days 00:00:20.366000,0 days 00:00:36.150000,0 days 00:00:20.596000,1,77.112,12491.388,1.4599999999991269,True,False,False,False,False,False,18.0,0.0,0.0,20.366,36.15,20.596,0,0,0,0.0,79.02420000000001,1.3436220450703034,-1.4231680754389224,0,0,77.385,76.739,-0.6460000000000008,0.0,-0.27300000000001035,-0.8176666666666629,0.0,-0.03399999999999892,0.0811621833121948,-0.8176666666666629,0,0,2022,Monaco Grand Prix,0.0,19,0.0
SAI,40,0 days 00:01:16.739000,HARD,19.0,True,0 days 03:29:28.127000,22.3,2,28.8,0 days 00:00:20.374000,0 days 00:00:35.817000,0 days 00:00:20.548000,1,76.739,12568.127,1.2639999999992142,True,False,False,False,False,False,19.0,0.0,0.0,20.374,35.817,20.548,0,0,0,0.0,78.2894,1.1262987170368595,-1.3765442298282025,0,0,77.112,76.583,-0.5289999999999964,0.0,-0.37299999999999045,-0.6166666666666695,0.0,-0.04800000000000182,0.13274298474873333,-0.6166666666666695,0,0,2022,Monaco Grand Prix,0.0,19,0.0
SAI,41,0 days 00:01:16.583000,HARD,20.0,True,0 days 03:30:44.710000,22.4,2,28.9,0 days 00:00:20.240000,0 days 00:00:35.803000,0 days 00:00:20.540000,1,76.583,12644.71,0.9540000000015425,True,False,False,False,False,False,20.0,0.0,0.0,20.24,35.803,20.54,0,0,0,0.0,77.6696,0.8886806513021746,-1.2227114412897597,0,0,76.739,76.764,0.024999999999991473,0.0,-0.1560000000000059,-0.47033333333333377,0.0,-0.007999999999999119,0.1508167762551709,-0.47033333333333377,0,1,2022,Monaco Grand Prix,0.0,19,0.0
SAI,42,0 days 00:01:16.764000,HARD,21.0,True,0 days 03:32:01.474000,22.5,2,29.1,0 days 00:00:20.315000,0 days 00:00:36.119000,0 days 00:00:20.330000,1,76.764,12721.474,1.1520000000000437,True,False,False,False,False,False,21.0,0.0,0.0,20.315,36.119,20.33,0,0,0,0.0,77.1938,0.6199771769983521,-0.6932513259292811,0,0,76.583,76.701,0.117999999999995,0.0,0.18099999999999739,-0.2673333333333356,0.0,-0.21000000000000085,0.15967623492555888,-0.2673333333333356,0,0,2022,Monaco Grand Prix,0.0,19,0.0
SAI,43,0 days 00:01:16.701000,HARD,22.0,True,0 days 03:33:18.175000,22.5,2,29.4,0 days 00:00:20.286000,0 days 00:00:35.999000,0 days 00:00:20.416000,1,76.701,12798.175,1.8770000000004075,True,False,False,False,False,False,22.0,0.0,0.0,20.286,35.999,20.416,0,0,0,0.0,76.91659999999999,0.3254601358059674,-0.6624467216732534,0,0,76.764,76.619,-0.14499999999999602,0.18099999999999739,-0.06300000000000239,-0.11599999999999966,0.0,0.08600000000000207,0.1312714744337183,-0.11599999999999966,0,0,2022,Monaco Grand Prix,0.0,19,0.0
SAI,44,0 days 00:01:16.619000,HARD,23.0,True,0 days 03:34:34.794000,22.4,2,29.5,0 days 00:00:20.246000,0 days 00:00:35.970000,0 days 00:00:20.403000,1,76.619,12874.794,2.350000000000364,True,False,False,False,False,False,23.0,0.0,0.0,20.246,35.97,20.403,0,0,0,0.0,76.7798,0.1982490857452635,-0.8111008401149032,0,0,76.701,76.828,0.12700000000000955,0.117999999999995,-0.08199999999999363,-0.012666666666670304,0.0,0.0730000000000004,0.10707567417486767,-0.012666666666670304,0,0,2022,Monaco Grand Prix,0.0,19,0.0
SAI,45,0 days 00:01:16.828000,HARD,24.0,True,0 days 03:35:51.622000,22.4,2,29.0,0 days 00:00:20.240000,0 days 00:00:36.121000,0 days 00:00:20.467000,1,76.828,12951.622,2.283000000001266,True,False,False,False,False,False,24.0,0.0,0.0,20.24,36.121,20.467,0,0,0,0.0,76.6812,0.07762216177632286,1.891212466138471,0,0,76.619,76.465,-0.15399999999999636,0.036000000000001364,0.20900000000000318,0.012000000000000455,0.0,0.13700000000000045,0.11927195814608912,0.012000000000000455,0,0,2022,Monaco Grand Prix,0.0,19,0.0
SAI,46,0 days 00:01:16.465000,HARD,25.0,True,0 days 03:37:08.087000,22.3,2,28.7,0 days 00:00:20.279000,0 days 00:00:35.870000,0 days 00:00:20.316000,1,76.465,13028.087,2.5760000000009313,True,False,False,False,False,False,25.0,0.0,0.0,20.279,35.87,20.316,0,0,0,0.0,76.699,0.10090341916323031,-2.3190492645393466,1,0,76.828,76.421,-0.4069999999999965,0.24500000000000455,-0.36299999999999955,0.02133333333333572,0.0,-0.08699999999999974,0.13641957337567945,0.02133333333333572,0,0,2022,Monaco Grand Prix,0.0,19,0.0
SAI,47,0 days 00:01:16.421000,HARD,26.0,True,0 days 03:38:24.508000,22.4,2,29.0,0 days 00:00:20.197000,0 days 00:00:35.764000,0 days 00:00:20.460000,1,76.421,13104.508,2.2070000000003347,True,False,False,False,False,False,26.0,0.0,0.0,20.197,35.764,20.46,0,0,0,0.0,76.6754,0.14074906748831048,-1.8074720105773932,1,1,76.465,77.439,0.9739999999999895,0.0,-0.04399999999999693,-0.07866666666666333,0.0,0.1440000000000019,0.14418980546488855,-0.07866666666666333,0,0,2022,Monaco Grand Prix,0.0,19,0.0
SAI,48,0 days 00:01:17.439000,HARD,27.0,True,0 days 03:39:41.947000,22.5,2,29.6,0 days 00:00:20.103000,0 days 00:00:36.231000,0 days 00:00:21.105000,1,77.439,13181.947,0.9629999999997381,True,False,False,False,False,False,27.0,0.0,0.0,20.103,36.231,21.105,0,0,0,0.0,76.60679999999999,0.16776531226337169,4.96050100448384,0,1,76.421,76.64,0.2189999999999941,0.0,1.0179999999999865,-0.06599999999999777,0.0,0.7890000000000015,0.09337719207602183,-0.06599999999999777,0,1,2022,Monaco Grand Prix,0.0,19,0.0
SAI,49,0 days 00:01:16.640000,HARD,28.0,True,0 days 03:40:58.587000,22.6,2,29.7,0 days 00:00:20.285000,0 days 00:00:35.966000,0 days 00:00:20.389000,1,76.64,13258.587,1.2290000000011787,True,False,False,False,False,False,28.0,0.0,0.0,20.285,35.966,20.389,0,0,0,0.0,76.7544,0.4145284067453367,-0.275976261550356,0,0,77.439,76.868,-0.570999999999998,1.0179999999999865,-0.7989999999999924,0.20366666666666333,0.0,0.0730000000000004,0.3361163489031774,0.20366666666666333,0,0,2022,Monaco Grand Prix,0.0,19,0.0
SAI,50,0 days 00:01:16.868000,HARD,29.0,True,0 days 03:42:15.455000,22.5,2,29.8,0 days 00:00:20.123000,0 days 00:00:36.189000,0 days 00:00:20.556000,1,76.868,13335.455,1.1929999999993015,True,False,False,False,False,False,29.0,0.0,0.0,20.123,36.189,20.556,0,0,0,0.0,76.7586,0.41291681970928146,0.2649444023060576,0,0,76.64,77.245,0.605000000000004,0.2189999999999941,0.22799999999999443,0.058333333333332384,0.0,0.1670000000000016,0.3361163489031774,0.058333333333332384,0,0,2022,Monaco Grand Prix,0.0,19,0.0
SAI,51,0 days 00:01:17.245000,HARD,30.0,True,0 days 03:43:32.700000,22.6,2,29.5,0 days 00:00:20.419000,0 days 00:00:36.225000,0 days 00:00:20.601000,1,77.245,13412.7,1.4509999999991123,True,False,False,False,False,False,30.0,0.0,0.0,20.419,36.225,20.601,0,0,0,0.0,76.76660000000001,0.4149798790288841,1.1528269783092184,0,0,76.868,77.515,0.6470000000000056,0.4469999999999885,0.37700000000000955,0.14899999999999616,0.0,0.21199999999999974,0.3347255592272607,0.14899999999999616,0,0,2022,Monaco Grand Prix,0.0,19,0.0
SAI,52,0 days 00:01:17.515000,HARD,31.0,True,0 days 03:44:50.215000,22.6,2,29.2,0 days 00:00:20.314000,0 days 00:00:36.447000,0 days 00:00:20.754000,1,77.515,13490.215,1.1769999999996799,True,False,False,False,False,False,31.0,0.0,0.0,20.314,36.447,20.754,0,0,0,0.0,76.9226,0.41983842129899673,1.411019025288559,0,0,77.245,77.599,0.3539999999999992,0.8239999999999981,0.269999999999996,-0.0646666666666628,0.0,0.365000000000002,0.290591637870057,-0.0646666666666628,0,0,2022,Monaco Grand Prix,0.0,19,0.0
SAI,53,0 days 00:01:17.599000,HARD,32.0,True,0 days 03:46:07.814000,22.5,2,29.2,0 days 00:00:20.429000,0 days 00:00:36.457000,0 days 00:00:20.713000,1,77.599,13567.814,1.245999999999185,True,False,False,False,False,False,32.0,0.0,0.0,20.429,36.457,20.713,0,0,0,0.0,77.1414,0.37584079075965326,1.2175368167864205,0,0,77.515,77.97,0.4549999999999983,0.875,0.08400000000000318,0.2916666666666667,0.0,0.15700000000000003,0.28198439673145465,0.2916666666666667,0,0,2022,Monaco Grand Prix,0.0,19,0.0
SAI,54,0 days 00:01:17.970000,HARD,33.0,True,0 days 03:47:25.784000,22.4,2,29.2,0 days 00:00:20.633000,0 days 00:00:36.619000,0 days 00:00:20.718000,1,77.97,13645.784,0.9680000000007567,True,False,False,False,False,False,33.0,0.0,0.0,20.633,36.619,20.718,0,0,0,0.0,77.17339999999999,0.41253399859750073,1.9309923611344217,0,0,77.599,78.476,0.8769999999999953,0.9590000000000032,0.3709999999999951,0.24366666666666958,0.0,0.11700000000000088,0.10758810343157053,0.24366666666666958,0,1,2022,Monaco Grand Prix,0.0,19,0.0
SAI,55,0 days 00:01:18.476000,HARD,34.0,True,0 days 03:48:44.260000,22.5,2,29.1,0 days 00:00:20.650000,0 days 00:00:36.931000,0 days 00:00:20.895000,1,78.476,13724.26,0.7189999999991414,True,False,False,False,False,False,34.0,0.0,0.0,20.65,36.931,20.895,0,0,0,0.0,77.4394,0.4114040592882445,2.519664005730468,0,0,77.97,78.928,0.9579999999999984,1.1020000000000039,0.5060000000000002,0.24166666666666478,0.0,0.1819999999999986,0.09634728849325387,0.24166666666666478,0,1,2022,Monaco Grand Prix,0.0,19,0.0
SAI,56,0 days 00:01:18.928000,HARD,35.0,True,0 days 03:50:03.188000,22.3,2,29.1,0 days 00:00:20.598000,0 days 00:00:37.384000,0 days 00:00:20.946000,1,78.928,13803.188,0.521999999999025,True,False,False,False,False,False,35.0,0.0,0.0,20.598,37.384,20.946,0,0,0,0.0,77.761,0.4764247054874986,2.4494951385988184,0,0,78.476,78.714,0.23799999999999955,1.2309999999999945,0.4519999999999982,0.32033333333333286,0.0,0.23300000000000054,0.09514883078631252,0.32033333333333286,0,1,2022,Monaco Grand Prix,0.0,19,0.0
SAI,57,0 days 00:01:18.714000,HARD,36.0,True,0 days 03:51:21.902000,22.4,2,29.1,0 days 00:00:20.996000,0 days 00:00:36.991000,0 days 00:00:20.727000,12,78.714,13881.902,0.7240000000001601,True,False,False,False,False,False,36.0,0.0,0.0,20.996,36.991,20.727,0,0,1,0.0,78.0976,0.5993866031192713,1.0283846799247562,0,0,78.928,79.406,0.47800000000000864,1.4129999999999967,-0.21399999999999864,0.44299999999999784,0.0,0.009000000000000341,0.09590724685863074,0.44299999999999784,0,1,2022,Monaco Grand Prix,0.0,19,0.0
SAI,58,0 days 00:01:19.406000,HARD,37.0,True,0 days 03:52:41.308000,22.4,2,29.1,0 days 00:00:20.715000,0 days 00:00:37.684000,0 days 00:00:21.007000,1,79.406,13961.308,0.4679999999989377,True,False,False,False,False,False,37.0,0.0,0.0,20.715,37.684,21.007,0,0,0,0.0,78.3374,0.5454500893746973,1.9591160049584813,0,0,78.714,78.896,0.18200000000000216,1.1149999999999949,0.6920000000000073,0.24799999999999991,0.0,0.28000000000000114,0.08424844212210787,0.24799999999999991,0,1,2022,Monaco Grand Prix,0.0,19,0.0
SAI,59,0 days 00:01:18.896000,HARD,38.0,True,0 days 03:54:00.204000,22.4,2,29.5,0 days 00:00:20.690000,0 days 00:00:37.473000,0 days 00:00:20.733000,1,78.896,14040.204,0.5869999999995343,True,False,False,False,False,False,38.0,0.0,0.0,20.69,37.473,20.733,0,0,0,0.0,78.69879999999999,0.5323731773848838,0.3704168586567274,0,0,79.406,78.747,-0.659000000000006,1.436000000000007,-0.5100000000000051,0.3100000000000023,0.0,0.006000000000000227,0.10580028355350576,0.3100000000000023,0,1,2022,Monaco Grand Prix,0.0,19,0.0
SAI,60,0 days 00:01:18.747000,HARD,39.0,True,0 days 03:55:18.951000,22.4,2,29.3,0 days 00:00:20.643000,0 days 00:00:37.217000,0 days 00:00:20.887000,12,78.747,14118.951,0.5100000000002183,True,False,False,False,False,False,39.0,0.0,0.0,20.643,37.217,20.887,0,0,1,0.0,78.884,0.3427564733143359,-0.3997006932509782,0,0,78.896,78.896,0.0,0.4200000000000017,-0.1490000000000009,-0.010666666666665492,0.0,0.16000000000000014,0.12758330611801152,-0.010666666666665492,0,1,2022,Monaco Grand Prix,0.0,19,0.0
SAI,61,0 days 00:01:18.896000,HARD,40.0,True,0 days 03:56:37.847000,22.3,2,29.1,0 days 00:00:20.702000,0 days 00:00:37.331000,0 days 00:00:20.863000,1,78.896,14197.847,0.5180000000000291,True,False,False,False,False,False,40.0,0.0,0.0,20.702,37.331,20.863,0,0,0,0.0,78.93820000000001,0.277283609322446,-0.152190748321279,0,0,78.747,78.036,-0.7109999999999985,0.03300000000000125,0.1490000000000009,0.011000000000000417,0.0,0.129999999999999,0.12623113720474147,0.011000000000000417,0,1,2022,Monaco Grand Prix,0.0,19,0.0
SAI,62,0 days 00:01:18.036000,HARD,41.0,True,0 days 03:57:55.883000,22.2,2,29.1,0 days 00:00:20.575000,0 days 00:00:36.847000,0 days 00:00:20.614000,1,78.036,14275.883,0.6049999999995634,True,False,False,False,False,False,41.0,0.0,0.0,20.575,36.847,20.614,0,0,0,0.0,78.9318,0.27794639770805224,-3.2229235830604988,1,0,78.896,77.916,-0.980000000000004,0.18200000000000216,-0.8599999999999994,-0.1700000000000017,0.0,-0.11899999999999977,0.11464292389852176,-0.1700000000000017,0,1,2022,Monaco Grand Prix,0.0,19,0.0
SAI,63,0 days 00:01:17.916000,HARD,42.0,True,0 days 03:59:13.799000,22.2,2,28.9,0 days 00:00:20.542000,0 days 00:00:36.784000,0 days 00:00:20.590000,1,77.916,14353.799,0.4569999999985157,True,False,False,False,False,False,42.0,0.0,0.0,20.542,36.784,20.59,0,0,0,0.0,78.7962,0.49297586147689,-1.7854829592731787,1,1,78.036,78.132,0.09600000000000364,0.0,-0.12000000000000455,-0.28666666666666646,0.0,-0.02400000000000091,0.15274750407126872,-0.28666666666666646,0,1,2022,Monaco Grand Prix,0.0,19,0.0
STR,4,0 days 00:01:43.171000,INTERMEDIATE,2.0,True,0 days 02:13:13.569000,21.5,19,28.5,0 days 00:00:28.518000,0 days 00:00:47.433000,0 days 00:00:27.220000,1,103.171,7993.569,11.760999999999513,False,True,False,False,False,False,2.0,0.0,0.0,28.518,47.433,27.22,0,0,0,0.0,78.3454,0.44443649714990424,55.85859883065942,0,0,103.171,101.963,-1.2080000000000126,25.25500000000001,0.0,-0.25466666666666526,0.0,6.629999999999999,0.13596506904349423,0.0,0,0,2022,Monaco Grand Prix,0.0,19,0.0
STR,5,0 days 00:01:41.963000,INTERMEDIATE,3.0,True,0 days 02:14:55.532000,21.5,19,28.4,0 days 00:00:27.723000,0 days 00:00:47.081000,0 days 00:00:27.159000,12,101.963,8095.532,10.41399999999976,False,True,False,False,False,False,3.0,0.0,0.0,27.723,47.081,27.159,0,0,1,0.0,,,0.0,0,0,103.171,101.294,-1.8770000000000095,0.0,-1.2080000000000126,0.0,0.0,0.0,0.0,0.0,0,0,2022,Monaco Grand Prix,0.0,19,0.0
STR,6,0 days 00:01:41.294000,INTERMEDIATE,4.0,True,0 days 02:16:36.826000,21.7,19,28.5,0 days 00:00:27.307000,0 days 00:00:46.728000,0 days 00:00:27.259000,1,101.294,8196.826,8.757000000001426,False,True,False,False,False,False,4.0,0.0,0.0,27.307,46.728,27.259,0,0,0,0.0,,,0.0,0,0,101.963,100.2,-1.762999999999991,0.0,-0.6689999999999969,-0.6040000000000063,0.0,0.10000000000000142,0.0,0.0,0,0,2022,Monaco Grand Prix,0.0,19,0.0
STR,7,0 days 00:01:40.200000,INTERMEDIATE,5.0,True,0 days 02:18:17.026000,21.8,19,28.2,0 days 00:00:26.904000,0 days 00:00:46.652000,0 days 00:00:26.644000,1,100.2,8297.026,8.067000000000917,False,True,False,False,False,False,5.0,0.0,0.0,26.904,46.652,26.644,0,0,0,0.0,102.14266666666667,0.9513108500029599,-2.0420945127038372,1,0,101.294,99.795,-1.4989999999999952,0.0,-1.093999999999994,-0.6256666666666698,0.0,-0.5150000000000006,3.7992937940271645,-0.9385000000000048,0,0,2022,Monaco Grand Prix,0.0,19,0.0
STR,8,0 days 00:01:39.795000,INTERMEDIATE,6.0,True,0 days 02:19:56.821000,21.6,19,28.1,0 days 00:00:26.697000,0 days 00:00:46.645000,0 days 00:00:26.453000,1,99.795,8396.821,5.995999999999185,False,True,False,False,False,False,6.0,0.0,0.0,26.697,46.645,26.453,0,0,0,0.0,101.657,1.2437108452798367,-1.497132558638292,0,1,100.2,98.197,-2.003,0.0,-0.40500000000000114,-0.9903333333333345,0.0,-0.19099999999999895,3.3948769614425394,-0.9903333333333345,0,0,2022,Monaco Grand Prix,0.0,19,0.0
STR,9,0 days 00:01:38.197000,INTERMEDIATE,7.0,True,0 days 02:21:35.018000,21.9,19,28.3,0 days 00:00:26.403000,0 days 00:00:45.724000,0 days 00:00:26.070000,1,98.197,8495.018,5.012000000000626,False,True,False,False,False,False,7.0,0.0,0.0,26.403,45.724,26.07,0,0,0,0.0,101.2846,1.3614408911150064,-2.267891334945347,1,0,99.795,96.359,-3.436000000000007,0.0,-1.597999999999999,-0.722666666666664,0.0,-0.3829999999999991,3.0418288413387096,-0.722666666666664,0,0,2022,Monaco Grand Prix,0.0,19,0.0
STR,10,0 days 00:01:36.359000,INTERMEDIATE,8.0,True,0 days 02:23:11.377000,21.9,19,27.9,0 days 00:00:25.582000,0 days 00:00:44.754000,0 days 00:00:26.023000,12,96.359,8591.377,13.527000000000044,False,True,False,False,False,False,8.0,0.0,0.0,25.582,44.754,26.023,0,0,1,0.0,100.2898,1.452645758607392,-2.705959093405088,1,1,98.197,96.129,-2.067999999999998,0.0,-1.838000000000008,-1.0323333333333313,0.0,-0.0470000000000006,0.2563058719577075,-1.0323333333333313,0,0,2022,Monaco Grand Prix,0.0,19,0.0
STR,11,0 days 00:01:36.129000,INTERMEDIATE,9.0,True,0 days 02:24:47.506000,21.9,19,27.3,0 days 00:00:25.601000,0 days 00:00:44.554000,0 days 00:00:25.974000,1,96.129,8687.506,14.829999999999927,False,True,False,False,False,False,9.0,0.0,0.0,25.601,44.554,25.974,0,0,0,0.0,99.169,1.924275577977364,-1.5798153002572446,1,1,96.359,95.387,-0.9719999999999942,0.0,-0.22999999999998977,-1.280333333333336,0.0,-0.04899999999999949,0.24796411030631169,-1.280333333333336,0,0,2022,Monaco Grand Prix,0.0,19,0.0
STR,12,0 days 00:01:35.387000,INTERMEDIATE,10.0,True,0 days 02:26:22.893000,22.0,19,27.1,0 days 00:00:25.301000,0 days 00:00:43.857000,0 days 00:00:26.229000,1,95.387,8782.893,14.944999999999709,False,True,False,False,False,False,10.0,0.0,0.0,25.301,43.857,26.229,0,0,0,0.0,98.136,1.8842688237086018,-1.4589213414832374,0,1,96.129,96.939,0.8099999999999881,0.0,-0.7420000000000044,-1.2219999999999989,0.0,0.254999999999999,0.20746083967824036,-1.2219999999999989,0,0,2022,Monaco Grand Prix,0.0,19,0.0
STR,13,0 days 00:01:36.939000,INTERMEDIATE,11.0,True,0 days 02:27:59.832000,21.9,19,27.0,0 days 00:00:25.860000,0 days 00:00:44.806000,0 days 00:00:26.273000,1,96.939,8879.832,12.755999999999403,False,True,False,False,False,False,11.0,0.0,0.0,25.86,44.806,26.273,0,0,0,0.0,97.1734,1.7934455107419038,-0.13069814421238954,0,0,95.387,96.217,0.8299999999999983,0.0,1.5519999999999925,-0.9366666666666674,0.0,0.2989999999999995,0.2336450299064805,-0.9366666666666674,0,0,2022,Monaco Grand Prix,0.0,19,0.0
STR,14,0 days 00:01:36.217000,INTERMEDIATE,12.0,True,0 days 02:29:36.049000,21.9,19,27.2,0 days 00:00:25.626000,0 days 00:00:44.270000,0 days 00:00:26.321000,1,96.217,8976.049,10.438999999998487,False,True,False,False,False,False,12.0,0.0,0.0,25.626,44.27,26.321,0,0,0,0.0,96.6022,1.0507850398632204,-0.36658306445830124,0,0,96.939,96.146,-0.7929999999999922,1.5519999999999925,-0.7219999999999942,0.19333333333333277,0.0,0.3470000000000013,0.27595289453093286,0.19333333333333277,0,0,2022,Monaco Grand Prix,0.0,19,0.0
STR,15,0 days 00:01:36.146000,INTERMEDIATE,13.0,True,0 days 02:31:12.195000,21.9,19,27.0,0 days 00:00:25.605000,0 days 00:00:44.311000,0 days 00:00:26.230000,1,96.146,9072.195,7.488000000001193,False,True,False,False,False,False,13.0,0.0,0.0,25.605,44.311,26.23,0,0,0,0.0,96.2062,0.5562168641819352,-0.10823116643278123,0,0,96.217,95.637,-0.5799999999999983,0.8299999999999983,-0.07099999999999795,0.029333333333331286,0.0,0.0010000000000012221,0.19354586019856013,0.029333333333331286,0,0,2022,Monaco Grand Prix,0.0,19,0.0
STR,16,0 days 00:01:35.637000,INTERMEDIATE,14.0,True,0 days 02:32:47.832000,22.1,19,26.9,0 days 00:00:25.384000,0 days 00:00:43.913000,0 days 00:00:26.340000,1,95.637,9167.832,4.822000000000116,False,True,False,False,False,False,14.0,0.0,0.0,25.384,43.913,26.34,0,0,0,0.0,96.1636,0.5497070128717568,-0.9579648570407713,0,0,96.146,95.247,-0.8990000000000009,0.7590000000000003,-0.5090000000000003,0.2530000000000001,0.0,0.10999999999999943,0.18146294387560347,0.2530000000000001,0,0,2022,Monaco Grand Prix,0.0,19,0.0
STR,17,0 days 00:01:35.247000,INTERMEDIATE,15.0,True,0 days 02:34:23.079000,22.0,18,26.8,0 days 00:00:25.648000,0 days 00:00:43.529000,0 days 00:00:26.070000,12,95.247,9263.079,2.7520000000004075,False,True,False,False,False,False,15.0,0.0,0.0,25.648,43.529,26.07,0,0,1,0.0,96.0652,0.5992513662899722,-1.3653702703517658,0,0,95.637,95.207,-0.4300000000000068,0.25,-0.39000000000000057,-0.4339999999999975,0.0,-0.16000000000000014,0.143271769724536,-0.4339999999999975,0,0,2022,Monaco Grand Prix,0.0,19,0.0
STR,18,0 days 00:01:35.207000,INTERMEDIATE,16.0,True,0 days 02:35:58.286000,22.1,17,27.1,0 days 00:00:25.339000,0 days 00:00:43.814000,0 days 00:00:26.054000,1,95.207,9358.286,0.9590000000007421,False,True,False,False,False,False,16.0,0.0,0.0,25.339,43.814,26.054,0,0,0,0.0,96.0372,0.6406997736853067,-1.2957707089932191,0,0,95.247,93.972,-1.2750000000000057,0.0,-0.04000000000000625,-0.323333333333333,0.0,-0.01600000000000179,0.20989830871162488,-0.323333333333333,0,1,2022,Monaco Grand Prix,0.0,19,0.0
STR,19,0 days 00:01:33.972000,INTERMEDIATE,17.0,True,0 days 02:37:32.258000,22.0,14,27.1,0 days 00:00:24.713000,0 days 00:00:42.943000,0 days 00:00:26.316000,1,93.972,9452.258,1.9279999999998836,False,True,False,False,False,False,17.0,0.0,0.0,24.713,42.943,26.316,0,0,0,0.0,95.6908,0.47906387883083185,-3.5878305085217,1,0,95.207,87.633,-7.573999999999998,0.0,-1.2349999999999994,-0.3130000000000024,0.0,0.26200000000000045,0.1887201632046792,-0.3130000000000024,0,0,2022,Monaco Grand Prix,0.0,19,0.0
STR,20,0 days 00:01:27.633000,INTERMEDIATE,18.0,True,0 days 02:38:59.891000,22.1,13,27.6,0 days 00:00:23.787000,0 days 00:00:40.070000,0 days 00:00:23.776000,12,87.633,9539.891,5.951000000000931,False,True,False,False,False,False,18.0,0.0,0.0,23.787,40.07,23.776,0,0,1,0.0,95.24179999999998,0.8042684253409993,-9.46052307943577,1,1,93.972,87.402,-6.569999999999993,0.0,-6.338999999999999,-0.555000000000002,0.0,-2.2779999999999987,0.15719351131646814,-0.555000000000002,0,0,2022,Monaco Grand Prix,0.0,19,0.0
STR,21,0 days 00:01:27.402000,INTERMEDIATE,19.0,True,0 days 02:40:27.293000,22.2,12,27.4,0 days 00:00:23.285000,0 days 00:00:40.459000,0 days 00:00:23.658000,1,87.402,9627.293,27.949000000000524,False,True,False,False,False,False,19.0,0.0,0.0,23.285,40.459,23.658,0,0,0,0.0,93.53920000000001,3.3604098261968995,-1.8263248584014837,1,1,87.633,87.686,0.05300000000001148,0.0,-0.23099999999999454,-2.5380000000000016,0.0,-0.11799999999999855,1.0522522511261256,-2.5380000000000016,0,0,2022,Monaco Grand Prix,0.0,19,0.0
STR,22,0 days 00:01:27.686000,INTERMEDIATE,20.0,True,0 days 02:41:54.979000,22.2,11,27.3,0 days 00:00:23.300000,0 days 00:00:40.355000,0 days 00:00:24.031000,1,87.686,9714.979,9.962999999999738,False,True,False,False,False,False,20.0,0.0,0.0,23.3,40.355,24.031,0,0,0,0.0,91.89219999999999,4.027121515425235,-1.044468110507422,0,1,87.402,89.708,2.3059999999999974,0.0,0.284000000000006,-2.6016666666666644,0.0,0.37299999999999756,1.028407506779292,-2.6016666666666644,0,0,2022,Monaco Grand Prix,0.0,19,0.0
STR,23,0 days 00:01:29.708000,INTERMEDIATE,21.0,True,0 days 02:43:24.687000,22.1,10,27.2,0 days 00:00:23.711000,0 days 00:00:41.759000,0 days 00:00:24.238000,1,89.708,9804.687,7.655000000000655,False,True,False,False,False,False,21.0,0.0,0.0,23.711,41.759,24.238,0,0,0,0.0,90.38,3.8689314416258407,-0.17369136934553758,0,0,87.686,84.515,-3.1710000000000065,0.284000000000006,2.0219999999999914,-2.095333333333329,0.0,0.5799999999999983,1.0931252444253579,-2.095333333333329,0,0,2022,Monaco Grand Prix,0.0,19,0.0
STR,31,0 days 00:01:24.515000,None,8.0,True,0 days 03:17:29.165000,21.9,14,28.0,0 days 00:00:22.801000,0 days 00:00:39.300000,0 days 00:00:22.414000,1,84.515,11849.165,2.1349999999983993,False,False,False,True,False,False,8.0,0.0,0.0,22.801,39.3,22.414,0,0,0,0.0,89.28020000000001,2.782911101706479,-1.7123076612393366,1,0,89.708,97.937,8.229,2.3059999999999974,-5.192999999999998,0.6916666666666677,0.0,-1.2439999999999998,1.1692335951382846,0.6916666666666677,0,0,2022,Monaco Grand Prix,0.0,19,0.0
STR,32,0 days 00:01:37.937000,None,9.0,True,0 days 03:19:07.102000,21.9,14,28.3,0 days 00:00:23.023000,0 days 00:00:51.204000,0 days 00:00:23.710000,1,97.937,11947.102,0.922999999998865,False,False,False,True,False,False,9.0,0.0,0.0,23.023,51.204,23.71,0,0,0,0.0,87.38879999999999,1.8564449089594395,5.681935375024087,0,1,84.515,84.605,0.09000000000000341,0.0,13.421999999999997,-0.9623333333333335,0.0,1.2959999999999994,1.202318510212663,-0.9623333333333335,0,1,2022,Monaco Grand Prix,0.0,19,0.0
STR,33,0 days 00:01:24.605000,None,10.0,True,0 days 03:20:31.707000,21.9,14,28.5,0 days 00:00:22.714000,0 days 00:00:39.001000,0 days 00:00:22.890000,1,84.605,12031.707,0.6119999999991705,False,False,False,True,False,False,10.0,0.0,0.0,22.714,39.001,22.89,0,0,0,0.0,89.4496,5.0930334084905775,-0.9512209348408327,0,0,97.937,82.704,-15.233000000000004,13.421999999999997,-13.331999999999994,3.4169999999999967,0.0,0.4759999999999991,0.9432988921863522,3.4169999999999967,0,1,2022,Monaco Grand Prix,0.0,19,0.0
STR,34,0 days 00:01:22.704000,None,11.0,True,0 days 03:21:54.411000,22.0,14,28.8,0 days 00:00:22.492000,0 days 00:00:38.010000,0 days 00:00:22.202000,1,82.704,12114.411,0.4819999999999709,False,False,False,True,False,False,11.0,0.0,0.0,22.492,38.01,22.202,0,0,0,0.0,88.89020000000001,5.510644218238119,-1.122591071934215,0,0,84.605,82.363,-2.2420000000000044,0.09000000000000341,-1.9010000000000105,-1.700999999999998,0.0,-0.21199999999999974,0.9341553404011561,-1.700999999999998,0,1,2022,Monaco Grand Prix,0.0,19,0.0
STR,35,0 days 00:01:22.363000,None,12.0,True,0 days 03:23:16.774000,22.1,14,28.8,0 days 00:00:22.010000,0 days 00:00:38.149000,0 days 00:00:22.204000,1,82.363,12196.774,0.5250000000014552,False,False,False,True,False,False,12.0,0.0,0.0,22.01,38.149,22.204,0,0,0,0.0,87.89379999999998,6.191197517443725,-0.8933328301054736,0,0,82.704,82.264,-0.4399999999999977,0.0,-0.340999999999994,-0.603666666666669,0.0,0.0019999999999988916,0.9584504160362182,-0.603666666666669,0,1,2022,Monaco Grand Prix,0.0,19,0.0
STR,36,0 days 00:01:22.264000,None,13.0,True,0 days 03:24:39.038000,22.3,14,28.9,0 days 00:00:21.956000,0 days 00:00:38.334000,0 days 00:00:21.974000,1,82.264,12279.038,0.613999999999578,False,False,False,True,False,False,13.0,0.0,0.0,21.956,38.334,21.974,0,0,0,0.0,86.4248,6.515986663583765,-0.6385525653779633,0,0,82.363,81.741,-0.6219999999999999,0.0,-0.09900000000000375,-5.191333333333333,0.0,-0.22800000000000153,0.9325303212228544,-5.191333333333333,0,1,2022,Monaco Grand Prix,0.0,19,0.0
STR,37,0 days 00:01:21.741000,None,14.0,True,0 days 03:26:00.779000,22.3,14,29.1,0 days 00:00:22.192000,0 days 00:00:37.712000,0 days 00:00:21.837000,1,81.741,12360.779,0.6229999999995925,False,False,False,True,False,False,14.0,0.0,0.0,22.192,37.712,21.837,0,0,0,0.0,85.9746,6.754329152477063,-0.6267979993908613,0,0,82.264,81.665,-0.5989999999999895,0.0,-0.5229999999999961,-0.7803333333333361,0.0,-0.13700000000000045,0.6417189415935926,-0.7803333333333361,0,1,2022,Monaco Grand Prix,0.0,19,0.0
STR,38,0 days 00:01:21.665000,None,15.0,True,0 days 03:27:22.444000,22.3,14,29.1,0 days 00:00:21.762000,0 days 00:00:38.020000,0 days 00:00:21.883000,1,81.665,12442.444,0.647000000000844,False,False,False,True,False,False,15.0,0.0,0.0,21.762,38.02,21.883,0,0,0,0.0,82.7354,1.1006953711185308,-0.9724761528816531,0,0,81.741,80.557,-1.1839999999999975,0.0,-0.0759999999999934,-0.32099999999999795,0.0,0.045999999999999375,0.2916833899967575,-0.32099999999999795,0,1,2022,Monaco Grand Prix,0.0,19,0.0
STR,39,0 days 00:01:20.557000,None,16.0,True,0 days 03:28:43.001000,22.3,14,28.8,0 days 00:00:21.784000,0 days 00:00:37.395000,0 days 00:00:21.378000,1,80.557,12523.001,0.6430000000000291,False,False,False,True,False,False,16.0,0.0,0.0,21.784,37.395,21.378,0,0,0,0.0,82.14739999999999,0.43810763517860535,-3.630158144474297,1,0,81.665,80.222,-1.443000000000012,0.0,-1.108000000000004,-0.23266666666666444,0.0,-0.45899999999999963,0.12434709485951252,-0.23266666666666444,0,1,2022,Monaco Grand Prix,0.0,19,0.0
STR,40,0 days 00:01:20.222000,None,17.0,True,0 days 03:30:03.223000,22.3,14,28.7,0 days 00:00:21.644000,0 days 00:00:37.290000,0 days 00:00:21.288000,1,80.222,12603.223,0.7440000000005966,False,False,False,True,False,False,17.0,0.0,0.0,21.644,37.29,21.288,0,0,0,0.0,81.718,0.7185749786917294,-2.0818982630367895,1,1,80.557,79.988,-0.5690000000000026,0.0,-0.33500000000000796,-0.5689999999999978,0.0,-0.08999999999999986,0.2019398425274232,-0.5689999999999978,0,1,2022,Monaco Grand Prix,0.0,19,0.0
STR,41,0 days 00:01:19.988000,None,18.0,True,0 days 03:31:23.211000,22.4,14,28.9,0 days 00:00:21.627000,0 days 00:00:37.401000,0 days 00:00:20.960000,1,79.988,12683.211,0.6710000000002765,False,False,False,True,False,False,18.0,0.0,0.0,21.627,37.401,20.96,0,0,0,0.0,81.28979999999999,0.861773578152553,-1.5106056080191617,1,1,80.222,79.828,-0.39399999999999125,0.0,-0.23399999999999466,-0.5063333333333352,0.0,-0.3279999999999994,0.1877266629970302,-0.5063333333333352,0,1,2022,Monaco Grand Prix,0.0,19,0.0
STR,42,0 days 00:01:19.828000,None,19.0,True,0 days 03:32:43.039000,22.5,14,29.4,0 days 00:00:21.715000,0 days 00:00:37.135000,0 days 00:00:20.978000,1,79.828,12763.039,0.7019999999993161,False,False,False,True,False,False,19.0,0.0,0.0,21.715,37.135,20.978,0,0,0,0.0,80.8346,0.8185653914024799,-1.2297123853176164,0,1,79.988,79.566,-0.42199999999999704,0.0,-0.1599999999999966,-0.5590000000000023,0.0,0.018000000000000682,0.1999032265872676,-0.5590000000000023,0,1,2022,Monaco Grand Prix,0.0,19,0.0
STR,43,0 days 00:01:19.566000,None,20.0,True,0 days 03:34:02.605000,22.6,14,29.4,0 days 00:00:21.592000,0 days 00:00:37.008000,0 days 00:00:20.966000,1,79.566,12842.605,0.7340000000003783,False,False,False,True,False,False,20.0,0.0,0.0,21.592,37.008,20.966,0,0,0,0.0,80.45200000000001,0.7314311314142504,-1.2113238853901318,0,0,79.828,79.41,-0.41800000000000637,0.0,-0.26200000000000045,-0.24299999999999974,0.0,0.006000000000000227,0.22170430758106735,-0.24299999999999974,0,1,2022,Monaco Grand Prix,0.0,19,0.0
STR,44,0 days 00:01:19.410000,None,21.0,True,0 days 03:35:22.015000,22.4,14,29.5,0 days 00:00:21.279000,0 days 00:00:37.138000,0 days 00:00:20.993000,1,79.41,12922.015,1.2039999999997235,False,False,False,True,False,False,21.0,0.0,0.0,21.279,37.138,20.993,0,0,0,0.0,80.0322,0.3782964446065658,-1.6447418654624264,1,0,79.566,79.53,-0.036000000000001364,0.0,-0.1560000000000059,-0.2186666666666639,0.0,0.0329999999999977,0.2128398458935747,-0.2186666666666639,0,0,2022,Monaco Grand Prix,0.0,19,0.0
STR,45,0 days 00:01:19.530000,None,22.0,True,0 days 03:36:41.545000,22.3,14,28.7,0 days 00:00:21.336000,0 days 00:00:37.094000,0 days 00:00:21.100000,1,79.53,13001.545,0.9979999999995925,False,False,False,True,False,False,22.0,0.0,0.0,21.336,37.094,21.1,0,0,0,0.0,79.8028,0.32443366040223715,-0.8408498663849573,0,1,79.41,79.604,0.19400000000000261,0.0,0.12000000000000455,-0.19266666666666765,0.0,0.13400000000000034,0.15088803796192882,-0.19266666666666765,0,1,2022,Monaco Grand Prix,0.0,19,0.0
STR,46,0 days 00:01:19.604000,None,23.0,True,0 days 03:38:01.149000,22.4,14,29.0,0 days 00:00:21.536000,0 days 00:00:37.074000,0 days 00:00:20.994000,1,79.604,13081.149,0.9930000000003929,False,False,False,True,False,False,23.0,0.0,0.0,21.536,37.074,20.994,0,0,0,0.0,79.6644,0.2366152995941153,-0.25526667169709727,0,0,79.53,79.768,0.23799999999999955,0.12000000000000455,0.07399999999999807,-0.09933333333333394,0.0,0.027999999999998693,0.17552435728411175,-0.09933333333333394,0,1,2022,Monaco Grand Prix,0.0,19,0.0
STR,47,0 days 00:01:19.768000,None,24.0,True,0 days 03:39:20.917000,22.5,14,29.0,0 days 00:00:21.136000,0 days 00:00:37.344000,0 days 00:00:21.288000,1,79.768,13160.917,1.1410000000014406,False,False,False,True,False,False,24.0,0.0,0.0,21.136,37.344,21.288,0,0,0,0.0,79.5876,0.15279659682736418,1.1806545678751548,0,0,79.604,79.101,-0.5030000000000001,0.19400000000000261,0.16400000000000148,0.012666666666665568,0.0,0.2950000000000017,0.051470379831517234,0.012666666666665568,0,0,2022,Monaco Grand Prix,0.0,19,0.0
STR,48,0 days 00:01:19.101000,None,25.0,True,0 days 03:40:40.018000,22.6,14,29.7,0 days 00:00:21.258000,0 days 00:00:36.958000,0 days 00:00:20.885000,1,79.101,13240.018,1.7999999999992724,False,False,False,True,False,False,25.0,0.0,0.0,21.258,36.958,20.885,0,0,0,0.0,79.5756,0.1298260374579201,-3.6556611392674223,1,0,79.768,79.182,-0.5859999999999985,0.3580000000000041,-0.6670000000000016,0.11933333333333469,0.0,-0.10899999999999821,0.12009038262908864,0.11933333333333469,0,0,2022,Monaco Grand Prix,0.0,19,0.0
STR,49,0 days 00:01:19.182000,None,26.0,True,0 days 03:41:59.200000,22.5,14,29.8,0 days 00:00:21.148000,0 days 00:00:37.080000,0 days 00:00:20.954000,1,79.182,13319.2,5.093999999999141,False,False,False,True,False,False,26.0,0.0,0.0,21.148,37.08,20.954,0,0,0,0.0,79.4826,0.2496633733690959,-1.2040212224305868,0,1,79.101,78.424,-0.6769999999999925,0.0,0.08100000000000307,-0.14300000000000068,0.0,0.06899999999999906,0.1497521285324544,-0.14300000000000068,0,0,2022,Monaco Grand Prix,0.0,19,0.0
STR,50,0 days 00:01:18.424000,None,27.0,True,0 days 03:43:17.624000,22.6,14,29.5,0 days 00:00:20.960000,0 days 00:00:36.687000,0 days 00:00:20.777000,1,78.424,13397.624,5.754000000000815,False,False,False,True,False,False,27.0,0.0,0.0,20.96,36.687,20.777,0,0,0,0.0,79.437,0.28461377338780086,-3.55920933812197,1,0,79.182,78.289,-0.8930000000000007,0.08100000000000307,-0.7579999999999956,-0.1406666666666657,0.0,-0.10800000000000054,0.14801114822877595,-0.1406666666666657,0,0,2022,Monaco Grand Prix,0.0,19,0.0
STR,51,0 days 00:01:18.289000,None,28.0,True,0 days 03:44:35.913000,22.6,14,29.2,0 days 00:00:20.850000,0 days 00:00:36.504000,0 days 00:00:20.935000,1,78.289,13475.913,5.870999999999185,False,False,False,True,False,False,28.0,0.0,0.0,20.85,36.504,20.935,0,0,0,0.0,79.2158,0.5236632505743263,-1.7698396803356635,1,1,78.424,78.309,-0.1150000000000091,0.0,-0.13500000000000512,-0.447999999999998,0.0,0.1579999999999977,0.16582370156283674,-0.447999999999998,0,0,2022,Monaco Grand Prix,0.0,19,0.0
STR,52,0 days 00:01:18.309000,None,29.0,True,0 days 03:45:54.222000,22.5,14,29.2,0 days 00:00:20.738000,0 days 00:00:36.770000,0 days 00:00:20.801000,1,78.309,13554.222,6.477000000000771,False,False,False,True,False,False,29.0,0.0,0.0,20.738,36.77,20.801,0,0,0,0.0,78.9528,0.604008857552694,-1.065878408817595,0,1,78.289,78.057,-0.23199999999999932,0.0,0.01999999999999602,-0.2706666666666659,0.0,0.023999999999997357,0.17442046898228603,-0.2706666666666659,0,0,2022,Monaco Grand Prix,0.0,19,0.0
STR,53,0 days 00:01:18.057000,None,30.0,True,0 days 03:47:12.279000,22.4,14,29.2,0 days 00:00:20.764000,0 days 00:00:36.566000,0 days 00:00:20.727000,1,78.057,13632.279,7.256999999999607,False,False,False,True,False,False,30.0,0.0,0.0,20.764,36.566,20.727,0,0,0,0.0,78.661,0.4425771119275802,-1.3647339270875647,0,0,78.309,78.044,-0.26500000000000057,0.01999999999999602,-0.25199999999999534,-0.29100000000000154,0.0,-0.05000000000000071,0.1157743494907241,-0.29100000000000154,0,0,2022,Monaco Grand Prix,0.0,19,0.0
STR,54,0 days 00:01:18.044000,None,31.0,True,0 days 03:48:30.323000,22.4,14,29.2,0 days 00:00:20.701000,0 days 00:00:36.555000,0 days 00:00:20.788000,1,78.044,13710.323,8.102999999999156,False,False,False,True,False,False,31.0,0.0,0.0,20.701,36.555,20.788,0,0,0,0.0,78.4522,0.42916395468653756,-0.9511516415635562,0,0,78.057,77.831,-0.2259999999999991,0.0,-0.01300000000000523,-0.1223333333333348,0.0,0.06099999999999994,0.10336246901076084,-0.1223333333333348,0,0,2022,Monaco Grand Prix,0.0,19,0.0
STR,55,0 days 00:01:17.831000,None,32.0,True,0 days 03:49:48.154000,22.3,14,29.1,0 days 00:00:20.721000,0 days 00:00:36.336000,0 days 00:00:20.774000,1,77.831,13788.154,9.8799999999992,False,False,False,True,False,False,32.0,0.0,0.0,20.721,36.336,20.774,0,0,0,0.0,78.2246,0.16713557371852794,-2.3549744153381234,1,0,78.044,77.672,-0.3719999999999999,0.0,-0.21299999999999386,-0.08166666666666818,0.0,0.0470000000000006,0.10244510725261853,-0.08166666666666818,0,0,2022,Monaco Grand Prix,0.0,19,0.0
STR,56,0 days 00:01:17.672000,None,33.0,True,0 days 03:51:05.826000,22.4,14,29.1,0 days 00:00:20.601000,0 days 00:00:36.378000,0 days 00:00:20.693000,12,77.672,13865.826,12.778000000000247,False,False,False,True,False,False,33.0,0.0,0.0,20.601,36.378,20.693,0,0,1,0.0,78.10600000000001,0.19784337239906483,-2.1936544789814914,1,1,77.831,77.849,0.018000000000000682,0.0,-0.15900000000000603,-0.15933333333333147,0.0,-0.03399999999999892,0.07491662031886227,-0.15933333333333147,0,0,2022,Monaco Grand Prix,0.0,19,0.0
STR,57,0 days 00:01:17.849000,None,34.0,True,0 days 03:52:23.675000,22.5,14,29.1,0 days 00:00:20.667000,0 days 00:00:36.451000,0 days 00:00:20.731000,1,77.849,13943.675,14.217000000000553,False,False,False,True,False,False,34.0,0.0,0.0,20.667,36.451,20.731,0,0,0,0.0,77.98259999999999,0.24253721364411543,-0.5508433035601031,0,1,77.672,78.024,0.35200000000000387,0.0,0.1770000000000067,-0.12833333333333505,0.0,0.038000000000000256,0.049247334953280625,-0.12833333333333505,0,0,2022,Monaco Grand Prix,0.0,19,0.0
STR,58,0 days 00:01:18.024000,None,35.0,True,0 days 03:53:41.699000,22.4,14,29.5,0 days 00:00:20.577000,0 days 00:00:36.499000,0 days 00:00:20.948000,1,78.024,14021.699,15.638999999999214,False,False,False,True,False,False,35.0,0.0,0.0,20.577,36.499,20.948,0,0,0,0.0,77.89059999999999,0.161469192114977,0.8261637916972979,0,0,77.849,77.967,0.117999999999995,0.1770000000000067,0.17499999999999716,-0.06499999999999773,0.0,0.254999999999999,0.050648790706201825,-0.06499999999999773,0,0,2022,Monaco Grand Prix,0.0,19,0.0
STR,59,0 days 00:01:17.967000,None,36.0,True,0 days 03:54:59.666000,22.4,14,29.3,0 days 00:00:20.572000,0 days 00:00:36.520000,0 days 00:00:20.875000,12,77.967,14099.666,16.695999999999913,False,False,False,True,False,False,36.0,0.0,0.0,20.572,36.52,20.875,0,0,1,0.0,77.88399999999999,0.15344217152485912,0.5409203947988042,0,0,78.024,78.138,0.11400000000000432,0.35200000000000387,-0.05700000000000216,0.06433333333333262,0.0,0.1819999999999986,0.1079550832522511,0.06433333333333262,0,0,2022,Monaco Grand Prix,0.0,19,0.0
STR,60,0 days 00:01:18.138000,None,37.0,True,0 days 03:56:17.804000,22.3,14,29.1,0 days 00:00:20.681000,0 days 00:00:36.671000,0 days 00:00:20.786000,1,78.138,14177.804,19.424999999999272,False,False,False,True,False,False,37.0,0.0,0.0,20.681,36.671,20.786,0,0,0,0.0,77.8686,0.13627288799414977,1.976915613702778,0,0,77.967,78.096,0.1290000000000049,0.2950000000000017,0.17100000000000648,0.0983333333333339,0.0,0.054999999999999716,0.1176107988239192,0.0983333333333339,0,0,2022,Monaco Grand Prix,0.0,19,0.0
STR,61,0 days 00:01:18.096000,None,38.0,True,0 days 03:57:35.900000,22.2,14,29.1,0 days 00:00:20.592000,0 days 00:00:36.624000,0 days 00:00:20.880000,1,78.096,14255.9,25.77100000000064,False,False,False,True,False,False,38.0,0.0,0.0,20.592,36.624,20.88,0,0,0,0.0,77.92999999999999,0.17790025295726689,0.9331071611229558,0,0,78.138,78.281,0.14300000000000068,0.4660000000000082,-0.04200000000000159,0.09633333333333383,0.0,0.09399999999999764,0.11680196916148468,0.09633333333333383,0,0,2022,Monaco Grand Prix,0.0,19,0.0
STR,62,0 days 00:01:18.281000,None,39.0,True,0 days 03:58:54.181000,22.2,14,28.9,0 days 00:00:20.655000,0 days 00:00:36.755000,0 days 00:00:20.871000,1,78.281,14334.181,27.118999999998778,False,False,False,True,False,False,39.0,0.0,0.0,20.655,36.755,20.871,0,0,0,0.0,78.01480000000001,0.11361205922897889,2.3430611310678406,0,0,78.096,78.411,0.3149999999999977,0.2469999999999999,0.18500000000000227,0.02400000000000091,0.0,0.0849999999999973,0.09162259546640532,0.02400000000000091,0,0,2022,Monaco Grand Prix,0.0,19,0.0
STR,63,0 days 00:01:18.411000,None,40.0,True,0 days 04:00:12.592000,22.3,14,29.5,0 days 00:00:20.651000,0 days 00:00:36.869000,0 days 00:00:20.891000,1,78.411,14412.592,28.186999999999898,False,False,False,True,False,False,40.0,0.0,0.0,20.651,36.869,20.891,0,0,0,0.0,78.1012,0.12008205528820368,2.579902544609669,0,0,78.281,78.996,0.7149999999999892,0.31400000000000716,0.12999999999999545,0.10466666666666906,0.0,0.10499999999999687,0.08244210089511703,0.10466666666666906,0,0,2022,Monaco Grand Prix,0.0,19,0.0
TSU,3,0 days 00:01:49.028000,WET,3.0,True,0 days 02:10:55.678000,21.3,11,28.8,0 days 00:00:29.645000,0 days 00:00:50.620000,0 days 00:00:28.763000,1,109.028,7855.678,1.0540000000000873,False,False,False,False,False,True,3.0,0.0,0.0,29.645,50.62,28.763,0,0,0,0.0,78.3844,0.36377919127158176,84.23681380148768,0,0,109.028,105.664,-3.3640000000000043,30.932000000000002,0.0,0.29999999999999716,0.0,7.892000000000003,0.10991906113136592,0.0,0,0,2022,Monaco Grand Prix,0.0,19,0.0
TSU,4,0 days 00:01:45.664000,WET,4.0,True,0 days 02:12:41.342000,21.5,11,28.5,0 days 00:00:28.226000,0 days 00:00:48.968000,0 days 00:00:28.470000,1,105.664,7961.342,0.8230000000003201,False,False,False,False,False,True,4.0,0.0,0.0,28.226,48.968,28.47,0,0,0,0.0,,,0.0,0,0,109.028,103.941,-5.087000000000003,0.0,-3.3640000000000043,0.0,0.0,0.0,0.0,0.0,0,1,2022,Monaco Grand Prix,0.0,19,0.0
TSU,5,0 days 00:01:43.941000,WET,5.0,True,0 days 02:14:25.283000,21.6,11,28.5,0 days 00:00:27.621000,0 days 00:00:48.318000,0 days 00:00:28.002000,1,103.941,8065.283,0.6509999999998399,False,False,False,False,False,True,5.0,0.0,0.0,27.621,48.318,28.002,0,0,0,0.0,,,0.0,0,0,105.664,101.028,-4.635999999999996,0.0,-1.722999999999999,-1.6820000000000022,0.0,-0.46799999999999997,0.0,0.0,0,1,2022,Monaco Grand Prix,0.0,19,0.0
TSU,8,0 days 00:01:41.028000,INTERMEDIATE,2.0,True,0 days 02:19:50.254000,21.6,18,28.1,0 days 00:00:27.769000,0 days 00:00:46.243000,0 days 00:00:27.016000,1,101.028,8390.254,6.566999999999098,False,True,False,False,False,False,2.0,0.0,0.0,27.769,46.243,27.016,0,0,0,0.0,106.21100000000001,2.587237716175304,-2.003294852883484,1,0,103.941,98.476,-5.465000000000003,0.0,-2.9129999999999967,-1.6956666666666678,0.0,-0.9860000000000007,4.697380262798973,-2.5435000000000016,0,0,2022,Monaco Grand Prix,0.0,19,0.0
TSU,9,0 days 00:01:38.476000,INTERMEDIATE,3.0,True,0 days 02:21:28.730000,21.7,18,28.2,0 days 00:00:26.291000,0 days 00:00:45.762000,0 days 00:00:26.423000,1,98.476,8488.73,6.288000000000466,False,True,False,False,False,False,3.0,0.0,0.0,26.291,45.762,26.423,0,0,0,0.0,104.91525,3.3434121667342556,-1.925951596416444,1,1,101.028,97.102,-3.926000000000002,0.0,-2.5520000000000067,-2.6666666666666665,0.0,-0.593,4.207648709988356,-2.6666666666666665,0,0,2022,Monaco Grand Prix,0.0,19,0.0
TSU,10,0 days 00:01:37.102000,INTERMEDIATE,4.0,True,0 days 02:23:05.832000,21.9,18,27.9,0 days 00:00:25.986000,0 days 00:00:44.857000,0 days 00:00:26.259000,12,97.102,8585.832,5.545000000000073,False,True,False,False,False,False,4.0,0.0,0.0,25.986,44.857,26.259,0,0,1,0.0,103.62740000000001,4.08369829933603,-1.5979143221870657,1,1,98.476,97.693,-0.7830000000000013,0.0,-1.3739999999999952,-2.396000000000001,0.0,-0.16399999999999793,3.7747095252482685,-2.396000000000001,0,0,2022,Monaco Grand Prix,0.0,19,0.0
TSU,11,0 days 00:01:37.693000,INTERMEDIATE,5.0,True,0 days 02:24:43.525000,21.9,18,27.3,0 days 00:00:25.887000,0 days 00:00:44.824000,0 days 00:00:26.982000,21,97.693,8683.525,3.980999999999767,False,True,False,False,False,False,5.0,0.0,0.0,25.887,44.824,26.982,0,0,1,0.0,101.2422,3.5942605915542534,-0.9874631818126551,0,1,97.102,98.308,1.206000000000003,0.0,0.590999999999994,-2.279666666666666,0.0,0.722999999999999,0.3847274359855305,-2.279666666666666,0,0,2022,Monaco Grand Prix,0.0,19,0.0
TSU,12,0 days 00:01:38.308000,INTERMEDIATE,6.0,True,0 days 02:26:21.833000,22.0,18,27.1,0 days 00:00:25.731000,0 days 00:00:45.356000,0 days 00:00:27.221000,1,98.308,8781.833,1.0599999999994907,False,True,False,False,False,False,6.0,0.0,0.0,25.731,45.356,27.221,0,0,0,0.0,99.648,2.828956256289572,-0.4736729304388462,0,0,97.693,97.371,-0.32200000000000273,0.590999999999994,0.6150000000000091,-1.1116666666666692,0.0,0.9619999999999997,0.6421964652658871,-1.1116666666666692,0,0,2022,Monaco Grand Prix,0.0,19,0.0
TSU,13,0 days 00:01:37.371000,INTERMEDIATE,7.0,True,0 days 02:27:59.204000,21.9,18,27.0,0 days 00:00:25.993000,0 days 00:00:44.980000,0 days 00:00:26.398000,1,97.371,8879.204,0.6280000000006112,False,True,False,False,False,False,7.0,0.0,0.0,25.993,44.98,26.398,0,0,0,0.0,98.5214,1.5026299611014986,-0.7655910169372021,0,0,98.308,96.324,-1.9840000000000089,1.206000000000003,-0.9370000000000118,-0.055999999999997385,0.0,0.13899999999999935,0.8363972142469148,-0.055999999999997385,0,1,2022,Monaco Grand Prix,0.0,19,0.0
TSU,14,0 days 00:01:36.324000,INTERMEDIATE,8.0,True,0 days 02:29:35.528000,21.9,18,27.2,0 days 00:00:25.437000,0 days 00:00:44.606000,0 days 00:00:26.281000,1,96.324,8975.528,0.5210000000006403,False,True,False,False,False,False,8.0,0.0,0.0,25.437,44.606,26.281,0,0,0,0.0,97.79,0.5910232651934155,-2.4804438104822353,1,0,97.371,96.277,-1.093999999999994,0.26899999999999125,-1.046999999999997,0.08966666666666374,0.0,-0.11700000000000088,0.6360702005282115,0.08966666666666374,0,1,2022,Monaco Grand Prix,0.0,19,0.0
TSU,15,0 days 00:01:36.277000,INTERMEDIATE,9.0,True,0 days 02:31:11.805000,21.9,18,27.0,0 days 00:00:25.464000,0 days 00:00:44.706000,0 days 00:00:26.107000,1,96.277,9071.805,0.3899999999994179,False,True,False,False,False,False,9.0,0.0,0.0,25.464,44.706,26.107,0,0,0,0.0,97.3596,0.733071142522947,-1.4768007321555576,0,1,96.324,95.619,-0.7049999999999983,0.0,-0.046999999999997044,-0.45633333333333326,0.0,-0.1739999999999995,0.5079146581858014,-0.45633333333333326,0,1,2022,Monaco Grand Prix,0.0,19,0.0
TSU,16,0 days 00:01:35.619000,INTERMEDIATE,10.0,True,0 days 02:32:47.424000,22.1,18,26.9,0 days 00:00:25.305000,0 days 00:00:43.974000,0 days 00:00:26.340000,1,95.619,9167.424,0.407999999999447,False,True,False,False,False,False,10.0,0.0,0.0,25.305,43.974,26.34,0,0,0,0.0,97.1946,0.8830505648035721,-1.784269285134849,1,0,96.277,95.165,-1.1119999999999948,0.0,-0.6580000000000013,-0.6770000000000019,0.0,0.23300000000000054,0.5102551322622828,-0.6770000000000019,0,1,2022,Monaco Grand Prix,0.0,19,0.0
TSU,17,0 days 00:01:35.165000,INTERMEDIATE,11.0,True,0 days 02:34:22.589000,22.0,17,26.8,0 days 00:00:25.606000,0 days 00:00:43.572000,0 days 00:00:25.987000,12,95.165,9262.589,0.4899999999997817,False,True,False,False,False,False,11.0,0.0,0.0,25.606,43.572,25.987,0,0,1,0.0,96.7798,1.0598267311216156,-1.5236452833106444,1,1,95.619,95.461,-0.15800000000000125,0.0,-0.4539999999999935,-0.5839999999999984,0.0,-0.120000000000001,0.45427117452024174,-0.5839999999999984,0,1,2022,Monaco Grand Prix,0.0,19,0.0
TSU,18,0 days 00:01:35.461000,INTERMEDIATE,12.0,True,0 days 02:35:58.050000,22.1,16,27.1,0 days 00:00:25.420000,0 days 00:00:43.988000,0 days 00:00:26.053000,1,95.461,9358.05,0.2360000000007858,False,True,False,False,False,False,12.0,0.0,0.0,25.42,43.988,26.053,0,0,0,0.0,96.1512,0.8350785591786916,-0.8265090660198763,0,1,95.165,96.136,0.9709999999999894,0.0,0.29599999999999227,-0.3863333333333306,0.0,0.0660000000000025,0.1814323565409435,-0.3863333333333306,0,1,2022,Monaco Grand Prix,0.0,19,0.0
TSU,19,0 days 00:01:36.136000,INTERMEDIATE,13.0,True,0 days 02:37:34.186000,22.0,15,27.1,0 days 00:00:24.429000,0 days 00:00:43.347000,0 days 00:00:28.360000,1,96.136,9454.186,23.83600000000115,False,True,False,False,False,False,13.0,0.0,0.0,24.429,43.347,28.36,0,0,0,0.0,95.7692,0.5119249945060242,0.7165112153860292,0,0,95.461,91.656,-3.8049999999999926,0.29599999999999227,0.6749999999999972,-0.27200000000000085,0.0,2.373000000000001,0.16919012973575082,-0.27200000000000085,0,0,2022,Monaco Grand Prix,0.0,19,0.0
TSU,20,0 days 00:01:31.656000,INTERMEDIATE,14.0,True,0 days 02:39:05.842000,22.1,15,27.6,0 days 00:00:24.082000,0 days 00:00:42.663000,0 days 00:00:24.911000,12,91.656,9545.842,22.68000000000029,False,True,False,False,False,False,14.0,0.0,0.0,24.082,42.663,24.911,0,0,1,0.0,95.7316,0.46581627279432286,-8.74937231271768,1,0,96.136,85.758,-10.378,0.9709999999999894,-4.47999999999999,0.17233333333333198,0.0,-1.075999999999997,1.0727853000484302,0.17233333333333198,0,0,2022,Monaco Grand Prix,0.0,19,0.0
TSU,23,0 days 00:01:25.758000,HARD,,True,0 days 02:43:55.198000,22.2,15,27.6,0 days 00:00:23.007000,0 days 00:00:39.657000,0 days 00:00:23.094000,1,85.758,9835.198,3.618000000000393,True,False,False,False,False,False,0.0,0.0,0.0,23.007,39.657,23.094,0,0,0,0.0,94.8074,1.7965428745231913,-5.0371188621934495,1,1,91.656,83.821,-7.835000000000008,0.0,-5.89800000000001,-1.1696666666666669,0.0,-1.8170000000000002,1.267500966469059,-1.1696666666666669,0,0,2022,Monaco Grand Prix,0.0,19,0.0
TSU,24,0 days 00:01:23.821000,HARD,,True,0 days 02:45:19.019000,22.2,15,27.8,0 days 00:00:22.231000,0 days 00:00:39.232000,0 days 00:00:22.358000,1,83.821,9919.019,8.297999999998865,True,False,False,False,False,False,0.0,0.0,0.0,22.231,39.232,22.358,0,0,0,0.0,92.8352,4.321323489395373,-2.08598130228414,1,1,85.758,84.813,-0.9449999999999932,0.0,-1.9369999999999976,-3.234333333333334,0.0,-0.7360000000000007,1.5845547324090765,-3.234333333333334,0,0,2022,Monaco Grand Prix,0.0,19,0.0
TSU,31,0 days 00:01:24.813000,MEDIUM,2.0,True,0 days 03:17:31.300000,21.9,15,28.0,0 days 00:00:22.800000,0 days 00:00:38.842000,0 days 00:00:23.171000,1,84.813,11851.3,9.81000000000131,False,False,True,False,False,False,2.0,0.0,0.0,22.8,38.842,23.171,0,0,0,0.0,90.5664,5.585380765892363,-1.030081965966163,0,1,83.821,96.725,12.903999999999996,0.0,0.9920000000000044,-4.1049999999999995,0.0,0.8129999999999988,1.6088214630592175,-4.1049999999999995,0,0,2022,Monaco Grand Prix,0.0,19,0.0
TSU,32,0 days 00:01:36.725000,MEDIUM,3.0,True,0 days 03:19:08.025000,21.9,15,28.3,0 days 00:00:22.352000,0 days 00:00:50.609000,0 days 00:00:23.764000,1,96.725,11948.025,3.149999999999636,False,False,True,False,False,False,3.0,0.0,0.0,22.352,50.609,23.764,0,0,0,0.0,88.43679999999999,5.273860891225755,1.5715621194691112,0,0,84.813,84.294,-0.5190000000000055,0.9920000000000044,11.911999999999992,-2.281000000000001,0.0,1.4059999999999988,1.6773348800999754,-2.281000000000001,0,0,2022,Monaco Grand Prix,0.0,19,0.0
TSU,33,0 days 00:01:24.294000,MEDIUM,4.0,True,0 days 03:20:32.319000,21.9,15,28.5,0 days 00:00:22.275000,0 days 00:00:38.987000,0 days 00:00:23.032000,1,84.294,12032.319,1.1859999999996944,False,False,True,False,False,False,4.0,0.0,0.0,22.275,38.987,23.032,0,0,0,0.0,88.55460000000001,5.490938653818716,-0.7759329084904169,0,0,96.725,82.574,-14.150999999999996,12.903999999999996,-12.430999999999997,3.6556666666666664,0.0,0.6739999999999995,1.3454688773806687,3.6556666666666664,0,0,2022,Monaco Grand Prix,0.0,19,0.0
TSU,34,0 days 00:01:22.574000,MEDIUM,5.0,True,0 days 03:21:54.893000,22.0,15,28.8,0 days 00:00:22.249000,0 days 00:00:38.216000,0 days 00:00:22.109000,1,82.574,12114.893,1.0090000000000146,False,False,True,False,False,False,5.0,0.0,0.0,22.249,38.216,22.109,0,0,0,0.0,87.0822,5.438194801586334,-0.8289883250752528,0,0,84.294,82.406,-1.887999999999991,0.472999999999999,-1.7199999999999989,0.15766666666666632,0.0,-0.9229999999999983,1.3145480211844673,0.15766666666666632,0,0,2022,Monaco Grand Prix,0.0,19,0.0
TSU,35,0 days 00:01:22.406000,MEDIUM,6.0,True,0 days 03:23:17.299000,22.1,15,28.8,0 days 00:00:21.894000,0 days 00:00:38.380000,0 days 00:00:22.132000,1,82.406,12197.299,0.6559999999990396,False,False,True,False,False,False,6.0,0.0,0.0,21.894,38.38,22.132,0,0,0,0.0,86.44539999999999,5.806002092662448,-0.6957283059034597,0,0,82.574,82.353,-0.22100000000000364,0.0,-0.16799999999999216,-0.7463333333333347,0.0,0.022999999999999687,1.0223936130473419,-0.7463333333333347,0,1,2022,Monaco Grand Prix,0.0,19,0.0
TSU,36,0 days 00:01:22.353000,MEDIUM,7.0,True,0 days 03:24:39.652000,22.3,15,28.9,0 days 00:00:21.733000,0 days 00:00:38.561000,0 days 00:00:22.059000,1,82.353,12279.652,0.46199999999953434,False,False,True,False,False,False,7.0,0.0,0.0,21.733,38.561,22.059,0,0,0,0.0,86.1624,5.997238389458997,-0.6351923589856917,0,0,82.406,81.75,-0.6560000000000059,0.0,-0.05300000000001148,-4.772999999999996,0.0,-0.05000000000000071,0.8874301662666182,-4.772999999999996,0,1,2022,Monaco Grand Prix,0.0,19,0.0
TSU,37,0 days 00:01:21.750000,MEDIUM,8.0,True,0 days 03:26:01.402000,22.3,15,29.1,0 days 00:00:21.790000,0 days 00:00:37.978000,0 days 00:00:21.982000,1,81.75,12361.402,0.581000000000131,False,False,True,False,False,False,8.0,0.0,0.0,21.79,37.978,21.982,0,0,0,0.0,85.6704,6.2319299017239285,-0.6290828141240015,0,0,82.353,81.689,-0.6640000000000015,0.0,-0.6029999999999944,-0.6470000000000008,0.0,-0.07700000000000173,0.8704438522960558,-0.6470000000000008,0,1,2022,Monaco Grand Prix,0.0,19,0.0
TSU,38,0 days 00:01:21.689000,MEDIUM,9.0,True,0 days 03:27:23.091000,22.3,15,29.1,0 days 00:00:21.468000,0 days 00:00:38.042000,0 days 00:00:22.179000,1,81.689,12443.091,0.46299999999973807,False,False,True,False,False,False,9.0,0.0,0.0,21.468,38.042,22.179,0,0,0,0.0,82.6754,0.9569523499115214,-1.030772326429006,0,0,81.75,80.553,-1.1970000000000027,0.0,-0.06100000000000705,-0.274666666666666,0.0,0.19699999999999918,0.5679439232882051,-0.274666666666666,0,1,2022,Monaco Grand Prix,0.0,19,0.0
TSU,39,0 days 00:01:20.553000,MEDIUM,10.0,True,0 days 03:28:43.644000,22.3,15,28.8,0 days 00:00:21.475000,0 days 00:00:37.620000,0 days 00:00:21.458000,1,80.553,12523.644,0.5259999999998399,False,False,True,False,False,False,10.0,0.0,0.0,21.475,37.62,21.458,0,0,0,0.0,82.1544,0.4058771981785318,-3.945528369631634,1,0,81.689,80.323,-1.3659999999999997,0.0,-1.1359999999999957,-0.23900000000000432,0.0,-0.5240000000000009,0.4364389991739952,-0.23900000000000432,0,1,2022,Monaco Grand Prix,0.0,19,0.0
TSU,40,0 days 00:01:20.323000,MEDIUM,11.0,True,0 days 03:30:03.967000,22.3,15,28.7,0 days 00:00:21.305000,0 days 00:00:37.523000,0 days 00:00:21.495000,1,80.323,12603.967,0.7150000000001455,False,False,True,False,False,False,11.0,0.0,0.0,21.305,37.523,21.495,0,0,0,0.0,81.75019999999999,0.7467387093229527,-1.911244163696833,1,1,80.553,79.915,-0.637999999999991,0.0,-0.23000000000000398,-0.5999999999999991,0.0,0.037000000000002586,0.26701629163779417,-0.5999999999999991,0,1,2022,Monaco Grand Prix,0.0,19,0.0
TSU,41,0 days 00:01:19.915000,MEDIUM,12.0,True,0 days 03:31:23.882000,22.4,15,28.9,0 days 00:00:21.179000,0 days 00:00:37.511000,0 days 00:00:21.225000,1,79.915,12683.882,0.4860000000007858,False,False,True,False,False,False,12.0,0.0,0.0,21.179,37.511,21.225,0,0,0,0.0,81.3336,0.8616152273499826,-1.6464425824542346,1,1,80.323,79.859,-0.46399999999999864,0.0,-0.40799999999998704,-0.4756666666666689,0.0,-0.232999999999997,0.26851685235753775,-0.4756666666666689,0,1,2022,Monaco Grand Prix,0.0,19,0.0
TSU,42,0 days 00:01:19.859000,MEDIUM,13.0,True,0 days 03:32:43.741000,22.5,15,29.4,0 days 00:00:21.360000,0 days 00:00:37.355000,0 days 00:00:21.144000,1,79.859,12763.741,1.3389999999999418,False,False,True,False,False,False,13.0,0.0,0.0,21.36,37.355,21.144,0,0,0,0.0,80.846,0.8297596037416006,-1.1895011465361423,0,1,79.915,79.598,-0.3170000000000073,0.0,-0.056000000000011596,-0.5913333333333289,0.0,-0.08100000000000307,0.27521446182931514,-0.5913333333333289,0,0,2022,Monaco Grand Prix,0.0,19,0.0
TSU,43,0 days 00:01:19.598000,MEDIUM,14.0,True,0 days 03:34:03.339000,22.6,15,29.4,0 days 00:00:21.253000,0 days 00:00:37.159000,0 days 00:00:21.186000,1,79.598,12843.339,0.4220000000004802,False,False,True,False,False,False,14.0,0.0,0.0,21.253,37.159,21.186,0,0,0,0.0,80.4678,0.7409083614060961,-1.1739643460755271,0,0,79.859,79.88,0.021000000000000796,0.0,-0.2609999999999957,-0.2313333333333342,0.0,0.04200000000000159,0.27506399255445907,-0.2313333333333342,0,1,2022,Monaco Grand Prix,0.0,19,0.0
TSU,44,0 days 00:01:19.880000,MEDIUM,15.0,True,0 days 03:35:23.219000,22.4,15,29.5,0 days 00:00:20.884000,0 days 00:00:37.777000,0 days 00:00:21.219000,1,79.88,12923.219,0.3260000000009313,False,False,True,False,False,False,15.0,0.0,0.0,20.884,37.777,21.219,0,0,0,0.0,80.0496,0.3829318477242745,-0.442898654180681,0,0,79.598,79.324,-0.2740000000000009,0.0,0.2819999999999965,-0.24166666666666478,0.0,0.07500000000000284,0.23629578921343444,-0.24166666666666478,0,1,2022,Monaco Grand Prix,0.0,19,0.0
TSU,45,0 days 00:01:19.324000,MEDIUM,16.0,True,0 days 03:36:42.543000,22.3,15,28.7,0 days 00:00:21.040000,0 days 00:00:37.080000,0 days 00:00:21.204000,1,79.324,13002.543,0.8930000000000291,False,False,True,False,False,False,16.0,0.0,0.0,21.04,37.08,21.204,0,0,0,0.0,79.91499999999999,0.26043905237415216,-2.2692449331713553,1,0,79.88,79.599,-0.2809999999999917,0.2819999999999965,-0.5559999999999974,-0.011666666666670267,0.0,0.060000000000002274,0.1269724379540677,-0.011666666666670267,0,1,2022,Monaco Grand Prix,0.0,19,0.0
TSU,46,0 days 00:01:19.599000,MEDIUM,17.0,True,0 days 03:38:02.142000,22.4,15,29.0,0 days 00:00:21.228000,0 days 00:00:37.195000,0 days 00:00:21.176000,1,79.599,13082.142,0.613999999999578,False,False,True,False,False,False,17.0,0.0,0.0,21.228,37.195,21.176,0,0,0,0.0,79.71520000000001,0.2522552278974072,-0.46064456609503895,0,1,79.324,79.916,0.5919999999999987,0.0,0.2750000000000057,-0.1783333333333322,0.0,-0.010000000000001563,0.130465704305766,-0.1783333333333322,0,1,2022,Monaco Grand Prix,0.0,19,0.0
TSU,47,0 days 00:01:19.916000,MEDIUM,18.0,True,0 days 03:39:22.058000,22.5,15,29.0,0 days 00:00:21.004000,0 days 00:00:37.339000,0 days 00:00:21.573000,1,79.916,13162.058,0.3889999999992142,False,False,True,False,False,False,18.0,0.0,0.0,21.004,37.339,21.573,0,0,0,0.0,79.652,0.22811291064203443,1.1573216055897735,0,0,79.599,79.76,0.16100000000000136,0.2750000000000057,0.31699999999999307,0.00033333333333492493,0.0,0.397000000000002,0.06358223022197179,0.00033333333333492493,0,1,2022,Monaco Grand Prix,0.0,19,0.0
TSU,48,0 days 00:01:19.760000,MEDIUM,19.0,True,0 days 03:40:41.818000,22.6,15,29.7,0 days 00:00:21.100000,0 days 00:00:37.302000,0 days 00:00:21.358000,1,79.76,13241.818,0.261000000000422,False,False,True,False,False,False,19.0,0.0,0.0,21.1,37.302,21.358,0,0,0,0.0,79.6634,0.24204297139470857,0.39910268595438825,0,0,79.916,82.476,2.5600000000000023,0.5919999999999987,-0.1559999999999917,0.012000000000000455,0.0,0.18200000000000216,0.16207930157796124,0.012000000000000455,0,1,2022,Monaco Grand Prix,0.0,19,0.0
TSU,49,0 days 00:01:22.476000,MEDIUM,20.0,True,0 days 03:42:04.294000,22.5,15,29.8,0 days 00:00:20.896000,0 days 00:00:39.852000,0 days 00:00:21.728000,1,82.476,13324.294,0.5679999999993015,False,False,True,False,False,False,20.0,0.0,0.0,20.896,39.852,21.728,0,0,0,0.0,79.69579999999999,0.24194255516873273,11.491157469429359,0,0,79.76,79.084,-0.6760000000000019,0.43600000000000705,2.715999999999994,0.14533333333333567,0.0,0.5520000000000032,0.15885118822344305,0.14533333333333567,0,1,2022,Monaco Grand Prix,0.0,19,0.0
TSU,50,0 days 00:01:19.084000,MEDIUM,21.0,True,0 days 03:43:23.378000,22.6,15,29.5,0 days 00:00:20.978000,0 days 00:00:36.958000,0 days 00:00:21.148000,1,79.084,13403.378,0.3539999999993597,False,False,True,False,False,False,21.0,0.0,0.0,20.978,36.958,21.148,0,0,0,0.0,80.215,1.2827591356141232,-0.8816931944581567,0,0,82.476,78.406,-4.069999999999993,3.152000000000001,-3.391999999999996,0.9589999999999984,0.0,-0.21000000000000085,0.2346192660460775,0.9589999999999984,0,1,2022,Monaco Grand Prix,0.0,19,0.0
TSU,51,0 days 00:01:18.406000,MEDIUM,22.0,True,0 days 03:44:41.784000,22.6,15,29.2,0 days 00:00:20.808000,0 days 00:00:36.721000,0 days 00:00:20.877000,1,78.406,13481.784,0.7270000000007713,False,False,True,False,False,False,22.0,0.0,0.0,20.808,36.721,20.877,0,0,0,0.0,80.167,1.328123111763927,-1.3259312968819206,0,0,79.084,78.915,-0.16899999999999693,0.0,-0.6779999999999973,-0.2773333333333312,0.0,-0.2710000000000008,0.30563573089545765,-0.2773333333333312,0,1,2022,Monaco Grand Prix,0.0,19,0.0
TSU,52,0 days 00:01:18.915000,MEDIUM,23.0,True,0 days 03:46:00.699000,22.5,15,29.2,0 days 00:00:20.964000,0 days 00:00:36.980000,0 days 00:00:20.971000,1,78.915,13560.699,0.5419999999994616,False,False,True,False,False,False,23.0,0.0,0.0,20.964,36.98,20.971,0,0,0,0.0,79.9284,1.5451125525350973,-0.6558745499396043,0,0,78.406,78.837,0.4309999999999974,0.0,0.5090000000000003,-0.4513333333333331,0.0,0.0940000000000012,0.36348246175022086,-0.4513333333333331,0,1,2022,Monaco Grand Prix,0.0,19,0.0
TSU,53,0 days 00:01:18.837000,MEDIUM,24.0,True,0 days 03:47:19.536000,22.4,15,29.2,0 days 00:00:20.991000,0 days 00:00:36.854000,0 days 00:00:20.992000,1,78.837,13639.536,0.8739999999997963,False,False,True,False,False,False,24.0,0.0,0.0,20.991,36.854,20.992,0,0,0,0.0,79.7282,1.6105834967494077,-0.5533398310604076,0,0,78.915,78.89,-0.025000000000005684,0.5090000000000003,-0.07800000000000296,-1.1869999999999976,0.0,0.11500000000000199,0.3317089085327686,-1.1869999999999976,0,1,2022,Monaco Grand Prix,0.0,19,0.0
TSU,54,0 days 00:01:18.890000,MEDIUM,25.0,True,0 days 03:48:38.426000,22.5,15,29.1,0 days 00:00:20.898000,0 days 00:00:36.998000,0 days 00:00:20.994000,1,78.89,13718.426,1.043999999999869,False,False,True,False,False,False,25.0,0.0,0.0,20.898,36.998,20.994,0,0,0,0.0,79.5436,1.6582187129572439,-0.39415789659880046,0,0,78.837,79.608,0.7710000000000008,0.4309999999999974,0.05299999999999727,-0.0823333333333333,0.0,0.11700000000000088,0.32734767449914864,-0.0823333333333333,0,0,2022,Monaco Grand Prix,0.0,19,0.0
TSU,55,0 days 00:01:19.608000,MEDIUM,26.0,True,0 days 03:49:58.034000,22.3,15,29.1,0 days 00:00:20.758000,0 days 00:00:37.706000,0 days 00:00:21.144000,1,79.608,13798.034,0.8890000000010332,False,False,True,False,False,False,26.0,0.0,0.0,20.758,37.706,21.144,0,0,0,0.0,78.8264,0.2525377199582389,3.09498319747738,0,0,78.89,76.055,-2.8349999999999937,0.48399999999999466,0.7180000000000035,0.16133333333333155,0.0,0.17299999999999827,0.19266940597821944,0.16133333333333155,0,1,2022,Monaco Grand Prix,0.0,19,0.0
TSU,58,0 days 00:01:16.055000,SOFT,2.0,True,0 days 03:54:29.410000,22.4,17,29.5,0 days 00:00:20.062000,0 days 00:00:35.430000,0 days 00:00:20.563000,1,76.055,14069.41,0.0,False,False,False,False,True,False,2.0,0.0,0.0,20.062,35.43,20.563,0,0,0,0.0,78.9312,0.43148777503156094,-6.665774018254907,1,0,79.608,89.445,9.836999999999989,1.2019999999999982,-3.5529999999999973,0.2309999999999993,0.0,-0.42900000000000205,0.17939007776351407,0.2309999999999993,0,0,2022,Monaco Grand Prix,0.0,19,0.0
TSU,59,0 days 00:01:29.445000,SOFT,3.0,True,0 days 03:55:58.855000,22.3,17,29.1,0 days 00:00:31.463000,0 days 00:00:37.178000,0 days 00:00:20.804000,12,89.445,14158.855,0.0,False,False,False,False,True,False,3.0,0.0,0.0,31.463,37.178,20.804,0,0,1,0.0,78.461,1.3816636710870556,7.949836295079019,0,1,76.055,75.979,-0.07600000000000762,0.0,13.389999999999986,-0.9273333333333321,0.0,0.24099999999999966,0.2493692041933005,-0.9273333333333321,0,0,2022,Monaco Grand Prix,0.0,19,0.0
TSU,60,0 days 00:01:15.979000,SOFT,4.0,True,0 days 03:57:14.834000,22.3,17,29.1,0 days 00:00:20.185000,0 days 00:00:35.441000,0 days 00:00:20.353000,1,75.979,14234.834,0.0,False,False,False,False,True,False,4.0,0.0,0.0,20.185,35.441,20.353,0,0,0,0.0,80.567,5.145433363673208,-0.8916644480115714,0,0,89.445,75.334,-14.11099999999999,13.389999999999986,-13.465999999999994,3.518333333333331,0.0,-0.2099999999999973,0.2690479511165248,3.518333333333331,0,0,2022,Monaco Grand Prix,0.0,19,0.0
TSU,61,0 days 00:01:15.334000,SOFT,5.0,True,0 days 03:58:30.168000,22.2,17,29.1,0 days 00:00:20.001000,0 days 00:00:35.197000,0 days 00:00:20.136000,1,75.334,14310.168,0.0,False,False,False,False,True,False,5.0,0.0,0.0,20.001,35.197,20.136,0,0,0,0.0,79.99539999999999,5.530035017972443,-0.8429241378853082,0,0,75.979,77.66,1.6809999999999974,0.0,-0.644999999999996,-1.2096666666666682,0.0,-0.2170000000000023,0.28614122387380586,-1.2096666666666682,0,0,2022,Monaco Grand Prix,0.0,19,0.0
TSU,62,0 days 00:01:17.660000,SOFT,6.0,True,0 days 03:59:47.828000,22.3,17,29.5,0 days 00:00:21.310000,0 days 00:00:35.843000,0 days 00:00:20.507000,1,77.66,14387.828,0.0,False,False,False,False,True,False,6.0,0.0,0.0,21.31,35.843,20.507,0,0,0,0.0,79.28420000000001,5.922475470612064,-0.27424343216944747,0,0,75.334,75.7,0.36599999999999966,0.0,2.3259999999999934,-0.24033333333333454,0.0,0.3710000000000022,0.2846784150581135,-0.24033333333333454,0,0,2022,Monaco Grand Prix,0.0,19,0.0
VER,3,0 days 00:01:45.603000,WET,3.0,True,0 days 02:10:45.177000,21.3,4,28.8,0 days 00:00:28.867000,0 days 00:00:48.671000,0 days 00:00:28.065000,1,105.603,7845.177,2.061000000000604,False,False,False,False,False,True,3.0,0.0,0.0,28.867,48.671,28.065,0,0,0,0.0,78.8236,6.004041080805634,4.460229308825229,0,0,105.603,101.426,-4.1769999999999925,30.26899999999999,0.0,-0.09299999999999879,0.0,7.929000000000002,0.27401332084407815,0.0,0,0,2022,Monaco Grand Prix,0.0,19,0.0
VER,4,0 days 00:01:41.426000,WET,4.0,True,0 days 02:12:26.603000,21.4,4,28.6,0 days 00:00:27.463000,0 days 00:00:46.871000,0 days 00:00:27.092000,1,101.426,7946.603,2.6469999999999345,False,False,False,False,False,True,4.0,0.0,0.0,27.463,46.871,27.092,0,0,0,0.0,,,0.0,0,0,105.603,100.918,-4.684999999999988,0.0,-4.1769999999999925,0.0,0.0,0.0,0.0,0.0,0,0,2022,Monaco Grand Prix,0.0,19,0.0
VER,5,0 days 00:01:40.918000,WET,5.0,True,0 days 02:14:07.521000,21.6,4,28.5,0 days 00:00:27.345000,0 days 00:00:46.573000,0 days 00:00:27,1,100.918,8047.521,2.8510000000005675,False,False,False,False,False,True,5.0,0.0,0.0,27.345,46.573,27.0,0,0,0,0.0,,,0.0,0,0,101.426,98.151,-3.2750000000000057,0.0,-0.5079999999999956,-2.0884999999999962,0.0,-0.09199999999999875,0.0,0.0,0,0,2022,Monaco Grand Prix,0.0,19,0.0
VER,6,0 days 00:01:38.151000,WET,6.0,True,0 days 02:15:45.672000,21.6,4,28.3,0 days 00:00:26.371000,0 days 00:00:45.570000,0 days 00:00:26.210000,12,98.151,8145.672,4.675000000000182,False,False,False,False,False,True,6.0,0.0,0.0,26.371,45.57,26.21,0,0,1,0.0,102.649,2.5708175742358637,-1.749637953730329,1,0,100.918,98.028,-2.8900000000000006,0.0,-2.76700000000001,-1.5616666666666628,0.0,-0.7899999999999991,4.604598172841289,-2.342499999999994,0,0,2022,Monaco Grand Prix,0.0,19,0.0
VER,7,0 days 00:01:38.028000,WET,7.0,True,0 days 02:17:23.700000,21.7,4,28.5,0 days 00:00:26.098000,0 days 00:00:45.609000,0 days 00:00:26.321000,1,98.028,8243.7,5.34099999999853,False,False,False,False,False,True,7.0,0.0,0.0,26.098,45.609,26.321,0,0,0,0.0,101.5245,3.076372810090913,-1.136565759693042,0,1,98.151,97.715,-0.43599999999999284,0.0,-0.12299999999999045,-2.4839999999999995,0.0,0.11100000000000065,4.126602830012439,-2.4839999999999995,0,0,2022,Monaco Grand Prix,0.0,19,0.0
VER,8,0 days 00:01:37.715000,WET,8.0,True,0 days 02:19:01.415000,21.7,4,28.1,0 days 00:00:25.906000,0 days 00:00:45.622000,0 days 00:00:26.187000,1,97.715,8341.415,6.298999999999069,False,False,False,False,False,True,8.0,0.0,0.0,25.906,45.622,26.187,0,0,0,0.0,100.8252,3.0891996860028326,-1.0067979788073629,0,0,98.028,96.951,-1.0770000000000124,0.0,-0.3130000000000024,-1.1326666666666654,0.0,-0.022999999999999687,3.6491962539715517,-1.1326666666666654,0,0,2022,Monaco Grand Prix,0.0,19,0.0
VER,9,0 days 00:01:36.951000,WET,9.0,True,0 days 02:20:38.366000,21.7,4,28.2,0 days 00:00:25.430000,0 days 00:00:45.147000,0 days 00:00:26.374000,1,96.951,8438.366,7.69800000000032,False,False,False,False,False,True,9.0,0.0,0.0,25.43,45.147,26.374,0,0,0,0.0,99.2476,1.7730257471339883,-1.295299858849967,0,0,97.715,96.834,-0.8810000000000002,0.0,-0.76400000000001,-1.0676666666666677,0.0,0.1869999999999976,0.36032166185229964,-1.0676666666666677,0,0,2022,Monaco Grand Prix,0.0,19,0.0
VER,10,0 days 00:01:36.834000,WET,10.0,True,0 days 02:22:15.200000,21.9,4,28.3,0 days 00:00:25.577000,0 days 00:00:45.204000,0 days 00:00:26.053000,12,96.834,8535.2,8.243999999998778,False,False,False,False,False,True,10.0,0.0,0.0,25.577,45.204,26.053,0,0,1,0.0,98.35260000000001,1.50816951964958,-1.006915986707416,0,0,96.951,95.808,-1.1429999999999865,0.0,-0.11699999999999022,-0.40000000000000097,0.0,-0.13400000000000034,0.38945256450561794,-0.40000000000000097,0,0,2022,Monaco Grand Prix,0.0,19,0.0
VER,11,0 days 00:01:35.808000,WET,11.0,True,0 days 02:23:51.008000,22.0,4,27.6,0 days 00:00:25.319000,0 days 00:00:44.492000,0 days 00:00:25.997000,12,95.808,8631.008,8.852000000000771,False,False,False,False,False,True,11.0,0.0,0.0,25.319,44.492,25.997,0,0,1,0.0,97.5358,0.6097866020174789,-2.8334502501097294,1,0,96.834,95.414,-1.4200000000000017,0.0,-1.0259999999999962,-0.39800000000000085,0.0,-0.05600000000000094,0.3891127086076764,-0.39800000000000085,0,0,2022,Monaco Grand Prix,0.0,19,0.0
VER,12,0 days 00:01:35.414000,WET,12.0,True,0 days 02:25:26.422000,21.9,4,27.3,0 days 00:00:25.364000,0 days 00:00:44.093000,0 days 00:00:25.957000,1,95.414,8726.422,9.0049999999992,False,False,False,False,False,True,12.0,0.0,0.0,25.364,44.093,25.957,0,0,0,0.0,97.0672,0.8654840841979788,-1.9101448890674573,1,1,95.808,94.257,-1.551000000000002,0.0,-0.39400000000000546,-0.6356666666666655,0.0,-0.03999999999999915,0.1298710899315273,-0.6356666666666655,0,0,2022,Monaco Grand Prix,0.0,19,0.0
VER,13,0 days 00:01:34.257000,WET,13.0,True,0 days 02:27:00.679000,22.0,4,27.0,0 days 00:00:24.759000,0 days 00:00:43.724000,0 days 00:00:25.774000,1,94.257,8820.679,9.370999999999185,False,False,False,False,False,True,13.0,0.0,0.0,24.759,43.724,25.774,0,0,0,0.0,96.5444,0.9273059365711014,-2.4667155787421233,1,1,95.414,94.031,-1.3829999999999956,0.0,-1.1569999999999965,-0.5123333333333306,0.0,-0.18299999999999983,0.1197067249573004,-0.5123333333333306,0,0,2022,Monaco Grand Prix,0.0,19,0.0
VER,14,0 days 00:01:34.031000,WET,14.0,True,0 days 02:28:34.710000,21.8,4,26.4,0 days 00:00:24.639000,0 days 00:00:43.352000,0 days 00:00:26.040000,1,94.031,8914.71,9.640000000001237,False,False,False,False,False,True,14.0,0.0,0.0,24.639,43.352,26.04,0,0,0,0.0,95.8528,1.1079177316028408,-1.644345918504591,1,1,94.257,92.702,-1.5550000000000068,0.0,-0.2259999999999991,-0.8589999999999994,0.0,0.26599999999999824,0.14224521081569927,-0.8589999999999994,0,0,2022,Monaco Grand Prix,0.0,19,0.0
VER,15,0 days 00:01:32.702000,WET,15.0,True,0 days 02:30:07.412000,21.9,4,27.2,0 days 00:00:24.337000,0 days 00:00:42.682000,0 days 00:00:25.683000,1,92.702,9007.412,11.244000000000597,False,False,False,False,False,True,15.0,0.0,0.0,24.337,42.682,25.683,0,0,0,0.0,95.2688,1.1529916304986625,-2.2262087010032103,1,1,94.031,92.113,-1.9180000000000064,0.0,-1.3290000000000077,-0.5923333333333337,0.0,-0.09100000000000108,0.17508226637784519,-0.5923333333333337,0,0,2022,Monaco Grand Prix,0.0,19,0.0
VER,16,0 days 00:01:32.113000,WET,16.0,True,0 days 02:31:39.525000,21.9,3,26.9,0 days 00:00:24.122000,0 days 00:00:42.338000,0 days 00:00:25.653000,1,92.113,9099.525,12.82300000000032,False,False,False,False,False,True,16.0,0.0,0.0,24.122,42.338,25.653,0,0,0,0.0,94.44239999999999,1.2289716432855307,-1.8954058156887807,1,1,92.702,91.38,-1.3220000000000027,0.0,-0.5889999999999986,-0.9040000000000011,0.0,-0.030000000000001137,0.16963107026722068,-0.9040000000000011,0,0,2022,Monaco Grand Prix,0.0,19,0.0
VER,17,0 days 00:01:31.380000,WET,17.0,True,0 days 02:33:10.905000,22.1,3,26.9,0 days 00:00:24.014000,0 days 00:00:41.932000,0 days 00:00:25.434000,1,91.38,9190.905,18.943999999999505,False,False,False,False,False,True,17.0,0.0,0.0,24.014,41.932,25.434,0,0,0,0.0,93.7034,1.3107365486625877,-1.7725911453149694,1,1,92.113,84.805,-7.307999999999993,0.0,-0.7330000000000041,-0.7146666666666684,0.0,-0.21899999999999764,0.16867809579196333,-0.7146666666666684,0,0,2022,Monaco Grand Prix,0.0,19,0.0
VER,20,0 days 00:01:24.805000,INTERMEDIATE,,True,0 days 02:37:53.495000,22.0,4,27.5,0 days 00:00:22.439000,0 days 00:00:39.129000,0 days 00:00:23.237000,1,84.805,9473.495,13.074999999998909,False,True,False,False,False,False,0.0,0.0,0.0,22.439,39.129,23.237,0,0,0,0.0,92.8966,1.2338481673203938,-6.558019223364337,1,1,91.38,87.259,-4.120999999999995,0.0,-6.574999999999989,-0.8836666666666702,0.0,-2.1970000000000027,0.19246895853618193,-0.8836666666666702,0,0,2022,Monaco Grand Prix,0.0,19,0.0
VER,21,0 days 00:01:27.259000,INTERMEDIATE,,True,0 days 02:39:20.754000,22.1,2,27.6,0 days 00:00:23.973000,0 days 00:00:40.035000,0 days 00:00:23.251000,12,87.259,9560.754,18.40099999999984,False,True,False,False,False,False,0.0,0.0,0.0,23.973,40.035,23.251,0,0,1,0.0,91.0062,3.6001655100841994,-1.0408410361979075,0,1,84.805,84.584,-0.22100000000000364,0.0,2.4539999999999935,-2.6323333333333303,0.0,0.014000000000002899,0.9903558451385062,-2.6323333333333303,0,0,2022,Monaco Grand Prix,0.0,19,0.0
VER,24,0 days 00:01:24.584000,HARD,2.0,True,0 days 02:44:01.310000,22.2,3,27.6,0 days 00:00:23.747000,0 days 00:00:38.667000,0 days 00:00:22.170000,1,84.584,9841.31,0.7219999999997526,True,False,False,False,False,False,2.0,0.0,0.0,23.747,38.667,22.17,0,0,0,0.0,89.65180000000001,3.4483642064027666,-1.4696243484346414,0,0,87.259,82.965,-4.293999999999997,2.4539999999999935,-2.674999999999997,-1.6179999999999997,0.0,-1.0669999999999966,0.9501369901230066,-1.6179999999999997,0,1,2022,Monaco Grand Prix,0.0,19,0.0
VER,25,0 days 00:01:22.965000,HARD,3.0,True,0 days 02:45:24.275000,22.2,3,27.8,0 days 00:00:22.529000,0 days 00:00:38.363000,0 days 00:00:22.073000,1,82.965,9924.275,0.8930000000000291,True,False,False,False,False,False,3.0,0.0,0.0,22.529,38.363,22.073,0,0,0,0.0,88.0282,3.562420342969055,-1.4212809024608628,0,0,84.584,122.493,37.90899999999999,0.0,-1.6189999999999998,-2.2653333333333308,0.0,-0.09700000000000131,0.9441603147771072,-2.2653333333333308,0,1,2022,Monaco Grand Prix,0.0,19,0.0
VER,32,0 days 00:02:02.493000,MEDIUM,2.0,True,0 days 03:18:56.141000,21.9,3,28.3,0 days 00:00:36.579000,0 days 00:00:53.806000,0 days 00:00:32.108000,1,122.493,11936.141,1.2800000000006548,False,False,True,False,False,False,2.0,0.0,0.0,36.579,53.806,32.108,0,0,0,0.0,86.1986,3.2778261546335488,11.072704374115167,0,0,82.965,83.603,0.637999999999991,0.0,39.52799999999999,-0.6133333333333345,0.0,10.034999999999997,0.9326833331844233,-0.6133333333333345,0,0,2022,Monaco Grand Prix,0.0,19,0.0
VER,33,0 days 00:01:23.603000,MEDIUM,3.0,True,0 days 03:20:19.744000,21.9,3,28.5,0 days 00:00:22.732000,0 days 00:00:38.542000,0 days 00:00:22.329000,1,83.603,12019.744,1.0,False,False,True,False,False,False,3.0,0.0,0.0,22.732,38.542,22.329,0,0,0,0.0,92.4212,16.880531603003494,-0.5223887616448651,0,0,122.493,81.169,-41.324,39.52799999999999,-38.89,11.744666666666665,0.0,0.2560000000000002,4.942930790533081,11.744666666666665,0,1,2022,Monaco Grand Prix,0.0,19,0.0
VER,34,0 days 00:01:21.169000,MEDIUM,4.0,True,0 days 03:21:40.913000,22.0,3,28.8,0 days 00:00:21.835000,0 days 00:00:37.554000,0 days 00:00:21.780000,1,81.169,12100.913,1.5,False,False,True,False,False,False,4.0,0.0,0.0,21.835,37.554,21.78,0,0,0,0.0,92.1808,17.02406074354764,-0.646837447650299,0,0,83.603,79.85,-3.753,0.637999999999991,-2.4339999999999975,-0.3270000000000029,0.0,-0.29299999999999926,4.615281107364965,-0.3270000000000029,0,0,2022,Monaco Grand Prix,0.0,19,0.0
VER,35,0 days 00:01:19.850000,MEDIUM,5.0,True,0 days 03:23:00.763000,22.1,3,28.8,0 days 00:00:21.217000,0 days 00:00:37.086000,0 days 00:00:21.547000,1,79.85,12180.763,0.7619999999988067,False,False,True,False,False,False,5.0,0.0,0.0,21.217,37.086,21.547,0,0,0,0.0,90.96279999999999,17.66983715827624,-0.6289135491435445,0,0,81.169,79.018,-2.1509999999999962,0.0,-1.3190000000000026,-0.5986666666666688,0.0,-0.23300000000000054,4.647380896806284,-0.5986666666666688,0,1,2022,Monaco Grand Prix,0.0,19,0.0
VER,36,0 days 00:01:19.018000,MEDIUM,6.0,True,0 days 03:24:19.781000,22.2,3,28.9,0 days 00:00:21.234000,0 days 00:00:36.773000,0 days 00:00:21.011000,1,79.018,12259.781,1.1379999999990105,False,False,True,False,False,False,6.0,0.0,0.0,21.234,36.773,21.011,0,0,0,0.0,90.01599999999999,18.21548560977719,-0.6037719902508005,0,0,79.85,78.481,-1.3689999999999998,0.0,-0.8319999999999936,-14.214333333333334,0.0,-0.5360000000000014,4.533824632691475,-14.214333333333334,0,0,2022,Monaco Grand Prix,0.0,19,0.0
VER,37,0 days 00:01:18.481000,MEDIUM,7.0,True,0 days 03:25:38.262000,22.3,3,29.1,0 days 00:00:20.816000,0 days 00:00:36.688000,0 days 00:00:20.977000,1,78.481,12338.262,1.4179999999996653,False,False,True,False,False,False,7.0,0.0,0.0,20.816,36.688,20.977,0,0,0,0.0,89.22659999999999,18.677120396356607,-0.5753349430727109,0,0,79.018,77.542,-1.475999999999999,0.0,-0.5370000000000061,-1.5283333333333313,0.0,-0.03399999999999892,4.586919085835283,-1.5283333333333313,0,0,2022,Monaco Grand Prix,0.0,19,0.0
VER,38,0 days 00:01:17.542000,MEDIUM,8.0,True,0 days 03:26:55.804000,22.3,3,29.1,0 days 00:00:20.673000,0 days 00:00:36.156000,0 days 00:00:20.713000,1,77.542,12415.804,1.418999999999869,False,False,True,False,False,False,8.0,0.0,0.0,20.673,36.156,20.713,0,0,0,0.0,80.4242,2.0458877535192874,-1.4087771897759813,0,0,78.481,77.044,-1.4369999999999976,0.0,-0.938999999999993,-0.8960000000000008,0.0,-0.26399999999999935,0.29707154020538695,-0.8960000000000008,0,0,2022,Monaco Grand Prix,0.0,19,0.0
VER,39,0 days 00:01:17.044000,MEDIUM,9.0,True,0 days 03:28:12.848000,22.4,3,28.8,0 days 00:00:20.343000,0 days 00:00:36.173000,0 days 00:00:20.528000,1,77.044,12492.848,1.3549999999995634,False,False,True,False,False,False,9.0,0.0,0.0,20.343,36.173,20.528,0,0,0,0.0,79.212,1.378204447823418,-1.5730612416930616,1,0,77.542,76.543,-0.9989999999999952,0.0,-0.49800000000000466,-0.7693333333333309,0.0,-0.18500000000000227,0.17914100591433776,-0.7693333333333309,0,0,2022,Monaco Grand Prix,0.0,19,0.0
VER,40,0 days 00:01:16.543000,MEDIUM,10.0,True,0 days 03:29:29.391000,22.3,3,28.8,0 days 00:00:20.349000,0 days 00:00:35.869000,0 days 00:00:20.325000,1,76.543,12569.391,2.2590000000000146,False,False,True,False,False,False,10.0,0.0,0.0,20.349,35.869,20.325,0,0,0,0.0,78.387,1.1252821868315037,-1.6387000714835886,1,1,77.044,76.273,-0.7710000000000008,0.0,-0.5009999999999906,-0.6580000000000013,0.0,-0.2029999999999994,0.18245629613691253,-0.6580000000000013,0,0,2022,Monaco Grand Prix,0.0,19,0.0
VER,41,0 days 00:01:16.273000,MEDIUM,11.0,True,0 days 03:30:45.664000,22.4,3,28.9,0 days 00:00:20.207000,0 days 00:00:35.747000,0 days 00:00:20.319000,1,76.273,12645.664,2.8469999999997526,False,False,True,False,False,False,11.0,0.0,0.0,20.207,35.747,20.319,0,0,0,0.0,77.7256,1.0170738911211512,-1.4282148157384702,0,1,76.543,76.962,0.41899999999999693,0.0,-0.27000000000001023,-0.645999999999996,0.0,-0.006000000000000227,0.18366082870334857,-0.645999999999996,0,0,2022,Monaco Grand Prix,0.0,19,0.0
VER,42,0 days 00:01:16.962000,MEDIUM,12.0,True,0 days 03:32:02.626000,22.5,3,29.1,0 days 00:00:20.309000,0 days 00:00:36.203000,0 days 00:00:20.450000,1,76.962,12722.626,2.871999999999389,False,False,True,False,False,False,12.0,0.0,0.0,20.309,36.203,20.45,0,0,0,0.0,77.17660000000001,0.8761422829656942,-0.244937385368042,0,0,76.273,77.426,1.1530000000000058,0.0,0.6890000000000072,-0.4230000000000018,0.0,0.13100000000000023,0.11241574622801084,-0.4230000000000018,0,0,2022,Monaco Grand Prix,0.0,19,0.0
VER,43,0 days 00:01:17.426000,MEDIUM,13.0,True,0 days 03:33:20.052000,22.5,3,29.4,0 days 00:00:20.587000,0 days 00:00:36.252000,0 days 00:00:20.587000,1,77.426,12800.052,2.452000000001135,False,False,True,False,False,False,13.0,0.0,0.0,20.587,36.252,20.587,0,0,0,0.0,76.87280000000001,0.48826806162224945,1.1329842016739877,0,0,76.962,77.092,0.12999999999999545,0.6890000000000072,0.46399999999999864,-0.02733333333333121,0.0,0.2680000000000007,0.16338696398428035,-0.02733333333333121,0,0,2022,Monaco Grand Prix,0.0,19,0.0
VER,44,0 days 00:01:17.092000,MEDIUM,14.0,True,0 days 03:34:37.144000,22.4,3,29.5,0 days 00:00:20.382000,0 days 00:00:36.099000,0 days 00:00:20.611000,1,77.092,12877.144,2.279000000000451,False,False,True,False,False,False,14.0,0.0,0.0,20.382,36.099,20.611,0,0,0,0.0,76.8496,0.44975915777263503,0.5389551181135549,0,0,77.426,76.761,-0.6650000000000063,1.1530000000000058,-0.3340000000000032,0.29433333333333184,0.0,0.2920000000000016,0.20276217595991802,0.29433333333333184,0,0,2022,Monaco Grand Prix,0.0,19,0.0
VER,45,0 days 00:01:16.761000,MEDIUM,15.0,True,0 days 03:35:53.905000,22.4,3,29.0,0 days 00:00:20.336000,0 days 00:00:35.963000,0 days 00:00:20.462000,1,76.761,12953.905,1.9969999999993888,False,False,True,False,False,False,15.0,0.0,0.0,20.336,35.963,20.462,0,0,0,0.0,76.8592,0.45542255104501517,-0.2156239294138495,0,0,77.092,76.758,-0.3340000000000032,0.8190000000000026,-0.33100000000000307,0.27300000000000085,0.0,0.012000000000000455,0.2055658045492991,0.27300000000000085,0,0,2022,Monaco Grand Prix,0.0,19,0.0
VER,46,0 days 00:01:16.758000,MEDIUM,16.0,True,0 days 03:37:10.663000,22.3,3,28.7,0 days 00:00:20.410000,0 days 00:00:36.020000,0 days 00:00:20.328000,1,76.758,13030.663,1.4879999999993743,False,False,True,False,False,False,16.0,0.0,0.0,20.41,36.02,20.328,0,0,0,0.0,76.9028,0.42714014093778346,-0.33899881121473646,0,0,76.761,76.052,-0.708999999999989,0.48799999999999955,-0.0030000000000001137,-0.06700000000000254,0.0,-0.13400000000000034,0.13898489126520425,-0.06700000000000254,0,0,2022,Monaco Grand Prix,0.0,19,0.0
VER,47,0 days 00:01:16.052000,MEDIUM,17.0,True,0 days 03:38:26.715000,22.4,3,29.0,0 days 00:00:20.213000,0 days 00:00:35.724000,0 days 00:00:20.115000,1,76.052,13106.715,1.9279999999998836,False,False,True,False,False,False,17.0,0.0,0.0,20.213,35.724,20.115,0,0,0,0.0,76.9998,0.2770689444891747,-3.420809220417765,1,0,76.758,76.195,-0.5630000000000024,0.0,-0.7059999999999889,-0.2226666666666688,0.0,-0.21300000000000097,0.17860347141083432,-0.2226666666666688,0,0,2022,Monaco Grand Prix,0.0,19,0.0
VER,48,0 days 00:01:16.195000,MEDIUM,18.0,True,0 days 03:39:42.910000,22.5,3,29.6,0 days 00:00:20.072000,0 days 00:00:35.838000,0 days 00:00:20.285000,1,76.195,13182.91,2.629000000000815,False,False,True,False,False,False,18.0,0.0,0.0,20.072,35.838,20.285,0,0,0,0.0,76.8178,0.5094960255000535,-1.2223844128887065,0,1,76.052,76.906,0.8539999999999992,0.0,0.14299999999998647,-0.346666666666664,0.0,0.1700000000000017,0.22936433898930522,-0.346666666666664,0,0,2022,Monaco Grand Prix,0.0,19,0.0
VER,49,0 days 00:01:16.906000,MEDIUM,19.0,True,0 days 03:40:59.816000,22.6,3,29.7,0 days 00:00:20.408000,0 days 00:00:36.077000,0 days 00:00:20.421000,1,76.906,13259.816,2.2119999999995343,False,False,True,False,False,False,19.0,0.0,0.0,20.408,36.077,20.421,0,0,0,0.0,76.5716,0.4339484992488918,0.770598355746834,0,0,76.195,76.832,0.6370000000000005,0.14299999999998647,0.7110000000000127,-0.1886666666666675,0.0,0.30600000000000094,0.20881044035201154,-0.1886666666666675,0,0,2022,Monaco Grand Prix,0.0,19,0.0
VER,50,0 days 00:01:16.832000,MEDIUM,20.0,True,0 days 03:42:16.648000,22.5,3,29.8,0 days 00:00:20.325000,0 days 00:00:35.995000,0 days 00:00:20.512000,1,76.832,13336.648,2.9020000000000437,False,False,True,False,False,False,20.0,0.0,0.0,20.325,35.995,20.512,0,0,0,0.0,76.5344,0.3831883348959992,0.7766415960463929,0,0,76.906,77.503,0.5969999999999942,0.8539999999999992,-0.07400000000001228,0.04933333333333678,0.0,0.397000000000002,0.21332416646972016,0.04933333333333678,0,0,2022,Monaco Grand Prix,0.0,19,0.0
VER,51,0 days 00:01:17.503000,MEDIUM,21.0,True,0 days 03:43:34.151000,22.6,3,29.5,0 days 00:00:20.463000,0 days 00:00:36.395000,0 days 00:00:20.645000,1,77.503,13414.151,2.17200000000048,False,False,True,False,False,False,21.0,0.0,0.0,20.463,36.395,20.645,0,0,0,0.0,76.5486,0.39482375815085774,2.4172810787018073,0,0,76.832,77.241,0.409000000000006,0.7799999999999869,0.6710000000000065,0.2599999999999956,0.0,0.35999999999999943,0.2683909461960316,0.2599999999999956,0,0,2022,Monaco Grand Prix,0.0,19,0.0
VER,52,0 days 00:01:17.241000,MEDIUM,22.0,True,0 days 03:44:51.392000,22.6,3,29.2,0 days 00:00:20.395000,0 days 00:00:36.280000,0 days 00:00:20.566000,1,77.241,13491.392,1.7420000000001892,False,False,True,False,False,False,22.0,0.0,0.0,20.395,36.28,20.566,0,0,0,0.0,76.6976,0.5872753187393103,0.9252900346067822,0,0,77.503,77.668,0.16500000000000625,1.4509999999999934,-0.26200000000000045,0.43600000000000233,0.0,0.14499999999999957,0.24851257513454092,0.43600000000000233,0,0,2022,Monaco Grand Prix,0.0,19,0.0
VER,53,0 days 00:01:17.668000,MEDIUM,23.0,True,0 days 03:46:09.060000,22.5,3,29.2,0 days 00:00:20.492000,0 days 00:00:36.491000,0 days 00:00:20.685000,1,77.668,13569.06,1.2090000000007421,False,False,True,False,False,False,23.0,0.0,0.0,20.492,36.491,20.685,0,0,0,0.0,76.93539999999999,0.49378872000112495,1.4836304887611653,0,0,77.241,77.692,0.4509999999999934,1.0460000000000065,0.4270000000000067,0.11166666666666458,0.0,0.17299999999999827,0.11290836992889644,0.11166666666666458,0,0,2022,Monaco Grand Prix,0.0,19,0.0
VER,54,0 days 00:01:17.692000,MEDIUM,24.0,True,0 days 03:47:26.752000,22.4,3,29.2,0 days 00:00:20.530000,0 days 00:00:36.502000,0 days 00:00:20.660000,1,77.692,13646.752,1.2259999999987485,False,False,True,False,False,False,24.0,0.0,0.0,20.53,36.502,20.66,0,0,0,0.0,77.22999999999999,0.3639622233149146,1.2693625063397376,0,0,77.668,78.227,0.5589999999999975,0.8360000000000127,0.0239999999999867,0.2786666666666709,0.0,0.0940000000000012,0.11221274437424969,0.2786666666666709,0,0,2022,Monaco Grand Prix,0.0,19,0.0
VER,55,0 days 00:01:18.227000,MEDIUM,25.0,True,0 days 03:48:44.979000,22.5,3,29.1,0 days 00:00:20.556000,0 days 00:00:36.812000,0 days 00:00:20.859000,1,78.227,13724.979,0.9390000000003056,False,False,True,False,False,False,25.0,0.0,0.0,20.556,36.812,20.859,0,0,0,0.0,77.38719999999999,0.35874182917570185,2.3409592406039166,0,0,77.692,78.731,1.0390000000000015,0.8599999999999994,0.5350000000000108,0.06299999999999766,0.0,0.2930000000000028,0.13572656335441707,0.06299999999999766,0,1,2022,Monaco Grand Prix,0.0,19,0.0
VER,56,0 days 00:01:18.731000,MEDIUM,26.0,True,0 days 03:50:03.710000,22.3,3,29.1,0 days 00:00:20.610000,0 days 00:00:37.110000,0 days 00:00:21.011000,12,78.731,13803.71,0.8300000000017462,False,False,True,False,False,False,26.0,0.0,0.0,20.61,37.11,21.011,0,0,1,0.0,77.6662,0.36145359314898784,2.945883012874326,0,0,78.227,78.916,0.688999999999993,0.9860000000000042,0.5039999999999907,0.32866666666666805,0.0,0.3509999999999991,0.10999318160686382,0.32866666666666805,0,1,2022,Monaco Grand Prix,0.0,19,0.0
VER,57,0 days 00:01:18.916000,MEDIUM,27.0,True,0 days 03:51:22.626000,22.4,3,29.1,0 days 00:00:21.251000,0 days 00:00:36.833000,0 days 00:00:20.832000,21,78.916,13882.626,0.9740000000001601,False,False,True,False,False,False,27.0,0.0,0.0,21.251,36.833,20.832,0,0,1,0.0,77.9118,0.5762297284940284,1.7427077263515467,0,0,78.731,79.15,0.41900000000001114,1.4899999999999949,0.18500000000000227,0.3543333333333294,0.0,0.1720000000000006,0.1070196243686199,0.3543333333333294,0,1,2022,Monaco Grand Prix,0.0,19,0.0
VER,58,0 days 00:01:19.150000,MEDIUM,28.0,True,0 days 03:52:41.776000,22.4,3,29.1,0 days 00:00:20.628000,0 days 00:00:37.465000,0 days 00:00:21.057000,1,79.15,13961.776,0.7759999999998399,False,False,True,False,False,False,28.0,0.0,0.0,20.628,37.465,21.057,0,0,0,0.0,78.24680000000001,0.5756480695705362,1.569014208062633,0,0,78.916,79.015,0.09900000000000375,1.2479999999999905,0.23400000000000887,0.40800000000000125,0.0,0.22499999999999787,0.10346641967324699,0.40800000000000125,0,1,2022,Monaco Grand Prix,0.0,19,0.0
VER,59,0 days 00:01:19.015000,MEDIUM,29.0,True,0 days 03:54:00.791000,22.4,3,29.5,0 days 00:00:20.771000,0 days 00:00:37.470000,0 days 00:00:20.774000,1,79.015,14040.791,0.7849999999998545,False,False,True,False,False,False,29.0,0.0,0.0,20.771,37.47,20.774,0,0,0,0.0,78.5432,0.5845893430437096,0.8070622662115916,0,0,79.15,78.67,-0.480000000000004,1.4580000000000126,-0.13500000000000512,0.30766666666666725,0.0,-0.05799999999999983,0.1005609268055959,0.30766666666666725,0,1,2022,Monaco Grand Prix,0.0,19,0.0
VER,60,0 days 00:01:18.670000,MEDIUM,30.0,True,0 days 03:55:19.461000,22.4,3,29.3,0 days 00:00:20.596000,0 days 00:00:37.186000,0 days 00:00:20.888000,12,78.67,14119.461,0.7930000000014843,False,False,True,False,False,False,30.0,0.0,0.0,20.596,37.186,20.888,0,0,1,0.0,78.8078,0.3588059364061087,-0.3840516168161496,0,0,79.015,78.904,-0.1110000000000042,0.7879999999999967,-0.34499999999999886,0.09466666666666868,0.0,0.11400000000000077,0.15761123056432394,0.09466666666666868,0,1,2022,Monaco Grand Prix,0.0,19,0.0
VER,61,0 days 00:01:18.904000,MEDIUM,31.0,True,0 days 03:56:38.365000,22.3,3,29.1,0 days 00:00:20.781000,0 days 00:00:37.259000,0 days 00:00:20.864000,1,78.904,14198.365,0.7209999999995489,False,False,True,False,False,False,31.0,0.0,0.0,20.781,37.259,20.864,0,0,0,0.0,78.8964,0.19835397651739273,0.0383153397448026,0,0,78.67,78.123,-0.546999999999997,0.0,0.23399999999999466,-0.08199999999999837,0.0,0.08999999999999986,0.1504051195937169,-0.08199999999999837,0,1,2022,Monaco Grand Prix,0.0,19,0.0
VER,62,0 days 00:01:18.123000,MEDIUM,32.0,True,0 days 03:57:56.488000,22.2,3,29.1,0 days 00:00:20.807000,0 days 00:00:36.739000,0 days 00:00:20.577000,1,78.123,14276.488,1.1370000000006257,False,False,True,False,False,False,32.0,0.0,0.0,20.807,36.739,20.577,0,0,0,0.0,78.931,0.17613347211776792,-4.587430147631114,1,0,78.904,77.768,-1.1359999999999957,0.23399999999999466,-0.7809999999999917,-0.08200000000000311,0.0,-0.19699999999999918,0.10688685606752758,-0.08200000000000311,0,0,2022,Monaco Grand Prix,0.0,19,0.0
VER,63,0 days 00:01:17.768000,MEDIUM,33.0,True,0 days 03:59:14.256000,22.2,3,28.9,0 days 00:00:20.495000,0 days 00:00:36.719000,0 days 00:00:20.554000,1,77.768,14354.256,1.0979999999999563,False,False,True,False,False,False,33.0,0.0,0.0,20.495,36.719,20.554,0,0,0,0.0,78.7724,0.403410832775052,-2.4897695312016386,1,1,78.123,77.965,-0.15800000000000125,0.0,-0.355000000000004,-0.29733333333333195,0.0,-0.02300000000000324,0.1641940924637674,-0.29733333333333195,0,0,2022,Monaco Grand Prix,0.0,19,0.0
VET,3,0 days 00:01:47.544000,WET,3.0,True,0 days 02:10:51.968000,21.3,9,28.8,0 days 00:00:29.789000,0 days 00:00:49.593000,0 days 00:00:28.162000,1,107.544,7851.968,2.5960000000004584,False,False,False,False,False,True,3.0,0.0,0.0,29.789,49.593,28.162,0,0,0,0.0,78.286,0.48148572149156765,60.76608026789097,0,0,107.544,104.206,-3.337999999999994,29.775999999999996,0.0,-0.31299999999999767,0.0,7.6080000000000005,0.13572287942716396,0.0,0,0,2022,Monaco Grand Prix,0.0,19,0.0
VET,4,0 days 00:01:44.206000,WET,4.0,True,0 days 02:12:36.174000,21.5,9,28.5,0 days 00:00:28.237000,0 days 00:00:48.549000,0 days 00:00:27.420000,1,104.206,7956.174,3.076000000000022,False,False,False,False,False,True,4.0,0.0,0.0,28.237,48.549,27.42,0,0,0,0.0,,,0.0,0,0,107.544,101.781,-5.762999999999991,0.0,-3.337999999999994,0.0,0.0,0.0,0.0,0.0,0,0,2022,Monaco Grand Prix,0.0,19,0.0
VET,5,0 days 00:01:41.781000,WET,5.0,True,0 days 02:14:17.955000,21.6,9,28.5,0 days 00:00:27.544000,0 days 00:00:47.277000,0 days 00:00:26.960000,1,101.781,8057.955,4.4350000000004,False,False,False,False,False,True,5.0,0.0,0.0,27.544,47.277,26.96,0,0,0,0.0,,,0.0,0,0,104.206,99.811,-4.394999999999996,0.0,-2.424999999999997,-1.668999999999997,0.0,-0.46000000000000085,0.0,0.0,0,0,2022,Monaco Grand Prix,0.0,19,0.0
VET,8,0 days 00:01:39.811000,INTERMEDIATE,2.0,True,0 days 02:19:46.092000,21.6,16,28.1,0 days 00:00:27.253000,0 days 00:00:46.386000,0 days 00:00:26.172000,1,99.811,8386.092,2.385999999998603,False,True,False,False,False,False,2.0,0.0,0.0,27.253,46.386,26.172,0,0,0,0.0,104.51033333333334,2.89352835364254,-1.6240840797075782,1,0,101.781,97.7,-4.081000000000003,0.0,-1.9699999999999989,-1.920999999999997,0.0,-0.7880000000000003,4.531112593318923,-2.8814999999999955,0,0,2022,Monaco Grand Prix,0.0,19,0.0
VET,9,0 days 00:01:37.700000,INTERMEDIATE,3.0,True,0 days 02:21:23.792000,21.7,16,28.2,0 days 00:00:26.215000,0 days 00:00:45.313000,0 days 00:00:26.172000,1,97.7,8483.792,2.8950000000004366,False,True,False,False,False,False,3.0,0.0,0.0,26.215,45.313,26.172,0,0,0,0.0,103.3355,3.3320570723403424,-1.6912975611314418,1,1,99.811,96.824,-2.987000000000009,0.0,-2.111000000000004,-2.5776666666666634,0.0,0.0,4.024997225671922,-2.5776666666666634,0,0,2022,Monaco Grand Prix,0.0,19,0.0
VET,10,0 days 00:01:36.824000,INTERMEDIATE,4.0,True,0 days 02:23:00.616000,21.9,16,27.9,0 days 00:00:26.166000,0 days 00:00:44.404000,0 days 00:00:26.254000,12,96.824,8580.616,3.683000000000902,False,True,False,False,False,False,4.0,0.0,0.0,26.166,44.404,26.254,0,0,1,0.0,102.20840000000001,3.8312824615264214,-1.4053779782801017,0,1,97.7,96.628,-1.0720000000000027,0.0,-0.8760000000000048,-2.1686666666666667,0.0,0.08200000000000074,3.5575373504715313,-2.1686666666666667,0,0,2022,Monaco Grand Prix,0.0,19,0.0
VET,11,0 days 00:01:36.628000,INTERMEDIATE,5.0,True,0 days 02:24:37.244000,21.9,15,27.3,0 days 00:00:26.388000,0 days 00:00:44.198000,0 days 00:00:26.042000,21,96.628,8677.244,4.654999999998836,False,True,False,False,False,False,5.0,0.0,0.0,26.388,44.198,26.042,0,0,1,0.0,100.0644,3.0105795621441316,-1.1414413501009106,0,0,96.824,97.556,0.7319999999999993,0.0,-0.19599999999999795,-1.6523333333333359,0.0,-0.129999999999999,0.3766154537455947,-1.6523333333333359,0,0,2022,Monaco Grand Prix,0.0,19,0.0
VET,12,0 days 00:01:37.556000,INTERMEDIATE,6.0,True,0 days 02:26:14.800000,22.0,15,27.1,0 days 00:00:26.006000,0 days 00:00:44.502000,0 days 00:00:27.048000,1,97.556,8774.8,5.788000000000466,False,True,False,False,False,False,6.0,0.0,0.0,26.006,44.502,27.048,0,0,0,0.0,98.5488,2.203697733356353,-0.45051550626587683,0,0,96.628,99.9,3.2720000000000056,0.0,0.9279999999999973,-1.0610000000000024,0.0,1.0059999999999967,0.3606399866903284,-1.0610000000000024,0,0,2022,Monaco Grand Prix,0.0,19,0.0
VET,13,0 days 00:01:39.900000,INTERMEDIATE,7.0,True,0 days 02:27:54.700000,21.9,15,27.0,0 days 00:00:26.643000,0 days 00:00:45.687000,0 days 00:00:27.570000,1,99.9,8874.7,3.238999999999578,False,True,False,False,False,False,7.0,0.0,0.0,26.643,45.687,27.57,0,0,0,0.0,97.7038,1.2642729926720373,1.7371248240922574,0,0,97.556,97.684,0.1280000000000001,0.9279999999999973,2.3440000000000083,-0.04800000000000182,0.0,1.5279999999999987,0.6424219796987011,-0.04800000000000182,0,0,2022,Monaco Grand Prix,0.0,19,0.0
VET,14,0 days 00:01:37.684000,INTERMEDIATE,8.0,True,0 days 02:29:32.384000,21.8,15,26.4,0 days 00:00:25.876000,0 days 00:00:45.166000,0 days 00:00:26.642000,1,97.684,8972.384,2.1560000000008586,False,True,False,False,False,False,8.0,0.0,0.0,25.876,45.166,26.642,0,0,0,0.0,97.7216,1.301437973934952,-0.028891119479411274,0,0,99.9,96.424,-3.475999999999999,3.2720000000000056,-2.216000000000008,1.0253333333333359,0.0,0.5999999999999979,0.7304801160880411,1.0253333333333359,0,0,2022,Monaco Grand Prix,0.0,19,0.0
VET,15,0 days 00:01:36.424000,INTERMEDIATE,9.0,True,0 days 02:31:08.808000,21.9,15,27.0,0 days 00:00:25.423000,0 days 00:00:44.795000,0 days 00:00:26.206000,1,96.424,9068.808,1.9029999999984284,False,True,False,False,False,False,9.0,0.0,0.0,25.423,44.795,26.206,0,0,0,0.0,97.7184,1.301524029743559,-0.9945263939959935,0,0,97.684,95.805,-1.8789999999999907,1.0559999999999974,-1.259999999999991,0.35199999999999915,0.0,-0.43599999999999994,0.6756043220702471,0.35199999999999915,0,0,2022,Monaco Grand Prix,0.0,19,0.0
VET,16,0 days 00:01:35.805000,INTERMEDIATE,10.0,True,0 days 02:32:44.613000,22.1,15,26.9,0 days 00:00:25.148000,0 days 00:00:44.378000,0 days 00:00:26.279000,1,95.805,9164.613,1.8029999999998836,False,True,False,False,False,False,10.0,0.0,0.0,25.148,44.378,26.279,0,0,0,0.0,97.6384,1.3801611500110784,-1.3283956007494349,0,0,96.424,94.96,-1.4640000000000128,0.0,-0.6189999999999998,-0.37733333333333025,0.0,0.0730000000000004,0.8054332995350999,-0.37733333333333025,0,0,2022,Monaco Grand Prix,0.0,19,0.0
VET,17,0 days 00:01:34.960000,INTERMEDIATE,11.0,True,0 days 02:34:19.573000,22.0,14,26.8,0 days 00:00:24.834000,0 days 00:00:43.999000,0 days 00:00:26.127000,12,94.96,9259.573,0.7889999999988504,False,True,False,False,False,False,11.0,0.0,0.0,24.834,43.999,26.127,0,0,1,0.0,97.47380000000001,1.5671918197846366,-1.6040155188823433,1,0,95.805,94.812,-0.9930000000000092,0.0,-0.8450000000000131,-1.3649999999999995,0.0,-0.07900000000000063,0.7691808629964726,-1.3649999999999995,0,1,2022,Monaco Grand Prix,0.0,19,0.0
VET,18,0 days 00:01:34.812000,INTERMEDIATE,12.0,True,0 days 02:35:54.385000,22.1,14,27.1,0 days 00:00:24.661000,0 days 00:00:43.836000,0 days 00:00:26.315000,1,94.812,9354.385,0.9650000000001455,False,True,False,False,False,False,12.0,0.0,0.0,24.661,43.836,26.315,0,0,0,0.0,96.9546,1.9228202724123369,-1.1143007127296056,0,1,94.96,89.768,-5.191999999999993,0.0,-0.14799999999999613,-0.9080000000000013,0.0,0.1880000000000024,0.7628779063519922,-0.9080000000000013,0,1,2022,Monaco Grand Prix,0.0,19,0.0
VET,19,0 days 00:01:29.768000,INTERMEDIATE,13.0,True,0 days 02:37:24.153000,22.0,13,27.1,0 days 00:00:25.516000,0 days 00:00:40.062000,0 days 00:00:24.190000,1,89.768,9444.153,8.104999999999563,False,True,False,False,False,False,13.0,0.0,0.0,25.516,40.062,24.19,0,0,0,0.0,95.93700000000001,1.1754526787581718,-5.248190855728333,1,0,94.812,86.97,-7.841999999999999,0.0,-5.043999999999997,-0.5373333333333363,0.0,-1.9369999999999976,0.37850587842198646,-0.5373333333333363,0,0,2022,Monaco Grand Prix,0.0,19,0.0
VET,20,0 days 00:01:26.970000,INTERMEDIATE,14.0,True,0 days 02:38:51.123000,22.1,12,27.6,0 days 00:00:23.188000,0 days 00:00:39.981000,0 days 00:00:23.801000,12,86.97,9531.123,8.768000000000029,False,True,False,False,False,False,14.0,0.0,0.0,23.188,39.981,23.801,0,0,1,0.0,94.3538,2.645689739935441,-2.7908790243031993,1,1,89.768,87.225,-2.5430000000000064,0.0,-2.798000000000002,-2.0123333333333355,0.0,-0.3890000000000029,0.8701842908257991,-2.0123333333333355,0,0,2022,Monaco Grand Prix,0.0,19,0.0
VET,21,0 days 00:01:27.225000,INTERMEDIATE,15.0,True,0 days 02:40:18.348000,22.2,11,27.4,0 days 00:00:23.453000,0 days 00:00:39.861000,0 days 00:00:23.911000,1,87.225,9618.348,8.944999999999709,False,True,False,False,False,False,15.0,0.0,0.0,23.453,39.861,23.911,0,0,0,0.0,92.46300000000001,3.8845156712258953,-1.3484306521917002,0,1,86.97,90.44,3.469999999999999,0.0,0.25499999999999545,-2.6633333333333318,0.0,0.11000000000000298,0.8704678052633531,-2.6633333333333318,0,0,2022,Monaco Grand Prix,0.0,19,0.0
VET,22,0 days 00:01:30.440000,INTERMEDIATE,16.0,True,0 days 02:41:48.788000,22.2,9,27.3,0 days 00:00:23.658000,0 days 00:00:42.021000,0 days 00:00:24.761000,1,90.44,9708.788,6.190999999998894,False,True,False,False,False,False,16.0,0.0,0.0,23.658,42.021,24.761,0,0,0,0.0,90.74699999999999,3.9338990836064234,-0.07803962264292352,0,0,87.225,83.591,-3.6340000000000003,0.25499999999999545,3.2150000000000034,-2.5290000000000012,0.0,0.9600000000000009,0.8759402376874803,-2.5290000000000012,0,0,2022,Monaco Grand Prix,0.0,19,0.0
VET,25,0 days 00:01:23.591000,HARD,3.0,True,0 days 02:46:28.911000,22.3,11,27.9,0 days 00:00:23.091000,0 days 00:00:37.977000,0 days 00:00:22.523000,1,83.591,9988.911,1.3829999999998108,True,False,False,False,False,False,3.0,0.0,0.0,23.091,37.977,22.523,0,0,0,0.0,89.84299999999999,3.1686372465145656,-1.973087959777366,1,0,90.44,112.446,22.006,3.469999999999999,-6.849000000000004,0.223999999999999,0.0,-1.2779999999999987,1.0775213686976233,0.223999999999999,0,0,2022,Monaco Grand Prix,0.0,19,0.0
VET,32,0 days 00:01:52.446000,HARD,10.0,True,0 days 03:19:04.106000,21.9,11,28.3,0 days 00:00:32.976000,0 days 00:00:53.559000,0 days 00:00:25.911000,1,112.446,11944.106,1.5900000000001455,True,False,False,False,False,False,10.0,0.0,0.0,32.976,53.559,25.911,0,0,0,0.0,87.59880000000001,2.7099549258242868,9.168860988506005,0,1,83.591,85.143,1.5520000000000067,0.0,28.855000000000004,-1.126333333333335,0.0,3.3880000000000017,1.1386442376791792,-1.126333333333335,0,0,2022,Monaco Grand Prix,0.0,19,0.0
VET,33,0 days 00:01:25.143000,HARD,11.0,True,0 days 03:20:29.249000,21.9,11,28.5,0 days 00:00:23.532000,0 days 00:00:39.079000,0 days 00:00:22.532000,1,85.143,12029.249,1.496000000001004,True,False,False,False,False,False,11.0,0.0,0.0,23.532,39.079,22.532,0,0,0,0.0,92.1344,11.61028644349482,-0.6021729122727408,0,0,112.446,82.895,-29.551000000000002,28.855000000000004,-27.302999999999997,8.407000000000002,0.0,0.009000000000000341,1.7775624320962686,8.407000000000002,0,0,2022,Monaco Grand Prix,0.0,19,0.0
VET,34,0 days 00:01:22.895000,HARD,12.0,True,0 days 03:21:52.144000,22.0,11,28.8,0 days 00:00:22.594000,0 days 00:00:38.204000,0 days 00:00:22.097000,1,82.895,12112.144,1.3449999999993452,True,False,False,False,False,False,12.0,0.0,0.0,22.594,38.204,22.097,0,0,0,0.0,91.769,11.839933129034115,-0.7494974763192719,0,0,85.143,82.805,-2.337999999999994,1.5520000000000067,-2.2480000000000047,-1.7656666666666656,0.0,-0.4259999999999984,1.7328924375159585,-1.7656666666666656,0,0,2022,Monaco Grand Prix,0.0,19,0.0
VET,35,0 days 00:01:22.805000,HARD,13.0,True,0 days 03:23:14.949000,22.1,11,28.8,0 days 00:00:22.291000,0 days 00:00:38.386000,0 days 00:00:22.128000,1,82.805,12194.949,0.9609999999993306,True,False,False,False,False,False,13.0,0.0,0.0,22.291,38.386,22.128,0,0,0,0.0,90.90299999999999,12.4004659791477,-0.6530399755636095,0,0,82.895,82.257,-0.637999999999991,0.0,-0.0899999999999892,-0.23199999999999932,0.0,0.030999999999998806,1.7893646358414488,-0.23199999999999932,0,1,2022,Monaco Grand Prix,0.0,19,0.0
VET,36,0 days 00:01:22.257000,HARD,14.0,True,0 days 03:24:37.206000,22.3,11,28.9,0 days 00:00:22.127000,0 days 00:00:38.249000,0 days 00:00:21.881000,1,82.257,12277.206,1.0969999999997526,True,False,False,False,False,False,14.0,0.0,0.0,22.127,38.249,21.881,0,0,0,0.0,89.376,12.930495118130606,-0.5505589642903953,0,0,82.805,81.949,-0.8560000000000088,0.0,-0.5480000000000018,-9.880333333333331,0.0,-0.21600000000000108,1.7818467105786628,-9.880333333333331,0,0,2022,Monaco Grand Prix,0.0,19,0.0
VET,37,0 days 00:01:21.949000,HARD,15.0,True,0 days 03:25:59.155000,22.3,11,29.1,0 days 00:00:22.022000,0 days 00:00:38.121000,0 days 00:00:21.806000,1,81.949,12359.155,0.7680000000000291,True,False,False,False,False,False,15.0,0.0,0.0,22.022,38.121,21.806,0,0,0,0.0,89.1092,13.092448594514295,-0.5468954067919816,0,0,82.257,81.355,-0.902000000000001,0.0,-0.30800000000000693,-0.9619999999999985,0.0,-0.07499999999999929,1.5933736849841602,-0.9619999999999985,0,1,2022,Monaco Grand Prix,0.0,19,0.0
VET,38,0 days 00:01:21.355000,HARD,16.0,True,0 days 03:27:20.510000,22.3,11,29.1,0 days 00:00:21.923000,0 days 00:00:37.911000,0 days 00:00:21.521000,1,81.355,12440.51,1.0689999999995052,True,False,False,False,False,False,16.0,0.0,0.0,21.923,37.911,21.521,0,0,0,0.0,83.00980000000001,1.2547578252391762,-1.3188202270701745,0,0,81.949,80.777,-1.171999999999997,0.0,-0.5939999999999941,-0.31533333333333263,0.0,-0.28500000000000014,0.18916474301517958,-0.31533333333333263,0,0,2022,Monaco Grand Prix,0.0,19,0.0
VET,39,0 days 00:01:20.777000,HARD,17.0,True,0 days 03:28:41.287000,22.3,11,28.8,0 days 00:00:21.711000,0 days 00:00:37.722000,0 days 00:00:21.344000,1,80.777,12521.287,0.8189999999995052,True,False,False,False,False,False,17.0,0.0,0.0,21.711,37.722,21.344,0,0,0,0.0,82.25219999999999,0.6355510994396012,-2.3211351554591726,1,0,81.355,80.187,-1.1680000000000064,0.0,-0.578000000000003,-0.4833333333333343,0.0,-0.1769999999999996,0.17844803165067102,-0.4833333333333343,0,1,2022,Monaco Grand Prix,0.0,19,0.0
VET,40,0 days 00:01:20.187000,HARD,18.0,True,0 days 03:30:01.474000,22.3,11,28.7,0 days 00:00:21.576000,0 days 00:00:37.363000,0 days 00:00:21.248000,1,80.187,12601.474,0.7620000000006257,True,False,False,False,False,False,18.0,0.0,0.0,21.576,37.363,21.248,0,0,0,0.0,81.82860000000001,0.7876450977431785,-2.084187414742566,1,1,80.777,79.861,-0.9159999999999968,0.0,-0.5900000000000034,-0.4933333333333347,0.0,-0.09600000000000009,0.1240354787953799,-0.4933333333333347,0,1,2022,Monaco Grand Prix,0.0,19,0.0
VET,41,0 days 00:01:19.861000,HARD,19.0,True,0 days 03:31:21.335000,22.4,11,28.9,0 days 00:00:21.301000,0 days 00:00:37.311000,0 days 00:00:21.249000,1,79.861,12681.335,0.9909999999999854,True,False,False,False,False,False,19.0,0.0,0.0,21.301,37.311,21.249,0,0,0,0.0,81.30499999999999,0.844429985255636,-1.710029280358683,1,1,80.187,79.943,-0.24399999999999977,0.0,-0.3259999999999934,-0.5873333333333335,0.0,0.0009999999999976694,0.0864447800621832,-0.5873333333333335,0,1,2022,Monaco Grand Prix,0.0,19,0.0
VET,42,0 days 00:01:19.943000,HARD,20.0,True,0 days 03:32:41.278000,22.5,11,29.4,0 days 00:00:21.524000,0 days 00:00:37.256000,0 days 00:00:21.163000,1,79.943,12761.278,0.8209999999999127,True,False,False,False,False,False,20.0,0.0,0.0,21.524,37.256,21.163,0,0,0,0.0,80.8258,0.8489577139050024,-1.0398633354061115,0,1,79.861,79.017,-0.8440000000000083,0.0,0.08199999999999363,-0.49799999999999994,0.0,-0.08500000000000085,0.10898532011238511,-0.49799999999999994,0,1,2022,Monaco Grand Prix,0.0,19,0.0
VET,43,0 days 00:01:19.017000,HARD,21.0,True,0 days 03:34:00.295000,22.6,11,29.4,0 days 00:00:21.132000,0 days 00:00:36.791000,0 days 00:00:21.094000,1,79.017,12840.295,1.146999999999025,True,False,False,False,False,False,21.0,0.0,0.0,21.132,36.791,21.094,0,0,0,0.0,80.4246,0.6316381875716489,-2.228490974257843,1,0,79.943,79.603,-0.3400000000000034,0.08199999999999363,-0.9260000000000019,-0.2780000000000011,0.0,-0.06899999999999906,0.10789253913037275,-0.2780000000000011,0,0,2022,Monaco Grand Prix,0.0,19,0.0
VET,44,0 days 00:01:19.603000,HARD,22.0,True,0 days 03:35:19.898000,22.4,11,29.5,0 days 00:00:21.074000,0 days 00:00:37.199000,0 days 00:00:21.330000,1,79.603,12919.898,0.7460000000010041,True,False,False,False,False,False,22.0,0.0,0.0,21.074,37.199,21.33,0,0,0,0.0,79.95700000000001,0.6360644621410452,-0.5565473644108655,0,1,79.017,79.769,0.7520000000000095,0.0,0.5859999999999985,-0.39000000000000057,0.0,0.2359999999999971,0.06371185133080888,-0.39000000000000057,0,1,2022,Monaco Grand Prix,0.0,19,0.0
VET,45,0 days 00:01:19.769000,HARD,23.0,True,0 days 03:36:39.667000,22.3,11,28.7,0 days 00:00:21.184000,0 days 00:00:37.224000,0 days 00:00:21.361000,1,79.769,12999.667,0.9020000000000437,True,False,False,False,False,False,23.0,0.0,0.0,21.184,37.224,21.361,0,0,0,0.0,79.7222,0.44597443872801357,0.10493874970387379,0,0,79.603,79.136,-0.46699999999999875,0.5859999999999985,0.16600000000001103,-0.08600000000000325,0.0,0.26699999999999946,0.1386228696860619,-0.08600000000000325,0,1,2022,Monaco Grand Prix,0.0,19,0.0
VET,46,0 days 00:01:19.136000,HARD,24.0,True,0 days 03:37:58.803000,22.4,11,29.0,0 days 00:00:21.252000,0 days 00:00:36.696000,0 days 00:00:21.188000,1,79.136,13078.803,1.1659999999992579,True,False,False,False,False,False,24.0,0.0,0.0,21.252,36.696,21.188,0,0,0,0.0,79.6386,0.36972259871255486,-1.3593975638766762,0,0,79.769,78.76,-1.0090000000000003,0.7520000000000095,-0.6330000000000098,-0.05799999999999746,0.0,0.09399999999999764,0.16916855499766814,-0.05799999999999746,0,0,2022,Monaco Grand Prix,0.0,19,0.0
VET,47,0 days 00:01:18.760000,HARD,25.0,True,0 days 03:39:17.563000,22.5,11,29.0,0 days 00:00:21.105000,0 days 00:00:36.695000,0 days 00:00:20.960000,1,78.76,13157.563,1.4239999999990687,True,False,False,False,False,False,25.0,0.0,0.0,21.105,36.695,20.96,0,0,0,0.0,79.49359999999999,0.40149694892832816,-1.8271620792090688,1,0,79.136,77.994,-1.141999999999996,0.11899999999999977,-0.37599999999999056,0.03966666666666659,0.0,-0.22799999999999798,0.16474009833674078,0.03966666666666659,0,0,2022,Monaco Grand Prix,0.0,19,0.0
VET,48,0 days 00:01:17.994000,HARD,26.0,True,0 days 03:40:35.557000,22.6,11,29.7,0 days 00:00:20.775000,0 days 00:00:36.298000,0 days 00:00:20.921000,1,77.994,13235.557,1.451999999999316,True,False,False,False,False,False,26.0,0.0,0.0,20.775,36.298,20.921,0,0,0,0.0,79.25699999999999,0.41866155782295095,-3.016756557653915,1,1,78.76,78.397,-0.36299999999999955,0.0,-0.7660000000000053,-0.2809999999999964,0.0,-0.03900000000000148,0.2089054810195237,-0.2809999999999964,0,0,2022,Monaco Grand Prix,0.0,19,0.0
VET,49,0 days 00:01:18.397000,HARD,27.0,True,0 days 03:41:53.954000,22.5,11,29.8,0 days 00:00:20.863000,0 days 00:00:36.508000,0 days 00:00:21.026000,1,78.397,13313.954,1.3700000000008004,True,False,False,False,False,False,27.0,0.0,0.0,20.863,36.508,21.026,0,0,0,0.0,79.0524,0.7122803521077425,-0.9201433088257664,0,1,77.994,78.652,0.6580000000000013,0.0,0.4030000000000058,-0.5916666666666686,0.0,0.10500000000000043,0.20466191634009176,-0.5916666666666686,0,0,2022,Monaco Grand Prix,0.0,19,0.0
VET,50,0 days 00:01:18.652000,HARD,28.0,True,0 days 03:43:12.606000,22.6,11,29.5,0 days 00:00:20.936000,0 days 00:00:36.726000,0 days 00:00:20.990000,1,78.652,13392.606,1.2820000000010623,True,False,False,False,False,False,28.0,0.0,0.0,20.936,36.726,20.99,0,0,0,0.0,78.8112,0.6828020943133633,-0.23315687126017465,0,0,78.397,77.889,-0.5080000000000098,0.4030000000000058,0.25499999999999545,-0.24633333333333005,0.0,0.06899999999999906,0.18488834468402526,-0.24633333333333005,0,0,2022,Monaco Grand Prix,0.0,19,0.0
VET,51,0 days 00:01:17.889000,HARD,29.0,True,0 days 03:44:30.495000,22.6,11,29.5,0 days 00:00:20.822000,0 days 00:00:36.393000,0 days 00:00:20.674000,1,77.889,13470.495,1.4659999999985303,True,False,False,False,False,False,29.0,0.0,0.0,20.822,36.393,20.674,0,0,0,0.0,78.58779999999999,0.4252354641827237,-1.6433248373181712,1,0,78.652,77.789,-0.8629999999999995,0.6580000000000013,-0.7630000000000052,-0.036000000000001364,0.0,-0.2469999999999999,0.13975585855340347,-0.036000000000001364,0,0,2022,Monaco Grand Prix,0.0,19,0.0
VET,52,0 days 00:01:17.789000,HARD,30.0,True,0 days 03:45:48.284000,22.5,11,29.2,0 days 00:00:20.819000,0 days 00:00:36.341000,0 days 00:00:20.629000,1,77.789,13548.284,1.9089999999996508,True,False,False,False,False,False,30.0,0.0,0.0,20.819,36.341,20.629,0,0,0,0.0,78.33840000000001,0.38732970451371784,-1.4184298121151404,0,1,77.889,78.223,0.3340000000000032,0.0,-0.09999999999999432,-0.03500000000000133,0.0,-0.04499999999999815,0.16369178354455968,-0.03500000000000133,0,0,2022,Monaco Grand Prix,0.0,19,0.0
VET,53,0 days 00:01:18.223000,HARD,31.0,True,0 days 03:47:06.507000,22.4,11,29.2,0 days 00:00:20.786000,0 days 00:00:36.483000,0 days 00:00:20.954000,1,78.223,13626.507,1.381999999999607,True,False,False,False,False,False,31.0,0.0,0.0,20.786,36.483,20.954,0,0,0,0.0,78.1442,0.36593127769934225,0.21534098013000416,0,0,77.789,77.558,-0.23099999999999454,0.0,0.4339999999999975,-0.20266666666666802,0.0,0.3249999999999993,0.13730549879738677,-0.20266666666666802,0,0,2022,Monaco Grand Prix,0.0,19,0.0
VET,54,0 days 00:01:17.558000,HARD,32.0,True,0 days 03:48:24.065000,22.4,11,29.2,0 days 00:00:20.738000,0 days 00:00:36.128000,0 days 00:00:20.692000,1,77.558,13704.065,1.8549999999995634,True,False,False,False,False,False,32.0,0.0,0.0,20.738,36.128,20.692,0,0,0,0.0,78.19,0.35664548223505504,-1.7720678698614702,1,0,78.223,78.034,-0.18899999999999295,0.4339999999999975,-0.664999999999992,-0.14300000000000068,0.0,0.06299999999999883,0.20968738636360332,-0.14300000000000068,0,0,2022,Monaco Grand Prix,0.0,19,0.0
VET,55,0 days 00:01:18.034000,HARD,33.0,True,0 days 03:49:42.099000,22.3,11,29.1,0 days 00:00:20.776000,0 days 00:00:36.484000,0 days 00:00:20.774000,1,78.034,13782.099,1.3349999999991269,True,False,False,False,False,False,33.0,0.0,0.0,20.776,36.484,20.774,0,0,0,0.0,78.0222,0.42560979781798286,0.027724925649043535,0,1,77.558,78.293,0.7349999999999994,0.0,0.4759999999999991,-0.11033333333332962,0.0,0.14499999999999957,0.20733065378761295,-0.11033333333332962,0,0,2022,Monaco Grand Prix,0.0,19,0.0
VET,56,0 days 00:01:18.293000,HARD,34.0,True,0 days 03:51:00.392000,22.4,11,29.1,0 days 00:00:20.898000,0 days 00:00:36.546000,0 days 00:00:20.849000,12,78.293,13860.392,0.9130000000004657,True,False,False,False,False,False,34.0,0.0,0.0,20.898,36.546,20.849,0,0,1,0.0,77.8986,0.2508391915125306,1.5723220826132442,0,0,78.034,77.822,-0.2120000000000033,0.4759999999999991,0.25900000000000034,0.08166666666666818,0.0,0.15700000000000003,0.2133288541196409,0.08166666666666818,0,1,2022,Monaco Grand Prix,0.0,19,0.0
VET,57,0 days 00:01:17.822000,HARD,35.0,True,0 days 03:52:18.214000,22.5,11,29.1,0 days 00:00:20.737000,0 days 00:00:36.338000,0 days 00:00:20.747000,1,77.822,13938.214,1.087999999999738,True,False,False,False,False,False,35.0,0.0,0.0,20.737,36.338,20.747,0,0,0,0.0,77.97940000000001,0.3059808817535242,-0.5144112243156409,0,0,78.293,77.801,-0.49200000000000443,0.7349999999999994,-0.47100000000000364,0.023333333333335798,0.0,0.054999999999999716,0.13609555466656176,0.023333333333335798,0,0,2022,Monaco Grand Prix,0.0,19,0.0
VET,58,0 days 00:01:17.801000,HARD,36.0,True,0 days 03:53:36.015000,22.4,11,29.5,0 days 00:00:20.674000,0 days 00:00:36.321000,0 days 00:00:20.806000,1,77.801,14016.015,1.379000000000815,True,False,False,False,False,False,36.0,0.0,0.0,20.674,36.321,20.806,0,0,0,0.0,77.98600000000002,0.30116523703552606,-0.6142807244987359,0,0,77.822,77.83,0.007999999999995566,0.2639999999999958,-0.021000000000000796,0.0879999999999986,0.0,0.05900000000000105,0.10872902096496274,0.0879999999999986,0,0,2022,Monaco Grand Prix,0.0,19,0.0
VET,59,0 days 00:01:17.830000,HARD,37.0,True,0 days 03:54:53.845000,22.4,11,29.3,0 days 00:00:20.769000,0 days 00:00:36.381000,0 days 00:00:20.680000,12,77.83,14093.845,1.515000000001237,True,False,False,False,False,False,37.0,0.0,0.0,20.769,36.381,20.68,0,0,1,0.0,77.9016,0.27624318995888775,-0.2591919098916416,0,0,77.801,78.07,0.26899999999999125,0.242999999999995,0.028999999999996362,-0.07766666666666804,0.0,-0.06700000000000017,0.05064780350616675,-0.07766666666666804,0,0,2022,Monaco Grand Prix,0.0,19,0.0
VET,60,0 days 00:01:18.070000,HARD,38.0,True,0 days 03:56:11.915000,22.3,11,29.1,0 days 00:00:20.853000,0 days 00:00:36.491000,0 days 00:00:20.726000,1,78.07,14171.915,1.0269999999982247,True,False,False,False,False,False,38.0,0.0,0.0,20.853,36.491,20.726,0,0,0,0.0,77.956,0.2106596781509585,0.5411571924946065,0,0,77.83,77.645,-0.18500000000000227,0.028999999999996362,0.23999999999999488,-0.15433333333333601,0.0,0.045999999999999375,0.08987324407185525,-0.15433333333333601,0,0,2022,Monaco Grand Prix,0.0,19,0.0
VET,61,0 days 00:01:17.645000,HARD,39.0,True,0 days 03:57:29.560000,22.3,11,29.1,0 days 00:00:20.641000,0 days 00:00:36.276000,0 days 00:00:20.728000,1,77.645,14249.56,0.7260000000005675,True,False,False,False,False,False,39.0,0.0,0.0,20.641,36.276,20.728,0,0,0,0.0,77.9632,0.21457096727811306,-1.482959246707287,0,0,78.07,78.424,0.3540000000000134,0.26899999999999125,-0.42499999999999716,0.08266666666666349,0.0,0.04800000000000182,0.07946697427233076,0.08266666666666349,0,1,2022,Monaco Grand Prix,0.0,19,0.0
VET,62,0 days 00:01:18.424000,HARD,40.0,True,0 days 03:58:47.984000,22.2,11,28.9,0 days 00:00:20.836000,0 days 00:00:36.503000,0 days 00:00:21.085000,1,78.424,14327.984,0.4239999999990687,True,False,False,False,False,False,40.0,0.0,0.0,20.836,36.503,21.085,0,0,0,0.0,77.8336,0.15220479624065258,3.8789842014341973,0,0,77.645,78.069,0.4240000000000066,0.0,0.7790000000000106,-0.05200000000000197,0.0,0.40500000000000114,0.05347616291394967,-0.05200000000000197,0,1,2022,Monaco Grand Prix,0.0,19,0.0
VET,63,0 days 00:01:18.069000,HARD,41.0,True,0 days 04:00:06.053000,22.3,11,29.5,0 days 00:00:20.712000,0 days 00:00:36.375000,0 days 00:00:20.982000,1,78.069,14406.053,0.8330000000005384,True,False,False,False,False,False,41.0,0.0,0.0,20.712,36.375,20.982,0,0,0,0.0,77.954,0.30357124369522676,0.37882376011696434,0,0,78.424,78.23,-0.19400000000000261,0.7790000000000106,-0.355000000000004,0.19800000000000276,0.0,0.2560000000000002,0.17902430002655903,0.19800000000000276,0,1,2022,Monaco Grand Prix,0.0,19,0.0
ZHO,3,0 days 00:01:48.077000,WET,3.0,True,0 days 02:11:01.276000,21.3,17,28.8,0 days 00:00:29.409000,0 days 00:00:49.798000,0 days 00:00:28.870000,1,108.077,7861.276,0.0,False,False,False,False,False,True,3.0,0.0,0.0,29.409,49.798,28.87,0,0,0,0.0,78.0876,0.2872251729891962,104.41076486401154,0,0,108.077,105.705,-2.372,30.432000000000002,0.0,0.19500000000000264,0.0,7.998000000000001,0.15254245310732162,0.0,0,0,2022,Monaco Grand Prix,0.0,19,0.0
ZHO,4,0 days 00:01:45.705000,WET,4.0,True,0 days 02:12:46.981000,21.5,16,28.5,0 days 00:00:29.031000,0 days 00:00:48.776000,0 days 00:00:27.898000,1,105.705,7966.981,17.36200000000008,False,False,False,False,False,True,4.0,0.0,0.0,29.031,48.776,27.898,0,0,0,0.0,,,0.0,0,0,108.077,103.285,-4.792000000000002,0.0,-2.372,0.0,0.0,0.0,0.0,0.0,0,0,2022,Monaco Grand Prix,0.0,19,0.0
ZHO,5,0 days 00:01:43.285000,WET,5.0,True,0 days 02:14:30.266000,21.6,16,28.5,0 days 00:00:27.859000,0 days 00:00:47.972000,0 days 00:00:27.454000,12,103.285,8070.266,13.50800000000072,False,False,False,False,False,True,5.0,0.0,0.0,27.859,47.972,27.454,0,0,1,0.0,,,0.0,0,0,105.705,103.439,-2.2660000000000053,0.0,-2.4200000000000017,-1.186,0.0,-0.44399999999999906,0.0,0.0,0,0,2022,Monaco Grand Prix,0.0,19,0.0
ZHO,6,0 days 00:01:43.439000,WET,6.0,True,0 days 02:16:13.705000,21.6,14,28.3,0 days 00:00:27.494000,0 days 00:00:48.271000,0 days 00:00:27.674000,1,103.439,8173.705,8.414999999999964,False,False,False,False,False,True,6.0,0.0,0.0,27.494,48.271,27.674,0,0,0,0.0,105.68900000000001,2.396040066442959,-0.9390494055219417,0,0,103.285,102.015,-1.269999999999996,0.0,0.15399999999999636,-1.597333333333334,0.0,0.21999999999999886,4.7510087349951275,-2.396000000000001,0,0,2022,Monaco Grand Prix,0.0,19,0.0
ZHO,7,0 days 00:01:42.015000,WET,7.0,True,0 days 02:17:55.720000,21.8,14,28.2,0 days 00:00:27.554000,0 days 00:00:47.380000,0 days 00:00:27.081000,1,102.015,8275.72,4.08600000000115,False,False,False,False,False,True,7.0,0.0,0.0,27.554,47.38,27.081,0,0,0,0.0,105.1265,2.2567595500333333,-1.3787467964648845,0,0,103.439,100.656,-2.782999999999987,0.15399999999999636,-1.4239999999999924,-1.5460000000000018,0.0,-0.3730000000000011,4.045770260407776,-1.5460000000000018,0,0,2022,Monaco Grand Prix,0.0,19,0.0
ZHO,8,0 days 00:01:40.656000,WET,8.0,True,0 days 02:19:36.376000,21.6,14,28.1,0 days 00:00:26.846000,0 days 00:00:46.767000,0 days 00:00:27.043000,1,100.656,8376.376,2.1630000000004657,False,False,False,False,False,True,8.0,0.0,0.0,26.846,46.767,27.043,0,0,0,0.0,104.5042,2.399168439272237,-1.6039724168626122,1,0,102.015,100.376,-1.6389999999999958,0.0,-1.3589999999999947,-1.2299999999999993,0.0,-0.038000000000000256,3.6536867955532264,-1.2299999999999993,0,0,2022,Monaco Grand Prix,0.0,19,0.0
ZHO,9,0 days 00:01:40.376000,WET,9.0,True,0 days 02:21:16.752000,21.7,14,28.2,0 days 00:00:26.743000,0 days 00:00:46.681000,0 days 00:00:26.952000,1,100.376,8476.752,0.27599999999983993,False,False,False,False,False,True,9.0,0.0,0.0,26.743,46.681,26.952,0,0,0,0.0,103.02000000000001,1.874402037984369,-1.410583186754972,0,1,100.656,99.434,-1.2220000000000084,0.0,-0.28000000000000114,-0.8763333333333302,0.0,-0.09099999999999753,0.2763439885360282,-0.8763333333333302,0,1,2022,Monaco Grand Prix,0.0,19,0.0
ZHO,10,0 days 00:01:39.434000,WET,10.0,True,0 days 02:22:56.186000,21.9,14,27.9,0 days 00:00:26.414000,0 days 00:00:46.234000,0 days 00:00:26.786000,12,99.434,8576.186,0.4570000000003347,False,False,False,False,False,True,10.0,0.0,0.0,26.414,46.234,26.786,0,0,1,0.0,101.9542,1.4278825932127426,-1.7649910517709588,1,0,100.376,98.623,-1.7530000000000001,0.0,-0.9420000000000073,-1.0209999999999961,0.0,-0.16600000000000037,0.2687818818298595,-1.0209999999999961,0,1,2022,Monaco Grand Prix,0.0,19,0.0
ZHO,11,0 days 00:01:38.623000,WET,11.0,True,0 days 02:24:34.809000,21.9,13,27.3,0 days 00:00:26.127000,0 days 00:00:45.421000,0 days 00:00:27.075000,12,98.623,8674.809,0.24200000000018917,False,False,False,False,False,True,11.0,0.0,0.0,26.127,45.421,27.075,0,0,1,0.0,101.184,1.5628286854290678,-1.638695286231505,1,1,99.434,99.636,0.20199999999999818,0.0,-0.8109999999999928,-0.8603333333333344,0.0,0.2889999999999979,0.2148657720531605,-0.8603333333333344,0,1,2022,Monaco Grand Prix,0.0,19,0.0
ZHO,12,0 days 00:01:39.636000,WET,12.0,True,0 days 02:26:14.445000,22.0,14,27.1,0 days 00:00:25.947000,0 days 00:00:46.124000,0 days 00:00:27.565000,1,99.636,8774.445,0.35499999999956344,False,False,False,False,False,True,12.0,0.0,0.0,25.947,46.124,27.565,0,0,0,0.0,100.22080000000001,1.2849765367507489,-0.45510558619129954,0,1,98.623,99.91,1.286999999999992,0.0,1.012999999999991,-0.6776666666666671,0.0,0.7789999999999999,0.24041776140709845,-0.6776666666666671,0,1,2022,Monaco Grand Prix,0.0,19,0.0
ZHO,13,0 days 00:01:39.910000,WET,13.0,True,0 days 02:27:54.355000,21.9,14,27.0,0 days 00:00:26.679000,0 days 00:00:45.351000,0 days 00:00:27.880000,1,99.91,8874.355,0.34500000000116415,False,False,False,False,False,True,13.0,0.0,0.0,26.679,45.351,27.88,0,0,0,0.0,99.745,0.8055383293176971,0.2048319663941373,0,0,99.636,97.785,-1.850999999999999,1.012999999999991,0.2740000000000009,-0.2466666666666697,0.0,1.0939999999999976,0.38991576013287843,-0.2466666666666697,0,1,2022,Monaco Grand Prix,0.0,19,0.0
ZHO,14,0 days 00:01:37.785000,WET,14.0,True,0 days 02:29:32.140000,21.8,14,26.4,0 days 00:00:25.878000,0 days 00:00:44.964000,0 days 00:00:26.943000,1,97.785,8972.14,0.24400000000059663,False,False,False,False,False,True,14.0,0.0,0.0,25.878,44.964,26.943,0,0,0,0.0,99.5958,0.6483765881028904,-2.7928213837860625,1,0,99.91,96.352,-3.5579999999999927,1.286999999999992,-2.125,0.15866666666666637,0.0,-0.1319999999999979,0.5470900291542513,0.15866666666666637,0,1,2022,Monaco Grand Prix,0.0,19,0.0
ZHO,15,0 days 00:01:36.352000,WET,15.0,True,0 days 02:31:08.492000,21.9,14,27.0,0 days 00:00:25.397000,0 days 00:00:44.385000,0 days 00:00:26.570000,1,96.352,9068.492,0.31600000000071304,False,False,False,False,False,True,15.0,0.0,0.0,25.397,44.385,26.57,0,0,0,0.0,99.07759999999999,0.867351889373589,-3.142438534339787,1,1,97.785,95.725,-2.0600000000000023,0.0,-1.4329999999999927,-0.27933333333333604,0.0,-0.3730000000000011,0.5561651733073544,-0.27933333333333604,0,1,2022,Monaco Grand Prix,0.0,19,0.0
ZHO,16,0 days 00:01:35.725000,WET,16.0,True,0 days 02:32:44.217000,22.1,14,26.9,0 days 00:00:25.229000,0 days 00:00:44.197000,0 days 00:00:26.299000,1,95.725,9164.217,0.3959999999988213,False,False,False,False,False,True,16.0,0.0,0.0,25.229,44.197,26.299,0,0,0,0.0,98.46119999999999,1.4501143747994212,-1.886885646781114,1,1,96.352,96.145,-0.20700000000000784,0.0,-0.6270000000000095,-1.094666666666664,0.0,-0.2710000000000008,0.611273506705468,-1.094666666666664,0,1,2022,Monaco Grand Prix,0.0,19,0.0
ZHO,17,0 days 00:01:36.145000,WET,17.0,True,0 days 02:34:20.362000,22.0,15,26.8,0 days 00:00:25.041000,0 days 00:00:43.641000,0 days 00:00:27.463000,12,96.145,9260.362,1.7550000000010186,False,False,False,False,False,True,17.0,0.0,0.0,25.041,43.641,27.463,0,0,1,0.0,97.88159999999999,1.88363061665495,-0.921942967291507,0,1,95.725,94.988,-0.7369999999999948,0.0,0.4200000000000017,-1.3950000000000007,0.0,1.1640000000000015,0.6695127332620342,-1.3950000000000007,0,0,2022,Monaco Grand Prix,0.0,19,0.0
ZHO,18,0 days 00:01:34.988000,WET,18.0,True,0 days 02:35:55.350000,22.1,15,27.1,0 days 00:00:25.193000,0 days 00:00:43.487000,0 days 00:00:26.308000,1,94.988,9355.35,2.6999999999989086,False,False,False,False,False,True,18.0,0.0,0.0,25.193,43.487,26.308,0,0,0,0.0,97.1834,1.7097295985037795,-1.2840626973535743,0,0,96.145,90.576,-5.569000000000003,0.4200000000000017,-1.1569999999999965,-0.5466666666666669,0.0,0.009000000000000341,0.7652550555207072,-0.5466666666666669,0,0,2022,Monaco Grand Prix,0.0,19,0.0
ZHO,21,0 days 00:01:30.576000,HARD,,True,0 days 02:40:58.485000,22.1,17,27.3,0 days 00:00:24.172000,0 days 00:00:40.207000,0 days 00:00:26.197000,1,90.576,9658.485,0.18499999999949068,True,False,False,False,False,False,0.0,0.0,0.0,24.172,40.207,26.197,0,0,0,0.0,96.199,1.0287028239486242,-5.466107284916747,1,0,94.988,93.449,-1.5390000000000015,0.0,-4.412000000000006,-0.4546666666666681,0.0,-0.10200000000000031,0.6231872110369417,-0.4546666666666681,0,1,2022,Monaco Grand Prix,0.0,19,0.0
ZHO,22,0 days 00:01:33.449000,HARD,,True,0 days 02:42:31.934000,22.2,16,27.3,0 days 00:00:25.094000,0 days 00:00:41.883000,0 days 00:00:26.472000,1,93.449,9751.934,1.0,True,False,False,False,False,False,0.0,0.0,0.0,25.094,41.883,26.472,0,0,0,0.0,94.7572,2.3948755082466886,-0.5462496883429842,0,1,90.576,86.882,-3.6939999999999884,0.0,2.8730000000000047,-1.7163333333333337,0.0,0.27500000000000213,0.620782812262068,-1.7163333333333337,0,1,2022,Monaco Grand Prix,0.0,19,0.0
ZHO,23,0 days 00:01:26.882000,HARD,,True,0 days 02:43:58.816000,22.2,16,27.6,0 days 00:00:23.187000,0 days 00:00:39.135000,0 days 00:00:24.560000,1,86.882,9838.816,4.373999999999796,True,False,False,False,False,False,0.0,0.0,0.0,23.187,39.135,24.56,0,0,0,0.0,94.1766,2.259658890186704,-3.2281863566572535,1,0,93.449,88.501,-4.947999999999993,2.8730000000000047,-6.566999999999993,-0.898666666666666,0.0,-1.6370000000000005,0.5664190145113437,-0.898666666666666,0,0,2022,Monaco Grand Prix,0.0,19,0.0
ZHO,24,0 days 00:01:28.501000,HARD,,True,0 days 02:45:27.317000,22.2,16,27.8,0 days 00:00:24.463000,0 days 00:00:41.455000,0 days 00:00:22.583000,1,88.501,9927.317,0.6510000000016589,True,False,False,False,False,False,0.0,0.0,0.0,24.463,41.455,22.583,0,0,0,0.0,92.408,3.7282083498645457,-1.047956453437466,0,1,86.882,89.024,2.141999999999996,0.0,1.6189999999999998,-2.701999999999998,0.0,-1.9770000000000003,1.0128966877228904,-2.701999999999998,0,1,2022,Monaco Grand Prix,0.0,19,0.0
ZHO,31,0 days 00:01:29.024000,MEDIUM,2.0,True,0 days 03:17:41.110000,21.9,16,28.0,0 days 00:00:23.965000,0 days 00:00:40.765000,0 days 00:00:24.294000,1,89.024,11861.11,13.774999999999636,False,False,True,False,False,False,2.0,0.0,0.0,23.965,40.765,24.294,0,0,0,0.0,90.8792,3.3619742265519625,-0.5518186264927699,0,0,88.501,90.065,1.563999999999993,1.6189999999999998,0.5229999999999961,-0.6916666666666629,0.0,1.711000000000002,1.0390720860460079,-0.6916666666666629,0,0,2022,Monaco Grand Prix,0.0,19,0.0
ZHO,32,0 days 00:01:30.065000,MEDIUM,3.0,True,0 days 03:19:11.175000,21.9,16,28.3,0 days 00:00:23.757000,0 days 00:00:43.598000,0 days 00:00:22.710000,1,90.065,11951.175,7.79700000000048,False,False,True,False,False,False,3.0,0.0,0.0,23.757,43.598,22.71,0,0,0,0.0,89.6864,2.4827984815525426,0.15248921844162142,0,0,89.024,82.33,-6.694000000000003,2.141999999999996,1.0409999999999968,-1.474999999999999,0.0,0.12700000000000244,1.5002723086160075,-1.474999999999999,0,0,2022,Monaco Grand Prix,0.0,19,0.0
ZHO,33,0 days 00:01:22.330000,MEDIUM,4.0,True,0 days 03:20:33.505000,21.9,16,28.5,0 days 00:00:21.565000,0 days 00:00:38.331000,0 days 00:00:22.434000,1,82.33,12033.505,9.040000000000873,False,False,True,False,False,False,4.0,0.0,0.0,21.565,38.331,22.434,0,0,0,0.0,89.5842,2.447288233943768,-2.96417884063863,1,0,90.065,82.397,-7.667999999999992,3.1829999999999927,-7.734999999999999,1.0609999999999975,0.0,-0.14899999999999736,1.5130245206208672,1.0609999999999975,0,0,2022,Monaco Grand Prix,0.0,19,0.0
ZHO,34,0 days 00:01:22.397000,MEDIUM,5.0,True,0 days 03:21:55.902000,22.0,16,28.8,0 days 00:00:21.861000,0 days 00:00:38.323000,0 days 00:00:22.213000,1,82.397,12115.902,9.57799999999952,False,False,True,False,False,False,5.0,0.0,0.0,21.861,38.323,22.213,0,0,0,0.0,87.3604,3.0379756911469067,-1.6337852914570865,1,1,82.33,82.053,-0.277000000000001,0.0,0.06700000000000728,-2.057000000000002,0.0,-0.22100000000000009,1.4843368889844395,-2.057000000000002,0,0,2022,Monaco Grand Prix,0.0,19,0.0
ZHO,35,0 days 00:01:22.053000,MEDIUM,6.0,True,0 days 03:23:17.955000,22.1,16,28.8,0 days 00:00:21.615000,0 days 00:00:38.273000,0 days 00:00:22.165000,1,82.053,12197.955,8.915000000000873,False,False,True,False,False,False,6.0,0.0,0.0,21.615,38.273,22.165,0,0,0,0.0,86.46340000000001,3.7848584253574753,-1.16527476178543,0,1,82.397,82.159,-0.23799999999999955,0.06700000000000728,-0.3440000000000083,-2.2089999999999983,0.0,-0.04800000000000182,1.3106682265165366,-2.2089999999999983,0,0,2022,Monaco Grand Prix,0.0,19,0.0
ZHO,36,0 days 00:01:22.159000,MEDIUM,7.0,True,0 days 03:24:40.114000,22.3,16,28.9,0 days 00:00:21.633000,0 days 00:00:38.482000,0 days 00:00:22.044000,1,82.159,12280.114,6.853000000000975,False,False,True,False,False,False,7.0,0.0,0.0,21.633,38.482,22.044,0,0,0,0.0,85.1738,4.008899063333899,-0.7520269162109591,0,0,82.053,81.869,-0.1839999999999975,0.0,0.10600000000000875,-2.670666666666667,0.0,-0.12099999999999866,0.8083495531018756,-2.670666666666667,0,0,2022,Monaco Grand Prix,0.0,19,0.0
ZHO,37,0 days 00:01:21.869000,MEDIUM,8.0,True,0 days 03:26:01.983000,22.3,16,29.1,0 days 00:00:21.812000,0 days 00:00:38.175000,0 days 00:00:21.882000,1,81.869,12361.983,5.6489999999994325,False,False,True,False,False,False,8.0,0.0,0.0,21.812,38.175,21.882,0,0,0,0.0,83.80080000000001,3.5044407827782376,-0.5512434421758226,0,0,82.159,81.571,-0.5880000000000081,0.10600000000000875,-0.29000000000000625,-0.05699999999999742,0.0,-0.16199999999999903,0.13244546047336214,-0.05699999999999742,0,0,2022,Monaco Grand Prix,0.0,19,0.0
ZHO,38,0 days 00:01:21.571000,MEDIUM,9.0,True,0 days 03:27:23.554000,22.3,16,29.1,0 days 00:00:21.371000,0 days 00:00:38.251000,0 days 00:00:21.949000,1,81.571,12443.554,4.359000000000378,False,False,True,False,False,False,9.0,0.0,0.0,21.371,38.251,21.949,0,0,0,0.0,82.16159999999999,0.21283044894769718,-2.774978876002532,1,0,81.869,80.616,-1.2530000000000001,0.0,-0.2980000000000018,-0.17600000000000193,0.0,0.06700000000000017,0.0631482382968892,-0.17600000000000193,0,0,2022,Monaco Grand Prix,0.0,19,0.0
ZHO,39,0 days 00:01:20.616000,MEDIUM,10.0,True,0 days 03:28:44.170000,22.3,16,28.8,0 days 00:00:21.412000,0 days 00:00:37.682000,0 days 00:00:21.522000,1,80.616,12524.17,4.117000000000189,False,False,True,False,False,False,10.0,0.0,0.0,21.412,37.682,21.522,0,0,0,0.0,82.0098,0.31081377060753235,-4.484357296253659,1,1,81.571,80.512,-1.0589999999999975,0.0,-0.9549999999999983,-0.16066666666666643,0.0,-0.360000000000003,0.11121375814170088,-0.16066666666666643,0,0,2022,Monaco Grand Prix,0.0,19,0.0
ZHO,40,0 days 00:01:20.512000,MEDIUM,11.0,True,0 days 03:30:04.682000,22.3,16,28.7,0 days 00:00:21.453000,0 days 00:00:37.417000,0 days 00:00:21.642000,1,80.512,12604.682,3.867000000000189,False,False,True,False,False,False,11.0,0.0,0.0,21.453,37.417,21.642,0,0,0,0.0,81.6536,0.6214465383275195,-1.8370043593329055,1,1,80.616,79.686,-0.9299999999999926,0.0,-0.1039999999999992,-0.5143333333333354,0.0,0.120000000000001,0.1576410479538914,-0.5143333333333354,0,0,2022,Monaco Grand Prix,0.0,19,0.0
ZHO,41,0 days 00:01:19.686000,MEDIUM,12.0,True,0 days 03:31:24.368000,22.4,16,28.9,0 days 00:00:21.228000,0 days 00:00:37.307000,0 days 00:00:21.151000,1,79.686,12684.368,4.007999999999811,False,False,True,False,False,False,12.0,0.0,0.0,21.228,37.307,21.151,0,0,0,0.0,81.3454,0.7439047654096893,-2.230661876572484,1,1,80.512,80.712,0.20000000000000284,0.0,-0.8259999999999934,-0.4523333333333331,0.0,-0.37099999999999866,0.19221524393242406,-0.4523333333333331,0,0,2022,Monaco Grand Prix,0.0,19,0.0
ZHO,42,0 days 00:01:20.712000,MEDIUM,13.0,True,0 days 03:32:45.080000,22.5,16,29.4,0 days 00:00:21.406000,0 days 00:00:37.833000,0 days 00:00:21.473000,1,80.712,12765.08,2.585000000000946,False,False,True,False,False,False,13.0,0.0,0.0,21.406,37.833,21.473,0,0,0,0.0,80.8508,0.8777947937868061,-0.1581235170024423,0,1,79.686,78.681,-1.0050000000000097,0.0,1.0259999999999962,-0.6283333333333303,0.0,0.3219999999999992,0.23058989570230762,-0.6283333333333303,0,0,2022,Monaco Grand Prix,0.0,19,0.0
ZHO,43,0 days 00:01:18.681000,MEDIUM,14.0,True,0 days 03:34:03.761000,22.6,16,29.4,0 days 00:00:20.833000,0 days 00:00:36.885000,0 days 00:00:20.963000,1,78.681,12843.761,2.4830000000001746,False,False,True,False,False,False,14.0,0.0,0.0,20.833,36.885,20.963,0,0,0,0.0,80.6194,0.6702423442302187,-2.892088237466221,1,0,80.712,79.784,-0.9279999999999973,1.0259999999999962,-2.031000000000006,0.032000000000001215,0.0,-0.18799999999999883,0.3082033419676059,0.032000000000001215,0,0,2022,Monaco Grand Prix,0.0,19,0.0
ZHO,44,0 days 00:01:19.784000,MEDIUM,15.0,True,0 days 03:35:23.545000,22.4,16,29.5,0 days 00:00:21.189000,0 days 00:00:37.506000,0 days 00:00:21.089000,1,79.784,12923.545,1.5450000000000728,False,False,True,False,False,False,15.0,0.0,0.0,21.189,37.506,21.089,0,0,0,0.0,80.0414,0.8628921137658064,-0.2982991684518392,0,1,78.681,79.891,1.210000000000008,0.0,1.1030000000000086,-0.6103333333333344,0.0,0.12599999999999767,0.3062528367215574,-0.6103333333333344,0,0,2022,Monaco Grand Prix,0.0,19,0.0
ZHO,45,0 days 00:01:19.891000,MEDIUM,16.0,True,0 days 03:36:43.436000,22.3,16,28.7,0 days 00:00:21.106000,0 days 00:00:37.546000,0 days 00:00:21.239000,1,79.891,13003.436,0.7970000000004802,False,False,True,False,False,False,16.0,0.0,0.0,21.106,37.546,21.239,0,0,0,0.0,79.875,0.8024923675644653,0.019937884329747274,0,0,79.784,79.32,-0.46400000000001285,1.1030000000000086,0.10699999999999932,0.03266666666666632,0.0,0.2759999999999998,0.2770057761130628,0.03266666666666632,0,1,2022,Monaco Grand Prix,0.0,19,0.0
ZHO,46,0 days 00:01:19.320000,MEDIUM,17.0,True,0 days 03:38:02.756000,22.4,16,29.0,0 days 00:00:21.079000,0 days 00:00:37.092000,0 days 00:00:21.149000,1,79.32,13082.756,1.5940000000009604,False,False,True,False,False,False,17.0,0.0,0.0,21.079,37.092,21.149,0,0,0,0.0,79.7508,0.7234180672330635,-0.5955062770933176,0,0,79.891,79.691,-0.20000000000000284,1.210000000000008,-0.5710000000000122,-0.273666666666666,0.0,0.18599999999999994,0.3013619086746038,-0.273666666666666,0,0,2022,Monaco Grand Prix,0.0,19,0.0
ZHO,47,0 days 00:01:19.691000,MEDIUM,18.0,True,0 days 03:39:22.447000,22.5,16,29.0,0 days 00:00:20.872000,0 days 00:00:37.406000,0 days 00:00:21.413000,1,79.691,13162.447,0.9920000000001892,False,False,True,False,False,False,18.0,0.0,0.0,20.872,37.406,21.413,0,0,0,0.0,79.6776,0.7496554541916054,0.01787487828585767,0,0,79.32,79.632,0.3120000000000118,0.6389999999999958,0.3710000000000093,0.2129999999999986,0.0,0.3240000000000016,0.2008850417527414,0.2129999999999986,0,1,2022,Monaco Grand Prix,0.0,19,0.0
ZHO,48,0 days 00:01:19.632000,MEDIUM,19.0,True,0 days 03:40:42.079000,22.6,16,29.7,0 days 00:00:21.085000,0 days 00:00:37.623000,0 days 00:00:20.924000,1,79.632,13242.079,1.0349999999998545,False,False,True,False,False,False,19.0,0.0,0.0,21.085,37.623,20.924,0,0,0,0.0,79.4734,0.49235180511420856,0.3221273860531846,0,0,79.691,84.257,4.5660000000000025,1.0100000000000051,-0.0589999999999975,-0.031000000000001176,0.0,-0.22500000000000142,0.20132858714052726,-0.031000000000001176,0,0,2022,Monaco Grand Prix,0.0,19,0.0
ZHO,49,0 days 00:01:24.257000,MEDIUM,20.0,True,0 days 03:42:06.336000,22.5,17,29.8,0 days 00:00:21.024000,0 days 00:00:39.788000,0 days 00:00:23.445000,1,84.257,13326.336,0.0,False,False,True,False,False,False,20.0,0.0,0.0,21.024,39.788,23.445,0,0,0,0.0,79.6636,0.21564855668244076,21.300397603699896,0,0,79.632,78.999,-0.6330000000000098,0.3120000000000118,4.625,-0.08633333333333344,0.0,2.521000000000001,0.21671132873018273,-0.08633333333333344,0,0,2022,Monaco Grand Prix,0.0,19,0.0
ZHO,50,0 days 00:01:18.999000,MEDIUM,21.0,True,0 days 03:43:25.335000,22.6,17,29.5,0 days 00:00:21.267000,0 days 00:00:36.943000,0 days 00:00:20.789000,1,78.999,13405.335,0.0,False,False,True,False,False,False,21.0,0.0,0.0,21.267,36.943,20.789,0,0,0,0.0,80.5582,2.077817292256283,-0.7504028413907764,0,0,84.257,78.342,-5.915000000000006,4.937000000000012,-5.25800000000001,1.6456666666666706,0.0,-0.134999999999998,1.0865161296547798,1.6456666666666706,0,0,2022,Monaco Grand Prix,0.0,19,0.0
ZHO,51,0 days 00:01:18.342000,MEDIUM,22.0,True,0 days 03:44:43.677000,22.6,17,29.2,0 days 00:00:20.720000,0 days 00:00:36.874000,0 days 00:00:20.748000,1,78.342,13483.677,0.0,False,False,True,False,False,False,22.0,0.0,0.0,20.72,36.874,20.748,0,0,0,0.0,80.3798,2.184955079629609,-0.9326507528683151,0,0,78.999,78.2,-0.7989999999999924,0.0,-0.6569999999999965,-0.2306666666666691,0.0,-0.04100000000000037,1.1332491782481036,-0.2306666666666691,0,0,2022,Monaco Grand Prix,0.0,19,0.0
ZHO,52,0 days 00:01:18.200000,MEDIUM,23.0,True,0 days 03:46:01.877000,22.5,17,29.2,0 days 00:00:20.640000,0 days 00:00:36.797000,0 days 00:00:20.763000,1,78.2,13561.877,0.0,False,False,True,False,False,False,23.0,0.0,0.0,20.64,36.797,20.763,0,0,0,0.0,80.1842,2.3417018811110917,-0.8473324533772579,0,0,78.342,79.101,0.7590000000000003,0.0,-0.1419999999999959,-0.4300000000000021,0.0,0.015000000000000568,1.1550238958567056,-0.4300000000000021,0,0,2022,Monaco Grand Prix,0.0,19,0.0
ZHO,53,0 days 00:01:19.101000,MEDIUM,24.0,True,0 days 03:47:20.978000,22.4,17,29.2,0 days 00:00:20.812000,0 days 00:00:37.355000,0 days 00:00:20.934000,1,79.101,13640.978,0.0,False,False,True,False,False,False,24.0,0.0,0.0,20.812,37.355,20.934,0,0,0,0.0,79.886,2.509156133045375,-0.3128541861790156,0,0,78.2,79.079,0.8789999999999907,0.0,0.9009999999999962,-2.0190000000000006,0.0,0.18599999999999994,1.1741541636429187,-2.0190000000000006,0,0,2022,Monaco Grand Prix,0.0,19,0.0
ZHO,54,0 days 00:01:19.079000,MEDIUM,25.0,True,0 days 03:48:40.057000,22.5,17,29.1,0 days 00:00:20.817000,0 days 00:00:37.305000,0 days 00:00:20.957000,1,79.079,13720.057,0.0,False,False,True,False,False,False,25.0,0.0,0.0,20.817,37.305,20.957,0,0,0,0.0,79.7798,2.5337114476591887,-0.27659029628154647,0,0,79.101,79.326,0.22499999999999432,0.9009999999999962,-0.02200000000000557,0.034000000000001286,0.0,0.20899999999999963,1.1306795301941224,0.034000000000001286,0,0,2022,Monaco Grand Prix,0.0,19,0.0
ZHO,55,0 days 00:01:19.326000,MEDIUM,26.0,True,0 days 03:49:59.383000,22.3,17,29.1,0 days 00:00:20.878000,0 days 00:00:37.245000,0 days 00:00:21.203000,1,79.326,13799.383,0.0,False,False,True,False,False,False,26.0,0.0,0.0,20.878,37.245,21.203,0,0,0,0.0,78.7442,0.4365314421656071,1.3327791398340314,0,0,79.079,79.812,0.7330000000000041,0.8789999999999907,0.2469999999999999,0.24566666666666492,0.0,0.4399999999999977,0.147865479406117,0.24566666666666492,0,0,2022,Monaco Grand Prix,0.0,19,0.0
ZHO,56,0 days 00:01:19.812000,MEDIUM,27.0,True,0 days 03:51:19.195000,22.4,16,29.1,0 days 00:00:21.027000,0 days 00:00:37.773000,0 days 00:00:21.012000,12,79.812,13879.195,0.0,False,False,True,False,False,False,27.0,0.0,0.0,21.027,37.773,21.012,0,0,1,0.0,78.8096,0.503592394699508,1.9904986861410474,0,0,79.326,79.211,-0.11499999999999488,1.1259999999999906,0.4860000000000042,0.3753333333333302,0.0,0.0779999999999994,0.1890018518427815,0.3753333333333302,0,0,2022,Monaco Grand Prix,0.0,19,0.0
ZHO,57,0 days 00:01:19.211000,MEDIUM,28.0,True,0 days 03:52:38.406000,22.4,16,29.1,0 days 00:00:20.806000,0 days 00:00:37.482000,0 days 00:00:20.923000,1,79.211,13958.406,0.0,False,False,True,False,False,False,28.0,0.0,0.0,20.806,37.482,20.923,0,0,0,0.0,79.1036,0.5848925542346999,0.18362346934049356,0,0,79.812,79.393,-0.41899999999999693,1.6119999999999948,-0.6009999999999991,0.23699999999999952,0.0,-0.03400000000000247,0.1627491935463914,0.23699999999999952,0,0,2022,Monaco Grand Prix,0.0,19,0.0
ZHO,58,0 days 00:01:19.393000,MEDIUM,29.0,True,0 days 03:53:57.799000,22.4,16,29.5,0 days 00:00:20.831000,0 days 00:00:37.519000,0 days 00:00:21.043000,1,79.393,14037.799,31.610999999998967,False,False,True,False,False,False,29.0,0.0,0.0,20.831,37.519,21.043,0,0,0,0.0,79.3058,0.29958921876329303,0.2910652137615569,0,0,79.211,82.057,2.8460000000000036,0.132000000000005,0.18200000000000216,0.04400000000000167,0.0,0.120000000000001,0.1764856934711736,0.04400000000000167,0,0,2022,Monaco Grand Prix,0.0,19,0.0
ZHO,59,0 days 00:01:22.057000,MEDIUM,30.0,True,0 days 03:55:19.856000,22.4,16,29.3,0 days 00:00:20.769000,0 days 00:00:37.659000,0 days 00:00:23.629000,12,82.057,14119.856,38.998999999999796,False,False,True,False,False,False,30.0,0.0,0.0,20.769,37.659,23.629,0,0,1,0.0,79.3642,0.2773187696482187,9.710125295218372,0,0,79.393,80.387,0.9939999999999998,0.31400000000000716,2.6640000000000015,0.02233333333333576,0.0,2.706000000000003,0.1779938201174439,0.02233333333333576,0,0,2022,Monaco Grand Prix,0.0,19,0.0
ZHO,60,0 days 00:01:20.387000,MEDIUM,31.0,True,0 days 03:56:40.243000,22.3,16,29.1,0 days 00:00:22.198000,0 days 00:00:37.275000,0 days 00:00:20.914000,1,80.387,14200.243,34.59100000000035,False,False,True,False,False,False,31.0,0.0,0.0,22.198,37.275,20.914,0,0,0,0.0,79.9598,1.1941271707817502,0.35775084132817053,0,0,82.057,81.853,-0.20400000000000773,2.8460000000000036,-1.6700000000000017,0.7483333333333348,0.0,-0.008999999999996788,1.1561202359616432,0.7483333333333348,0,0,2022,Monaco Grand Prix,0.0,19,0.0
ZHO,61,0 days 00:01:21.853000,MEDIUM,32.0,True,0 days 03:58:02.096000,22.2,16,29.1,0 days 00:00:22.257000,0 days 00:00:38.676000,0 days 00:00:20.920000,1,81.853,14282.096,28.072000000000116,False,False,True,False,False,False,32.0,0.0,0.0,22.257,38.676,20.92,0,0,0,0.0,80.172,1.1466703972804173,1.465983602600068,0,0,80.387,79.606,-0.7810000000000059,1.176000000000002,1.465999999999994,0.3920000000000006,0.0,0.006000000000000227,1.1944761194766533,0.3920000000000006,0,0,2022,Monaco Grand Prix,0.0,19,0.0
ZHO,62,0 days 00:01:19.606000,MEDIUM,33.0,True,0 days 03:59:21.702000,22.2,16,28.9,0 days 00:00:20.998000,0 days 00:00:37.479000,0 days 00:00:21.129000,1,79.606,14361.702,26.126000000000204,False,False,True,False,False,False,33.0,0.0,0.0,20.998,37.479,21.129,0,0,0,0.0,80.58019999999999,1.3343946942337652,-0.7300688501009068,0,0,81.853,79.547,-2.3059999999999974,2.641999999999996,-2.247,0.819999999999998,0.0,0.21499999999999986,1.2023315682456333,0.819999999999998,0,0,2022,Monaco Grand Prix,0.0,19,0.0
