Driver,LapNumber,LapTime,Compound,TyreLife,IsAccurate,Time,AirTemp,Position,TrackTemp,Sector1Time,Sector2Time,Sector3Time,TrackStatus,LapTimeSec,RaceTimeSec,GapBehindSec,compound_HARD,compound_MEDIUM,compound_SOFT,TyreAge,GapToLeaderSec,GapAheadSec,Sector1Sec,Sector2Sec,Sector3Sec,IsSC,IsVSC,IsYellow,AEBI,LapTime_roll_mean,LapTime_roll_std,LapTime_z,LapSpikeFast,PrevLapSpikeFast,PrevLapTimeSec,NextLapTimeSec,DeltaNextLapSec,PushIndex,TyreDegRate,TyreDegSmooth,DeltaGapAhead,ERSProxy,ERSVolatility,PushTrend,IsDRSRange,IsUnderAttack,Season,RaceName,TrackLengthKm,TrackCorners,TrackAvgSpeedKph
ALB,2,0 days 00:01:33.227000,MEDIUM,2.0,True,0 days 01:05:25.360000,28.7,16,34.9,0 days 00:00:18.788000,0 days 00:00:39.586000,0 days 00:00:34.853000,1,93.227,3925.36,1.1849999999999454,False,True,False,2.0,0.0,0.0,18.788,39.586,34.853,0,0,0,0.0,,,0.0,0,0,93.227,92.356,-0.8710000000000093,0.0,0.0,0.0,0.0,0.0,0.0,0.0,0,0,2022,Abu Dhabi Grand Prix,0.0,16,0.0
ALB,3,0 days 00:01:32.356000,MEDIUM,3.0,True,0 days 01:06:57.716000,28.7,16,34.3,0 days 00:00:18.723000,0 days 00:00:38.407000,0 days 00:00:35.226000,1,92.356,4017.716,1.8350000000000364,False,True,False,3.0,0.0,0.0,18.723,38.407,35.226,0,0,0,0.0,,,0.0,0,0,93.227,93.137,-0.09000000000000341,0.0,-0.8710000000000093,0.0,0.0,0.0,0.0,0.0,0,0,2022,Abu Dhabi Grand Prix,0.0,16,0.0
ALB,4,0 days 00:01:33.137000,MEDIUM,4.0,True,0 days 01:08:30.853000,28.7,16,34.0,0 days 00:00:18.687000,0 days 00:00:38.424000,0 days 00:00:36.026000,1,93.137,4110.853,1.1710000000002765,False,True,False,4.0,0.0,0.0,18.687,38.424,36.026,0,0,0,0.0,,,0.0,0,0,92.356,92.652,0.2960000000000065,0.0,0.7810000000000059,-0.43550000000000466,0.0,1.1730000000000018,0.0,0.0,0,0,2022,Abu Dhabi Grand Prix,0.0,16,0.0
ALB,5,0 days 00:01:32.652000,MEDIUM,5.0,True,0 days 01:10:03.505000,28.5,15,34.0,0 days 00:00:18.785000,0 days 00:00:38.870000,0 days 00:00:34.997000,1,92.652,4203.505,0.49499999999989086,False,True,False,5.0,0.0,0.0,18.785,38.87,34.997,0,0,0,0.0,92.90666666666668,0.47900974242006567,-0.531652373874581,0,0,93.137,92.302,-0.8349999999999937,0.7810000000000059,-0.48499999999999943,-0.030000000000001137,0.0,0.14399999999999835,0.6772318657594321,-0.045000000000001705,0,1,2022,Abu Dhabi Grand Prix,0.0,16,0.0
ALB,6,0 days 00:01:32.302000,MEDIUM,6.0,True,0 days 01:11:35.807000,28.6,15,34.2,0 days 00:00:18.718000,0 days 00:00:38.967000,0 days 00:00:34.617000,1,92.302,4295.807,1.029000000000451,False,True,False,6.0,0.0,0.0,18.718,38.967,34.617,0,0,0,0.0,92.843,0.41131577488186577,-1.315291153507005,0,0,92.652,91.987,-0.6650000000000063,0.2960000000000065,-0.3499999999999943,-0.19166666666666762,0.0,-0.38000000000000256,0.5665811945343766,-0.19166666666666762,0,0,2022,Abu Dhabi Grand Prix,0.0,16,0.0
ALB,7,0 days 00:01:31.987000,MEDIUM,7.0,True,0 days 01:13:07.794000,28.5,15,34.0,0 days 00:00:18.606000,0 days 00:00:38.865000,0 days 00:00:34.516000,1,91.987,4387.794,1.0870000000004438,False,True,False,7.0,0.0,0.0,18.606,38.865,34.516,0,0,0,0.0,92.73479999999999,0.4306062006056136,-1.7366215325006384,1,0,92.302,92.303,0.000999999999990564,0.0,-0.31500000000001194,-0.017999999999995946,0.0,-0.10099999999999909,0.5842668910694852,-0.017999999999995946,0,0,2022,Abu Dhabi Grand Prix,0.0,16,0.0
ALB,8,0 days 00:01:32.303000,MEDIUM,8.0,True,0 days 01:14:40.097000,28.5,15,34.1,0 days 00:00:18.630000,0 days 00:00:39.066000,0 days 00:00:34.607000,1,92.303,4480.097,1.173000000000684,False,True,False,8.0,0.0,0.0,18.63,39.066,34.607,0,0,0,0.0,92.4868,0.4333332435897389,-0.4241539339963932,0,1,91.987,92.406,0.41900000000001114,0.0,0.3160000000000025,-0.38333333333333525,0.0,0.09100000000000108,0.5940300497449615,-0.38333333333333525,0,0,2022,Abu Dhabi Grand Prix,0.0,16,0.0
ALB,9,0 days 00:01:32.406000,MEDIUM,9.0,True,0 days 01:16:12.503000,28.5,15,34.0,0 days 00:00:18.657000,0 days 00:00:39.110000,0 days 00:00:34.639000,1,92.406,4572.503,1.2200000000002547,False,True,False,9.0,0.0,0.0,18.657,39.11,34.639,0,0,0,0.0,92.47619999999999,0.4379562763564465,-0.16028997365675565,0,0,92.303,92.55,0.2469999999999999,0.3160000000000025,0.10300000000000864,-0.11633333333333458,0.0,0.12300000000000466,0.5889994057721972,-0.11633333333333458,0,0,2022,Abu Dhabi Grand Prix,0.0,16,0.0
ALB,10,0 days 00:01:32.550000,MEDIUM,10.0,True,0 days 01:17:45.053000,28.5,15,34.0,0 days 00:00:18.754000,0 days 00:00:39.026000,0 days 00:00:34.770000,1,92.55,4665.053,1.4020000000000437,False,True,False,10.0,0.0,0.0,18.754,39.026,34.77,0,0,0,0.0,92.33000000000001,0.23907216483732718,0.9202242350115503,0,0,92.406,93.387,0.9809999999999945,0.41900000000001114,0.14399999999999125,0.0346666666666664,0.0,0.2540000000000049,0.2212019439335935,0.0346666666666664,0,0,2022,Abu Dhabi Grand Prix,0.0,16,0.0
ALB,11,0 days 00:01:33.387000,MEDIUM,11.0,True,0 days 01:19:18.440000,28.5,15,33.9,0 days 00:00:18.842000,0 days 00:00:39.586000,0 days 00:00:34.959000,1,93.387,4758.44,1.029000000000451,False,True,False,11.0,0.0,0.0,18.842,39.586,34.959,0,0,0,0.0,92.3096,0.20691616659895581,5.206939688227504,0,0,92.55,90.982,-1.5679999999999978,0.5630000000000024,0.8370000000000033,0.18766666666666745,0.0,0.35200000000000387,0.24621799284374274,0.18766666666666745,0,0,2022,Abu Dhabi Grand Prix,0.0,16,0.0
ALB,14,0 days 00:01:30.982000,HARD,2.0,True,0 days 01:24:15.998000,28.4,20,33.5,0 days 00:00:18.563000,0 days 00:00:38.489000,0 days 00:00:33.930000,1,90.982,5055.998,0.0,True,False,False,2.0,0.0,0.0,18.563,38.489,33.93,0,0,0,0.0,92.5266,0.5235802708277,-2.9500729612256538,1,0,93.387,91.43,-1.9569999999999936,1.4000000000000057,-2.405000000000001,0.3613333333333344,0.0,-0.7090000000000032,0.1722199175473047,0.3613333333333344,0,0,2022,Abu Dhabi Grand Prix,0.0,16,0.0
ALB,15,0 days 00:01:31.430000,HARD,3.0,True,0 days 01:25:47.428000,28.4,18,33.3,0 days 00:00:18.575000,0 days 00:00:38.699000,0 days 00:00:34.156000,1,91.43,5147.428,0.0,True,False,False,3.0,0.0,0.0,18.575,38.699,34.156,0,0,0,0.0,92.3256,0.8644595421418,-1.0360230367531527,0,1,90.982,91.585,0.6029999999999944,0.0,0.4480000000000075,-0.47466666666666885,0.0,0.2259999999999991,0.4219143277965357,-0.47466666666666885,0,0,2022,Abu Dhabi Grand Prix,0.0,16,0.0
ALB,16,0 days 00:01:31.585000,HARD,4.0,True,0 days 01:27:19.013000,28.4,16,33.4,0 days 00:00:18.563000,0 days 00:00:38.849000,0 days 00:00:34.173000,1,91.585,5239.013,4.706000000000131,True,False,False,4.0,0.0,0.0,18.563,38.849,34.173,0,0,0,0.0,92.151,0.9537195604579011,-0.5934658608954753,0,0,91.43,91.496,0.06599999999998829,0.4480000000000075,0.15499999999998693,-0.37333333333333013,0.0,0.2430000000000021,0.4316256479867737,-0.37333333333333013,0,0,2022,Abu Dhabi Grand Prix,0.0,16,0.0
ALB,17,0 days 00:01:31.496000,HARD,5.0,True,0 days 01:28:50.509000,28.4,16,33.4,0 days 00:00:18.572000,0 days 00:00:38.663000,0 days 00:00:34.261000,1,91.496,5330.509,2.899999999999636,True,False,False,5.0,0.0,0.0,18.572,38.663,34.261,0,0,0,0.0,91.98679999999999,0.9693872807088071,-0.506299195138113,0,0,91.585,91.836,0.2510000000000048,0.6029999999999944,-0.08899999999999864,-0.6006666666666689,0.0,0.33100000000000307,0.44000988625257303,-0.6006666666666689,0,0,2022,Abu Dhabi Grand Prix,0.0,16,0.0
ALB,18,0 days 00:01:31.836000,HARD,6.0,True,0 days 01:30:22.345000,28.3,16,33.3,0 days 00:00:18.623000,0 days 00:00:38.900000,0 days 00:00:34.313000,1,91.836,5422.345,2.1939999999995052,True,False,False,6.0,0.0,0.0,18.623,38.9,34.313,0,0,0,0.0,91.776,0.9301013385647922,0.06450909972088228,0,0,91.496,91.691,0.1950000000000074,0.5139999999999958,0.3400000000000034,0.17133333333333192,0.0,0.15700000000000358,0.44917179341539487,0.17133333333333192,0,0,2022,Abu Dhabi Grand Prix,0.0,16,0.0
ALB,19,0 days 00:01:31.691000,HARD,7.0,True,0 days 01:31:54.036000,28.3,16,33.2,0 days 00:00:18.601000,0 days 00:00:38.677000,0 days 00:00:34.413000,1,91.691,5514.036,1.626999999999498,True,False,False,7.0,0.0,0.0,18.601,38.677,34.413,0,0,0,0.0,91.46579999999999,0.31125263051099633,0.723528021691881,0,0,91.836,91.835,-0.0010000000000047748,0.8539999999999992,-0.14499999999999602,0.13533333333333056,0.0,0.23999999999999488,0.42857764757392786,0.13533333333333056,0,0,2022,Abu Dhabi Grand Prix,0.0,16,0.0
ALB,20,0 days 00:01:31.835000,HARD,8.0,True,0 days 01:33:25.871000,28.3,15,33.1,0 days 00:00:18.648000,0 days 00:00:38.737000,0 days 00:00:34.450000,1,91.835,5605.871,1.3339999999998327,True,False,False,8.0,0.0,0.0,18.648,38.737,34.45,0,0,0,0.0,91.6076,0.16095744779293522,1.4127957613525841,0,0,91.691,91.929,0.23799999999999955,0.2609999999999957,0.14399999999999125,0.03533333333333625,0.0,0.18900000000000006,0.061994354581687144,0.03533333333333625,0,0,2022,Abu Dhabi Grand Prix,0.0,16,0.0
ALB,21,0 days 00:01:31.929000,HARD,9.0,True,0 days 01:34:57.800000,28.2,15,33.0,0 days 00:00:18.718000,0 days 00:00:38.836000,0 days 00:00:34.375000,1,91.929,5697.8,1.074999999999818,True,False,False,9.0,0.0,0.0,18.718,38.836,34.375,0,0,0,0.0,91.6886,0.15082539573963494,1.5938960333643215,0,0,91.835,91.975,0.14000000000000057,0.33899999999999864,0.0940000000000083,0.11299999999999955,0.0,0.06199999999999761,0.06606814663663542,0.11299999999999955,0,0,2022,Abu Dhabi Grand Prix,0.0,16,0.0
ALB,22,0 days 00:01:31.975000,HARD,10.0,True,0 days 01:36:29.775000,28.2,15,33.0,0 days 00:00:18.639000,0 days 00:00:38.845000,0 days 00:00:34.491000,1,91.975,5789.775,0.691000000000713,True,False,False,10.0,0.0,0.0,18.639,38.845,34.491,0,0,0,0.0,91.75739999999999,0.16910440561977969,1.2867790120694074,0,0,91.929,91.717,-0.2120000000000033,0.43300000000000693,0.04599999999999227,0.031000000000001176,0.0,0.11599999999999966,0.09960773062368271,0.031000000000001176,0,1,2022,Abu Dhabi Grand Prix,0.0,16,0.0
ALB,23,0 days 00:01:31.717000,HARD,11.0,True,0 days 01:38:01.492000,28.2,14,32.9,0 days 00:00:18.566000,0 days 00:00:38.798000,0 days 00:00:34.353000,1,91.717,5881.492,1.0519999999996799,True,False,False,11.0,0.0,0.0,18.566,38.798,34.353,0,0,0,0.0,91.85319999999999,0.10899174280660269,-1.249635949410079,0,0,91.975,91.918,-0.05699999999998795,0.2839999999999918,-0.25799999999999557,0.09466666666666394,0.0,-0.021999999999998465,0.06806394052653617,0.09466666666666394,0,0,2022,Abu Dhabi Grand Prix,0.0,16,0.0
ALB,24,0 days 00:01:31.918000,HARD,12.0,True,0 days 01:39:33.410000,28.2,14,33.3,0 days 00:00:18.562000,0 days 00:00:38.884000,0 days 00:00:34.472000,1,91.918,5973.41,1.405999999999949,True,False,False,12.0,0.0,0.0,18.562,38.884,34.472,0,0,0,0.0,91.82939999999999,0.12543843111271843,0.7063226095390033,0,0,91.717,91.61,-0.10699999999999932,0.02599999999999625,0.20100000000000762,-0.039333333333331666,0.0,0.11899999999999977,0.10327148686834908,-0.039333333333331666,0,0,2022,Abu Dhabi Grand Prix,0.0,16,0.0
ALB,25,0 days 00:01:31.610000,HARD,13.0,True,0 days 01:41:05.020000,28.2,13,32.9,0 days 00:00:18.582000,0 days 00:00:38.609000,0 days 00:00:34.419000,1,91.61,6065.02,0.7669999999998254,True,False,False,13.0,0.0,0.0,18.582,38.609,34.419,0,0,0,0.0,91.87480000000001,0.10164742987415577,-2.6050830830434455,1,0,91.918,91.631,-0.28700000000000614,0.20100000000000762,-0.30800000000000693,-0.0036666666666652268,0.0,0.0659999999999954,0.07843277376199248,-0.0036666666666652268,0,1,2022,Abu Dhabi Grand Prix,0.0,16,0.0
ALB,26,0 days 00:01:31.631000,HARD,14.0,True,0 days 01:42:36.651000,28.2,12,33.0,0 days 00:00:18.516000,0 days 00:00:38.943000,0 days 00:00:34.172000,1,91.631,6156.651,1.4229999999997744,True,False,False,14.0,0.0,0.0,18.516,38.943,34.172,0,0,0,0.0,91.8298,0.15790725125851793,-1.258966883506446,0,1,91.61,91.624,0.013999999999995794,0.0,0.021000000000000796,-0.12166666666666497,0.0,-0.1810000000000045,0.05710691726927554,-0.12166666666666497,0,0,2022,Abu Dhabi Grand Prix,0.0,16,0.0
ALB,27,0 days 00:01:31.624000,HARD,15.0,True,0 days 01:44:08.275000,28.2,12,32.8,0 days 00:00:18.538000,0 days 00:00:38.834000,0 days 00:00:34.252000,1,91.624,6248.275,1.4960000000000946,True,False,False,15.0,0.0,0.0,18.538,38.834,34.252,0,0,0,0.0,91.7702,0.16707692838934818,-0.8750460126924877,0,0,91.631,91.521,-0.10999999999999943,0.021000000000000796,-0.007000000000005002,-0.028666666666666174,0.0,0.0800000000000054,0.1257946739731068,-0.028666666666666174,0,0,2022,Abu Dhabi Grand Prix,0.0,16,0.0
ALB,28,0 days 00:01:31.521000,HARD,16.0,True,0 days 01:45:39.796000,28.1,11,32.5,0 days 00:00:18.546000,0 days 00:00:38.767000,0 days 00:00:34.208000,1,91.521,6339.796,1.5519999999996799,True,False,False,16.0,0.0,0.0,18.546,38.767,34.208,0,0,0,0.0,91.7,0.1288894875465754,-1.388786652870497,0,0,91.624,91.487,-0.13700000000000045,0.013999999999995794,-0.10299999999999443,-0.09800000000000371,0.0,0.036000000000001364,0.11978438963404374,-0.09800000000000371,0,0,2022,Abu Dhabi Grand Prix,0.0,16,0.0
ALB,29,0 days 00:01:31.487000,HARD,17.0,True,0 days 01:47:11.283000,28.1,11,32.8,0 days 00:00:18.528000,0 days 00:00:38.811000,0 days 00:00:34.148000,1,91.487,6431.283,1.6549999999997453,True,False,False,17.0,0.0,0.0,18.528,38.811,34.148,0,0,0,0.0,91.66080000000001,0.15043171208232015,-1.1553415007661834,0,0,91.521,91.451,-0.07000000000000739,0.0,-0.034000000000006025,-0.029666666666666213,0.0,-0.023999999999993804,0.11842085964896752,-0.029666666666666213,0,0,2022,Abu Dhabi Grand Prix,0.0,16,0.0
ALB,30,0 days 00:01:31.451000,HARD,18.0,True,0 days 01:48:42.734000,28.1,11,32.8,0 days 00:00:18.537000,0 days 00:00:38.764000,0 days 00:00:34.150000,1,91.451,6522.734,1.9279999999998836,True,False,False,18.0,0.0,0.0,18.537,38.764,34.15,0,0,0,0.0,91.57459999999999,0.06599469675675454,-1.8728777625203001,1,0,91.487,91.587,0.10000000000000853,0.0,-0.036000000000001364,-0.04800000000000182,0.0,0.001999999999995339,0.10639924811764592,-0.04800000000000182,0,0,2022,Abu Dhabi Grand Prix,0.0,16,0.0
ALB,31,0 days 00:01:31.587000,HARD,19.0,True,0 days 01:50:14.321000,28.1,11,32.9,0 days 00:00:18.593000,0 days 00:00:38.856000,0 days 00:00:34.138000,1,91.587,6614.321,1.8519999999998618,True,False,False,19.0,0.0,0.0,18.593,38.856,34.138,0,0,0,0.0,91.5428,0.08122314940960595,0.5441798344595612,0,1,91.451,91.496,0.045000000000001705,0.0,0.1360000000000099,-0.057666666666667275,0.0,-0.010000000000005116,0.0994022132550405,-0.057666666666667275,0,0,2022,Abu Dhabi Grand Prix,0.0,16,0.0
ALB,32,0 days 00:01:31.496000,HARD,20.0,True,0 days 01:51:45.817000,28.1,11,32.9,0 days 00:00:18.534000,0 days 00:00:38.845000,0 days 00:00:34.117000,1,91.496,6705.817,1.5100000000002183,True,False,False,20.0,0.0,0.0,18.534,38.845,34.117,0,0,0,0.0,91.53399999999999,0.0710211236183647,-0.5350520811835007,0,0,91.587,91.55,-0.03700000000000614,0.1360000000000099,-0.09100000000000819,0.022000000000000835,0.0,-0.021000000000000796,0.04172768864914652,0.022000000000000835,0,0,2022,Abu Dhabi Grand Prix,0.0,16,0.0
ALB,33,0 days 00:01:31.550000,HARD,21.0,True,0 days 01:53:17.367000,28.1,11,32.8,0 days 00:00:18.458000,0 days 00:00:38.905000,0 days 00:00:34.187000,1,91.55,6797.367,1.1159999999999854,True,False,False,21.0,0.0,0.0,18.458,38.905,34.187,0,0,0,0.0,91.50840000000001,0.050604347639445296,0.8220637542131215,0,0,91.496,91.509,0.01300000000000523,0.045000000000001705,0.054000000000002046,0.0030000000000001137,0.0,0.07000000000000028,0.024285798319180797,0.0030000000000001137,0,0,2022,Abu Dhabi Grand Prix,0.0,16,0.0
ALB,34,0 days 00:01:31.509000,HARD,22.0,True,0 days 01:54:48.876000,28.0,11,32.7,0 days 00:00:18.585000,0 days 00:00:38.843000,0 days 00:00:34.081000,1,91.509,6888.876,0.7590000000000146,True,False,False,22.0,0.0,0.0,18.585,38.843,34.081,0,0,0,0.0,91.51419999999999,0.05396017049652574,-0.09636737527214978,0,0,91.55,90.09,-1.4599999999999937,0.09900000000000375,-0.04099999999999682,0.03300000000000125,0.0,-0.03599999999999426,0.03861087929586585,0.03300000000000125,0,1,2022,Abu Dhabi Grand Prix,0.0,16,0.0
ALB,37,0 days 00:01:30.090000,MEDIUM,2.0,True,0 days 01:59:44.368000,28.0,15,32.5,0 days 00:00:18.340000,0 days 00:00:38.318000,0 days 00:00:33.432000,1,90.09,7184.368,8.000999999999294,False,True,False,2.0,0.0,0.0,18.34,38.318,33.432,0,0,0,0.0,91.51859999999999,0.05205093659113466,-27.446192010372172,1,0,91.509,89.974,-1.5349999999999966,0.058000000000006935,-1.418999999999997,-0.026000000000000984,0.0,-0.6490000000000009,0.041036569057365024,-0.026000000000000984,0,0,2022,Abu Dhabi Grand Prix,0.0,16,0.0
ALB,38,0 days 00:01:29.974000,MEDIUM,3.0,True,0 days 02:01:14.342000,28.0,15,32.6,0 days 00:00:18.290000,0 days 00:00:38.180000,0 days 00:00:33.504000,12,89.974,7274.342,14.977000000000771,False,True,False,3.0,0.0,0.0,18.29,38.18,33.504,0,0,1,0.0,91.2464,0.6474374873298557,-1.9652862629990553,1,1,90.09,90.023,-0.06700000000000728,0.0,-0.11599999999999966,-0.4686666666666639,0.0,0.07199999999999562,0.293459878007199,-0.4686666666666639,0,0,2022,Abu Dhabi Grand Prix,0.0,16,0.0
ALB,39,0 days 00:01:30.023000,MEDIUM,4.0,True,0 days 02:02:44.365000,28.0,15,32.7,0 days 00:00:18.270000,0 days 00:00:38.271000,0 days 00:00:33.482000,1,90.023,7364.365,15.443000000000211,False,True,False,4.0,0.0,0.0,18.27,38.271,33.482,0,0,0,0.0,90.9238,0.8153742698908112,-1.1047687341429504,0,1,89.974,89.939,-0.0350000000000108,0.0,0.04899999999999238,-0.5253333333333311,0.0,0.04999999999999716,0.30389257970539524,-0.5253333333333311,0,0,2022,Abu Dhabi Grand Prix,0.0,16,0.0
ALB,40,0 days 00:01:29.939000,MEDIUM,5.0,True,0 days 02:04:14.304000,28.0,15,32.4,0 days 00:00:18.299000,0 days 00:00:38.179000,0 days 00:00:33.461000,1,89.939,7454.304,16.117999999999483,False,True,False,5.0,0.0,0.0,18.299,38.179,33.461,0,0,0,0.0,90.6292,0.8230162209822818,-0.8386225962548353,0,0,90.023,90.139,0.11599999999999966,0.04899999999999238,-0.08400000000000318,-0.49533333333333474,0.0,0.028999999999996362,0.31083403932002013,-0.49533333333333474,0,0,2022,Abu Dhabi Grand Prix,0.0,16,0.0
ALB,41,0 days 00:01:30.139000,MEDIUM,6.0,True,0 days 02:05:44.443000,28.0,15,32.4,0 days 00:00:18.353000,0 days 00:00:38.307000,0 days 00:00:33.479000,1,90.139,7544.443,16.394999999999527,False,True,False,6.0,0.0,0.0,18.353,38.307,33.479,0,0,0,0.0,90.307,0.674325959755319,-0.24913767232239678,0,0,89.939,90.378,0.43900000000000716,0.0,0.20000000000000284,-0.05033333333333682,0.0,0.018000000000000682,0.3057739361031276,-0.05033333333333682,0,0,2022,Abu Dhabi Grand Prix,0.0,16,0.0
ALB,42,0 days 00:01:30.378000,MEDIUM,7.0,True,0 days 02:07:14.821000,28.0,15,32.4,0 days 00:00:18.315000,0 days 00:00:38.335000,0 days 00:00:33.728000,1,90.378,7634.821,16.177999999999884,False,True,False,7.0,0.0,0.0,18.315,38.335,33.728,0,0,0,0.0,90.03299999999999,0.08200914583083334,4.206847864403703,0,0,90.139,90.241,0.10200000000000387,0.20000000000000284,0.23900000000000432,0.05499999999999735,0.0,0.267000000000003,0.3098265643872382,0.05499999999999735,0,0,2022,Abu Dhabi Grand Prix,0.0,16,0.0
ALB,43,0 days 00:01:30.241000,MEDIUM,8.0,True,0 days 02:08:45.062000,28.0,15,32.4,0 days 00:00:18.280000,0 days 00:00:38.231000,0 days 00:00:33.730000,1,90.241,7725.062,16.39300000000003,False,True,False,8.0,0.0,0.0,18.28,38.231,33.73,0,0,0,0.0,90.0906,0.17754520551089992,0.8471082030473154,0,0,90.378,90.218,-0.1599999999999966,0.43900000000000716,-0.13700000000000045,0.11833333333333466,0.0,0.26899999999999835,0.10261432648514728,0.11833333333333466,0,0,2022,Abu Dhabi Grand Prix,0.0,16,0.0
ALB,44,0 days 00:01:30.218000,MEDIUM,9.0,True,0 days 02:10:15.280000,28.0,15,32.3,0 days 00:00:18.235000,0 days 00:00:38.220000,0 days 00:00:33.763000,1,90.218,7815.28,16.884000000000015,False,True,False,9.0,0.0,0.0,18.235,38.22,33.763,0,0,0,0.0,90.14399999999999,0.173821747776027,0.425723483665363,0,0,90.241,90.76,0.5190000000000055,0.3020000000000067,-0.022999999999996135,0.1006666666666689,0.0,0.2839999999999989,0.12959282387539944,0.1006666666666689,0,0,2022,Abu Dhabi Grand Prix,0.0,16,0.0
ALB,45,0 days 00:01:30.760000,MEDIUM,10.0,True,0 days 02:11:46.040000,28.0,14,32.3,0 days 00:00:18.198000,0 days 00:00:38.143000,0 days 00:00:34.419000,1,90.76,7906.04,16.975000000000364,False,True,False,10.0,0.0,0.0,18.198,38.143,34.419,0,0,0,0.0,90.183,0.16131180985878243,3.576923478232143,0,0,90.218,90.896,0.6779999999999973,0.2790000000000106,0.5420000000000016,0.02633333333333591,0.0,0.6909999999999954,0.13705217984402937,0.02633333333333591,0,0,2022,Abu Dhabi Grand Prix,0.0,16,0.0
ALB,46,0 days 00:01:30.896000,MEDIUM,11.0,True,0 days 02:13:16.936000,28.0,13,32.0,0 days 00:00:18.383000,0 days 00:00:38.587000,0 days 00:00:33.926000,1,90.896,7996.936,1.0300000000006548,False,True,False,11.0,0.0,0.0,18.383,38.587,33.926,0,0,0,0.0,90.3472,0.24630814034442614,2.228103379906904,0,0,90.76,90.976,0.21599999999999397,0.6210000000000093,0.13599999999999568,0.127333333333335,0.0,0.19600000000000506,0.24214809518143843,0.127333333333335,0,0,2022,Abu Dhabi Grand Prix,0.0,16,0.0
ALB,47,0 days 00:01:30.976000,MEDIUM,12.0,True,0 days 02:14:47.912000,28.0,13,32.0,0 days 00:00:18.359000,0 days 00:00:38.651000,0 days 00:00:33.966000,1,90.976,8087.912,1.9049999999997453,False,True,False,12.0,0.0,0.0,18.359,38.651,33.966,0,0,0,0.0,90.4986,0.3106023180852649,1.5370136415689906,0,0,90.896,91.124,0.22799999999999443,0.6779999999999973,0.0799999999999983,0.2183333333333337,0.0,0.20300000000000296,0.19838926382241243,0.2183333333333337,0,0,2022,Abu Dhabi Grand Prix,0.0,16,0.0
ALB,48,0 days 00:01:31.124000,MEDIUM,13.0,True,0 days 02:16:19.036000,28.0,13,32.3,0 days 00:00:18.366000,0 days 00:00:38.737000,0 days 00:00:34.021000,1,91.124,8179.036,2.412999999999556,False,True,False,13.0,0.0,0.0,18.366,38.737,34.021,0,0,0,0.0,90.6182,0.36322885347938555,1.3925105209977473,0,0,90.976,91.795,0.8190000000000026,0.7579999999999956,0.14799999999999613,0.2526666666666652,0.0,0.09499999999999886,0.20629663109221796,0.2526666666666652,0,0,2022,Abu Dhabi Grand Prix,0.0,16,0.0
ALB,49,0 days 00:01:31.795000,MEDIUM,14.0,True,0 days 02:17:50.831000,28.0,13,31.9,0 days 00:00:18.397000,0 days 00:00:38.990000,0 days 00:00:34.408000,1,91.795,8270.831,2.271999999999025,False,True,False,14.0,0.0,0.0,18.397,38.99,34.408,0,0,0,0.0,90.7948,0.3483377671168619,2.871351011630201,0,0,91.124,91.925,0.8010000000000019,0.9059999999999917,0.6710000000000065,0.12133333333333003,0.0,0.4819999999999993,0.2319454677289444,0.12133333333333003,0,0,2022,Abu Dhabi Grand Prix,0.0,16,0.0
ALB,50,0 days 00:01:31.925000,MEDIUM,15.0,True,0 days 02:19:22.756000,28.0,13,32.0,0 days 00:00:18.423000,0 days 00:00:39.049000,0 days 00:00:34.453000,1,91.925,8362.756,1.944999999999709,False,True,False,15.0,0.0,0.0,18.423,39.049,34.453,0,0,0,0.0,91.11019999999999,0.40486812667828626,2.0125071506245207,0,0,91.795,92.564,0.7689999999999912,1.0349999999999966,0.12999999999999545,0.29966666666666697,0.0,0.4870000000000019,0.24631138828726268,0.29966666666666697,0,0,2022,Abu Dhabi Grand Prix,0.0,16,0.0
ALB,51,0 days 00:01:32.564000,MEDIUM,16.0,True,0 days 02:20:55.320000,27.9,13,32.0,0 days 00:00:18.630000,0 days 00:00:39.242000,0 days 00:00:34.692000,1,92.564,8455.32,2.09900000000016,False,True,False,16.0,0.0,0.0,18.63,39.242,34.692,0,0,0,0.0,91.3432,0.48101112253252265,2.5379870502213904,0,0,91.925,93.467,1.5420000000000016,1.0289999999999964,0.6389999999999958,0.3163333333333327,0.0,0.6709999999999994,0.18032553895663203,0.3163333333333327,0,0,2022,Abu Dhabi Grand Prix,0.0,16,0.0
ALB,52,0 days 00:01:33.467000,MEDIUM,17.0,True,0 days 02:22:28.787000,27.9,13,32.1,0 days 00:00:18.560000,0 days 00:00:39.241000,0 days 00:00:35.666000,1,93.467,8548.787,1.3799999999991996,False,True,False,17.0,0.0,0.0,18.56,39.241,35.666,0,0,0,0.0,91.67679999999999,0.6440898229284531,2.7794259997163038,0,0,92.564,92.523,-0.04099999999999682,1.5879999999999939,0.9030000000000058,0.47999999999999926,0.0,1.2579999999999956,0.23387988370101398,0.47999999999999926,0,0,2022,Abu Dhabi Grand Prix,0.0,16,0.0
ALB,53,0 days 00:01:32.523000,MEDIUM,18.0,True,0 days 02:24:01.310000,27.9,13,31.9,0 days 00:00:18.640000,0 days 00:00:39.100000,0 days 00:00:34.783000,1,92.523,8641.31,1.5280000000002474,False,True,False,18.0,0.0,0.0,18.64,39.1,34.783,0,0,0,0.0,92.175,0.8848850207795513,0.3932714328166881,0,0,93.467,92.825,-0.6419999999999959,2.3430000000000035,-0.9440000000000026,0.5573333333333323,0.0,0.3299999999999983,0.4241795610351808,0.5573333333333323,0,0,2022,Abu Dhabi Grand Prix,0.0,16,0.0
ALB,54,0 days 00:01:32.825000,MEDIUM,19.0,True,0 days 02:25:34.135000,27.9,13,31.9,0 days 00:00:18.590000,0 days 00:00:39.348000,0 days 00:00:34.887000,1,92.825,8734.135,1.8400000000001455,False,True,False,19.0,0.0,0.0,18.59,39.348,34.887,0,0,0,0.0,92.4548,0.6627874470748791,0.5585501077816478,0,0,92.523,95.096,2.5730000000000075,0.7279999999999944,0.3020000000000067,0.199333333333333,0.0,0.19500000000000028,0.36304311038773174,0.199333333333333,0,0,2022,Abu Dhabi Grand Prix,0.0,16,0.0
ALB,55,0 days 00:01:35.096000,MEDIUM,20.0,True,0 days 02:27:09.231000,27.9,13,31.9,0 days 00:00:19.864000,0 days 00:00:39.424000,0 days 00:00:35.808000,1,95.096,8829.231,0.5889999999999418,False,True,False,20.0,0.0,0.0,19.864,39.424,35.808,0,0,0,0.0,92.6608,0.5582743053374827,4.362013398642635,0,0,92.825,93.126,0.30100000000000193,0.9000000000000057,2.271000000000001,0.0870000000000033,0.0,1.0249999999999986,0.4144281602401054,0.0870000000000033,0,1,2022,Abu Dhabi Grand Prix,0.0,16,0.0
ALB,56,0 days 00:01:33.126000,MEDIUM,21.0,True,0 days 02:28:42.357000,27.9,12,32.0,0 days 00:00:18.784000,0 days 00:00:39.379000,0 days 00:00:34.963000,1,93.126,8922.357,0.4510000000009313,False,True,False,21.0,0.0,0.0,18.784,39.379,34.963,0,0,0,0.0,93.29499999999999,1.075224395184595,-0.15717649335045894,0,0,95.096,93.882,-1.2139999999999986,2.5730000000000075,-1.9699999999999989,0.5430000000000016,0.0,0.17999999999999972,0.44990743492411717,0.5430000000000016,0,1,2022,Abu Dhabi Grand Prix,0.0,16,0.0
ALO,2,0 days 00:01:32.329000,MEDIUM,2.0,True,0 days 01:05:20.917000,28.7,10,34.9,0 days 00:00:18.435000,0 days 00:00:39.520000,0 days 00:00:34.374000,1,92.329,3920.917,0.7670000000002801,False,True,False,2.0,0.0,0.0,18.435,39.52,34.374,0,0,0,0.0,93.49040000000001,1.0298918875299874,-1.1276911820185573,0,0,92.329,91.539,-0.789999999999992,-0.19400000000000261,0.0,0.35233333333333405,0.0,-0.5889999999999986,0.38670363329040464,0.0,0,1,2022,Abu Dhabi Grand Prix,0.0,16,0.0
ALO,3,0 days 00:01:31.539000,MEDIUM,3.0,True,0 days 01:06:52.456000,28.6,10,34.4,0 days 00:00:18.460000,0 days 00:00:38.656000,0 days 00:00:34.423000,1,91.539,4012.456,0.83199999999988,False,True,False,3.0,0.0,0.0,18.46,38.656,34.423,0,0,0,0.0,,,0.0,0,0,92.329,91.618,-0.7109999999999985,0.0,-0.789999999999992,0.0,0.0,0.0,0.0,0.0,0,1,2022,Abu Dhabi Grand Prix,0.0,16,0.0
ALO,4,0 days 00:01:31.618000,MEDIUM,4.0,True,0 days 01:08:24.074000,28.7,10,34.0,0 days 00:00:18.599000,0 days 00:00:38.732000,0 days 00:00:34.287000,1,91.618,4104.074,1.0030000000006112,False,True,False,4.0,0.0,0.0,18.599,38.732,34.287,0,0,0,0.0,,,0.0,0,0,91.539,91.638,0.09900000000000375,0.0,0.07899999999999352,-0.394999999999996,0.0,-0.0870000000000033,0.0,0.0,0,0,2022,Abu Dhabi Grand Prix,0.0,16,0.0
ALO,5,0 days 00:01:31.638000,MEDIUM,5.0,True,0 days 01:09:55.712000,28.5,10,34.0,0 days 00:00:18.543000,0 days 00:00:38.765000,0 days 00:00:34.330000,1,91.638,4195.712,1.196999999999207,False,True,False,5.0,0.0,0.0,18.543,38.765,34.33,0,0,0,0.0,91.82866666666666,0.43509807323559907,-0.43821537808423017,0,0,91.618,92.035,0.4170000000000016,0.07899999999999352,0.020000000000010232,-0.23699999999999952,0.0,0.04299999999999926,0.31793447962329024,-0.35549999999999926,0,0,2022,Abu Dhabi Grand Prix,0.0,16,0.0
ALO,6,0 days 00:01:32.035000,MEDIUM,6.0,True,0 days 01:11:27.747000,28.6,10,34.2,0 days 00:00:18.710000,0 days 00:00:38.898000,0 days 00:00:34.427000,1,92.035,4287.747,1.199999999999818,False,True,False,6.0,0.0,0.0,18.71,38.898,34.427,0,0,0,0.0,91.781,0.36782513961573,0.6905455137333641,0,0,91.638,91.836,0.1979999999999933,0.09900000000000375,0.39699999999999136,-0.23033333333332942,0.0,0.14000000000000057,0.2922138201157947,-0.23033333333332942,0,0,2022,Abu Dhabi Grand Prix,0.0,16,0.0
ALO,7,0 days 00:01:31.836000,MEDIUM,7.0,True,0 days 01:12:59.583000,28.5,10,34.0,0 days 00:00:18.569000,0 days 00:00:39.034000,0 days 00:00:34.233000,1,91.836,4379.583,1.3610000000007858,False,True,False,7.0,0.0,0.0,18.569,39.034,34.233,0,0,0,0.0,91.8318,0.3381932879286602,0.012418933639165781,0,0,92.035,92.527,0.49200000000000443,0.4959999999999951,-0.19899999999999807,0.1653333333333317,0.0,-0.054000000000002046,0.2860634544991717,0.1653333333333317,0,0,2022,Abu Dhabi Grand Prix,0.0,16,0.0
ALO,8,0 days 00:01:32.527000,MEDIUM,8.0,True,0 days 01:14:32.110000,28.5,10,34.1,0 days 00:00:18.588000,0 days 00:00:39.488000,0 days 00:00:34.451000,1,92.527,4472.11,1.08600000000024,False,True,False,8.0,0.0,0.0,18.588,39.488,34.451,0,0,0,0.0,91.7332,0.2010589465803505,3.948095886808862,0,0,91.836,92.452,0.6159999999999997,0.29699999999999704,0.6910000000000025,0.07266666666666784,0.0,0.21800000000000352,0.08885550067384826,0.07266666666666784,0,0,2022,Abu Dhabi Grand Prix,0.0,16,0.0
ALO,9,0 days 00:01:32.452000,MEDIUM,9.0,True,0 days 01:16:04.562000,28.5,10,34.0,0 days 00:00:18.620000,0 days 00:00:39.033000,0 days 00:00:34.799000,1,92.452,4564.562,1.2539999999999054,False,True,False,9.0,0.0,0.0,18.62,39.033,34.799,0,0,0,0.0,91.9308,0.37378964672659576,1.394367138213486,0,0,92.527,92.562,0.03499999999999659,0.909000000000006,-0.07500000000000284,0.29633333333333195,0.0,0.5660000000000025,0.1283919779425516,0.29633333333333195,0,0,2022,Abu Dhabi Grand Prix,0.0,16,0.0
ALO,10,0 days 00:01:32.562000,MEDIUM,10.0,True,0 days 01:17:37.124000,28.5,10,34.0,0 days 00:00:18.682000,0 days 00:00:39.060000,0 days 00:00:34.820000,1,92.562,4657.124,1.1920000000000073,False,True,False,10.0,0.0,0.0,18.682,39.06,34.82,0,0,0,0.0,92.0976,0.38521721145346327,1.2055536102547697,0,0,92.452,92.651,0.19899999999999807,0.813999999999993,0.10999999999999943,0.13900000000000054,0.0,0.5870000000000033,0.23745062644684858,0.13900000000000054,0,0,2022,Abu Dhabi Grand Prix,0.0,16,0.0
ALO,11,0 days 00:01:32.651000,MEDIUM,11.0,True,0 days 01:19:09.775000,28.5,10,33.9,0 days 00:00:18.677000,0 days 00:00:39.191000,0 days 00:00:34.783000,1,92.651,4749.775,1.1880000000001019,False,True,False,11.0,0.0,0.0,18.677,39.191,34.783,0,0,0,0.0,92.28240000000001,0.32682151091990674,1.1278327395356735,0,0,92.562,92.427,-0.1349999999999909,0.7259999999999991,0.08899999999999864,0.2419999999999997,0.0,0.33200000000000074,0.27856561166088145,0.2419999999999997,0,0,2022,Abu Dhabi Grand Prix,0.0,16,0.0
ALO,12,0 days 00:01:32.427000,MEDIUM,12.0,True,0 days 01:20:42.202000,28.5,10,33.9,0 days 00:00:18.628000,0 days 00:00:39.159000,0 days 00:00:34.640000,1,92.427,4842.202,1.3909999999996217,False,True,False,12.0,0.0,0.0,18.628,39.159,34.64,0,0,0,0.0,92.4056,0.32634996552774825,0.06557377741834113,0,0,92.651,92.566,-0.08499999999999375,0.8149999999999977,-0.22399999999998954,0.041333333333331744,0.0,-0.14300000000000068,0.2654000753579413,0.041333333333331744,0,0,2022,Abu Dhabi Grand Prix,0.0,16,0.0
ALO,13,0 days 00:01:32.566000,MEDIUM,13.0,True,0 days 01:22:14.768000,28.4,10,33.9,0 days 00:00:18.600000,0 days 00:00:38.929000,0 days 00:00:35.037000,1,92.566,4934.768,1.7849999999998545,False,True,False,13.0,0.0,0.0,18.6,38.929,35.037,0,0,0,0.0,92.5238,0.08968667682523979,0.4705269667002784,0,0,92.427,92.892,0.4649999999999892,0.0,0.1389999999999958,-0.008333333333330492,0.0,0.39699999999999847,0.298497068662325,-0.008333333333330492,0,0,2022,Abu Dhabi Grand Prix,0.0,16,0.0
ALO,14,0 days 00:01:32.892000,MEDIUM,14.0,True,0 days 01:23:47.660000,28.4,9,33.7,0 days 00:00:18.583000,0 days 00:00:39.215000,0 days 00:00:35.094000,1,92.892,5027.66,3.967000000000553,False,True,False,14.0,0.0,0.0,18.583,39.215,35.094,0,0,0,0.0,92.5316,0.0917076877909077,3.9298777308801602,0,0,92.566,92.227,-0.33899999999999864,0.1389999999999958,0.3259999999999934,0.0013333333333349628,0.0,0.4540000000000006,0.2951198061804744,0.0013333333333349628,0,0,2022,Abu Dhabi Grand Prix,0.0,16,0.0
ALO,15,0 days 00:01:32.227000,MEDIUM,15.0,True,0 days 01:25:19.887000,28.4,9,33.3,0 days 00:00:18.589000,0 days 00:00:38.942000,0 days 00:00:34.696000,1,92.227,5119.887,4.46100000000024,False,True,False,15.0,0.0,0.0,18.589,38.942,34.696,0,0,0,0.0,92.6196,0.17209968041791562,-2.2812360781068124,1,0,92.892,93.788,0.8960000000000008,0.4649999999999892,-0.664999999999992,0.08033333333333322,0.0,0.055999999999997385,0.2781821345809263,0.08033333333333322,0,0,2022,Abu Dhabi Grand Prix,0.0,16,0.0
ALO,16,0 days 00:01:33.788000,MEDIUM,16.0,True,0 days 01:26:53.675000,28.4,7,33.4,0 days 00:00:18.630000,0 days 00:00:39.622000,0 days 00:00:35.536000,1,93.788,5213.675,3.657000000000153,False,True,False,16.0,0.0,0.0,18.63,39.622,35.536,0,0,0,0.0,92.5526,0.24841759196955474,4.973077752687519,0,1,92.227,92.439,0.21199999999998909,0.0,1.5609999999999928,-0.06666666666666761,0.0,0.8400000000000034,0.2536192027430106,-0.06666666666666761,0,0,2022,Abu Dhabi Grand Prix,0.0,16,0.0
ALO,17,0 days 00:01:32.439000,MEDIUM,17.0,True,0 days 01:28:26.114000,28.4,7,33.4,0 days 00:00:18.671000,0 days 00:00:39.073000,0 days 00:00:34.695000,1,92.439,5306.114,4.40900000000056,False,True,False,17.0,0.0,0.0,18.671,39.073,34.695,0,0,0,0.0,92.78,0.6133559325546092,-0.5559577757400231,0,0,93.788,92.541,-1.2469999999999999,1.5609999999999928,-1.3490000000000038,0.4073333333333314,0.0,-0.0009999999999976694,0.38024557854102836,0.4073333333333314,0,0,2022,Abu Dhabi Grand Prix,0.0,16,0.0
ALO,18,0 days 00:01:32.541000,MEDIUM,18.0,True,0 days 01:29:58.655000,28.3,6,33.3,0 days 00:00:18.584000,0 days 00:00:39.033000,0 days 00:00:34.924000,1,92.541,5398.655,3.3170000000000073,False,True,False,18.0,0.0,0.0,18.584,39.033,34.924,0,0,0,0.0,92.78240000000001,0.6116504720834737,-0.3946698498862082,0,0,92.439,91.273,-1.1659999999999968,0.21199999999998909,0.10200000000000387,-0.151000000000001,0.0,0.2289999999999992,0.34013188618534546,-0.151000000000001,0,0,2022,Abu Dhabi Grand Prix,0.0,16,0.0
ALO,21,0 days 00:01:31.273000,HARD,2.0,True,0 days 01:34:55.473000,28.2,14,33.0,0 days 00:00:18.246000,0 days 00:00:39.098000,0 days 00:00:33.929000,1,91.273,5695.473,2.3270000000002256,True,False,False,2.0,0.0,0.0,18.246,39.098,33.929,0,0,0,0.0,92.77739999999999,0.6139595263532748,-2.450324386911381,1,0,92.541,91.148,-1.3930000000000007,0.31399999999999295,-1.2680000000000007,0.10466666666666431,0.0,-0.7659999999999982,0.3425190505650758,0.10466666666666431,0,0,2022,Abu Dhabi Grand Prix,0.0,16,0.0
ALO,22,0 days 00:01:31.148000,HARD,3.0,True,0 days 01:36:26.621000,28.2,13,33.0,0 days 00:00:18.575000,0 days 00:00:38.435000,0 days 00:00:34.138000,1,91.148,5786.621,1.662000000000262,True,False,False,3.0,0.0,0.0,18.575,38.435,34.138,0,0,0,0.0,92.4536,0.8991161215326747,-1.4520927483475798,0,1,91.273,91.819,0.5460000000000065,0.0,-0.125,-0.8383333333333335,0.0,0.20899999999999608,0.5749567809844497,-0.8383333333333335,0,0,2022,Abu Dhabi Grand Prix,0.0,16,0.0
ALO,23,0 days 00:01:31.819000,HARD,4.0,True,0 days 01:37:58.440000,28.2,12,32.9,0 days 00:00:18.373000,0 days 00:00:38.859000,0 days 00:00:34.587000,1,91.819,5878.44,1.0600000000004002,True,False,False,4.0,0.0,0.0,18.373,38.859,34.587,0,0,0,0.0,92.2378,1.0786606046389078,-0.3882592895289688,0,0,91.148,90.579,-0.5690000000000026,0.0,0.6710000000000065,-0.4303333333333323,0.0,0.6580000000000013,0.5779824391796001,-0.4303333333333323,0,0,2022,Abu Dhabi Grand Prix,0.0,16,0.0
ALO,24,0 days 00:01:30.579000,HARD,5.0,True,0 days 01:39:29.019000,28.2,11,33.3,0 days 00:00:18.351000,0 days 00:00:38.485000,0 days 00:00:33.743000,1,90.579,5969.019,1.2150000000001455,True,False,False,5.0,0.0,0.0,18.351,38.485,33.743,0,0,0,0.0,91.844,0.642439880455751,-1.969055842396648,1,0,91.819,91.065,-0.7540000000000049,0.6710000000000065,-1.240000000000009,-0.24066666666666472,0.0,-0.18599999999999994,0.5230188333129115,-0.24066666666666472,0,0,2022,Abu Dhabi Grand Prix,0.0,16,0.0
ALO,25,0 days 00:01:31.065000,HARD,6.0,True,0 days 01:41:00.084000,28.2,11,32.9,0 days 00:00:18.337000,0 days 00:00:39.215000,0 days 00:00:33.513000,1,91.065,6060.084,1.9229999999997744,True,False,False,6.0,0.0,0.0,18.337,39.215,33.513,0,0,0,0.0,91.472,0.742495117829085,-0.5481517524182346,0,1,90.579,90.688,0.10900000000000887,0.0,0.4860000000000042,-0.2313333333333342,0.0,-0.23000000000000398,0.5353248546443544,-0.2313333333333342,0,0,2022,Abu Dhabi Grand Prix,0.0,16,0.0
BOT,2,0 days 00:01:34.636000,HARD,2.0,True,0 days 01:05:28.019000,28.7,20,34.9,0 days 00:00:19.098000,0 days 00:00:39.655000,0 days 00:00:35.883000,1,94.636,3928.019,0.0,True,False,False,2.0,0.0,0.0,19.098,39.655,35.883,0,0,0,0.0,91.0598,0.4882608933757205,7.324362955376168,0,0,94.636,93.43,-1.2059999999999889,4.057000000000002,0.0,-0.37700000000000006,0.0,2.528000000000006,0.3781319875387439,0.0,0,0,2022,Abu Dhabi Grand Prix,0.0,16,0.0
BOT,3,0 days 00:01:33.430000,HARD,3.0,True,0 days 01:07:01.449000,28.7,20,34.3,0 days 00:00:19.065000,0 days 00:00:39.287000,0 days 00:00:35.078000,1,93.43,4021.449,0.0,True,False,False,3.0,0.0,0.0,19.065,39.287,35.078,0,0,0,0.0,,,0.0,0,0,94.636,92.662,-1.9739999999999895,0.0,-1.2059999999999889,0.0,0.0,0.0,0.0,0.0,0,0,2022,Abu Dhabi Grand Prix,0.0,16,0.0
BOT,4,0 days 00:01:32.662000,HARD,4.0,True,0 days 01:08:34.111000,28.7,20,34.0,0 days 00:00:18.925000,0 days 00:00:38.687000,0 days 00:00:35.050000,1,92.662,4114.111,0.0,True,False,False,4.0,0.0,0.0,18.925,38.687,35.05,0,0,0,0.0,,,0.0,0,0,93.43,92.873,-0.5570000000000022,0.0,-0.7680000000000007,-0.6029999999999944,0.0,-0.028000000000005798,0.0,0.0,0,0,2022,Abu Dhabi Grand Prix,0.0,16,0.0
BOT,5,0 days 00:01:32.873000,HARD,5.0,True,0 days 01:10:06.984000,28.5,20,34.0,0 days 00:00:18.899000,0 days 00:00:39.239000,0 days 00:00:34.735000,1,92.873,4206.984,0.0,True,False,False,5.0,0.0,0.0,18.899,39.239,34.735,0,0,0,0.0,93.57600000000001,0.9950658269682423,-0.7064859237924963,0,0,92.662,93.085,0.4229999999999876,0.0,0.21099999999999852,-0.6579999999999965,0.0,-0.3149999999999977,1.4676911573397682,-0.9869999999999948,0,0,2022,Abu Dhabi Grand Prix,0.0,16,0.0
BOT,6,0 days 00:01:33.085000,HARD,6.0,True,0 days 01:11:40.069000,28.6,20,34.2,0 days 00:00:18.697000,0 days 00:00:39.048000,0 days 00:00:35.340000,1,93.085,4300.069,0.0,True,False,False,6.0,0.0,0.0,18.697,39.048,35.34,0,0,0,0.0,93.40025,0.8852436105389262,-0.35611666240447126,0,0,92.873,92.881,0.007999999999995566,0.21099999999999852,0.21199999999998909,-0.5876666666666637,0.0,0.605000000000004,1.3288135999203732,-0.5876666666666637,0,0,2022,Abu Dhabi Grand Prix,0.0,16,0.0
BOT,7,0 days 00:01:32.881000,HARD,7.0,True,0 days 01:13:12.950000,28.5,20,34.0,0 days 00:00:18.886000,0 days 00:00:39.144000,0 days 00:00:34.851000,1,92.881,4392.95,0.0,True,False,False,7.0,0.0,0.0,18.886,39.144,34.851,0,0,0,0.0,93.33720000000001,0.7794990057722948,-0.5852476996401373,0,0,93.085,93.113,0.028000000000005798,0.4229999999999876,-0.20399999999999352,-0.11500000000000436,0.0,0.11599999999999966,1.1510862261359949,-0.11500000000000436,0,0,2022,Abu Dhabi Grand Prix,0.0,16,0.0
BOT,8,0 days 00:01:33.113000,HARD,8.0,True,0 days 01:14:46.063000,28.5,20,34.1,0 days 00:00:18.888000,0 days 00:00:38.976000,0 days 00:00:35.249000,1,93.113,4486.063,0.0,True,False,False,8.0,0.0,0.0,18.888,38.976,35.249,0,0,0,0.0,92.98620000000001,0.28970105281133063,0.4376925757414071,0,0,92.881,91.748,-1.1329999999999956,0.2189999999999941,0.23199999999999932,0.07299999999999802,0.0,0.5140000000000029,0.3357503536855931,0.07299999999999802,0,0,2022,Abu Dhabi Grand Prix,0.0,16,0.0
BOT,9,0 days 00:01:31.748000,HARD,9.0,True,0 days 01:16:17.811000,28.5,19,34.0,0 days 00:00:18.717000,0 days 00:00:38.697000,0 days 00:00:34.334000,1,91.748,4577.811,1.7840000000005602,True,False,False,9.0,0.0,0.0,18.717,38.697,34.334,0,0,0,0.0,92.9228,0.18352710971404487,-6.4012341382723035,1,0,93.113,92.56,-0.5529999999999973,0.4509999999999934,-1.3649999999999949,0.0799999999999983,0.0,-0.5169999999999959,0.38228039447505197,0.0799999999999983,0,0,2022,Abu Dhabi Grand Prix,0.0,16,0.0
BOT,10,0 days 00:01:32.560000,HARD,10.0,True,0 days 01:17:50.371000,28.5,19,34.0,0 days 00:00:18.792000,0 days 00:00:39.013000,0 days 00:00:34.755000,1,92.56,4670.371,3.1369999999997162,True,False,False,10.0,0.0,0.0,18.792,39.013,34.755,0,0,0,0.0,92.74,0.5656385771851034,-0.3182244055837942,0,1,91.748,93.363,1.6149999999999949,0.0,0.8119999999999976,-0.44566666666666305,0.0,0.4209999999999994,0.49439589399589473,-0.44566666666666305,0,0,2022,Abu Dhabi Grand Prix,0.0,16,0.0
BOT,11,0 days 00:01:33.363000,HARD,11.0,True,0 days 01:19:23.734000,28.5,19,33.9,0 days 00:00:18.814000,0 days 00:00:39.306000,0 days 00:00:35.243000,1,93.363,4763.734,3.4299999999993815,True,False,False,11.0,0.0,0.0,18.814,39.306,35.243,0,0,0,0.0,92.6774,0.5645585000688481,1.2144002790080826,0,0,92.56,93.204,0.6439999999999912,0.8119999999999976,0.8029999999999973,-0.10699999999999932,0.0,0.9089999999999989,0.45517655915040217,-0.10699999999999932,0,0,2022,Abu Dhabi Grand Prix,0.0,16,0.0
BOT,12,0 days 00:01:33.204000,HARD,12.0,True,0 days 01:20:56.938000,28.5,19,33.7,0 days 00:00:18.919000,0 days 00:00:39.445000,0 days 00:00:34.840000,1,93.204,4856.938,3.743999999999687,True,False,False,12.0,0.0,0.0,18.919,39.445,34.84,0,0,0,0.0,92.733,0.6251715764492085,0.7533931767581813,0,0,93.363,92.643,-0.7199999999999989,1.6149999999999949,-0.15900000000000603,0.08333333333333333,0.0,0.5060000000000002,0.5319805447570412,0.08333333333333333,0,0,2022,Abu Dhabi Grand Prix,0.0,16,0.0
BOT,13,0 days 00:01:32.643000,HARD,13.0,True,0 days 01:22:29.581000,28.4,18,33.9,0 days 00:00:18.814000,0 days 00:00:39.130000,0 days 00:00:34.699000,1,92.643,4949.581,4.408999999999651,True,False,False,13.0,0.0,0.0,18.814,39.13,34.699,0,0,0,0.0,92.7976,0.6600055302798508,-0.23424046149196615,0,0,93.204,93.168,-0.03599999999998715,1.4559999999999889,-0.5609999999999928,0.4853333333333296,0.0,-0.05600000000000449,0.5289293903726641,0.4853333333333296,0,0,2022,Abu Dhabi Grand Prix,0.0,16,0.0
BOT,14,0 days 00:01:33.168000,HARD,14.0,True,0 days 01:24:02.749000,28.4,16,33.5,0 days 00:00:18.770000,0 days 00:00:39.233000,0 days 00:00:35.165000,1,93.168,5042.749,5.168999999999869,True,False,False,14.0,0.0,0.0,18.77,39.233,35.165,0,0,0,0.0,92.70360000000001,0.6369209527091939,0.7291328665270554,0,0,92.643,92.915,0.27200000000000557,0.894999999999996,0.5250000000000057,0.027666666666666135,0.0,0.4660000000000011,0.5502156849818066,0.027666666666666135,0,0,2022,Abu Dhabi Grand Prix,0.0,16,0.0
BOT,15,0 days 00:01:32.915000,HARD,15.0,True,0 days 01:25:35.664000,28.4,13,33.3,0 days 00:00:18.803000,0 days 00:00:39.745000,0 days 00:00:34.367000,1,92.915,5135.664,7.0349999999998545,True,False,False,15.0,0.0,0.0,18.803,39.745,34.367,0,0,0,0.0,92.9876,0.36120949599919616,-0.20099139364862043,0,0,93.168,92.475,-0.693000000000012,0.6080000000000041,-0.2530000000000001,-0.06499999999999773,0.0,-0.33200000000000074,0.34312781874980774,-0.06499999999999773,0,0,2022,Abu Dhabi Grand Prix,0.0,16,0.0
BOT,16,0 days 00:01:32.475000,HARD,16.0,True,0 days 01:27:08.139000,28.4,11,33.4,0 days 00:00:18.628000,0 days 00:00:39.672000,0 days 00:00:34.175000,1,92.475,5228.139,3.3469999999997526,True,False,False,16.0,0.0,0.0,18.628,39.672,34.175,0,0,0,0.0,93.0586,0.28245052664138104,-2.0662025556814894,1,0,92.915,92.75,-0.16500000000000625,0.27200000000000557,-0.44000000000001194,-0.0963333333333291,0.0,-0.19200000000000017,0.49168668885785466,-0.0963333333333291,0,0,2022,Abu Dhabi Grand Prix,0.0,16,0.0
BOT,17,0 days 00:01:32.750000,HARD,17.0,True,0 days 01:28:40.889000,28.4,12,33.4,0 days 00:00:18.643000,0 days 00:00:39.659000,0 days 00:00:34.448000,1,92.75,5320.889,1.7309999999997672,True,False,False,17.0,0.0,0.0,18.643,39.659,34.448,0,0,0,0.0,92.881,0.3198960768749674,-0.4095079917194548,0,1,92.475,92.504,0.029000000000010573,0.0,0.2750000000000057,-0.056000000000002124,0.0,0.27300000000000324,0.38492960395376286,-0.056000000000002124,0,0,2022,Abu Dhabi Grand Prix,0.0,16,0.0
BOT,18,0 days 00:01:32.504000,HARD,18.0,True,0 days 01:30:13.393000,28.3,12,33.3,0 days 00:00:18.634000,0 days 00:00:39.513000,0 days 00:00:34.357000,1,92.504,5413.393,0.7430000000003929,True,False,False,18.0,0.0,0.0,18.634,39.513,34.357,0,0,0,0.0,92.7902,0.2650201879102736,-1.0799177310103294,0,0,92.75,93.396,0.6460000000000008,0.2750000000000057,-0.2459999999999951,-0.13933333333333545,0.0,0.18200000000000216,0.3304742047422173,-0.13933333333333545,0,1,2022,Abu Dhabi Grand Prix,0.0,16,0.0
BOT,19,0 days 00:01:33.396000,HARD,19.0,True,0 days 01:31:46.789000,28.3,13,33.6,0 days 00:00:18.661000,0 days 00:00:39.406000,0 days 00:00:35.329000,1,93.396,5506.789,1.0,True,False,False,19.0,0.0,0.0,18.661,39.406,35.329,0,0,0,0.0,92.7624,0.29039679750299596,2.181842242917519,0,0,92.504,92.561,0.05700000000000216,0.029000000000010573,0.8919999999999959,-0.13700000000000045,0.0,1.1540000000000035,0.33180385772320486,-0.13700000000000045,0,1,2022,Abu Dhabi Grand Prix,0.0,16,0.0
BOT,20,0 days 00:01:32.561000,HARD,20.0,True,0 days 01:33:19.350000,28.3,10,33.1,0 days 00:00:18.762000,0 days 00:00:39.436000,0 days 00:00:34.363000,1,92.561,5599.35,0.6059999999997672,True,False,False,20.0,0.0,0.0,18.762,39.436,34.363,0,0,0,0.0,92.80799999999999,0.37545372551087236,-0.6578706860982608,0,0,93.396,93.399,0.0030000000000001137,0.9210000000000065,-0.8349999999999937,0.30700000000000216,0.0,0.006000000000000227,0.5811652088692181,0.30700000000000216,0,1,2022,Abu Dhabi Grand Prix,0.0,16,0.0
BOT,21,0 days 00:01:33.399000,HARD,21.0,True,0 days 01:34:52.749000,28.3,11,33.1,0 days 00:00:18.727000,0 days 00:00:39.668000,0 days 00:00:35.004000,1,93.399,5692.749,1.2579999999998108,True,False,False,21.0,0.0,0.0,18.727,39.668,35.004,0,0,0,0.0,92.7372,0.38352275030302013,1.7255821186021256,0,0,92.561,92.579,0.01799999999998647,0.08600000000001273,0.8379999999999939,-0.06299999999999766,0.0,0.6469999999999985,0.5175140577800775,-0.06299999999999766,0,0,2022,Abu Dhabi Grand Prix,0.0,16,0.0
BOT,22,0 days 00:01:32.579000,HARD,22.0,True,0 days 01:36:25.328000,28.2,11,33.0,0 days 00:00:18.828000,0 days 00:00:39.588000,0 days 00:00:34.163000,1,92.579,5785.328,0.8479999999999563,True,False,False,22.0,0.0,0.0,18.828,39.588,34.163,0,0,0,0.0,92.922,0.44351831980200307,-0.7733615156035194,0,0,93.399,94.172,0.7729999999999961,0.894999999999996,-0.8200000000000074,0.298333333333332,0.0,-0.20000000000000284,0.4568055384953213,0.298333333333332,0,1,2022,Abu Dhabi Grand Prix,0.0,16,0.0
BOT,23,0 days 00:01:34.172000,HARD,23.0,True,0 days 01:37:59.500000,28.2,13,32.9,0 days 00:00:18.713000,0 days 00:00:40.056000,0 days 00:00:35.403000,1,94.172,5879.5,1.9920000000001892,True,False,False,23.0,0.0,0.0,18.713,40.056,35.403,0,0,0,0.0,92.8878,0.46611447091888614,2.755117208586894,0,0,92.579,92.726,0.14700000000000557,0.07499999999998863,1.5930000000000035,-0.27233333333333576,0.0,1.240000000000002,0.5439165377151184,-0.27233333333333576,0,0,2022,Abu Dhabi Grand Prix,0.0,16,0.0
BOT,24,0 days 00:01:32.726000,HARD,24.0,True,0 days 01:39:32.226000,28.2,13,33.3,0 days 00:00:18.680000,0 days 00:00:39.758000,0 days 00:00:34.288000,1,92.726,5972.226,1.1840000000001965,True,False,False,24.0,0.0,0.0,18.68,39.758,34.288,0,0,0,0.0,93.22139999999999,0.6735119152620774,-0.7355474918468503,0,0,94.172,93.561,-0.61099999999999,1.61099999999999,-1.445999999999998,0.5369999999999967,0.0,0.125,0.6532379352119737,0.5369999999999967,0,0,2022,Abu Dhabi Grand Prix,0.0,16,0.0
BOT,25,0 days 00:01:33.561000,HARD,25.0,True,0 days 01:41:05.787000,28.2,14,32.9,0 days 00:00:18.700000,0 days 00:00:39.743000,0 days 00:00:35.118000,1,93.561,6065.787,0.918999999999869,True,False,False,25.0,0.0,0.0,18.7,39.743,35.118,0,0,0,0.0,93.0874,0.6963528559573751,0.6801149675029042,0,0,92.726,93.463,0.7369999999999948,0.16499999999999204,0.835000000000008,-0.22433333333333394,0.0,0.9550000000000054,0.5811293315605411,-0.22433333333333394,0,1,2022,Abu Dhabi Grand Prix,0.0,16,0.0
BOT,26,0 days 00:01:33.463000,HARD,26.0,True,0 days 01:42:39.250000,28.2,14,33.0,0 days 00:00:18.731000,0 days 00:00:40.003000,0 days 00:00:34.729000,1,93.463,6159.25,1.0479999999997744,True,False,False,26.0,0.0,0.0,18.731,40.003,34.729,0,0,0,0.0,93.2874,0.6493899444863598,0.27040763641463667,0,0,93.561,93.206,-0.355000000000004,0.9820000000000135,-0.09800000000001319,0.32733333333333786,0.0,0.4410000000000025,0.5900426255788668,0.32733333333333786,0,0,2022,Abu Dhabi Grand Prix,0.0,16,0.0
BOT,27,0 days 00:01:33.206000,HARD,27.0,True,0 days 01:44:12.456000,28.2,15,32.8,0 days 00:00:18.793000,0 days 00:00:39.651000,0 days 00:00:34.762000,1,93.206,6252.456,0.7919999999994616,True,False,False,27.0,0.0,0.0,18.793,39.651,34.762,0,0,0,0.0,93.30019999999999,0.6527615950712765,-0.14430996049897912,0,0,93.463,93.579,0.11599999999999966,0.8840000000000003,-0.2569999999999908,-0.2363333333333344,0.0,0.47400000000000375,0.5890642579549389,-0.2363333333333344,0,1,2022,Abu Dhabi Grand Prix,0.0,16,0.0
BOT,28,0 days 00:01:33.579000,HARD,28.0,True,0 days 01:45:46.035000,28.1,15,32.5,0 days 00:00:18.819000,0 days 00:00:39.718000,0 days 00:00:35.042000,1,93.579,6346.035,1.4589999999998327,True,False,False,28.0,0.0,0.0,18.819,39.718,35.042,0,0,0,0.0,93.4256,0.5278515889906904,0.29061198867149024,0,0,93.206,93.039,-0.1670000000000016,0.480000000000004,0.37299999999999045,0.16000000000000134,0.0,0.3130000000000024,0.44479264832054144,0.16000000000000134,0,0,2022,Abu Dhabi Grand Prix,0.0,16,0.0
BOT,29,0 days 00:01:33.039000,HARD,29.0,True,0 days 01:47:19.074000,28.1,15,32.8,0 days 00:00:18.687000,0 days 00:00:39.720000,0 days 00:00:34.632000,1,93.039,6439.074,0.4400000000005093,True,False,False,29.0,0.0,0.0,18.687,39.72,34.632,0,0,0,0.0,93.30699999999999,0.35728070196974554,-0.7501104832207832,0,0,93.579,91.442,-2.1370000000000005,0.8529999999999944,-0.539999999999992,0.005999999999995491,0.0,-0.09700000000000131,0.3079785706830933,0.005999999999995491,0,1,2022,Abu Dhabi Grand Prix,0.0,16,0.0
BOT,32,0 days 00:01:31.442000,MEDIUM,2.0,True,0 days 01:52:20.066000,28.1,18,32.9,0 days 00:00:18.503000,0 days 00:00:39.159000,0 days 00:00:33.780000,1,91.442,6740.066,3.0540000000000873,False,True,False,2.0,0.0,0.0,18.503,39.159,33.78,0,0,0,0.0,93.3696,0.237311609492657,-8.122653603508837,1,0,93.039,91.276,-1.7630000000000052,0.0,-1.5970000000000084,-0.14133333333333079,0.0,-0.8519999999999968,0.37692200784777974,-0.14133333333333079,0,0,2022,Abu Dhabi Grand Prix,0.0,16,0.0
BOT,33,0 days 00:01:31.276000,MEDIUM,3.0,True,0 days 01:53:51.342000,28.1,18,32.8,0 days 00:00:18.506000,0 days 00:00:39.067000,0 days 00:00:33.703000,1,91.276,6831.342,3.5620000000008076,False,True,False,3.0,0.0,0.0,18.506,39.067,33.703,0,0,0,0.0,92.9458,0.8669260060697112,-1.9261159410480733,1,1,91.442,91.487,0.045000000000001705,0.0,-0.16599999999999682,-0.5880000000000033,0.0,-0.07699999999999818,0.5560734663693279,-0.5880000000000033,0,0,2022,Abu Dhabi Grand Prix,0.0,16,0.0
BOT,34,0 days 00:01:31.487000,MEDIUM,4.0,True,0 days 01:55:22.829000,28.0,18,32.7,0 days 00:00:18.438000,0 days 00:00:39.389000,0 days 00:00:33.660000,1,91.487,6922.829,4.0460000000002765,False,True,False,4.0,0.0,0.0,18.438,39.389,33.66,0,0,0,0.0,92.5084,1.0689229626123502,-0.9555412651102484,0,1,91.276,91.453,0.1770000000000067,0.0,0.21099999999999852,-0.7676666666666657,0.0,-0.043000000000006366,0.512948048051652,-0.7676666666666657,0,0,2022,Abu Dhabi Grand Prix,0.0,16,0.0
BOT,35,0 days 00:01:31.453000,MEDIUM,5.0,True,0 days 01:56:54.282000,28.0,18,32.6,0 days 00:00:18.445000,0 days 00:00:39.280000,0 days 00:00:33.728000,1,91.453,7014.282,5.279999999999745,False,True,False,5.0,0.0,0.0,18.445,39.28,33.728,0,0,0,0.0,92.1646,1.0648949713469151,-0.6682349143783958,0,0,91.487,91.331,-0.1559999999999917,0.21099999999999852,-0.033999999999991815,-0.5173333333333355,0.0,0.06800000000000495,0.4262489882685926,-0.5173333333333355,0,0,2022,Abu Dhabi Grand Prix,0.0,16,0.0
BOT,36,0 days 00:01:31.331000,MEDIUM,6.0,True,0 days 01:58:25.613000,28.0,18,32.6,0 days 00:00:18.463000,0 days 00:00:39.290000,0 days 00:00:33.578000,1,91.331,7105.613,5.605999999999767,False,True,False,6.0,0.0,0.0,18.463,39.29,33.578,0,0,0,0.0,91.7394,0.7310740728544081,-0.558630124038515,0,0,91.453,91.188,-0.26500000000000057,0.1770000000000067,-0.12199999999999989,0.0036666666666699634,0.0,-0.08199999999999363,0.3699036360999967,0.0036666666666699634,0,0,2022,Abu Dhabi Grand Prix,0.0,16,0.0
BOT,37,0 days 00:01:31.188000,MEDIUM,7.0,True,0 days 01:59:56.801000,28.0,18,32.6,0 days 00:00:18.409000,0 days 00:00:39.122000,0 days 00:00:33.657000,1,91.188,7196.801,6.22899999999936,False,True,False,7.0,0.0,0.0,18.409,39.122,33.657,0,0,0,0.0,91.39779999999999,0.08979810688384844,-2.3363521490643233,1,0,91.331,92.518,1.1869999999999976,0.05500000000000682,-0.14300000000000068,0.018333333333335606,0.0,0.07899999999999352,0.3710090295397125,0.018333333333335606,0,0,2022,Abu Dhabi Grand Prix,0.0,16,0.0
BOT,38,0 days 00:01:32.518000,MEDIUM,8.0,True,0 days 02:01:29.319000,28.0,16,32.6,0 days 00:00:18.380000,0 days 00:00:40.057000,0 days 00:00:34.081000,12,92.518,7289.319,0.6559999999999491,False,True,False,8.0,0.0,0.0,18.38,40.057,34.081,0,0,1,0.0,91.34700000000001,0.12390924097871875,9.450465443502393,0,1,91.188,92.017,0.8289999999999935,0.0,1.3299999999999983,-0.09966666666666413,0.0,0.5030000000000001,0.07867973055367851,-0.09966666666666413,0,1,2022,Abu Dhabi Grand Prix,0.0,16,0.0
BOT,39,0 days 00:01:32.017000,MEDIUM,9.0,True,0 days 02:03:01.336000,28.0,17,32.7,0 days 00:00:18.444000,0 days 00:00:39.051000,0 days 00:00:34.522000,1,92.017,7381.336,7.1899999999996,False,True,False,9.0,0.0,0.0,18.444,39.051,34.522,0,0,0,0.0,91.59540000000001,0.5289378980560294,0.7970689972290933,0,0,92.518,91.512,-1.0060000000000002,1.3299999999999983,-0.5010000000000048,0.35499999999999926,0.0,0.9439999999999955,0.23308903878131995,0.35499999999999926,0,0,2022,Abu Dhabi Grand Prix,0.0,16,0.0
BOT,40,0 days 00:01:31.512000,MEDIUM,10.0,True,0 days 02:04:32.848000,28.0,17,32.4,0 days 00:00:18.478000,0 days 00:00:39.293000,0 days 00:00:33.741000,1,91.512,7472.848,6.83600000000024,False,True,False,10.0,0.0,0.0,18.478,39.293,33.741,0,0,0,0.0,91.7014,0.5542826896087726,-0.3417028955634349,0,0,92.017,90.757,-1.259999999999991,0.8289999999999935,-0.5049999999999955,0.22866666666666427,0.0,0.08400000000000318,0.4196740401788004,0.22866666666666427,0,0,2022,Abu Dhabi Grand Prix,0.0,16,0.0
BOT,41,0 days 00:01:30.757000,MEDIUM,11.0,True,0 days 02:06:03.605000,28.0,17,32.4,0 days 00:00:18.371000,0 days 00:00:38.873000,0 days 00:00:33.513000,1,90.757,7563.605,7.642000000000735,False,True,False,11.0,0.0,0.0,18.371,38.873,33.513,0,0,0,0.0,91.7132,0.548267908964163,-1.7440378770417815,1,0,91.512,93.093,1.581000000000003,0.32399999999999807,-0.7549999999999955,0.10799999999999936,0.0,-0.22800000000000153,0.4174952694342747,0.10799999999999936,0,0,2022,Abu Dhabi Grand Prix,0.0,16,0.0
BOT,42,0 days 00:01:33.093000,MEDIUM,12.0,True,0 days 02:07:36.698000,28.0,17,32.4,0 days 00:00:18.416000,0 days 00:00:39.291000,0 days 00:00:35.386000,1,93.093,7656.698,5.765999999999622,False,True,False,12.0,0.0,0.0,18.416,39.291,35.386,0,0,0,0.0,91.5984,0.6900610842526369,2.165895214361661,0,1,90.757,91.448,0.6909999999999883,0.0,2.3359999999999985,-0.5869999999999985,0.0,1.8730000000000047,0.4548189749779566,-0.5869999999999985,0,0,2022,Abu Dhabi Grand Prix,0.0,16,0.0
BOT,43,0 days 00:01:31.448000,MEDIUM,13.0,True,0 days 02:09:08.146000,28.0,17,32.4,0 days 00:00:18.522000,0 days 00:00:39.050000,0 days 00:00:33.876000,1,91.448,7748.146,6.1840000000001965,False,True,False,13.0,0.0,0.0,18.522,39.05,33.876,0,0,0,0.0,91.97940000000001,0.900601632243666,-0.590050007655598,0,0,93.093,91.246,-1.8470000000000084,2.3359999999999985,-1.6450000000000102,0.3586666666666692,0.0,0.36299999999999955,0.820658089584208,0.3586666666666692,0,0,2022,Abu Dhabi Grand Prix,0.0,16,0.0
BOT,44,0 days 00:01:31.246000,MEDIUM,14.0,True,0 days 02:10:39.392000,28.0,17,32.3,0 days 00:00:18.442000,0 days 00:00:39.257000,0 days 00:00:33.547000,1,91.246,7839.392,8.25500000000011,False,True,False,14.0,0.0,0.0,18.442,39.257,33.547,0,0,0,0.0,91.7654,0.8671287678309031,-0.5989883155408028,0,0,91.448,91.319,-0.12899999999999068,0.6909999999999883,-0.20199999999999818,-0.02133333333333572,0.0,0.03399999999999892,0.8286457023360478,-0.02133333333333572,0,0,2022,Abu Dhabi Grand Prix,0.0,16,0.0
BOT,45,0 days 00:01:31.319000,MEDIUM,15.0,True,0 days 02:12:10.711000,28.0,17,32.1,0 days 00:00:18.402000,0 days 00:00:39.205000,0 days 00:00:33.712000,1,91.319,7930.711,8.43499999999949,False,True,False,15.0,0.0,0.0,18.402,39.205,33.712,0,0,0,0.0,91.6112,0.8796639699339341,-0.3321722953162891,0,0,91.246,91.158,-0.08799999999999386,0.4889999999999901,0.0730000000000075,0.1629999999999967,0.0,0.16500000000000625,0.8360799602908824,0.1629999999999967,0,0,2022,Abu Dhabi Grand Prix,0.0,16,0.0
BOT,46,0 days 00:01:31.158000,MEDIUM,16.0,True,0 days 02:13:41.869000,28.0,17,32.0,0 days 00:00:18.438000,0 days 00:00:39.329000,0 days 00:00:33.391000,1,91.158,8021.869,8.720000000000255,False,True,False,16.0,0.0,0.0,18.438,39.329,33.391,0,0,0,0.0,91.5726,0.8892869615596122,-0.4662162135750607,0,0,91.319,90.352,-0.9669999999999987,0.5619999999999976,-0.16100000000000136,-0.5913333333333336,0.0,-0.1559999999999988,0.8285670159981045,-0.5913333333333336,0,0,2022,Abu Dhabi Grand Prix,0.0,16,0.0
BOT,47,0 days 00:01:30.352000,MEDIUM,17.0,True,0 days 02:15:12.221000,28.0,17,32.1,0 days 00:00:18.263000,0 days 00:00:38.946000,0 days 00:00:33.143000,1,90.352,8112.221,10.012000000000626,False,True,False,17.0,0.0,0.0,18.263,38.946,33.143,0,0,0,0.0,91.6528,0.8120737035515508,-1.6018250490208366,1,0,91.158,92.319,1.1610000000000014,0.0,-0.8059999999999974,-0.09666666666666401,0.0,-0.24799999999999756,0.8145315831814026,-0.09666666666666401,0,0,2022,Abu Dhabi Grand Prix,0.0,16,0.0
BOT,48,0 days 00:01:32.319000,MEDIUM,18.0,True,0 days 02:16:44.540000,28.0,17,32.3,0 days 00:00:18.244000,0 days 00:00:40.214000,0 days 00:00:33.861000,1,92.319,8204.54,9.193999999999505,False,True,False,18.0,0.0,0.0,18.244,40.214,33.861,0,0,0,0.0,91.1046,0.4339191168868699,2.798678262236168,0,1,90.352,90.639,0.28699999999999193,0.0,1.9669999999999987,-0.2979999999999971,0.0,0.7179999999999964,0.24545732826705252,-0.2979999999999971,0,0,2022,Abu Dhabi Grand Prix,0.0,16,0.0
BOT,49,0 days 00:01:30.639000,MEDIUM,19.0,True,0 days 02:18:15.179000,28.0,17,31.9,0 days 00:00:18.310000,0 days 00:00:39.082000,0 days 00:00:33.247000,1,90.639,8295.179,11.149999999999636,False,True,False,19.0,0.0,0.0,18.31,39.082,33.247,0,0,0,0.0,91.2788,0.6996890023431127,-0.9144062545751773,0,0,92.319,90.457,-1.862000000000009,1.9669999999999987,-1.6800000000000068,0.3333333333333333,0.0,0.1039999999999992,0.37983917649447146,0.3333333333333333,0,0,2022,Abu Dhabi Grand Prix,0.0,16,0.0
BOT,50,0 days 00:01:30.457000,MEDIUM,20.0,True,0 days 02:19:45.636000,28.0,17,32.0,0 days 00:00:18.227000,0 days 00:00:38.928000,0 days 00:00:33.302000,1,90.457,8385.636,12.225999999998749,False,True,False,20.0,0.0,0.0,18.227,38.928,33.302,0,0,0,0.0,91.15740000000001,0.7571058710642047,-0.9251017945687285,0,0,90.639,90.539,-0.09999999999999432,0.28699999999999193,-0.18200000000000216,-0.17300000000000182,0.0,0.15899999999999892,0.3779640194515851,-0.17300000000000182,0,0,2022,Abu Dhabi Grand Prix,0.0,16,0.0
BOT,51,0 days 00:01:30.539000,MEDIUM,21.0,True,0 days 02:21:16.175000,27.9,17,32.0,0 days 00:00:18.218000,0 days 00:00:38.900000,0 days 00:00:33.421000,1,90.539,8476.175,14.215000000000146,False,True,False,21.0,0.0,0.0,18.218,38.9,33.421,0,0,0,0.0,90.98499999999999,0.807569501652871,-0.5522744470750137,0,0,90.457,91.299,0.842000000000013,0.10499999999998977,0.08200000000000784,0.03499999999999659,0.0,0.1739999999999995,0.3777814182831099,0.03499999999999659,0,0,2022,Abu Dhabi Grand Prix,0.0,16,0.0
BOT,52,0 days 00:01:31.299000,MEDIUM,22.0,True,0 days 02:22:47.474000,27.9,17,32.1,0 days 00:00:18.231000,0 days 00:00:38.832000,0 days 00:00:34.236000,1,91.299,8567.474,15.266999999999825,False,True,False,22.0,0.0,0.0,18.231,38.832,34.236,0,0,0,0.0,90.8612,0.8217403482851794,0.5327716971834446,0,0,90.539,92.998,2.459000000000003,0.1869999999999976,0.7600000000000051,-0.5933333333333337,0.0,0.9889999999999972,0.34600260114628956,-0.5933333333333337,0,0,2022,Abu Dhabi Grand Prix,0.0,16,0.0
BOT,53,0 days 00:01:32.998000,MEDIUM,23.0,True,0 days 02:24:20.472000,27.9,16,31.9,0 days 00:00:18.382000,0 days 00:00:39.354000,0 days 00:00:35.262000,1,92.998,8660.472,0.9120000000002619,False,True,False,23.0,0.0,0.0,18.382,39.354,35.262,0,0,0,0.0,91.0506,0.7832705790465239,2.4862417306297577,0,0,91.299,92.995,1.695999999999998,0.842000000000013,1.698999999999998,0.2200000000000036,0.0,1.9600000000000009,0.40020957010046493,0.2200000000000036,0,1,2022,Abu Dhabi Grand Prix,0.0,16,0.0
BOT,54,0 days 00:01:32.995000,MEDIUM,24.0,True,0 days 02:25:53.467000,27.9,16,31.9,0 days 00:00:18.388000,0 days 00:00:40.282000,0 days 00:00:34.325000,1,92.995,8753.467,1.8239999999987049,False,True,False,24.0,0.0,0.0,18.388,40.282,34.325,0,0,0,0.0,91.1864,1.0659938086123653,1.6966327434437025,0,0,92.998,91.236,-1.7620000000000005,2.541000000000011,-0.0030000000000001137,0.8470000000000036,0.0,0.9040000000000035,0.8051544572316549,0.8470000000000036,0,0,2022,Abu Dhabi Grand Prix,0.0,16,0.0
BOT,55,0 days 00:01:31.236000,MEDIUM,25.0,True,0 days 02:27:24.703000,27.9,16,31.9,0 days 00:00:18.417000,0 days 00:00:39.142000,0 days 00:00:33.677000,1,91.236,8844.703,3.158000000001266,False,True,False,25.0,0.0,0.0,18.417,39.142,33.677,0,0,0,0.0,91.6576,1.265564221997426,-0.33313204709168487,0,0,92.995,90.566,-2.429000000000002,2.538000000000011,-1.7590000000000003,0.8186666666666677,0.0,-0.5589999999999975,0.7395902243810427,0.8186666666666677,0,0,2022,Abu Dhabi Grand Prix,0.0,16,0.0
BOT,56,0 days 00:01:30.566000,MEDIUM,26.0,True,0 days 02:28:55.269000,27.9,15,32.0,0 days 00:00:18.196000,0 days 00:00:38.939000,0 days 00:00:33.431000,1,90.566,8935.269,7.352999999999156,False,True,False,26.0,0.0,0.0,18.196,38.939,33.431,0,0,0,0.0,91.8134,1.1204406722356879,-1.113311959223134,0,0,91.236,90.743,-0.4930000000000092,0.6970000000000027,-0.6700000000000017,-0.021000000000000796,0.0,-0.24600000000000222,0.945289532365613,-0.021000000000000796,0,0,2022,Abu Dhabi Grand Prix,0.0,16,0.0
GAS,2,0 days 00:01:34.636000,SOFT,2.0,True,0 days 01:05:27.081000,28.7,18,34.9,0 days 00:00:18.956000,0 days 00:00:39.607000,0 days 00:00:36.073000,1,94.636,3927.081,0.5740000000000691,False,False,True,2.0,0.0,0.0,18.956,39.607,36.073,0,0,0,0.0,91.7076,1.2019402231392147,2.4363940432508637,0,0,94.636,92.47,-2.165999999999997,4.069999999999993,0.0,-0.7506666666666698,0.0,2.642000000000003,1.0225302929497984,0.0,0,1,2022,Abu Dhabi Grand Prix,0.0,16,0.0
GAS,3,0 days 00:01:32.470000,SOFT,3.0,True,0 days 01:06:59.551000,28.7,17,34.3,0 days 00:00:19.198000,0 days 00:00:38.735000,0 days 00:00:34.537000,1,92.47,4019.551,0.5599999999999454,False,False,True,3.0,0.0,0.0,19.198,38.735,34.537,0,0,0,0.0,,,0.0,0,0,94.636,92.473,-2.1629999999999967,0.0,-2.165999999999997,0.0,0.0,0.0,0.0,0.0,0,1,2022,Abu Dhabi Grand Prix,0.0,16,0.0
GAS,4,0 days 00:01:32.473000,SOFT,4.0,True,0 days 01:08:32.024000,28.7,17,34.0,0 days 00:00:18.726000,0 days 00:00:39.191000,0 days 00:00:34.556000,1,92.473,4112.024,0.5989999999992506,False,False,True,4.0,0.0,0.0,18.726,39.191,34.556,0,0,0,0.0,,,0.0,0,0,92.47,92.581,0.1110000000000042,0.0,0.0030000000000001137,-1.0829999999999984,0.0,0.01899999999999835,0.0,0.0,0,1,2022,Abu Dhabi Grand Prix,0.0,16,0.0
GAS,5,0 days 00:01:32.581000,SOFT,5.0,True,0 days 01:10:04.605000,28.5,17,34.0,0 days 00:00:18.749000,0 days 00:00:38.848000,0 days 00:00:34.984000,1,92.581,4204.605,0.6550000000006548,False,False,True,5.0,0.0,0.0,18.749,38.848,34.984,0,0,0,0.0,93.193,1.2496755578949263,-0.48972711047570333,0,0,92.473,93.306,0.8329999999999984,0.0030000000000001137,0.10800000000000409,-0.7209999999999989,0.0,0.44700000000000273,1.5199042733014494,-1.0814999999999984,0,1,2022,Abu Dhabi Grand Prix,0.0,16,0.0
GAS,6,0 days 00:01:33.306000,SOFT,6.0,True,0 days 01:11:37.911000,28.6,17,34.2,0 days 00:00:18.831000,0 days 00:00:39.450000,0 days 00:00:35.025000,1,93.306,4297.911,0.7039999999997235,False,False,True,6.0,0.0,0.0,18.831,39.45,35.025,0,0,0,0.0,93.03999999999999,1.0652520828423635,0.24970615339258448,0,0,92.581,92.417,-0.16400000000000148,0.1110000000000042,0.7249999999999943,-0.6849999999999975,0.0,0.48799999999999955,1.2603462487216244,-0.6849999999999975,0,1,2022,Abu Dhabi Grand Prix,0.0,16,0.0
GAS,7,0 days 00:01:32.417000,SOFT,7.0,True,0 days 01:13:10.328000,28.5,17,34.0,0 days 00:00:18.750000,0 days 00:00:39.210000,0 days 00:00:34.457000,1,92.417,4390.328,0.9399999999995998,False,False,True,7.0,0.0,0.0,18.75,39.21,34.457,0,0,0,0.0,93.0932,0.9301734784436695,-0.7269611697931726,0,0,93.306,92.537,-0.7689999999999912,0.8359999999999985,-0.8889999999999958,0.2786666666666662,0.0,-0.09899999999999665,1.0991172366949775,0.2786666666666662,0,1,2022,Abu Dhabi Grand Prix,0.0,16,0.0
GAS,8,0 days 00:01:32.537000,SOFT,8.0,True,0 days 01:14:42.865000,28.5,17,34.1,0 days 00:00:18.727000,0 days 00:00:39.377000,0 days 00:00:34.433000,1,92.537,4482.865,0.9729999999999563,False,False,True,8.0,0.0,0.0,18.727,39.377,34.433,0,0,0,0.0,92.6494,0.3718579029683187,-0.3022659975834103,0,0,92.417,92.71,0.29299999999999216,0.0,0.12000000000000455,-0.018666666666665794,0.0,-0.02400000000000091,0.27473168728779707,-0.018666666666665794,0,1,2022,Abu Dhabi Grand Prix,0.0,16,0.0
GAS,9,0 days 00:01:32.710000,SOFT,9.0,True,0 days 01:16:15.575000,28.5,17,34.0,0 days 00:00:18.689000,0 days 00:00:39.522000,0 days 00:00:34.499000,1,92.71,4575.575,1.2390000000004875,False,False,True,9.0,0.0,0.0,18.689,39.522,34.499,0,0,0,0.0,92.6628,0.364919443165194,0.1293436151019848,0,0,92.537,92.742,0.2049999999999983,0.12000000000000455,0.1729999999999876,-0.014666666666665643,0.0,0.0660000000000025,0.27864798581723144,-0.014666666666665643,0,0,2022,Abu Dhabi Grand Prix,0.0,16,0.0
GAS,10,0 days 00:01:32.742000,SOFT,10.0,True,0 days 01:17:48.317000,28.5,17,34.0,0 days 00:00:18.710000,0 days 00:00:39.325000,0 days 00:00:34.707000,1,92.742,4668.317,1.4880000000002838,False,False,True,10.0,0.0,0.0,18.71,39.325,34.707,0,0,0,0.0,92.7102,0.34915426390063575,0.09107722083856283,0,0,92.71,92.962,0.25200000000000955,0.29299999999999216,0.03200000000001069,-0.19866666666666788,0.0,0.2740000000000009,0.27317997730434,-0.19866666666666788,0,0,2022,Abu Dhabi Grand Prix,0.0,16,0.0
GAS,11,0 days 00:01:32.962000,SOFT,11.0,True,0 days 01:19:21.279000,28.5,17,33.9,0 days 00:00:18.798000,0 days 00:00:39.473000,0 days 00:00:34.691000,1,92.962,4761.279,1.8989999999994325,False,False,True,11.0,0.0,0.0,18.798,39.473,34.691,0,0,0,0.0,92.7424,0.3416025468289058,0.642852350014791,0,0,92.742,93.119,0.37699999999999534,0.32500000000000284,0.21999999999999886,0.10833333333333428,0.0,0.25800000000000267,0.23903347045968165,0.10833333333333428,0,0,2022,Abu Dhabi Grand Prix,0.0,16,0.0
GAS,12,0 days 00:01:33.119000,SOFT,12.0,True,0 days 01:20:54.398000,28.5,17,33.7,0 days 00:00:18.859000,0 days 00:00:39.379000,0 days 00:00:34.881000,1,93.119,4854.398,1.7690000000002328,False,False,True,12.0,0.0,0.0,18.859,39.379,34.881,0,0,0,0.0,92.6736,0.20837538242315523,2.137488578643695,0,0,92.962,93.38,0.41799999999999216,0.5450000000000017,0.15699999999999648,0.14166666666666572,0.0,0.3819999999999979,0.16676930173146354,0.14166666666666572,0,0,2022,Abu Dhabi Grand Prix,0.0,16,0.0
GAS,13,0 days 00:01:33.380000,SOFT,13.0,True,0 days 01:22:27.778000,28.4,16,33.9,0 days 00:00:18.807000,0 days 00:00:39.593000,0 days 00:00:34.980000,1,93.38,4947.778,1.0029999999997017,False,False,True,13.0,0.0,0.0,18.807,39.593,34.98,0,0,0,0.0,92.81400000000001,0.2278475367433107,2.4841172658260273,0,0,93.119,91.081,-2.0379999999999967,0.5819999999999936,0.2609999999999957,0.13633333333333533,0.0,0.2889999999999944,0.16561159379705215,0.13633333333333533,0,0,2022,Abu Dhabi Grand Prix,0.0,16,0.0
GAS,16,0 days 00:01:31.081000,HARD,2.0,True,0 days 01:27:26.674000,28.4,19,33.4,0 days 00:00:18.467000,0 days 00:00:38.879000,0 days 00:00:33.735000,1,91.081,5246.674,0.0,True,False,False,2.0,0.0,0.0,18.467,38.879,33.735,0,0,0,0.0,92.9826,0.2780086329594683,-6.84007535937649,1,0,93.38,91.018,-2.3619999999999948,0.6700000000000017,-2.2989999999999924,0.21266666666666367,0.0,-0.9560000000000031,0.1155084412499774,0.21266666666666367,0,0,2022,Abu Dhabi Grand Prix,0.0,16,0.0
GAS,17,0 days 00:01:31.018000,HARD,3.0,True,0 days 01:28:57.692000,28.4,19,33.3,0 days 00:00:18.541000,0 days 00:00:38.846000,0 days 00:00:33.631000,1,91.018,5337.692,12.064000000000306,True,False,False,3.0,0.0,0.0,18.541,38.846,33.631,0,0,0,0.0,92.6568,0.9110706339247209,-1.798762838991266,1,1,91.081,91.227,0.1460000000000008,0.0,-0.06300000000000239,-0.6270000000000001,0.0,-0.1039999999999992,0.564096445654465,-0.6270000000000001,0,0,2022,Abu Dhabi Grand Prix,0.0,16,0.0
GAS,18,0 days 00:01:31.227000,HARD,4.0,True,0 days 01:30:28.919000,28.3,19,33.3,0 days 00:00:18.443000,0 days 00:00:39.081000,0 days 00:00:33.703000,1,91.227,5428.919,12.917000000000371,True,False,False,4.0,0.0,0.0,18.443,39.081,33.703,0,0,0,0.0,92.312,1.1623435378578915,-0.933458968593368,0,1,91.018,91.3,0.2819999999999965,0.0,0.20900000000000318,-0.700333333333333,0.0,0.07200000000000273,0.5516631218415823,-0.700333333333333,0,0,2022,Abu Dhabi Grand Prix,0.0,16,0.0
GAS,19,0 days 00:01:31.300000,HARD,5.0,True,0 days 01:32:00.219000,28.3,19,33.2,0 days 00:00:18.541000,0 days 00:00:38.902000,0 days 00:00:33.857000,1,91.3,5520.219,13.554000000000087,True,False,False,5.0,0.0,0.0,18.541,38.902,33.857,0,0,0,0.0,91.965,1.17864859054767,-0.5642054852761567,0,0,91.227,92.182,0.9549999999999983,0.20900000000000318,0.07299999999999329,-0.7176666666666639,0.0,0.2259999999999991,0.5336860500331633,-0.7176666666666639,0,0,2022,Abu Dhabi Grand Prix,0.0,16,0.0
GAS,20,0 days 00:01:32.182000,HARD,6.0,True,0 days 01:33:32.401000,28.3,19,33.1,0 days 00:00:18.494000,0 days 00:00:38.905000,0 days 00:00:34.783000,1,92.182,5612.401,13.426000000000386,True,False,False,6.0,0.0,0.0,18.494,38.905,34.783,0,0,0,0.0,91.6012,1.0007006045766258,0.5803933737461067,0,0,91.3,91.443,0.14300000000000068,0.2819999999999965,0.882000000000005,0.07299999999999802,0.0,1.152000000000001,0.5049225683211241,0.07299999999999802,0,0,2022,Abu Dhabi Grand Prix,0.0,16,0.0
GAS,21,0 days 00:01:31.443000,HARD,7.0,True,0 days 01:35:03.844000,28.2,19,33.0,0 days 00:00:18.610000,0 days 00:00:38.858000,0 days 00:00:33.975000,1,91.443,5703.844,14.041000000000167,True,False,False,7.0,0.0,0.0,18.61,38.858,33.975,0,0,0,0.0,91.3616,0.47216660195320936,0.17239677618720836,0,0,92.182,91.228,-0.9540000000000077,1.1640000000000015,-0.7390000000000043,0.3880000000000005,0.0,0.27199999999999847,0.7546018817893326,0.3880000000000005,0,0,2022,Abu Dhabi Grand Prix,0.0,16,0.0
GAS,22,0 days 00:01:31.228000,HARD,8.0,True,0 days 01:36:35.072000,28.2,19,33.0,0 days 00:00:18.427000,0 days 00:00:38.772000,0 days 00:00:34.029000,1,91.228,5795.072,14.792999999999665,True,False,False,8.0,0.0,0.0,18.427,38.772,34.029,0,0,0,0.0,91.434,0.4453779294038235,-0.46252853228661717,0,0,91.443,91.704,0.2609999999999957,0.42499999999999716,-0.2150000000000034,0.071999999999998,0.0,0.17200000000000415,0.48594732224799836,0.071999999999998,0,0,2022,Abu Dhabi Grand Prix,0.0,16,0.0
GAS,23,0 days 00:01:31.704000,HARD,9.0,True,0 days 01:38:06.776000,28.2,19,32.9,0 days 00:00:18.554000,0 days 00:00:38.875000,0 days 00:00:34.275000,1,91.704,5886.776,15.06500000000051,True,False,False,9.0,0.0,0.0,18.554,38.875,34.275,0,0,0,0.0,91.476,0.40435318720153196,0.5638634916617039,0,0,91.228,91.855,0.6270000000000095,0.000999999999990564,0.4759999999999991,-0.02400000000000091,0.0,0.29999999999999716,0.43860141358641297,-0.02400000000000091,0,0,2022,Abu Dhabi Grand Prix,0.0,16,0.0
GAS,24,0 days 00:01:31.855000,HARD,10.0,True,0 days 01:39:38.631000,28.2,19,33.3,0 days 00:00:18.547000,0 days 00:00:39.053000,0 days 00:00:34.255000,1,91.855,5978.631,15.390999999999622,True,False,False,10.0,0.0,0.0,18.547,39.053,34.255,0,0,0,0.0,91.5714,0.38680847974163374,0.7331793764951476,0,0,91.704,93.269,1.565000000000012,0.4759999999999991,0.15100000000001046,-0.1593333333333362,0.0,0.28000000000000114,0.40962519453764096,-0.1593333333333362,0,0,2022,Abu Dhabi Grand Prix,0.0,16,0.0
GAS,25,0 days 00:01:33.269000,HARD,11.0,True,0 days 01:41:11.900000,28.2,19,32.9,0 days 00:00:18.621000,0 days 00:00:38.800000,0 days 00:00:35.848000,1,93.269,6071.9,14.101000000000568,True,False,False,11.0,0.0,0.0,18.621,38.8,35.848,0,0,0,0.0,91.6824,0.3686628541093203,4.303661142734838,0,0,91.855,92.542,0.6869999999999976,0.6270000000000095,1.4140000000000015,0.1373333333333354,0.0,1.8189999999999955,0.4037563621789755,0.1373333333333354,0,0,2022,Abu Dhabi Grand Prix,0.0,16,0.0
GAS,26,0 days 00:01:32.542000,HARD,12.0,True,0 days 01:42:44.442000,28.2,17,33.0,0 days 00:00:18.816000,0 days 00:00:39.239000,0 days 00:00:34.487000,1,92.542,6164.442,0.8580000000001746,True,False,False,12.0,0.0,0.0,18.816,39.239,34.487,0,0,0,0.0,91.8998,0.8023457484152491,0.8004030697095885,0,0,93.269,91.712,-1.5570000000000022,2.041000000000011,-0.7270000000000039,0.680333333333337,0.0,0.23199999999999932,0.7007494559398507,0.680333333333337,0,1,2022,Abu Dhabi Grand Prix,0.0,16,0.0
GAS,27,0 days 00:01:31.712000,HARD,13.0,True,0 days 01:44:16.154000,28.2,17,32.8,0 days 00:00:18.599000,0 days 00:00:39.166000,0 days 00:00:33.947000,1,91.712,6256.154,0.6049999999995634,True,False,False,13.0,0.0,0.0,18.599,39.166,33.947,0,0,0,0.0,92.1196,0.7964341152914165,-0.511781190903482,0,0,92.542,92.407,-0.13500000000000512,1.3140000000000072,-0.8299999999999983,0.27933333333333604,0.0,-0.30799999999999983,0.705196284732128,0.27933333333333604,0,1,2022,Abu Dhabi Grand Prix,0.0,16,0.0
GAS,28,0 days 00:01:32.407000,HARD,14.0,True,0 days 01:45:48.561000,28.1,17,32.5,0 days 00:00:18.465000,0 days 00:00:39.216000,0 days 00:00:34.726000,1,92.407,6348.561,14.038000000000466,True,False,False,14.0,0.0,0.0,18.465,39.216,34.726,0,0,0,0.0,92.2164,0.6821959395950822,0.27939187107025903,0,0,91.712,92.05,0.33799999999999386,0.008000000000009777,0.6949999999999932,-0.04766666666666689,0.0,0.7789999999999964,0.7979008710359935,-0.04766666666666689,0,0,2022,Abu Dhabi Grand Prix,0.0,16,0.0
GAS,29,0 days 00:01:32.050000,HARD,15.0,True,0 days 01:47:20.611000,28.1,17,32.8,0 days 00:00:18.751000,0 days 00:00:39.117000,0 days 00:00:34.182000,1,92.05,6440.611,14.17200000000048,True,False,False,15.0,0.0,0.0,18.751,39.117,34.182,0,0,0,0.0,92.357,0.6197777827576688,-0.49533882714224076,0,0,92.407,92.297,-0.10999999999999943,0.6949999999999932,-0.3569999999999993,-0.2873333333333363,0.0,0.23499999999999943,0.8019428283861616,-0.2873333333333363,0,0,2022,Abu Dhabi Grand Prix,0.0,16,0.0
GAS,30,0 days 00:01:32.297000,HARD,16.0,True,0 days 01:48:52.908000,28.1,16,32.8,0 days 00:00:18.554000,0 days 00:00:39.240000,0 days 00:00:34.503000,1,92.297,6532.908,14.117999999999483,True,False,False,16.0,0.0,0.0,18.554,39.24,34.503,0,0,0,0.0,92.396,0.58547800983471,-0.16909260183478636,0,0,92.05,91.744,-0.3059999999999974,0.33799999999999386,0.2469999999999999,-0.16400000000000148,0.0,0.5559999999999974,0.8061180434650975,-0.16400000000000148,0,0,2022,Abu Dhabi Grand Prix,0.0,16,0.0
GAS,31,0 days 00:01:31.744000,HARD,17.0,True,0 days 01:50:24.652000,28.1,16,32.9,0 days 00:00:18.584000,0 days 00:00:39.126000,0 days 00:00:34.034000,1,91.744,6624.652,14.399999999999636,True,False,False,17.0,0.0,0.0,18.584,39.126,34.034,0,0,0,0.0,92.20160000000001,0.327815954462282,-1.3959052137978363,0,0,92.297,91.676,-0.6209999999999951,0.5849999999999937,-0.5529999999999973,0.19499999999999792,0.0,-0.14800000000000324,0.41032998915506863,0.19499999999999792,0,0,2022,Abu Dhabi Grand Prix,0.0,16,0.0
GAS,32,0 days 00:01:31.676000,HARD,18.0,True,0 days 01:51:56.328000,28.1,16,32.9,0 days 00:00:18.519000,0 days 00:00:39.125000,0 days 00:00:34.032000,1,91.676,6716.328,14.790999999999258,True,False,False,18.0,0.0,0.0,18.519,39.125,34.032,0,0,0,0.0,92.042,0.31464980533924086,-1.1631979228634686,0,0,91.744,91.349,-0.394999999999996,0.031999999999996476,-0.06799999999999784,-0.2209999999999989,0.0,-0.0020000000000024443,0.45819504580473047,-0.2209999999999989,0,0,2022,Abu Dhabi Grand Prix,0.0,16,0.0
GAS,33,0 days 00:01:31.349000,HARD,19.0,True,0 days 01:53:27.677000,28.1,16,32.8,0 days 00:00:18.379000,0 days 00:00:39.090000,0 days 00:00:33.880000,1,91.349,6807.677,15.538000000000466,True,False,False,19.0,0.0,0.0,18.379,39.09,33.88,0,0,0,0.0,92.03479999999999,0.3243511985487665,-2.1143747982693997,1,0,91.676,91.44,-0.2360000000000042,0.0,-0.3269999999999982,-0.12466666666666508,0.0,-0.15199999999999392,0.38400195312003266,-0.12466666666666508,0,0,2022,Abu Dhabi Grand Prix,0.0,16,0.0
GAS,34,0 days 00:01:31.440000,HARD,20.0,True,0 days 01:54:59.117000,28.0,16,32.7,0 days 00:00:18.399000,0 days 00:00:39.116000,0 days 00:00:33.925000,1,91.44,6899.117,16.378999999999905,True,False,False,20.0,0.0,0.0,18.399,39.116,33.925,0,0,0,0.0,91.8232,0.36356938815035905,-1.0539941273645532,0,1,91.349,91.249,-0.10000000000000853,0.0,0.09099999999999397,-0.3159999999999978,0.0,0.0449999999999946,0.30064464073054603,-0.3159999999999978,0,0,2022,Abu Dhabi Grand Prix,0.0,16,0.0
GAS,35,0 days 00:01:31.249000,HARD,21.0,True,0 days 01:56:30.366000,28.0,15,32.6,0 days 00:00:18.457000,0 days 00:00:39.053000,0 days 00:00:33.739000,1,91.249,6990.366,17.217999999999847,True,False,False,21.0,0.0,0.0,18.457,39.053,33.739,0,0,0,0.0,91.7012,0.3707137709878498,-1.2198090154434154,0,0,91.44,91.391,-0.04899999999999238,0.09099999999999397,-0.1910000000000025,-0.10133333333333401,0.0,-0.14100000000000534,0.2908147176468191,-0.10133333333333401,0,0,2022,Abu Dhabi Grand Prix,0.0,16,0.0
GAS,36,0 days 00:01:31.391000,HARD,22.0,True,0 days 01:58:01.757000,28.0,14,32.6,0 days 00:00:18.427000,0 days 00:00:39.075000,0 days 00:00:33.889000,1,91.391,7081.757,18.307999999999993,True,False,False,22.0,0.0,0.0,18.427,39.075,33.889,0,0,0,0.0,91.49159999999999,0.211873311202803,-0.47481204418282064,0,0,91.249,91.414,0.16500000000000625,0.0,0.14200000000001012,-0.14233333333333556,0.0,0.15000000000000568,0.09385787127353569,-0.14233333333333556,0,0,2022,Abu Dhabi Grand Prix,0.0,16,0.0
GAS,37,0 days 00:01:31.414000,HARD,23.0,True,0 days 01:59:33.171000,28.0,14,32.5,0 days 00:00:18.394000,0 days 00:00:39.252000,0 days 00:00:33.768000,1,91.414,7173.171,11.197000000000116,True,False,False,23.0,0.0,0.0,18.394,39.252,33.768,0,0,0,0.0,91.421,0.15894495902683173,-0.044040402683191246,0,0,91.391,91.25,-0.14100000000000534,0.14200000000001012,0.022999999999996135,0.014000000000000531,0.0,0.029000000000003467,0.1279785138216575,0.014000000000000531,0,0,2022,Abu Dhabi Grand Prix,0.0,16,0.0
GAS,38,0 days 00:01:31.250000,HARD,24.0,True,0 days 02:01:04.421000,28.0,14,32.6,0 days 00:00:18.442000,0 days 00:00:39.009000,0 days 00:00:33.799000,12,91.25,7264.421,9.920999999999367,True,False,False,24.0,0.0,0.0,18.442,39.009,33.799,0,0,1,0.0,91.3686,0.07474824412681465,-1.5866593441150143,1,0,91.414,91.291,-0.12300000000000466,0.16500000000000625,-0.16400000000000148,-0.008666666666665416,0.0,0.060000000000002274,0.1298063942955056,-0.008666666666665416,0,0,2022,Abu Dhabi Grand Prix,0.0,16,0.0
GAS,39,0 days 00:01:31.291000,HARD,25.0,True,0 days 02:02:35.712000,28.0,13,32.7,0 days 00:00:18.438000,0 days 00:00:39.117000,0 days 00:00:33.736000,1,91.291,7355.712,8.652999999999338,True,False,False,25.0,0.0,0.0,18.438,39.117,33.736,0,0,0,0.0,91.34880000000001,0.09229138638054153,-0.6262772970132877,0,1,91.25,91.385,0.13500000000000512,0.0010000000000047748,0.04099999999999682,0.00033333333333492493,0.0,-0.03200000000000358,0.10577948761456904,0.00033333333333492493,0,0,2022,Abu Dhabi Grand Prix,0.0,16,0.0
GAS,40,0 days 00:01:31.385000,HARD,26.0,True,0 days 02:04:07.097000,28.0,13,32.4,0 days 00:00:18.475000,0 days 00:00:39.091000,0 days 00:00:33.819000,1,91.385,7447.097,3.9810000000006767,True,False,False,26.0,0.0,0.0,18.475,39.091,33.819,0,0,0,0.0,91.31899999999999,0.07850796138000078,0.840679070502901,0,0,91.291,91.491,0.20000000000000284,0.04200000000000159,0.0940000000000083,-0.03333333333333618,0.0,0.08300000000000551,0.10836835331405999,-0.03333333333333618,0,0,2022,Abu Dhabi Grand Prix,0.0,16,0.0
GAS,41,0 days 00:01:31.491000,HARD,27.0,True,0 days 02:05:38.588000,28.0,13,32.4,0 days 00:00:18.467000,0 days 00:00:39.074000,0 days 00:00:33.950000,1,91.491,7538.588,2.2520000000004075,True,False,False,27.0,0.0,0.0,18.467,39.074,33.95,0,0,0,0.0,91.3462,0.07143318556554898,2.027069055560056,0,0,91.385,91.545,0.1599999999999966,0.13500000000000512,0.10599999999999454,-0.009666666666665455,0.0,0.21400000000000574,0.0671453646948203,-0.009666666666665455,0,0,2022,Abu Dhabi Grand Prix,0.0,16,0.0
GAS,42,0 days 00:01:31.545000,HARD,28.0,True,0 days 02:07:10.133000,28.0,13,32.4,0 days 00:00:18.422000,0 days 00:00:39.169000,0 days 00:00:33.954000,1,91.545,7630.133,0.8079999999999927,True,False,False,28.0,0.0,0.0,18.422,39.169,33.954,0,0,0,0.0,91.3662,0.0966576432572213,1.849827845731561,0,0,91.491,92.28,0.7890000000000015,0.24099999999999966,0.054000000000002046,0.08033333333333322,0.0,0.21800000000000352,0.09094888674415164,0.08033333333333322,0,1,2022,Abu Dhabi Grand Prix,0.0,16,0.0
GAS,43,0 days 00:01:32.280000,HARD,29.0,True,0 days 02:08:42.413000,28.0,14,32.4,0 days 00:00:18.551000,0 days 00:00:39.475000,0 days 00:00:34.254000,1,92.28,7722.413,2.649000000000342,True,False,False,29.0,0.0,0.0,18.551,39.475,34.254,0,0,0,0.0,91.3924,0.12611819852836,7.037842360239652,0,0,91.545,91.426,-0.11899999999999977,0.2950000000000017,0.7349999999999994,0.08466666666666829,0.0,0.43499999999999517,0.10707847589502104,0.08466666666666829,0,0,2022,Abu Dhabi Grand Prix,0.0,16,0.0
GAS,44,0 days 00:01:31.426000,HARD,30.0,True,0 days 02:10:13.839000,28.0,14,32.3,0 days 00:00:18.455000,0 days 00:00:38.979000,0 days 00:00:33.992000,1,91.426,7813.839,1.4409999999998035,True,False,False,30.0,0.0,0.0,18.455,38.979,33.992,0,0,0,0.0,91.5984,0.3933825110500304,-0.4382502911474635,0,0,92.28,91.502,-0.7780000000000058,0.9890000000000043,-0.8539999999999992,0.298333333333332,0.0,0.041999999999994486,0.17458035399207905,0.298333333333332,0,0,2022,Abu Dhabi Grand Prix,0.0,16,0.0
GAS,45,0 days 00:01:31.502000,HARD,31.0,True,0 days 02:11:45.341000,28.0,13,32.3,0 days 00:00:18.437000,0 days 00:00:39.066000,0 days 00:00:33.999000,1,91.502,7905.341,0.6989999999996144,True,False,False,31.0,0.0,0.0,18.437,39.066,33.999,0,0,0,0.0,91.6254,0.371005795103021,-0.3326093598234442,0,0,91.426,92.625,1.198999999999998,0.04099999999999682,0.0759999999999934,-0.021666666666665908,0.0,0.045000000000001705,0.15361087201106438,-0.021666666666665908,0,1,2022,Abu Dhabi Grand Prix,0.0,16,0.0
GAS,46,0 days 00:01:32.625000,HARD,32.0,True,0 days 02:13:17.966000,28.0,14,32.0,0 days 00:00:18.505000,0 days 00:00:39.416000,0 days 00:00:34.704000,1,92.625,7997.966,15.752999999999702,True,False,False,32.0,0.0,0.0,18.505,39.416,34.704,0,0,0,0.0,91.64880000000001,0.35541482805311325,2.74664961320665,0,0,91.502,91.851,0.34900000000000375,0.0759999999999934,1.1230000000000047,-0.014333333333335455,0.0,0.7120000000000033,0.16148591269829018,-0.014333333333335455,0,0,2022,Abu Dhabi Grand Prix,0.0,16,0.0
GAS,47,0 days 00:01:31.851000,HARD,33.0,True,0 days 02:14:49.817000,28.0,14,32.0,0 days 00:00:18.615000,0 days 00:00:39.173000,0 days 00:00:34.063000,1,91.851,8089.817,16.771999999999935,True,False,False,33.0,0.0,0.0,18.615,39.173,34.063,0,0,0,0.0,91.8756,0.5422529852384518,-0.04536627859999507,0,0,92.625,91.632,-0.992999999999995,1.198999999999998,-0.7740000000000009,0.11499999999999962,0.0,0.07100000000000506,0.28540374909941296,0.11499999999999962,0,0,2022,Abu Dhabi Grand Prix,0.0,16,0.0
GAS,48,0 days 00:01:31.632000,HARD,34.0,True,0 days 02:16:21.449000,28.0,14,32.3,0 days 00:00:18.562000,0 days 00:00:39.014000,0 days 00:00:34.056000,1,91.632,8181.449,15.876999999999498,True,False,False,34.0,0.0,0.0,18.562,39.014,34.056,0,0,0,0.0,91.9368,0.5120387680635229,-0.5952674270206569,0,0,91.851,91.654,-0.19700000000000273,0.42499999999999716,-0.2189999999999941,0.14166666666666572,0.0,0.056999999999995055,0.3018252805846459,0.14166666666666572,0,0,2022,Abu Dhabi Grand Prix,0.0,16,0.0
GAS,49,0 days 00:01:31.654000,HARD,35.0,True,0 days 02:17:53.103000,28.0,14,31.9,0 days 00:00:18.514000,0 days 00:00:39.034000,0 days 00:00:34.106000,1,91.654,8273.103,14.806000000000495,True,False,False,35.0,0.0,0.0,18.514,39.034,34.106,0,0,0,0.0,91.8072,0.48473466969056006,-0.31604919057635483,0,0,91.632,91.598,-0.034000000000006025,0.20600000000000307,0.02199999999999136,0.043333333333336554,0.0,0.05000000000000426,0.29460023761022525,0.043333333333336554,0,0,2022,Abu Dhabi Grand Prix,0.0,16,0.0
GAS,50,0 days 00:01:31.598000,HARD,36.0,True,0 days 02:19:24.701000,28.0,14,32.0,0 days 00:00:18.489000,0 days 00:00:39.002000,0 days 00:00:34.107000,1,91.598,8364.701,13.431000000000495,True,False,False,36.0,0.0,0.0,18.489,39.002,34.107,0,0,0,0.0,91.8528,0.44934140695023295,-0.5670521257530658,0,0,91.654,92.718,1.0640000000000072,0.15200000000000102,-0.055999999999997385,-0.3236666666666679,0.0,0.05100000000000193,0.29364689679954137,-0.3236666666666679,0,0,2022,Abu Dhabi Grand Prix,0.0,16,0.0
GAS,51,0 days 00:01:32.718000,HARD,37.0,True,0 days 02:20:57.419000,27.9,14,32.0,0 days 00:00:18.654000,0 days 00:00:39.569000,0 days 00:00:34.495000,1,92.718,8457.419,10.822000000000116,True,False,False,37.0,0.0,0.0,18.654,39.569,34.495,0,0,0,0.0,91.872,0.43233378308896053,1.956821403026753,0,0,91.598,92.748,1.1500000000000057,0.0,1.1200000000000045,-0.08433333333333337,0.0,0.43900000000000006,0.292932927476582,-0.08433333333333337,0,0,2022,Abu Dhabi Grand Prix,0.0,16,0.0
GAS,52,0 days 00:01:32.748000,HARD,38.0,True,0 days 02:22:30.167000,27.9,14,32.1,0 days 00:00:19.262000,0 days 00:00:38.882000,0 days 00:00:34.604000,1,92.748,8550.167,9.897000000000844,True,False,False,38.0,0.0,0.0,19.262,38.882,34.604,0,0,0,0.0,91.89059999999999,0.4729236724885051,1.8129775477053385,0,0,92.718,92.671,-0.046999999999997044,1.1200000000000045,0.030000000000001137,0.3619999999999995,0.0,0.49799999999999756,0.17092922511963768,0.3619999999999995,0,0,2022,Abu Dhabi Grand Prix,0.0,16,0.0
GAS,53,0 days 00:01:32.671000,HARD,39.0,True,0 days 02:24:02.838000,27.9,14,31.9,0 days 00:00:18.792000,0 days 00:00:39.213000,0 days 00:00:34.666000,1,92.671,8642.838,6.826000000000931,True,False,False,39.0,0.0,0.0,18.792,39.213,34.666,0,0,0,0.0,92.07000000000001,0.6056550173159698,0.9923140778448432,0,0,92.748,93.137,0.3889999999999958,1.1500000000000057,-0.07699999999999818,0.3646666666666694,0.0,0.5589999999999975,0.22873019039908035,0.3646666666666694,0,0,2022,Abu Dhabi Grand Prix,0.0,16,0.0
GAS,54,0 days 00:01:33.137000,HARD,40.0,True,0 days 02:25:35.975000,27.9,14,31.9,0 days 00:00:18.620000,0 days 00:00:39.183000,0 days 00:00:35.334000,1,93.137,8735.975,4.110999999998967,True,False,False,40.0,0.0,0.0,18.62,39.183,35.334,0,0,0,0.0,92.2778,0.5959708046540552,1.441681359708121,0,0,92.671,93.845,1.1739999999999924,1.0730000000000075,0.465999999999994,0.3576666666666692,0.0,0.8390000000000057,0.24911101942707925,0.3576666666666692,0,0,2022,Abu Dhabi Grand Prix,0.0,16,0.0
GAS,55,0 days 00:01:33.845000,HARD,41.0,True,0 days 02:27:09.820000,27.9,14,31.9,0 days 00:00:18.766000,0 days 00:00:39.437000,0 days 00:00:35.642000,1,93.845,8829.82,0.6730000000006839,True,False,False,41.0,0.0,0.0,18.766,39.437,35.642,0,0,0,0.0,92.5744,0.5766205858274494,2.2035286828629146,0,0,93.137,94.193,1.0559999999999974,1.5390000000000015,0.7079999999999984,0.13966666666666563,0.0,1.0380000000000038,0.2833411371474331,0.13966666666666563,0,1,2022,Abu Dhabi Grand Prix,0.0,16,0.0
GAS,56,0 days 00:01:34.193000,HARD,42.0,True,0 days 02:28:44.013000,27.9,14,32.0,0 days 00:00:18.846000,0 days 00:00:39.515000,0 days 00:00:35.832000,1,94.193,8924.013,11.255999999999403,True,False,False,42.0,0.0,0.0,18.846,39.515,35.832,0,0,0,0.0,93.0238,0.4952854732373823,2.3606587779723247,0,0,93.845,92.845,-1.0,1.1739999999999924,0.347999999999999,0.36566666666666475,0.0,1.166000000000004,0.254531530463323,0.36566666666666475,0,0,2022,Abu Dhabi Grand Prix,0.0,16,0.0
HAM,2,0 days 00:01:31.094000,MEDIUM,2.0,True,0 days 01:05:16.353000,28.7,4,34.9,0 days 00:00:18.414000,0 days 00:00:38.963000,0 days 00:00:33.717000,1,91.094,3916.353,0.8099999999999454,False,True,False,2.0,0.0,0.0,18.414,38.963,33.717,0,0,0,0.0,93.3382,0.6550596919365217,-3.4259473260605993,1,0,91.094,90.441,-0.6529999999999916,-1.5770000000000124,0.0,-0.09733333333333387,0.0,-1.9250000000000043,0.2782852852739466,0.0,0,1,2022,Abu Dhabi Grand Prix,0.0,16,0.0
HAM,3,0 days 00:01:30.441000,MEDIUM,3.0,True,0 days 01:06:46.794000,28.6,4,34.4,0 days 00:00:18.251000,0 days 00:00:38.283000,0 days 00:00:33.907000,1,90.441,4006.794,1.3150000000000546,False,True,False,3.0,0.0,0.0,18.251,38.283,33.907,0,0,0,0.0,,,0.0,0,1,91.094,92.842,1.7480000000000047,0.0,-0.6529999999999916,0.0,0.0,0.0,0.0,0.0,0,0,2022,Abu Dhabi Grand Prix,0.0,16,0.0
HAM,4,0 days 00:01:32.842000,MEDIUM,4.0,True,0 days 01:08:19.636000,28.7,5,34.0,0 days 00:00:18.384000,0 days 00:00:38.517000,0 days 00:00:35.941000,1,92.842,4099.636,0.8139999999993961,False,True,False,4.0,0.0,0.0,18.384,38.517,35.941,0,0,0,0.0,,,0.0,0,0,90.441,90.346,-0.09499999999999886,0.0,2.4009999999999962,-0.3264999999999958,0.0,2.2240000000000038,0.0,0.0,0,1,2022,Abu Dhabi Grand Prix,0.0,16,0.0
HAM,5,0 days 00:01:30.346000,MEDIUM,5.0,True,0 days 01:09:49.982000,28.6,4,34.0,0 days 00:00:18.279000,0 days 00:00:38.457000,0 days 00:00:33.610000,1,90.346,4189.982,1.094000000000051,False,True,False,5.0,0.0,0.0,18.279,38.457,33.61,0,0,0,0.0,91.459,1.241418140676216,-0.8965552890935963,0,0,92.842,91.334,-1.5079999999999956,2.4009999999999962,-2.495999999999995,0.5826666666666682,0.0,-0.10699999999999932,2.0762948570309923,0.8740000000000023,0,0,2022,Abu Dhabi Grand Prix,0.0,16,0.0
HAM,6,0 days 00:01:31.334000,MEDIUM,6.0,True,0 days 01:11:21.316000,28.6,4,34.2,0 days 00:00:18.435000,0 days 00:00:39.351000,0 days 00:00:33.548000,1,91.334,4281.316,1.0299999999997453,False,True,False,6.0,0.0,0.0,18.435,39.351,33.548,0,0,0,0.0,91.18075,1.1563325285862462,0.13253108099221786,0,0,90.346,91.532,1.1859999999999928,0.0,0.9879999999999995,-0.24933333333333016,0.0,-0.06199999999999761,1.6984339845869814,-0.24933333333333016,0,0,2022,Abu Dhabi Grand Prix,0.0,16,0.0
HAM,7,0 days 00:01:31.532000,MEDIUM,7.0,True,0 days 01:12:52.848000,28.6,4,34.5,0 days 00:00:18.560000,0 days 00:00:39.354000,0 days 00:00:33.618000,1,91.532,4372.848,0.9059999999999491,False,True,False,7.0,0.0,0.0,18.56,39.354,33.618,0,0,0,0.0,91.2114,1.003755846807378,0.31940038109837526,0,0,91.334,92.74,1.4059999999999917,0.9879999999999995,0.1979999999999933,0.2976666666666669,0.0,0.07000000000000028,1.4717093802785954,0.2976666666666669,0,1,2022,Abu Dhabi Grand Prix,0.0,16,0.0
HAM,8,0 days 00:01:32.740000,MEDIUM,8.0,True,0 days 01:14:25.588000,28.5,5,34.1,0 days 00:00:18.485000,0 days 00:00:39.550000,0 days 00:00:34.705000,1,92.74,4465.588,0.39800000000013824,False,True,False,8.0,0.0,0.0,18.485,39.55,34.705,0,0,0,0.0,91.299,1.0100415833023892,1.4266739348379653,0,0,91.532,92.267,0.7349999999999994,1.1859999999999928,1.2079999999999984,-0.4366666666666674,0.0,1.1569999999999965,1.0078744961551522,-0.4366666666666674,0,1,2022,Abu Dhabi Grand Prix,0.0,16,0.0
HAM,9,0 days 00:01:32.267000,MEDIUM,9.0,True,0 days 01:15:57.855000,28.5,6,34.0,0 days 00:00:18.311000,0 days 00:00:39.287000,0 days 00:00:34.669000,1,92.267,4557.855,2.4680000000007567,False,True,False,9.0,0.0,0.0,18.311,39.287,34.669,0,0,0,0.0,91.7588,1.044506199119949,0.48654570018654486,0,0,92.74,92.115,-0.625,2.3939999999999912,-0.472999999999999,0.797999999999997,0.0,1.1209999999999951,1.0186649596408037,0.797999999999997,0,0,2022,Abu Dhabi Grand Prix,0.0,16,0.0
HAM,10,0 days 00:01:32.115000,MEDIUM,10.0,True,0 days 01:17:29.970000,28.5,6,34.0,0 days 00:00:18.673000,0 days 00:00:39.427000,0 days 00:00:34.015000,1,92.115,4649.97,2.3939999999993233,False,True,False,10.0,0.0,0.0,18.673,39.427,34.015,0,0,0,0.0,91.6438,0.9196185078607324,0.5123863819314899,0,0,92.267,91.926,-0.340999999999994,1.9209999999999923,-0.15200000000000102,0.31099999999999756,0.0,0.39699999999999847,0.6453438618287118,0.31099999999999756,0,0,2022,Abu Dhabi Grand Prix,0.0,16,0.0
HAM,11,0 days 00:01:31.926000,MEDIUM,11.0,True,0 days 01:19:01.896000,28.5,6,33.9,0 days 00:00:18.660000,0 days 00:00:39.415000,0 days 00:00:33.851000,1,91.926,4741.896,2.787000000000262,False,True,False,11.0,0.0,0.0,18.66,39.415,33.851,0,0,0,0.0,91.99759999999999,0.5689167777452199,-0.12585320525044236,0,0,92.115,92.023,-0.09199999999999875,0.7809999999999917,-0.18899999999999295,0.1943333333333328,0.0,-0.16400000000000148,0.5748793786525971,0.1943333333333328,0,0,2022,Abu Dhabi Grand Prix,0.0,16,0.0
HAM,12,0 days 00:01:32.023000,MEDIUM,12.0,True,0 days 01:20:33.919000,28.5,6,33.9,0 days 00:00:18.704000,0 days 00:00:39.541000,0 days 00:00:33.778000,1,92.023,4833.919,3.162000000000262,False,True,False,12.0,0.0,0.0,18.704,39.541,33.778,0,0,0,0.0,92.116,0.4442223542326609,-0.2093546151243323,0,0,91.926,91.655,-0.2710000000000008,0.39400000000000546,0.0969999999999942,-0.271333333333331,0.0,-0.0730000000000004,0.6025742277927236,-0.271333333333331,0,0,2022,Abu Dhabi Grand Prix,0.0,16,0.0
HAM,13,0 days 00:01:31.655000,MEDIUM,13.0,True,0 days 01:22:05.574000,28.4,6,33.9,0 days 00:00:18.565000,0 days 00:00:39.264000,0 days 00:00:33.826000,1,91.655,4925.574,4.02100000000064,False,True,False,13.0,0.0,0.0,18.565,39.264,33.826,0,0,0,0.0,92.21419999999999,0.31965246753311694,-1.7493999164641367,1,0,92.023,91.886,-0.13700000000000045,0.0969999999999942,-0.367999999999995,-0.08133333333333326,0.0,0.04800000000000182,0.6317347544658258,-0.08133333333333326,0,0,2022,Abu Dhabi Grand Prix,0.0,16,0.0
HAM,14,0 days 00:01:31.886000,MEDIUM,14.0,True,0 days 01:23:37.460000,28.4,6,33.7,0 days 00:00:18.646000,0 days 00:00:39.281000,0 days 00:00:33.959000,1,91.886,5017.46,4.774999999999636,False,True,False,14.0,0.0,0.0,18.646,39.281,33.959,0,0,0,0.0,91.99719999999999,0.22885847154957414,-0.48588981324167,0,1,91.655,91.84,0.18500000000000227,0.0,0.23099999999999454,-0.15333333333333124,0.0,0.1810000000000045,0.523338036072286,-0.15333333333333124,0,0,2022,Abu Dhabi Grand Prix,0.0,16,0.0
HAM,15,0 days 00:01:31.840000,MEDIUM,15.0,True,0 days 01:25:09.300000,28.4,6,33.3,0 days 00:00:18.515000,0 days 00:00:39.343000,0 days 00:00:33.982000,1,91.84,5109.3,9.876000000000204,False,True,False,15.0,0.0,0.0,18.515,39.343,33.982,0,0,0,0.0,91.92099999999999,0.17323827521655258,-0.4675641101756332,0,0,91.886,92.069,0.18300000000000693,0.23099999999999454,-0.04599999999999227,-0.013333333333335418,0.0,0.20400000000000063,0.22058717097782365,-0.013333333333335418,0,0,2022,Abu Dhabi Grand Prix,0.0,16,0.0
HAM,16,0 days 00:01:32.069000,MEDIUM,16.0,True,0 days 01:26:41.369000,28.4,4,33.6,0 days 00:00:18.435000,0 days 00:00:39.550000,0 days 00:00:34.084000,1,92.069,5201.369,11.00500000000011,False,True,False,16.0,0.0,0.0,18.435,39.55,34.084,0,0,0,0.0,91.86600000000001,0.1358731025626679,1.4940411028471239,0,0,91.84,92.416,0.5759999999999934,0.18500000000000227,0.2289999999999992,-0.06099999999999758,0.0,0.25800000000000267,0.15907765399326204,-0.06099999999999758,0,0,2022,Abu Dhabi Grand Prix,0.0,16,0.0
HAM,17,0 days 00:01:32.416000,MEDIUM,17.0,True,0 days 01:28:13.785000,28.4,4,33.4,0 days 00:00:18.582000,0 days 00:00:39.660000,0 days 00:00:34.174000,1,92.416,5293.785,9.32800000000043,False,True,False,17.0,0.0,0.0,18.582,39.66,34.174,0,0,0,0.0,91.8946,0.1638331468293476,3.1825061661246252,0,0,92.069,90.523,-1.5460000000000065,0.4140000000000015,0.3469999999999942,0.13800000000000048,0.0,0.2149999999999963,0.1343402396901231,0.13800000000000048,0,0,2022,Abu Dhabi Grand Prix,0.0,16,0.0
HAM,20,0 days 00:01:30.523000,HARD,2.0,True,0 days 01:33:09.832000,28.3,7,33.1,0 days 00:00:18.371000,0 days 00:00:38.754000,0 days 00:00:33.398000,1,90.523,5589.832,2.2280000000000655,True,False,False,2.0,0.0,0.0,18.371,38.754,33.398,0,0,0,0.0,91.97319999999999,0.2880307275274773,-5.034879481258298,1,0,92.416,90.664,-1.7519999999999953,0.7609999999999957,-1.8930000000000007,0.17666666666666705,0.0,-0.5839999999999961,0.07953426934346813,0.17666666666666705,0,0,2022,Abu Dhabi Grand Prix,0.0,16,0.0
HAM,21,0 days 00:01:30.664000,HARD,3.0,True,0 days 01:34:40.496000,28.3,7,33.1,0 days 00:00:18.397000,0 days 00:00:38.765000,0 days 00:00:33.502000,1,90.664,5680.496,2.305000000000291,True,False,False,3.0,0.0,0.0,18.397,38.765,33.502,0,0,0,0.0,91.7468,0.7206578244909345,-1.5025161223565024,1,1,90.523,90.794,0.2710000000000008,0.0,0.14100000000000534,-0.43900000000000244,0.0,0.1039999999999992,0.35819226680652744,-0.43900000000000244,0,0,2022,Abu Dhabi Grand Prix,0.0,16,0.0
HAM,22,0 days 00:01:30.794000,HARD,4.0,True,0 days 01:36:11.290000,28.2,7,33.0,0 days 00:00:18.389000,0 days 00:00:38.760000,0 days 00:00:33.645000,1,90.794,5771.29,2.319999999999709,True,False,False,4.0,0.0,0.0,18.389,38.76,33.645,0,0,0,0.0,91.5024,0.8561269181610877,-0.8274474087575715,0,1,90.664,90.05,-0.6140000000000043,0.14100000000000534,0.12999999999999545,-0.4683333333333337,0.0,0.2469999999999999,0.3530280442117853,-0.4683333333333337,0,0,2022,Abu Dhabi Grand Prix,0.0,16,0.0
HAM,23,0 days 00:01:30.050000,HARD,5.0,True,0 days 01:37:41.340000,28.2,6,32.9,0 days 00:00:18.452000,0 days 00:00:38.432000,0 days 00:00:33.166000,1,90.05,5861.34,2.0640000000003056,True,False,False,5.0,0.0,0.0,18.452,38.432,33.166,0,0,0,0.0,91.2932,0.8804610723933225,-1.41198746768061,0,0,90.794,90.639,-0.15500000000000114,0.2710000000000008,-0.7439999999999998,-0.5406666666666666,0.0,-0.23200000000000642,0.3585212685462303,-0.5406666666666666,0,0,2022,Abu Dhabi Grand Prix,0.0,16,0.0
HAM,24,0 days 00:01:30.639000,HARD,6.0,True,0 days 01:39:11.979000,28.2,6,33.3,0 days 00:00:18.333000,0 days 00:00:38.881000,0 days 00:00:33.425000,1,90.639,5951.979,3.28899999999976,True,False,False,6.0,0.0,0.0,18.333,38.881,33.425,0,0,0,0.0,90.8894,0.8985064273559745,-0.2786847065043803,0,0,90.05,90.147,0.09700000000000841,0.0,0.5889999999999986,-0.15766666666666632,0.0,0.25900000000000034,0.3537053858792632,-0.15766666666666632,0,0,2022,Abu Dhabi Grand Prix,0.0,16,0.0
HAM,25,0 days 00:01:30.147000,HARD,7.0,True,0 days 01:40:42.126000,28.3,6,33.3,0 days 00:00:18.263000,0 days 00:00:38.799000,0 days 00:00:33.085000,1,90.147,6042.126,4.061999999999898,True,False,False,7.0,0.0,0.0,18.263,38.799,33.085,0,0,0,0.0,90.53399999999999,0.2871854801343427,-1.3475611643699787,0,0,90.639,90.37,-0.26899999999999125,0.5889999999999986,-0.4919999999999902,-0.008333333333335228,0.0,-0.08099999999999596,0.36238749978441454,-0.008333333333335228,0,0,2022,Abu Dhabi Grand Prix,0.0,16,0.0
HAM,26,0 days 00:01:30.370000,HARD,8.0,True,0 days 01:42:12.496000,28.2,6,33.0,0 days 00:00:18.290000,0 days 00:00:38.854000,0 days 00:00:33.226000,1,90.37,6132.496,4.806999999999789,True,False,False,8.0,0.0,0.0,18.29,38.854,33.226,0,0,0,0.0,90.4588,0.3358849505410878,-0.26437623911682034,0,0,90.147,90.082,-0.06500000000001194,0.09700000000000841,0.22299999999999898,-0.2156666666666638,0.0,0.14099999999999824,0.21310161895208618,-0.2156666666666638,0,0,2022,Abu Dhabi Grand Prix,0.0,16,0.0
HAM,27,0 days 00:01:30.082000,HARD,9.0,True,0 days 01:43:42.578000,28.2,6,32.9,0 days 00:00:18.254000,0 days 00:00:38.850000,0 days 00:00:32.978000,1,90.082,6222.578,5.654999999999745,True,False,False,9.0,0.0,0.0,18.254,38.85,32.978,0,0,0,0.0,90.4,0.31613525586366614,-1.0058985643067602,0,0,90.37,90.168,-0.20199999999999818,0.3200000000000074,-0.2880000000000109,0.10666666666666913,0.0,-0.10699999999999932,0.21566455434308182,0.10666666666666913,0,0,2022,Abu Dhabi Grand Prix,0.0,16,0.0
HAM,28,0 days 00:01:30.168000,HARD,10.0,True,0 days 01:45:12.746000,28.1,6,32.5,0 days 00:00:18.248000,0 days 00:00:38.805000,0 days 00:00:33.115000,1,90.168,6312.746,6.55199999999968,True,False,False,10.0,0.0,0.0,18.248,38.805,33.115,0,0,0,0.0,90.2576,0.24711596468051142,-0.36258280648047647,0,0,90.082,90.113,0.03100000000000591,0.031999999999996476,0.08600000000001273,-0.1856666666666674,0.0,0.13700000000000045,0.1991958834916022,-0.1856666666666674,0,0,2022,Abu Dhabi Grand Prix,0.0,16,0.0
HAM,29,0 days 00:01:30.113000,HARD,11.0,True,0 days 01:46:42.859000,28.2,6,32.9,0 days 00:00:18.243000,0 days 00:00:38.683000,0 days 00:00:33.187000,1,90.113,6402.859,7.666999999999462,True,False,False,11.0,0.0,0.0,18.243,38.683,33.187,0,0,0,0.0,90.2812,0.22716227679784326,-0.7404398405008227,0,0,90.168,90.233,0.06499999999999773,0.08600000000001273,-0.05500000000000682,0.0070000000000002656,0.0,0.20899999999999608,0.1576236022935623,0.0070000000000002656,0,0,2022,Abu Dhabi Grand Prix,0.0,16,0.0
HAM,30,0 days 00:01:30.233000,HARD,12.0,True,0 days 01:48:13.092000,28.1,6,32.8,0 days 00:00:18.266000,0 days 00:00:38.783000,0 days 00:00:33.184000,1,90.233,6493.092,8.543000000000575,True,False,False,12.0,0.0,0.0,18.266,38.783,33.184,0,0,0,0.0,90.176,0.11329827889238742,0.503096786263997,0,0,90.113,89.95,-0.1629999999999967,0.03100000000000591,0.12000000000000455,-0.08566666666666833,0.0,0.20599999999999596,0.14357994288896617,-0.08566666666666833,0,0,2022,Abu Dhabi Grand Prix,0.0,16,0.0
HAM,31,0 days 00:01:29.950000,HARD,13.0,True,0 days 01:49:43.042000,28.1,6,32.9,0 days 00:00:18.181000,0 days 00:00:38.742000,0 days 00:00:33.027000,1,89.95,6583.042,9.808999999999287,True,False,False,13.0,0.0,0.0,18.181,38.742,33.027,0,0,0,0.0,90.1932,0.11431841496442226,-2.1273912875339414,1,0,90.233,90.141,-0.09199999999999875,0.15100000000001046,-0.28300000000000125,0.05033333333333682,0.0,-0.08800000000000097,0.1299392165591243,0.05033333333333682,0,0,2022,Abu Dhabi Grand Prix,0.0,16,0.0
HAM,32,0 days 00:01:30.141000,HARD,14.0,True,0 days 01:51:13.183000,28.1,6,32.9,0 days 00:00:18.213000,0 days 00:00:38.662000,0 days 00:00:33.266000,1,90.141,6673.183,10.811999999999898,True,False,False,14.0,0.0,0.0,18.213,38.662,33.266,0,0,0,0.0,90.10920000000002,0.1059278056035092,0.3002044630190693,0,1,89.95,89.965,0.015000000000000568,0.0,0.1910000000000025,-0.07266666666666784,0.0,0.23899999999999721,0.15699458589390577,-0.07266666666666784,0,0,2022,Abu Dhabi Grand Prix,0.0,16,0.0
HAM,33,0 days 00:01:29.965000,HARD,15.0,True,0 days 01:52:43.148000,28.1,6,32.9,0 days 00:00:18.158000,0 days 00:00:38.730000,0 days 00:00:33.077000,1,89.965,6763.148,11.893000000000029,True,False,False,15.0,0.0,0.0,18.158,38.73,33.077,0,0,0,0.0,90.12100000000001,0.10542532902474201,-1.4797203048177792,0,0,90.141,90.159,0.018000000000000682,0.1910000000000025,-0.17600000000000193,0.009333333333335267,0.0,0.04999999999999716,0.1331439071080579,0.009333333333335267,0,0,2022,Abu Dhabi Grand Prix,0.0,16,0.0
HAM,34,0 days 00:01:30.159000,HARD,16.0,True,0 days 01:54:13.307000,28.0,5,32.7,0 days 00:00:18.096000,0 days 00:00:38.892000,0 days 00:00:33.171000,1,90.159,6853.307,12.822000000000116,True,False,False,16.0,0.0,0.0,18.096,38.892,33.171,0,0,0,0.0,90.08040000000001,0.1207716854232568,0.6508147975622983,0,0,89.965,90.086,0.12099999999999511,0.015000000000000568,0.19400000000000261,-0.08933333333333356,0.0,0.14399999999999835,0.13927562600828317,-0.08933333333333356,0,0,2022,Abu Dhabi Grand Prix,0.0,16,0.0
HAM,35,0 days 00:01:30.086000,HARD,17.0,True,0 days 01:55:43.393000,28.0,5,32.7,0 days 00:00:18.221000,0 days 00:00:38.724000,0 days 00:00:33.141000,1,90.086,6943.393,8.760000000000218,True,False,False,17.0,0.0,0.0,18.221,38.724,33.141,0,0,0,0.0,90.0896,0.12553405912330826,-0.02867747625741673,0,0,90.159,90.232,0.07299999999999329,0.20900000000000318,-0.0730000000000075,0.06966666666666772,0.0,0.06400000000000006,0.13211434441422037,0.06966666666666772,0,0,2022,Abu Dhabi Grand Prix,0.0,16,0.0
HAM,36,0 days 00:01:30.232000,HARD,18.0,True,0 days 01:57:13.625000,28.0,5,32.6,0 days 00:00:18.161000,0 days 00:00:38.754000,0 days 00:00:33.317000,1,90.232,7033.625,7.726999999999862,True,False,False,18.0,0.0,0.0,18.161,38.754,33.317,0,0,0,0.0,90.06020000000001,0.09767650689891738,1.7588671570511967,0,0,90.086,89.954,-0.132000000000005,0.13599999999999568,0.1460000000000008,-0.018333333333335606,0.0,0.240000000000002,0.12118250698842356,-0.018333333333335606,0,0,2022,Abu Dhabi Grand Prix,0.0,16,0.0
HAM,37,0 days 00:01:29.954000,HARD,19.0,True,0 days 01:58:43.579000,28.0,5,32.6,0 days 00:00:18.146000,0 days 00:00:38.627000,0 days 00:00:33.181000,1,89.954,7123.579,6.838000000000648,True,False,False,19.0,0.0,0.0,18.146,38.627,33.181,0,0,0,0.0,90.11659999999999,0.09953542083084342,-1.6335893156701473,1,0,90.232,90.277,0.045000000000001705,0.2669999999999959,-0.2780000000000058,0.08899999999999864,0.0,0.03999999999999915,0.0914045950704862,0.08899999999999864,0,0,2022,Abu Dhabi Grand Prix,0.0,16,0.0
HAM,38,0 days 00:01:30.277000,HARD,20.0,True,0 days 02:00:13.856000,28.0,5,32.6,0 days 00:00:18.205000,0 days 00:00:38.571000,0 days 00:00:33.501000,1,90.277,7213.856,5.713999999999942,True,False,False,20.0,0.0,0.0,18.205,38.571,33.501,0,0,0,0.0,90.0792,0.12091195143563599,1.6359011466727837,0,1,89.954,90.331,0.37700000000000955,0.0,0.3230000000000075,-0.0683333333333375,0.0,0.35999999999999943,0.08462151026777809,-0.0683333333333375,0,0,2022,Abu Dhabi Grand Prix,0.0,16,0.0
HAM,39,0 days 00:01:30.331000,HARD,21.0,True,0 days 02:01:44.187000,28.0,4,32.6,0 days 00:00:18.158000,0 days 00:00:38.205000,0 days 00:00:33.968000,12,90.331,7304.187,4.854000000000269,True,False,False,21.0,0.0,0.0,18.158,38.205,33.968,0,0,1,0.0,90.1416,0.12756684522231584,1.4847117969401162,0,0,90.277,90.286,0.009000000000000341,0.3230000000000075,0.054000000000002046,0.0636666666666675,0.0,0.7870000000000061,0.13210904586741792,0.0636666666666675,0,0,2022,Abu Dhabi Grand Prix,0.0,16,0.0
HAM,40,0 days 00:01:30.286000,HARD,22.0,True,0 days 02:03:14.473000,28.0,3,32.7,0 days 00:00:18.219000,0 days 00:00:38.986000,0 days 00:00:33.081000,1,90.286,7394.473,3.9229999999997744,True,False,False,22.0,0.0,0.0,18.219,38.986,33.081,0,0,0,0.0,90.176,0.15390419097599184,0.714730374153091,0,0,90.331,90.006,-0.32500000000000284,0.37700000000000955,-0.045000000000001705,0.03300000000000125,0.0,-0.09999999999999432,0.30317024920001784,0.03300000000000125,0,0,2022,Abu Dhabi Grand Prix,0.0,16,0.0
HAM,41,0 days 00:01:30.006000,HARD,23.0,True,0 days 02:04:44.479000,28.0,3,32.4,0 days 00:00:18.130000,0 days 00:00:38.817000,0 days 00:00:33.059000,1,90.006,7484.479,3.108999999999469,True,False,False,23.0,0.0,0.0,18.13,38.817,33.059,0,0,0,0.0,90.216,0.1506203837466058,-1.3942336009001575,0,0,90.286,89.788,-0.49800000000000466,0.33200000000000784,-0.28000000000000114,0.11066666666666929,0.0,-0.02200000000000557,0.3413148106953462,0.11066666666666929,0,0,2022,Abu Dhabi Grand Prix,0.0,16,0.0
HAM,42,0 days 00:01:29.788000,HARD,24.0,True,0 days 02:06:14.267000,28.0,3,32.4,0 days 00:00:18.028000,0 days 00:00:38.813000,0 days 00:00:32.947000,1,89.788,7574.267,2.4710000000004584,True,False,False,24.0,0.0,0.0,18.028,38.813,32.947,0,0,0,0.0,90.17080000000001,0.17633405796945048,-2.170879547650044,1,0,90.006,90.256,0.25,0.05200000000000671,-0.21800000000000352,-0.0903333333333336,0.0,-0.11199999999999477,0.3654476706725615,-0.0903333333333336,0,0,2022,Abu Dhabi Grand Prix,0.0,16,0.0
HAM,43,0 days 00:01:30.256000,HARD,25.0,True,0 days 02:07:44.523000,28.0,3,32.4,0 days 00:00:18.256000,0 days 00:00:38.798000,0 days 00:00:33.202000,1,90.256,7664.523,1.4749999999994543,True,False,False,25.0,0.0,0.0,18.256,38.798,33.202,0,0,0,0.0,90.13759999999999,0.23366493104437228,0.5067084712747266,0,1,89.788,90.335,0.546999999999997,0.0,0.4680000000000035,-0.18100000000000213,0.0,0.25499999999999545,0.3889997429305066,-0.18100000000000213,0,0,2022,Abu Dhabi Grand Prix,0.0,16,0.0
HAM,44,0 days 00:01:30.335000,HARD,26.0,True,0 days 02:09:14.858000,28.0,3,32.4,0 days 00:00:18.135000,0 days 00:00:38.891000,0 days 00:00:33.309000,1,90.335,7754.858,0.6620000000002619,True,False,False,26.0,0.0,0.0,18.135,38.891,33.309,0,0,0,0.0,90.13340000000001,0.2307028391675552,0.8738514043755072,0,0,90.256,90.184,-0.07200000000000273,0.4680000000000035,0.07899999999999352,-0.010000000000000378,0.0,0.36199999999999477,0.3797529460056896,-0.010000000000000378,0,1,2022,Abu Dhabi Grand Prix,0.0,16,0.0
HAM,45,0 days 00:01:30.184000,HARD,27.0,True,0 days 02:10:45.042000,28.0,3,32.3,0 days 00:00:18.115000,0 days 00:00:38.845000,0 days 00:00:33.224000,1,90.184,7845.042,0.7349999999996726,True,False,False,27.0,0.0,0.0,18.115,38.845,33.224,0,0,0,0.0,90.13419999999999,0.23156467778996426,0.21505870616923167,0,0,90.335,91.178,0.8430000000000035,0.546999999999997,-0.15099999999999625,0.10966666666666451,0.0,0.2769999999999939,0.21780679511897144,0.10966666666666451,0,1,2022,Abu Dhabi Grand Prix,0.0,16,0.0
HAM,46,0 days 00:01:31.178000,HARD,28.0,True,0 days 02:12:16.220000,28.0,4,32.1,0 days 00:00:18.188000,0 days 00:00:38.854000,0 days 00:00:34.136000,1,91.178,7936.22,10.84900000000016,True,False,False,28.0,0.0,0.0,18.188,38.854,34.136,0,0,0,0.0,90.1138,0.21900045662045728,4.859350598726516,0,0,90.184,90.358,0.1740000000000066,0.3960000000000008,0.9939999999999998,0.13200000000000026,0.0,0.9340000000000046,0.20634073761620145,0.13200000000000026,0,0,2022,Abu Dhabi Grand Prix,0.0,16,0.0
HAM,47,0 days 00:01:30.358000,HARD,29.0,True,0 days 02:13:46.578000,28.0,4,32.0,0 days 00:00:18.211000,0 days 00:00:38.953000,0 days 00:00:33.194000,1,90.358,8026.578,9.742999999999483,True,False,False,29.0,0.0,0.0,18.211,38.953,33.194,0,0,0,0.0,90.34819999999999,0.5094184920082719,0.01923762123628122,0,0,91.178,90.144,-1.0339999999999918,1.3900000000000006,-0.8199999999999932,0.30733333333333235,0.0,-0.02999999999999403,0.37708314732960413,0.30733333333333235,0,0,2022,Abu Dhabi Grand Prix,0.0,16,0.0
HAM,48,0 days 00:01:30.144000,HARD,30.0,True,0 days 02:15:16.722000,28.0,4,32.1,0 days 00:00:18.162000,0 days 00:00:38.851000,0 days 00:00:33.131000,1,90.144,8116.722,8.701000000000022,True,False,False,30.0,0.0,0.0,18.162,38.851,33.131,0,0,0,0.0,90.46220000000001,0.4059928570800076,-0.7837576313252672,0,0,90.358,90.283,-0.07500000000000284,0.1740000000000066,-0.21399999999999864,0.007666666666670115,0.0,-0.06300000000000239,0.35337416430746615,0.007666666666670115,0,0,2022,Abu Dhabi Grand Prix,0.0,16,0.0
HAM,49,0 days 00:01:30.283000,HARD,31.0,True,0 days 02:16:47.005000,28.0,4,32.3,0 days 00:00:18.157000,0 days 00:00:38.928000,0 days 00:00:33.198000,1,90.283,8207.005,7.936000000001513,True,False,False,31.0,0.0,0.0,18.157,38.928,33.198,0,0,0,0.0,90.43979999999999,0.42294940595771535,-0.3707299213364211,0,0,90.144,90.177,0.03300000000000125,0.0,0.1389999999999958,-0.01333333333333068,0.0,0.06700000000000017,0.4021560642337751,-0.01333333333333068,0,0,2022,Abu Dhabi Grand Prix,0.0,16,0.0
HAM,50,0 days 00:01:30.177000,HARD,32.0,True,0 days 02:18:17.182000,28.0,4,31.9,0 days 00:00:18.154000,0 days 00:00:38.914000,0 days 00:00:33.109000,1,90.177,8297.182,6.6379999999990105,True,False,False,32.0,0.0,0.0,18.154,38.914,33.109,0,0,0,0.0,90.4294,0.4267924554159582,-0.5913881484948033,0,0,90.283,90.455,0.17199999999999704,0.1389999999999958,-0.10599999999999454,-0.298333333333332,0.0,-0.021999999999998465,0.4115817051327725,-0.298333333333332,0,0,2022,Abu Dhabi Grand Prix,0.0,16,0.0
HAM,51,0 days 00:01:30.455000,HARD,33.0,True,0 days 02:19:47.637000,28.0,4,32.0,0 days 00:00:18.320000,0 days 00:00:38.839000,0 days 00:00:33.296000,1,90.455,8387.637,5.456999999998516,True,False,False,33.0,0.0,0.0,18.32,38.839,33.296,0,0,0,0.0,90.428,0.4278089526879737,0.06311228372000367,0,0,90.177,90.375,0.1979999999999933,0.03300000000000125,0.2779999999999916,-0.06033333333333246,0.0,0.1869999999999976,0.42579302483718623,-0.06033333333333246,0,0,2022,Abu Dhabi Grand Prix,0.0,16,0.0
HAM,52,0 days 00:01:30.375000,HARD,34.0,True,0 days 02:21:18.012000,27.9,4,32.0,0 days 00:00:18.188000,0 days 00:00:38.867000,0 days 00:00:33.320000,1,90.375,8478.012,4.3729999999995925,True,False,False,34.0,0.0,0.0,18.188,38.867,33.32,0,0,0,0.0,90.2834,0.12822363276699403,0.7143768899954174,0,0,90.455,90.824,0.3689999999999998,0.31099999999999284,-0.0799999999999983,0.10366666666666428,0.0,0.21099999999999852,0.10117657831731214,0.10366666666666428,0,0,2022,Abu Dhabi Grand Prix,0.0,16,0.0
HAM,53,0 days 00:01:30.824000,HARD,35.0,True,0 days 02:22:48.836000,27.9,4,32.1,0 days 00:00:18.187000,0 days 00:00:38.962000,0 days 00:00:33.675000,1,90.824,8568.836,2.9170000000012806,True,False,False,35.0,0.0,0.0,18.187,38.962,33.675,0,0,0,0.0,90.2868,0.13089385012278135,4.104088920114222,0,0,90.375,90.961,0.5859999999999985,0.23099999999999454,0.44899999999999807,0.03066666666666625,0.0,0.5659999999999954,0.12201639234135442,0.03066666666666625,0,0,2022,Abu Dhabi Grand Prix,0.0,16,0.0
LAT,2,0 days 00:01:34.752000,MEDIUM,2.0,True,0 days 01:05:27.655000,28.7,19,34.9,0 days 00:00:19.031000,0 days 00:00:39.027000,0 days 00:00:36.694000,1,94.752,3927.655,0.363999999999578,False,True,False,2.0,0.0,0.0,19.031,39.027,36.694,0,0,0,0.0,90.5584,0.32497046019599013,12.90455753261642,0,0,94.752,93.218,-1.5339999999999918,4.574999999999989,0.0,0.16866666666666674,0.0,3.3740000000000023,0.3423791757686194,0.0,0,1,2022,Abu Dhabi Grand Prix,0.0,16,0.0
LAT,3,0 days 00:01:33.218000,MEDIUM,3.0,True,0 days 01:07:00.873000,28.7,19,34.3,0 days 00:00:19.137000,0 days 00:00:38.591000,0 days 00:00:35.490000,1,93.218,4020.873,0.5760000000000218,False,True,False,3.0,0.0,0.0,19.137,38.591,35.49,0,0,0,0.0,,,0.0,0,0,94.752,92.741,-2.0109999999999957,0.0,-1.5339999999999918,0.0,0.0,0.0,0.0,0.0,0,1,2022,Abu Dhabi Grand Prix,0.0,16,0.0
LAT,4,0 days 00:01:32.741000,MEDIUM,4.0,True,0 days 01:08:33.614000,28.7,19,34.0,0 days 00:00:18.742000,0 days 00:00:38.801000,0 days 00:00:35.198000,1,92.741,4113.614,0.4970000000002983,False,True,False,4.0,0.0,0.0,18.742,38.801,35.198,0,0,0,0.0,,,0.0,0,0,93.218,92.895,-0.3230000000000075,0.0,-0.47700000000000387,-0.7669999999999959,0.0,-0.2920000000000016,0.0,0.0,0,1,2022,Abu Dhabi Grand Prix,0.0,16,0.0
LAT,5,0 days 00:01:32.895000,MEDIUM,5.0,True,0 days 01:10:06.509000,28.5,19,34.0,0 days 00:00:18.921000,0 days 00:00:39.080000,0 days 00:00:34.894000,1,92.895,4206.509,0.4750000000003638,False,True,False,5.0,0.0,0.0,18.921,39.08,34.894,0,0,0,0.0,93.57033333333334,1.0507779657631433,-0.6426984152097923,0,0,92.741,93.093,0.35200000000000387,0.0,0.15399999999999636,-0.6703333333333319,0.0,-0.30400000000000205,2.0375105725697082,-1.0054999999999978,0,1,2022,Abu Dhabi Grand Prix,0.0,16,0.0
LAT,6,0 days 00:01:33.093000,MEDIUM,6.0,True,0 days 01:11:39.602000,28.6,19,34.2,0 days 00:00:18.845000,0 days 00:00:39.078000,0 days 00:00:35.170000,1,93.093,4299.602,0.467000000000553,False,True,False,6.0,0.0,0.0,18.845,39.078,35.17,0,0,0,0.0,93.4015,0.9220131958564004,-0.33459390970369873,0,0,92.895,92.87,-0.024999999999991473,0.15399999999999636,0.1980000000000075,-0.6189999999999998,0.0,0.27600000000000335,1.7918551838806636,-0.6189999999999998,0,1,2022,Abu Dhabi Grand Prix,0.0,16,0.0
LAT,7,0 days 00:01:32.870000,MEDIUM,7.0,True,0 days 01:13:12.472000,28.5,19,34.0,0 days 00:00:18.941000,0 days 00:00:38.854000,0 days 00:00:35.075000,1,92.87,4392.472,0.4780000000000655,False,True,False,7.0,0.0,0.0,18.941,38.854,35.075,0,0,0,0.0,93.3398,0.8103182708047493,-0.5797721918986486,0,0,93.093,93.151,0.057999999999992724,0.35200000000000387,-0.22299999999999898,-0.041666666666666664,0.0,0.1810000000000045,1.563037811442834,-0.041666666666666664,0,1,2022,Abu Dhabi Grand Prix,0.0,16,0.0
LAT,8,0 days 00:01:33.151000,MEDIUM,8.0,True,0 days 01:14:45.623000,28.5,19,34.1,0 days 00:00:18.959000,0 days 00:00:39.051000,0 days 00:00:35.141000,1,93.151,4485.623,0.4400000000005093,False,True,False,8.0,0.0,0.0,18.959,39.051,35.141,0,0,0,0.0,92.96340000000001,0.19005341354472283,0.9870909261824103,0,0,92.87,93.972,1.1019999999999897,0.1290000000000049,0.2809999999999917,0.04300000000000163,0.0,0.2469999999999999,0.2658725258465067,0.04300000000000163,0,1,2022,Abu Dhabi Grand Prix,0.0,16,0.0
LAT,9,0 days 00:01:33.972000,MEDIUM,9.0,True,0 days 01:16:19.595000,28.5,20,34.0,0 days 00:00:18.838000,0 days 00:00:39.474000,0 days 00:00:35.660000,1,93.972,4579.595,0.0,False,True,False,9.0,0.0,0.0,18.838,39.474,35.66,0,0,0,0.0,92.95,0.168786847828855,6.054974147252693,0,0,93.151,93.913,0.7620000000000005,0.4099999999999966,0.820999999999998,0.08533333333333341,0.0,0.5849999999999937,0.29380827081619276,0.08533333333333341,0,0,2022,Abu Dhabi Grand Prix,0.0,16,0.0
LAT,10,0 days 00:01:33.913000,MEDIUM,10.0,True,0 days 01:17:53.508000,28.5,20,33.9,0 days 00:00:19.117000,0 days 00:00:39.434000,0 days 00:00:35.362000,1,93.913,4673.508,0.0,False,True,False,10.0,0.0,0.0,19.117,39.434,35.362,0,0,0,0.0,93.1962,0.4504683118710974,1.5912329038698423,0,0,93.972,93.656,-0.3159999999999883,1.1019999999999897,-0.0589999999999975,0.2929999999999969,0.0,0.28699999999999903,0.32036775742886386,0.2929999999999969,0,0,2022,Abu Dhabi Grand Prix,0.0,16,0.0
LAT,11,0 days 00:01:33.656000,MEDIUM,11.0,True,0 days 01:19:27.164000,28.5,20,33.9,0 days 00:00:19.044000,0 days 00:00:39.316000,0 days 00:00:35.296000,1,93.656,4767.164,0.0,False,True,False,11.0,0.0,0.0,19.044,39.316,35.296,0,0,0,0.0,93.3998,0.5068290638864288,0.5054958727809198,0,0,93.913,93.518,-0.394999999999996,1.0429999999999922,-0.2569999999999908,0.34766666666666407,0.0,0.15500000000000114,0.1563528061788428,0.34766666666666407,0,0,2022,Abu Dhabi Grand Prix,0.0,16,0.0
LAT,12,0 days 00:01:33.518000,MEDIUM,12.0,True,0 days 01:21:00.682000,28.5,20,33.7,0 days 00:00:19.049000,0 days 00:00:39.278000,0 days 00:00:35.191000,1,93.518,4860.682,0.0,False,True,False,12.0,0.0,0.0,19.049,39.278,35.191,0,0,0,0.0,93.5124,0.48363757091441395,0.011578918464529617,0,0,93.656,93.308,-0.347999999999999,0.7860000000000014,-0.13800000000000523,0.16833333333333655,0.0,-0.10499999999999687,0.17247028729609845,0.16833333333333655,0,0,2022,Abu Dhabi Grand Prix,0.0,16,0.0
LAT,13,0 days 00:01:33.308000,MEDIUM,13.0,True,0 days 01:22:33.990000,28.4,19,33.9,0 days 00:00:18.993000,0 days 00:00:39.272000,0 days 00:00:35.043000,1,93.308,4953.99,0.0,False,True,False,13.0,0.0,0.0,18.993,39.272,35.043,0,0,0,0.0,93.642,0.33128311155263573,-1.0082011076104058,0,0,93.518,93.928,0.4099999999999966,0.36700000000000443,-0.20999999999999375,-0.15133333333333118,0.0,-0.14800000000000324,0.24866684539760875,-0.15133333333333118,0,0,2022,Abu Dhabi Grand Prix,0.0,16,0.0
LAT,14,0 days 00:01:33.928000,MEDIUM,14.0,True,0 days 01:24:07.918000,28.4,18,33.5,0 days 00:00:18.983000,0 days 00:00:39.698000,0 days 00:00:35.247000,1,93.928,5047.918,8.079999999999927,False,True,False,14.0,0.0,0.0,18.983,39.698,35.247,0,0,0,0.0,93.67339999999999,0.27592535222410175,0.9227133278903235,0,0,93.308,91.673,-1.6350000000000051,0.0,0.6199999999999903,-0.20166666666666325,0.0,0.20400000000000063,0.30072113327799,-0.20166666666666325,0,0,2022,Abu Dhabi Grand Prix,0.0,16,0.0
LAT,17,0 days 00:01:31.673000,HARD,2.0,True,0 days 01:29:09.756000,28.4,20,33.3,0 days 00:00:18.521000,0 days 00:00:38.805000,0 days 00:00:34.347000,1,91.673,5349.756,0.0,True,False,False,2.0,0.0,0.0,18.521,38.805,34.347,0,0,0,0.0,93.6646,0.2644859164492427,-7.530079585096539,1,0,93.928,92.08,-1.847999999999999,0.6199999999999903,-2.2549999999999955,0.09066666666666379,0.0,-0.695999999999998,0.1936809231700427,0.09066666666666379,0,0,2022,Abu Dhabi Grand Prix,0.0,16,0.0
LAT,18,0 days 00:01:32.080000,HARD,3.0,True,0 days 01:30:41.836000,28.3,20,33.3,0 days 00:00:18.595000,0 days 00:00:38.831000,0 days 00:00:34.654000,1,92.08,5441.836,0.0,True,False,False,3.0,0.0,0.0,18.595,38.831,34.654,0,0,0,0.0,93.2166,0.8917762051097744,-1.2745350161704416,0,1,91.673,91.937,0.2639999999999958,0.0,0.4069999999999965,-0.6149999999999997,0.0,0.30700000000000216,0.3582478192536552,-0.6149999999999997,0,0,2022,Abu Dhabi Grand Prix,0.0,16,0.0
LAT,19,0 days 00:01:31.937000,HARD,4.0,True,0 days 01:32:13.773000,28.3,20,33.2,0 days 00:00:18.597000,0 days 00:00:38.862000,0 days 00:00:34.478000,1,91.937,5533.773,0.0,True,False,False,4.0,0.0,0.0,18.597,38.862,34.478,0,0,0,0.0,92.90140000000001,0.9725085089602012,-0.9916622745348944,0,0,92.08,92.054,-0.02599999999999625,0.4069999999999965,-0.14300000000000068,-0.4093333333333362,0.0,0.13100000000000023,0.3920590516746168,-0.4093333333333362,0,0,2022,Abu Dhabi Grand Prix,0.0,16,0.0
LAT,20,0 days 00:01:32.054000,HARD,5.0,True,0 days 01:33:45.827000,28.3,20,33.1,0 days 00:00:18.688000,0 days 00:00:38.964000,0 days 00:00:34.402000,1,92.054,5625.827,0.0,True,False,False,5.0,0.0,0.0,18.688,38.964,34.402,0,0,0,0.0,92.5852,0.9789089334560181,-0.5426449609818224,0,0,91.937,92.058,0.12100000000000932,0.2639999999999958,0.11700000000000443,-0.6636666666666665,0.0,0.054999999999999716,0.4034802349558152,-0.6636666666666665,0,0,2022,Abu Dhabi Grand Prix,0.0,16,0.0
LAT,21,0 days 00:01:32.058000,HARD,6.0,True,0 days 01:35:17.885000,28.2,20,33.0,0 days 00:00:18.530000,0 days 00:00:39.005000,0 days 00:00:34.523000,1,92.058,5717.885,0.0,True,False,False,6.0,0.0,0.0,18.53,39.005,34.523,0,0,0,0.0,92.3344,0.9053012205890346,-0.3053127442158484,0,0,92.054,91.98,-0.07399999999999807,0.3810000000000002,0.0040000000000048885,0.12700000000000009,0.0,0.12100000000000222,0.400145848410301,0.12700000000000009,0,0,2022,Abu Dhabi Grand Prix,0.0,16,0.0
LAT,22,0 days 00:01:31.980000,HARD,7.0,True,0 days 01:36:49.865000,28.2,20,33.0,0 days 00:00:18.580000,0 days 00:00:39.045000,0 days 00:00:34.355000,1,91.98,5809.865,0.0,True,False,False,7.0,0.0,0.0,18.58,39.045,34.355,0,0,0,0.0,91.9604,0.1701008524376118,0.11522576000720326,0,0,92.058,91.976,-0.08200000000000784,0.3850000000000051,-0.07800000000000296,-0.0073333333333304536,0.0,-0.04700000000000415,0.39119918200323434,-0.0073333333333304536,0,0,2022,Abu Dhabi Grand Prix,0.0,16,0.0
LAT,23,0 days 00:01:31.976000,HARD,8.0,True,0 days 01:38:21.841000,28.2,20,32.9,0 days 00:00:18.553000,0 days 00:00:38.830000,0 days 00:00:34.593000,1,91.976,5901.841,0.0,True,False,False,8.0,0.0,0.0,18.553,38.83,34.593,0,0,0,0.0,92.02180000000001,0.06056566684187868,-0.7562040077852362,0,0,91.98,92.181,0.2009999999999934,0.043000000000006366,-0.0040000000000048885,0.014333333333335455,0.0,0.23800000000000665,0.1294094277863884,0.014333333333335455,0,0,2022,Abu Dhabi Grand Prix,0.0,16,0.0
LAT,24,0 days 00:01:32.181000,HARD,9.0,True,0 days 01:39:54.022000,28.3,20,33.3,0 days 00:00:18.619000,0 days 00:00:39.019000,0 days 00:00:34.543000,1,92.181,5994.022,0.0,True,False,False,9.0,0.0,0.0,18.619,39.019,34.543,0,0,0,0.0,92.001,0.0529622507074757,3.3986471042210704,0,0,91.976,91.979,0.0030000000000001137,0.03900000000000148,0.2049999999999983,-0.026000000000000984,0.0,0.1880000000000024,0.1049752351747816,-0.026000000000000984,0,0,2022,Abu Dhabi Grand Prix,0.0,16,0.0
LAT,25,0 days 00:01:31.979000,HARD,10.0,True,0 days 01:41:26.001000,28.2,20,32.9,0 days 00:00:18.491000,0 days 00:00:38.980000,0 days 00:00:34.508000,1,91.979,6086.001,0.0,True,False,False,10.0,0.0,0.0,18.491,38.98,34.508,0,0,0,0.0,92.0498,0.08309151581238874,-0.8520725528688624,0,0,92.181,91.984,-0.19700000000000273,0.2049999999999983,-0.20199999999999818,0.04099999999999682,0.0,0.1530000000000058,0.11209148049696183,0.04099999999999682,0,0,2022,Abu Dhabi Grand Prix,0.0,16,0.0
LAT,26,0 days 00:01:31.984000,HARD,11.0,True,0 days 01:42:57.985000,28.2,20,32.9,0 days 00:00:18.532000,0 days 00:00:38.913000,0 days 00:00:34.539000,1,91.984,6177.985,0.0,True,False,False,11.0,0.0,0.0,18.532,38.913,34.539,0,0,0,0.0,92.03479999999999,0.08872260140460679,-0.5725711283907144,0,0,91.979,92.334,0.355000000000004,0.0030000000000001137,0.0049999999999954525,-0.00033333333333492493,0.0,0.030999999999998806,0.10835727940475788,-0.00033333333333492493,0,0,2022,Abu Dhabi Grand Prix,0.0,16,0.0
LAT,27,0 days 00:01:32.334000,HARD,12.0,True,0 days 01:44:30.319000,28.2,20,32.8,0 days 00:00:18.670000,0 days 00:00:38.955000,0 days 00:00:34.709000,1,92.334,6270.319,0.0,True,False,False,12.0,0.0,0.0,18.67,38.955,34.709,0,0,0,0.0,92.02000000000001,0.09004720984017596,3.487059738522814,0,0,91.984,92.28,0.2960000000000065,0.007999999999995566,0.3500000000000085,0.0026666666666651886,0.0,0.2010000000000005,0.11744488068877637,0.0026666666666651886,0,0,2022,Abu Dhabi Grand Prix,0.0,16,0.0
LAT,28,0 days 00:01:32.280000,HARD,13.0,True,0 days 01:46:02.599000,28.2,19,32.9,0 days 00:00:18.702000,0 days 00:00:38.943000,0 days 00:00:34.635000,1,92.28,6362.599,0.0,True,False,False,13.0,0.0,0.0,18.702,38.943,34.635,0,0,0,0.0,92.09079999999999,0.16152925431636542,1.1713048562055108,0,0,92.334,92.184,-0.15000000000000568,0.3580000000000041,-0.054000000000002046,0.05100000000000193,0.0,0.12699999999999534,0.07939584371993458,0.05100000000000193,0,0,2022,Abu Dhabi Grand Prix,0.0,16,0.0
LAT,29,0 days 00:01:32.184000,HARD,14.0,True,0 days 01:47:34.783000,28.1,18,32.8,0 days 00:00:18.591000,0 days 00:00:39.054000,0 days 00:00:34.539000,1,92.184,6454.783,0.0,True,False,False,14.0,0.0,0.0,18.591,39.054,34.539,0,0,0,0.0,92.1516,0.16469760168260136,0.19672417612027848,0,0,92.28,92.243,-0.03700000000000614,0.30100000000000193,-0.09600000000000364,0.10033333333333398,0.0,0.0,0.06753517601961313,0.10033333333333398,0,0,2022,Abu Dhabi Grand Prix,0.0,16,0.0
LAT,30,0 days 00:01:32.243000,HARD,15.0,True,0 days 01:49:07.026000,28.1,18,32.9,0 days 00:00:18.669000,0 days 00:00:39.075000,0 days 00:00:34.499000,1,92.243,6547.026,13.166000000000167,True,False,False,15.0,0.0,0.0,18.669,39.075,34.499,0,0,0,0.0,92.1522,0.1648368890752337,0.550847571253054,0,0,92.184,92.026,-0.15800000000000125,0.2049999999999983,0.0589999999999975,0.06666666666666761,0.0,-0.03999999999999915,0.08436705518151068,0.06666666666666761,0,0,2022,Abu Dhabi Grand Prix,0.0,16,0.0
LAT,31,0 days 00:01:32.026000,HARD,16.0,True,0 days 01:50:39.052000,28.1,17,32.9,0 days 00:00:18.598000,0 days 00:00:38.883000,0 days 00:00:34.545000,1,92.026,6639.052,12.581000000000131,True,False,False,16.0,0.0,0.0,18.598,38.883,34.545,0,0,0,0.0,92.205,0.13508515832615114,-1.3250900559173378,0,0,92.243,92.067,-0.17600000000000193,0.25900000000000034,-0.21699999999999875,-0.03033333333333606,0.0,0.045999999999999375,0.09841087338297409,-0.03033333333333606,0,0,2022,Abu Dhabi Grand Prix,0.0,16,0.0
LAT,32,0 days 00:01:32.067000,HARD,17.0,True,0 days 01:52:11.119000,28.1,17,32.9,0 days 00:00:18.593000,0 days 00:00:38.958000,0 days 00:00:34.516000,1,92.067,6731.119,8.947000000000116,True,False,False,17.0,0.0,0.0,18.593,38.958,34.516,0,0,0,0.0,92.2134,0.11815159753469592,-1.2390860813964757,0,0,92.026,92.096,0.07000000000000739,0.0,0.04099999999999682,-0.08466666666666829,0.0,0.016999999999995907,0.09738429031419674,-0.08466666666666829,0,0,2022,Abu Dhabi Grand Prix,0.0,16,0.0
LAT,33,0 days 00:01:32.096000,HARD,18.0,True,0 days 01:53:43.215000,28.1,17,32.8,0 days 00:00:18.584000,0 days 00:00:39.062000,0 days 00:00:34.450000,1,92.096,6823.215,8.126999999999498,True,False,False,18.0,0.0,0.0,18.584,39.062,34.45,0,0,0,0.0,92.16,0.11007951671405279,-0.5813979013574528,0,0,92.067,92.281,0.21400000000001285,0.04099999999999682,0.029000000000010573,-0.03900000000000148,0.0,-0.04899999999999949,0.06251799740874343,-0.03900000000000148,0,0,2022,Abu Dhabi Grand Prix,0.0,16,0.0
LAT,34,0 days 00:01:32.281000,HARD,19.0,True,0 days 01:55:15.496000,28.0,17,32.7,0 days 00:00:18.717000,0 days 00:00:39.026000,0 days 00:00:34.538000,1,92.281,6915.496,7.332999999999629,True,False,False,19.0,0.0,0.0,18.717,39.026,34.538,0,0,0,0.0,92.1232,0.08859288910515223,1.781181329493766,0,0,92.096,92.088,-0.008000000000009777,0.07000000000000739,0.18500000000000227,-0.04899999999999712,0.0,0.08799999999999386,0.03959419149319488,-0.04899999999999712,0,0,2022,Abu Dhabi Grand Prix,0.0,16,0.0
LAT,35,0 days 00:01:32.088000,HARD,20.0,True,0 days 01:56:47.584000,28.0,16,32.6,0 days 00:00:18.695000,0 days 00:00:38.856000,0 days 00:00:34.537000,1,92.088,7007.584,6.69800000000032,True,False,False,20.0,0.0,0.0,18.695,38.856,34.537,0,0,0,0.0,92.1426,0.1126023978430257,-0.4848919831718267,0,0,92.281,92.481,0.19999999999998863,0.25500000000000966,-0.19300000000001205,0.08500000000000323,0.0,0.08699999999999619,0.057838568447011116,0.08500000000000323,0,0,2022,Abu Dhabi Grand Prix,0.0,16,0.0
LAT,36,0 days 00:01:32.481000,HARD,21.0,True,0 days 01:58:20.065000,28.0,16,32.6,0 days 00:00:18.647000,0 days 00:00:39.040000,0 days 00:00:34.794000,1,92.481,7100.065,1.8470000000006621,True,False,False,21.0,0.0,0.0,18.647,39.04,34.794,0,0,0,0.0,92.1116,0.09850532980503238,3.750050892993682,0,0,92.088,92.304,0.21600000000000819,0.06199999999999761,0.3930000000000007,0.0070000000000002656,0.0,0.3439999999999941,0.05695348979649674,0.0070000000000002656,0,0,2022,Abu Dhabi Grand Prix,0.0,16,0.0
LAT,37,0 days 00:01:32.304000,HARD,22.0,True,0 days 01:59:52.369000,28.0,16,32.5,0 days 00:00:18.699000,0 days 00:00:39.048000,0 days 00:00:34.557000,1,92.304,7192.369,0.49499999999989086,True,False,False,22.0,0.0,0.0,18.699,39.048,34.557,0,0,0,0.0,92.2026,0.177860338468137,0.5701102385912955,0,0,92.481,90.763,-1.7179999999999893,0.4140000000000015,-0.1769999999999925,0.1283333333333303,0.0,0.020000000000003126,0.14908487515505842,0.1283333333333303,0,1,2022,Abu Dhabi Grand Prix,0.0,16,0.0
LAT,40,0 days 00:01:30.763000,MEDIUM,2.0,True,0 days 02:05:17.981000,28.0,19,32.4,0 days 00:00:18.380000,0 days 00:00:38.484000,0 days 00:00:33.899000,1,90.763,7517.981,0.0,False,True,False,2.0,0.0,0.0,18.38,38.484,33.899,0,0,0,0.0,92.25,0.16370552831227353,-9.083382921336014,1,0,92.304,90.422,-1.882000000000005,0.21600000000000819,-1.5409999999999968,0.007666666666665378,0.0,-0.6379999999999981,0.1486859105631703,0.007666666666665378,0,0,2022,Abu Dhabi Grand Prix,0.0,16,0.0
LAT,41,0 days 00:01:30.422000,MEDIUM,3.0,True,0 days 02:06:48.403000,28.0,19,32.4,0 days 00:00:18.270000,0 days 00:00:38.348000,0 days 00:00:33.804000,1,90.422,7608.403,0.0,False,True,False,3.0,0.0,0.0,18.27,38.348,33.804,0,0,0,0.0,91.9834,0.6962889486412938,-2.2424598337326054,1,1,90.763,90.873,0.10999999999999943,0.0,-0.3410000000000082,-0.4416666666666629,0.0,-0.09499999999999886,0.36712831544297664,-0.4416666666666629,0,0,2022,Abu Dhabi Grand Prix,0.0,16,0.0
LAT,42,0 days 00:01:30.873000,MEDIUM,4.0,True,0 days 02:08:19.276000,28.0,19,32.4,0 days 00:00:18.458000,0 days 00:00:38.417000,0 days 00:00:33.998000,1,90.873,7699.276,0.0,False,True,False,4.0,0.0,0.0,18.458,38.417,33.998,0,0,0,0.0,91.6116,0.948353995088335,-0.778823101737652,0,1,90.422,90.539,0.11700000000000443,0.0,0.4510000000000076,-0.6863333333333325,0.0,0.1939999999999955,0.36279098665760423,-0.6863333333333325,0,0,2022,Abu Dhabi Grand Prix,0.0,16,0.0
LAT,43,0 days 00:01:30.539000,MEDIUM,5.0,True,0 days 02:09:49.815000,28.0,19,32.4,0 days 00:00:18.386000,0 days 00:00:38.405000,0 days 00:00:33.748000,1,90.539,7789.815,0.0,False,True,False,5.0,0.0,0.0,18.386,38.405,33.748,0,0,0,0.0,91.3686,0.951423827744507,-0.8719562993988605,0,0,90.873,90.614,-0.25900000000000034,0.4510000000000076,-0.3340000000000032,-0.47699999999999915,0.0,-0.05600000000000449,0.37626984997471924,-0.47699999999999915,0,0,2022,Abu Dhabi Grand Prix,0.0,16,0.0
LAT,44,0 days 00:01:30.614000,MEDIUM,6.0,True,0 days 02:11:20.429000,28.0,19,32.3,0 days 00:00:18.371000,0 days 00:00:38.575000,0 days 00:00:33.668000,1,90.614,7880.429,0.0,False,True,False,6.0,0.0,0.0,18.371,38.575,33.668,0,0,0,0.0,90.9802,0.7611436789463709,-0.481118099156932,0,0,90.539,90.309,-0.23000000000000398,0.11700000000000443,0.07500000000000284,-0.07466666666666792,0.0,-0.0799999999999983,0.3126963383220193,-0.07466666666666792,0,0,2022,Abu Dhabi Grand Prix,0.0,16,0.0
LAT,45,0 days 00:01:30.309000,MEDIUM,7.0,True,0 days 02:12:50.738000,28.0,19,32.1,0 days 00:00:18.201000,0 days 00:00:38.492000,0 days 00:00:33.616000,1,90.309,7970.738,0.0,False,True,False,7.0,0.0,0.0,18.201,38.492,33.616,0,0,0,0.0,90.6422,0.17874199282771253,-1.864139448871273,1,0,90.614,92.815,2.2009999999999934,0.19200000000000728,-0.3050000000000068,0.06400000000000243,0.0,-0.0519999999999996,0.30500655730655785,0.06400000000000243,0,0,2022,Abu Dhabi Grand Prix,0.0,16,0.0
LAT,46,0 days 00:01:32.815000,MEDIUM,8.0,True,0 days 02:14:23.553000,28.0,19,32.0,0 days 00:00:18.296000,0 days 00:00:39.912000,0 days 00:00:34.607000,1,92.815,8063.553,0.0,False,True,False,8.0,0.0,0.0,18.296,39.912,34.607,0,0,0,0.0,90.55139999999999,0.2138931976478488,10.582851745134853,0,1,90.309,90.577,0.2680000000000007,0.0,2.5060000000000002,-0.1880000000000024,0.0,0.9909999999999997,0.11970463650168019,-0.1880000000000024,0,0,2022,Abu Dhabi Grand Prix,0.0,16,0.0
LAT,47,0 days 00:01:30.577000,MEDIUM,9.0,True,0 days 02:15:54.130000,28.0,19,32.3,0 days 00:00:18.228000,0 days 00:00:38.373000,0 days 00:00:33.976000,1,90.577,8154.13,0.0,False,True,False,9.0,0.0,0.0,18.228,38.373,33.976,0,0,0,0.0,91.03,1.0179454798760168,-0.4450140100383148,0,0,92.815,91.189,-1.6260000000000048,2.5060000000000002,-2.2379999999999995,0.7586666666666654,0.0,0.35999999999999943,0.45638667815789724,0.7586666666666654,0,0,2022,Abu Dhabi Grand Prix,0.0,16,0.0
LAT,48,0 days 00:01:31.189000,MEDIUM,10.0,True,0 days 02:17:25.319000,28.0,19,31.9,0 days 00:00:18.443000,0 days 00:00:38.551000,0 days 00:00:34.195000,1,91.189,8245.319,0.0,False,True,False,10.0,0.0,0.0,18.443,38.551,34.195,0,0,0,0.0,90.97080000000001,1.0377727111463348,0.21025798583483246,0,0,90.577,93.751,3.1740000000000066,0.2680000000000007,0.6119999999999948,-0.01233333333333538,0.0,0.5790000000000006,0.4619002056721777,-0.01233333333333538,0,0,2022,Abu Dhabi Grand Prix,0.0,16,0.0
LAT,49,0 days 00:01:33.751000,MEDIUM,11.0,True,0 days 02:18:59.070000,28.0,19,32.0,0 days 00:00:18.503000,0 days 00:00:40.221000,0 days 00:00:35.027000,1,93.751,8339.07,0.0,False,True,False,11.0,0.0,0.0,18.503,40.221,35.027,0,0,0,0.0,91.1008,1.0105133348947033,2.622627439425282,0,0,91.189,91.598,0.409000000000006,0.8799999999999955,2.562000000000012,0.29333333333333184,0.0,1.051000000000002,0.4498514199155088,0.29333333333333184,0,0,2022,Abu Dhabi Grand Prix,0.0,16,0.0
LAT,50,0 days 00:01:31.598000,MEDIUM,12.0,True,0 days 02:20:30.668000,28.0,19,32.0,0 days 00:00:18.369000,0 days 00:00:38.723000,0 days 00:00:34.506000,1,91.598,8430.668,0.0,False,True,False,12.0,0.0,0.0,18.369,38.723,34.506,0,0,0,0.0,91.72819999999999,1.4918931597135314,-0.08727166496626908,0,0,93.751,92.25,-1.5010000000000048,3.4420000000000073,-2.153000000000006,0.31200000000000233,0.0,0.5300000000000011,0.4578260586729422,0.31200000000000233,0,0,2022,Abu Dhabi Grand Prix,0.0,16,0.0
LAT,51,0 days 00:01:32.250000,MEDIUM,13.0,True,0 days 02:22:02.918000,27.9,19,32.1,0 days 00:00:18.584000,0 days 00:00:38.839000,0 days 00:00:34.827000,1,92.25,8522.918,0.0,False,True,False,13.0,0.0,0.0,18.584,38.839,34.827,0,0,0,0.0,91.986,1.2819418863583572,0.20593757237307136,0,0,91.598,92.213,0.6149999999999949,1.0210000000000008,0.652000000000001,0.3403333333333336,0.0,0.6319999999999979,0.30290212940816424,0.3403333333333336,0,0,2022,Abu Dhabi Grand Prix,0.0,16,0.0
LAT,52,0 days 00:01:32.213000,MEDIUM,14.0,True,0 days 02:23:35.131000,27.9,19,31.9,0 days 00:00:18.537000,0 days 00:00:38.960000,0 days 00:00:34.716000,1,92.213,8615.131,0.0,False,True,False,14.0,0.0,0.0,18.537,38.96,34.716,0,0,0,0.0,91.873,1.213683443077323,0.2801389455704456,0,0,92.25,92.773,0.5229999999999961,1.6730000000000018,-0.03700000000000614,0.353666666666669,0.0,0.21000000000000085,0.25629338657093825,0.353666666666669,0,0,2022,Abu Dhabi Grand Prix,0.0,16,0.0
LAT,53,0 days 00:01:32.773000,MEDIUM,15.0,True,0 days 02:25:07.904000,27.9,19,31.9,0 days 00:00:18.624000,0 days 00:00:39.392000,0 days 00:00:34.757000,1,92.773,8707.904,0.0,False,True,False,15.0,0.0,0.0,18.624,39.392,34.757,0,0,0,0.0,92.20020000000001,0.9737549486395541,0.5882383455922386,0,0,92.213,96.411,4.1980000000000075,1.024000000000001,0.5600000000000023,-0.5126666666666703,0.0,0.25099999999999767,0.3007761626193142,-0.5126666666666703,0,0,2022,Abu Dhabi Grand Prix,0.0,16,0.0
LEC,2,0 days 00:01:30.996000,MEDIUM,2.0,True,0 days 01:05:15.583000,28.7,3,34.9,0 days 00:00:18.413000,0 days 00:00:38.950000,0 days 00:00:33.633000,1,90.996,3915.583,0.7699999999999818,False,True,False,2.0,0.0,0.0,18.413,38.95,33.633,0,0,0,0.0,93.04899999999999,1.924962207421234,-1.0665144448473554,0,0,90.996,90.418,-0.5779999999999887,-0.6020000000000039,0.0,1.3870000000000005,0.0,-1.0829999999999984,0.9307954662545369,0.0,0,1,2022,Abu Dhabi Grand Prix,0.0,16,0.0
LEC,3,0 days 00:01:30.418000,MEDIUM,3.0,True,0 days 01:06:46.001000,28.6,3,34.4,0 days 00:00:18.293000,0 days 00:00:38.670000,0 days 00:00:33.455000,1,90.418,4006.001,0.7929999999996653,False,True,False,3.0,0.0,0.0,18.293,38.67,33.455,0,0,0,0.0,,,0.0,0,0,90.996,91.167,0.17100000000000648,0.0,-0.5779999999999887,0.0,0.0,0.0,0.0,0.0,0,1,2022,Abu Dhabi Grand Prix,0.0,16,0.0
LEC,4,0 days 00:01:31.167000,MEDIUM,4.0,True,0 days 01:08:17.168000,28.7,3,34.0,0 days 00:00:18.364000,0 days 00:00:38.972000,0 days 00:00:33.831000,1,91.167,4097.168,1.9279999999998836,False,True,False,4.0,0.0,0.0,18.364,38.972,33.831,0,0,0,0.0,,,0.0,0,0,90.418,91.356,0.9379999999999882,0.0,0.7489999999999952,-0.2889999999999944,0.0,0.3760000000000048,0.0,0.0,0,0,2022,Abu Dhabi Grand Prix,0.0,16,0.0
LEC,5,0 days 00:01:31.356000,MEDIUM,5.0,True,0 days 01:09:48.524000,28.6,3,34.0,0 days 00:00:18.603000,0 days 00:00:39.147000,0 days 00:00:33.606000,1,91.356,4188.524,1.457999999999629,False,True,False,5.0,0.0,0.0,18.603,39.147,33.606,0,0,0,0.0,90.86033333333334,0.39249755837881395,1.26285286643303,0,0,91.167,91.087,-0.0799999999999983,0.7489999999999952,0.18899999999999295,0.05700000000000216,0.0,0.15100000000000335,0.7575119360995805,0.08550000000000324,0,0,2022,Abu Dhabi Grand Prix,0.0,16,0.0
LEC,6,0 days 00:01:31.087000,MEDIUM,6.0,True,0 days 01:11:19.611000,28.6,3,34.2,0 days 00:00:18.648000,0 days 00:00:39.047000,0 days 00:00:33.392000,1,91.087,4279.611,1.7049999999999272,False,True,False,6.0,0.0,0.0,18.648,39.047,33.392,0,0,0,0.0,90.98425,0.40512251233422775,0.2536269816455699,0,0,91.356,90.861,-0.49499999999999034,0.9379999999999882,-0.26899999999999125,0.11999999999999982,0.0,-0.06299999999999528,0.64801800386512,0.11999999999999982,0,0,2022,Abu Dhabi Grand Prix,0.0,16,0.0
LEC,7,0 days 00:01:30.861000,MEDIUM,7.0,True,0 days 01:12:50.472000,28.6,3,34.5,0 days 00:00:18.502000,0 days 00:00:38.943000,0 days 00:00:33.416000,1,90.861,4370.472,2.3760000000002037,False,True,False,7.0,0.0,0.0,18.502,38.943,33.416,0,0,0,0.0,91.0048,0.3538427616894224,-0.40639520026755854,0,0,91.087,90.886,-0.20100000000000762,0.6689999999999969,-0.2259999999999991,0.22299999999999898,0.0,0.023999999999993804,0.562228334398046,0.22299999999999898,0,0,2022,Abu Dhabi Grand Prix,0.0,16,0.0
LEC,8,0 days 00:01:30.886000,MEDIUM,8.0,True,0 days 01:14:21.358000,28.5,3,34.1,0 days 00:00:18.420000,0 days 00:00:39.002000,0 days 00:00:33.464000,1,90.886,4461.358,3.081000000000131,False,True,False,8.0,0.0,0.0,18.42,39.002,33.464,0,0,0,0.0,90.9778,0.3597828511755352,-0.2551539065857751,0,0,90.861,90.783,-0.07800000000000296,0.44299999999999784,0.024999999999991473,-0.10199999999999913,0.0,0.07199999999999562,0.17399224120632673,-0.10199999999999913,0,0,2022,Abu Dhabi Grand Prix,0.0,16,0.0
LEC,9,0 days 00:01:30.783000,MEDIUM,9.0,True,0 days 01:15:52.141000,28.5,3,34.0,0 days 00:00:18.396000,0 days 00:00:38.946000,0 days 00:00:33.441000,1,90.783,4552.141,3.17200000000048,False,True,False,9.0,0.0,0.0,18.396,38.946,33.441,0,0,0,0.0,91.07140000000001,0.20556093986941962,-1.4029902771568032,0,0,90.886,91.147,0.2610000000000099,0.024999999999991473,-0.10299999999999443,-0.1566666666666663,0.0,0.04899999999999949,0.1667228238724399,-0.1566666666666663,0,0,2022,Abu Dhabi Grand Prix,0.0,16,0.0
LEC,10,0 days 00:01:31.147000,MEDIUM,10.0,True,0 days 01:17:23.288000,28.5,3,34.0,0 days 00:00:18.645000,0 days 00:00:38.955000,0 days 00:00:33.547000,1,91.147,4643.288,3.100000000000364,False,True,False,10.0,0.0,0.0,18.645,38.955,33.547,0,0,0,0.0,90.99459999999999,0.23106557510801806,0.6595530291726522,0,0,90.783,91.039,0.2560000000000002,0.0,0.3640000000000043,-0.10133333333333401,0.0,0.13100000000000023,0.07757770298223517,-0.10133333333333401,0,0,2022,Abu Dhabi Grand Prix,0.0,16,0.0
LEC,11,0 days 00:01:31.039000,MEDIUM,11.0,True,0 days 01:18:54.327000,28.5,3,33.9,0 days 00:00:18.540000,0 days 00:00:38.972000,0 days 00:00:33.527000,1,91.039,4734.327,3.201000000000022,False,True,False,11.0,0.0,0.0,18.54,38.972,33.527,0,0,0,0.0,90.9528,0.15608074833239696,0.5522782336770296,0,0,91.147,91.252,0.10499999999998977,0.3640000000000043,-0.10800000000000409,0.09533333333333378,0.0,0.08599999999999852,0.07109360027456565,0.09533333333333378,0,0,2022,Abu Dhabi Grand Prix,0.0,16,0.0
LEC,12,0 days 00:01:31.252000,MEDIUM,12.0,True,0 days 01:20:25.579000,28.5,3,33.9,0 days 00:00:18.479000,0 days 00:00:39.079000,0 days 00:00:33.694000,1,91.252,4825.579,3.244999999999891,False,True,False,12.0,0.0,0.0,18.479,39.079,33.694,0,0,0,0.0,90.9432,0.14697346699319988,2.1010595063004014,0,0,91.039,90.92,-0.11899999999999977,0.2560000000000002,0.21299999999999386,0.05100000000000193,0.0,0.2530000000000001,0.04033980664306812,0.05100000000000193,0,0,2022,Abu Dhabi Grand Prix,0.0,16,0.0
LEC,13,0 days 00:01:30.920000,MEDIUM,13.0,True,0 days 01:21:56.499000,28.4,3,33.9,0 days 00:00:18.429000,0 days 00:00:38.907000,0 days 00:00:33.584000,1,90.92,4916.499,3.594000000000051,False,True,False,13.0,0.0,0.0,18.429,38.907,33.584,0,0,0,0.0,91.0214,0.19001920955524562,-0.5336302589476746,0,0,91.252,91.131,-0.12099999999999511,0.4689999999999941,-0.33199999999999363,0.15633333333333135,0.0,0.05700000000000216,0.0810783571614529,0.15633333333333135,0,0,2022,Abu Dhabi Grand Prix,0.0,16,0.0
LEC,14,0 days 00:01:31.131000,MEDIUM,14.0,True,0 days 01:23:27.630000,28.4,3,33.7,0 days 00:00:18.411000,0 days 00:00:38.937000,0 days 00:00:33.783000,1,91.131,5007.63,3.9780000000000655,False,True,False,14.0,0.0,0.0,18.411,38.937,33.783,0,0,0,0.0,91.0282,0.18449037915295166,0.5572106278494647,0,0,90.92,91.731,0.8109999999999928,0.13700000000000045,0.21099999999999852,-0.07566666666666795,0.0,0.2560000000000002,0.08345777375415639,-0.07566666666666795,0,0,2022,Abu Dhabi Grand Prix,0.0,16,0.0
LEC,15,0 days 00:01:31.731000,MEDIUM,15.0,True,0 days 01:24:59.361000,28.4,2,33.3,0 days 00:00:18.472000,0 days 00:00:38.779000,0 days 00:00:34.480000,1,91.731,5099.361,3.780999999999949,False,True,False,15.0,0.0,0.0,18.472,38.779,34.48,0,0,0,0.0,91.09779999999999,0.12487073316033677,5.070843935760027,0,0,91.131,91.237,0.10599999999999454,0.21099999999999852,0.5999999999999943,0.03066666666666625,0.0,0.8959999999999937,0.093184226132967,0.03066666666666625,0,0,2022,Abu Dhabi Grand Prix,0.0,16,0.0
LEC,16,0 days 00:01:31.237000,MEDIUM,16.0,True,0 days 01:26:30.598000,28.4,2,33.6,0 days 00:00:18.456000,0 days 00:00:39.070000,0 days 00:00:33.711000,1,91.237,5190.598,3.9700000000002547,False,True,False,16.0,0.0,0.0,18.456,39.07,33.711,0,0,0,0.0,91.21459999999999,0.3133214004819915,0.07149208437580729,0,0,91.731,91.454,-0.277000000000001,0.8109999999999928,-0.4939999999999998,0.1596666666666664,0.0,0.12699999999999534,0.3404941996569075,0.1596666666666664,0,0,2022,Abu Dhabi Grand Prix,0.0,16,0.0
LEC,17,0 days 00:01:31.454000,MEDIUM,17.0,True,0 days 01:28:02.052000,28.4,2,33.4,0 days 00:00:18.574000,0 days 00:00:39.209000,0 days 00:00:33.671000,1,91.454,5282.052,11.733000000000175,False,True,False,17.0,0.0,0.0,18.574,39.209,33.671,0,0,0,0.0,91.2542,0.29770236814643664,0.6711401096470845,0,0,91.237,91.443,0.20600000000000307,0.31699999999999307,0.21699999999999875,0.10566666666666436,0.0,-0.03999999999999915,0.33419859365353155,0.10566666666666436,0,0,2022,Abu Dhabi Grand Prix,0.0,16,0.0
LEC,18,0 days 00:01:31.443000,MEDIUM,18.0,True,0 days 01:29:33.495000,28.4,2,33.3,0 days 00:00:18.607000,0 days 00:00:39.089000,0 days 00:00:33.747000,1,91.443,5373.495,19.802999999999884,False,True,False,18.0,0.0,0.0,18.607,39.089,33.747,0,0,0,0.0,91.29459999999999,0.3107495776344607,0.4775549531866927,0,0,91.454,91.74,0.28600000000000136,0.5339999999999918,-0.01099999999999568,0.10766666666666443,0.0,0.07600000000000051,0.3719565834879091,0.10766666666666443,0,0,2022,Abu Dhabi Grand Prix,0.0,16,0.0
LEC,19,0 days 00:01:31.740000,MEDIUM,19.0,True,0 days 01:31:05.235000,28.3,2,33.6,0 days 00:00:18.580000,0 days 00:00:39.090000,0 days 00:00:34.070000,1,91.74,5465.235,17.860999999999876,False,True,False,19.0,0.0,0.0,18.58,39.09,34.07,0,0,0,0.0,91.3992,0.23089651361593982,1.47598590668575,0,0,91.443,91.891,0.4480000000000075,0.3119999999999976,0.29699999999999704,-0.0959999999999989,0.0,0.3990000000000009,0.3694631240056281,-0.0959999999999989,0,0,2022,Abu Dhabi Grand Prix,0.0,16,0.0
LEC,20,0 days 00:01:31.891000,MEDIUM,20.0,True,0 days 01:32:37.126000,28.3,2,33.2,0 days 00:00:18.556000,0 days 00:00:39.227000,0 days 00:00:34.108000,1,91.891,5557.126,16.552999999999884,False,True,False,20.0,0.0,0.0,18.556,39.227,34.108,0,0,0,0.0,91.52099999999999,0.21406190693348087,1.7284719420676524,0,0,91.74,89.886,-1.8539999999999992,0.5030000000000001,0.15100000000001046,0.1676666666666667,0.0,0.4369999999999976,0.37428905941798285,0.1676666666666667,0,0,2022,Abu Dhabi Grand Prix,0.0,16,0.0
LEC,23,0 days 00:01:29.886000,HARD,2.0,True,0 days 01:37:31.751000,28.2,3,32.9,0 days 00:00:18.242000,0 days 00:00:38.646000,0 days 00:00:32.998000,1,89.886,5851.751,1.893000000000029,True,False,False,2.0,0.0,0.0,18.242,38.646,32.998,0,0,0,0.0,91.553,0.2602738941960978,-6.404791403105668,1,0,91.891,90.465,-1.426000000000002,0.6540000000000106,-2.0050000000000097,0.1456666666666706,0.0,-0.7490000000000023,0.20861136114794854,0.1456666666666706,0,0,2022,Abu Dhabi Grand Prix,0.0,16,0.0
LEC,24,0 days 00:01:30.465000,HARD,3.0,True,0 days 01:39:02.216000,28.2,3,33.3,0 days 00:00:18.430000,0 days 00:00:38.987000,0 days 00:00:33.048000,1,90.465,5942.216,1.9559999999992215,True,False,False,3.0,0.0,0.0,18.43,38.987,33.048,0,0,0,0.0,91.2828,0.8038909751950141,-1.017302128316098,0,1,89.886,90.488,0.6020000000000039,0.0,0.5790000000000077,-0.5190000000000007,0.0,0.05000000000000426,0.4784143601523689,-0.5190000000000007,0,0,2022,Abu Dhabi Grand Prix,0.0,16,0.0
LEC,25,0 days 00:01:30.488000,HARD,4.0,True,0 days 01:40:32.704000,28.3,3,33.3,0 days 00:00:18.346000,0 days 00:00:38.779000,0 days 00:00:33.363000,1,90.488,6032.704,1.9380000000001019,True,False,False,4.0,0.0,0.0,18.346,38.779,33.363,0,0,0,0.0,91.08500000000001,0.870176131596346,-0.6860680020087503,0,0,90.465,90.421,-0.04399999999999693,0.5790000000000077,0.022999999999996135,-0.42499999999999716,0.0,0.365000000000002,0.4770673956580984,-0.42499999999999716,0,0,2022,Abu Dhabi Grand Prix,0.0,16,0.0
LEC,26,0 days 00:01:30.421000,HARD,5.0,True,0 days 01:42:03.125000,28.2,3,33.0,0 days 00:00:18.480000,0 days 00:00:38.715000,0 days 00:00:33.226000,1,90.421,6123.125,1.8959999999997308,True,False,False,5.0,0.0,0.0,18.48,38.715,33.226,0,0,0,0.0,90.89399999999999,0.8767362773377024,-0.539500887811209,0,0,90.488,90.095,-0.3930000000000007,0.6020000000000039,-0.06699999999999307,-0.4676666666666686,0.0,0.22800000000000153,0.49912303092524274,-0.4676666666666686,0,0,2022,Abu Dhabi Grand Prix,0.0,16,0.0
LEC,27,0 days 00:01:30.095000,HARD,6.0,True,0 days 01:43:33.220000,28.2,3,32.9,0 days 00:00:18.190000,0 days 00:00:38.724000,0 days 00:00:33.181000,1,90.095,6213.22,2.4830000000001746,True,False,False,6.0,0.0,0.0,18.19,38.724,33.181,0,0,0,0.0,90.6302,0.7474501321158229,-0.7160343907960807,0,0,90.421,89.744,-0.6770000000000067,0.5350000000000108,-0.3260000000000076,0.17833333333333692,0.0,0.13299999999999557,0.47900073068837884,0.17833333333333692,0,0,2022,Abu Dhabi Grand Prix,0.0,16,0.0
LEC,28,0 days 00:01:29.744000,HARD,7.0,True,0 days 01:45:02.964000,28.1,3,32.5,0 days 00:00:18.301000,0 days 00:00:38.515000,0 days 00:00:32.928000,1,89.744,6302.964,2.9179999999996653,True,False,False,7.0,0.0,0.0,18.301,38.515,32.928,0,0,0,0.0,90.271,0.26759390874970596,-1.9694020781800778,1,0,90.095,89.98,-0.11499999999999488,0.20900000000000318,-0.3509999999999991,-0.12333333333333485,0.0,-0.2530000000000001,0.4376794489121018,-0.12333333333333485,0,0,2022,Abu Dhabi Grand Prix,0.0,16,0.0
LEC,29,0 days 00:01:29.980000,HARD,8.0,True,0 days 01:46:32.944000,28.2,3,32.9,0 days 00:00:18.288000,0 days 00:00:38.664000,0 days 00:00:33.028000,1,89.98,6392.944,3.231999999999971,True,False,False,8.0,0.0,0.0,18.288,38.664,33.028,0,0,0,0.0,90.24260000000001,0.320896089100418,-0.8183334385163876,0,1,89.744,90.103,0.35899999999999466,0.0,0.2360000000000042,-0.24799999999999991,0.0,0.10000000000000142,0.23167930421166266,-0.24799999999999991,0,0,2022,Abu Dhabi Grand Prix,0.0,16,0.0
LEC,30,0 days 00:01:30.103000,HARD,9.0,True,0 days 01:48:03.047000,28.1,3,32.8,0 days 00:00:18.500000,0 days 00:00:38.671000,0 days 00:00:32.932000,1,90.103,6483.047,3.6080000000001746,True,False,False,9.0,0.0,0.0,18.5,38.671,32.932,0,0,0,0.0,90.1456,0.30997951545213287,-0.13742843599800905,0,0,89.98,89.874,-0.10600000000000875,0.2360000000000042,0.12299999999999045,-0.14700000000000082,0.0,0.0040000000000048885,0.2298049172667988,-0.14700000000000082,0,0,2022,Abu Dhabi Grand Prix,0.0,16,0.0
LEC,31,0 days 00:01:29.874000,HARD,10.0,True,0 days 01:49:32.921000,28.1,3,32.9,0 days 00:00:18.319000,0 days 00:00:38.602000,0 days 00:00:32.953000,1,89.874,6572.921,4.576000000000022,True,False,False,10.0,0.0,0.0,18.319,38.602,32.953,0,0,0,0.0,90.0686,0.24458188812734463,-0.7956435429048916,0,0,90.103,89.795,-0.3079999999999927,0.35899999999999466,-0.2289999999999992,0.0026666666666651886,0.0,0.025000000000005684,0.18351375970209932,0.0026666666666651886,0,0,2022,Abu Dhabi Grand Prix,0.0,16,0.0
LEC,32,0 days 00:01:29.795000,HARD,11.0,True,0 days 01:51:02.716000,28.1,3,32.9,0 days 00:00:18.297000,0 days 00:00:38.419000,0 days 00:00:33.079000,1,89.795,6662.716,5.07799999999952,True,False,False,11.0,0.0,0.0,18.297,38.419,33.079,0,0,0,0.0,89.9592,0.15258014287557797,-1.0761557625089615,0,0,89.874,90.27,0.3960000000000008,0.12999999999999545,-0.07899999999999352,0.043333333333331815,0.0,0.14699999999999847,0.1519233359296715,0.043333333333331815,0,0,2022,Abu Dhabi Grand Prix,0.0,16,0.0
LEC,33,0 days 00:01:30.270000,HARD,12.0,True,0 days 01:52:32.986000,28.1,2,32.9,0 days 00:00:18.380000,0 days 00:00:38.793000,0 days 00:00:33.097000,1,90.27,6752.986,5.298999999999978,True,False,False,12.0,0.0,0.0,18.38,38.793,33.097,0,0,0,0.0,89.8992,0.14460532493628622,2.5642209245294314,0,0,89.795,90.17,0.375,0.05100000000000193,0.4749999999999943,-0.061666666666667425,0.0,0.16499999999999915,0.15504289728975004,-0.061666666666667425,0,0,2022,Abu Dhabi Grand Prix,0.0,16,0.0
LEC,34,0 days 00:01:30.170000,HARD,13.0,True,0 days 01:54:03.156000,28.0,2,32.7,0 days 00:00:18.259000,0 days 00:00:38.761000,0 days 00:00:33.150000,1,90.17,6843.156,5.447000000000116,True,False,False,13.0,0.0,0.0,18.259,38.761,33.15,0,0,0,0.0,90.0044,0.18822406859892837,0.8798024675200362,0,0,90.27,90.017,-0.2530000000000001,0.4749999999999943,-0.09999999999999432,0.0556666666666672,0.0,0.19699999999999562,0.07172656411678657,0.0556666666666672,0,0,2022,Abu Dhabi Grand Prix,0.0,16,0.0
LEC,35,0 days 00:01:30.017000,HARD,14.0,True,0 days 01:55:33.173000,28.0,2,32.7,0 days 00:00:18.356000,0 days 00:00:38.617000,0 days 00:00:33.044000,1,90.017,6933.173,5.59900000000016,True,False,False,14.0,0.0,0.0,18.356,38.617,33.044,0,0,0,0.0,90.0424,0.20082405234417738,-0.12647887393723928,0,0,90.17,90.143,-0.027000000000001023,0.375,-0.1530000000000058,0.09866666666666883,0.0,-0.035000000000003695,0.08717109612709485,0.09866666666666883,0,0,2022,Abu Dhabi Grand Prix,0.0,16,0.0
LEC,36,0 days 00:01:30.143000,HARD,15.0,True,0 days 01:57:03.316000,28.0,2,32.6,0 days 00:00:18.279000,0 days 00:00:38.629000,0 days 00:00:33.235000,1,90.143,7023.316,5.72400000000016,True,False,False,15.0,0.0,0.0,18.279,38.629,33.235,0,0,0,0.0,90.0252,0.19799924242263134,0.5949517713232322,0,0,90.017,90.23,0.21300000000000807,0.2219999999999942,0.12600000000000477,0.07399999999999807,0.0,0.1910000000000025,0.09961525987518031,0.07399999999999807,0,0,2022,Abu Dhabi Grand Prix,0.0,16,0.0
LEC,37,0 days 00:01:30.230000,HARD,16.0,True,0 days 01:58:33.546000,28.0,2,32.6,0 days 00:00:18.323000,0 days 00:00:38.723000,0 days 00:00:33.184000,1,90.23,7113.546,5.962999999999738,True,False,False,16.0,0.0,0.0,18.323,38.723,33.184,0,0,0,0.0,90.079,0.18259107316607745,0.8269845692985602,0,0,90.143,90.412,0.26900000000000546,0.347999999999999,0.0870000000000033,-0.04233333333333178,0.0,0.14000000000000057,0.09605206921248584,-0.04233333333333178,0,0,2022,Abu Dhabi Grand Prix,0.0,16,0.0
LEC,38,0 days 00:01:30.412000,HARD,17.0,True,0 days 02:00:03.958000,28.0,2,32.6,0 days 00:00:18.304000,0 days 00:00:38.672000,0 days 00:00:33.436000,1,90.412,7203.958,5.8840000000000146,True,False,False,17.0,0.0,0.0,18.304,38.672,33.436,0,0,0,0.0,90.166,0.09702834637336004,2.53534156970391,0,0,90.23,91.295,1.0649999999999977,0.21300000000000807,0.18200000000000216,0.020000000000000757,0.0,0.392000000000003,0.09584779601013359,0.020000000000000757,0,0,2022,Abu Dhabi Grand Prix,0.0,16,0.0
LEC,39,0 days 00:01:31.295000,HARD,18.0,True,0 days 02:01:35.253000,28.0,2,32.6,0 days 00:00:18.357000,0 days 00:00:39.665000,0 days 00:00:33.273000,12,91.295,7295.253,8.934000000000196,True,False,False,18.0,0.0,0.0,18.357,39.665,33.273,0,0,1,0.0,90.1944,0.14433052345208414,7.625552611297672,0,0,90.412,90.312,-0.10000000000000853,0.39500000000001023,0.8829999999999956,0.13166666666667007,0.0,0.08900000000000574,0.15258931810582493,0.13166666666667007,0,0,2022,Abu Dhabi Grand Prix,0.0,16,0.0
LEC,40,0 days 00:01:30.312000,HARD,19.0,True,0 days 02:03:05.565000,28.0,2,32.7,0 days 00:00:18.333000,0 days 00:00:38.846000,0 days 00:00:33.133000,1,90.312,7385.565,8.908000000000357,True,False,False,19.0,0.0,0.0,18.333,38.846,33.133,0,0,0,0.0,90.4194,0.5101287092489288,-0.21053510232373557,0,0,91.295,90.056,-1.2390000000000043,1.2780000000000058,-0.9830000000000041,0.38400000000000034,0.0,-0.05099999999999483,0.15664067160223907,0.38400000000000034,0,0,2022,Abu Dhabi Grand Prix,0.0,16,0.0
LEC,41,0 days 00:01:30.056000,HARD,20.0,True,0 days 02:04:35.621000,28.0,2,32.4,0 days 00:00:18.189000,0 days 00:00:38.640000,0 days 00:00:33.227000,1,90.056,7475.621,8.858000000000175,True,False,False,20.0,0.0,0.0,18.189,38.64,33.227,0,0,0,0.0,90.4784,0.4672069134762288,-0.9040962105144182,0,0,90.312,90.135,-0.1769999999999925,0.16899999999999693,-0.2560000000000002,0.02733333333333121,0.0,0.09399999999999409,0.1615880564893323,0.02733333333333121,0,0,2022,Abu Dhabi Grand Prix,0.0,16,0.0
LEC,42,0 days 00:01:30.135000,HARD,21.0,True,0 days 02:06:05.756000,28.0,2,32.4,0 days 00:00:18.313000,0 days 00:00:38.712000,0 days 00:00:33.110000,1,90.135,7565.756,8.510999999999513,True,False,False,21.0,0.0,0.0,18.313,38.712,33.11,0,0,0,0.0,90.46100000000001,0.4841342788937607,-0.673366902969384,0,0,90.056,89.813,-0.242999999999995,0.0,0.07900000000000773,-0.11866666666666958,0.0,-0.02300000000000324,0.16158805648933294,-0.11866666666666958,0,0,2022,Abu Dhabi Grand Prix,0.0,16,0.0
LEC,43,0 days 00:01:29.813000,HARD,22.0,True,0 days 02:07:35.569000,28.0,2,32.4,0 days 00:00:18.174000,0 days 00:00:38.558000,0 days 00:00:33.081000,1,89.813,7655.569,8.953999999999724,True,False,False,22.0,0.0,0.0,18.174,38.558,33.081,0,0,0,0.0,90.44200000000001,0.49715540829802707,-1.2651979431408331,0,0,90.135,89.958,-0.1770000000000067,0.07900000000000773,-0.32200000000000273,-0.38666666666666555,0.0,-0.028999999999996362,0.1756066627437586,-0.38666666666666555,0,0,2022,Abu Dhabi Grand Prix,0.0,16,0.0
LEC,44,0 days 00:01:29.958000,HARD,23.0,True,0 days 02:09:05.527000,28.0,2,32.4,0 days 00:00:18.276000,0 days 00:00:38.796000,0 days 00:00:32.886000,1,89.958,7745.527,9.331000000000131,True,False,False,23.0,0.0,0.0,18.276,38.796,32.886,0,0,0,0.0,90.3222,0.5726331286259624,-0.6360093082178069,0,0,89.813,89.853,0.03999999999999204,0.0,0.14499999999999602,-0.16633333333333175,0.0,-0.19500000000000028,0.06972804313903935,-0.16633333333333175,0,0,2022,Abu Dhabi Grand Prix,0.0,16,0.0
LEC,45,0 days 00:01:29.853000,HARD,24.0,True,0 days 02:10:35.380000,28.0,2,32.3,0 days 00:00:18.185000,0 days 00:00:38.560000,0 days 00:00:33.108000,1,89.853,7835.38,9.662000000000262,True,False,False,24.0,0.0,0.0,18.185,38.56,33.108,0,0,0,0.0,90.0548,0.18736515150880106,-1.0770412660783755,0,0,89.958,90.159,0.20100000000000762,0.14499999999999602,-0.10500000000000398,-0.03266666666666632,0.0,0.2219999999999942,0.10308831165558749,-0.03266666666666632,0,0,2022,Abu Dhabi Grand Prix,0.0,16,0.0
LEC,46,0 days 00:01:30.159000,HARD,25.0,True,0 days 02:12:05.539000,28.0,2,32.1,0 days 00:00:18.305000,0 days 00:00:38.553000,0 days 00:00:33.301000,1,90.159,7925.539,9.610999999999876,True,False,False,25.0,0.0,0.0,18.305,38.553,33.301,0,0,0,0.0,89.963,0.13496110550785798,1.4522702615873302,0,0,89.853,90.215,0.362000000000009,0.03999999999999204,0.3060000000000116,-0.09400000000000357,0.0,0.41499999999999915,0.15537277753840636,-0.09400000000000357,0,0,2022,Abu Dhabi Grand Prix,0.0,16,0.0
LEC,47,0 days 00:01:30.215000,HARD,26.0,True,0 days 02:13:35.754000,28.0,2,32.0,0 days 00:00:18.265000,0 days 00:00:38.635000,0 days 00:00:33.315000,1,90.215,8015.754,8.613000000000284,True,False,False,26.0,0.0,0.0,18.265,38.635,33.315,0,0,0,0.0,89.9836,0.15851119834228466,1.459833768339377,0,0,90.159,89.719,-0.44000000000001194,0.34600000000000364,0.055999999999997385,0.11533333333333455,0.0,0.42899999999999494,0.24004374601309528,0.11533333333333455,0,0,2022,Abu Dhabi Grand Prix,0.0,16,0.0
LEC,48,0 days 00:01:29.719000,HARD,27.0,True,0 days 02:15:05.473000,28.0,2,32.1,0 days 00:00:18.161000,0 days 00:00:38.353000,0 days 00:00:33.205000,1,89.719,8105.473,8.127999999999702,True,False,False,27.0,0.0,0.0,18.161,38.353,33.205,0,0,0,0.0,89.9996,0.1801715848848264,-1.557404294241951,1,0,90.215,89.875,-0.3400000000000034,0.402000000000001,-0.4960000000000093,0.08566666666666833,0.0,0.09700000000000131,0.2750559942993403,0.08566666666666833,0,0,2022,Abu Dhabi Grand Prix,0.0,16,0.0
LEC,49,0 days 00:01:29.875000,HARD,28.0,True,0 days 02:16:35.348000,28.0,2,32.3,0 days 00:00:18.257000,0 days 00:00:38.644000,0 days 00:00:32.974000,1,89.875,8195.348,7.342000000000553,True,False,False,28.0,0.0,0.0,18.257,38.644,32.974,0,0,0,0.0,89.9808,0.2073624845527951,-0.5102176520896436,0,1,89.719,89.736,0.017000000000010118,0.0,0.1560000000000059,-0.04466666666666678,0.0,-0.23100000000000165,0.2576718843801146,-0.04466666666666678,0,0,2022,Abu Dhabi Grand Prix,0.0,16,0.0
LEC,50,0 days 00:01:29.736000,HARD,29.0,True,0 days 02:18:05.084000,28.0,2,31.9,0 days 00:00:18.207000,0 days 00:00:38.596000,0 days 00:00:32.933000,1,89.736,8285.084,6.858999999998559,True,False,False,29.0,0.0,0.0,18.207,38.596,32.933,0,0,0,0.0,89.9642,0.21289246111571336,-1.0719026817768225,0,0,89.875,89.782,-0.09300000000000352,0.1560000000000059,-0.1389999999999958,-0.09466666666666868,0.0,-0.04099999999999682,0.2713831240147394,-0.09466666666666868,0,0,2022,Abu Dhabi Grand Prix,0.0,16,0.0
LEC,51,0 days 00:01:29.782000,HARD,30.0,True,0 days 02:19:34.866000,28.0,2,32.0,0 days 00:00:18.184000,0 days 00:00:38.597000,0 days 00:00:33.001000,1,89.782,8374.866,6.236000000000786,True,False,False,30.0,0.0,0.0,18.184,38.597,33.001,0,0,0,0.0,89.9408,0.2335940923908419,-0.6798117125937435,0,0,89.736,89.727,-0.009000000000000341,0.017000000000010118,0.04599999999999227,-0.1596666666666664,0.0,0.06799999999999784,0.28775197653534734,-0.1596666666666664,0,0,2022,Abu Dhabi Grand Prix,0.0,16,0.0
LEC,52,0 days 00:01:29.727000,HARD,31.0,True,0 days 02:21:04.593000,27.9,2,32.0,0 days 00:00:18.169000,0 days 00:00:38.580000,0 days 00:00:32.978000,1,89.727,8464.593,5.480999999999767,True,False,False,31.0,0.0,0.0,18.169,38.58,32.978,0,0,0,0.0,89.8654,0.2046003421304292,-0.6764407065935523,0,0,89.782,89.879,0.09700000000000841,0.06300000000000239,-0.05499999999999261,0.021000000000000796,0.0,0.045000000000001705,0.24102862900493607,0.021000000000000796,0,0,2022,Abu Dhabi Grand Prix,0.0,16,0.0
LEC,53,0 days 00:01:29.879000,HARD,32.0,True,0 days 02:22:34.472000,27.9,2,32.1,0 days 00:00:18.167000,0 days 00:00:38.606000,0 days 00:00:33.106000,1,89.879,8554.472,4.69800000000032,True,False,False,32.0,0.0,0.0,18.167,38.606,33.106,0,0,0,0.0,89.7678,0.06471244084310601,1.718371283036796,0,0,89.727,90.095,0.367999999999995,0.008000000000009777,0.15200000000000102,-0.04933333333333204,0.0,0.17300000000000182,0.13260015082947724,-0.04933333333333204,0,0,2022,Abu Dhabi Grand Prix,0.0,16,0.0
LEC,54,0 days 00:01:30.095000,HARD,33.0,True,0 days 02:24:04.567000,27.9,2,31.9,0 days 00:00:18.206000,0 days 00:00:38.675000,0 days 00:00:33.214000,1,90.095,8644.567,3.7550000000010186,True,False,False,33.0,0.0,0.0,18.206,38.675,33.214,0,0,0,0.0,89.7998,0.07350986328294892,4.015787634697827,0,0,89.879,90.151,0.27199999999999136,0.15200000000000102,0.21599999999999397,0.04766666666666689,0.0,0.2359999999999971,0.15131159902664496,0.04766666666666689,0,0,2022,Abu Dhabi Grand Prix,0.0,16,0.0
LEC,55,0 days 00:01:30.151000,HARD,34.0,True,0 days 02:25:34.718000,27.9,2,31.9,0 days 00:00:18.085000,0 days 00:00:38.495000,0 days 00:00:33.571000,1,90.151,8734.718,2.808999999999287,True,False,False,34.0,0.0,0.0,18.085,38.495,33.571,0,0,0,0.0,89.8438,0.15282571773063938,2.0101328792150364,0,0,90.095,90.033,-0.06199999999999761,0.367999999999995,0.055999999999997385,0.10433333333333412,0.0,0.5929999999999964,0.1091819582165459,0.10433333333333412,0,0,2022,Abu Dhabi Grand Prix,0.0,16,0.0
LEC,56,0 days 00:01:30.033000,HARD,35.0,True,0 days 02:27:04.751000,27.9,2,31.9,0 days 00:00:18.175000,0 days 00:00:38.698000,0 days 00:00:33.160000,1,90.033,8824.751,2.2219999999997526,True,False,False,35.0,0.0,0.0,18.175,38.698,33.16,0,0,0,0.0,89.9268,0.18823442830656445,0.5641900950608278,0,0,90.151,89.829,-0.32200000000000273,0.4239999999999924,-0.117999999999995,0.14133333333333079,0.0,0.05399999999999494,0.22095135211172443,0.14133333333333079,0,0,2022,Abu Dhabi Grand Prix,0.0,16,0.0
LEC,57,0 days 00:01:29.829000,HARD,36.0,True,0 days 02:28:34.580000,27.9,2,32.0,0 days 00:00:18.059000,0 days 00:00:38.734000,0 days 00:00:33.036000,1,89.829,8914.58,1.9660000000003492,True,False,False,36.0,0.0,0.0,18.059,38.734,33.036,0,0,0,0.0,89.977,0.1728004629620762,-0.8564791868207626,0,0,90.033,90.5,0.46699999999999875,0.3059999999999974,-0.20400000000000773,0.05133333333333212,0.0,-0.12399999999999523,0.22348087166466726,0.05133333333333212,0,0,2022,Abu Dhabi Grand Prix,0.0,16,0.0
MAG,2,0 days 00:01:34.950000,HARD,2.0,True,0 days 01:05:26.545000,28.7,17,34.9,0 days 00:00:19.049000,0 days 00:00:40.072000,0 days 00:00:35.829000,1,94.95,3926.545,0.5360000000000582,True,False,False,2.0,0.0,0.0,19.049,40.072,35.829,0,0,0,0.0,90.12159999999999,0.2440405703975004,19.785234857201726,0,0,94.95,93.566,-1.3840000000000003,5.121000000000009,0.0,0.11633333333333458,0.0,2.7929999999999993,0.30926477329304614,0.0,0,1,2022,Abu Dhabi Grand Prix,0.0,16,0.0
MAG,3,0 days 00:01:33.566000,HARD,3.0,True,0 days 01:07:00.111000,28.7,18,34.3,0 days 00:00:19.164000,0 days 00:00:39.475000,0 days 00:00:34.927000,1,93.566,4020.111,0.762000000000171,True,False,False,3.0,0.0,0.0,19.164,39.475,34.927,0,0,0,0.0,,,0.0,0,0,94.95,92.512,-2.4380000000000024,0.0,-1.3840000000000003,0.0,0.0,0.0,0.0,0.0,0,1,2022,Abu Dhabi Grand Prix,0.0,16,0.0
MAG,4,0 days 00:01:32.512000,HARD,4.0,True,0 days 01:08:32.623000,28.7,18,34.0,0 days 00:00:18.856000,0 days 00:00:39.072000,0 days 00:00:34.584000,1,92.512,4112.623,0.9909999999999854,True,False,False,4.0,0.0,0.0,18.856,39.072,34.584,0,0,0,0.0,,,0.0,0,0,93.566,92.637,-0.929000000000002,0.0,-1.054000000000002,-0.6920000000000002,0.0,-0.3429999999999964,0.0,0.0,0,1,2022,Abu Dhabi Grand Prix,0.0,16,0.0
MAG,5,0 days 00:01:32.637000,HARD,5.0,True,0 days 01:10:05.260000,28.5,18,34.0,0 days 00:00:18.836000,0 days 00:00:38.915000,0 days 00:00:34.886000,1,92.637,4205.26,1.2489999999997963,True,False,False,5.0,0.0,0.0,18.836,38.915,34.886,0,0,0,0.0,93.676,1.2227166474698918,-0.8497471610858932,0,0,92.512,93.355,0.8430000000000035,0.0,0.125,-0.8126666666666674,0.0,0.3019999999999996,1.7201256737033281,-1.2190000000000012,0,0,2022,Abu Dhabi Grand Prix,0.0,16,0.0
MAG,6,0 days 00:01:33.355000,HARD,6.0,True,0 days 01:11:38.615000,28.6,18,34.2,0 days 00:00:18.864000,0 days 00:00:39.098000,0 days 00:00:35.393000,1,93.355,4298.615,0.98700000000008,True,False,False,6.0,0.0,0.0,18.864,39.098,35.393,0,0,0,0.0,93.41625,1.12542032888458,-0.05442411019952596,0,0,92.637,92.653,0.016000000000005343,0.125,0.7180000000000035,-0.7710000000000008,0.0,0.8089999999999975,1.4278569022606329,-0.7710000000000008,0,1,2022,Abu Dhabi Grand Prix,0.0,16,0.0
MAG,7,0 days 00:01:32.653000,HARD,7.0,True,0 days 01:13:11.268000,28.5,18,34.0,0 days 00:00:18.854000,0 days 00:00:39.108000,0 days 00:00:34.691000,1,92.653,4391.268,1.2039999999997235,True,False,False,7.0,0.0,0.0,18.854,39.108,34.691,0,0,0,0.0,93.404,0.975027435511436,-0.7702347366318618,0,0,93.355,92.57,-0.7850000000000108,0.8430000000000035,-0.7019999999999982,-0.07033333333333285,0.0,0.10699999999999932,1.237743794167435,-0.07033333333333285,0,0,2022,Abu Dhabi Grand Prix,0.0,16,0.0
MAG,8,0 days 00:01:32.570000,HARD,8.0,True,0 days 01:14:43.838000,28.5,18,34.1,0 days 00:00:18.762000,0 days 00:00:38.988000,0 days 00:00:34.820000,1,92.57,4483.838,1.7849999999998545,True,False,False,8.0,0.0,0.0,18.762,38.988,34.82,0,0,0,0.0,92.94460000000001,0.47993676666829327,-0.7805194892662156,0,0,92.653,92.976,0.3229999999999933,0.14100000000000534,-0.08300000000001262,0.04700000000000178,0.0,0.12899999999999778,0.42475228074725946,0.04700000000000178,0,0,2022,Abu Dhabi Grand Prix,0.0,16,0.0
MAG,9,0 days 00:01:32.976000,HARD,9.0,True,0 days 01:16:16.814000,28.5,18,34.0,0 days 00:00:18.774000,0 days 00:00:39.683000,0 days 00:00:34.519000,1,92.976,4576.814,0.9969999999993888,True,False,False,9.0,0.0,0.0,18.774,39.683,34.519,0,0,0,0.0,92.74539999999999,0.3453770403486881,0.667676113522772,0,0,92.57,92.991,0.4210000000000065,0.057999999999992724,0.4060000000000059,-0.02233333333333576,0.0,-0.17200000000000415,0.4152772567815372,-0.02233333333333576,0,1,2022,Abu Dhabi Grand Prix,0.0,16,0.0
MAG,10,0 days 00:01:32.991000,HARD,10.0,True,0 days 01:17:49.805000,28.5,18,34.0,0 days 00:00:18.784000,0 days 00:00:39.444000,0 days 00:00:34.763000,1,92.991,4669.805,0.5659999999998035,True,False,False,10.0,0.0,0.0,18.784,39.444,34.763,0,0,0,0.0,92.8382,0.3289311478106296,0.464534906520827,0,0,92.976,93.373,0.39700000000000557,0.4060000000000059,0.015000000000000568,-0.12633333333333496,0.0,0.24399999999999977,0.36305440363670116,-0.12633333333333496,0,1,2022,Abu Dhabi Grand Prix,0.0,16,0.0
MAG,11,0 days 00:01:33.373000,HARD,11.0,True,0 days 01:19:23.178000,28.5,18,33.9,0 days 00:00:18.843000,0 days 00:00:39.674000,0 days 00:00:34.856000,1,93.373,4763.178,0.5560000000004948,True,False,False,11.0,0.0,0.0,18.843,39.674,34.856,0,0,0,0.0,92.90899999999999,0.3124843996106349,1.4848741267665555,0,0,92.991,92.989,-0.001999999999995339,0.4210000000000065,0.382000000000005,0.11266666666666462,0.0,0.3370000000000033,0.3613008441728315,0.11266666666666462,0,1,2022,Abu Dhabi Grand Prix,0.0,16,0.0
MAG,12,0 days 00:01:32.989000,HARD,12.0,True,0 days 01:20:56.167000,28.5,18,33.7,0 days 00:00:18.792000,0 days 00:00:39.772000,0 days 00:00:34.425000,1,92.989,4856.167,0.7709999999997308,True,False,False,12.0,0.0,0.0,18.792,39.772,34.425,0,0,0,0.0,92.9126,0.3189440389786592,0.23954045432126314,0,0,93.373,92.614,-0.7590000000000003,0.8030000000000115,-0.38400000000000034,0.2676666666666705,0.0,-0.0940000000000012,0.1920768075536487,0.2676666666666705,0,1,2022,Abu Dhabi Grand Prix,0.0,16,0.0
MAG,13,0 days 00:01:32.614000,HARD,13.0,True,0 days 01:22:28.781000,28.4,17,33.9,0 days 00:00:18.599000,0 days 00:00:39.640000,0 days 00:00:34.375000,1,92.614,4948.781,0.8000000000001819,True,False,False,13.0,0.0,0.0,18.599,39.64,34.375,0,0,0,0.0,92.9798,0.2840628451593489,-1.2877432097632924,0,0,92.989,92.521,-0.4680000000000035,0.41900000000001114,-0.375,0.0043333333333350765,0.0,-0.04999999999999716,0.2172203949908973,0.0043333333333350765,0,1,2022,Abu Dhabi Grand Prix,0.0,16,0.0
MAG,14,0 days 00:01:32.521000,HARD,14.0,True,0 days 01:24:01.302000,28.4,15,33.5,0 days 00:00:18.722000,0 days 00:00:39.281000,0 days 00:00:34.518000,1,92.521,5041.302,1.4470000000001164,True,False,False,14.0,0.0,0.0,18.722,39.281,34.518,0,0,0,0.0,92.9886,0.26844608397222514,-1.7418767786844858,1,0,92.614,92.589,-0.025000000000005684,0.0,-0.09300000000000352,-0.12566666666666512,0.0,0.14300000000000068,0.22359561713057188,-0.12566666666666512,0,0,2022,Abu Dhabi Grand Prix,0.0,16,0.0
MAG,15,0 days 00:01:32.589000,HARD,15.0,True,0 days 01:25:33.891000,28.4,12,33.3,0 days 00:00:18.654000,0 days 00:00:39.685000,0 days 00:00:34.250000,1,92.589,5133.891,1.7730000000001382,True,False,False,15.0,0.0,0.0,18.654,39.685,34.25,0,0,0,0.0,92.89760000000001,0.34107887650809177,-0.9047760540301046,0,1,92.521,92.523,0.001999999999995339,0.0,0.06799999999999784,-0.2840000000000013,0.0,-0.125,0.18547910933579742,-0.2840000000000013,0,0,2022,Abu Dhabi Grand Prix,0.0,16,0.0
MAG,16,0 days 00:01:32.523000,HARD,16.0,True,0 days 01:27:06.414000,28.4,10,33.4,0 days 00:00:18.609000,0 days 00:00:39.687000,0 days 00:00:34.227000,1,92.523,5226.414,1.7250000000003638,True,False,False,16.0,0.0,0.0,18.609,39.687,34.227,0,0,0,0.0,92.8172,0.3603917313147186,-0.8163339345404906,0,0,92.589,92.826,0.23699999999999477,0.06799999999999784,-0.0660000000000025,-0.13333333333333522,0.0,-0.02300000000000324,0.19498384548469883,-0.13333333333333522,0,0,2022,Abu Dhabi Grand Prix,0.0,16,0.0
MAG,17,0 days 00:01:32.826000,HARD,17.0,True,0 days 01:28:39.240000,28.4,10,33.4,0 days 00:00:18.630000,0 days 00:00:39.795000,0 days 00:00:34.401000,1,92.826,5319.24,0.44900000000052387,True,False,False,17.0,0.0,0.0,18.63,39.795,34.401,0,0,0,0.0,92.6472,0.1953642751375289,0.9152133872691264,0,0,92.523,92.929,0.4060000000000059,0.001999999999995339,0.30299999999999727,-0.03033333333333606,0.0,0.1740000000000066,0.10428182967324892,-0.03033333333333606,0,1,2022,Abu Dhabi Grand Prix,0.0,16,0.0
MAG,18,0 days 00:01:32.929000,HARD,18.0,True,0 days 01:30:12.169000,28.3,11,33.3,0 days 00:00:18.646000,0 days 00:00:39.687000,0 days 00:00:34.596000,1,92.929,5412.169,1.22400000000016,True,False,False,18.0,0.0,0.0,18.646,39.687,34.596,0,0,0,0.0,92.6146,0.12499719996867592,2.5152563423724237,0,0,92.826,94.17,1.3440000000000083,0.3049999999999926,0.10300000000000864,0.1016666666666642,0.0,0.3689999999999998,0.12898333225653982,0.1016666666666642,0,0,2022,Abu Dhabi Grand Prix,0.0,16,0.0
MAG,19,0 days 00:01:34.170000,HARD,19.0,True,0 days 01:31:46.339000,28.3,12,33.6,0 days 00:00:18.986000,0 days 00:00:40.051000,0 days 00:00:35.133000,1,94.17,5506.339,0.4499999999998181,True,False,False,19.0,0.0,0.0,18.986,40.051,35.133,0,0,0,0.0,92.6776,0.1880818970555445,7.9348412758686,0,0,92.929,94.443,1.5139999999999958,0.40800000000000125,1.2409999999999997,0.11333333333333447,0.0,0.9060000000000059,0.1904935694452725,0.11333333333333447,0,1,2022,Abu Dhabi Grand Prix,0.0,16,0.0
MAG,20,0 days 00:01:34.443000,HARD,20.0,True,0 days 01:33:20.782000,28.3,12,33.1,0 days 00:00:18.730000,0 days 00:00:40.145000,0 days 00:00:35.568000,1,94.443,5600.782,0.8989999999994325,True,False,False,20.0,0.0,0.0,18.73,40.145,35.568,0,0,0,0.0,93.00739999999999,0.6708936577431859,2.1398324211756776,0,0,94.17,94.263,0.09300000000000352,1.6470000000000056,0.27299999999999613,0.5490000000000018,0.0,1.1669999999999945,0.40770908746311074,0.5490000000000018,0,1,2022,Abu Dhabi Grand Prix,0.0,16,0.0
MAG,21,0 days 00:01:34.263000,HARD,21.0,True,0 days 01:34:55.045000,28.2,13,33.0,0 days 00:00:19.014000,0 days 00:00:39.956000,0 days 00:00:35.293000,1,94.263,5695.045,0.4279999999998836,True,False,False,21.0,0.0,0.0,19.014,39.956,35.293,0,0,0,0.0,93.37819999999999,0.8658548954646225,1.0218802303187582,0,0,94.443,93.238,-1.2049999999999983,1.9200000000000017,-0.1799999999999926,0.5390000000000015,0.0,0.6970000000000027,0.5012387654601344,0.5390000000000015,0,1,2022,Abu Dhabi Grand Prix,0.0,16,0.0
MAG,22,0 days 00:01:33.238000,HARD,22.0,True,0 days 01:36:28.283000,28.2,14,33.0,0 days 00:00:18.836000,0 days 00:00:39.518000,0 days 00:00:34.884000,1,93.238,5788.283,1.4919999999992797,True,False,False,22.0,0.0,0.0,18.836,39.518,34.884,0,0,0,0.0,93.72619999999999,0.7817932591165466,-0.6244617669787468,0,0,94.263,94.261,-0.0020000000000095497,1.4370000000000118,-1.0250000000000057,0.4446666666666677,0.0,-0.24900000000000233,0.399930368939392,0.4446666666666677,0,0,2022,Abu Dhabi Grand Prix,0.0,16,0.0
MAG,23,0 days 00:01:34.261000,HARD,23.0,True,0 days 01:38:02.544000,28.2,15,32.9,0 days 00:00:18.768000,0 days 00:00:40.132000,0 days 00:00:35.361000,1,94.261,5882.544,0.4679999999998472,True,False,False,23.0,0.0,0.0,18.768,40.132,35.361,0,0,0,0.0,93.8086,0.6780179201172152,0.6672390014732748,0,0,93.238,94.181,0.9429999999999978,0.3089999999999975,1.0229999999999961,-0.31066666666666737,0.0,0.47699999999999676,0.5468720142775647,-0.31066666666666737,0,1,2022,Abu Dhabi Grand Prix,0.0,16,0.0
MAG,24,0 days 00:01:34.181000,HARD,24.0,True,0 days 01:39:36.725000,28.2,16,33.3,0 days 00:00:18.866000,0 days 00:00:39.973000,0 days 00:00:35.342000,1,94.181,5976.725,0.47299999999995634,True,False,False,24.0,0.0,0.0,18.866,39.973,35.342,0,0,0,0.0,94.075,0.47826718474100377,0.22163343708683833,0,0,94.261,94.728,0.46699999999999875,1.0229999999999961,-0.0799999999999983,-0.06066666666666739,0.0,0.4579999999999984,0.5386239875831758,-0.06066666666666739,0,1,2022,Abu Dhabi Grand Prix,0.0,16,0.0
MAG,25,0 days 00:01:34.728000,HARD,25.0,True,0 days 01:41:11.453000,28.2,18,32.9,0 days 00:00:18.877000,0 days 00:00:39.921000,0 days 00:00:35.930000,1,94.728,6071.453,0.4469999999992069,True,False,False,25.0,0.0,0.0,18.877,39.921,35.93,0,0,0,0.0,94.07719999999999,0.4788383860971102,1.3591224490260878,0,0,94.181,93.847,-0.3340000000000032,0.9429999999999978,0.546999999999997,-0.027333333333335947,0.0,1.0459999999999994,0.5114909578868426,-0.027333333333335947,0,1,2022,Abu Dhabi Grand Prix,0.0,16,0.0
MAG,26,0 days 00:01:33.847000,HARD,26.0,True,0 days 01:42:45.300000,28.2,18,33.0,0 days 00:00:18.872000,0 days 00:00:39.614000,0 days 00:00:35.361000,1,93.847,6165.3,12.68499999999949,True,False,False,26.0,0.0,0.0,18.872,39.614,35.361,0,0,0,0.0,94.13419999999999,0.5455801499322389,-0.5264121138492096,0,0,94.728,93.391,-1.336999999999989,1.4899999999999949,-0.8810000000000002,0.496666666666665,0.0,0.01899999999999835,0.47413363095228905,0.496666666666665,0,0,2022,Abu Dhabi Grand Prix,0.0,16,0.0
MAG,27,0 days 00:01:33.391000,HARD,27.0,True,0 days 01:44:18.691000,28.2,19,32.8,0 days 00:00:19.016000,0 days 00:00:39.856000,0 days 00:00:34.519000,1,93.391,6258.691,11.628000000000611,True,False,False,27.0,0.0,0.0,19.016,39.856,34.519,0,0,0,0.0,94.051,0.5527010946253703,-1.1941355036529377,0,0,93.847,93.106,-0.7409999999999997,0.6089999999999947,-0.45599999999998886,-0.13800000000000048,0.0,-0.8230000000000004,0.49511887461497656,-0.13800000000000048,0,0,2022,Abu Dhabi Grand Prix,0.0,16,0.0
MAG,30,0 days 00:01:33.106000,MEDIUM,2.0,True,0 days 01:49:20.192000,28.1,19,32.9,0 days 00:00:19.069000,0 days 00:00:39.278000,0 days 00:00:34.759000,1,93.106,6560.192,0.0,False,True,False,2.0,0.0,0.0,19.069,39.278,34.759,0,0,0,0.0,94.0816,0.4979616451094228,-1.9591870369566722,1,0,93.391,91.441,-1.9500000000000028,0.0,-0.2850000000000108,-0.2633333333333307,0.0,0.240000000000002,0.6949879855076633,-0.2633333333333307,0,0,2022,Abu Dhabi Grand Prix,0.0,16,0.0
MAG,31,0 days 00:01:31.441000,MEDIUM,3.0,True,0 days 01:50:51.633000,28.1,19,32.9,0 days 00:00:18.376000,0 days 00:00:38.904000,0 days 00:00:34.161000,1,91.441,6651.633,0.0,False,True,False,3.0,0.0,0.0,18.376,38.904,34.161,0,0,0,0.0,93.8506,0.6412232840439316,-3.757817378064691,1,1,93.106,91.487,-1.6189999999999998,0.0,-1.664999999999992,-0.5406666666666666,0.0,-0.357999999999997,0.6823580438450186,-0.5406666666666666,0,0,2022,Abu Dhabi Grand Prix,0.0,16,0.0
MAG,32,0 days 00:01:31.487000,MEDIUM,4.0,True,0 days 01:52:23.120000,28.1,19,32.9,0 days 00:00:18.452000,0 days 00:00:39.026000,0 days 00:00:34.009000,1,91.487,6743.12,0.0,False,True,False,4.0,0.0,0.0,18.452,39.026,34.009,0,0,0,0.0,93.30260000000001,1.2083208597057662,-1.5025810283885424,1,1,91.441,91.784,0.3430000000000035,0.0,0.04599999999999227,-0.8019999999999973,0.0,-0.15200000000000102,0.6990162372935267,-0.8019999999999973,0,0,2022,Abu Dhabi Grand Prix,0.0,16,0.0
MAG,33,0 days 00:01:31.784000,MEDIUM,5.0,True,0 days 01:53:54.904000,28.0,19,32.7,0 days 00:00:18.590000,0 days 00:00:39.072000,0 days 00:00:34.122000,1,91.784,6834.904,0.0,False,True,False,5.0,0.0,0.0,18.59,39.072,34.122,0,0,0,0.0,92.6544,1.118478788355006,-0.7781998273566935,0,1,91.487,91.971,0.48400000000000887,0.04599999999999227,0.29700000000001125,-0.6346666666666702,0.0,0.11299999999999955,0.40492678350536476,-0.6346666666666702,0,0,2022,Abu Dhabi Grand Prix,0.0,16,0.0
MAG,34,0 days 00:01:31.971000,MEDIUM,6.0,True,0 days 01:55:26.875000,28.0,19,32.7,0 days 00:00:18.797000,0 days 00:00:39.136000,0 days 00:00:34.038000,1,91.971,6926.875,0.0,False,True,False,6.0,0.0,0.0,18.797,39.136,34.038,0,0,0,0.0,92.2418,0.9338210213954694,-0.2899913300252335,0,0,91.784,92.687,0.9029999999999916,0.3430000000000035,0.1869999999999976,-0.4406666666666628,0.0,0.028999999999996362,0.42038256386296596,-0.4406666666666628,0,0,2022,Abu Dhabi Grand Prix,0.0,16,0.0
MAG,35,0 days 00:01:32.687000,MEDIUM,7.0,True,0 days 01:56:59.562000,28.0,19,32.6,0 days 00:00:18.512000,0 days 00:00:39.584000,0 days 00:00:34.591000,1,92.687,7019.562,0.0,False,True,False,7.0,0.0,0.0,18.512,39.584,34.591,0,0,0,0.0,91.95779999999999,0.677768175706172,1.0758840944991945,0,0,91.971,91.657,-0.31400000000000716,0.5300000000000011,0.715999999999994,0.17666666666666705,0.0,0.5820000000000007,0.23409463898175908,0.17666666666666705,0,0,2022,Abu Dhabi Grand Prix,0.0,16,0.0
MAG,36,0 days 00:01:31.657000,MEDIUM,8.0,True,0 days 01:58:31.219000,28.0,19,32.6,0 days 00:00:18.548000,0 days 00:00:39.081000,0 days 00:00:34.028000,1,91.657,7111.219,0.0,False,True,False,8.0,0.0,0.0,18.548,39.081,34.028,0,0,0,0.0,91.874,0.5039186442274913,-0.4306250671329305,0,0,92.687,91.811,-0.8759999999999906,1.2459999999999951,-1.0300000000000011,0.40000000000000097,0.0,-0.00999999999999801,0.351583133838926,0.40000000000000097,0,0,2022,Abu Dhabi Grand Prix,0.0,16,0.0
MAG,37,0 days 00:01:31.811000,MEDIUM,9.0,True,0 days 02:00:03.030000,28.0,19,32.6,0 days 00:00:18.776000,0 days 00:00:39.095000,0 days 00:00:33.940000,1,91.811,7203.03,0.0,False,True,False,9.0,0.0,0.0,18.776,39.095,33.94,0,0,0,0.0,91.9172,0.4652968944663982,-0.22824136860353855,0,0,91.657,94.176,2.5190000000000055,0.1700000000000017,0.15400000000001057,-0.04233333333333652,0.0,-0.08800000000000097,0.27944999552692923,-0.04233333333333652,0,0,2022,Abu Dhabi Grand Prix,0.0,16,0.0
MAG,38,0 days 00:01:34.176000,MEDIUM,10.0,True,0 days 02:01:37.206000,28.0,18,32.6,0 days 00:00:18.739000,0 days 00:00:41.213000,0 days 00:00:34.224000,12,94.176,7297.206,0.0,False,True,False,10.0,0.0,0.0,18.739,41.213,34.224,0,0,1,0.0,91.982,0.4096388653436994,5.355937108553335,0,0,91.811,91.32,-0.49100000000001387,0.15400000000001057,2.364999999999995,-0.0533333333333322,0.0,0.2839999999999989,0.265425507440413,-0.0533333333333322,0,0,2022,Abu Dhabi Grand Prix,0.0,16,0.0
MAG,39,0 days 00:01:31.320000,MEDIUM,11.0,True,0 days 02:03:08.526000,28.0,18,32.7,0 days 00:00:18.593000,0 days 00:00:39.059000,0 days 00:00:33.668000,1,91.32,7388.526,0.0,False,True,False,11.0,0.0,0.0,18.593,39.059,33.668,0,0,0,0.0,92.4604,1.0369806169837905,-1.099731259507081,0,0,94.176,91.158,-3.0180000000000007,2.5190000000000055,-2.8560000000000088,0.4963333333333348,0.0,-0.27199999999999847,0.2743279059811464,0.4963333333333348,0,0,2022,Abu Dhabi Grand Prix,0.0,16,0.0
MAG,40,0 days 00:01:31.158000,MEDIUM,12.0,True,0 days 02:04:39.684000,28.0,18,32.4,0 days 00:00:18.533000,0 days 00:00:39.024000,0 days 00:00:33.601000,1,91.158,7479.684,38.29699999999957,False,True,False,12.0,0.0,0.0,18.533,39.024,33.601,0,0,0,0.0,92.3302,1.1486464643222842,-1.020505470054806,0,0,91.32,91.563,0.2430000000000092,0.0,-0.16199999999999193,-0.11233333333333444,0.0,-0.06700000000000017,0.33615651116704587,-0.11233333333333444,0,0,2022,Abu Dhabi Grand Prix,0.0,16,0.0
MAG,41,0 days 00:01:31.563000,MEDIUM,13.0,True,0 days 02:06:11.247000,28.0,18,32.4,0 days 00:00:18.531000,0 days 00:00:39.172000,0 days 00:00:33.860000,1,91.563,7571.247,37.15599999999995,False,True,False,13.0,0.0,0.0,18.531,39.172,33.86,0,0,0,0.0,92.0244,1.230521556089155,-0.374962955924494,0,0,91.158,91.217,0.0589999999999975,0.0,0.40500000000000114,-0.2176666666666686,0.0,0.25900000000000034,0.20142690982090786,-0.2176666666666686,0,0,2022,Abu Dhabi Grand Prix,0.0,16,0.0
MAG,42,0 days 00:01:31.217000,MEDIUM,14.0,True,0 days 02:07:42.464000,28.0,18,32.4,0 days 00:00:18.499000,0 days 00:00:39.274000,0 days 00:00:33.444000,1,91.217,7662.464,36.8119999999999,False,True,False,14.0,0.0,0.0,18.499,39.274,33.444,0,0,0,0.0,92.0056,1.2382319249640084,-0.6368758421593149,0,0,91.563,91.866,0.30299999999999727,0.40500000000000114,-0.34600000000000364,-0.8709999999999999,0.0,-0.15699999999999648,0.24044895508194702,-0.8709999999999999,0,0,2022,Abu Dhabi Grand Prix,0.0,16,0.0
MAG,43,0 days 00:01:31.866000,MEDIUM,15.0,True,0 days 02:09:14.330000,28.0,18,32.4,0 days 00:00:18.491000,0 days 00:00:39.167000,0 days 00:00:34.208000,1,91.866,7754.33,35.48499999999967,False,True,False,15.0,0.0,0.0,18.491,39.167,34.208,0,0,0,0.0,91.8868,1.2890235451690046,-0.016136245205099847,0,0,91.217,93.317,2.0999999999999943,0.0589999999999975,0.6490000000000009,-0.034333333333331474,0.0,0.7639999999999958,0.2502085130446201,-0.034333333333331474,0,0,2022,Abu Dhabi Grand Prix,0.0,16,0.0
MAG,44,0 days 00:01:33.317000,MEDIUM,16.0,True,0 days 02:10:47.647000,28.0,18,32.3,0 days 00:00:20.348000,0 days 00:00:39.129000,0 days 00:00:33.840000,1,93.317,7847.647,32.78200000000015,False,True,False,16.0,0.0,0.0,20.348,39.129,33.84,0,0,0,0.0,91.4248,0.29116266931055007,6.4987726774196934,0,0,91.866,91.499,-0.36700000000000443,0.7079999999999984,1.4509999999999934,0.23599999999999946,0.0,0.3960000000000008,0.4178376478968815,0.23599999999999946,0,0,2022,Abu Dhabi Grand Prix,0.0,16,0.0
MAG,45,0 days 00:01:31.499000,MEDIUM,17.0,True,0 days 02:12:19.146000,28.0,18,32.1,0 days 00:00:18.366000,0 days 00:00:39.087000,0 days 00:00:34.046000,1,91.499,7939.146,31.592000000000553,False,True,False,17.0,0.0,0.0,18.366,39.087,34.046,0,0,0,0.0,91.82419999999999,0.8818926805456807,-0.3687523518153867,0,0,93.317,91.443,-1.8739999999999952,2.158999999999992,-1.8179999999999978,0.5846666666666636,0.0,0.6019999999999968,0.3711893048028172,0.5846666666666636,0,0,2022,Abu Dhabi Grand Prix,0.0,16,0.0
MAG,46,0 days 00:01:31.443000,MEDIUM,18.0,True,0 days 02:13:50.589000,28.0,18,32.0,0 days 00:00:18.489000,0 days 00:00:39.338000,0 days 00:00:33.616000,1,91.443,8030.589,32.96399999999994,False,True,False,18.0,0.0,0.0,18.489,39.338,33.616,0,0,0,0.0,91.8924,0.8290981847767184,-0.5420347170595042,0,0,91.499,91.644,0.14500000000001023,0.2819999999999965,-0.055999999999997385,0.09399999999999882,0.0,-0.22400000000000375,0.3534638595387063,0.09399999999999882,0,0,2022,Abu Dhabi Grand Prix,0.0,16,0.0
MAG,47,0 days 00:01:31.644000,MEDIUM,19.0,True,0 days 02:15:22.233000,28.0,18,32.1,0 days 00:00:18.461000,0 days 00:00:39.501000,0 days 00:00:33.682000,1,91.644,8122.233,31.896999999999935,False,True,False,19.0,0.0,0.0,18.461,39.501,33.682,0,0,0,0.0,91.8684,0.8426433409219171,-0.26630483990353215,0,0,91.443,91.501,0.058000000000006935,0.2259999999999991,0.20100000000000762,-0.1410000000000006,0.0,0.0660000000000025,0.44618068089059965,-0.1410000000000006,0,0,2022,Abu Dhabi Grand Prix,0.0,16,0.0
MAG,48,0 days 00:01:31.501000,MEDIUM,20.0,True,0 days 02:16:53.734000,28.0,18,31.9,0 days 00:00:18.412000,0 days 00:00:39.388000,0 days 00:00:33.701000,1,91.501,8213.734,31.584999999999127,False,True,False,20.0,0.0,0.0,18.412,39.388,33.701,0,0,0,0.0,91.9538,0.7793841799780452,-0.5809715049807034,0,0,91.644,92.595,0.9509999999999934,0.20100000000000762,-0.14300000000000068,-0.5576666666666625,0.0,0.08500000000000085,0.4009004864052921,-0.5576666666666625,0,0,2022,Abu Dhabi Grand Prix,0.0,16,0.0
MAG,49,0 days 00:01:32.595000,MEDIUM,21.0,True,0 days 02:18:26.329000,28.0,18,31.9,0 days 00:00:18.456000,0 days 00:00:39.776000,0 days 00:00:34.363000,1,92.595,8306.329,32.740999999999985,False,True,False,21.0,0.0,0.0,18.456,39.776,34.363,0,0,0,0.0,91.8808,0.8062928748290228,0.8857823531572865,0,0,91.501,91.533,0.031999999999996476,0.058000000000006935,1.093999999999994,0.0006666666666698499,0.0,0.7469999999999999,0.3200984223641229,0.0006666666666698499,0,0,2022,Abu Dhabi Grand Prix,0.0,16,0.0
MAG,50,0 days 00:01:31.533000,MEDIUM,22.0,True,0 days 02:19:57.862000,28.0,18,32.0,0 days 00:00:18.413000,0 days 00:00:39.279000,0 days 00:00:33.841000,1,91.533,8397.862,32.806000000000495,False,True,False,22.0,0.0,0.0,18.413,39.279,33.841,0,0,0,0.0,91.7364,0.4856920835262394,-0.41878384865421303,0,0,92.595,92.528,-0.06699999999999307,1.152000000000001,-1.0619999999999976,0.38400000000000034,0.0,0.15899999999999892,0.40513417530492346,0.38400000000000034,0,0,2022,Abu Dhabi Grand Prix,0.0,16,0.0
MAG,51,0 days 00:01:32.528000,MEDIUM,23.0,True,0 days 02:21:30.390000,27.9,18,32.0,0 days 00:00:18.486000,0 days 00:00:39.605000,0 days 00:00:34.437000,1,92.528,8490.39,32.52800000000025,False,True,False,23.0,0.0,0.0,18.486,39.605,34.437,0,0,0,0.0,91.7432,0.481759483560063,1.6290286476574567,0,0,91.533,92.351,0.8179999999999978,0.09000000000000341,0.9950000000000045,-0.0370000000000014,0.0,0.7359999999999971,0.35576298289732305,-0.0370000000000014,0,0,2022,Abu Dhabi Grand Prix,0.0,16,0.0
MAG,52,0 days 00:01:32.351000,MEDIUM,24.0,True,0 days 02:23:02.741000,27.9,18,31.9,0 days 00:00:18.629000,0 days 00:00:39.540000,0 days 00:00:34.182000,1,92.351,8582.741,32.38999999999942,False,True,False,24.0,0.0,0.0,18.629,39.54,34.182,0,0,0,0.0,91.96020000000001,0.5519770828576659,0.7080004082357113,0,0,92.528,92.669,0.14099999999999113,1.027000000000001,-0.1770000000000067,0.34233333333333366,0.0,0.3410000000000011,0.35128236505694316,0.34233333333333366,0,0,2022,Abu Dhabi Grand Prix,0.0,16,0.0
MAG,53,0 days 00:01:32.669000,MEDIUM,25.0,True,0 days 02:24:35.410000,27.9,18,31.9,0 days 00:00:18.925000,0 days 00:00:39.599000,0 days 00:00:34.145000,1,92.669,8675.41,32.4940000000006,False,True,False,25.0,0.0,0.0,18.925,39.599,34.145,0,0,0,0.0,92.1016,0.5411763113811068,1.0484568301815749,0,0,92.351,93.057,0.7060000000000031,0.8499999999999943,0.31799999999999784,-0.08133333333333326,0.0,0.30400000000000205,0.3135152308899839,-0.08133333333333326,0,0,2022,Abu Dhabi Grand Prix,0.0,16,0.0
MAG,54,0 days 00:01:33.057000,MEDIUM,26.0,True,0 days 02:26:08.467000,27.9,18,31.9,0 days 00:00:18.792000,0 days 00:00:39.736000,0 days 00:00:34.529000,1,93.057,8768.467,35.847999999999956,False,True,False,26.0,0.0,0.0,18.792,39.736,34.529,0,0,0,0.0,92.33520000000001,0.4636444758649325,1.5567962902037469,0,0,92.669,92.549,-0.11999999999999034,1.1359999999999957,0.38800000000000523,0.3786666666666652,0.0,0.38400000000000034,0.2681460422978493,0.3786666666666652,0,0,2022,Abu Dhabi Grand Prix,0.0,16,0.0
MAG,55,0 days 00:01:32.549000,MEDIUM,27.0,True,0 days 02:27:41.016000,27.9,18,31.9,0 days 00:00:18.645000,0 days 00:00:39.682000,0 days 00:00:34.222000,1,92.549,8861.016,0.0,False,True,False,27.0,0.0,0.0,18.645,39.682,34.222,0,0,0,0.0,92.42760000000001,0.563621149354842,0.21539291089228402,0,0,93.057,92.782,-0.2750000000000057,1.524000000000001,-0.5079999999999956,0.17633333333333212,0.0,0.07699999999999818,0.21376084767795983,0.17633333333333212,0,0,2022,Abu Dhabi Grand Prix,0.0,16,0.0
MAG,56,0 days 00:01:32.782000,MEDIUM,28.0,True,0 days 02:29:13.798000,27.9,17,32.0,0 days 00:00:18.784000,0 days 00:00:39.905000,0 days 00:00:34.093000,1,92.782,8953.798,0.0,False,True,False,28.0,0.0,0.0,18.784,39.905,34.093,0,0,0,0.0,92.6308,0.26393787147751696,0.5728620874056058,0,0,92.549,93.239,0.6899999999999977,0.1980000000000075,0.23299999999998988,0.0660000000000025,0.0,-0.0519999999999996,0.23726841340557764,0.0660000000000025,0,0,2022,Abu Dhabi Grand Prix,0.0,16,0.0
MSC,2,0 days 00:01:33.725000,MEDIUM,2.0,True,0 days 01:05:23.843000,28.7,14,34.9,0 days 00:00:18.895000,0 days 00:00:40.180000,0 days 00:00:34.650000,1,93.725,3923.843,0.5219999999999345,False,True,False,2.0,0.0,0.0,18.895,40.18,34.65,0,0,0,0.0,92.85920000000002,0.2836074752189985,3.052810929371371,0,0,93.725,92.196,-1.5289999999999964,1.1759999999999877,0.0,0.06066666666666739,0.0,0.556999999999995,0.32850677314174104,0.0,0,1,2022,Abu Dhabi Grand Prix,0.0,16,0.0
MSC,3,0 days 00:01:32.196000,MEDIUM,3.0,True,0 days 01:06:56.039000,28.7,14,34.3,0 days 00:00:18.873000,0 days 00:00:39.065000,0 days 00:00:34.258000,1,92.196,4016.039,0.7619999999997162,False,True,False,3.0,0.0,0.0,18.873,39.065,34.258,0,0,0,0.0,,,0.0,0,0,93.725,94.204,0.4789999999999992,0.0,-1.5289999999999964,0.0,0.0,0.0,0.0,0.0,0,1,2022,Abu Dhabi Grand Prix,0.0,16,0.0
MSC,4,0 days 00:01:34.204000,MEDIUM,4.0,True,0 days 01:08:30.243000,28.7,15,34.0,0 days 00:00:18.966000,0 days 00:00:39.741000,0 days 00:00:35.497000,1,94.204,4110.243,0.6099999999996726,False,True,False,4.0,0.0,0.0,18.966,39.741,35.497,0,0,0,0.0,,,0.0,0,0,92.196,93.757,1.561000000000007,0.0,2.0079999999999956,-0.7644999999999982,0.0,1.2389999999999972,0.0,0.0,0,1,2022,Abu Dhabi Grand Prix,0.0,16,0.0
MSC,5,0 days 00:01:33.757000,MEDIUM,5.0,True,0 days 01:10:04,28.5,16,34.0,0 days 00:00:19,0 days 00:00:39.352000,0 days 00:00:35.405000,1,93.757,4204.0,0.6049999999995634,False,True,False,5.0,0.0,0.0,19.0,39.352,35.405,0,0,0,0.0,93.375,1.0487568831716874,0.3642407560127255,0,0,94.204,92.836,-1.367999999999995,2.0079999999999956,-0.4469999999999885,0.1596666666666664,0.0,1.1469999999999985,0.620550024843551,0.2394999999999996,0,1,2022,Abu Dhabi Grand Prix,0.0,16,0.0
MSC,6,0 days 00:01:32.836000,MEDIUM,6.0,True,0 days 01:11:36.836000,28.6,16,34.2,0 days 00:00:19.108000,0 days 00:00:39.643000,0 days 00:00:34.085000,1,92.836,4296.836,1.074999999999818,False,True,False,6.0,0.0,0.0,19.108,39.643,34.085,0,0,0,0.0,93.4705,0.8773492273129683,-0.7232011840293827,0,0,93.757,92.045,-1.7120000000000033,1.561000000000007,-0.9210000000000065,0.01066666666667023,0.0,-0.17300000000000182,0.5760980096013749,0.01066666666667023,0,0,2022,Abu Dhabi Grand Prix,0.0,16,0.0
MSC,7,0 days 00:01:32.045000,MEDIUM,7.0,True,0 days 01:13:08.881000,28.5,16,34.0,0 days 00:00:18.632000,0 days 00:00:39.377000,0 days 00:00:34.036000,1,92.045,4388.881,1.4470000000001164,False,True,False,7.0,0.0,0.0,18.632,39.377,34.036,0,0,0,0.0,93.3436,0.8110636843059839,-1.6011073176222748,1,0,92.836,92.389,-0.44700000000000273,0.6400000000000006,-0.7909999999999968,0.2133333333333335,0.0,-0.04899999999999949,0.6434920356927499,0.2133333333333335,0,0,2022,Abu Dhabi Grand Prix,0.0,16,0.0
MSC,8,0 days 00:01:32.389000,MEDIUM,8.0,True,0 days 01:14:41.270000,28.5,16,34.1,0 days 00:00:18.787000,0 days 00:00:39.468000,0 days 00:00:34.134000,1,92.389,4481.27,1.5949999999993452,False,True,False,8.0,0.0,0.0,18.787,39.468,34.134,0,0,0,0.0,93.0076,0.9496990575966656,-0.6513642348613536,0,1,92.045,92.453,0.40800000000000125,0.0,0.3439999999999941,-0.7196666666666639,0.0,0.09799999999999898,0.6975816798053105,-0.7196666666666639,0,0,2022,Abu Dhabi Grand Prix,0.0,16,0.0
MSC,9,0 days 00:01:32.453000,MEDIUM,9.0,True,0 days 01:16:13.723000,28.5,16,34.0,0 days 00:00:18.714000,0 days 00:00:39.442000,0 days 00:00:34.297000,1,92.453,4573.723,1.8519999999998618,False,True,False,9.0,0.0,0.0,18.714,39.442,34.297,0,0,0,0.0,93.0462,0.9116242098584242,-0.6507067205818506,0,0,92.389,92.732,0.3430000000000035,0.3439999999999941,0.06400000000000716,-0.45600000000000307,0.0,0.2609999999999957,0.683618168278169,-0.45600000000000307,0,0,2022,Abu Dhabi Grand Prix,0.0,16,0.0
MSC,10,0 days 00:01:32.732000,MEDIUM,10.0,True,0 days 01:17:46.455000,28.5,16,34.0,0 days 00:00:18.754000,0 days 00:00:39.849000,0 days 00:00:34.129000,1,92.732,4666.455,1.86200000000008,False,True,False,10.0,0.0,0.0,18.754,39.849,34.129,0,0,0,0.0,92.696,0.6562049984570358,0.05486090487675311,0,0,92.453,93.014,0.5609999999999928,0.40800000000000125,0.27899999999999636,-0.12766666666666518,0.0,0.09299999999999642,0.5234340455109886,-0.12766666666666518,0,0,2022,Abu Dhabi Grand Prix,0.0,16,0.0
MSC,11,0 days 00:01:33.014000,MEDIUM,11.0,True,0 days 01:19:19.469000,28.5,16,33.9,0 days 00:00:18.966000,0 days 00:00:39.554000,0 days 00:00:34.494000,1,93.014,4759.469,1.8100000000004002,False,True,False,11.0,0.0,0.0,18.966,39.554,34.494,0,0,0,0.0,92.491,0.31139605007127735,1.6795331857301448,0,0,92.732,92.787,0.05500000000000682,0.6869999999999976,0.2819999999999965,0.2289999999999992,0.0,0.365000000000002,0.16441107018689347,0.2289999999999992,0,0,2022,Abu Dhabi Grand Prix,0.0,16,0.0
MSC,12,0 days 00:01:32.787000,MEDIUM,12.0,True,0 days 01:20:52.256000,28.5,15,33.9,0 days 00:00:18.891000,0 days 00:00:39.680000,0 days 00:00:34.216000,1,92.787,4852.256,2.1419999999998254,False,True,False,12.0,0.0,0.0,18.891,39.68,34.216,0,0,0,0.0,92.5266,0.36607280696603745,0.7113339069300575,0,0,93.014,92.669,-0.34499999999999886,0.9689999999999941,-0.22699999999998965,0.20833333333333334,0.0,0.0870000000000033,0.16127244029901722,0.20833333333333334,0,0,2022,Abu Dhabi Grand Prix,0.0,16,0.0
MSC,13,0 days 00:01:32.669000,MEDIUM,13.0,True,0 days 01:22:24.925000,28.4,15,33.9,0 days 00:00:18.667000,0 days 00:00:39.671000,0 days 00:00:34.331000,1,92.669,4944.925,2.8530000000000655,False,True,False,13.0,0.0,0.0,18.667,39.671,34.331,0,0,0,0.0,92.675,0.2558290444808755,-0.02345316190417448,0,0,92.787,91.364,-1.4230000000000018,0.39800000000001035,-0.11800000000000921,0.1113333333333344,0.0,0.2020000000000053,0.1262188575451389,0.1113333333333344,0,0,2022,Abu Dhabi Grand Prix,0.0,16,0.0
MSC,16,0 days 00:01:31.364000,HARD,2.0,True,0 days 01:27:23.719000,28.4,18,33.4,0 days 00:00:18.604000,0 days 00:00:39.290000,0 days 00:00:33.470000,1,91.364,5243.719,2.9549999999999272,True,False,False,2.0,0.0,0.0,18.604,39.29,33.47,0,0,0,0.0,92.731,0.20270298468448236,-6.7438572852185485,1,0,92.669,91.143,-1.5259999999999962,0.21599999999999397,-1.3049999999999926,-0.021000000000000796,0.0,-0.7460000000000022,0.11742572120280996,-0.021000000000000796,0,0,2022,Abu Dhabi Grand Prix,0.0,16,0.0
MSC,17,0 days 00:01:31.143000,HARD,3.0,True,0 days 01:28:54.862000,28.4,18,33.3,0 days 00:00:18.407000,0 days 00:00:39.253000,0 days 00:00:33.483000,1,91.143,5334.862,2.8299999999999272,True,False,False,3.0,0.0,0.0,18.407,39.253,33.483,0,0,0,0.0,92.51320000000001,0.6554721199257789,-2.09040164844107,1,1,91.364,91.532,0.16799999999999216,0.0,-0.22100000000000364,-0.5499999999999972,0.0,0.012999999999998124,0.43207719217751095,-0.5499999999999972,0,0,2022,Abu Dhabi Grand Prix,0.0,16,0.0
MSC,18,0 days 00:01:31.532000,HARD,4.0,True,0 days 01:30:26.394000,28.3,18,33.3,0 days 00:00:18.486000,0 days 00:00:39.251000,0 days 00:00:33.795000,1,91.532,5426.394,2.524999999999636,True,False,False,4.0,0.0,0.0,18.486,39.251,33.795,0,0,0,0.0,92.19539999999999,0.8722335123119248,-0.7605761423240904,0,1,91.143,91.331,0.1880000000000024,0.0,0.3889999999999958,-0.5480000000000018,0.0,0.32500000000000284,0.4292536546146135,-0.5480000000000018,0,0,2022,Abu Dhabi Grand Prix,0.0,16,0.0
MSC,19,0 days 00:01:31.331000,HARD,5.0,True,0 days 01:31:57.725000,28.3,18,33.2,0 days 00:00:18.456000,0 days 00:00:39.098000,0 days 00:00:33.777000,1,91.331,5517.725,2.493999999999687,True,False,False,5.0,0.0,0.0,18.456,39.098,33.777,0,0,0,0.0,91.899,0.7703723125865848,-0.7373058334520016,0,0,91.532,91.382,-0.14999999999999147,0.3889999999999958,-0.2009999999999934,-0.37900000000000017,0.0,0.30700000000000216,0.42066934758786745,-0.37900000000000017,0,0,2022,Abu Dhabi Grand Prix,0.0,16,0.0
MSC,20,0 days 00:01:31.382000,HARD,6.0,True,0 days 01:33:29.107000,28.3,17,33.1,0 days 00:00:18.492000,0 days 00:00:39.125000,0 days 00:00:33.765000,1,91.382,5609.107,3.293999999999869,True,False,False,6.0,0.0,0.0,18.492,39.125,33.765,0,0,0,0.0,91.6078,0.6090949843825649,-0.3707139375460204,0,0,91.331,91.689,0.3579999999999899,0.1880000000000024,0.05100000000000193,-0.011000000000000417,0.0,0.2820000000000036,0.4459043619432334,-0.011000000000000417,0,0,2022,Abu Dhabi Grand Prix,0.0,16,0.0
MSC,21,0 days 00:01:31.689000,HARD,7.0,True,0 days 01:35:00.796000,28.2,17,33.0,0 days 00:00:18.626000,0 days 00:00:39.227000,0 days 00:00:33.836000,1,91.689,5700.796,1.8170000000000073,True,False,False,7.0,0.0,0.0,18.626,39.227,33.836,0,0,0,0.0,91.35040000000001,0.13924187588508838,2.4317397180099793,0,0,91.382,91.822,0.4399999999999977,0.23900000000000432,0.30699999999998795,0.0796666666666681,0.0,0.07099999999999795,0.4553929072789804,0.0796666666666681,0,0,2022,Abu Dhabi Grand Prix,0.0,16,0.0
MSC,22,0 days 00:01:31.822000,HARD,8.0,True,0 days 01:36:32.618000,28.2,17,33.0,0 days 00:00:18.565000,0 days 00:00:39.412000,0 days 00:00:33.845000,1,91.822,5792.618,1.0999999999994543,True,False,False,8.0,0.0,0.0,18.565,39.412,33.845,0,0,0,0.0,91.4154,0.20669615381036066,1.967138684027204,0,0,91.689,92.847,1.1580000000000013,0.5459999999999923,0.13300000000000978,0.052333333333332156,0.0,0.0799999999999983,0.14612255130540514,0.052333333333332156,0,0,2022,Abu Dhabi Grand Prix,0.0,16,0.0
MSC,23,0 days 00:01:32.847000,HARD,9.0,True,0 days 01:38:05.465000,28.2,18,32.9,0 days 00:00:18.603000,0 days 00:00:39.396000,0 days 00:00:34.848000,1,92.847,5885.465,1.3109999999996944,True,False,False,9.0,0.0,0.0,18.603,39.396,34.848,0,0,0,0.0,91.5512,0.20603810327217326,6.2891279788586845,0,0,91.822,92.166,0.3439999999999941,0.49099999999999966,1.0249999999999915,0.16366666666666654,0.0,1.0829999999999984,0.12648517699715112,0.16366666666666654,0,0,2022,Abu Dhabi Grand Prix,0.0,16,0.0
MSC,24,0 days 00:01:32.166000,HARD,10.0,True,0 days 01:39:37.631000,28.2,18,33.3,0 days 00:00:18.658000,0 days 00:00:38.816000,0 days 00:00:34.692000,1,92.166,5977.631,1.0,True,False,False,10.0,0.0,0.0,18.658,38.816,34.692,0,0,0,0.0,91.8142,0.6129214468428917,0.5739724100243029,0,0,92.847,92.238,-0.6089999999999947,1.5159999999999911,-0.6809999999999974,0.48833333333332973,0.0,0.8560000000000016,0.4163643836833306,0.48833333333332973,0,1,2022,Abu Dhabi Grand Prix,0.0,16,0.0
MSC,25,0 days 00:01:32.238000,HARD,11.0,True,0 days 01:41:09.869000,28.2,17,32.9,0 days 00:00:18.806000,0 days 00:00:39.099000,0 days 00:00:34.333000,1,92.238,6069.869,1.5840000000007421,True,False,False,11.0,0.0,0.0,18.806,39.099,34.333,0,0,0,0.0,91.9812,0.5598050553540747,0.45873111995670224,0,0,92.166,91.783,-0.38299999999999557,0.7839999999999918,0.07200000000000273,0.15900000000000128,0.0,0.48799999999999955,0.46672079447995485,0.15900000000000128,0,0,2022,Abu Dhabi Grand Prix,0.0,16,0.0
MSC,26,0 days 00:01:31.783000,HARD,12.0,True,0 days 01:42:41.652000,28.2,16,33.0,0 days 00:00:18.545000,0 days 00:00:39.431000,0 days 00:00:33.807000,1,91.783,6161.652,2.7899999999999636,True,False,False,12.0,0.0,0.0,18.545,39.431,33.807,0,0,0,0.0,92.1524,0.4510779311826001,-0.8189272284537074,0,0,92.238,91.596,-0.6419999999999959,0.5490000000000066,-0.4549999999999983,0.1386666666666656,0.0,-0.5259999999999962,0.45442084019111695,0.1386666666666656,0,0,2022,Abu Dhabi Grand Prix,0.0,16,0.0
MSC,27,0 days 00:01:31.596000,HARD,13.0,True,0 days 01:44:13.248000,28.2,16,32.8,0 days 00:00:18.498000,0 days 00:00:39.216000,0 days 00:00:33.882000,1,91.596,6253.248,2.9060000000008586,True,False,False,13.0,0.0,0.0,18.498,39.216,33.882,0,0,0,0.0,92.1712,0.42832079099662146,-1.3429187004011962,0,0,91.783,91.449,-0.3340000000000032,0.0,-0.1869999999999976,-0.3546666666666643,0.0,0.07499999999999574,0.6406974324905621,-0.3546666666666643,0,0,2022,Abu Dhabi Grand Prix,0.0,16,0.0
MSC,28,0 days 00:01:31.449000,HARD,14.0,True,0 days 01:45:44.697000,28.1,14,32.5,0 days 00:00:18.690000,0 days 00:00:38.868000,0 days 00:00:33.891000,1,91.449,6344.697,1.337999999999738,True,False,False,14.0,0.0,0.0,18.69,38.868,33.891,0,0,0,0.0,92.126,0.4828390000817776,-1.4021236890254192,0,0,91.596,91.762,0.16599999999999682,0.0,-0.14700000000000557,-0.18999999999999773,0.0,0.08399999999999608,0.6413179398707001,-0.18999999999999773,0,0,2022,Abu Dhabi Grand Prix,0.0,16,0.0
MSC,29,0 days 00:01:31.762000,HARD,15.0,True,0 days 01:47:16.459000,28.1,14,32.8,0 days 00:00:18.682000,0 days 00:00:39.391000,0 days 00:00:33.689000,1,91.762,6436.459,2.6149999999997817,True,False,False,15.0,0.0,0.0,18.682,39.391,33.689,0,0,0,0.0,91.8464,0.3464611089285147,-0.24360598585227208,0,0,91.449,91.472,0.022999999999996135,0.0,0.3130000000000024,-0.2630000000000005,0.0,-0.1180000000000021,0.5170423580326855,-0.2630000000000005,0,0,2022,Abu Dhabi Grand Prix,0.0,16,0.0
MSC,30,0 days 00:01:31.472000,HARD,16.0,True,0 days 01:48:47.931000,28.1,14,32.8,0 days 00:00:18.526000,0 days 00:00:39.267000,0 days 00:00:33.679000,1,91.472,6527.931,3.1510000000007494,True,False,False,16.0,0.0,0.0,18.526,39.267,33.679,0,0,0,0.0,91.7656,0.29684895148876245,-0.989055203084073,0,0,91.762,91.521,-0.24099999999999966,0.3130000000000024,-0.29000000000000625,-0.0070000000000002656,0.0,-0.00999999999999801,0.3679073252872234,-0.0070000000000002656,0,0,2022,Abu Dhabi Grand Prix,0.0,16,0.0
MSC,31,0 days 00:01:31.521000,HARD,17.0,True,0 days 01:50:19.452000,28.1,14,32.9,0 days 00:00:18.552000,0 days 00:00:39.174000,0 days 00:00:33.795000,1,91.521,6619.452,2.66399999999976,True,False,False,17.0,0.0,0.0,18.552,39.174,33.795,0,0,0,0.0,91.61240000000001,0.15665663088417517,-0.5834416295316875,0,0,91.472,92.07,0.597999999999999,0.022999999999996135,0.049000000000006594,-0.041333333333336476,0.0,0.11599999999999966,0.2521785082040075,-0.041333333333336476,0,0,2022,Abu Dhabi Grand Prix,0.0,16,0.0
MSC,32,0 days 00:01:32.070000,HARD,18.0,True,0 days 01:51:51.522000,28.1,14,32.9,0 days 00:00:18.546000,0 days 00:00:39.655000,0 days 00:00:33.869000,1,92.07,6711.522,1.9570000000003347,True,False,False,18.0,0.0,0.0,18.546,39.655,33.869,0,0,0,0.0,91.56,0.1261804263742277,4.041831325624354,0,0,91.521,92.046,0.5250000000000057,0.07200000000000273,0.5489999999999924,0.02400000000000091,0.0,0.18999999999999773,0.09465622008088005,0.02400000000000091,0,0,2022,Abu Dhabi Grand Prix,0.0,16,0.0
MSC,33,0 days 00:01:32.046000,HARD,19.0,True,0 days 01:53:23.568000,28.1,14,32.8,0 days 00:00:18.663000,0 days 00:00:39.480000,0 days 00:00:33.903000,1,92.046,6803.568,1.3389999999999418,True,False,False,19.0,0.0,0.0,18.663,39.48,33.903,0,0,0,0.0,91.6548,0.26341734946654094,1.4850958025059844,0,0,92.07,91.088,-0.9819999999999993,0.6209999999999951,-0.0239999999999867,0.10266666666666424,0.0,0.22399999999999665,0.1192761501726141,0.10266666666666424,0,0,2022,Abu Dhabi Grand Prix,0.0,16,0.0
MSC,36,0 days 00:01:31.088000,MEDIUM,2.0,True,0 days 01:58:21.912000,28.0,17,32.6,0 days 00:00:18.517000,0 days 00:00:39.194000,0 days 00:00:33.377000,1,91.088,7101.912,3.701000000000022,False,True,False,2.0,0.0,0.0,18.517,39.194,33.377,0,0,0,0.0,91.7742,0.28149458254107834,-2.43770233091382,1,0,92.046,90.952,-1.0940000000000083,0.5740000000000123,-0.9580000000000126,0.19133333333333744,0.0,-0.41799999999999926,0.1426842668271448,0.19133333333333744,0,0,2022,Abu Dhabi Grand Prix,0.0,16,0.0
MSC,37,0 days 00:01:30.952000,MEDIUM,3.0,True,0 days 01:59:52.864000,28.0,17,32.5,0 days 00:00:18.401000,0 days 00:00:38.873000,0 days 00:00:33.678000,1,90.952,7192.864,3.9370000000008076,False,True,False,3.0,0.0,0.0,18.401,38.873,33.678,0,0,0,0.0,91.6394,0.41737968326211167,-1.6469416877876972,1,1,91.088,97.111,6.02300000000001,0.0,-0.13599999999999568,-0.14433333333333564,0.0,0.3009999999999948,0.26099578540658347,-0.14433333333333564,0,0,2022,Abu Dhabi Grand Prix,0.0,16,0.0
MSC,38,0 days 00:01:37.111000,MEDIUM,4.0,True,0 days 02:01:29.975000,28.0,17,32.6,0 days 00:00:18.594000,0 days 00:00:44.600000,0 days 00:00:33.917000,12,97.111,7289.975,7.230999999999767,False,True,False,4.0,0.0,0.0,18.594,44.6,33.917,0,0,1,0.0,91.53540000000001,0.5213538146019291,10.694464764312023,0,1,90.952,89.833,-1.1189999999999998,0.0,6.159000000000006,-0.372666666666665,0.0,0.5399999999999991,0.2876383145549268,-0.372666666666665,0,0,2022,Abu Dhabi Grand Prix,0.0,16,0.0
MSC,39,0 days 00:01:29.833000,MEDIUM,5.0,True,0 days 02:02:59.808000,28.0,16,32.7,0 days 00:00:18.336000,0 days 00:00:38.176000,0 days 00:00:33.321000,1,89.833,7379.808,1.5280000000002474,False,True,False,5.0,0.0,0.0,18.336,38.176,33.321,0,0,0,0.0,92.6534,2.5458165291316557,-1.107856739763571,0,0,97.111,90.614,-6.497,6.159000000000006,-7.278000000000006,1.6883333333333326,0.0,-0.05600000000000449,0.3546432009781088,1.6883333333333326,0,0,2022,Abu Dhabi Grand Prix,0.0,16,0.0
MSC,40,0 days 00:01:30.614000,MEDIUM,6.0,True,0 days 02:04:30.422000,28.0,16,32.4,0 days 00:00:18.270000,0 days 00:00:38.903000,0 days 00:00:33.441000,1,90.614,7470.422,2.4260000000003856,False,True,False,6.0,0.0,0.0,18.27,38.903,33.441,0,0,0,0.0,92.20599999999999,2.852112988645431,-0.5581826548730391,0,0,89.833,90.416,0.5829999999999984,0.0,0.7810000000000059,-0.41833333333333184,0.0,0.12000000000000455,0.36755298937704134,-0.41833333333333184,0,0,2022,Abu Dhabi Grand Prix,0.0,16,0.0
MSC,41,0 days 00:01:30.416000,MEDIUM,7.0,True,0 days 02:06:00.838000,28.0,16,32.4,0 days 00:00:18.332000,0 days 00:00:38.912000,0 days 00:00:33.172000,1,90.416,7560.838,2.7669999999998254,False,True,False,7.0,0.0,0.0,18.332,38.912,33.172,0,0,0,0.0,91.9196,2.942657523396153,-0.5109666986543119,0,0,90.614,90.161,-0.45300000000000296,0.7810000000000059,-0.1980000000000075,-0.11266666666666462,0.0,-0.1490000000000009,0.3629831952033036,-0.11266666666666462,0,0,2022,Abu Dhabi Grand Prix,0.0,16,0.0
MSC,42,0 days 00:01:30.161000,MEDIUM,8.0,True,0 days 02:07:30.999000,28.0,16,32.4,0 days 00:00:18.169000,0 days 00:00:38.894000,0 days 00:00:33.098000,1,90.161,7650.999,5.699000000000524,False,True,False,8.0,0.0,0.0,18.169,38.894,33.098,0,0,0,0.0,91.7852,3.004824071389203,-0.5405308135890614,0,0,90.416,90.456,0.04000000000000625,0.5829999999999984,-0.25499999999999545,-2.231666666666669,0.0,-0.07399999999999807,0.27732237558480577,-2.231666666666669,0,0,2022,Abu Dhabi Grand Prix,0.0,16,0.0
MSC,43,0 days 00:01:30.456000,MEDIUM,9.0,True,0 days 02:09:01.455000,28.0,16,32.4,0 days 00:00:18.229000,0 days 00:00:38.915000,0 days 00:00:33.312000,1,90.456,7741.455,6.6909999999998035,False,True,False,9.0,0.0,0.0,18.229,38.915,33.312,0,0,0,0.0,91.62700000000001,3.0795510224706453,-0.3802502350035893,0,0,90.161,90.709,0.5480000000000018,0.32800000000000296,0.2950000000000017,0.10933333333333432,0.0,0.21399999999999864,0.27738997818955224,0.10933333333333432,0,0,2022,Abu Dhabi Grand Prix,0.0,16,0.0
MSC,44,0 days 00:01:30.709000,MEDIUM,10.0,True,0 days 02:10:32.164000,28.0,16,32.3,0 days 00:00:18.258000,0 days 00:00:39.058000,0 days 00:00:33.393000,1,90.709,7832.164,7.2280000000000655,False,True,False,10.0,0.0,0.0,18.258,39.058,33.393,0,0,0,0.0,90.296,0.3056623954628081,1.3511639185273907,0,0,90.456,90.851,0.394999999999996,0.6230000000000047,0.2530000000000001,-0.052666666666667084,0.0,0.2950000000000017,0.1503362896974658,-0.052666666666667084,0,0,2022,Abu Dhabi Grand Prix,0.0,16,0.0
MSC,45,0 days 00:01:30.851000,MEDIUM,11.0,True,0 days 02:12:03.015000,28.0,15,32.1,0 days 00:00:18.305000,0 days 00:00:38.927000,0 days 00:00:33.619000,1,90.851,7923.015,7.695999999999913,False,True,False,11.0,0.0,0.0,18.305,38.927,33.619,0,0,0,0.0,90.4712,0.21002547464546456,1.8083520612969828,0,0,90.709,90.704,-0.005000000000009663,0.5480000000000018,0.1419999999999959,0.09766666666666879,0.0,0.5210000000000008,0.18836852178641803,0.09766666666666879,0,0,2022,Abu Dhabi Grand Prix,0.0,16,0.0
MSC,46,0 days 00:01:30.704000,MEDIUM,12.0,True,0 days 02:13:33.719000,28.0,15,32.0,0 days 00:00:18.220000,0 days 00:00:39.002000,0 days 00:00:33.482000,1,90.704,8013.719,0.6130000000002838,False,True,False,12.0,0.0,0.0,18.22,39.002,33.482,0,0,0,0.0,90.51859999999999,0.268823920066741,0.6896707701977266,0,0,90.851,92.87,2.0190000000000055,0.6899999999999977,-0.14700000000000557,0.22999999999999923,0.0,0.1700000000000017,0.2746312072580249,0.22999999999999923,0,1,2022,Abu Dhabi Grand Prix,0.0,16,0.0
MSC,47,0 days 00:01:32.870000,MEDIUM,13.0,True,0 days 02:15:06.589000,28.0,15,32.1,0 days 00:00:18.262000,0 days 00:00:39.378000,0 days 00:00:35.230000,1,92.87,8106.589,0.30500000000029104,False,True,False,13.0,0.0,0.0,18.262,39.378,35.23,0,0,0,0.0,90.5762,0.272177699306988,8.427582442795352,0,0,90.704,91.948,1.2439999999999998,0.5429999999999922,2.166000000000011,0.08266666666666349,0.0,1.8369999999999962,0.21509463033743997,0.08266666666666349,0,1,2022,Abu Dhabi Grand Prix,0.0,16,0.0
MSC,48,0 days 00:01:31.948000,MEDIUM,14.0,True,0 days 02:16:38.537000,28.0,16,32.3,0 days 00:00:18.412000,0 days 00:00:38.984000,0 days 00:00:34.552000,1,91.948,8198.537,6.003000000000611,False,True,False,14.0,0.0,0.0,18.412,38.984,34.552,0,0,0,0.0,91.118,0.989660800476615,0.8386711887550513,0,0,92.87,91.623,-1.2469999999999999,2.4140000000000015,-0.9220000000000113,0.7203333333333338,0.0,1.0700000000000003,0.7005457158530037,0.7203333333333338,0,0,2022,Abu Dhabi Grand Prix,0.0,16,0.0
MSC,49,0 days 00:01:31.623000,MEDIUM,15.0,True,0 days 02:18:10.160000,28.0,16,31.9,0 days 00:00:18.394000,0 days 00:00:39.394000,0 days 00:00:33.835000,1,91.623,8290.16,5.019000000000233,False,True,False,15.0,0.0,0.0,18.394,39.394,33.835,0,0,0,0.0,91.4164,0.9647742222924465,0.21414336663048125,0,0,91.948,92.908,0.960000000000008,1.2439999999999998,-0.32499999999998863,0.36566666666666475,0.0,0.35300000000000153,0.684789237649072,0.36566666666666475,0,0,2022,Abu Dhabi Grand Prix,0.0,16,0.0
MSC,50,0 days 00:01:32.908000,MEDIUM,16.0,True,0 days 02:19:43.068000,28.0,16,32.0,0 days 00:00:18.457000,0 days 00:00:40.276000,0 days 00:00:34.175000,1,92.908,8383.068,2.5680000000011205,False,True,False,16.0,0.0,0.0,18.457,40.276,34.175,0,0,0,0.0,91.5992,0.880106073152541,1.4870934764850354,0,0,91.623,91.493,-0.13000000000000966,0.9190000000000111,1.2849999999999966,0.30633333333333707,0.0,0.3399999999999963,0.6749701474880184,0.30633333333333707,0,0,2022,Abu Dhabi Grand Prix,0.0,16,0.0
MSC,51,0 days 00:01:31.493000,MEDIUM,17.0,True,0 days 02:21:14.561000,27.9,16,32.0,0 days 00:00:18.494000,0 days 00:00:39.256000,0 days 00:00:33.743000,1,91.493,8474.561,1.613999999999578,False,True,False,17.0,0.0,0.0,18.494,39.256,33.743,0,0,0,0.0,92.0106,0.9226661368013694,-0.5609829811185864,0,0,92.908,92.34,-0.5679999999999978,2.2040000000000077,-1.4150000000000063,0.012666666666665568,0.0,-0.09199999999999875,0.6974951612735376,0.012666666666665568,0,0,2022,Abu Dhabi Grand Prix,0.0,16,0.0
MSC,52,0 days 00:01:32.340000,MEDIUM,18.0,True,0 days 02:22:46.901000,27.9,16,32.1,0 days 00:00:18.457000,0 days 00:00:39.712000,0 days 00:00:34.171000,1,92.34,8566.901,0.5730000000003201,False,True,False,18.0,0.0,0.0,18.457,39.712,34.171,0,0,0,0.0,92.16839999999999,0.6785007737651824,0.25291054429865695,0,0,91.493,94.483,2.990000000000009,0.0,0.8470000000000084,-0.1516666666666661,0.0,0.42799999999999727,0.7594289301837256,-0.1516666666666661,0,1,2022,Abu Dhabi Grand Prix,0.0,16,0.0
MSC,53,0 days 00:01:34.483000,MEDIUM,19.0,True,0 days 02:24:21.384000,27.9,17,31.9,0 days 00:00:18.682000,0 days 00:00:39.656000,0 days 00:00:36.145000,1,94.483,8661.384,14.02599999999984,False,True,False,19.0,0.0,0.0,18.682,39.656,36.145,0,0,0,0.0,92.0624,0.5749950434568625,4.209775419014732,0,0,92.34,93.907,1.566999999999993,0.8470000000000084,2.1430000000000007,0.23899999999999957,0.0,2.402000000000001,0.41701223003648236,0.23899999999999957,0,0,2022,Abu Dhabi Grand Prix,0.0,16,0.0
MSC,54,0 days 00:01:33.907000,MEDIUM,20.0,True,0 days 02:25:55.291000,27.9,17,31.9,0 days 00:00:19.468000,0 days 00:00:40.099000,0 days 00:00:34.340000,1,93.907,8755.291,13.176000000001295,False,True,False,20.0,0.0,0.0,19.468,40.099,34.34,0,0,0,0.0,92.5694,1.212791119690413,1.1029104503514517,0,0,94.483,92.57,-1.913000000000011,2.990000000000009,-0.5760000000000076,0.5250000000000009,0.0,0.5970000000000013,0.9807024013430381,0.5250000000000009,0,0,2022,Abu Dhabi Grand Prix,0.0,16,0.0
MSC,55,0 days 00:01:32.570000,MEDIUM,21.0,True,0 days 02:27:27.861000,27.9,17,31.9,0 days 00:00:18.604000,0 days 00:00:39.539000,0 days 00:00:34.427000,1,92.57,8847.861,13.154999999998836,False,True,False,21.0,0.0,0.0,18.604,39.539,34.427,0,0,0,0.0,93.02619999999999,1.197248804551456,-0.38104026353228126,0,0,93.907,94.761,0.8539999999999992,2.4140000000000015,-1.3370000000000033,0.8046666666666672,0.0,0.2560000000000002,0.9659368509379904,0.8046666666666672,0,0,2022,Abu Dhabi Grand Prix,0.0,16,0.0
MSC,56,0 days 00:01:34.761000,MEDIUM,22.0,True,0 days 02:29:02.622000,27.9,16,32.0,0 days 00:00:18.996000,0 days 00:00:41.079000,0 days 00:00:34.686000,1,94.761,8942.622,11.176000000001295,False,True,False,22.0,0.0,0.0,18.996,41.079,34.686,0,0,0,0.0,92.95859999999999,1.2150017695459945,1.4834546295957267,0,0,92.57,92.757,0.18700000000001182,1.0769999999999982,2.1910000000000025,0.07666666666666326,0.0,0.34599999999999653,0.9752103362864859,0.07666666666666326,0,0,2022,Abu Dhabi Grand Prix,0.0,16,0.0
NOR,2,0 days 00:01:31.693000,MEDIUM,2.0,True,0 days 01:05:17.996000,28.7,6,34.9,0 days 00:00:18.485000,0 days 00:00:39.241000,0 days 00:00:33.967000,1,91.693,3917.996,0.6909999999998035,False,True,False,2.0,0.0,0.0,18.485,39.241,33.967,0,0,0,0.0,93.6956,0.9934423989340446,-2.015818936406151,1,0,91.693,91.188,-0.5049999999999955,-0.8769999999999953,0.0,-0.3833333333333305,0.0,-0.375,0.9637099148602776,0.0,0,1,2022,Abu Dhabi Grand Prix,0.0,16,0.0
NOR,3,0 days 00:01:31.188000,MEDIUM,3.0,True,0 days 01:06:49.184000,28.6,6,34.4,0 days 00:00:18.442000,0 days 00:00:38.610000,0 days 00:00:34.136000,1,91.188,4009.184,0.6920000000000073,False,True,False,3.0,0.0,0.0,18.442,38.61,34.136,0,0,0,0.0,,,0.0,0,1,91.693,91.266,-0.4269999999999925,0.0,-0.5049999999999955,0.0,0.0,0.0,0.0,0.0,0,1,2022,Abu Dhabi Grand Prix,0.0,16,0.0
NOR,4,0 days 00:01:31.266000,MEDIUM,4.0,True,0 days 01:08:20.450000,28.7,6,34.0,0 days 00:00:18.382000,0 days 00:00:38.581000,0 days 00:00:34.303000,1,91.266,4100.45,0.668999999999869,False,True,False,4.0,0.0,0.0,18.382,38.581,34.303,0,0,0,0.0,,,0.0,0,0,91.188,92.208,1.019999999999996,0.0,0.07800000000000296,-0.2524999999999977,0.0,0.3359999999999985,0.0,0.0,0,1,2022,Abu Dhabi Grand Prix,0.0,16,0.0
NOR,5,0 days 00:01:32.208000,MEDIUM,5.0,True,0 days 01:09:52.658000,28.6,7,34.0,0 days 00:00:18.468000,0 days 00:00:39.037000,0 days 00:00:34.703000,1,92.208,4192.658,1.3710000000000946,False,True,False,5.0,0.0,0.0,18.468,39.037,34.703,0,0,0,0.0,91.38233333333334,0.27185719290342786,3.0371337901659485,0,0,91.266,91.932,0.6659999999999968,0.07800000000000296,0.9419999999999931,-0.14233333333333084,0.0,0.7360000000000042,0.3556782253666922,-0.21349999999999625,0,0,2022,Abu Dhabi Grand Prix,0.0,16,0.0
NOR,6,0 days 00:01:31.932000,MEDIUM,6.0,True,0 days 01:11:24.590000,28.6,7,34.2,0 days 00:00:18.509000,0 days 00:00:39.359000,0 days 00:00:34.064000,1,91.932,4284.59,1.4210000000002765,False,True,False,6.0,0.0,0.0,18.509,39.359,34.064,0,0,0,0.0,91.58875,0.46872406594924954,0.7323071822754724,0,0,92.208,91.643,-0.5649999999999977,1.019999999999996,-0.27599999999999625,0.17166666666666686,0.0,-0.07200000000000273,0.4739074276691614,0.17166666666666686,0,0,2022,Abu Dhabi Grand Prix,0.0,16,0.0
NOR,7,0 days 00:01:31.643000,MEDIUM,7.0,True,0 days 01:12:56.233000,28.5,7,34.0,0 days 00:00:18.488000,0 days 00:00:39.060000,0 days 00:00:34.095000,1,91.643,4376.233,1.5399999999999636,False,True,False,7.0,0.0,0.0,18.488,39.06,34.095,0,0,0,0.0,91.65740000000001,0.43398248812595713,-0.033181062356206596,0,0,91.932,91.912,-0.01999999999999602,0.7439999999999998,-0.2890000000000015,0.24799999999999991,0.0,0.030999999999998806,0.42493411253981644,0.24799999999999991,0,0,2022,Abu Dhabi Grand Prix,0.0,16,0.0
NOR,8,0 days 00:01:31.912000,MEDIUM,8.0,True,0 days 01:14:28.145000,28.5,7,34.1,0 days 00:00:18.526000,0 days 00:00:39.256000,0 days 00:00:34.130000,1,91.912,4468.145,2.338999999999942,False,True,False,8.0,0.0,0.0,18.526,39.256,34.13,0,0,0,0.0,91.6474,0.4335329283918314,0.6103342622243757,0,0,91.643,92.178,0.5349999999999966,0.4549999999999983,0.26900000000000546,0.12566666666666512,0.0,0.0660000000000025,0.33471809033872296,0.12566666666666512,0,0,2022,Abu Dhabi Grand Prix,0.0,16,0.0
NOR,9,0 days 00:01:32.178000,MEDIUM,9.0,True,0 days 01:16:00.323000,28.5,7,34.0,0 days 00:00:18.542000,0 days 00:00:39.455000,0 days 00:00:34.181000,1,92.178,4560.323,2.7529999999997017,False,True,False,9.0,0.0,0.0,18.542,39.455,34.181,0,0,0,0.0,91.79220000000001,0.35564476658597916,1.0847903195750237,0,0,91.912,92.041,0.12899999999999068,0.6460000000000008,0.26599999999999113,-0.09866666666666409,0.0,0.11699999999999733,0.3257342475086114,-0.09866666666666409,0,0,2022,Abu Dhabi Grand Prix,0.0,16,0.0
NOR,10,0 days 00:01:32.041000,MEDIUM,10.0,True,0 days 01:17:32.364000,28.5,7,34.0,0 days 00:00:18.484000,0 days 00:00:39.493000,0 days 00:00:34.064000,1,92.041,4652.364,3.2890000000006694,False,True,False,10.0,0.0,0.0,18.484,39.493,34.064,0,0,0,0.0,91.97460000000001,0.2299669541477484,0.2887371372381047,0,0,92.178,92.319,0.14100000000000534,0.5349999999999966,-0.13700000000000045,0.08199999999999837,0.0,-0.030999999999998806,0.3208228483135226,0.08199999999999837,0,0,2022,Abu Dhabi Grand Prix,0.0,16,0.0
NOR,11,0 days 00:01:32.319000,MEDIUM,11.0,True,0 days 01:19:04.683000,28.5,7,33.9,0 days 00:00:18.454000,0 days 00:00:39.602000,0 days 00:00:34.263000,1,92.319,4744.683,3.3630000000002838,False,True,False,11.0,0.0,0.0,18.454,39.602,34.263,0,0,0,0.0,91.94120000000001,0.19741757773813784,1.9137100370116065,0,0,92.041,92.398,0.3569999999999993,0.39799999999999613,0.2780000000000058,0.13266666666666538,0.0,0.19899999999999807,0.07531068981227036,0.13266666666666538,0,0,2022,Abu Dhabi Grand Prix,0.0,16,0.0
NOR,12,0 days 00:01:32.398000,MEDIUM,12.0,True,0 days 01:20:37.081000,28.5,7,33.9,0 days 00:00:18.508000,0 days 00:00:39.590000,0 days 00:00:34.300000,1,92.398,4837.081,3.7100000000000364,False,True,False,12.0,0.0,0.0,18.508,39.59,34.3,0,0,0,0.0,92.01859999999999,0.25912796066806915,1.4641414960464174,0,0,92.319,92.514,0.19499999999999318,0.6760000000000019,0.07899999999999352,0.1356666666666655,0.0,0.2359999999999971,0.08715388688979833,0.1356666666666655,0,0,2022,Abu Dhabi Grand Prix,0.0,16,0.0
NOR,13,0 days 00:01:32.514000,MEDIUM,13.0,True,0 days 01:22:09.595000,28.4,7,33.9,0 days 00:00:18.544000,0 days 00:00:39.592000,0 days 00:00:34.378000,1,92.514,4929.595,3.9470000000001164,False,True,False,13.0,0.0,0.0,18.544,39.592,34.378,0,0,0,0.0,92.1696,0.19840186491056327,1.735870780021366,0,0,92.398,92.64,0.24200000000000443,0.48599999999999,0.11599999999999966,0.07333333333333296,0.0,0.31400000000000006,0.10652370628174548,0.07333333333333296,0,0,2022,Abu Dhabi Grand Prix,0.0,16,0.0
NOR,14,0 days 00:01:32.640000,MEDIUM,14.0,True,0 days 01:23:42.235000,28.4,7,33.7,0 days 00:00:18.570000,0 days 00:00:39.766000,0 days 00:00:34.304000,1,92.64,5022.235,4.662000000000262,False,True,False,14.0,0.0,0.0,18.57,39.766,34.304,0,0,0,0.0,92.29,0.1852201392937281,1.8896433256912357,0,0,92.514,90.832,-1.6820000000000022,0.472999999999999,0.12600000000000477,0.15766666666666632,0.0,0.04100000000000392,0.13143249217754263,0.15766666666666632,0,0,2022,Abu Dhabi Grand Prix,0.0,16,0.0
NOR,17,0 days 00:01:30.832000,HARD,2.0,True,0 days 01:28:39.689000,28.4,11,33.4,0 days 00:00:18.450000,0 days 00:00:38.468000,0 days 00:00:33.914000,1,90.832,5319.689,1.199999999999818,True,False,False,2.0,0.0,0.0,18.45,38.468,33.914,0,0,0,0.0,92.3824,0.22610462180147112,-6.85700269037987,1,0,92.64,90.532,-2.108000000000004,0.5990000000000038,-1.808000000000007,0.10699999999999932,0.0,-0.3859999999999957,0.1425822569606734,0.10699999999999932,0,0,2022,Abu Dhabi Grand Prix,0.0,16,0.0
NOR,18,0 days 00:01:30.532000,HARD,3.0,True,0 days 01:30:10.221000,28.3,10,33.3,0 days 00:00:18.626000,0 days 00:00:38.514000,0 days 00:00:33.392000,1,90.532,5410.221,1.9480000000003201,True,False,False,3.0,0.0,0.0,18.626,38.514,33.392,0,0,0,0.0,92.14059999999999,0.7415091368283973,-2.1693596479206483,1,1,90.832,90.95,0.11800000000000921,0.0,-0.29999999999999716,-0.5220000000000008,0.0,-0.5219999999999985,0.2792520366980312,-0.5220000000000008,0,0,2022,Abu Dhabi Grand Prix,0.0,16,0.0
NOR,19,0 days 00:01:30.950000,HARD,4.0,True,0 days 01:31:41.171000,28.3,10,33.6,0 days 00:00:18.307000,0 days 00:00:39.026000,0 days 00:00:33.617000,1,90.95,5501.171,3.7999999999992724,True,False,False,4.0,0.0,0.0,18.307,39.026,33.617,0,0,0,0.0,91.7832,1.0144501959189527,-0.8213315975016654,0,1,90.532,90.889,0.3569999999999993,0.0,0.41800000000000637,-0.6606666666666664,0.0,0.22499999999999432,0.3732811273021966,-0.6606666666666664,0,0,2022,Abu Dhabi Grand Prix,0.0,16,0.0
NOR,20,0 days 00:01:30.889000,HARD,5.0,True,0 days 01:33:12.060000,28.3,8,33.1,0 days 00:00:18.279000,0 days 00:00:39.057000,0 days 00:00:33.553000,1,90.889,5592.06,4.265999999999622,True,False,False,5.0,0.0,0.0,18.279,39.057,33.553,0,0,0,0.0,91.49359999999999,1.001666012201675,-0.6035944043574685,0,0,90.95,90.741,-0.20900000000000318,0.41800000000000637,-0.06100000000000705,-0.5633333333333326,0.0,0.16099999999999426,0.3711014686039363,-0.5633333333333326,0,0,2022,Abu Dhabi Grand Prix,0.0,16,0.0
NOR,21,0 days 00:01:30.741000,HARD,6.0,True,0 days 01:34:42.801000,28.3,8,33.1,0 days 00:00:18.282000,0 days 00:00:39.061000,0 days 00:00:33.398000,1,90.741,5682.801,4.641999999999825,True,False,False,6.0,0.0,0.0,18.282,39.061,33.398,0,0,0,0.0,91.1686,0.8380840053359865,-0.510211383676955,0,0,90.889,90.809,-0.0799999999999983,0.3569999999999993,-0.14799999999999613,0.01900000000000072,0.0,0.006000000000000227,0.3366878376181677,0.01900000000000072,0,0,2022,Abu Dhabi Grand Prix,0.0,16,0.0
NOR,22,0 days 00:01:30.809000,HARD,7.0,True,0 days 01:36:13.610000,28.2,8,33.0,0 days 00:00:18.261000,0 days 00:00:39.025000,0 days 00:00:33.523000,1,90.809,5773.61,4.832000000000335,True,False,False,7.0,0.0,0.0,18.261,39.025,33.523,0,0,0,0.0,90.7888,0.16288247296749225,0.1240157988271343,0,0,90.741,90.925,0.1839999999999975,0.20900000000000318,0.06799999999999784,0.06966666666666772,0.0,0.125,0.3334706883670548,0.06966666666666772,0,0,2022,Abu Dhabi Grand Prix,0.0,16,0.0
NOR,23,0 days 00:01:30.925000,HARD,8.0,True,0 days 01:37:44.535000,28.2,8,32.9,0 days 00:00:18.310000,0 days 00:00:39.061000,0 days 00:00:33.554000,1,90.925,5864.535,4.8400000000001455,True,False,False,8.0,0.0,0.0,18.31,39.061,33.554,0,0,0,0.0,90.7842,0.1616777659420301,0.8708680453345876,0,0,90.809,90.733,-0.0759999999999934,0.277000000000001,0.11599999999999966,-0.04700000000000178,0.0,0.1559999999999988,0.3019461872585883,-0.04700000000000178,0,0,2022,Abu Dhabi Grand Prix,0.0,16,0.0
NOR,24,0 days 00:01:30.733000,HARD,9.0,True,0 days 01:39:15.268000,28.2,7,33.3,0 days 00:00:18.359000,0 days 00:00:38.721000,0 days 00:00:33.653000,1,90.733,5955.268,1.6300000000001091,True,False,False,9.0,0.0,0.0,18.359,38.721,33.653,0,0,0,0.0,90.8628,0.0864418879942187,-1.5015868233774572,1,0,90.925,90.92,-0.0049999999999954525,0.1839999999999975,-0.19199999999999307,0.012000000000000455,0.0,0.25499999999999545,0.08055619156836809,0.012000000000000455,0,0,2022,Abu Dhabi Grand Prix,0.0,16,0.0
NOR,25,0 days 00:01:30.920000,HARD,10.0,True,0 days 01:40:46.188000,28.3,7,33.3,0 days 00:00:18.268000,0 days 00:00:39.135000,0 days 00:00:33.517000,1,90.92,6046.188,5.631000000000313,True,False,False,10.0,0.0,0.0,18.268,39.135,33.517,0,0,0,0.0,90.8194,0.08619048671405277,1.1671821779328446,0,1,90.733,91.115,0.3819999999999908,0.0,0.1869999999999976,-0.0026666666666651886,0.0,-0.006000000000000227,0.08958403875691046,-0.0026666666666651886,0,0,2022,Abu Dhabi Grand Prix,0.0,16,0.0
NOR,26,0 days 00:01:31.115000,HARD,11.0,True,0 days 01:42:17.303000,28.2,7,33.0,0 days 00:00:18.309000,0 days 00:00:39.376000,0 days 00:00:33.430000,1,91.115,6137.303,5.609999999999673,True,False,False,11.0,0.0,0.0,18.309,39.376,33.43,0,0,0,0.0,90.8256,0.09327271841222011,3.102729339580231,0,0,90.92,90.93,0.010000000000005116,0.1869999999999976,0.19499999999999318,0.0370000000000014,0.0,-0.0870000000000033,0.10908574608994345,0.0370000000000014,0,0,2022,Abu Dhabi Grand Prix,0.0,16,0.0
NOR,27,0 days 00:01:30.930000,HARD,12.0,True,0 days 01:43:48.233000,28.2,7,32.9,0 days 00:00:18.361000,0 days 00:00:39.209000,0 days 00:00:33.360000,1,90.93,6228.233,5.777000000000044,True,False,False,12.0,0.0,0.0,18.361,39.209,33.36,0,0,0,0.0,90.9004,0.14441191086611607,0.2049692426509345,0,0,91.115,91.065,-0.04999999999999716,0.3819999999999908,-0.18499999999998806,0.06333333333333258,0.0,-0.07000000000000028,0.13540790228047941,0.06333333333333258,0,0,2022,Abu Dhabi Grand Prix,0.0,16,0.0
NOR,28,0 days 00:01:31.065000,HARD,13.0,True,0 days 01:45:19.298000,28.1,7,32.5,0 days 00:00:18.289000,0 days 00:00:39.322000,0 days 00:00:33.454000,1,91.065,6319.298,5.802999999999884,True,False,False,13.0,0.0,0.0,18.289,39.322,33.454,0,0,0,0.0,90.9246,0.1351047741569577,1.0391934768855038,0,0,90.93,91.228,0.2979999999999876,0.19700000000000273,0.1349999999999909,0.06566666666666758,0.0,0.0940000000000012,0.1496372279882239,0.06566666666666758,0,0,2022,Abu Dhabi Grand Prix,0.0,16,0.0
NOR,29,0 days 00:01:31.228000,HARD,14.0,True,0 days 01:46:50.526000,28.2,7,32.9,0 days 00:00:18.300000,0 days 00:00:39.298000,0 days 00:00:33.630000,1,91.228,6410.526,5.604000000000269,True,False,False,14.0,0.0,0.0,18.3,39.298,33.63,0,0,0,0.0,90.95259999999999,0.14900100670801228,1.8483096596769206,0,0,91.065,91.109,0.04399999999999693,0.33199999999999363,0.1629999999999967,0.04833333333333201,0.0,0.2700000000000031,0.14093154366570937,0.04833333333333201,0,0,2022,Abu Dhabi Grand Prix,0.0,16,0.0
NOR,30,0 days 00:01:31.109000,HARD,15.0,True,0 days 01:48:21.635000,28.1,7,32.8,0 days 00:00:18.278000,0 days 00:00:39.356000,0 days 00:00:33.475000,1,91.109,6501.635,5.585999999999331,True,False,False,15.0,0.0,0.0,18.278,39.356,33.475,0,0,0,0.0,91.0516,0.1298279630896075,0.44212355053574737,0,0,91.228,91.216,-0.012000000000000455,0.3079999999999927,-0.11899999999999977,0.037666666666666515,0.0,0.11500000000000199,0.14676579983088908,0.037666666666666515,0,0,2022,Abu Dhabi Grand Prix,0.0,16,0.0
NOR,31,0 days 00:01:31.216000,HARD,16.0,True,0 days 01:49:52.851000,28.1,7,32.9,0 days 00:00:18.240000,0 days 00:00:39.472000,0 days 00:00:33.504000,1,91.216,6592.851,5.529000000000451,True,False,False,16.0,0.0,0.0,18.24,39.472,33.504,0,0,0,0.0,91.0894,0.10753278569810623,1.1773153571546118,0,0,91.109,91.144,0.0350000000000108,0.17899999999998784,0.10699999999999932,0.059666666666662614,0.0,0.04999999999999716,0.14721854502745446,0.059666666666662614,0,0,2022,Abu Dhabi Grand Prix,0.0,16,0.0
NOR,32,0 days 00:01:31.144000,HARD,17.0,True,0 days 01:51:23.995000,28.1,7,32.9,0 days 00:00:18.248000,0 days 00:00:39.348000,0 days 00:00:33.548000,1,91.144,6683.995,5.463999999999942,True,False,False,17.0,0.0,0.0,18.248,39.348,33.548,0,0,0,0.0,91.1096,0.12205039942578602,0.281850777726642,0,0,91.216,91.046,-0.1699999999999875,0.28599999999998715,-0.07199999999998852,0.050333333333332085,0.0,0.0730000000000004,0.12270370817542706,0.050333333333332085,0,0,2022,Abu Dhabi Grand Prix,0.0,16,0.0
NOR,33,0 days 00:01:31.046000,HARD,18.0,True,0 days 01:52:55.041000,28.1,7,32.8,0 days 00:00:18.201000,0 days 00:00:39.397000,0 days 00:00:33.448000,1,91.046,6775.041,5.46100000000024,True,False,False,18.0,0.0,0.0,18.201,39.397,33.448,0,0,0,0.0,91.1524,0.06955788955965554,-1.5296611308015728,1,0,91.144,91.088,-0.056000000000011596,0.07900000000000773,-0.09799999999999898,-0.027999999999996323,0.0,-0.027000000000001023,0.08704768807958246,-0.027999999999996323,0,0,2022,Abu Dhabi Grand Prix,0.0,16,0.0
NOR,34,0 days 00:01:31.088000,HARD,19.0,True,0 days 01:54:26.129000,28.0,7,32.7,0 days 00:00:18.292000,0 days 00:00:39.321000,0 days 00:00:33.475000,1,91.088,6866.129,5.480000000000473,True,False,False,19.0,0.0,0.0,18.292,39.321,33.475,0,0,0,0.0,91.1486,0.07576806715228343,-0.7998092372900352,0,1,91.046,90.871,-0.17500000000001137,0.0,0.04199999999998738,-0.02099999999999606,0.0,0.027000000000001023,0.11001227204271528,-0.02099999999999606,0,0,2022,Abu Dhabi Grand Prix,0.0,16,0.0
NOR,35,0 days 00:01:30.871000,HARD,20.0,True,0 days 01:55:57,28.0,7,32.6,0 days 00:00:18.275000,0 days 00:00:39.227000,0 days 00:00:33.369000,1,90.871,6957.0,5.641999999999825,True,False,False,20.0,0.0,0.0,18.275,39.227,33.369,0,0,0,0.0,91.1206,0.06405310296929136,-3.896766720570358,1,0,91.088,91.309,0.22100000000000364,0.04199999999998738,-0.21699999999999875,-0.04266666666666671,0.0,-0.07900000000000063,0.052875325058103204,-0.04266666666666671,0,0,2022,Abu Dhabi Grand Prix,0.0,16,0.0
NOR,36,0 days 00:01:31.309000,HARD,21.0,True,0 days 01:57:28.309000,28.0,7,32.6,0 days 00:00:18.249000,0 days 00:00:39.487000,0 days 00:00:33.573000,1,91.309,7048.309,5.451000000000022,True,False,False,21.0,0.0,0.0,18.249,39.487,33.573,0,0,0,0.0,91.07300000000001,0.12966109670983866,1.8201295993054973,0,1,90.871,90.821,-0.04999999999999716,0.0,0.4380000000000024,-0.09100000000000345,0.0,0.20400000000000063,0.061523979065076645,-0.09100000000000345,0,0,2022,Abu Dhabi Grand Prix,0.0,16,0.0
NOR,37,0 days 00:01:30.821000,HARD,22.0,True,0 days 01:58:59.130000,28.0,7,32.5,0 days 00:00:18.211000,0 days 00:00:39.238000,0 days 00:00:33.372000,1,90.821,7139.13,5.412999999999556,True,False,False,22.0,0.0,0.0,18.211,39.238,33.372,0,0,0,0.0,91.0916,0.1587176738740738,-1.7049140993251646,1,0,91.309,91.146,-0.1629999999999967,0.4380000000000024,-0.48799999999999955,0.08766666666666367,0.0,0.0030000000000001137,0.10817023620201678,0.08766666666666367,0,0,2022,Abu Dhabi Grand Prix,0.0,16,0.0
NOR,38,0 days 00:01:31.146000,HARD,23.0,True,0 days 02:00:30.276000,28.0,7,32.6,0 days 00:00:18.314000,0 days 00:00:39.465000,0 days 00:00:33.367000,12,91.146,7230.276,5.055000000000291,True,False,False,23.0,0.0,0.0,18.314,39.465,33.367,0,0,1,0.0,91.027,0.1938930117358577,0.6137405311033829,0,1,90.821,91.223,0.402000000000001,0.0,0.32500000000000284,-0.08899999999999864,0.0,-0.0020000000000024443,0.10729305662530121,-0.08899999999999864,0,0,2022,Abu Dhabi Grand Prix,0.0,16,0.0
NOR,39,0 days 00:01:31.223000,HARD,24.0,True,0 days 02:02:01.499000,28.0,7,32.7,0 days 00:00:18.296000,0 days 00:00:39.312000,0 days 00:00:33.615000,1,91.223,7321.499,4.824000000000524,True,False,False,24.0,0.0,0.0,18.296,39.312,33.615,0,0,0,0.0,91.047,0.20135664876035145,0.8740709635541848,0,0,91.146,91.502,0.35599999999999454,0.32500000000000284,0.07699999999999818,0.09166666666666856,0.0,0.24800000000000466,0.10478215496925085,0.09166666666666856,0,0,2022,Abu Dhabi Grand Prix,0.0,16,0.0
NOR,40,0 days 00:01:31.502000,HARD,25.0,True,0 days 02:03:33.001000,28.0,6,32.7,0 days 00:00:18.243000,0 days 00:00:39.148000,0 days 00:00:34.111000,1,91.502,7413.001,4.322999999999411,True,False,False,25.0,0.0,0.0,18.243,39.148,34.111,0,0,0,0.0,91.074,0.21669563908855372,1.9751205045021372,0,0,91.223,91.066,-0.15699999999999648,0.402000000000001,0.27899999999999636,-0.028666666666666174,0.0,0.7439999999999998,0.14265237467354183,-0.028666666666666174,0,0,2022,Abu Dhabi Grand Prix,0.0,16,0.0
NOR,41,0 days 00:01:31.066000,HARD,26.0,True,0 days 02:05:04.067000,28.0,6,32.4,0 days 00:00:18.325000,0 days 00:00:39.289000,0 days 00:00:33.452000,1,91.066,7504.067,5.507999999999811,True,False,False,26.0,0.0,0.0,18.325,39.289,33.452,0,0,0,0.0,91.2002,0.2500853854186268,-0.5366167230258203,0,0,91.502,88.391,-3.11099999999999,0.6809999999999974,-0.43599999999999284,0.22699999999999912,0.0,0.08500000000000085,0.304182182252676,0.22699999999999912,0,0,2022,Abu Dhabi Grand Prix,0.0,16,0.0
NOR,44,0 days 00:01:28.391000,MEDIUM,2.0,True,0 days 02:09:55.062000,28.0,7,32.3,0 days 00:00:17.916000,0 days 00:00:38.308000,0 days 00:00:32.167000,1,88.391,7795.062,4.283999999999651,False,True,False,2.0,0.0,0.0,17.916,38.308,32.167,0,0,0,0.0,91.1516,0.24725149140093655,-11.165150043618867,1,0,91.066,88.688,-2.378,0.24500000000000455,-2.674999999999997,-0.0266666666666661,0.0,-1.2849999999999966,0.3121943305058569,-0.0266666666666661,0,0,2022,Abu Dhabi Grand Prix,0.0,16,0.0
NOR,45,0 days 00:01:28.688000,MEDIUM,3.0,True,0 days 02:11:23.750000,28.0,7,32.3,0 days 00:00:17.900000,0 days 00:00:38.510000,0 days 00:00:32.278000,1,88.688,7883.75,4.929000000000087,False,True,False,3.0,0.0,0.0,17.9,38.51,32.278,0,0,0,0.0,90.6656,1.282104636915416,-1.5424638076014252,1,1,88.391,88.791,0.3999999999999915,0.0,0.29699999999999704,-0.9439999999999978,0.0,0.1109999999999971,0.7524416920931472,-0.9439999999999978,0,0,2022,Abu Dhabi Grand Prix,0.0,16,0.0
NOR,46,0 days 00:01:28.791000,MEDIUM,4.0,True,0 days 02:12:52.541000,28.0,7,32.1,0 days 00:00:17.788000,0 days 00:00:38.480000,0 days 00:00:32.523000,1,88.791,7972.541,5.5590000000001965,False,True,False,4.0,0.0,0.0,17.788,38.48,32.523,0,0,0,0.0,90.174,1.503906080844159,-0.9196052982402442,0,1,88.688,88.478,-0.21000000000000796,0.29699999999999704,0.10299999999999443,-0.9379999999999976,0.0,0.35600000000000165,0.7556337075594222,-0.9379999999999976,0,0,2022,Abu Dhabi Grand Prix,0.0,16,0.0
NOR,47,0 days 00:01:28.478000,MEDIUM,5.0,True,0 days 02:14:21.019000,28.0,7,32.0,0 days 00:00:17.854000,0 days 00:00:38.286000,0 days 00:00:32.338000,1,88.478,8061.019,6.469999999999345,False,True,False,5.0,0.0,0.0,17.854,38.286,32.338,0,0,0,0.0,89.6876,1.4727777496961532,-0.8213051835211116,0,0,88.791,89.221,0.4300000000000068,0.3999999999999915,-0.3130000000000024,-0.7583333333333352,0.0,0.17099999999999937,0.7666516157942914,-0.7583333333333352,0,0,2022,Abu Dhabi Grand Prix,0.0,16,0.0
NOR,48,0 days 00:01:29.221000,MEDIUM,6.0,True,0 days 02:15:50.240000,28.0,7,32.1,0 days 00:00:17.879000,0 days 00:00:38.659000,0 days 00:00:32.683000,1,89.221,8150.24,6.956000000000131,False,True,False,6.0,0.0,0.0,17.879,38.659,32.683,0,0,0,0.0,89.08279999999999,1.1200967368937824,0.12338220034750197,0,0,88.478,88.956,0.47800000000000864,0.08699999999998909,0.7430000000000092,0.028999999999996362,0.0,0.40500000000000114,0.6639990963849258,0.028999999999996362,0,0,2022,Abu Dhabi Grand Prix,0.0,16,0.0
NOR,49,0 days 00:01:28.956000,MEDIUM,7.0,True,0 days 02:17:19.196000,28.0,7,31.9,0 days 00:00:17.909000,0 days 00:00:38.546000,0 days 00:00:32.501000,1,88.956,8239.196,7.640999999999622,False,True,False,7.0,0.0,0.0,17.909,38.546,32.501,0,0,0,0.0,88.71379999999999,0.32545306881348207,0.7441933206622072,0,0,89.221,89.495,0.2740000000000009,0.8299999999999983,-0.26500000000000057,0.17766666666666708,0.0,0.1629999999999967,0.7021102477531561,0.17766666666666708,0,0,2022,Abu Dhabi Grand Prix,0.0,16,0.0
NOR,50,0 days 00:01:29.495000,MEDIUM,8.0,True,0 days 02:18:48.691000,28.0,7,31.9,0 days 00:00:17.907000,0 days 00:00:38.837000,0 days 00:00:32.751000,1,89.495,8328.691,7.993999999998778,False,True,False,8.0,0.0,0.0,17.907,38.837,32.751,0,0,0,0.0,88.8268,0.2803100069567769,2.3837893168866913,0,0,88.956,89.496,0.539999999999992,0.47800000000000864,0.5390000000000015,0.05500000000000208,0.0,0.4129999999999967,0.1303886498127831,0.05500000000000208,0,0,2022,Abu Dhabi Grand Prix,0.0,16,0.0
NOR,51,0 days 00:01:29.496000,MEDIUM,9.0,True,0 days 02:20:18.187000,28.0,7,32.0,0 days 00:00:17.960000,0 days 00:00:38.721000,0 days 00:00:32.815000,1,89.496,8418.187,8.0,False,True,False,9.0,0.0,0.0,17.96,38.721,32.815,0,0,0,0.0,88.9882,0.39091904532793276,1.2989901772987487,0,0,89.495,89.785,0.28999999999999204,1.0170000000000101,0.000999999999990564,0.33900000000000335,0.0,0.31400000000000006,0.12482708039524218,0.33900000000000335,0,0,2022,Abu Dhabi Grand Prix,0.0,16,0.0
NOR,52,0 days 00:01:29.785000,MEDIUM,10.0,True,0 days 02:21:47.972000,27.9,7,32.0,0 days 00:00:17.886000,0 days 00:00:38.902000,0 days 00:00:32.997000,1,89.785,8507.972,7.826000000000931,False,True,False,10.0,0.0,0.0,17.886,38.902,32.997,0,0,0,0.0,89.1292,0.42744555208832763,1.534230492740007,0,0,89.496,90.164,0.6680000000000064,1.0180000000000007,0.2890000000000015,0.09166666666666383,0.0,0.4960000000000022,0.1216231885784951,0.09166666666666383,0,0,2022,Abu Dhabi Grand Prix,0.0,16,0.0
NOR,53,0 days 00:01:30.164000,MEDIUM,11.0,True,0 days 02:23:18.136000,27.9,7,31.9,0 days 00:00:18.018000,0 days 00:00:38.950000,0 days 00:00:33.196000,1,90.164,8598.136,7.167999999999665,False,True,False,11.0,0.0,0.0,18.018,38.95,33.196,0,0,0,0.0,89.3906,0.3143251501233797,2.460509442837833,0,0,89.785,90.631,0.8460000000000036,0.8289999999999935,0.3790000000000049,0.27633333333333115,0.0,0.4450000000000003,0.1267268716571213,0.27633333333333115,0,0,2022,Abu Dhabi Grand Prix,0.0,16,0.0
NOR,54,0 days 00:01:30.631000,MEDIUM,12.0,True,0 days 02:24:48.767000,27.9,7,31.9,0 days 00:00:18.115000,0 days 00:00:39.168000,0 days 00:00:33.348000,1,90.631,8688.767,5.970999999999549,False,True,False,12.0,0.0,0.0,18.115,39.168,33.348,0,0,0,0.0,89.5792,0.4434903606619701,2.371641174861263,0,0,90.164,90.825,0.6610000000000014,1.2079999999999984,0.46699999999999875,0.22299999999999898,0.0,0.5330000000000013,0.131589133289951,0.22299999999999898,0,0,2022,Abu Dhabi Grand Prix,0.0,16,0.0
NOR,55,0 days 00:01:30.825000,MEDIUM,13.0,True,0 days 02:26:19.592000,27.9,6,31.9,0 days 00:00:18.117000,0 days 00:00:39.164000,0 days 00:00:33.544000,1,90.825,8779.592,4.636999999998807,False,True,False,13.0,0.0,0.0,18.117,39.164,33.544,0,0,0,0.0,89.91420000000001,0.48567344996415757,1.875334136686309,0,0,90.631,90.931,0.29999999999999716,1.1359999999999957,0.19400000000000261,0.378333333333335,0.0,0.546999999999997,0.08428345033279226,0.378333333333335,0,0,2022,Abu Dhabi Grand Prix,0.0,16,0.0
NOR,56,0 days 00:01:30.931000,MEDIUM,14.0,True,0 days 02:27:50.523000,27.9,6,31.9,0 days 00:00:18.150000,0 days 00:00:39.271000,0 days 00:00:33.510000,1,90.931,8870.523,3.4310000000004948,False,True,False,14.0,0.0,0.0,18.15,39.271,33.51,0,0,0,0.0,90.1802,0.5575757347662221,1.3465435333458158,0,0,90.825,90.884,0.0589999999999975,1.3290000000000077,0.10599999999999454,0.34666666666666873,0.0,0.31400000000000006,0.09419394885023162,0.34666666666666873,0,0,2022,Abu Dhabi Grand Prix,0.0,16,0.0
NOR,57,0 days 00:01:30.884000,MEDIUM,15.0,True,0 days 02:29:21.407000,27.9,6,32.0,0 days 00:00:18.221000,0 days 00:00:39.229000,0 days 00:00:33.434000,1,90.884,8961.407,2.121000000001004,False,True,False,15.0,0.0,0.0,18.221,39.229,33.434,0,0,0,0.0,90.4672,0.4814791791968717,0.865665677787429,0,0,90.931,91.136,0.2049999999999983,1.1460000000000008,-0.046999999999997044,0.2556666666666653,0.0,0.08599999999999852,0.09419394885023162,0.2556666666666653,0,0,2022,Abu Dhabi Grand Prix,0.0,16,0.0
OCO,2,0 days 00:01:32.136000,MEDIUM,2.0,True,0 days 01:05:19.495000,28.7,8,34.9,0 days 00:00:18.546000,0 days 00:00:39.296000,0 days 00:00:34.294000,1,92.136,3919.495,0.6790000000000873,False,True,False,2.0,0.0,0.0,18.546,39.296,34.294,0,0,0,0.0,90.8814,0.18246177681944029,6.875960663484703,0,0,92.136,91.385,-0.7509999999999906,1.5049999999999955,0.0,0.10366666666666428,0.0,0.8599999999999994,0.19906657177939244,0.0,0,1,2022,Abu Dhabi Grand Prix,0.0,16,0.0
OCO,3,0 days 00:01:31.385000,MEDIUM,3.0,True,0 days 01:06:50.880000,28.6,8,34.4,0 days 00:00:18.451000,0 days 00:00:38.497000,0 days 00:00:34.437000,1,91.385,4010.88,0.781999999999698,False,True,False,3.0,0.0,0.0,18.451,38.497,34.437,0,0,0,0.0,,,0.0,0,0,92.136,91.427,-0.708999999999989,0.0,-0.7509999999999906,0.0,0.0,0.0,0.0,0.0,0,1,2022,Abu Dhabi Grand Prix,0.0,16,0.0
OCO,4,0 days 00:01:31.427000,MEDIUM,4.0,True,0 days 01:08:22.307000,28.7,8,34.0,0 days 00:00:18.458000,0 days 00:00:38.908000,0 days 00:00:34.061000,1,91.427,4102.307,0.793999999999869,False,True,False,4.0,0.0,0.0,18.458,38.908,34.061,0,0,0,0.0,,,0.0,0,0,91.385,91.722,0.3369999999999891,0.0,0.04200000000000159,-0.3754999999999953,0.0,-0.232999999999997,0.0,0.0,0,1,2022,Abu Dhabi Grand Prix,0.0,16,0.0
OCO,5,0 days 00:01:31.722000,MEDIUM,5.0,True,0 days 01:09:54.029000,28.5,8,34.0,0 days 00:00:18.462000,0 days 00:00:39.149000,0 days 00:00:34.111000,1,91.722,4194.029,0.8579999999992651,False,True,False,5.0,0.0,0.0,18.462,39.149,34.111,0,0,0,0.0,91.64933333333333,0.42198854644804457,0.17220056629098549,0,0,91.427,91.982,0.5549999999999926,0.04200000000000159,0.2949999999999875,-0.23633333333332965,0.0,0.04999999999999716,0.5756934948390492,-0.3544999999999945,0,1,2022,Abu Dhabi Grand Prix,0.0,16,0.0
OCO,6,0 days 00:01:31.982000,MEDIUM,6.0,True,0 days 01:11:26.011000,28.6,8,34.2,0 days 00:00:18.743000,0 days 00:00:39.237000,0 days 00:00:34.002000,1,91.982,4286.011,0.8409999999994398,False,True,False,6.0,0.0,0.0,18.743,39.237,34.002,0,0,0,0.0,91.6675,0.34646260019420977,0.9077458860601468,0,0,91.722,91.762,0.04000000000000625,0.3369999999999891,0.2600000000000051,-0.13800000000000048,0.0,-0.0589999999999975,0.47672729800868946,-0.13800000000000048,0,1,2022,Abu Dhabi Grand Prix,0.0,16,0.0
OCO,7,0 days 00:01:31.762000,MEDIUM,7.0,True,0 days 01:12:57.773000,28.5,8,34.0,0 days 00:00:18.442000,0 days 00:00:39.255000,0 days 00:00:34.065000,1,91.762,4377.773,0.7669999999998254,False,True,False,7.0,0.0,0.0,18.442,39.255,34.065,0,0,0,0.0,91.7304,0.33137486325911786,0.09536028076845363,0,0,91.982,92.711,0.7289999999999992,0.5969999999999942,-0.21999999999999886,0.19899999999999807,0.0,0.06299999999999528,0.42528966599248463,0.19899999999999807,0,1,2022,Abu Dhabi Grand Prix,0.0,16,0.0
OCO,8,0 days 00:01:32.711000,MEDIUM,8.0,True,0 days 01:14:30.484000,28.5,8,34.1,0 days 00:00:18.707000,0 days 00:00:39.262000,0 days 00:00:34.742000,1,92.711,4470.484,0.7100000000000364,False,True,False,8.0,0.0,0.0,18.707,39.262,34.742,0,0,0,0.0,91.65559999999999,0.2488720554823313,4.240733247268632,0,0,91.762,92.592,0.8299999999999983,0.37699999999999534,0.9489999999999981,0.11166666666666458,0.0,0.7399999999999949,0.1202401763139064,0.11166666666666458,0,1,2022,Abu Dhabi Grand Prix,0.0,16,0.0
OCO,9,0 days 00:01:32.592000,MEDIUM,9.0,True,0 days 01:16:03.076000,28.5,8,34.0,0 days 00:00:18.534000,0 days 00:00:39.638000,0 days 00:00:34.420000,1,92.592,4563.076,0.7989999999999782,False,True,False,9.0,0.0,0.0,18.534,39.638,34.42,0,0,0,0.0,91.9208,0.48392633736964374,1.3869879528530547,0,0,92.711,92.577,-0.13400000000000034,1.2839999999999918,-0.11899999999999977,0.3296666666666681,0.0,0.41799999999999926,0.37043717416047467,0.3296666666666681,0,1,2022,Abu Dhabi Grand Prix,0.0,16,0.0
OCO,10,0 days 00:01:32.577000,MEDIUM,10.0,True,0 days 01:17:35.653000,28.5,8,34.0,0 days 00:00:18.622000,0 days 00:00:39.597000,0 days 00:00:34.358000,1,92.577,4655.653,0.7330000000001746,False,True,False,10.0,0.0,0.0,18.622,39.597,34.358,0,0,0,0.0,92.1538,0.4668952773374325,0.9064131091952361,0,0,92.592,92.393,-0.19899999999999807,0.8700000000000045,-0.015000000000000568,0.20333333333333314,0.0,0.29299999999999926,0.3310910750835772,0.20333333333333314,0,1,2022,Abu Dhabi Grand Prix,0.0,16,0.0
OCO,11,0 days 00:01:32.393000,MEDIUM,11.0,True,0 days 01:19:08.046000,28.5,8,33.9,0 days 00:00:18.598000,0 days 00:00:39.501000,0 days 00:00:34.294000,1,92.393,4748.046,0.8249999999998181,False,True,False,11.0,0.0,0.0,18.598,39.501,34.294,0,0,0,0.0,92.3248,0.42379440770259574,0.16092708813624762,0,0,92.577,92.745,0.16800000000000637,0.8149999999999977,-0.1839999999999975,0.2716666666666659,0.0,-0.06400000000000006,0.31313655168312576,0.2716666666666659,0,1,2022,Abu Dhabi Grand Prix,0.0,16,0.0
OCO,12,0 days 00:01:32.745000,MEDIUM,12.0,True,0 days 01:20:40.791000,28.5,8,33.9,0 days 00:00:18.565000,0 days 00:00:39.518000,0 days 00:00:34.662000,1,92.745,4840.791,0.6869999999998981,False,True,False,12.0,0.0,0.0,18.565,39.518,34.662,0,0,0,0.0,92.40700000000001,0.37807472806310616,0.8940031557559615,0,0,92.393,92.751,0.3580000000000041,0.6310000000000002,0.35200000000000387,-0.10599999999999928,0.0,0.3680000000000021,0.3145385508963875,-0.10599999999999928,0,1,2022,Abu Dhabi Grand Prix,0.0,16,0.0
OCO,13,0 days 00:01:32.751000,MEDIUM,13.0,True,0 days 01:22:13.542000,28.4,8,33.9,0 days 00:00:18.594000,0 days 00:00:39.607000,0 days 00:00:34.550000,1,92.751,4933.542,0.6799999999993815,False,True,False,13.0,0.0,0.0,18.594,39.607,34.55,0,0,0,0.0,92.6036,0.13849476524399335,1.06430015416339,0,0,92.745,91.46,-1.2850000000000108,0.35200000000000387,0.006000000000000227,0.05100000000000193,0.0,0.2560000000000002,0.287961803022552,0.05100000000000193,0,1,2022,Abu Dhabi Grand Prix,0.0,16,0.0
OCO,16,0 days 00:01:31.460000,HARD,2.0,True,0 days 01:27:11.486000,28.4,13,33.4,0 days 00:00:18.397000,0 days 00:00:39.237000,0 days 00:00:33.826000,1,91.46,5231.486,2.298999999999978,True,False,False,2.0,0.0,0.0,18.397,39.237,33.826,0,0,0,0.0,92.6116,0.14713531187308107,-7.82680911427552,1,0,92.751,91.134,-1.6170000000000044,0.3580000000000041,-1.291000000000011,0.058000000000002196,0.0,-0.4679999999999964,0.18877287940803372,0.058000000000002196,0,0,2022,Abu Dhabi Grand Prix,0.0,16,0.0
OCO,17,0 days 00:01:31.134000,HARD,3.0,True,0 days 01:28:42.620000,28.4,13,33.4,0 days 00:00:18.397000,0 days 00:00:39.113000,0 days 00:00:33.624000,1,91.134,5322.62,2.217000000000553,True,False,False,3.0,0.0,0.0,18.397,39.113,33.624,0,0,0,0.0,92.38520000000001,0.5376124998546807,-2.327326839197781,1,1,91.46,91.516,0.056000000000011596,0.0,-0.3259999999999934,-0.31100000000000233,0.0,-0.20199999999999818,0.3465126260325867,-0.31100000000000233,0,0,2022,Abu Dhabi Grand Prix,0.0,16,0.0
OCO,18,0 days 00:01:31.516000,HARD,4.0,True,0 days 01:30:14.136000,28.3,13,33.3,0 days 00:00:18.469000,0 days 00:00:38.995000,0 days 00:00:34.052000,1,91.516,5414.136,2.074999999999818,True,False,False,4.0,0.0,0.0,18.469,38.995,34.052,0,0,0,0.0,92.0966,0.7530559740152162,-0.7709918253543504,0,1,91.134,90.835,-0.2990000000000066,0.0,0.382000000000005,-0.5370000000000014,0.0,0.42799999999999727,0.34002352859765383,-0.5370000000000014,0,0,2022,Abu Dhabi Grand Prix,0.0,16,0.0
OCO,19,0 days 00:01:30.835000,HARD,5.0,True,0 days 01:31:44.971000,28.3,11,33.6,0 days 00:00:18.566000,0 days 00:00:38.464000,0 days 00:00:33.805000,1,90.835,5504.971,1.368000000000393,True,False,False,5.0,0.0,0.0,18.566,38.464,33.805,0,0,0,0.0,91.9212,0.7687312274130723,-1.4129775938142595,0,0,91.516,91.355,-0.16100000000000136,0.382000000000005,-0.6810000000000116,-0.41166666666666646,0.0,0.18099999999999739,0.3920418345023891,-0.41166666666666646,0,0,2022,Abu Dhabi Grand Prix,0.0,16,0.0
OCO,20,0 days 00:01:31.355000,HARD,6.0,True,0 days 01:33:16.326000,28.3,9,33.1,0 days 00:00:18.477000,0 days 00:00:39.100000,0 days 00:00:33.778000,1,91.355,5596.326,3.024000000000342,True,False,False,6.0,0.0,0.0,18.477,39.1,33.778,0,0,0,0.0,91.5392,0.7306426623186048,-0.25210682252724453,0,0,90.835,91.117,0.2820000000000107,0.0,0.5200000000000102,-0.20833333333333334,0.0,0.15399999999999636,0.3652752386899476,-0.20833333333333334,0,0,2022,Abu Dhabi Grand Prix,0.0,16,0.0
OCO,21,0 days 00:01:31.117000,HARD,7.0,True,0 days 01:34:47.443000,28.3,9,33.1,0 days 00:00:18.374000,0 days 00:00:39.064000,0 days 00:00:33.679000,1,91.117,5687.443,4.144999999999527,True,False,False,7.0,0.0,0.0,18.374,39.064,33.679,0,0,0,0.0,91.26,0.27886466251574804,-0.512793549064056,0,0,91.355,90.999,-0.35600000000000875,0.5200000000000102,-0.23799999999999955,0.07366666666666788,0.0,-0.09899999999999665,0.3527602585326158,0.07366666666666788,0,0,2022,Abu Dhabi Grand Prix,0.0,16,0.0
OCO,22,0 days 00:01:30.999000,HARD,8.0,True,0 days 01:36:18.442000,28.2,9,33.0,0 days 00:00:18.288000,0 days 00:00:38.963000,0 days 00:00:33.748000,1,90.999,5778.442,4.542000000000371,True,False,False,8.0,0.0,0.0,18.288,38.963,33.748,0,0,0,0.0,91.19140000000002,0.25883450310965783,-0.7433321202873342,0,0,91.117,90.933,-0.1839999999999975,0.2820000000000107,-0.11800000000000921,-0.1330000000000003,0.0,0.06899999999999551,0.24878565071160902,-0.1330000000000003,0,0,2022,Abu Dhabi Grand Prix,0.0,16,0.0
OCO,23,0 days 00:01:30.933000,HARD,9.0,True,0 days 01:37:49.375000,28.2,9,32.9,0 days 00:00:18.324000,0 days 00:00:39.078000,0 days 00:00:33.531000,1,90.933,5869.375,5.234999999999673,True,False,False,9.0,0.0,0.0,18.324,39.078,33.531,0,0,0,0.0,91.1644,0.27297399143512513,-0.8476998075290555,0,0,90.999,91.19,0.1910000000000025,0.16400000000000148,-0.06599999999998829,0.05466666666666716,0.0,-0.14800000000000324,0.191549732445648,0.05466666666666716,0,0,2022,Abu Dhabi Grand Prix,0.0,16,0.0
OCO,24,0 days 00:01:31.190000,HARD,10.0,True,0 days 01:39:20.565000,28.2,9,33.3,0 days 00:00:18.359000,0 days 00:00:39.158000,0 days 00:00:33.673000,1,91.19,5960.565,4.817000000000007,True,False,False,10.0,0.0,0.0,18.359,39.158,33.673,0,0,0,0.0,91.04780000000001,0.20000299997755452,0.7109893352397055,0,0,90.933,91.254,0.32099999999999795,0.09800000000001319,0.2569999999999908,-0.1406666666666657,0.0,0.142000000000003,0.14833509362251257,-0.1406666666666657,0,0,2022,Abu Dhabi Grand Prix,0.0,16,0.0
OCO,25,0 days 00:01:31.254000,HARD,11.0,True,0 days 01:40:51.819000,28.3,8,33.3,0 days 00:00:18.420000,0 days 00:00:39.098000,0 days 00:00:33.736000,1,91.254,6051.819,4.536999999999352,True,False,False,11.0,0.0,0.0,18.42,39.098,33.736,0,0,0,0.0,91.11880000000001,0.16563272623494843,0.8162638089299915,0,0,91.19,91.094,-0.09600000000000364,0.2569999999999908,0.06400000000000716,0.024333333333331097,0.0,0.2049999999999983,0.1392490574474381,0.024333333333331097,0,0,2022,Abu Dhabi Grand Prix,0.0,16,0.0
OCO,26,0 days 00:01:31.094000,HARD,12.0,True,0 days 01:42:22.913000,28.2,8,33.0,0 days 00:00:18.383000,0 days 00:00:39.070000,0 days 00:00:33.641000,1,91.094,6142.913,4.223000000000866,True,False,False,12.0,0.0,0.0,18.383,39.07,33.641,0,0,0,0.0,91.0986,0.13246244750879815,-0.034726823235733006,0,0,91.254,91.097,-0.1570000000000107,0.32099999999999795,-0.1600000000000108,0.08500000000000323,0.0,0.10999999999999943,0.15243260806008674,0.08500000000000323,0,0,2022,Abu Dhabi Grand Prix,0.0,16,0.0
OCO,27,0 days 00:01:31.097000,HARD,13.0,True,0 days 01:43:54.010000,28.2,8,32.8,0 days 00:00:18.446000,0 days 00:00:39.128000,0 days 00:00:33.523000,1,91.097,6234.01,4.067000000000007,True,False,False,13.0,0.0,0.0,18.446,39.128,33.523,0,0,0,0.0,91.094,0.13206248521067965,0.022716519344719324,0,0,91.094,91.091,-0.0030000000000001137,0.16099999999998715,0.0030000000000001137,0.05366666666666239,0.0,-0.117999999999995,0.13451505491951588,0.05366666666666239,0,0,2022,Abu Dhabi Grand Prix,0.0,16,0.0
OCO,28,0 days 00:01:31.091000,HARD,14.0,True,0 days 01:45:25.101000,28.1,8,32.5,0 days 00:00:18.390000,0 days 00:00:39.230000,0 days 00:00:33.471000,1,91.091,6325.101,4.131000000000313,True,False,False,14.0,0.0,0.0,18.39,39.23,33.471,0,0,0,0.0,91.11359999999999,0.12126953450896462,-0.18636172796001296,0,0,91.097,91.029,-0.06799999999999784,0.16399999999998727,-0.006000000000000227,-0.031000000000001176,0.0,-0.05200000000000671,0.16032841295291336,-0.031000000000001176,0,0,2022,Abu Dhabi Grand Prix,0.0,16,0.0
OCO,29,0 days 00:01:31.029000,HARD,15.0,True,0 days 01:46:56.130000,28.1,8,32.8,0 days 00:00:18.341000,0 days 00:00:39.097000,0 days 00:00:33.591000,1,91.029,6416.13,4.368999999999687,True,False,False,15.0,0.0,0.0,18.341,39.097,33.591,0,0,0,0.0,91.1452,0.07370006784272094,-1.576660692470216,1,0,91.091,91.091,0.0,0.0,-0.06199999999999761,-0.054333333333336974,0.0,0.12000000000000455,0.1364214059449613,-0.054333333333336974,0,0,2022,Abu Dhabi Grand Prix,0.0,16,0.0
OCO,30,0 days 00:01:31.091000,HARD,16.0,True,0 days 01:48:27.221000,28.1,8,32.8,0 days 00:00:18.449000,0 days 00:00:39.135000,0 days 00:00:33.507000,1,91.091,6507.221,4.457000000000335,True,False,False,16.0,0.0,0.0,18.449,39.135,33.507,0,0,0,0.0,91.11299999999999,0.08372275676315212,-0.26277204490803335,0,1,91.029,91.159,0.13000000000000966,0.0,0.06199999999999761,-0.021666666666665908,0.0,0.036000000000001364,0.1333304166347647,-0.021666666666665908,0,0,2022,Abu Dhabi Grand Prix,0.0,16,0.0
OCO,31,0 days 00:01:31.159000,HARD,17.0,True,0 days 01:49:58.380000,28.1,8,32.9,0 days 00:00:18.368000,0 days 00:00:39.321000,0 days 00:00:33.470000,1,91.159,6598.38,4.4650000000001455,True,False,False,17.0,0.0,0.0,18.368,39.321,33.47,0,0,0,0.0,91.0804,0.028840943119484225,2.725292292779027,0,0,91.091,91.079,-0.012000000000000455,0.06199999999999761,0.06800000000001205,-0.002000000000000076,0.0,-0.0009999999999976694,0.10317557850576907,-0.002000000000000076,0,0,2022,Abu Dhabi Grand Prix,0.0,16,0.0
OCO,32,0 days 00:01:31.079000,HARD,18.0,True,0 days 01:51:29.459000,28.1,8,32.9,0 days 00:00:18.446000,0 days 00:00:39.024000,0 days 00:00:33.609000,1,91.079,6689.459,4.3640000000004875,True,False,False,18.0,0.0,0.0,18.446,39.024,33.609,0,0,0,0.0,91.0934,0.046030424721281375,-0.3128365659713646,0,0,91.159,91.043,-0.11599999999999966,0.13000000000000966,-0.0800000000000125,0.022666666666670682,0.0,0.1390000000000029,0.08983317872590388,0.022666666666670682,0,0,2022,Abu Dhabi Grand Prix,0.0,16,0.0
OCO,33,0 days 00:01:31.043000,HARD,19.0,True,0 days 01:53:00.502000,28.1,8,32.8,0 days 00:00:18.302000,0 days 00:00:39.124000,0 days 00:00:33.617000,1,91.043,6780.502,4.204999999999927,True,False,False,19.0,0.0,0.0,18.302,39.124,33.617,0,0,0,0.0,91.0898,0.04638103060542746,-1.0090332057975857,0,0,91.079,91.107,0.028000000000005798,0.04999999999999716,-0.03599999999998715,0.01666666666666572,0.0,0.14699999999999847,0.0806368402158751,0.01666666666666572,0,0,2022,Abu Dhabi Grand Prix,0.0,16,0.0
OCO,34,0 days 00:01:31.107000,HARD,20.0,True,0 days 01:54:31.609000,28.0,8,32.7,0 days 00:00:18.382000,0 days 00:00:39.105000,0 days 00:00:33.620000,1,91.107,6871.609,3.983999999999469,True,False,False,20.0,0.0,0.0,18.382,39.105,33.62,0,0,0,0.0,91.0802,0.05082519060487167,0.5272975798230566,0,0,91.043,91.033,-0.010000000000005116,0.014000000000010004,0.06399999999999295,-0.015999999999995868,0.0,0.14999999999999858,0.06657852506627021,-0.015999999999995868,0,0,2022,Abu Dhabi Grand Prix,0.0,16,0.0
OCO,35,0 days 00:01:31.033000,HARD,21.0,True,0 days 01:56:02.642000,28.0,8,32.6,0 days 00:00:18.299000,0 days 00:00:39.195000,0 days 00:00:33.539000,1,91.033,6962.642,4.020000000000437,True,False,False,21.0,0.0,0.0,18.299,39.195,33.539,0,0,0,0.0,91.09580000000001,0.04246410248693952,-1.4788962046077638,0,0,91.107,91.118,0.01099999999999568,0.06399999999999295,-0.07399999999999807,-0.01733333333333557,0.0,-0.07000000000000028,0.07134213341357157,-0.01733333333333557,0,0,2022,Abu Dhabi Grand Prix,0.0,16,0.0
OCO,36,0 days 00:01:31.118000,HARD,22.0,True,0 days 01:57:33.760000,28.0,8,32.6,0 days 00:00:18.331000,0 days 00:00:39.106000,0 days 00:00:33.681000,1,91.118,7053.76,3.9349999999994907,True,False,False,22.0,0.0,0.0,18.331,39.106,33.681,0,0,0,0.0,91.0842,0.05113902619351602,0.6609433639212499,0,0,91.033,90.783,-0.25,0.0,0.08499999999999375,-0.015333333333330756,0.0,0.1419999999999959,0.10208574827075485,-0.015333333333330756,0,0,2022,Abu Dhabi Grand Prix,0.0,16,0.0
OCO,37,0 days 00:01:30.783000,HARD,23.0,True,0 days 01:59:04.543000,28.0,8,32.5,0 days 00:00:18.321000,0 days 00:00:39.040000,0 days 00:00:33.422000,1,90.783,7144.543,4.132000000000517,True,False,False,23.0,0.0,0.0,18.321,39.04,33.422,0,0,0,0.0,91.076,0.03765634076779918,-7.780894107760553,1,0,91.118,90.788,-0.3299999999999983,0.08499999999999375,-0.33499999999999375,0.02499999999999621,0.0,-0.11700000000000443,0.09602239322158107,0.02499999999999621,0,0,2022,Abu Dhabi Grand Prix,0.0,16,0.0
OCO,38,0 days 00:01:30.788000,HARD,24.0,True,0 days 02:00:35.331000,28.0,8,32.6,0 days 00:00:18.342000,0 days 00:00:38.974000,0 days 00:00:33.472000,12,90.788,7235.331,4.653999999999542,True,False,False,24.0,0.0,0.0,18.342,38.974,33.472,0,0,1,0.0,91.0168,0.13600441169322608,-1.6822983692329925,1,1,90.783,90.992,0.20900000000000318,0.0,0.0049999999999954525,-0.10799999999999936,0.0,0.05000000000000426,0.1324397976440619,-0.10799999999999936,0,0,2022,Abu Dhabi Grand Prix,0.0,16,0.0
OCO,39,0 days 00:01:30.992000,HARD,25.0,True,0 days 02:02:06.323000,28.0,8,32.7,0 days 00:00:18.333000,0 days 00:00:39.021000,0 days 00:00:33.638000,1,90.992,7326.323,4.694999999999709,True,False,False,25.0,0.0,0.0,18.333,39.021,33.638,0,0,0,0.0,90.9658,0.16781448090084727,0.15612478648659103,0,1,90.788,91.001,0.21300000000000807,0.0049999999999954525,0.20400000000000773,-0.08166666666666818,0.0,0.21600000000000108,0.1213960460641123,-0.08166666666666818,0,0,2022,Abu Dhabi Grand Prix,0.0,16,0.0
OCO,40,0 days 00:01:31.001000,HARD,26.0,True,0 days 02:03:37.324000,28.0,7,32.7,0 days 00:00:18.269000,0 days 00:00:39.102000,0 days 00:00:33.630000,1,91.001,7417.324,20.25,True,False,False,26.0,0.0,0.0,18.269,39.102,33.63,0,0,0,0.0,90.94279999999999,0.1506243672186579,0.38639166473991543,0,0,90.992,89.369,-1.6230000000000047,0.20900000000000318,0.009000000000000341,-0.04199999999999685,0.0,0.2080000000000055,0.13976837982891654,-0.04199999999999685,0,0,2022,Abu Dhabi Grand Prix,0.0,16,0.0
OCO,43,0 days 00:01:29.369000,HARD,2.0,True,0 days 02:08:29.967000,28.0,8,32.4,0 days 00:00:18.095000,0 days 00:00:38.276000,0 days 00:00:32.998000,1,89.369,7709.967,1.6690000000007785,True,False,False,2.0,0.0,0.0,18.095,38.276,32.998,0,0,0,0.0,90.9364,0.14645579537874562,-10.70220537157026,1,0,91.001,89.379,-1.6219999999999999,0.21800000000000352,-1.632000000000005,0.07266666666666784,0.0,-0.47400000000000375,0.13826857922174748,0.07266666666666784,0,0,2022,Abu Dhabi Grand Prix,0.0,16,0.0
OCO,44,0 days 00:01:29.379000,HARD,3.0,True,0 days 02:09:59.346000,28.0,8,32.3,0 days 00:00:18.010000,0 days 00:00:38.491000,0 days 00:00:32.878000,1,89.379,7799.346,3.2450000000008004,True,False,False,3.0,0.0,0.0,18.01,38.491,32.878,0,0,0,0.0,90.5866,0.6887962688633079,-1.7532034573776827,1,1,89.369,89.333,-0.036000000000001364,0.0,0.010000000000005116,-0.472999999999999,0.0,-0.11999999999999744,0.28637702421807865,-0.472999999999999,0,0,2022,Abu Dhabi Grand Prix,0.0,16,0.0
OCO,45,0 days 00:01:29.333000,HARD,4.0,True,0 days 02:11:28.679000,28.0,8,32.3,0 days 00:00:18.018000,0 days 00:00:38.565000,0 days 00:00:32.750000,1,89.333,7888.679,4.697000000000116,True,False,False,4.0,0.0,0.0,18.018,38.565,32.75,0,0,0,0.0,90.3058,0.8548746691767202,-1.137944584247482,0,1,89.379,89.421,0.04200000000000159,0.010000000000005116,-0.04600000000000648,-0.5376666666666665,0.0,-0.1280000000000001,0.2866251907980205,-0.5376666666666665,0,0,2022,Abu Dhabi Grand Prix,0.0,16,0.0
OCO,46,0 days 00:01:29.421000,HARD,5.0,True,0 days 02:12:58.100000,28.0,8,32.0,0 days 00:00:18.012000,0 days 00:00:38.552000,0 days 00:00:32.857000,1,89.421,7978.1,6.219000000000051,True,False,False,5.0,0.0,0.0,18.012,38.552,32.857,0,0,0,0.0,90.01480000000001,0.896334312631177,-0.662476033364058,0,0,89.333,89.389,0.055999999999997385,0.0,0.08800000000000807,-0.5560000000000022,0.0,0.10699999999999932,0.286190146580908,-0.5560000000000022,0,0,2022,Abu Dhabi Grand Prix,0.0,16,0.0
OCO,47,0 days 00:01:29.389000,HARD,6.0,True,0 days 02:14:27.489000,28.0,8,32.0,0 days 00:00:17.984000,0 days 00:00:38.537000,0 days 00:00:32.868000,1,89.389,8067.489,7.765000000000327,True,False,False,6.0,0.0,0.0,17.984,38.537,32.868,0,0,0,0.0,89.7006,0.7276213300886651,-0.4282447299366941,0,0,89.421,89.707,0.28599999999998715,0.08800000000000807,-0.03200000000001069,0.01733333333333557,0.0,0.1180000000000021,0.2631744668466176,0.01733333333333557,0,0,2022,Abu Dhabi Grand Prix,0.0,16,0.0
OCO,48,0 days 00:01:29.707000,HARD,7.0,True,0 days 02:15:57.196000,28.0,8,32.3,0 days 00:00:18.120000,0 days 00:00:38.550000,0 days 00:00:33.037000,1,89.707,8157.196,9.146999999999935,True,False,False,7.0,0.0,0.0,18.12,38.55,33.037,0,0,0,0.0,89.3782,0.03192491190259777,10.299167026776729,0,0,89.389,89.641,0.25200000000000955,0.055999999999997385,0.31799999999999784,0.0033333333333303017,0.0,0.28699999999999903,0.24053648371920808,0.0033333333333303017,0,0,2022,Abu Dhabi Grand Prix,0.0,16,0.0
OCO,49,0 days 00:01:29.641000,HARD,8.0,True,0 days 02:17:26.837000,28.0,8,31.9,0 days 00:00:18.017000,0 days 00:00:38.552000,0 days 00:00:33.072000,1,89.641,8246.837,11.56500000000051,True,False,False,8.0,0.0,0.0,18.017,38.552,33.072,0,0,0,0.0,89.4458,0.14937603556122894,1.3067691833338804,0,0,89.707,89.848,0.14100000000000534,0.3739999999999952,-0.06599999999998829,0.12466666666666508,0.0,0.2150000000000034,0.17648427692006943,0.12466666666666508,0,0,2022,Abu Dhabi Grand Prix,0.0,16,0.0
OCO,50,0 days 00:01:29.848000,HARD,9.0,True,0 days 02:18:56.685000,28.0,8,32.0,0 days 00:00:18.043000,0 days 00:00:38.726000,0 days 00:00:33.079000,1,89.848,8336.685,12.153000000000247,True,False,False,9.0,0.0,0.0,18.043,38.726,33.079,0,0,0,0.0,89.4982,0.16520048426076392,2.117427207100999,0,0,89.641,89.502,-0.13900000000001,0.30800000000000693,0.20699999999999363,0.07333333333333296,0.0,0.21099999999999852,0.15699585981802236,0.07333333333333296,0,0,2022,Abu Dhabi Grand Prix,0.0,16,0.0
OCO,51,0 days 00:01:29.502000,HARD,10.0,True,0 days 02:20:26.187000,28.0,8,32.0,0 days 00:00:18.043000,0 days 00:00:38.486000,0 days 00:00:32.973000,1,89.502,8426.187,12.593000000000757,True,False,False,10.0,0.0,0.0,18.043,38.486,32.973,0,0,0,0.0,89.60119999999999,0.19441501999585817,-0.5102486423225404,0,0,89.848,89.611,-0.23699999999999477,0.4590000000000032,-0.34600000000000364,0.15300000000000105,0.0,-0.06400000000000006,0.07503199317624426,0.15300000000000105,0,0,2022,Abu Dhabi Grand Prix,0.0,16,0.0
OCO,52,0 days 00:01:29.611000,HARD,11.0,True,0 days 02:21:55.798000,27.9,8,32.1,0 days 00:00:18.037000,0 days 00:00:38.592000,0 days 00:00:32.982000,1,89.611,8515.798,13.412999999998647,True,False,False,11.0,0.0,0.0,18.037,38.592,32.982,0,0,0,0.0,89.6174,0.17835722581378793,-0.03588304298184785,0,0,89.502,89.506,0.0040000000000048885,0.11299999999999955,0.10900000000000887,-0.06833333333333276,0.0,0.009000000000000341,0.13553339071977796,-0.06833333333333276,0,0,2022,Abu Dhabi Grand Prix,0.0,16,0.0
OCO,53,0 days 00:01:29.506000,HARD,12.0,True,0 days 02:23:25.304000,27.9,8,31.9,0 days 00:00:17.983000,0 days 00:00:38.634000,0 days 00:00:32.889000,1,89.506,8605.304,13.711999999999534,True,False,False,12.0,0.0,0.0,17.983,38.634,32.889,0,0,0,0.0,89.6618,0.1277329244947811,-1.219732505274041,0,0,89.611,89.434,-0.1770000000000067,0.10900000000000887,-0.10500000000000398,-0.010000000000000378,0.0,-0.08399999999999608,0.1505815393731915,-0.010000000000000378,0,0,2022,Abu Dhabi Grand Prix,0.0,16,0.0
OCO,54,0 days 00:01:29.434000,HARD,13.0,True,0 days 02:24:54.738000,27.9,8,31.9,0 days 00:00:17.991000,0 days 00:00:38.611000,0 days 00:00:32.832000,1,89.434,8694.738,14.457000000000335,True,False,False,13.0,0.0,0.0,17.991,38.611,32.832,0,0,0,0.0,89.6216,0.14090173881109924,-1.3314243073430796,0,0,89.506,89.491,-0.015000000000000568,0.0040000000000048885,-0.07200000000000273,-0.11399999999999959,0.0,-0.05700000000000216,0.14620636101072998,-0.11399999999999959,0,0,2022,Abu Dhabi Grand Prix,0.0,16,0.0
OCO,55,0 days 00:01:29.491000,HARD,14.0,True,0 days 02:26:24.229000,27.9,7,31.9,0 days 00:00:17.988000,0 days 00:00:38.585000,0 days 00:00:32.918000,1,89.491,8784.229,15.329000000001543,True,False,False,14.0,0.0,0.0,17.988,38.585,32.918,0,0,0,0.0,89.58019999999999,0.1625275361284769,-0.5488300759661986,0,0,89.434,89.725,0.2909999999999968,0.0,0.05700000000000216,-0.022666666666665947,0.0,0.08599999999999852,0.12140634250318134,-0.022666666666665947,0,0,2022,Abu Dhabi Grand Prix,0.0,16,0.0
OCO,56,0 days 00:01:29.725000,HARD,15.0,True,0 days 02:27:53.954000,27.9,7,32.0,0 days 00:00:18.034000,0 days 00:00:38.670000,0 days 00:00:33.021000,1,89.725,8873.954,16.11200000000099,True,False,False,15.0,0.0,0.0,18.034,38.67,33.021,0,0,0,0.0,89.5088,0.06405232236224719,3.375365514107107,0,0,89.491,89.574,0.08299999999999841,0.05700000000000216,0.23399999999999466,-0.040000000000001514,0.0,0.18900000000000006,0.06974596762537512,-0.040000000000001514,0,0,2022,Abu Dhabi Grand Prix,0.0,16,0.0
OCO,57,0 days 00:01:29.574000,HARD,16.0,True,0 days 02:29:23.528000,27.9,7,32.0,0 days 00:00:17.967000,0 days 00:00:38.619000,0 days 00:00:32.988000,1,89.574,8963.528,18.381999999999607,True,False,False,16.0,0.0,0.0,17.967,38.619,32.988,0,0,0,0.0,89.5534,0.11528356344246862,0.17868982693514673,0,0,89.725,90.021,0.2960000000000065,0.2909999999999968,-0.15099999999999625,0.07299999999999802,0.0,0.1559999999999988,0.1111454002646977,0.07299999999999802,0,0,2022,Abu Dhabi Grand Prix,0.0,16,0.0
PER,2,0 days 00:01:30.579000,MEDIUM,2.0,True,0 days 01:05:14.225000,28.7,2,34.9,0 days 00:00:18.372000,0 days 00:00:38.638000,0 days 00:00:33.569000,1,90.579,3914.225,1.3580000000001746,False,True,False,2.0,0.0,0.0,18.372,38.638,33.569,0,0,0,0.0,89.649,0.23503935840618162,3.9567841161003328,0,0,90.579,90.272,-0.30699999999998795,1.144999999999996,0.0,0.17666666666666705,0.0,0.5810000000000031,0.17393590773615591,0.0,0,0,2022,Abu Dhabi Grand Prix,0.0,16,0.0
PER,3,0 days 00:01:30.272000,MEDIUM,3.0,True,0 days 01:06:44.497000,28.6,2,34.4,0 days 00:00:18.365000,0 days 00:00:38.123000,0 days 00:00:33.784000,1,90.272,4004.497,1.5040000000003602,False,True,False,3.0,0.0,0.0,18.365,38.123,33.784,0,0,0,0.0,,,0.0,0,0,90.579,90.879,0.30000000000001137,0.0,-0.30699999999998795,0.0,0.0,0.0,0.0,0.0,0,0,2022,Abu Dhabi Grand Prix,0.0,16,0.0
PER,4,0 days 00:01:30.879000,MEDIUM,4.0,True,0 days 01:08:15.376000,28.7,2,34.0,0 days 00:00:18.464000,0 days 00:00:38.868000,0 days 00:00:33.547000,1,90.879,4095.376,1.7919999999994616,False,True,False,4.0,0.0,0.0,18.464,38.868,33.547,0,0,0,0.0,,,0.0,0,0,90.272,90.927,0.6550000000000011,0.0,0.6069999999999993,-0.15349999999999397,0.0,-0.02200000000000557,0.0,0.0,0,0,2022,Abu Dhabi Grand Prix,0.0,16,0.0
PER,5,0 days 00:01:30.927000,MEDIUM,5.0,True,0 days 01:09:46.303000,28.6,2,34.0,0 days 00:00:18.389000,0 days 00:00:38.861000,0 days 00:00:33.677000,1,90.927,4186.303,2.2210000000004584,False,True,False,5.0,0.0,0.0,18.389,38.861,33.677,0,0,0,0.0,90.57666666666667,0.3035067269984853,1.1542852338000638,0,0,90.879,90.635,-0.24399999999999977,0.6069999999999993,0.04800000000000182,0.1000000000000038,0.0,0.13000000000000256,0.3419683221196602,0.15000000000000568,0,0,2022,Abu Dhabi Grand Prix,0.0,16,0.0
PER,6,0 days 00:01:30.635000,MEDIUM,6.0,True,0 days 01:11:16.938000,28.6,2,34.2,0 days 00:00:18.423000,0 days 00:00:38.796000,0 days 00:00:33.416000,1,90.635,4276.938,2.6729999999997744,False,True,False,6.0,0.0,0.0,18.423,38.796,33.416,0,0,0,0.0,90.66425000000001,0.30347034451491295,-0.09638503573309541,0,0,90.927,90.612,-0.31500000000001194,0.6550000000000011,-0.2920000000000016,0.11600000000000439,0.0,-0.13100000000000023,0.2806330641009148,0.11600000000000439,0,0,2022,Abu Dhabi Grand Prix,0.0,16,0.0
PER,7,0 days 00:01:30.612000,MEDIUM,7.0,True,0 days 01:12:47.550000,28.6,2,34.5,0 days 00:00:18.366000,0 days 00:00:38.771000,0 days 00:00:33.475000,1,90.612,4367.55,2.9219999999995707,False,True,False,7.0,0.0,0.0,18.366,38.771,33.475,0,0,0,0.0,90.6584,0.263138366643863,-0.1763330851057698,0,0,90.635,90.666,0.0309999999999917,0.36299999999999955,-0.023000000000010346,0.12099999999999984,0.0,0.059000000000004604,0.2783133126532059,0.12099999999999984,0,0,2022,Abu Dhabi Grand Prix,0.0,16,0.0
PER,8,0 days 00:01:30.666000,MEDIUM,8.0,True,0 days 01:14:18.216000,28.5,2,34.1,0 days 00:00:18.452000,0 days 00:00:38.847000,0 days 00:00:33.367000,1,90.666,4458.216,3.1419999999998254,False,True,False,8.0,0.0,0.0,18.452,38.847,33.367,0,0,0,0.0,90.66499999999999,0.26105459199178965,0.003830616394735648,0,0,90.612,90.971,0.35900000000000887,0.3399999999999892,0.054000000000002046,-0.08900000000000337,0.0,-0.04899999999999949,0.09716841050465101,-0.08900000000000337,0,0,2022,Abu Dhabi Grand Prix,0.0,16,0.0
PER,9,0 days 00:01:30.971000,MEDIUM,9.0,True,0 days 01:15:49.187000,28.5,2,34.0,0 days 00:00:18.443000,0 days 00:00:38.980000,0 days 00:00:33.548000,1,90.971,4549.187,2.9539999999997235,False,True,False,9.0,0.0,0.0,18.443,38.98,33.548,0,0,0,0.0,90.7438,0.1475659174741816,1.5396509159356653,0,0,90.666,91.071,0.40500000000000114,0.054000000000002046,0.3050000000000068,-0.0870000000000033,0.0,0.1810000000000045,0.1004902980391658,-0.0870000000000033,0,0,2022,Abu Dhabi Grand Prix,0.0,16,0.0
PER,10,0 days 00:01:31.071000,MEDIUM,10.0,True,0 days 01:17:20.258000,28.5,2,34.0,0 days 00:00:18.452000,0 days 00:00:38.969000,0 days 00:00:33.650000,1,91.071,4640.258,3.0299999999997453,False,True,False,10.0,0.0,0.0,18.452,38.969,33.65,0,0,0,0.0,90.76219999999999,0.17230118978113917,1.7922104913625363,0,0,90.971,91.167,0.19599999999999795,0.35900000000000887,0.09999999999999432,0.1119999999999995,0.0,0.28300000000000125,0.12794920867281862,0.1119999999999995,0,0,2022,Abu Dhabi Grand Prix,0.0,16,0.0
PER,11,0 days 00:01:31.167000,MEDIUM,11.0,True,0 days 01:18:51.425000,28.5,2,33.9,0 days 00:00:18.464000,0 days 00:00:39.018000,0 days 00:00:33.685000,1,91.167,4731.425,2.9020000000000437,False,True,False,11.0,0.0,0.0,18.464,39.018,33.685,0,0,0,0.0,90.79100000000001,0.21377675271177912,1.758844192506405,0,0,91.071,91.407,0.3359999999999985,0.4590000000000032,0.09600000000000364,0.15300000000000105,0.0,0.31800000000000495,0.16760310259658187,0.15300000000000105,0,0,2022,Abu Dhabi Grand Prix,0.0,16,0.0
PER,12,0 days 00:01:31.407000,MEDIUM,12.0,True,0 days 01:20:22.832000,28.5,2,33.9,0 days 00:00:18.427000,0 days 00:00:39.188000,0 days 00:00:33.792000,1,91.407,4822.832,2.746999999999389,False,True,False,12.0,0.0,0.0,18.427,39.188,33.792,0,0,0,0.0,90.89739999999999,0.2465954176378551,2.0665428615076458,0,0,91.167,91.494,0.3269999999999982,0.5550000000000068,0.23999999999999488,0.1670000000000016,0.0,0.24399999999999977,0.153625518713527,0.1670000000000016,0,0,2022,Abu Dhabi Grand Prix,0.0,16,0.0
PER,13,0 days 00:01:31.494000,MEDIUM,13.0,True,0 days 01:21:54.326000,28.4,2,33.9,0 days 00:00:18.493000,0 days 00:00:39.160000,0 days 00:00:33.841000,1,91.494,4914.326,2.1729999999997744,False,True,False,13.0,0.0,0.0,18.493,39.16,33.841,0,0,0,0.0,91.05640000000001,0.27160228275914344,1.6111793890482586,0,0,91.407,91.99,0.5829999999999984,0.7409999999999997,0.0870000000000033,0.14533333333333096,0.0,0.1910000000000025,0.14577825626615326,0.14533333333333096,0,0,2022,Abu Dhabi Grand Prix,0.0,16,0.0
PER,14,0 days 00:01:31.990000,MEDIUM,14.0,True,0 days 01:23:26.316000,28.4,2,33.7,0 days 00:00:18.582000,0 days 00:00:39.342000,0 days 00:00:34.066000,1,91.99,5006.316,1.3140000000003056,False,True,False,14.0,0.0,0.0,18.582,39.342,34.066,0,0,0,0.0,91.22200000000001,0.22194368655126895,3.4603372230756317,0,0,91.494,90.226,-1.2680000000000007,0.5229999999999961,0.4959999999999951,0.1410000000000006,0.0,0.3810000000000002,0.05867963871736087,0.1410000000000006,0,0,2022,Abu Dhabi Grand Prix,0.0,16,0.0
PER,17,0 days 00:01:30.226000,HARD,2.0,True,0 days 01:28:23.113000,28.4,5,33.4,0 days 00:00:18.640000,0 days 00:00:38.380000,0 days 00:00:33.206000,1,90.226,5303.113,2.243999999999687,True,False,False,2.0,0.0,0.0,18.64,38.38,33.206,0,0,0,0.0,91.42580000000001,0.3592307058144592,-3.339914936502396,1,0,91.99,90.185,-1.8049999999999926,0.9189999999999969,-1.7639999999999958,0.2743333333333311,0.0,-0.5859999999999985,0.07213390326330593,0.2743333333333311,0,0,2022,Abu Dhabi Grand Prix,0.0,16,0.0
PER,18,0 days 00:01:30.185000,HARD,3.0,True,0 days 01:29:53.298000,28.3,4,33.3,0 days 00:00:18.422000,0 days 00:00:38.638000,0 days 00:00:33.125000,1,90.185,5393.298,4.423999999999978,True,False,False,3.0,0.0,0.0,18.422,38.638,33.125,0,0,0,0.0,91.2568,0.6494264392523338,-1.6503793735806769,1,1,90.226,89.798,-0.42799999999999727,0.0,-0.04099999999999682,-0.3936666666666658,0.0,-0.08100000000000307,0.3954861565213126,-0.3936666666666658,0,0,2022,Abu Dhabi Grand Prix,0.0,16,0.0
PER,19,0 days 00:01:29.798000,HARD,4.0,True,0 days 01:31:23.096000,28.3,3,33.6,0 days 00:00:18.336000,0 days 00:00:38.523000,0 days 00:00:32.939000,1,89.798,5483.096,7.315000000000509,True,False,False,4.0,0.0,0.0,18.336,38.523,32.939,0,0,0,0.0,91.0604,0.8116103128965144,-1.5554262679273811,1,1,90.185,90.583,0.39799999999999613,0.0,-0.38700000000000045,-0.4363333333333325,0.0,-0.18599999999999994,0.3829800255888027,-0.4363333333333325,0,0,2022,Abu Dhabi Grand Prix,0.0,16,0.0
PER,20,0 days 00:01:30.583000,HARD,5.0,True,0 days 01:32:53.679000,28.3,3,33.1,0 days 00:00:18.467000,0 days 00:00:38.717000,0 days 00:00:33.399000,1,90.583,5573.679,7.868999999999687,True,False,False,5.0,0.0,0.0,18.467,38.717,33.399,0,0,0,0.0,90.73859999999999,0.9474427687200969,-0.16423155586505042,0,1,89.798,90.673,0.875,0.0,0.7849999999999966,-0.7306666666666644,0.0,0.46000000000000085,0.37094568335539374,-0.7306666666666644,0,0,2022,Abu Dhabi Grand Prix,0.0,16,0.0
PER,21,0 days 00:01:30.673000,HARD,6.0,True,0 days 01:34:24.352000,28.3,3,33.1,0 days 00:00:18.495000,0 days 00:00:38.451000,0 days 00:00:33.727000,1,90.673,5664.352,7.743000000000393,True,False,False,6.0,0.0,0.0,18.495,38.451,33.727,0,0,0,0.0,90.5564,0.8482613394467645,0.1374576378502076,0,0,90.583,91.316,0.7330000000000041,0.7849999999999966,0.09000000000000341,0.11899999999999977,0.0,0.7879999999999967,0.4304896049848358,0.11899999999999977,0,0,2022,Abu Dhabi Grand Prix,0.0,16,0.0
PER,22,0 days 00:01:31.316000,HARD,7.0,True,0 days 01:35:55.668000,28.2,2,33.0,0 days 00:00:18.639000,0 days 00:00:38.979000,0 days 00:00:33.698000,1,91.316,5755.668,7.432999999999993,True,False,False,7.0,0.0,0.0,18.639,38.979,33.698,0,0,0,0.0,90.29299999999999,0.3498849811010043,2.9238179837867695,0,0,90.673,91.17,0.4969999999999999,0.875,0.6430000000000007,0.16266666666666652,0.0,0.7590000000000003,0.5444933424753684,0.16266666666666652,0,0,2022,Abu Dhabi Grand Prix,0.0,16,0.0
PER,23,0 days 00:01:31.170000,HARD,8.0,True,0 days 01:37:26.838000,28.2,2,32.9,0 days 00:00:18.703000,0 days 00:00:38.887000,0 days 00:00:33.580000,1,91.17,5846.838,4.913000000000466,True,False,False,8.0,0.0,0.0,18.703,38.887,33.58,0,0,0,0.0,90.511,0.568792141295954,1.1585954730290746,0,0,91.316,90.927,-0.3889999999999958,1.5180000000000007,-0.1460000000000008,0.5060000000000002,0.0,0.18099999999999739,0.4594186543883477,0.5060000000000002,0,0,2022,Abu Dhabi Grand Prix,0.0,16,0.0
PER,24,0 days 00:01:30.927000,HARD,9.0,True,0 days 01:38:57.765000,28.2,2,33.3,0 days 00:00:18.523000,0 days 00:00:38.800000,0 days 00:00:33.604000,1,90.927,5937.765,4.451000000000022,True,False,False,9.0,0.0,0.0,18.523,38.8,33.604,0,0,0,0.0,90.708,0.5975069037258274,0.3665229617171066,0,0,91.17,90.833,-0.3370000000000033,1.3719999999999999,-0.242999999999995,0.19566666666666777,0.0,0.02400000000000091,0.41060358011103576,0.19566666666666777,0,0,2022,Abu Dhabi Grand Prix,0.0,16,0.0
PER,25,0 days 00:01:30.833000,HARD,10.0,True,0 days 01:40:28.598000,28.3,2,33.3,0 days 00:00:18.450000,0 days 00:00:38.874000,0 days 00:00:33.509000,1,90.833,6028.598,4.105999999999767,True,False,False,10.0,0.0,0.0,18.45,38.874,33.509,0,0,0,0.0,90.93379999999999,0.31344489148813864,-0.3215876306722546,0,0,90.927,90.362,-0.5650000000000119,0.3440000000000083,-0.0940000000000083,0.08466666666666829,0.0,-0.07099999999999795,0.34035760605574794,0.08466666666666829,0,0,2022,Abu Dhabi Grand Prix,0.0,16,0.0
PER,26,0 days 00:01:30.362000,HARD,11.0,True,0 days 01:41:58.960000,28.2,2,33.0,0 days 00:00:18.359000,0 days 00:00:38.641000,0 days 00:00:33.362000,1,90.362,6118.96,4.164999999999964,True,False,False,11.0,0.0,0.0,18.359,38.641,33.362,0,0,0,0.0,90.9838,0.2586458969324786,-2.4040590141754032,1,0,90.833,90.697,-0.13599999999999568,0.1599999999999966,-0.47100000000000364,-0.16100000000000136,0.0,-0.14699999999999847,0.4093442316681634,-0.16100000000000136,0,0,2022,Abu Dhabi Grand Prix,0.0,16,0.0
PER,27,0 days 00:01:30.697000,HARD,12.0,True,0 days 01:43:29.657000,28.2,2,32.9,0 days 00:00:18.517000,0 days 00:00:38.726000,0 days 00:00:33.454000,1,90.697,6209.657,3.563000000000102,True,False,False,12.0,0.0,0.0,18.517,38.726,33.454,0,0,0,0.0,90.9216,0.36683961072928356,-0.6122566741183879,0,1,90.362,90.538,0.17600000000000193,0.0,0.33500000000000796,-0.26933333333333564,0.0,0.09199999999999875,0.36220325785392876,-0.26933333333333564,0,0,2022,Abu Dhabi Grand Prix,0.0,16,0.0
PER,28,0 days 00:01:30.538000,HARD,13.0,True,0 days 01:45:00.195000,28.1,2,32.5,0 days 00:00:18.492000,0 days 00:00:38.826000,0 days 00:00:33.220000,1,90.538,6300.195,2.769000000000233,True,False,False,13.0,0.0,0.0,18.492,38.826,33.22,0,0,0,0.0,90.7978,0.2985576996160374,-0.8701835535781406,0,0,90.697,90.47,-0.22700000000000387,0.33500000000000796,-0.15900000000000603,-0.07666666666666799,0.0,-0.142000000000003,0.12961751424865237,-0.07666666666666799,0,0,2022,Abu Dhabi Grand Prix,0.0,16,0.0
PER,29,0 days 00:01:30.470000,HARD,14.0,True,0 days 01:46:30.665000,28.2,2,32.9,0 days 00:00:18.453000,0 days 00:00:38.910000,0 days 00:00:33.107000,1,90.47,6390.665,2.279000000000451,True,False,False,14.0,0.0,0.0,18.453,38.91,33.107,0,0,0,0.0,90.67139999999999,0.22672957460381654,-0.8882828821600157,0,0,90.538,90.034,-0.5039999999999907,0.17600000000000193,-0.06799999999999784,-0.0983333333333339,0.0,-0.11299999999999955,0.10481746037755381,-0.0983333333333339,0,0,2022,Abu Dhabi Grand Prix,0.0,16,0.0
PER,30,0 days 00:01:30.034000,HARD,15.0,True,0 days 01:48:00.699000,28.1,2,32.8,0 days 00:00:18.242000,0 days 00:00:38.578000,0 days 00:00:33.214000,1,90.034,6480.699,2.3479999999999563,True,False,False,15.0,0.0,0.0,18.242,38.578,33.214,0,0,0,0.0,90.58,0.1864711773975543,-2.9280664584206857,1,0,90.47,90.142,-0.32800000000000296,0.10800000000000409,-0.43599999999999284,0.036000000000001364,0.0,0.10699999999999932,0.09876082219179837,0.036000000000001364,0,0,2022,Abu Dhabi Grand Prix,0.0,16,0.0
PER,31,0 days 00:01:30.142000,HARD,16.0,True,0 days 01:49:30.841000,28.1,2,32.9,0 days 00:00:18.297000,0 days 00:00:38.658000,0 days 00:00:33.187000,1,90.142,6570.841,2.0799999999999272,True,False,False,16.0,0.0,0.0,18.297,38.658,33.187,0,0,0,0.0,90.4202,0.24774624114208807,-1.122923192366193,0,1,90.034,90.338,0.30399999999998784,0.0,0.10799999999998988,-0.2209999999999989,0.0,0.0799999999999983,0.12865962847762308,-0.2209999999999989,0,0,2022,Abu Dhabi Grand Prix,0.0,16,0.0
PER,32,0 days 00:01:30.338000,HARD,17.0,True,0 days 01:51:01.179000,28.1,2,32.9,0 days 00:00:18.320000,0 days 00:00:38.663000,0 days 00:00:33.355000,1,90.338,6661.179,1.537000000000262,True,False,False,17.0,0.0,0.0,18.32,38.663,33.355,0,0,0,0.0,90.37620000000001,0.2783167260515168,-0.13725369848216265,0,0,90.142,89.212,-0.9299999999999926,0.10799999999998988,0.19599999999999795,-0.13200000000000026,0.0,0.24799999999999756,0.12158412725351989,-0.13200000000000026,0,0,2022,Abu Dhabi Grand Prix,0.0,16,0.0
PER,35,0 days 00:01:29.212000,HARD,2.0,True,0 days 01:55:52.153000,28.0,6,32.7,0 days 00:00:18.258000,0 days 00:00:38.333000,0 days 00:00:32.621000,1,89.212,6952.153,4.846999999999753,True,False,False,2.0,0.0,0.0,18.258,38.333,32.621,0,0,0,0.0,90.3044,0.21366515860110866,-5.1126725908523,1,0,90.338,89.199,-1.1389999999999958,0.30399999999998784,-1.1259999999999906,-0.04400000000000167,0.0,-0.5659999999999954,0.16263917117349064,-0.04400000000000167,0,0,2022,Abu Dhabi Grand Prix,0.0,16,0.0
PER,36,0 days 00:01:29.199000,HARD,3.0,True,0 days 01:57:21.352000,28.0,6,32.6,0 days 00:00:18.240000,0 days 00:00:38.275000,0 days 00:00:32.684000,1,89.199,7041.352,6.957000000000335,True,False,False,3.0,0.0,0.0,18.24,38.275,32.684,0,0,0,0.0,90.03920000000001,0.492373029318269,-1.706429779801985,1,1,89.212,89.065,-0.14700000000000557,0.0,-0.01300000000000523,-0.2740000000000009,0.0,0.06299999999999528,0.31645331409229754,-0.2740000000000009,0,0,2022,Abu Dhabi Grand Prix,0.0,16,0.0
PER,37,0 days 00:01:29.065000,HARD,4.0,True,0 days 01:58:50.417000,28.0,6,32.6,0 days 00:00:18.219000,0 days 00:00:38.379000,0 days 00:00:32.467000,1,89.065,7130.417,8.712999999999738,True,False,False,4.0,0.0,0.0,18.219,38.379,32.467,0,0,0,0.0,89.785,0.5401351682681518,-1.332999668043375,0,1,89.199,89.153,-0.04599999999999227,0.0,-0.13400000000000034,-0.31433333333333263,0.0,-0.15400000000000347,0.3173141976023105,-0.31433333333333263,0,0,2022,Abu Dhabi Grand Prix,0.0,16,0.0
PER,38,0 days 00:01:29.153000,HARD,5.0,True,0 days 02:00:19.570000,28.0,6,32.6,0 days 00:00:18.264000,0 days 00:00:38.437000,0 days 00:00:32.452000,12,89.153,7219.57,10.706000000000131,True,False,False,5.0,0.0,0.0,18.264,38.437,32.452,0,0,1,0.0,89.59119999999999,0.5990807124253607,-0.731454027665055,0,0,89.065,89.471,0.4060000000000059,0.0,0.08800000000000807,-0.42433333333333206,0.0,-0.015000000000000568,0.31396528470516966,-0.42433333333333206,0,0,2022,Abu Dhabi Grand Prix,0.0,16,0.0
PER,39,0 days 00:01:29.471000,HARD,6.0,True,0 days 02:01:49.041000,28.0,6,32.6,0 days 00:00:18.300000,0 days 00:00:38.380000,0 days 00:00:32.791000,21,89.471,7309.041,12.457999999999629,True,False,False,6.0,0.0,0.0,18.3,38.38,32.791,0,0,1,0.0,89.3934,0.5311791599828555,0.1460900687491364,0,0,89.153,89.355,0.20199999999999818,0.08800000000000807,0.31799999999999784,-0.019666666666665833,0.0,0.33899999999999864,0.3057019790580334,-0.019666666666665833,0,0,2022,Abu Dhabi Grand Prix,0.0,16,0.0
PER,40,0 days 00:01:29.355000,HARD,7.0,True,0 days 02:03:18.396000,28.0,4,32.7,0 days 00:00:18.216000,0 days 00:00:38.405000,0 days 00:00:32.734000,1,89.355,7398.396,14.605000000000473,True,False,False,7.0,0.0,0.0,18.216,38.405,32.734,0,0,0,0.0,89.22,0.1516739924974209,0.8900668979376981,0,0,89.471,89.192,-0.2790000000000106,0.4060000000000059,-0.11599999999999966,0.09066666666666852,0.0,0.2820000000000036,0.3320426177465755,0.09066666666666852,0,0,2022,Abu Dhabi Grand Prix,0.0,16,0.0
PER,41,0 days 00:01:29.192000,HARD,8.0,True,0 days 02:04:47.588000,28.0,4,32.4,0 days 00:00:18.174000,0 days 00:00:38.310000,0 days 00:00:32.708000,1,89.192,7487.588,13.707000000000335,True,False,False,8.0,0.0,0.0,18.174,38.31,32.708,0,0,0,0.0,89.24860000000001,0.16285822054813812,-0.3475415598274163,0,0,89.355,89.15,-0.2049999999999983,0.29000000000000625,-0.16300000000001091,0.09666666666666875,0.0,0.2560000000000002,0.20573648193745514,0.09666666666666875,0,0,2022,Abu Dhabi Grand Prix,0.0,16,0.0
PER,42,0 days 00:01:29.150000,HARD,9.0,True,0 days 02:06:16.738000,28.0,4,32.4,0 days 00:00:18.107000,0 days 00:00:38.280000,0 days 00:00:32.763000,1,89.15,7576.738,13.875,True,False,False,9.0,0.0,0.0,18.107,38.28,32.763,0,0,0,0.0,89.24719999999999,0.16342031697468393,-0.5947852861835059,0,0,89.192,89.26,0.06800000000001205,0.12699999999999534,-0.04199999999998738,0.012999999999995756,0.0,0.054999999999999716,0.21428322379505296,0.012999999999995756,0,0,2022,Abu Dhabi Grand Prix,0.0,16,0.0
PER,43,0 days 00:01:29.260000,HARD,10.0,True,0 days 02:07:45.998000,28.0,4,32.4,0 days 00:00:18.140000,0 days 00:00:38.385000,0 days 00:00:32.735000,1,89.26,7665.998,13.86200000000008,True,False,False,10.0,0.0,0.0,18.14,38.385,32.735,0,0,0,0.0,89.2642,0.1428555214197356,-0.0294003336955871,0,0,89.15,89.522,0.3719999999999999,0.0,0.10999999999999943,-0.10699999999999932,0.0,0.027000000000001023,0.1541534949328111,-0.10699999999999932,0,0,2022,Abu Dhabi Grand Prix,0.0,16,0.0
PER,44,0 days 00:01:29.522000,HARD,11.0,True,0 days 02:09:15.520000,28.0,4,32.4,0 days 00:00:18.083000,0 days 00:00:38.360000,0 days 00:00:33.079000,1,89.522,7755.52,13.437999999999192,True,False,False,11.0,0.0,0.0,18.083,38.36,33.079,0,0,0,0.0,89.2856,0.12941522321621998,1.8266784550148238,0,0,89.26,90.257,0.9969999999999999,0.10999999999999943,0.26200000000000045,-0.03166666666666629,0.0,0.3710000000000022,0.14124340692577503,-0.03166666666666629,0,0,2022,Abu Dhabi Grand Prix,0.0,16,0.0
PER,45,0 days 00:01:30.257000,HARD,12.0,True,0 days 02:10:45.777000,28.0,4,32.3,0 days 00:00:18.059000,0 days 00:00:38.351000,0 days 00:00:33.847000,1,90.257,7845.777,12.15899999999965,True,False,False,12.0,0.0,0.0,18.059,38.351,33.847,0,0,0,0.0,89.29580000000001,0.14831115939167577,6.480968822187901,0,0,89.522,89.373,-0.1490000000000009,0.3719999999999999,0.7349999999999994,0.11000000000000416,0.0,1.1120000000000019,0.15003232984927065,0.11000000000000416,0,0,2022,Abu Dhabi Grand Prix,0.0,16,0.0
PER,46,0 days 00:01:29.373000,HARD,13.0,True,0 days 02:12:15.150000,28.0,3,32.1,0 days 00:00:18.116000,0 days 00:00:38.240000,0 days 00:00:33.017000,1,89.373,7935.15,1.0700000000006185,True,False,False,13.0,0.0,0.0,18.116,38.24,33.017,0,0,0,0.0,89.47619999999999,0.4598001739887569,-0.2244453261179286,0,0,90.257,89.217,-1.0400000000000063,1.1069999999999993,-0.8840000000000003,0.3689999999999998,0.0,0.2820000000000036,0.4416635597375005,0.3689999999999998,0,0,2022,Abu Dhabi Grand Prix,0.0,16,0.0
PER,47,0 days 00:01:29.217000,HARD,14.0,True,0 days 02:13:44.367000,28.0,3,32.0,0 days 00:00:18.060000,0 days 00:00:38.429000,0 days 00:00:32.728000,1,89.217,8024.367,2.21100000000024,True,False,False,14.0,0.0,0.0,18.06,38.429,32.728,0,0,0,0.0,89.5124,0.4384612867746555,-0.6737196849760189,0,0,89.373,89.234,-0.13900000000001,0.22299999999999898,-0.1560000000000059,0.037666666666666515,0.0,-0.2890000000000015,0.4402218758762455,0.037666666666666515,0,0,2022,Abu Dhabi Grand Prix,0.0,16,0.0
PER,48,0 days 00:01:29.234000,HARD,15.0,True,0 days 02:15:13.601000,28.0,3,32.1,0 days 00:00:17.955000,0 days 00:00:38.368000,0 days 00:00:32.911000,1,89.234,8113.601,3.1210000000000946,True,False,False,15.0,0.0,0.0,17.955,38.368,32.911,0,0,0,0.0,89.5258,0.4254476466030657,-0.6858658223399525,0,0,89.217,89.089,-0.1280000000000001,0.0,0.016999999999995907,-0.10166666666666895,0.0,0.18299999999999983,0.5210943292725427,-0.10166666666666895,0,0,2022,Abu Dhabi Grand Prix,0.0,16,0.0
PER,49,0 days 00:01:29.089000,HARD,16.0,True,0 days 02:16:42.690000,28.0,3,32.3,0 days 00:00:18.013000,0 days 00:00:38.357000,0 days 00:00:32.719000,1,89.089,8202.69,4.31499999999869,True,False,False,16.0,0.0,0.0,18.013,38.357,32.719,0,0,0,0.0,89.5206,0.42964671533725146,-1.0045462576415098,0,0,89.234,89.253,0.019000000000005457,0.016999999999995907,-0.14499999999999602,-0.34100000000000347,0.0,-0.009000000000000341,0.5050402954220596,-0.34100000000000347,0,0,2022,Abu Dhabi Grand Prix,0.0,16,0.0
PER,50,0 days 00:01:29.253000,HARD,17.0,True,0 days 02:18:11.943000,28.0,3,31.9,0 days 00:00:17.968000,0 days 00:00:38.420000,0 days 00:00:32.865000,1,89.253,8291.943,5.239000000001397,True,False,False,17.0,0.0,0.0,17.968,38.42,32.865,0,0,0,0.0,89.434,0.4709469184527069,-0.3843320614447839,0,0,89.089,89.159,0.07000000000000739,0.0,0.16400000000000148,-0.09466666666666868,0.0,0.1460000000000008,0.5258304859933488,-0.09466666666666868,0,0,2022,Abu Dhabi Grand Prix,0.0,16,0.0
PER,51,0 days 00:01:29.159000,HARD,18.0,True,0 days 02:19:41.102000,28.0,3,32.0,0 days 00:00:17.987000,0 days 00:00:38.429000,0 days 00:00:32.743000,1,89.159,8381.102,6.5349999999998545,True,False,False,18.0,0.0,0.0,17.987,38.429,32.743,0,0,0,0.0,89.23320000000001,0.10123339370051711,-0.7329597209742232,0,0,89.253,88.972,-0.2810000000000059,0.16400000000000148,-0.09399999999999409,0.012000000000000455,0.0,0.02400000000000091,0.22267532418299246,0.012000000000000455,0,0,2022,Abu Dhabi Grand Prix,0.0,16,0.0
PER,52,0 days 00:01:28.972000,HARD,19.0,True,0 days 02:21:10.074000,27.9,3,32.0,0 days 00:00:17.924000,0 days 00:00:38.352000,0 days 00:00:32.696000,1,88.972,8470.074,7.938000000000102,True,False,False,19.0,0.0,0.0,17.924,38.352,32.696,0,0,0,0.0,89.1904,0.06669932533488462,-3.274395938841326,1,0,89.159,89.096,-0.06300000000000239,0.07000000000000739,-0.18700000000001182,-0.02499999999999621,0.0,-0.02300000000000324,0.18599596769822827,-0.02499999999999621,0,0,2022,Abu Dhabi Grand Prix,0.0,16,0.0
PER,53,0 days 00:01:29.096000,HARD,20.0,True,0 days 02:22:39.170000,27.9,3,32.1,0 days 00:00:17.974000,0 days 00:00:38.225000,0 days 00:00:32.897000,1,89.096,8559.17,9.665999999999258,True,False,False,20.0,0.0,0.0,17.974,38.225,32.897,0,0,0,0.0,89.1414,0.11487079698572322,-0.39522664760168186,0,1,88.972,89.152,0.18000000000000682,0.0,0.12400000000000944,-0.03900000000000148,0.0,0.2010000000000005,0.0940515815922319,-0.03900000000000148,0,0,2022,Abu Dhabi Grand Prix,0.0,16,0.0
PER,54,0 days 00:01:29.152000,HARD,21.0,True,0 days 02:24:08.322000,27.9,3,31.9,0 days 00:00:17.919000,0 days 00:00:38.497000,0 days 00:00:32.736000,1,89.152,8648.322,11.475000000000364,True,False,False,21.0,0.0,0.0,17.919,38.497,32.736,0,0,0,0.0,89.1138,0.1030276661879653,0.3707741950624278,0,0,89.096,89.205,0.10899999999999466,0.12400000000000944,0.055999999999997385,-0.052333333333332156,0.0,0.03999999999999915,0.09989844843640117,-0.052333333333332156,0,0,2022,Abu Dhabi Grand Prix,0.0,16,0.0
PER,55,0 days 00:01:29.205000,HARD,22.0,True,0 days 02:25:37.527000,27.9,3,31.9,0 days 00:00:17.945000,0 days 00:00:38.431000,0 days 00:00:32.829000,1,89.205,8737.527,14.192999999999302,True,False,False,22.0,0.0,0.0,17.945,38.431,32.829,0,0,0,0.0,89.1264,0.10308879667615312,0.7624494856304448,0,0,89.152,89.446,0.29399999999999693,0.18000000000000682,0.05299999999999727,-0.0023333333333350006,0.0,0.13300000000000267,0.09261911249844879,-0.0023333333333350006,0,0,2022,Abu Dhabi Grand Prix,0.0,16,0.0
PER,56,0 days 00:01:29.446000,HARD,23.0,True,0 days 02:27:06.973000,27.9,3,31.9,0 days 00:00:18.060000,0 days 00:00:38.413000,0 days 00:00:32.973000,1,89.446,8826.973,14.342000000000553,True,False,False,23.0,0.0,0.0,18.06,38.413,32.973,0,0,0,0.0,89.11680000000001,0.08972012037518713,3.669188122166508,0,0,89.205,89.573,0.367999999999995,0.2330000000000041,0.24099999999999966,0.07766666666666804,0.0,0.23700000000000188,0.09037422198835439,0.07766666666666804,0,0,2022,Abu Dhabi Grand Prix,0.0,16,0.0
PER,57,0 days 00:01:29.573000,HARD,24.0,True,0 days 02:28:36.546000,27.9,3,32.0,0 days 00:00:17.902000,0 days 00:00:38.531000,0 days 00:00:33.140000,1,89.573,8916.546,14.748999999999796,True,False,False,24.0,0.0,0.0,17.902,38.531,33.14,0,0,0,0.0,89.1742,0.17486909389634678,2.280563083585153,0,0,89.446,89.856,0.4099999999999966,0.47400000000000375,0.12699999999999534,0.11666666666666477,0.0,0.40400000000000347,0.10867290370649213,0.11666666666666477,0,0,2022,Abu Dhabi Grand Prix,0.0,16,0.0
RIC,2,0 days 00:01:32.513000,MEDIUM,2.0,True,0 days 01:05:23.101000,28.7,13,34.9,0 days 00:00:18.812000,0 days 00:00:39.385000,0 days 00:00:34.316000,1,92.513,3923.101,0.7419999999997344,False,True,False,2.0,0.0,0.0,18.812,39.385,34.316,0,0,0,0.0,89.4464,0.28668153062255336,10.696887216070827,0,0,92.513,91.815,-0.6980000000000075,3.361000000000004,0.0,0.21699999999999875,0.0,1.3430000000000035,0.15299771240119953,0.0,0,1,2022,Abu Dhabi Grand Prix,0.0,16,0.0
RIC,3,0 days 00:01:31.815000,MEDIUM,3.0,True,0 days 01:06:54.916000,28.7,13,34.3,0 days 00:00:18.725000,0 days 00:00:38.505000,0 days 00:00:34.585000,1,91.815,4014.916,1.1230000000000473,False,True,False,3.0,0.0,0.0,18.725,38.505,34.585,0,0,0,0.0,,,0.0,0,0,92.513,92.413,-0.10000000000000853,0.0,-0.6980000000000075,0.0,0.0,0.0,0.0,0.0,0,0,2022,Abu Dhabi Grand Prix,0.0,16,0.0
RIC,4,0 days 00:01:32.413000,MEDIUM,4.0,True,0 days 01:08:27.329000,28.7,13,34.0,0 days 00:00:18.844000,0 days 00:00:39.231000,0 days 00:00:34.338000,1,92.413,4107.329,2.2899999999999636,False,True,False,4.0,0.0,0.0,18.844,39.231,34.338,0,0,0,0.0,,,0.0,0,0,91.815,92.265,0.45000000000000284,0.0,0.597999999999999,-0.34900000000000375,0.0,0.021999999999998465,0.0,0.0,0,0,2022,Abu Dhabi Grand Prix,0.0,16,0.0
RIC,5,0 days 00:01:32.265000,MEDIUM,5.0,True,0 days 01:09:59.594000,28.5,13,34.0,0 days 00:00:18.773000,0 days 00:00:39.277000,0 days 00:00:34.215000,1,92.265,4199.594,2.480999999999767,False,True,False,5.0,0.0,0.0,18.773,39.277,34.215,0,0,0,0.0,92.247,0.37744933434833583,0.047688519655432915,0,0,92.413,91.862,-0.5510000000000019,0.597999999999999,-0.14799999999999613,-0.03333333333333618,0.0,-0.10099999999999909,0.7691092250129391,-0.05000000000000426,0,0,2022,Abu Dhabi Grand Prix,0.0,16,0.0
RIC,6,0 days 00:01:31.862000,MEDIUM,6.0,True,0 days 01:11:31.456000,28.6,13,34.2,0 days 00:00:18.750000,0 days 00:00:39.071000,0 days 00:00:34.041000,1,91.862,4291.456,2.8729999999995925,False,True,False,6.0,0.0,0.0,18.75,39.071,34.041,0,0,0,0.0,92.2515,0.30831747706976964,-1.2633082097770851,0,0,92.265,92.055,-0.20999999999999375,0.45000000000000284,-0.4030000000000058,-0.08266666666666822,0.0,-0.1740000000000066,0.68675808452953,-0.08266666666666822,0,0,2022,Abu Dhabi Grand Prix,0.0,16,0.0
RIC,7,0 days 00:01:32.055000,MEDIUM,7.0,True,0 days 01:13:03.511000,28.5,13,34.0,0 days 00:00:18.720000,0 days 00:00:39.152000,0 days 00:00:34.183000,1,92.055,4383.511,2.7549999999991996,False,True,False,7.0,0.0,0.0,18.72,39.152,34.183,0,0,0,0.0,92.1736,0.31880526971805323,-0.3720139259456866,0,0,91.862,92.305,0.44300000000001205,0.046999999999997044,0.19300000000001205,0.01566666666666568,0.0,0.142000000000003,0.6338355464945172,0.01566666666666568,0,0,2022,Abu Dhabi Grand Prix,0.0,16,0.0
RIC,8,0 days 00:01:32.305000,MEDIUM,8.0,True,0 days 01:14:35.816000,28.5,13,34.1,0 days 00:00:18.688000,0 days 00:00:39.351000,0 days 00:00:34.266000,1,92.305,4475.816,2.5340000000005602,False,True,False,8.0,0.0,0.0,18.688,39.351,34.266,0,0,0,0.0,92.08200000000001,0.2566456701368599,0.8689022490856015,0,0,92.055,92.367,0.3119999999999976,0.2400000000000091,0.25,-0.11933333333332996,0.0,0.22500000000000142,0.12109995871180408,-0.11933333333332996,0,0,2022,Abu Dhabi Grand Prix,0.0,16,0.0
RIC,9,0 days 00:01:32.367000,MEDIUM,9.0,True,0 days 01:16:08.183000,28.5,13,34.0,0 days 00:00:18.781000,0 days 00:00:39.420000,0 days 00:00:34.166000,1,92.367,4568.183,2.488999999999578,False,True,False,9.0,0.0,0.0,18.781,39.42,34.166,0,0,0,0.0,92.18,0.2201635755523597,0.849368473103876,0,0,92.305,92.436,0.13100000000000023,0.44300000000001205,0.06199999999999761,0.013333333333335418,0.0,0.125,0.16518989073185106,0.013333333333335418,0,0,2022,Abu Dhabi Grand Prix,0.0,16,0.0
RIC,10,0 days 00:01:32.436000,MEDIUM,10.0,True,0 days 01:17:40.619000,28.5,13,34.0,0 days 00:00:18.752000,0 days 00:00:39.375000,0 days 00:00:34.309000,1,92.436,4660.619,2.367000000000189,False,True,False,10.0,0.0,0.0,18.752,39.375,34.309,0,0,0,0.0,92.17080000000001,0.20865330095639492,1.2710079293469476,0,0,92.367,92.564,0.19699999999998852,0.5050000000000097,0.06900000000000261,0.16833333333333655,0.0,0.14300000000000068,0.17137181798650825,0.16833333333333655,0,0,2022,Abu Dhabi Grand Prix,0.0,16,0.0
RIC,11,0 days 00:01:32.564000,MEDIUM,11.0,True,0 days 01:19:13.183000,28.5,13,33.9,0 days 00:00:18.765000,0 days 00:00:39.260000,0 days 00:00:34.539000,1,92.564,4753.183,2.4880000000002838,False,True,False,11.0,0.0,0.0,18.765,39.26,34.539,0,0,0,0.0,92.20500000000001,0.23966330549335443,1.4979347767108848,0,0,92.436,92.768,0.33199999999999363,0.5740000000000123,0.1279999999999859,0.12700000000000009,0.0,0.37300000000000466,0.15381384853127186,0.12700000000000009,0,0,2022,Abu Dhabi Grand Prix,0.0,16,0.0
RIC,12,0 days 00:01:32.768000,MEDIUM,12.0,True,0 days 01:20:45.951000,28.5,13,33.9,0 days 00:00:18.740000,0 days 00:00:39.314000,0 days 00:00:34.714000,1,92.768,4845.951,2.2669999999998254,False,True,False,12.0,0.0,0.0,18.74,39.314,34.714,0,0,0,0.0,92.34540000000001,0.18869631686919328,2.239577364368698,0,0,92.564,92.924,0.36000000000001364,0.5089999999999861,0.20400000000000773,0.08633333333332871,0.0,0.5480000000000018,0.10341566612462683,0.08633333333332871,0,0,2022,Abu Dhabi Grand Prix,0.0,16,0.0
RIC,13,0 days 00:01:32.924000,MEDIUM,13.0,True,0 days 01:22:18.875000,28.4,12,33.9,0 days 00:00:18.781000,0 days 00:00:39.147000,0 days 00:00:34.996000,1,92.924,4938.875,2.332999999999629,False,True,False,13.0,0.0,0.0,18.781,39.147,34.996,0,0,0,0.0,92.488,0.18371853472091912,2.3731955007278964,0,0,92.768,92.752,-0.016000000000005343,0.46299999999999386,0.1560000000000059,0.1336666666666654,0.0,0.6870000000000047,0.17766035010660186,0.1336666666666654,0,0,2022,Abu Dhabi Grand Prix,0.0,16,0.0
RIC,14,0 days 00:01:32.752000,MEDIUM,14.0,True,0 days 01:23:51.627000,28.4,12,33.7,0 days 00:00:18.729000,0 days 00:00:39.504000,0 days 00:00:34.519000,1,92.752,5031.627,2.7549999999991996,False,True,False,14.0,0.0,0.0,18.729,39.504,34.519,0,0,0,0.0,92.6118,0.23183226695178455,0.6047475696260658,0,0,92.924,92.721,-0.20300000000000296,0.5570000000000022,-0.17200000000001125,0.16266666666666652,0.0,-0.020000000000003126,0.24677965880517946,0.16266666666666652,0,0,2022,Abu Dhabi Grand Prix,0.0,16,0.0
RIC,15,0 days 00:01:32.721000,MEDIUM,15.0,True,0 days 01:25:24.348000,28.4,10,33.3,0 days 00:00:18.681000,0 days 00:00:39.597000,0 days 00:00:34.443000,1,92.721,5124.348,9.542999999999665,False,True,False,15.0,0.0,0.0,18.681,39.597,34.443,0,0,0,0.0,92.68879999999999,0.1904394917027548,0.16908257689679362,0,0,92.752,92.984,0.23199999999999932,0.3159999999999883,-0.0309999999999917,0.06266666666666747,0.0,-0.07600000000000051,0.28852157631622893,0.06266666666666747,0,0,2022,Abu Dhabi Grand Prix,0.0,16,0.0
RIC,16,0 days 00:01:32.984000,MEDIUM,16.0,True,0 days 01:26:57.332000,28.4,8,33.4,0 days 00:00:18.725000,0 days 00:00:39.542000,0 days 00:00:34.717000,1,92.984,5217.332,9.081999999999425,False,True,False,16.0,0.0,0.0,18.725,39.542,34.717,0,0,0,0.0,92.7458,0.12840638613404246,1.8550479237951358,0,0,92.721,93.191,0.46999999999999886,0.1570000000000107,0.262999999999991,-0.01566666666666568,0.0,0.2740000000000009,0.33924519156504174,-0.01566666666666568,0,0,2022,Abu Dhabi Grand Prix,0.0,16,0.0
RIC,17,0 days 00:01:33.191000,MEDIUM,17.0,True,0 days 01:28:30.523000,28.4,8,33.4,0 days 00:00:18.793000,0 days 00:00:39.742000,0 days 00:00:34.656000,1,93.191,5310.523,0.8739999999997963,False,True,False,17.0,0.0,0.0,18.793,39.742,34.656,0,0,0,0.0,92.8298,0.11657701317156294,3.0983809772894877,0,0,92.984,93.54,0.5560000000000116,0.262999999999991,0.20700000000000784,0.01999999999999602,0.0,0.21300000000000097,0.33697596353449566,0.01999999999999602,0,1,2022,Abu Dhabi Grand Prix,0.0,16,0.0
RIC,18,0 days 00:01:33.540000,MEDIUM,18.0,True,0 days 01:30:04.063000,28.3,9,33.3,0 days 00:00:18.992000,0 days 00:00:39.446000,0 days 00:00:35.102000,1,93.54,5404.063,6.157999999999447,False,True,False,18.0,0.0,0.0,18.992,39.446,35.102,0,0,0,0.0,92.9144,0.1905394972177748,3.2833087582097678,0,0,93.191,91.13,-2.061000000000007,0.46999999999999886,0.34900000000000375,0.14633333333333573,0.0,0.6589999999999989,0.3025612334718405,0.14633333333333573,0,0,2022,Abu Dhabi Grand Prix,0.0,16,0.0
RIC,21,0 days 00:01:31.130000,HARD,2.0,True,0 days 01:35:02.613000,28.2,18,33.0,0 days 00:00:18.343000,0 days 00:00:39.035000,0 days 00:00:33.752000,1,91.13,5702.613,1.2309999999997672,True,False,False,2.0,0.0,0.0,18.343,39.035,33.752,0,0,0,0.0,93.0376,0.3393424523987553,-5.6214599338087385,1,0,93.54,91.105,-2.4350000000000023,0.8190000000000026,-2.410000000000011,0.27300000000000085,0.0,-0.9039999999999964,0.2917198999040007,0.27300000000000085,0,0,2022,Abu Dhabi Grand Prix,0.0,16,0.0
RIC,22,0 days 00:01:31.105000,HARD,3.0,True,0 days 01:36:33.718000,28.2,18,33.0,0 days 00:00:18.438000,0 days 00:00:38.919000,0 days 00:00:33.748000,1,91.105,5793.718,1.3540000000002692,True,False,False,3.0,0.0,0.0,18.438,38.919,33.748,0,0,0,0.0,92.7132,0.9343188427940469,-1.7212539513713887,1,1,91.13,91.013,-0.11699999999999022,0.0,-0.024999999999991473,-0.6179999999999998,0.0,-0.0040000000000048885,0.5857061549958291,-0.6179999999999998,0,0,2022,Abu Dhabi Grand Prix,0.0,16,0.0
RIC,23,0 days 00:01:31.013000,HARD,4.0,True,0 days 01:38:04.731000,28.2,17,32.9,0 days 00:00:18.451000,0 days 00:00:38.376000,0 days 00:00:34.186000,1,91.013,5884.731,0.7340000000003783,True,False,False,4.0,0.0,0.0,18.451,38.376,34.186,0,0,0,0.0,92.39000000000001,1.1785331985141556,-1.1684015365337799,0,1,91.105,92.467,1.3619999999999948,0.0,-0.09199999999999875,-0.6953333333333328,0.0,0.4380000000000024,0.5832300575244714,-0.6953333333333328,0,1,2022,Abu Dhabi Grand Prix,0.0,16,0.0
RIC,24,0 days 00:01:32.467000,HARD,5.0,True,0 days 01:39:37.198000,28.2,17,33.3,0 days 00:00:18.484000,0 days 00:00:38.910000,0 days 00:00:35.073000,1,92.467,5977.198,0.4329999999999927,True,False,False,5.0,0.0,0.0,18.484,38.91,35.073,0,0,0,0.0,91.9958,1.2571880129877182,0.37480471904928936,0,0,91.013,91.704,0.6909999999999883,0.0,1.4539999999999935,-0.8423333333333337,0.0,1.3250000000000028,0.6034080708774109,-0.8423333333333337,0,1,2022,Abu Dhabi Grand Prix,0.0,16,0.0
RIC,25,0 days 00:01:31.704000,HARD,6.0,True,0 days 01:41:08.902000,28.2,16,32.9,0 days 00:00:18.803000,0 days 00:00:38.991000,0 days 00:00:33.910000,1,91.704,6068.902,0.9669999999996435,True,False,False,6.0,0.0,0.0,18.803,38.991,33.91,0,0,0,0.0,91.851,1.1192383570982574,-0.13133931576569485,0,0,92.467,91.396,-1.070999999999998,1.4539999999999935,-0.7630000000000052,0.44566666666666777,0.0,0.16199999999999903,0.8277292431707364,0.44566666666666777,0,1,2022,Abu Dhabi Grand Prix,0.0,16,0.0
RIC,26,0 days 00:01:31.396000,HARD,7.0,True,0 days 01:42:40.298000,28.2,15,33.0,0 days 00:00:18.387000,0 days 00:00:39.018000,0 days 00:00:33.991000,1,91.396,6160.298,1.3540000000002692,True,False,False,7.0,0.0,0.0,18.387,39.018,33.991,0,0,0,0.0,91.4838,0.6134914017327362,-0.14311529020948036,0,0,91.704,90.963,-0.7409999999999997,0.6909999999999883,-0.3079999999999927,0.1996666666666632,0.0,0.08100000000000307,0.8037548133603931,0.1996666666666632,0,0,2022,Abu Dhabi Grand Prix,0.0,16,0.0
RIC,27,0 days 00:01:30.963000,HARD,8.0,True,0 days 01:44:11.261000,28.2,14,32.8,0 days 00:00:18.430000,0 days 00:00:38.647000,0 days 00:00:33.886000,1,90.963,6251.261,1.194999999999709,True,False,False,8.0,0.0,0.0,18.43,38.647,33.886,0,0,0,0.0,91.537,0.5860610036506425,-0.9794202248989425,0,0,91.396,91.321,-0.07500000000000284,0.38299999999999557,-0.43300000000000693,0.12766666666666518,0.0,-0.023999999999993804,0.5428372684331852,0.12766666666666518,0,0,2022,Abu Dhabi Grand Prix,0.0,16,0.0
RIC,28,0 days 00:01:31.321000,HARD,9.0,True,0 days 01:45:42.582000,28.1,13,32.5,0 days 00:00:18.364000,0 days 00:00:39.162000,0 days 00:00:33.795000,1,91.321,6342.582,2.1149999999997817,True,False,False,9.0,0.0,0.0,18.364,39.162,33.795,0,0,0,0.0,91.5086,0.6149571529789695,-0.30506190405499506,0,0,90.963,91.228,0.26500000000000057,0.0,0.3580000000000041,-0.501333333333335,0.0,-0.09100000000000108,0.5466226303401641,-0.501333333333335,0,0,2022,Abu Dhabi Grand Prix,0.0,16,0.0
RIC,29,0 days 00:01:31.228000,HARD,10.0,True,0 days 01:47:13.810000,28.1,13,32.8,0 days 00:00:18.476000,0 days 00:00:38.587000,0 days 00:00:34.165000,1,91.228,6433.81,2.6489999999994325,True,False,False,10.0,0.0,0.0,18.476,38.587,34.165,0,0,0,0.0,91.5702,0.5664121291074226,-0.6041537290863799,0,0,91.321,90.852,-0.4689999999999941,0.3580000000000041,-0.09300000000000352,-0.12766666666666518,0.0,0.36999999999999744,0.5863116065711137,-0.12766666666666518,0,0,2022,Abu Dhabi Grand Prix,0.0,16,0.0
RIC,30,0 days 00:01:30.852000,HARD,11.0,True,0 days 01:48:44.662000,28.1,12,32.8,0 days 00:00:18.377000,0 days 00:00:38.352000,0 days 00:00:34.123000,1,90.852,6524.662,0.6049999999995634,True,False,False,11.0,0.0,0.0,18.377,38.352,34.123,0,0,0,0.0,91.3224,0.26884809837526014,-1.7496869155585775,1,0,91.228,91.511,0.28300000000000125,0.26500000000000057,-0.37599999999999056,-0.056000000000002124,0.0,0.32799999999999585,0.17955584089636098,-0.056000000000002124,0,1,2022,Abu Dhabi Grand Prix,0.0,16,0.0
RIC,31,0 days 00:01:31.511000,HARD,12.0,True,0 days 01:50:16.173000,28.1,12,32.9,0 days 00:00:18.356000,0 days 00:00:39.182000,0 days 00:00:33.973000,1,91.511,6616.173,0.73700000000008,True,False,False,12.0,0.0,0.0,18.356,39.182,33.973,0,0,0,0.0,91.152,0.23430428933330627,1.5321955949739539,0,1,90.852,91.154,0.3019999999999925,0.0,0.6589999999999918,-0.03699999999999667,0.0,0.17799999999999727,0.20719724901648387,-0.03699999999999667,0,1,2022,Abu Dhabi Grand Prix,0.0,16,0.0
RIC,32,0 days 00:01:31.154000,HARD,13.0,True,0 days 01:51:47.327000,28.1,12,32.9,0 days 00:00:18.337000,0 days 00:00:38.959000,0 days 00:00:33.858000,1,91.154,6707.327,0.7989999999999782,True,False,False,13.0,0.0,0.0,18.337,38.959,33.858,0,0,0,0.0,91.175,0.26753224104766515,-0.07849521208271608,0,0,91.511,91.156,-0.35499999999998977,0.6589999999999918,-0.3569999999999993,0.06333333333333258,0.0,-0.11500000000000199,0.20567012422809225,0.06333333333333258,0,1,2022,Abu Dhabi Grand Prix,0.0,16,0.0
RIC,33,0 days 00:01:31.156000,HARD,14.0,True,0 days 01:53:18.483000,28.1,12,32.8,0 days 00:00:18.391000,0 days 00:00:38.859000,0 days 00:00:33.906000,1,91.156,6798.483,0.9920000000001892,True,False,False,14.0,0.0,0.0,18.391,38.859,33.906,0,0,0,0.0,91.2132,0.24212331568848763,-0.23624325413413422,0,0,91.154,91.152,-0.001999999999995339,0.3019999999999925,0.0020000000000095497,-0.02466666666666602,0.0,0.04800000000000182,0.22797697252134827,-0.02466666666666602,0,1,2022,Abu Dhabi Grand Prix,0.0,16,0.0
RIC,34,0 days 00:01:31.152000,HARD,15.0,True,0 days 01:54:49.635000,28.0,12,32.7,0 days 00:00:18.402000,0 days 00:00:38.489000,0 days 00:00:34.261000,1,91.152,6889.635,1.5270000000000437,True,False,False,15.0,0.0,0.0,18.402,38.489,34.261,0,0,0,0.0,91.1802,0.23489401865519283,-0.12005414255095936,0,0,91.156,91.643,0.48699999999999477,0.30400000000000205,-0.0040000000000048885,0.10133333333333401,0.0,0.4030000000000058,0.20049987531168073,0.10133333333333401,0,0,2022,Abu Dhabi Grand Prix,0.0,16,0.0
RIC,35,0 days 00:01:31.643000,HARD,16.0,True,0 days 01:56:21.278000,28.0,11,32.6,0 days 00:00:18.411000,0 days 00:00:38.414000,0 days 00:00:34.818000,1,91.643,6981.278,1.7179999999998472,True,False,False,16.0,0.0,0.0,18.411,38.414,34.818,0,0,0,0.0,91.16499999999999,0.23348233337875002,2.0472641038095474,0,0,91.152,91.621,0.4689999999999941,0.29999999999999716,0.49099999999999966,-0.11966666666666488,0.0,0.9600000000000009,0.20941179527428844,-0.11966666666666488,0,0,2022,Abu Dhabi Grand Prix,0.0,16,0.0
RIC,36,0 days 00:01:31.621000,HARD,17.0,True,0 days 01:57:52.899000,28.0,11,32.6,0 days 00:00:18.400000,0 days 00:00:39.379000,0 days 00:00:33.842000,1,91.621,7072.899,1.7599999999993088,True,False,False,17.0,0.0,0.0,18.4,39.379,33.842,0,0,0,0.0,91.3232,0.23634445201863846,1.2600253462963042,0,0,91.643,91.076,-0.5670000000000073,0.49099999999999966,-0.02200000000000557,0.16300000000000145,0.0,-0.06400000000000006,0.4173388311671955,0.16300000000000145,0,0,2022,Abu Dhabi Grand Prix,0.0,16,0.0
RIC,37,0 days 00:01:31.076000,HARD,18.0,True,0 days 01:59:23.975000,28.0,11,32.5,0 days 00:00:18.449000,0 days 00:00:39.064000,0 days 00:00:33.563000,1,91.076,7163.975,1.9679999999998472,True,False,False,18.0,0.0,0.0,18.449,39.064,33.563,0,0,0,0.0,91.3452,0.2619307160300064,-1.0277526976606017,0,0,91.621,91.323,-0.2980000000000018,0.4689999999999941,-0.5450000000000017,0.1549999999999964,0.0,-0.27899999999999636,0.44723293706971196,0.1549999999999964,0,0,2022,Abu Dhabi Grand Prix,0.0,16,0.0
RIC,38,0 days 00:01:31.323000,HARD,19.0,True,0 days 02:00:55.298000,28.0,11,32.6,0 days 00:00:18.392000,0 days 00:00:39.229000,0 days 00:00:33.702000,12,91.323,7255.298,1.9180000000005748,True,False,False,19.0,0.0,0.0,18.392,39.229,33.702,0,0,1,0.0,91.3296,0.2779951438424618,-0.023741421913996148,0,0,91.076,91.096,0.020000000000010232,0.0,0.2469999999999999,-0.025333333333335872,0.0,0.1389999999999958,0.4848002681517408,-0.025333333333335872,0,0,2022,Abu Dhabi Grand Prix,0.0,16,0.0
RIC,39,0 days 00:01:31.096000,HARD,20.0,True,0 days 02:02:26.394000,28.0,10,32.7,0 days 00:00:18.348000,0 days 00:00:39.066000,0 days 00:00:33.682000,1,91.096,7346.394,1.9489999999996144,True,False,False,20.0,0.0,0.0,18.348,39.066,33.682,0,0,0,0.0,91.36299999999999,0.26146414668170903,-1.0211725140464925,0,0,91.323,91.18,-0.14299999999998647,0.2469999999999999,-0.22699999999998965,-0.10666666666666913,0.0,0.11899999999999977,0.47869896594832967,-0.10666666666666913,0,0,2022,Abu Dhabi Grand Prix,0.0,16,0.0
RIC,40,0 days 00:01:31.180000,HARD,21.0,True,0 days 02:03:57.574000,28.0,10,32.4,0 days 00:00:18.361000,0 days 00:00:39.103000,0 days 00:00:33.716000,1,91.18,7437.574,1.8659999999999854,True,False,False,21.0,0.0,0.0,18.361,39.103,33.716,0,0,0,0.0,91.3518,0.2736762686094518,-0.6277489855912813,0,0,91.096,91.292,0.19599999999999795,0.020000000000010232,0.08400000000000318,-0.17499999999999716,0.0,0.1529999999999987,0.47007818498628456,-0.17499999999999716,0,0,2022,Abu Dhabi Grand Prix,0.0,16,0.0
RIC,41,0 days 00:01:31.292000,HARD,22.0,True,0 days 02:05:28.866000,28.0,9,32.4,0 days 00:00:18.462000,0 days 00:00:39.152000,0 days 00:00:33.678000,1,91.292,7528.866,2.1210000000000946,True,False,False,22.0,0.0,0.0,18.462,39.152,33.678,0,0,0,0.0,91.25919999999999,0.2244096700233438,0.1461612594350184,0,0,91.18,90.993,-0.18700000000001182,0.10400000000001342,0.11199999999999477,0.03466666666667114,0.0,-0.0040000000000048885,0.1856766005720675,0.03466666666667114,0,0,2022,Abu Dhabi Grand Prix,0.0,16,0.0
RIC,42,0 days 00:01:30.993000,HARD,23.0,True,0 days 02:06:59.859000,28.0,8,32.4,0 days 00:00:18.381000,0 days 00:00:39.110000,0 days 00:00:33.502000,1,90.993,7619.859,2.970999999999549,True,False,False,23.0,0.0,0.0,18.381,39.11,33.502,0,0,0,0.0,91.1934,0.11176672134398306,-1.793020297904537,1,0,91.292,91.777,0.48499999999999943,0.21600000000000819,-0.2990000000000066,-0.010333333333330566,0.0,-0.17599999999999483,0.18129478756985593,-0.010333333333330566,0,0,2022,Abu Dhabi Grand Prix,0.0,16,0.0
RIC,43,0 days 00:01:31.777000,HARD,24.0,True,0 days 02:08:31.636000,28.0,9,32.4,0 days 00:00:18.355000,0 days 00:00:39.033000,0 days 00:00:34.389000,1,91.777,7711.636,2.4989999999997963,True,False,False,24.0,0.0,0.0,18.355,39.033,34.389,0,0,0,0.0,91.1768,0.13690032870662902,4.38421153309428,0,1,90.993,90.955,-0.0379999999999967,0.0,0.784000000000006,-0.03433333333333621,0.0,0.8870000000000005,0.13893415706729312,-0.03433333333333621,0,0,2022,Abu Dhabi Grand Prix,0.0,16,0.0
RIC,44,0 days 00:01:30.955000,HARD,25.0,True,0 days 02:10:02.591000,28.0,9,32.3,0 days 00:00:18.377000,0 days 00:00:38.983000,0 days 00:00:33.595000,1,90.955,7802.591,2.2770000000000437,True,False,False,25.0,0.0,0.0,18.377,38.983,33.595,0,0,0,0.0,91.2676,0.3052086171784589,-1.0242174775072705,0,0,91.777,90.785,-0.9920000000000044,0.784000000000006,-0.8220000000000027,0.19899999999999807,0.0,0.09299999999999642,0.407321371892023,0.19899999999999807,0,0,2022,Abu Dhabi Grand Prix,0.0,16,0.0
RIC,45,0 days 00:01:30.785000,HARD,26.0,True,0 days 02:11:33.376000,28.0,9,32.3,0 days 00:00:18.306000,0 days 00:00:38.938000,0 days 00:00:33.541000,1,90.785,7893.376,2.105999999999767,True,False,False,26.0,0.0,0.0,18.306,38.938,33.541,0,0,0,0.0,91.2394,0.33049402415170404,-1.3749113956487975,0,0,90.955,90.943,-0.012000000000000455,0.0,-0.1700000000000017,-0.11233333333333444,0.0,0.03899999999999437,0.4087105332628459,-0.11233333333333444,0,0,2022,Abu Dhabi Grand Prix,0.0,16,0.0
RIC,46,0 days 00:01:30.943000,HARD,27.0,True,0 days 02:13:04.319000,28.0,9,32.0,0 days 00:00:18.318000,0 days 00:00:39.089000,0 days 00:00:33.536000,1,90.943,7984.319,1.9510000000000218,True,False,False,27.0,0.0,0.0,18.318,39.089,33.536,0,0,0,0.0,91.16040000000001,0.39008050451154935,-0.5573208542483705,0,0,90.785,90.935,0.15000000000000568,0.0,0.15800000000000125,-0.0693333333333328,0.0,-0.0049999999999954525,0.41447159130632844,-0.0693333333333328,0,0,2022,Abu Dhabi Grand Prix,0.0,16,0.0
RIC,47,0 days 00:01:30.935000,HARD,28.0,True,0 days 02:14:35.254000,28.0,9,32.0,0 days 00:00:18.319000,0 days 00:00:39.055000,0 days 00:00:33.561000,1,90.935,8075.254,1.6500000000005457,True,False,False,28.0,0.0,0.0,18.319,39.055,33.561,0,0,0,0.0,91.0906,0.39186579335275123,-0.39707471955819335,0,0,90.943,91.089,0.1460000000000008,0.15800000000000125,-0.007999999999995566,-0.2780000000000011,0.0,0.02499999999999858,0.4145754454861013,-0.2780000000000011,0,0,2022,Abu Dhabi Grand Prix,0.0,16,0.0
RIC,48,0 days 00:01:31.089000,HARD,29.0,True,0 days 02:16:06.343000,28.0,9,32.3,0 days 00:00:18.262000,0 days 00:00:39.055000,0 days 00:00:33.772000,1,91.089,8166.343,0.8940000000002328,True,False,False,29.0,0.0,0.0,18.262,39.055,33.772,0,0,0,0.0,91.079,0.3963104843427437,0.025232741486992186,0,0,90.935,92.059,1.1239999999999952,0.15000000000000568,0.15399999999999636,-0.00666666666666534,0.0,0.2359999999999971,0.38134131693274526,-0.00666666666666534,0,1,2022,Abu Dhabi Grand Prix,0.0,16,0.0
RIC,49,0 days 00:01:32.059000,HARD,30.0,True,0 days 02:17:38.402000,28.0,9,31.9,0 days 00:00:18.342000,0 days 00:00:39.209000,0 days 00:00:34.508000,1,92.059,8258.402,0.39500000000043656,True,False,False,30.0,0.0,0.0,18.342,39.209,34.508,0,0,0,0.0,90.9414,0.10779053761797576,10.368257035333857,0,0,91.089,92.284,1.1950000000000074,0.30400000000000205,0.9699999999999989,0.10133333333333401,0.0,0.9720000000000013,0.09540335423872517,0.10133333333333401,0,1,2022,Abu Dhabi Grand Prix,0.0,16,0.0
RIC,50,0 days 00:01:32.284000,HARD,31.0,True,0 days 02:19:10.686000,28.0,10,32.0,0 days 00:00:18.388000,0 days 00:00:39.161000,0 days 00:00:34.735000,1,92.284,8350.686,0.6679999999996653,True,False,False,31.0,0.0,0.0,18.388,39.161,34.735,0,0,0,0.0,91.1622,0.5127272179239056,2.187908035275192,0,0,92.059,91.249,-0.8100000000000023,1.274000000000001,0.22500000000000853,0.3719999999999999,0.0,1.1739999999999995,0.41279328967414264,0.3719999999999999,0,1,2022,Abu Dhabi Grand Prix,0.0,16,0.0
RIC,51,0 days 00:01:31.249000,HARD,32.0,True,0 days 02:20:41.935000,28.0,10,32.0,0 days 00:00:18.350000,0 days 00:00:39.005000,0 days 00:00:33.894000,1,91.249,8441.935,0.8019999999996799,True,False,False,32.0,0.0,0.0,18.35,39.005,33.894,0,0,0,0.0,91.462,0.6554220014616631,-0.32498146160030433,0,0,92.284,91.099,-1.1850000000000023,1.3490000000000038,-1.0350000000000108,0.44966666666666794,0.0,0.12199999999999989,0.5535081751880452,0.44966666666666794,0,1,2022,Abu Dhabi Grand Prix,0.0,16,0.0
RIC,52,0 days 00:01:31.099000,HARD,33.0,True,0 days 02:22:13.034000,27.9,10,32.1,0 days 00:00:18.301000,0 days 00:00:39.037000,0 days 00:00:33.761000,1,91.099,8533.034,0.8189999999995052,True,False,False,33.0,0.0,0.0,18.301,39.037,33.761,0,0,0,0.0,91.5232,0.6073699037654208,-0.6984211719582242,0,0,91.249,90.99,-0.25900000000000034,0.31399999999999295,-0.14999999999999147,0.0533333333333322,0.0,-0.13299999999999557,0.5279907196154122,0.0533333333333322,0,1,2022,Abu Dhabi Grand Prix,0.0,16,0.0
RIC,53,0 days 00:01:30.990000,HARD,34.0,True,0 days 02:23:44.024000,27.9,10,31.9,0 days 00:00:18.295000,0 days 00:00:38.935000,0 days 00:00:33.760000,1,90.99,8624.024,0.8850000000002183,True,False,False,34.0,0.0,0.0,18.295,38.935,33.76,0,0,0,0.0,91.55600000000001,0.5710035026162429,-0.9912373521470517,0,0,91.099,91.087,-0.012000000000000455,0.010000000000005116,-0.10900000000000887,-0.3199999999999979,0.0,-0.0010000000000047748,0.5672302883309381,-0.3199999999999979,0,1,2022,Abu Dhabi Grand Prix,0.0,16,0.0
RIC,54,0 days 00:01:31.087000,HARD,35.0,True,0 days 02:25:15.111000,27.9,10,31.9,0 days 00:00:18.294000,0 days 00:00:39.052000,0 days 00:00:33.741000,1,91.087,8715.111,0.7289999999993597,True,False,False,35.0,0.0,0.0,18.294,39.052,33.741,0,0,0,0.0,91.53620000000001,0.5925552294934345,-0.7580727966640649,0,0,90.99,91.218,0.22800000000000864,0.0,0.09700000000000841,-0.43133333333333707,0.0,-0.01899999999999835,0.6010080698293493,-0.43133333333333707,0,1,2022,Abu Dhabi Grand Prix,0.0,16,0.0
RIC,55,0 days 00:01:31.218000,HARD,36.0,True,0 days 02:26:46.329000,27.9,10,31.9,0 days 00:00:18.327000,0 days 00:00:38.976000,0 days 00:00:33.915000,1,91.218,8806.329,0.8150000000005093,True,False,False,36.0,0.0,0.0,18.327,38.976,33.915,0,0,0,0.0,91.3418,0.5347875279024381,-0.2314938055597059,0,0,91.087,91.278,0.1910000000000025,0.09700000000000841,0.13100000000000023,-0.05399999999999731,0.0,0.1739999999999995,0.5361718940787547,-0.05399999999999731,0,1,2022,Abu Dhabi Grand Prix,0.0,16,0.0
RIC,56,0 days 00:01:31.278000,HARD,37.0,True,0 days 02:28:17.607000,27.9,9,32.0,0 days 00:00:18.446000,0 days 00:00:39.204000,0 days 00:00:33.628000,1,91.278,8897.607,1.022000000000844,True,False,False,37.0,0.0,0.0,18.446,39.204,33.628,0,0,0,0.0,91.1286,0.10524400220430519,1.4195583298892116,0,0,91.218,91.114,-0.1039999999999992,0.22800000000000864,0.060000000000002274,0.03966666666666659,0.0,-0.11299999999999955,0.12157425714352375,0.03966666666666659,0,0,2022,Abu Dhabi Grand Prix,0.0,16,0.0
RIC,57,0 days 00:01:31.114000,HARD,38.0,True,0 days 02:29:48.721000,27.9,9,32.0,0 days 00:00:18.289000,0 days 00:00:39.251000,0 days 00:00:33.574000,1,91.114,8988.721,1.1350000000002183,True,False,False,38.0,0.0,0.0,18.289,39.251,33.574,0,0,0,0.0,91.1344,0.11397499725808614,-0.1789866241786444,0,0,91.278,90.856,-0.42200000000001125,0.2880000000000109,-0.16400000000000148,0.09600000000000364,0.0,-0.054000000000002046,0.12186385846509062,0.09600000000000364,0,0,2022,Abu Dhabi Grand Prix,0.0,16,0.0
RUS,2,0 days 00:01:31.786000,MEDIUM,2.0,True,0 days 01:05:18.687000,28.7,7,34.9,0 days 00:00:18.404000,0 days 00:00:39.308000,0 days 00:00:34.074000,1,91.786,3918.687,0.8079999999999927,False,True,False,2.0,0.0,0.0,18.404,39.308,34.074,0,0,0,0.0,91.1106,0.16197777625334922,4.169707818087366,0,0,91.786,91.189,-0.5970000000000084,0.9300000000000068,0.0,-0.12066666666666966,0.0,0.5,0.1343558707314271,0.0,0,1,2022,Abu Dhabi Grand Prix,0.0,16,0.0
RUS,3,0 days 00:01:31.189000,MEDIUM,3.0,True,0 days 01:06:49.876000,28.6,7,34.4,0 days 00:00:18.369000,0 days 00:00:38.533000,0 days 00:00:34.287000,1,91.189,4009.876,1.0039999999999054,False,True,False,3.0,0.0,0.0,18.369,38.533,34.287,0,0,0,0.0,,,0.0,0,0,91.786,91.243,-0.5430000000000064,0.0,-0.5970000000000084,0.0,0.0,0.0,0.0,0.0,0,0,2022,Abu Dhabi Grand Prix,0.0,16,0.0
RUS,4,0 days 00:01:31.243000,MEDIUM,4.0,True,0 days 01:08:21.119000,28.7,7,34.0,0 days 00:00:18.395000,0 days 00:00:38.438000,0 days 00:00:34.410000,1,91.243,4101.119,1.1880000000001019,False,True,False,4.0,0.0,0.0,18.395,38.438,34.41,0,0,0,0.0,,,0.0,0,0,91.189,90.631,-0.5579999999999927,0.0,0.054000000000002046,-0.2985000000000042,0.0,0.3359999999999985,0.0,0.0,0,0,2022,Abu Dhabi Grand Prix,0.0,16,0.0
RUS,5,0 days 00:01:30.631000,MEDIUM,5.0,True,0 days 01:09:51.750000,28.6,6,34.0,0 days 00:00:18.369000,0 days 00:00:38.235000,0 days 00:00:34.027000,1,90.631,4191.75,0.9080000000003565,False,True,False,5.0,0.0,0.0,18.369,38.235,34.027,0,0,0,0.0,91.40599999999999,0.33019539669717124,-2.347095107176068,1,0,91.243,91.229,-0.013999999999995794,0.054000000000002046,-0.6119999999999948,-0.18100000000000213,0.0,-0.046999999999997044,0.2548829796854495,-0.2715000000000032,0,1,2022,Abu Dhabi Grand Prix,0.0,16,0.0
RUS,6,0 days 00:01:31.229000,MEDIUM,6.0,True,0 days 01:11:22.979000,28.6,6,34.2,0 days 00:00:18.346000,0 days 00:00:38.222000,0 days 00:00:34.661000,1,91.229,4282.979,1.6109999999998763,False,True,False,6.0,0.0,0.0,18.346,38.222,34.661,0,0,0,0.0,91.21225,0.4720617014755583,0.03548264972067232,0,1,90.631,91.524,0.8930000000000007,0.0,0.597999999999999,-0.3850000000000004,0.0,0.6340000000000003,0.2642440475520046,-0.3850000000000004,0,0,2022,Abu Dhabi Grand Prix,0.0,16,0.0
RUS,7,0 days 00:01:31.524000,MEDIUM,7.0,True,0 days 01:12:54.503000,28.5,6,34.0,0 days 00:00:18.378000,0 days 00:00:38.726000,0 days 00:00:34.420000,1,91.524,4374.503,1.730000000000473,False,True,False,7.0,0.0,0.0,18.378,38.726,34.42,0,0,0,0.0,91.2156,0.4088860476954421,0.7542443713553099,0,0,91.229,91.483,0.2540000000000049,0.597999999999999,0.2950000000000017,0.013333333333335418,0.0,0.3930000000000007,0.30086342416451944,0.013333333333335418,0,0,2022,Abu Dhabi Grand Prix,0.0,16,0.0
RUS,8,0 days 00:01:31.483000,MEDIUM,8.0,True,0 days 01:14:25.986000,28.5,6,34.1,0 days 00:00:18.321000,0 days 00:00:38.719000,0 days 00:00:34.443000,1,91.483,4465.986,2.1590000000005602,False,True,False,8.0,0.0,0.0,18.321,38.719,34.443,0,0,0,0.0,91.16319999999999,0.32587451572652787,0.9813593409936645,0,0,91.524,90.768,-0.7560000000000002,0.8930000000000007,-0.04099999999999682,0.09366666666666863,0.0,0.4159999999999968,0.28510471760390005,0.09366666666666863,0,0,2022,Abu Dhabi Grand Prix,0.0,16,0.0
RUS,9,0 days 00:01:30.768000,MEDIUM,9.0,True,0 days 01:15:56.754000,28.5,5,34.0,0 days 00:00:18.395000,0 days 00:00:38.625000,0 days 00:00:33.748000,1,90.768,4556.754,1.100999999999658,False,True,False,9.0,0.0,0.0,18.395,38.625,33.748,0,0,0,0.0,91.222,0.3567548177670497,-1.2725826741222652,0,0,91.483,91.421,-0.06199999999999761,0.8520000000000039,-0.7150000000000034,0.2840000000000013,0.0,-0.6720000000000041,0.2472858669637215,0.2840000000000013,0,0,2022,Abu Dhabi Grand Prix,0.0,16,0.0
RUS,10,0 days 00:01:31.421000,MEDIUM,10.0,True,0 days 01:17:28.175000,28.5,5,34.0,0 days 00:00:18.445000,0 days 00:00:39.220000,0 days 00:00:33.756000,1,91.421,4648.175,1.7950000000000728,False,True,False,10.0,0.0,0.0,18.445,39.22,33.756,0,0,0,0.0,91.127,0.40915950435007536,0.7185461827827072,0,0,90.768,91.371,0.6029999999999944,0.13700000000000045,0.6530000000000058,-0.15366666666666617,0.0,0.008000000000002672,0.5192347253410553,-0.15366666666666617,0,0,2022,Abu Dhabi Grand Prix,0.0,16,0.0
RUS,11,0 days 00:01:31.371000,MEDIUM,11.0,True,0 days 01:18:59.546000,28.5,5,33.9,0 days 00:00:18.474000,0 days 00:00:39.206000,0 days 00:00:33.691000,1,91.371,4739.546,2.3499999999994543,False,True,False,11.0,0.0,0.0,18.474,39.206,33.691,0,0,0,0.0,91.285,0.31034094154655495,0.27711458105213443,0,0,91.421,91.719,0.2979999999999876,0.6530000000000058,-0.05000000000001137,-0.034333333333331474,0.0,-0.056999999999995055,0.5147185638773885,-0.034333333333331474,0,0,2022,Abu Dhabi Grand Prix,0.0,16,0.0
RUS,12,0 days 00:01:31.719000,MEDIUM,12.0,True,0 days 01:20:31.265000,28.5,5,33.9,0 days 00:00:18.494000,0 days 00:00:39.356000,0 days 00:00:33.869000,1,91.719,4831.265,2.6539999999995416,False,True,False,12.0,0.0,0.0,18.494,39.356,33.869,0,0,0,0.0,91.3134,0.3104324403151233,1.3065644801434533,0,0,91.371,91.531,0.1600000000000108,0.6029999999999944,0.347999999999999,-0.03733333333333633,0.0,0.17799999999999727,0.441829491998894,-0.03733333333333633,0,0,2022,Abu Dhabi Grand Prix,0.0,16,0.0
RUS,13,0 days 00:01:31.531000,MEDIUM,13.0,True,0 days 01:22:02.796000,28.4,5,33.9,0 days 00:00:18.520000,0 days 00:00:39.220000,0 days 00:00:33.791000,1,91.531,4922.796,2.777999999999338,False,True,False,13.0,0.0,0.0,18.52,39.22,33.791,0,0,0,0.0,91.3524,0.3528552110994001,0.5061566171675185,0,0,91.719,92.115,0.3960000000000008,0.9509999999999934,-0.18799999999998818,0.3169999999999978,0.0,0.09999999999999432,0.40509603799593047,0.3169999999999978,0,0,2022,Abu Dhabi Grand Prix,0.0,16,0.0
RUS,14,0 days 00:01:32.115000,MEDIUM,14.0,True,0 days 01:23:34.911000,28.4,5,33.7,0 days 00:00:18.522000,0 days 00:00:39.416000,0 days 00:00:34.177000,1,92.115,5014.911,2.548999999999978,False,True,False,14.0,0.0,0.0,18.522,39.416,34.177,0,0,0,0.0,91.362,0.3579133973463447,2.1038608936768552,0,0,91.531,89.864,-1.6670000000000016,0.7630000000000052,0.583999999999989,0.03666666666666648,0.0,0.4859999999999971,0.3381313354304811,0.03666666666666648,0,0,2022,Abu Dhabi Grand Prix,0.0,16,0.0
RUS,17,0 days 00:01:29.864000,HARD,2.0,True,0 days 01:28:31.397000,28.4,9,33.4,0 days 00:00:18.183000,0 days 00:00:38.510000,0 days 00:00:33.171000,1,89.864,5311.397,7.842999999999847,True,False,False,2.0,0.0,0.0,18.183,38.51,33.171,0,0,0,0.0,91.6314,0.30153739403265417,-5.86129626035237,1,0,92.115,90.575,-1.539999999999992,0.7439999999999998,-2.2509999999999906,0.24799999999999991,0.0,-0.6199999999999974,0.21151122901633118,0.24799999999999991,0,0,2022,Abu Dhabi Grand Prix,0.0,16,0.0
RUS,18,0 days 00:01:30.575000,HARD,3.0,True,0 days 01:30:01.972000,28.3,8,33.3,0 days 00:00:18.661000,0 days 00:00:38.458000,0 days 00:00:33.456000,1,90.575,5401.972,2.0910000000003492,True,False,False,3.0,0.0,0.0,18.661,38.458,33.456,0,0,0,0.0,91.32000000000001,0.8599831393696027,-0.8662960538343987,0,1,89.864,90.853,0.9889999999999901,0.0,0.7109999999999985,-0.61833333333333,0.0,0.2850000000000037,0.4074356390891669,-0.61833333333333,0,0,2022,Abu Dhabi Grand Prix,0.0,16,0.0
RUS,19,0 days 00:01:30.853000,HARD,4.0,True,0 days 01:31:32.825000,28.3,6,33.6,0 days 00:00:18.415000,0 days 00:00:38.967000,0 days 00:00:33.471000,1,90.853,5492.825,8.346000000000458,True,False,False,4.0,0.0,0.0,18.415,38.967,33.471,0,0,0,0.0,91.16080000000001,0.9197805172974665,-0.3346450530441806,0,0,90.575,91.393,0.8179999999999978,0.7109999999999985,0.2779999999999916,-0.3186666666666677,0.0,0.29999999999999716,0.42032630181800273,-0.3186666666666677,0,0,2022,Abu Dhabi Grand Prix,0.0,16,0.0
RUS,20,0 days 00:01:31.393000,HARD,5.0,True,0 days 01:33:04.218000,28.3,6,33.1,0 days 00:00:18.413000,0 days 00:00:39.067000,0 days 00:00:33.913000,1,91.393,5584.218,5.6140000000004875,True,False,False,5.0,0.0,0.0,18.413,39.067,33.913,0,0,0,0.0,90.9876,0.8684968624007778,0.4667834940466644,0,0,90.853,90.937,0.08400000000000318,0.9889999999999901,0.5400000000000063,-0.4206666666666668,0.0,0.7419999999999973,0.4304360579691235,-0.4206666666666668,0,0,2022,Abu Dhabi Grand Prix,0.0,16,0.0
RUS,21,0 days 00:01:30.937000,HARD,6.0,True,0 days 01:34:35.155000,28.3,5,33.1,0 days 00:00:18.641000,0 days 00:00:38.833000,0 days 00:00:33.463000,1,90.937,5675.155,1.9380000000001019,True,False,False,6.0,0.0,0.0,18.641,38.833,33.463,0,0,0,0.0,90.96000000000001,0.8488822061982421,-0.02709445413282592,0,0,91.393,90.553,-0.8400000000000034,1.5289999999999964,-0.45600000000000307,0.5096666666666655,0.0,0.006999999999997897,0.5142312709277781,0.5096666666666655,0,0,2022,Abu Dhabi Grand Prix,0.0,16,0.0
RUS,22,0 days 00:01:30.553000,HARD,7.0,True,0 days 01:36:05.708000,28.2,5,33.0,0 days 00:00:18.333000,0 days 00:00:38.903000,0 days 00:00:33.317000,1,90.553,5765.708,4.414999999999964,True,False,False,7.0,0.0,0.0,18.333,38.903,33.317,0,0,0,0.0,90.7244,0.563775487228731,-0.3040217318467171,0,0,90.937,90.663,-0.2740000000000009,1.0729999999999933,-0.38400000000000034,0.12066666666666492,0.0,-0.1460000000000008,0.5010685581834071,0.12066666666666492,0,0,2022,Abu Dhabi Grand Prix,0.0,16,0.0
RUS,23,0 days 00:01:30.663000,HARD,8.0,True,0 days 01:37:36.371000,28.2,5,32.9,0 days 00:00:18.361000,0 days 00:00:39.009000,0 days 00:00:33.293000,1,90.663,5856.371,4.969000000000051,True,False,False,8.0,0.0,0.0,18.361,39.009,33.293,0,0,0,0.0,90.8622,0.34114395788288565,-0.5839177139065433,0,0,90.553,90.765,0.2120000000000033,0.0,0.10999999999999943,-0.09999999999999905,0.0,-0.02400000000000091,0.33944263138268255,-0.09999999999999905,0,0,2022,Abu Dhabi Grand Prix,0.0,16,0.0
RUS,24,0 days 00:01:30.765000,HARD,9.0,True,0 days 01:39:07.136000,28.2,5,33.3,0 days 00:00:18.425000,0 days 00:00:39.070000,0 days 00:00:33.270000,1,90.765,5947.136,4.842999999999847,True,False,False,9.0,0.0,0.0,18.425,39.07,33.27,0,0,0,0.0,90.8798,0.3244860551703287,-0.353790242048281,0,0,90.663,90.665,0.0020000000000095497,0.10999999999999943,0.10200000000000387,-0.24333333333333465,0.0,-0.022999999999996135,0.3563624559349644,-0.24333333333333465,0,0,2022,Abu Dhabi Grand Prix,0.0,16,0.0
RUS,25,0 days 00:01:30.665000,HARD,10.0,True,0 days 01:40:37.801000,28.3,5,33.3,0 days 00:00:18.364000,0 days 00:00:38.898000,0 days 00:00:33.403000,1,90.665,6037.801,4.324999999999818,True,False,False,10.0,0.0,0.0,18.364,38.898,33.403,0,0,0,0.0,90.8622,0.3286627450746447,-0.600007159178348,0,0,90.765,90.4,-0.3649999999999949,0.2120000000000033,-0.09999999999999432,-0.05733333333333235,0.0,0.13299999999999557,0.3574936363069966,-0.05733333333333235,0,0,2022,Abu Dhabi Grand Prix,0.0,16,0.0
RUS,26,0 days 00:01:30.400000,HARD,11.0,True,0 days 01:42:08.201000,28.2,5,33.0,0 days 00:00:18.339000,0 days 00:00:38.932000,0 days 00:00:33.129000,1,90.4,6128.201,4.295000000000073,True,False,False,11.0,0.0,0.0,18.339,38.932,33.129,0,0,0,0.0,90.7166,0.1442386910644863,-2.1949727750818835,1,0,90.665,90.195,-0.4700000000000131,0.11200000000000898,-0.26500000000000057,0.03733333333333633,0.0,-0.14100000000000534,0.09949522601612443,0.03733333333333633,0,0,2022,Abu Dhabi Grand Prix,0.0,16,0.0
RUS,27,0 days 00:01:30.195000,HARD,12.0,True,0 days 01:43:38.396000,28.2,5,32.9,0 days 00:00:18.251000,0 days 00:00:38.883000,0 days 00:00:33.061000,1,90.195,6218.396,4.1820000000006985,True,False,False,12.0,0.0,0.0,18.251,38.883,33.061,0,0,0,0.0,90.6092,0.1389287587218463,-2.9813841555245677,1,1,90.4,90.502,0.10199999999998965,0.0,-0.2050000000000125,-0.08766666666666367,0.0,-0.06799999999999784,0.1139197085670427,-0.08766666666666367,0,0,2022,Abu Dhabi Grand Prix,0.0,16,0.0
RUS,28,0 days 00:01:30.502000,HARD,13.0,True,0 days 01:45:08.898000,28.1,5,32.5,0 days 00:00:18.283000,0 days 00:00:39.051000,0 days 00:00:33.168000,1,90.502,6308.898,3.8479999999999563,True,False,False,13.0,0.0,0.0,18.283,39.051,33.168,0,0,0,0.0,90.5376,0.23450756917419863,-0.15180746670721593,0,1,90.195,90.471,0.27600000000001046,0.0,0.30700000000000216,-0.19000000000000247,0.0,0.10699999999999932,0.1003409188716144,-0.19000000000000247,0,0,2022,Abu Dhabi Grand Prix,0.0,16,0.0
RUS,29,0 days 00:01:30.471000,HARD,14.0,True,0 days 01:46:39.369000,28.2,5,32.9,0 days 00:00:18.326000,0 days 00:00:38.978000,0 days 00:00:33.167000,1,90.471,6399.369,3.490000000000691,True,False,False,14.0,0.0,0.0,18.326,38.978,33.167,0,0,0,0.0,90.5054,0.22379298469789102,-0.15371348680312347,0,0,90.502,90.386,-0.11599999999999966,0.30700000000000216,-0.0309999999999917,-0.054333333333336974,0.0,0.10600000000000165,0.11636064626840088,-0.054333333333336974,0,0,2022,Abu Dhabi Grand Prix,0.0,16,0.0
RUS,30,0 days 00:01:30.386000,HARD,15.0,True,0 days 01:48:09.755000,28.1,5,32.8,0 days 00:00:18.229000,0 days 00:00:38.941000,0 days 00:00:33.216000,1,90.386,6489.755,3.3369999999995343,True,False,False,15.0,0.0,0.0,18.229,38.941,33.216,0,0,0,0.0,90.4466,0.1709072848066676,-0.35457821513319016,0,0,90.471,90.522,0.05100000000000193,0.27600000000001046,-0.08500000000000796,0.023666666666665986,0.0,0.15500000000000114,0.12361755538757484,0.023666666666665986,0,0,2022,Abu Dhabi Grand Prix,0.0,16,0.0
RUS,31,0 days 00:01:30.522000,HARD,16.0,True,0 days 01:49:40.277000,28.1,5,32.9,0 days 00:00:18.240000,0 days 00:00:38.897000,0 days 00:00:33.385000,1,90.522,6580.277,2.7650000000003274,True,False,False,16.0,0.0,0.0,18.24,38.897,33.385,0,0,0,0.0,90.39079999999998,0.11962733801260932,1.0967392753167502,0,0,90.386,90.364,-0.02199999999999136,0.1910000000000025,0.1360000000000099,0.0636666666666675,0.0,0.21799999999999642,0.1286067649853632,0.0636666666666675,0,0,2022,Abu Dhabi Grand Prix,0.0,16,0.0
RUS,32,0 days 00:01:30.364000,HARD,17.0,True,0 days 01:51:10.641000,28.1,5,32.9,0 days 00:00:18.245000,0 days 00:00:38.965000,0 days 00:00:33.154000,1,90.364,6670.641,2.542000000000371,True,False,False,17.0,0.0,0.0,18.245,38.965,33.154,0,0,0,0.0,90.4152,0.13359902694250864,-0.38323632418391146,0,0,90.522,90.184,-0.33800000000000807,0.3270000000000124,-0.15800000000000125,0.0066666666666700776,0.0,-0.012999999999998124,0.1062934616992015,0.0066666666666700776,0,0,2022,Abu Dhabi Grand Prix,0.0,16,0.0
RUS,33,0 days 00:01:30.184000,HARD,18.0,True,0 days 01:52:40.825000,28.1,5,32.9,0 days 00:00:18.126000,0 days 00:00:38.948000,0 days 00:00:33.110000,1,90.184,6760.825,2.32300000000032,True,False,False,18.0,0.0,0.0,18.126,38.948,33.11,0,0,0,0.0,90.449,0.07038465741897543,-3.765025073895687,1,0,90.364,90.388,0.02400000000000091,0.0,-0.18000000000000682,-0.03566666666666644,0.0,-0.044000000000004036,0.08476025011760929,-0.03566666666666644,0,0,2022,Abu Dhabi Grand Prix,0.0,16,0.0
RUS,34,0 days 00:01:30.388000,HARD,19.0,True,0 days 01:54:11.213000,28.0,4,32.7,0 days 00:00:18.196000,0 days 00:00:39.088000,0 days 00:00:33.104000,1,90.388,6851.213,2.094000000000051,True,False,False,19.0,0.0,0.0,18.196,39.088,33.104,0,0,0,0.0,90.3854,0.12942874487524494,0.02008827330054973,0,1,90.184,90.499,0.3149999999999977,0.0,0.20400000000000773,-0.06733333333333273,0.0,-0.006000000000000227,0.11098783717146651,-0.06733333333333273,0,0,2022,Abu Dhabi Grand Prix,0.0,16,0.0
RUS,35,0 days 00:01:30.499000,HARD,20.0,True,0 days 01:55:41.712000,28.0,4,32.7,0 days 00:00:18.146000,0 days 00:00:39.195000,0 days 00:00:33.158000,1,90.499,6941.712,1.6809999999995853,True,False,False,20.0,0.0,0.0,18.146,39.195,33.158,0,0,0,0.0,90.3688,0.12073607580164031,1.0783852227722743,0,0,90.388,90.368,-0.020000000000010232,0.20400000000000773,0.11099999999999,-0.04466666666666678,0.0,0.054000000000002046,0.11669404440673013,-0.04466666666666678,0,0,2022,Abu Dhabi Grand Prix,0.0,16,0.0
RUS,36,0 days 00:01:30.368000,HARD,21.0,True,0 days 01:57:12.080000,28.0,4,32.6,0 days 00:00:18.154000,0 days 00:00:39.078000,0 days 00:00:33.136000,1,90.368,7032.08,1.5450000000000728,True,False,False,21.0,0.0,0.0,18.154,39.078,33.136,0,0,0,0.0,90.3914,0.1345466461862971,-0.17391737856928152,0,0,90.499,90.425,-0.07399999999999807,0.3149999999999977,-0.13100000000000023,0.044999999999996966,0.0,0.03200000000000358,0.10469574967495006,0.044999999999996966,0,0,2022,Abu Dhabi Grand Prix,0.0,16,0.0
RUS,37,0 days 00:01:30.425000,HARD,22.0,True,0 days 01:58:42.505000,28.0,4,32.6,0 days 00:00:18.279000,0 days 00:00:39.017000,0 days 00:00:33.129000,1,90.425,7122.505,1.0739999999996144,True,False,False,22.0,0.0,0.0,18.279,39.017,33.129,0,0,0,0.0,90.3606,0.11309199794847734,0.5694478934692753,0,0,90.368,90.395,0.027000000000001023,0.1839999999999975,0.05700000000000216,0.0613333333333325,0.0,0.02499999999999858,0.038649708925167454,0.0613333333333325,0,0,2022,Abu Dhabi Grand Prix,0.0,16,0.0
RUS,38,0 days 00:01:30.395000,HARD,23.0,True,0 days 02:00:12.900000,28.0,4,32.6,0 days 00:00:18.200000,0 days 00:00:39.053000,0 days 00:00:33.142000,1,90.395,7212.9,0.956000000000131,True,False,False,23.0,0.0,0.0,18.2,39.053,33.142,0,0,0,0.0,90.3728,0.1167805634511978,0.19010012748632868,0,0,90.425,89.042,-1.3829999999999956,0.24099999999999966,-0.030000000000001137,0.012333333333330643,0.0,0.01300000000000523,0.03805522303180169,0.012333333333330643,0,1,2022,Abu Dhabi Grand Prix,0.0,16,0.0
RUS,41,0 days 00:01:29.042000,MEDIUM,2.0,True,0 days 02:05:09.575000,28.0,7,32.4,0 days 00:00:18.198000,0 days 00:00:38.408000,0 days 00:00:32.436000,1,89.042,7509.575,19.291000000000167,False,True,False,2.0,0.0,0.0,18.198,38.408,32.436,0,0,0,0.0,90.41499999999999,0.05122011323671891,-26.805875919378245,1,0,90.395,89.069,-1.3259999999999934,0.027000000000001023,-1.3529999999999944,-0.0346666666666664,0.0,-0.6929999999999978,0.02227779163202683,-0.0346666666666664,0,0,2022,Abu Dhabi Grand Prix,0.0,16,0.0
RUS,42,0 days 00:01:29.069000,MEDIUM,3.0,True,0 days 02:06:38.644000,28.0,7,32.4,0 days 00:00:18.156000,0 days 00:00:38.495000,0 days 00:00:32.418000,1,89.069,7598.644,21.215000000000146,False,True,False,3.0,0.0,0.0,18.156,38.495,32.418,0,0,0,0.0,90.1458,0.6189811790353165,-1.7396328619848938,1,1,89.042,88.895,-0.14700000000000557,0.0,0.027000000000001023,-0.4419999999999978,0.0,-0.018000000000000682,0.3241260557252379,-0.4419999999999978,0,0,2022,Abu Dhabi Grand Prix,0.0,16,0.0
RUS,43,0 days 00:01:28.895000,MEDIUM,4.0,True,0 days 02:08:07.539000,28.0,6,32.4,0 days 00:00:18.114000,0 days 00:00:38.425000,0 days 00:00:32.356000,1,88.895,7687.539,22.427999999999884,False,True,False,4.0,0.0,0.0,18.114,38.425,32.356,0,0,0,0.0,89.8598,0.7345608892392251,-1.3134377478213433,0,1,89.069,88.842,-0.22700000000000387,0.027000000000001023,-0.1740000000000066,-0.4519999999999982,0.0,-0.06199999999999761,0.31631266177628725,-0.4519999999999982,0,0,2022,Abu Dhabi Grand Prix,0.0,16,0.0
RUS,44,0 days 00:01:28.842000,MEDIUM,5.0,True,0 days 02:09:36.381000,28.0,6,32.4,0 days 00:00:17.991000,0 days 00:00:38.443000,0 days 00:00:32.408000,1,88.842,7776.381,18.680999999999585,False,True,False,5.0,0.0,0.0,17.991,38.443,32.408,0,0,0,0.0,89.5652,0.7741034814544479,-0.934242019737722,0,0,88.895,88.847,-0.04800000000000182,0.0,-0.05299999999999727,-0.5,0.0,0.0519999999999996,0.30706921043960067,-0.5,0,0,2022,Abu Dhabi Grand Prix,0.0,16,0.0
RUS,45,0 days 00:01:28.847000,MEDIUM,6.0,True,0 days 02:11:05.228000,28.0,6,32.3,0 days 00:00:18.066000,0 days 00:00:38.428000,0 days 00:00:32.353000,1,88.847,7865.228,18.521999999999935,False,True,False,6.0,0.0,0.0,18.066,38.428,32.353,0,0,0,0.0,89.2486,0.6479832559564107,-0.6197691009889571,0,0,88.842,88.919,0.07699999999999818,0.0,0.0049999999999954525,-0.06666666666666761,0.0,-0.0030000000000001137,0.3110615694681679,-0.06666666666666761,0,0,2022,Abu Dhabi Grand Prix,0.0,16,0.0
RUS,46,0 days 00:01:28.919000,MEDIUM,7.0,True,0 days 02:12:34.147000,28.0,6,32.1,0 days 00:00:17.906000,0 days 00:00:38.564000,0 days 00:00:32.449000,1,88.919,7954.147,18.394000000000233,False,True,False,7.0,0.0,0.0,17.906,38.564,32.449,0,0,0,0.0,88.939,0.10876350490789348,-0.1838852105486399,0,0,88.847,88.872,0.025000000000005684,0.0049999999999954525,0.07200000000000273,-0.0740000000000028,0.0,0.09599999999999653,0.309149963609895,-0.0740000000000028,0,0,2022,Abu Dhabi Grand Prix,0.0,16,0.0
RUS,47,0 days 00:01:28.872000,MEDIUM,8.0,True,0 days 02:14:03.019000,28.0,6,32.0,0 days 00:00:17.925000,0 days 00:00:38.548000,0 days 00:00:32.399000,1,88.872,8043.019,18.0,False,True,False,8.0,0.0,0.0,17.925,38.548,32.399,0,0,0,0.0,88.9144,0.09230817948506466,-0.4593309090973994,0,0,88.919,88.836,-0.08299999999999841,0.07699999999999818,-0.046999999999997044,0.008000000000000304,0.0,0.045999999999999375,0.061749493925049824,0.008000000000000304,0,0,2022,Abu Dhabi Grand Prix,0.0,16,0.0
RUS,48,0 days 00:01:28.836000,MEDIUM,9.0,True,0 days 02:15:31.855000,28.0,6,32.1,0 days 00:00:17.884000,0 days 00:00:38.577000,0 days 00:00:32.375000,1,88.836,8131.855,18.38500000000022,False,True,False,9.0,0.0,0.0,17.884,38.577,32.375,0,0,0,0.0,88.875,0.03247306575983844,-1.2009953198886236,0,0,88.872,88.998,0.12600000000000477,0.030000000000001137,-0.036000000000001364,0.010000000000000378,0.0,0.021999999999998465,0.06033406997708473,0.010000000000000378,0,0,2022,Abu Dhabi Grand Prix,0.0,16,0.0
RUS,49,0 days 00:01:28.998000,MEDIUM,10.0,True,0 days 02:17:00.853000,28.0,6,31.9,0 days 00:00:17.884000,0 days 00:00:38.591000,0 days 00:00:32.523000,1,88.998,8220.853,18.343000000000757,False,True,False,10.0,0.0,0.0,17.884,38.591,32.523,0,0,0,0.0,88.86319999999999,0.034069047533526166,3.95667063681075,0,0,88.836,89.004,0.16800000000000637,0.0,0.16200000000000614,-0.0036666666666652268,0.0,0.14800000000000324,0.03692966287417088,-0.0036666666666652268,0,0,2022,Abu Dhabi Grand Prix,0.0,16,0.0
RUS,50,0 days 00:01:29.004000,MEDIUM,11.0,True,0 days 02:18:29.857000,28.0,6,31.9,0 days 00:00:17.840000,0 days 00:00:38.644000,0 days 00:00:32.520000,1,89.004,8309.857,18.834000000000742,False,True,False,11.0,0.0,0.0,17.84,38.644,32.52,0,0,0,0.0,88.89439999999999,0.06613849106114238,1.6571288253113272,0,0,88.998,89.038,0.03999999999999204,0.16200000000000614,0.006000000000000227,0.02633333333333591,0.0,0.14500000000000313,0.06048305547837435,0.02633333333333591,0,0,2022,Abu Dhabi Grand Prix,0.0,16,0.0
RUS,51,0 days 00:01:29.038000,MEDIUM,12.0,True,0 days 02:19:58.895000,28.0,6,32.0,0 days 00:00:17.873000,0 days 00:00:38.452000,0 days 00:00:32.713000,1,89.038,8398.895,19.29199999999946,False,True,False,12.0,0.0,0.0,17.873,38.452,32.713,0,0,0,0.0,88.92580000000001,0.07472081369904628,1.5015896434411995,0,0,89.004,88.981,-0.023000000000010346,0.16800000000000637,0.033999999999991815,0.04400000000000167,0.0,0.33800000000000097,0.05695436769906432,0.04400000000000167,0,0,2022,Abu Dhabi Grand Prix,0.0,16,0.0
RUS,52,0 days 00:01:28.981000,MEDIUM,13.0,True,0 days 02:21:27.876000,27.9,6,32.0,0 days 00:00:18.054000,0 days 00:00:38.316000,0 days 00:00:32.611000,1,88.981,8487.876,20.09599999999955,False,True,False,13.0,0.0,0.0,18.054,38.316,32.611,0,0,0,0.0,88.9496,0.08950307257211725,0.35082594482653284,0,0,89.038,89.401,0.36299999999999955,0.20199999999999818,-0.05700000000000216,0.06733333333333273,0.0,0.09099999999999397,0.124551997173872,0.06733333333333273,0,0,2022,Abu Dhabi Grand Prix,0.0,16,0.0
RUS,53,0 days 00:01:29.401000,MEDIUM,14.0,True,0 days 02:22:57.277000,27.9,6,31.9,0 days 00:00:17.904000,0 days 00:00:38.794000,0 days 00:00:32.703000,1,89.401,8577.277,20.85900000000038,False,True,False,14.0,0.0,0.0,17.904,38.794,32.703,0,0,0,0.0,88.97139999999999,0.07847165093109595,5.474588528502211,0,0,88.981,89.828,0.8470000000000084,0.14499999999999602,0.4200000000000017,-0.005666666666670039,0.0,0.18299999999999983,0.1175061700507694,-0.005666666666670039,0,0,2022,Abu Dhabi Grand Prix,0.0,16,0.0
RUS,54,0 days 00:01:29.828000,MEDIUM,15.0,True,0 days 02:24:27.105000,27.9,6,31.9,0 days 00:00:17.938000,0 days 00:00:38.812000,0 days 00:00:33.078000,1,89.828,8667.105,21.662000000000262,False,True,False,15.0,0.0,0.0,17.938,38.812,33.078,0,0,0,0.0,89.0844,0.17819175065042342,4.173032686899155,0,0,89.401,91.157,1.7560000000000002,0.4200000000000017,0.4270000000000067,0.13233333333333044,0.0,0.46700000000000585,0.09372566350792196,0.13233333333333044,0,0,2022,Abu Dhabi Grand Prix,0.0,16,0.0
RUS,55,0 days 00:01:31.157000,MEDIUM,16.0,True,0 days 02:25:58.262000,27.9,5,31.9,0 days 00:00:18.084000,0 days 00:00:39.353000,0 days 00:00:33.720000,1,91.157,8758.262,21.329999999999927,False,True,False,16.0,0.0,0.0,18.084,39.353,33.72,0,0,0,0.0,89.25039999999998,0.3656176965080886,5.214736644887296,0,0,89.828,91.217,1.3889999999999958,0.8470000000000084,1.3289999999999935,0.2633333333333354,0.0,1.1090000000000018,0.15450954663062402,0.2633333333333354,0,0,2022,Abu Dhabi Grand Prix,0.0,16,0.0
RUS,56,0 days 00:01:31.217000,MEDIUM,17.0,True,0 days 02:27:29.479000,27.9,5,31.9,0 days 00:00:18.175000,0 days 00:00:39.462000,0 days 00:00:33.580000,1,91.217,8849.479,21.04399999999987,False,True,False,17.0,0.0,0.0,18.175,39.462,33.58,0,0,0,0.0,89.681,0.8919128320637215,1.7221413851014804,0,0,91.157,91.165,0.008000000000009777,2.176000000000002,0.060000000000002274,0.7253333333333339,0.0,0.8769999999999953,0.4020308445878272,0.7253333333333339,0,0,2022,Abu Dhabi Grand Prix,0.0,16,0.0
RUS,57,0 days 00:01:31.165000,MEDIUM,18.0,True,0 days 02:29:00.644000,27.9,5,32.0,0 days 00:00:18.304000,0 days 00:00:39.178000,0 days 00:00:33.683000,1,91.165,8940.644,20.76299999999901,False,True,False,18.0,0.0,0.0,18.304,39.178,33.683,0,0,0,0.0,90.1168,1.0220411929075919,1.0255946700328171,0,0,91.217,91.553,0.3359999999999985,2.236000000000004,-0.0519999999999925,0.6053333333333342,0.0,0.6049999999999969,0.43919335149794886,0.6053333333333342,0,0,2022,Abu Dhabi Grand Prix,0.0,16,0.0
SAI,2,0 days 00:01:31.332000,MEDIUM,2.0,True,0 days 01:05:17.163000,28.7,5,34.9,0 days 00:00:18.557000,0 days 00:00:38.855000,0 days 00:00:33.920000,1,91.332,3917.163,0.8330000000000837,False,True,False,2.0,0.0,0.0,18.557,38.855,33.92,0,0,0,0.0,90.984,0.6665350703451857,0.5221030602632454,0,0,91.332,90.946,-0.3859999999999957,1.5039999999999907,0.0,0.13200000000000026,0.0,0.3400000000000034,0.31421648588194606,0.0,0,1,2022,Abu Dhabi Grand Prix,0.0,16,0.0
SAI,3,0 days 00:01:30.946000,MEDIUM,3.0,True,0 days 01:06:48.109000,28.6,5,34.4,0 days 00:00:18.563000,0 days 00:00:38.790000,0 days 00:00:33.593000,1,90.946,4008.109,1.0750000000002728,False,True,False,3.0,0.0,0.0,18.563,38.79,33.593,0,0,0,0.0,,,0.0,0,0,91.332,90.987,-0.34499999999999886,0.0,-0.3859999999999957,0.0,0.0,0.0,0.0,0.0,0,0,2022,Abu Dhabi Grand Prix,0.0,16,0.0
SAI,4,0 days 00:01:30.987000,MEDIUM,4.0,True,0 days 01:08:19.096000,28.7,4,34.0,0 days 00:00:18.467000,0 days 00:00:38.815000,0 days 00:00:33.705000,1,90.987,4099.096,0.5400000000008731,False,True,False,4.0,0.0,0.0,18.467,38.815,33.705,0,0,0,0.0,,,0.0,0,0,90.946,91.98,1.034000000000006,0.0,0.04099999999999682,-0.19299999999999784,0.0,0.11199999999999477,0.0,0.0,0,1,2022,Abu Dhabi Grand Prix,0.0,16,0.0
SAI,5,0 days 00:01:31.980000,MEDIUM,5.0,True,0 days 01:09:51.076000,28.6,5,34.0,0 days 00:00:18.405000,0 days 00:00:39.067000,0 days 00:00:34.508000,1,91.98,4191.076,0.6739999999999782,False,True,False,5.0,0.0,0.0,18.405,39.067,34.508,0,0,0,0.0,91.08833333333332,0.212014936580733,4.205678529291463,0,0,90.987,91.27,0.28300000000000125,0.04099999999999682,0.9930000000000092,-0.11499999999999962,0.0,0.9149999999999991,0.17326665384122297,-0.17249999999999943,0,1,2022,Abu Dhabi Grand Prix,0.0,16,0.0
SAI,6,0 days 00:01:31.270000,MEDIUM,6.0,True,0 days 01:11:22.346000,28.6,5,34.2,0 days 00:00:18.434000,0 days 00:00:38.708000,0 days 00:00:34.128000,1,91.27,4282.346,0.6330000000007203,False,True,False,6.0,0.0,0.0,18.434,38.708,34.128,0,0,0,0.0,91.31125,0.47826169614553404,-0.08624985093402258,0,0,91.98,91.408,-0.5720000000000027,1.034000000000006,-0.710000000000008,0.21600000000000344,0.0,0.5349999999999966,0.4075114517818288,0.21600000000000344,0,1,2022,Abu Dhabi Grand Prix,0.0,16,0.0
SAI,7,0 days 00:01:31.408000,MEDIUM,7.0,True,0 days 01:12:53.754000,28.5,5,34.0,0 days 00:00:18.388000,0 days 00:00:38.761000,0 days 00:00:34.259000,1,91.408,4373.754,0.7489999999997963,False,True,False,7.0,0.0,0.0,18.388,38.761,34.259,0,0,0,0.0,91.303,0.4145973950714143,0.2532577417229497,0,0,91.27,90.685,-0.5849999999999937,0.32399999999999807,0.13800000000000523,0.10799999999999936,0.0,0.554000000000002,0.36334322616501347,0.10799999999999936,0,1,2022,Abu Dhabi Grand Prix,0.0,16,0.0
SAI,8,0 days 00:01:30.685000,MEDIUM,8.0,True,0 days 01:14:24.439000,28.5,4,34.1,0 days 00:00:18.294000,0 days 00:00:38.686000,0 days 00:00:33.705000,1,90.685,4464.439,1.1489999999994325,False,True,False,8.0,0.0,0.0,18.294,38.686,33.705,0,0,0,0.0,91.3182,0.4173106756362727,-1.5173347747084676,1,0,91.408,90.874,-0.534000000000006,0.4620000000000033,-0.722999999999999,0.1403333333333355,0.0,-0.4230000000000018,0.3699387787188585,0.1403333333333355,0,0,2022,Abu Dhabi Grand Prix,0.0,16,0.0
SAI,9,0 days 00:01:30.874000,MEDIUM,9.0,True,0 days 01:15:55.313000,28.5,4,34.0,0 days 00:00:18.359000,0 days 00:00:38.965000,0 days 00:00:33.550000,1,90.874,4555.313,1.4409999999998035,False,True,False,9.0,0.0,0.0,18.359,38.965,33.55,0,0,0,0.0,91.26599999999999,0.4861527537719006,-0.8063309257401008,0,1,90.685,91.075,0.39000000000000057,0.0,0.18899999999999295,-0.43166666666666725,0.0,-0.15500000000000114,0.5120032226461089,-0.43166666666666725,0,0,2022,Abu Dhabi Grand Prix,0.0,16,0.0
SAI,10,0 days 00:01:31.075000,MEDIUM,10.0,True,0 days 01:17:26.388000,28.5,4,34.0,0 days 00:00:18.491000,0 days 00:00:38.946000,0 days 00:00:33.638000,1,91.075,4646.388,1.787000000000262,False,True,False,10.0,0.0,0.0,18.491,38.946,33.638,0,0,0,0.0,91.2434,0.5046402679136921,-0.33370305682540663,0,0,90.874,91.14,0.26600000000000534,0.18899999999999295,0.20100000000000762,-0.13200000000000026,0.0,0.08800000000000097,0.5537654738244345,-0.13200000000000026,0,0,2022,Abu Dhabi Grand Prix,0.0,16,0.0
SAI,11,0 days 00:01:31.140000,MEDIUM,11.0,True,0 days 01:18:57.528000,28.5,4,33.9,0 days 00:00:18.472000,0 days 00:00:38.960000,0 days 00:00:33.708000,1,91.14,4737.528,2.018000000000029,False,True,False,11.0,0.0,0.0,18.472,38.96,33.708,0,0,0,0.0,91.0624,0.29181381050252614,0.2659229865316197,0,0,91.075,91.296,0.22100000000000364,0.39000000000000057,0.06499999999999773,-0.11099999999999947,0.0,0.15800000000000125,0.4278080176901788,-0.11099999999999947,0,0,2022,Abu Dhabi Grand Prix,0.0,16,0.0
SAI,12,0 days 00:01:31.296000,MEDIUM,12.0,True,0 days 01:20:28.824000,28.5,4,33.9,0 days 00:00:18.465000,0 days 00:00:39.143000,0 days 00:00:33.688000,1,91.296,4828.824,2.441000000000713,False,True,False,12.0,0.0,0.0,18.465,39.143,33.688,0,0,0,0.0,91.0364,0.27393667151370155,0.9476642851996601,0,0,91.14,91.269,0.1290000000000049,0.4549999999999983,0.1560000000000059,0.1516666666666661,0.0,0.13800000000000523,0.36493876198617364,0.1516666666666661,0,0,2022,Abu Dhabi Grand Prix,0.0,16,0.0
SAI,13,0 days 00:01:31.269000,MEDIUM,13.0,True,0 days 01:22:00.093000,28.4,4,33.9,0 days 00:00:18.497000,0 days 00:00:39.016000,0 days 00:00:33.756000,1,91.269,4920.093,2.7030000000004293,False,True,False,13.0,0.0,0.0,18.497,39.016,33.756,0,0,0,0.0,91.014,0.23820264482160314,1.0705170809122904,0,0,91.296,91.515,0.2189999999999941,0.6110000000000042,-0.027000000000001023,0.1406666666666704,0.0,0.1180000000000021,0.24858539780124053,0.1406666666666704,0,0,2022,Abu Dhabi Grand Prix,0.0,16,0.0
SAI,14,0 days 00:01:31.515000,MEDIUM,14.0,True,0 days 01:23:31.608000,28.4,4,33.7,0 days 00:00:18.445000,0 days 00:00:39.085000,0 days 00:00:33.985000,1,91.515,5011.608,3.3029999999998836,False,True,False,14.0,0.0,0.0,18.445,39.085,33.985,0,0,0,0.0,91.1308,0.16995205206177602,2.260637605366211,0,0,91.269,91.534,0.26500000000000057,0.39500000000001023,0.2459999999999951,0.06466666666666754,0.0,0.29699999999999704,0.1280812242290039,0.06466666666666754,0,0,2022,Abu Dhabi Grand Prix,0.0,16,0.0
SAI,15,0 days 00:01:31.534000,MEDIUM,15.0,True,0 days 01:25:03.142000,28.4,4,33.3,0 days 00:00:18.380000,0 days 00:00:39.265000,0 days 00:00:33.889000,1,91.534,5103.142,6.1580000000003565,False,True,False,15.0,0.0,0.0,18.38,39.265,33.889,0,0,0,0.0,91.259,0.1695744674177377,1.6217064053785748,0,0,91.515,91.426,-0.08899999999999864,0.4399999999999977,0.019000000000005457,0.125,0.0,0.2010000000000005,0.08093948356642516,0.125,0,0,2022,Abu Dhabi Grand Prix,0.0,16,0.0
SAI,16,0 days 00:01:31.426000,MEDIUM,16.0,True,0 days 01:26:34.568000,28.4,3,33.6,0 days 00:00:18.383000,0 days 00:00:39.051000,0 days 00:00:33.992000,1,91.426,5194.568,6.800999999999476,False,True,False,16.0,0.0,0.0,18.383,39.051,33.992,0,0,0,0.0,91.3508,0.16930357350041159,0.4441725502020337,0,0,91.534,91.373,-0.16100000000000136,0.39400000000000546,-0.10800000000000409,0.07933333333333319,0.0,0.2359999999999971,0.07105138985269453,0.07933333333333319,0,0,2022,Abu Dhabi Grand Prix,0.0,16,0.0
SAI,19,0 days 00:01:31.373000,HARD,2.0,True,0 days 01:31:30.890000,28.3,5,33.6,0 days 00:00:18.421000,0 days 00:00:38.256000,0 days 00:00:34.696000,1,91.373,5490.89,1.9349999999994907,True,False,False,2.0,0.0,0.0,18.421,38.256,34.696,0,0,0,0.0,91.408,0.12197745693368281,-0.28693826613409007,0,0,91.426,90.658,-0.7680000000000007,0.15699999999999648,-0.05299999999999727,0.052333333333332156,0.0,0.806999999999995,0.07289375830617809,0.052333333333332156,0,0,2022,Abu Dhabi Grand Prix,0.0,16,0.0
SAI,20,0 days 00:01:30.658000,HARD,3.0,True,0 days 01:33:01.548000,28.3,4,33.1,0 days 00:00:18.683000,0 days 00:00:38.586000,0 days 00:00:33.389000,1,90.658,5581.548,2.003000000000611,True,False,False,3.0,0.0,0.0,18.683,38.586,33.389,0,0,0,0.0,91.4234,0.10840802553320755,-7.060362885822897,1,0,91.373,90.547,-0.8260000000000076,0.1039999999999992,-0.7150000000000034,-0.04733333333333197,0.0,-0.5,0.27341488620775334,-0.04733333333333197,0,0,2022,Abu Dhabi Grand Prix,0.0,16,0.0
SAI,21,0 days 00:01:30.547000,HARD,4.0,True,0 days 01:34:32.095000,28.3,4,33.1,0 days 00:00:18.264000,0 days 00:00:38.846000,0 days 00:00:33.437000,1,90.547,5672.095,3.0599999999994907,True,False,False,4.0,0.0,0.0,18.264,38.846,33.437,0,0,0,0.0,91.30120000000001,0.3654937755968092,-2.063509833426,1,1,90.658,91.006,0.347999999999999,0.0,-0.1110000000000042,-0.2920000000000016,0.0,0.047999999999994714,0.46605225028959824,-0.2920000000000016,0,0,2022,Abu Dhabi Grand Prix,0.0,16,0.0
SAI,22,0 days 00:01:31.006000,HARD,5.0,True,0 days 01:36:03.101000,28.2,4,33.0,0 days 00:00:18.338000,0 days 00:00:38.663000,0 days 00:00:34.005000,1,91.006,5763.101,2.606999999999971,True,False,False,5.0,0.0,0.0,18.338,38.663,34.005,0,0,0,0.0,91.1076,0.46638106736875057,-0.21784760812272289,0,1,90.547,90.543,-0.003999999999990678,0.0,0.4590000000000032,-0.29300000000000165,0.0,0.6159999999999997,0.46749256678582446,-0.29300000000000165,0,0,2022,Abu Dhabi Grand Prix,0.0,16,0.0
SAI,23,0 days 00:01:30.543000,HARD,6.0,True,0 days 01:37:33.644000,28.2,4,32.9,0 days 00:00:18.293000,0 days 00:00:38.770000,0 days 00:00:33.480000,1,90.543,5853.644,2.7269999999998618,True,False,False,6.0,0.0,0.0,18.293,38.77,33.48,0,0,0,0.0,91.00200000000001,0.4008721741403546,-1.1450033941225781,0,0,91.006,90.528,-0.47799999999999443,0.4590000000000032,-0.46299999999999386,-0.1223333333333348,0.0,0.09099999999999397,0.5116969806438172,-0.1223333333333348,0,0,2022,Abu Dhabi Grand Prix,0.0,16,0.0
SAI,24,0 days 00:01:30.528000,HARD,7.0,True,0 days 01:39:04.172000,28.2,4,33.3,0 days 00:00:18.340000,0 days 00:00:38.680000,0 days 00:00:33.508000,1,90.528,5944.172,2.9640000000008513,True,False,False,7.0,0.0,0.0,18.34,38.68,33.508,0,0,0,0.0,90.8254,0.3597781260721928,-0.8266205709802382,0,0,90.543,90.47,-0.0730000000000075,0.0,-0.015000000000000568,-0.03833333333333163,0.0,0.07100000000000506,0.5161688677167572,-0.03833333333333163,0,0,2022,Abu Dhabi Grand Prix,0.0,16,0.0
SAI,25,0 days 00:01:30.470000,HARD,8.0,True,0 days 01:40:34.642000,28.3,4,33.3,0 days 00:00:18.321000,0 days 00:00:38.631000,0 days 00:00:33.518000,1,90.47,6034.642,3.1590000000005602,True,False,False,8.0,0.0,0.0,18.321,38.631,33.518,0,0,0,0.0,90.6564,0.20219866468407635,-0.9218656329469103,0,0,90.528,90.379,-0.1490000000000009,0.0,-0.058000000000006935,-0.006333333333330415,0.0,0.03800000000000381,0.39491353484022274,-0.006333333333330415,0,0,2022,Abu Dhabi Grand Prix,0.0,16,0.0
SAI,26,0 days 00:01:30.379000,HARD,9.0,True,0 days 01:42:05.021000,28.2,4,33.0,0 days 00:00:18.316000,0 days 00:00:38.679000,0 days 00:00:33.384000,1,90.379,6125.021,3.180000000000291,True,False,False,9.0,0.0,0.0,18.316,38.679,33.384,0,0,0,0.0,90.6188,0.2186382857598948,-1.0967886944710723,0,0,90.47,90.682,0.2120000000000033,0.0,-0.09099999999999397,-0.1786666666666671,0.0,-0.09599999999999653,0.24860953320417925,-0.1786666666666671,0,0,2022,Abu Dhabi Grand Prix,0.0,16,0.0
SAI,27,0 days 00:01:30.682000,HARD,10.0,True,0 days 01:43:35.703000,28.2,4,32.9,0 days 00:00:18.393000,0 days 00:00:38.814000,0 days 00:00:33.475000,1,90.682,6215.703,2.6929999999993015,True,False,False,10.0,0.0,0.0,18.393,38.814,33.475,0,0,0,0.0,90.58520000000001,0.2438825537016276,0.39691236019455195,0,0,90.379,90.179,-0.20000000000000284,0.0,0.30299999999999727,-0.05466666666666716,0.0,0.09100000000000108,0.27375079908559025,-0.05466666666666716,0,0,2022,Abu Dhabi Grand Prix,0.0,16,0.0
SAI,28,0 days 00:01:30.179000,HARD,11.0,True,0 days 01:45:05.882000,28.1,4,32.5,0 days 00:00:18.272000,0 days 00:00:38.686000,0 days 00:00:33.221000,1,90.179,6305.882,3.016000000000531,True,False,False,11.0,0.0,0.0,18.272,38.686,33.221,0,0,0,0.0,90.5204,0.11092474926738448,-3.077762196938099,1,0,90.682,90.294,-0.38800000000000523,0.30299999999999727,-0.5030000000000001,0.05133333333333212,0.0,-0.1630000000000038,0.0785143299022518,0.05133333333333212,0,0,2022,Abu Dhabi Grand Prix,0.0,16,0.0
SAI,29,0 days 00:01:30.294000,HARD,12.0,True,0 days 01:46:36.176000,28.2,4,32.9,0 days 00:00:18.311000,0 days 00:00:38.758000,0 days 00:00:33.225000,1,90.294,6396.176,3.1929999999993015,True,False,False,12.0,0.0,0.0,18.311,38.758,33.225,0,0,0,0.0,90.4476,0.18625332211811765,-0.8246832768039845,0,1,90.179,90.479,0.29999999999999716,0.0,0.11499999999999488,-0.09699999999999893,0.0,0.0040000000000048885,0.1116409423106076,-0.09699999999999893,0,0,2022,Abu Dhabi Grand Prix,0.0,16,0.0
SAI,30,0 days 00:01:30.479000,HARD,13.0,True,0 days 01:48:06.655000,28.1,4,32.8,0 days 00:00:18.195000,0 days 00:00:38.805000,0 days 00:00:33.479000,1,90.479,6486.655,3.100000000000364,True,False,False,13.0,0.0,0.0,18.195,38.805,33.479,0,0,0,0.0,90.4008,0.1903541436376878,0.4108132268916511,0,0,90.294,90.842,0.5480000000000018,0.11499999999999488,0.18500000000000227,-0.028333333333335986,0.0,0.25800000000000267,0.10289654999075676,-0.028333333333335986,0,0,2022,Abu Dhabi Grand Prix,0.0,16,0.0
SAI,31,0 days 00:01:30.842000,HARD,14.0,True,0 days 01:49:37.497000,28.1,4,32.9,0 days 00:00:18.547000,0 days 00:00:38.681000,0 days 00:00:33.614000,1,90.842,6577.497,2.7799999999997453,True,False,False,14.0,0.0,0.0,18.547,38.681,33.614,0,0,0,0.0,90.4026,0.19121270878275148,2.2979644124974006,0,0,90.479,90.297,-0.18200000000000216,0.29999999999999716,0.36299999999999955,-0.06766666666666765,0.0,0.3930000000000007,0.1649839386122188,-0.06766666666666765,0,0,2022,Abu Dhabi Grand Prix,0.0,16,0.0
SAI,32,0 days 00:01:30.297000,HARD,15.0,True,0 days 01:51:07.794000,28.1,4,32.9,0 days 00:00:18.356000,0 days 00:00:38.638000,0 days 00:00:33.303000,1,90.297,6667.794,2.8469999999997526,True,False,False,15.0,0.0,0.0,18.356,38.638,33.303,0,0,0,0.0,90.4952,0.2719792271480145,-0.7287321244285212,0,0,90.842,90.491,-0.3509999999999991,0.6629999999999967,-0.5450000000000017,0.2209999999999989,0.0,0.07799999999999585,0.2167378600983235,0.2209999999999989,0,0,2022,Abu Dhabi Grand Prix,0.0,16,0.0
SAI,33,0 days 00:01:30.491000,HARD,16.0,True,0 days 01:52:38.285000,28.1,4,32.9,0 days 00:00:18.415000,0 days 00:00:38.704000,0 days 00:00:33.372000,1,90.491,6758.285,2.5399999999999636,True,False,False,16.0,0.0,0.0,18.415,38.704,33.372,0,0,0,0.0,90.41819999999998,0.260112860120439,0.2798785110674912,0,0,90.297,90.318,0.021000000000000796,0.117999999999995,0.19400000000000261,0.001000000000000038,0.0,0.06900000000000261,0.2171992173098249,0.001000000000000038,0,0,2022,Abu Dhabi Grand Prix,0.0,16,0.0
SAI,34,0 days 00:01:30.318000,HARD,17.0,True,0 days 01:54:08.603000,28.0,3,32.7,0 days 00:00:18.310000,0 days 00:00:38.765000,0 days 00:00:33.243000,1,90.318,6848.603,2.6099999999996726,True,False,False,17.0,0.0,0.0,18.31,38.765,33.243,0,0,0,0.0,90.48060000000001,0.22318669315179568,-0.7285380579989279,0,0,90.491,90.169,-0.32200000000000273,0.19700000000000273,-0.17300000000000182,0.004000000000000152,0.0,-0.05999999999999517,0.1606496187359304,0.004000000000000152,0,0,2022,Abu Dhabi Grand Prix,0.0,16,0.0
SAI,35,0 days 00:01:30.169000,HARD,18.0,True,0 days 01:55:38.772000,28.0,3,32.7,0 days 00:00:18.233000,0 days 00:00:38.767000,0 days 00:00:33.169000,1,90.169,6938.772,2.9400000000005093,True,False,False,18.0,0.0,0.0,18.233,38.767,33.169,0,0,0,0.0,90.4854,0.21837650972582592,-1.448873784077075,0,0,90.318,90.268,-0.04999999999999716,0.021000000000000796,-0.1490000000000009,-0.17466666666666697,0.0,-0.07400000000000517,0.17785471599032646,-0.17466666666666697,0,0,2022,Abu Dhabi Grand Prix,0.0,16,0.0
SAI,36,0 days 00:01:30.268000,HARD,19.0,True,0 days 01:57:09.040000,28.0,3,32.6,0 days 00:00:18.257000,0 days 00:00:38.707000,0 days 00:00:33.304000,1,90.268,7029.04,3.0399999999999636,True,False,False,19.0,0.0,0.0,18.257,38.707,33.304,0,0,0,0.0,90.42339999999999,0.26057686006250974,-0.5963691479078653,0,0,90.169,90.469,0.29999999999999716,0.0,0.09900000000000375,-0.04266666666666671,0.0,0.13500000000000512,0.1880178183045428,-0.04266666666666671,0,0,2022,Abu Dhabi Grand Prix,0.0,16,0.0
SAI,37,0 days 00:01:30.469000,HARD,20.0,True,0 days 01:58:39.509000,28.0,3,32.6,0 days 00:00:18.317000,0 days 00:00:38.779000,0 days 00:00:33.373000,1,90.469,7119.509,2.9960000000000946,True,False,False,20.0,0.0,0.0,18.317,38.779,33.373,0,0,0,0.0,90.3086,0.1168644513958022,1.3725302954338539,0,0,90.268,90.333,0.06499999999999773,0.09900000000000375,0.2009999999999934,-0.07433333333333299,0.0,0.20400000000000063,0.09187654760601417,-0.07433333333333299,0,0,2022,Abu Dhabi Grand Prix,0.0,16,0.0
SAI,38,0 days 00:01:30.333000,HARD,21.0,True,0 days 02:00:09.842000,28.0,3,32.6,0 days 00:00:18.232000,0 days 00:00:38.731000,0 days 00:00:33.370000,1,90.333,7209.842,3.0579999999999927,True,False,False,21.0,0.0,0.0,18.232,38.731,33.37,0,0,0,0.0,90.343,0.1362956345597313,-0.07336992143811207,0,0,90.469,89.537,-0.931999999999988,0.29999999999999716,-0.13599999999999568,0.050333333333332085,0.0,0.2010000000000005,0.12110202310448923,0.050333333333332085,0,0,2022,Abu Dhabi Grand Prix,0.0,16,0.0
SAI,41,0 days 00:01:29.537000,HARD,2.0,True,0 days 02:05:01.295000,28.0,5,32.4,0 days 00:00:18.246000,0 days 00:00:38.427000,0 days 00:00:32.864000,1,89.537,7501.295,2.7719999999999345,True,False,False,2.0,0.0,0.0,18.246,38.427,32.864,0,0,0,0.0,90.3114,0.1089830262015206,-7.105693675344051,1,0,90.333,89.318,-1.0150000000000006,0.16400000000000148,-0.7959999999999923,0.05466666666666716,0.0,-0.44000000000000483,0.138158242606079,0.05466666666666716,0,0,2022,Abu Dhabi Grand Prix,0.0,16,0.0
SAI,42,0 days 00:01:29.318000,HARD,3.0,True,0 days 02:06:30.613000,28.0,5,32.4,0 days 00:00:18.100000,0 days 00:00:38.363000,0 days 00:00:32.855000,1,89.318,7590.613,8.030999999999949,True,False,False,3.0,0.0,0.0,18.1,38.363,32.855,0,0,0,0.0,90.1552,0.36234265550725187,-2.310520131360135,1,1,89.537,89.247,-0.29000000000000625,0.0,-0.2190000000000083,-0.24366666666666484,0.0,-0.009000000000000341,0.2734880253320091,-0.24366666666666484,0,0,2022,Abu Dhabi Grand Prix,0.0,16,0.0
SAI,43,0 days 00:01:29.247000,HARD,4.0,True,0 days 02:07:59.860000,28.0,5,32.4,0 days 00:00:18.092000,0 days 00:00:38.408000,0 days 00:00:32.747000,1,89.247,7679.86,7.679000000000087,True,False,False,4.0,0.0,0.0,18.092,38.408,32.747,0,0,0,0.0,89.985,0.5198658480801123,-1.4195970031989338,0,1,89.318,89.098,-0.21999999999999886,0.0,-0.07099999999999795,-0.38366666666666543,0.0,-0.10799999999999699,0.27030852742745914,-0.38366666666666543,0,0,2022,Abu Dhabi Grand Prix,0.0,16,0.0
SAI,44,0 days 00:01:29.098000,HARD,5.0,True,0 days 02:09:28.958000,28.0,5,32.4,0 days 00:00:18.088000,0 days 00:00:38.375000,0 days 00:00:32.635000,1,89.098,7768.958,7.423000000000684,True,False,False,5.0,0.0,0.0,18.088,38.375,32.635,0,0,0,0.0,89.7808,0.5781671038722799,-1.1809734511474979,0,0,89.247,88.978,-0.26900000000000546,0.0,-0.1490000000000009,-0.3619999999999995,0.0,-0.11200000000000188,0.2658670720491745,-0.3619999999999995,0,0,2022,Abu Dhabi Grand Prix,0.0,16,0.0
SAI,45,0 days 00:01:28.978000,HARD,6.0,True,0 days 02:10:57.936000,28.0,5,32.3,0 days 00:00:18.043000,0 days 00:00:38.386000,0 days 00:00:32.549000,1,88.978,7857.936,7.292000000000371,True,False,False,6.0,0.0,0.0,18.043,38.386,32.549,0,0,0,0.0,89.50659999999999,0.4883075874897604,-1.0825144100614283,0,0,89.098,89.133,0.03499999999999659,0.0,-0.12000000000000455,-0.14633333333333573,0.0,-0.08599999999999852,0.23156273448031492,-0.14633333333333573,0,0,2022,Abu Dhabi Grand Prix,0.0,16,0.0
SAI,46,0 days 00:01:29.133000,HARD,7.0,True,0 days 02:12:27.069000,28.0,5,32.1,0 days 00:00:18.037000,0 days 00:00:38.330000,0 days 00:00:32.766000,1,89.133,7947.069,7.07799999999952,True,False,False,7.0,0.0,0.0,18.037,38.33,32.766,0,0,0,0.0,89.2356,0.21392358448772436,-0.47961051253746684,0,0,88.978,89.252,0.2740000000000009,0.0,0.15500000000000114,-0.11333333333333447,0.0,0.21699999999999875,0.16679328523654868,-0.11333333333333447,0,0,2022,Abu Dhabi Grand Prix,0.0,16,0.0
SAI,47,0 days 00:01:29.252000,HARD,8.0,True,0 days 02:13:56.321000,28.0,5,32.0,0 days 00:00:18.105000,0 days 00:00:38.456000,0 days 00:00:32.691000,1,89.252,8036.321,6.69800000000032,True,False,False,8.0,0.0,0.0,18.105,38.456,32.691,0,0,0,0.0,89.1548,0.1323771128257317,0.7342659008431474,0,0,89.133,89.102,-0.0309999999999917,0.15500000000000114,0.11899999999999977,-0.03800000000000144,0.0,0.142000000000003,0.13861204853835646,-0.03800000000000144,0,0,2022,Abu Dhabi Grand Prix,0.0,16,0.0
SAI,48,0 days 00:01:29.102000,HARD,9.0,True,0 days 02:15:25.423000,28.0,5,32.1,0 days 00:00:18.011000,0 days 00:00:38.316000,0 days 00:00:32.775000,1,89.102,8125.423,6.431999999999789,True,False,False,9.0,0.0,0.0,18.011,38.316,32.775,0,0,0,0.0,89.1416,0.11405831841683893,-0.34719081036483745,0,0,89.252,89.518,0.26600000000000534,0.2740000000000009,-0.14999999999999147,0.05133333333333212,0.0,0.2259999999999991,0.15676032661359143,0.05133333333333212,0,0,2022,Abu Dhabi Grand Prix,0.0,16,0.0
SAI,49,0 days 00:01:29.518000,HARD,10.0,True,0 days 02:16:54.941000,28.0,5,31.9,0 days 00:00:18.012000,0 days 00:00:38.400000,0 days 00:00:33.106000,1,89.518,8214.941,5.911999999998443,True,False,False,10.0,0.0,0.0,18.012,38.4,33.106,0,0,0,0.0,89.1126,0.09784068683363271,4.143470504140452,0,0,89.102,88.879,-0.22299999999999898,0.12400000000000944,0.4159999999999968,0.041333333333336476,0.0,0.41499999999999915,0.16455637331929726,0.041333333333336476,0,0,2022,Abu Dhabi Grand Prix,0.0,16,0.0
SAI,50,0 days 00:01:28.879000,HARD,11.0,True,0 days 02:18:23.820000,28.0,5,31.9,0 days 00:00:18.068000,0 days 00:00:38.058000,0 days 00:00:32.753000,1,88.879,8303.82,6.037000000000262,True,False,False,11.0,0.0,0.0,18.068,38.058,32.753,0,0,0,0.0,89.1966,0.20441819879862966,-1.5536777149321397,1,0,89.518,89.274,-0.24399999999999977,0.5400000000000063,-0.6389999999999958,0.12833333333333505,0.0,0.06199999999999761,0.18088034719117366,0.12833333333333505,0,0,2022,Abu Dhabi Grand Prix,0.0,16,0.0
SAI,51,0 days 00:01:29.274000,HARD,12.0,True,0 days 02:19:53.094000,28.0,5,32.0,0 days 00:00:18.053000,0 days 00:00:38.405000,0 days 00:00:32.816000,1,89.274,8393.094,5.801000000001295,True,False,False,12.0,0.0,0.0,18.053,38.405,32.816,0,0,0,0.0,89.1768,0.23359730306678264,0.41610069433127206,0,1,88.879,89.291,0.41199999999999193,0.0,0.394999999999996,-0.12433333333333015,0.0,0.06300000000000239,0.13117659852275443,-0.12433333333333015,0,0,2022,Abu Dhabi Grand Prix,0.0,16,0.0
SAI,52,0 days 00:01:29.291000,HARD,13.0,True,0 days 02:21:22.385000,27.9,5,32.0,0 days 00:00:18.026000,0 days 00:00:38.378000,0 days 00:00:32.887000,1,89.291,8482.385,5.4909999999999854,True,False,False,13.0,0.0,0.0,18.026,38.378,32.887,0,0,0,0.0,89.20500000000001,0.23549097647271844,0.36519446005162487,0,0,89.274,89.368,0.09399999999999409,0.394999999999996,0.016999999999995907,0.05733333333333235,0.0,0.13400000000000034,0.1469567963722663,0.05733333333333235,0,0,2022,Abu Dhabi Grand Prix,0.0,16,0.0
SAI,53,0 days 00:01:29.368000,HARD,14.0,True,0 days 02:22:51.753000,27.9,5,32.1,0 days 00:00:18.069000,0 days 00:00:38.448000,0 days 00:00:32.851000,1,89.368,8571.753,5.5239999999994325,True,False,False,14.0,0.0,0.0,18.069,38.448,32.851,0,0,0,0.0,89.2128,0.23806868756742097,0.6519126962299104,0,0,89.291,89.919,0.6280000000000001,0.41199999999999193,0.07699999999999818,-0.07566666666666795,0.0,0.09799999999999898,0.14753813066458377,-0.07566666666666795,0,0,2022,Abu Dhabi Grand Prix,0.0,16,0.0
SAI,54,0 days 00:01:29.919000,HARD,15.0,True,0 days 02:24:21.672000,27.9,5,31.9,0 days 00:00:17.981000,0 days 00:00:38.411000,0 days 00:00:33.527000,1,89.919,8661.672,5.432999999999083,True,False,False,15.0,0.0,0.0,17.981,38.411,33.527,0,0,0,0.0,89.26599999999999,0.23683644145290358,2.7571770458722202,0,0,89.368,90.048,0.6800000000000068,0.4889999999999901,0.5510000000000019,0.1629999999999967,0.0,0.7109999999999985,0.14866169647895128,0.1629999999999967,0,0,2022,Abu Dhabi Grand Prix,0.0,16,0.0
SAI,55,0 days 00:01:30.048000,HARD,16.0,True,0 days 02:25:51.720000,27.9,4,31.9,0 days 00:00:18.090000,0 days 00:00:38.868000,0 days 00:00:33.090000,1,90.048,8751.72,6.542000000001281,True,False,False,16.0,0.0,0.0,18.09,38.868,33.09,0,0,0,0.0,89.3462,0.37252879083377494,1.883881238895047,0,0,89.919,89.595,-0.32399999999999807,1.039999999999992,0.1290000000000049,0.21499999999999866,0.0,0.23900000000000432,0.2796288611713741,0.21499999999999866,0,0,2022,Abu Dhabi Grand Prix,0.0,16,0.0
SAI,56,0 days 00:01:29.595000,HARD,17.0,True,0 days 02:27:21.315000,27.9,4,31.9,0 days 00:00:18.018000,0 days 00:00:38.537000,0 days 00:00:33.040000,1,89.595,8841.315,8.16399999999885,True,False,False,17.0,0.0,0.0,18.018,38.537,33.04,0,0,0,0.0,89.58,0.37284246002846627,0.04023146934191811,0,0,90.048,89.98,-0.06799999999999784,0.7740000000000009,-0.45300000000000296,0.252333333333335,0.0,0.18900000000000006,0.2665361138757737,0.252333333333335,0,0,2022,Abu Dhabi Grand Prix,0.0,16,0.0
SAI,57,0 days 00:01:29.980000,HARD,18.0,True,0 days 02:28:51.295000,27.9,4,32.0,0 days 00:00:18.112000,0 days 00:00:38.758000,0 days 00:00:33.110000,1,89.98,8931.295,9.34900000000016,True,False,False,18.0,0.0,0.0,18.112,38.758,33.11,0,0,0,0.0,89.6442,0.3324254803712844,1.010151206294273,0,0,89.595,89.906,0.31100000000000705,0.30400000000000205,0.3850000000000051,0.07566666666666795,0.0,0.07000000000000028,0.24999739998647905,0.07566666666666795,0,0,2022,Abu Dhabi Grand Prix,0.0,16,0.0
STR,2,0 days 00:01:32.649000,MEDIUM,2.0,True,0 days 01:05:22.216000,28.7,12,34.9,0 days 00:00:18.839000,0 days 00:00:39.354000,0 days 00:00:34.456000,1,92.649,3922.216,0.8850000000002183,False,True,False,2.0,0.0,0.0,18.839,39.354,34.456,0,0,0,0.0,89.8896,0.17405832355874065,15.853306774316748,0,0,92.649,91.74,-0.909000000000006,3.054000000000002,0.0,-0.04733333333333197,0.0,1.416000000000004,0.24843208327428157,0.0,0,1,2022,Abu Dhabi Grand Prix,0.0,16,0.0
STR,3,0 days 00:01:31.740000,MEDIUM,3.0,True,0 days 01:06:53.956000,28.7,12,34.3,0 days 00:00:18.738000,0 days 00:00:38.769000,0 days 00:00:34.233000,1,91.74,4013.956,0.9600000000000364,False,True,False,3.0,0.0,0.0,18.738,38.769,34.233,0,0,0,0.0,,,0.0,0,0,92.649,91.827,-0.8220000000000027,0.0,-0.909000000000006,0.0,0.0,0.0,0.0,0.0,0,1,2022,Abu Dhabi Grand Prix,0.0,16,0.0
STR,4,0 days 00:01:31.827000,MEDIUM,4.0,True,0 days 01:08:25.783000,28.7,12,34.0,0 days 00:00:18.689000,0 days 00:00:38.729000,0 days 00:00:34.409000,1,91.827,4105.783,1.545999999999367,False,True,False,4.0,0.0,0.0,18.689,38.729,34.409,0,0,0,0.0,,,0.0,0,0,91.74,91.986,0.24600000000000932,0.0,0.0870000000000033,-0.454500000000003,0.0,0.17600000000000193,0.0,0.0,0,0,2022,Abu Dhabi Grand Prix,0.0,16,0.0
STR,5,0 days 00:01:31.986000,MEDIUM,5.0,True,0 days 01:09:57.769000,28.5,12,34.0,0 days 00:00:18.722000,0 days 00:00:38.913000,0 days 00:00:34.351000,1,91.986,4197.769,1.824999999999818,False,True,False,5.0,0.0,0.0,18.722,38.913,34.351,0,0,0,0.0,92.072,0.5015864830714716,-0.17145597599316545,0,0,91.827,91.935,0.10800000000000409,0.0870000000000033,0.15900000000000603,-0.2740000000000009,0.0,0.1180000000000021,0.7717547106000301,-0.41100000000000136,0,0,2022,Abu Dhabi Grand Prix,0.0,16,0.0
STR,6,0 days 00:01:31.935000,MEDIUM,6.0,True,0 days 01:11:29.704000,28.6,12,34.2,0 days 00:00:18.799000,0 days 00:00:38.711000,0 days 00:00:34.425000,1,91.935,4289.704,1.7520000000004075,False,True,False,6.0,0.0,0.0,18.799,38.711,34.425,0,0,0,0.0,92.0505,0.41179485183766557,-0.2804794656479308,0,0,91.986,91.887,-0.09900000000000375,0.24600000000000932,-0.05100000000000193,-0.2209999999999989,0.0,0.19200000000000017,0.6630563073123342,-0.2209999999999989,0,0,2022,Abu Dhabi Grand Prix,0.0,16,0.0
STR,7,0 days 00:01:31.887000,MEDIUM,7.0,True,0 days 01:13:01.591000,28.5,12,34.0,0 days 00:00:18.611000,0 days 00:00:38.771000,0 days 00:00:34.505000,1,91.887,4381.591,1.9200000000000728,False,True,False,7.0,0.0,0.0,18.611,38.771,34.505,0,0,0,0.0,92.0274,0.36034608364737863,-0.38962543613319767,0,0,91.935,92.314,0.3789999999999907,0.1950000000000074,-0.04800000000000182,0.06500000000000246,0.0,0.15400000000000347,0.5838020212366531,0.06500000000000246,0,0,2022,Abu Dhabi Grand Prix,0.0,16,0.0
STR,8,0 days 00:01:32.314000,MEDIUM,8.0,True,0 days 01:14:33.905000,28.5,12,34.1,0 days 00:00:18.750000,0 days 00:00:38.924000,0 days 00:00:34.640000,1,92.314,4473.905,1.9110000000000582,False,True,False,8.0,0.0,0.0,18.75,38.924,34.64,0,0,0,0.0,91.875,0.09564779140159622,4.589755744142218,0,0,91.887,92.531,0.6440000000000055,0.14700000000000557,0.4269999999999925,0.020000000000000757,0.0,0.2890000000000015,0.07674633541740057,0.020000000000000757,0,0,2022,Abu Dhabi Grand Prix,0.0,16,0.0
STR,9,0 days 00:01:32.531000,MEDIUM,9.0,True,0 days 01:16:06.436000,28.5,12,34.0,0 days 00:00:18.687000,0 days 00:00:38.942000,0 days 00:00:34.902000,1,92.531,4566.436,1.7470000000002983,False,True,False,9.0,0.0,0.0,18.687,38.942,34.902,0,0,0,0.0,91.98979999999999,0.19052217718680836,2.8406141898607804,0,0,92.314,92.588,0.2740000000000009,0.48699999999999477,0.21700000000001296,0.10933333333332958,0.0,0.47700000000000387,0.0640171851927278,0.10933333333332958,0,0,2022,Abu Dhabi Grand Prix,0.0,16,0.0
STR,10,0 days 00:01:32.588000,MEDIUM,10.0,True,0 days 01:17:39.024000,28.5,12,34.0,0 days 00:00:18.773000,0 days 00:00:38.875000,0 days 00:00:34.940000,1,92.588,4659.024,1.5949999999993452,False,True,False,10.0,0.0,0.0,18.773,38.875,34.94,0,0,0,0.0,92.1306,0.27949293372105494,1.6365351134655022,0,0,92.531,92.67,0.1389999999999958,0.6440000000000055,0.05699999999998795,0.19866666666666788,0.0,0.43499999999999517,0.14402603931234187,0.19866666666666788,0,0,2022,Abu Dhabi Grand Prix,0.0,16,0.0
STR,11,0 days 00:01:32.670000,MEDIUM,11.0,True,0 days 01:19:11.694000,28.5,12,33.9,0 days 00:00:18.722000,0 days 00:00:38.908000,0 days 00:00:35.040000,1,92.67,4751.694,1.488999999999578,False,True,False,11.0,0.0,0.0,18.722,38.908,35.04,0,0,0,0.0,92.251,0.3272193453938806,1.280486639613676,0,0,92.588,92.846,0.2580000000000098,0.7009999999999934,0.08200000000000784,0.23366666666666447,0.0,0.3999999999999986,0.14336422147802355,0.23366666666666447,0,0,2022,Abu Dhabi Grand Prix,0.0,16,0.0
STR,12,0 days 00:01:32.846000,MEDIUM,12.0,True,0 days 01:20:44.540000,28.5,12,33.9,0 days 00:00:18.925000,0 days 00:00:38.954000,0 days 00:00:34.967000,1,92.846,4844.54,1.4110000000000582,False,True,False,12.0,0.0,0.0,18.925,38.954,34.967,0,0,0,0.0,92.398,0.3146227900200448,1.4239273638488337,0,0,92.67,91.85,-0.8200000000000074,0.7830000000000013,0.17600000000000193,0.11866666666666958,0.0,0.06499999999999773,0.13037062552584336,0.11866666666666958,0,0,2022,Abu Dhabi Grand Prix,0.0,16,0.0
STR,15,0 days 00:01:31.850000,HARD,3.0,True,0 days 01:25:42.699000,28.4,15,33.3,0 days 00:00:18.750000,0 days 00:00:39.348000,0 days 00:00:33.752000,1,91.85,5142.699,4.729000000000269,True,False,False,3.0,0.0,0.0,18.75,39.348,33.752,0,0,0,0.0,92.5898,0.19467716866646734,-3.8001374535473773,1,0,92.846,91.086,-1.7600000000000051,0.5320000000000107,-0.9960000000000093,0.10499999999999925,0.0,-1.1879999999999953,0.1653698884319643,0.10499999999999925,0,0,2022,Abu Dhabi Grand Prix,0.0,16,0.0
STR,16,0 days 00:01:31.086000,HARD,4.0,True,0 days 01:27:13.785000,28.4,14,33.4,0 days 00:00:18.483000,0 days 00:00:39.088000,0 days 00:00:33.515000,1,91.086,5233.785,1.4750000000003638,True,False,False,4.0,0.0,0.0,18.483,39.088,33.515,0,0,0,0.0,92.49699999999999,0.38071511658981466,-3.706183281186098,1,1,91.85,91.052,-0.7979999999999876,0.0,-0.7639999999999958,-0.24599999999999986,0.0,-0.23700000000000188,0.7044818663386565,-0.24599999999999986,0,0,2022,Abu Dhabi Grand Prix,0.0,16,0.0
STR,17,0 days 00:01:31.052000,HARD,5.0,True,0 days 01:28:44.837000,28.4,14,33.4,0 days 00:00:18.522000,0 days 00:00:39.166000,0 days 00:00:33.364000,1,91.052,5324.837,1.7849999999998545,True,False,False,5.0,0.0,0.0,18.522,39.166,33.364,0,0,0,0.0,92.208,0.7334739259169383,-1.5760614783338625,1,1,91.086,91.374,0.2879999999999967,0.0,-0.033999999999991815,-0.528000000000001,0.0,-0.15100000000000335,0.6644241867963536,-0.528000000000001,0,0,2022,Abu Dhabi Grand Prix,0.0,16,0.0
STR,18,0 days 00:01:31.374000,HARD,6.0,True,0 days 01:30:16.211000,28.3,14,33.3,0 days 00:00:18.552000,0 days 00:00:39.403000,0 days 00:00:33.419000,1,91.374,5416.211,1.8939999999993233,True,False,False,6.0,0.0,0.0,18.552,39.403,33.419,0,0,0,0.0,91.9008,0.8473506948129652,-0.6217024464897484,0,1,91.052,91.578,0.5259999999999962,0.0,0.3219999999999885,-0.597999999999999,0.0,0.054999999999999716,0.593227359449981,-0.597999999999999,0,0,2022,Abu Dhabi Grand Prix,0.0,16,0.0
STR,19,0 days 00:01:31.578000,HARD,7.0,True,0 days 01:31:47.789000,28.3,14,33.6,0 days 00:00:18.519000,0 days 00:00:39.096000,0 days 00:00:33.963000,1,91.578,5507.789,1.9760000000005675,True,False,False,7.0,0.0,0.0,18.519,39.096,33.963,0,0,0,0.0,91.6416,0.7453085267189851,-0.08533378825004903,0,0,91.374,92.167,0.7930000000000064,0.3219999999999885,0.20400000000000773,-0.15866666666666637,0.0,0.5990000000000038,0.5180677561863866,-0.15866666666666637,0,0,2022,Abu Dhabi Grand Prix,0.0,16,0.0
STR,20,0 days 00:01:32.167000,HARD,8.0,True,0 days 01:33:19.956000,28.3,11,33.1,0 days 00:00:18.577000,0 days 00:00:38.951000,0 days 00:00:34.639000,1,92.167,5599.956,0.8260000000000218,True,False,False,8.0,0.0,0.0,18.577,38.951,34.639,0,0,0,0.0,91.388,0.3368382401094478,2.312682787283529,0,0,91.578,91.632,0.054000000000002046,0.5259999999999962,0.5889999999999986,0.16400000000000148,0.0,1.2750000000000057,0.6484834616241182,0.16400000000000148,0,1,2022,Abu Dhabi Grand Prix,0.0,16,0.0
STR,21,0 days 00:01:31.632000,HARD,9.0,True,0 days 01:34:51.588000,28.3,10,33.1,0 days 00:00:18.605000,0 days 00:00:39.221000,0 days 00:00:33.806000,1,91.632,5691.588,1.1610000000000582,True,False,False,9.0,0.0,0.0,18.605,39.221,33.806,0,0,0,0.0,91.4514,0.4547359673481182,0.3971535417644717,0,0,92.167,91.396,-0.7710000000000008,1.1149999999999949,-0.5349999999999966,0.371666666666665,0.0,0.38700000000000045,0.6307703227007472,0.371666666666665,0,0,2022,Abu Dhabi Grand Prix,0.0,16,0.0
STR,22,0 days 00:01:31.396000,HARD,10.0,True,0 days 01:36:22.984000,28.2,10,33.0,0 days 00:00:18.408000,0 days 00:00:39.450000,0 days 00:00:33.538000,1,91.396,5782.984,2.344000000000051,True,False,False,10.0,0.0,0.0,18.408,39.45,33.538,0,0,0,0.0,91.5606,0.4082325317757307,-0.4032015755432708,0,0,91.632,91.626,-0.006000000000000227,0.5799999999999983,-0.2360000000000042,0.08600000000000325,0.0,-0.2680000000000007,0.5528507936143384,0.08600000000000325,0,0,2022,Abu Dhabi Grand Prix,0.0,16,0.0
STR,23,0 days 00:01:31.626000,HARD,11.0,True,0 days 01:37:54.610000,28.2,10,32.9,0 days 00:00:18.589000,0 days 00:00:39.522000,0 days 00:00:33.515000,1,91.626,5874.61,3.23700000000008,True,False,False,11.0,0.0,0.0,18.589,39.522,33.515,0,0,0,0.0,91.6294,0.3206895695217122,-0.010602153369285014,0,0,91.396,90.772,-0.6239999999999952,0.02200000000000557,0.23000000000000398,-0.06066666666666739,0.0,-0.022999999999996135,0.5852741238086673,-0.06066666666666739,0,0,2022,Abu Dhabi Grand Prix,0.0,16,0.0
STR,24,0 days 00:01:30.772000,HARD,12.0,True,0 days 01:39:25.382000,28.2,10,33.3,0 days 00:00:18.419000,0 days 00:00:39.131000,0 days 00:00:33.222000,1,90.772,5965.382,3.6370000000006257,True,False,False,12.0,0.0,0.0,18.419,39.131,33.222,0,0,0,0.0,91.6798,0.28872512879903267,-3.144166923662088,1,0,91.626,90.974,-0.652000000000001,0.23000000000000398,-0.8539999999999992,-0.18033333333333226,0.0,-0.29299999999999926,0.5979899664710123,-0.18033333333333226,0,0,2022,Abu Dhabi Grand Prix,0.0,16,0.0
STR,25,0 days 00:01:30.974000,HARD,13.0,True,0 days 01:40:56.356000,28.2,10,32.9,0 days 00:00:18.294000,0 days 00:00:39.351000,0 days 00:00:33.329000,1,90.974,6056.356,3.7280000000000655,True,False,False,13.0,0.0,0.0,18.294,39.351,33.329,0,0,0,0.0,91.5186,0.5042963414501671,-1.0799205848567874,0,1,90.772,90.78,0.007999999999995566,0.0,0.20199999999999818,-0.28666666666666646,0.0,0.10699999999999932,0.6521463026039499,-0.28666666666666646,0,0,2022,Abu Dhabi Grand Prix,0.0,16,0.0
STR,26,0 days 00:01:30.780000,HARD,14.0,True,0 days 01:42:27.136000,28.2,9,33.0,0 days 00:00:18.230000,0 days 00:00:39.319000,0 days 00:00:33.231000,1,90.78,6147.136,3.6359999999995125,True,False,False,14.0,0.0,0.0,18.23,39.319,33.231,0,0,0,0.0,91.28,0.39012049420664124,-1.2816553024644666,0,0,90.974,90.941,-0.03300000000000125,0.20199999999999818,-0.19400000000000261,-0.1406666666666657,0.0,0.009000000000000341,0.2818687637891082,-0.1406666666666657,0,0,2022,Abu Dhabi Grand Prix,0.0,16,0.0
STR,27,0 days 00:01:30.941000,HARD,15.0,True,0 days 01:43:58.077000,28.2,9,32.8,0 days 00:00:18.295000,0 days 00:00:39.290000,0 days 00:00:33.356000,1,90.941,6238.077,6.5349999999998545,True,False,False,15.0,0.0,0.0,18.295,39.29,33.356,0,0,0,0.0,91.1096,0.3839567683998287,-0.4391119362282691,0,0,90.78,91.155,0.375,0.007999999999995566,0.16100000000000136,-0.2820000000000012,0.0,0.13400000000000034,0.17743111339333958,-0.2820000000000012,0,0,2022,Abu Dhabi Grand Prix,0.0,16,0.0
STR,28,0 days 00:01:31.155000,HARD,16.0,True,0 days 01:45:29.232000,28.1,9,32.5,0 days 00:00:18.321000,0 days 00:00:39.367000,0 days 00:00:33.467000,1,91.155,6329.232,6.520999999999731,True,False,False,16.0,0.0,0.0,18.321,39.367,33.467,0,0,0,0.0,91.0186,0.35167001578190016,0.3878636047395856,0,0,90.941,91.267,0.3259999999999934,0.16899999999999693,0.21399999999999864,0.05633333333333231,0.0,0.2359999999999971,0.16955294158462697,0.05633333333333231,0,0,2022,Abu Dhabi Grand Prix,0.0,16,0.0
STR,29,0 days 00:01:31.267000,HARD,17.0,True,0 days 01:47:00.499000,28.1,9,32.8,0 days 00:00:18.344000,0 days 00:00:39.391000,0 days 00:00:33.532000,1,91.267,6420.499,6.456000000000131,True,False,False,17.0,0.0,0.0,18.344,39.391,33.532,0,0,0,0.0,90.92439999999999,0.15810534462832743,2.1669096690272256,0,0,91.155,91.179,0.02400000000000091,0.38299999999999557,0.11199999999999477,0.06033333333333246,0.0,0.3009999999999948,0.2022258638255741,0.06033333333333246,0,0,2022,Abu Dhabi Grand Prix,0.0,16,0.0
STR,30,0 days 00:01:31.179000,HARD,18.0,True,0 days 01:48:31.678000,28.1,9,32.8,0 days 00:00:18.376000,0 days 00:00:39.259000,0 days 00:00:33.544000,1,91.179,6511.678,6.492000000000189,True,False,False,18.0,0.0,0.0,18.376,39.259,33.544,0,0,0,0.0,91.0234,0.19048175765684375,0.816876124591012,0,0,91.267,91.167,-0.09999999999999432,0.48699999999999477,-0.08799999999999386,0.16233333333333158,0.0,0.18799999999999528,0.11391795293104402,0.16233333333333158,0,0,2022,Abu Dhabi Grand Prix,0.0,16,0.0
STR,31,0 days 00:01:31.167000,HARD,19.0,True,0 days 01:50:02.845000,28.1,9,32.9,0 days 00:00:18.285000,0 days 00:00:39.431000,0 days 00:00:33.451000,1,91.167,6602.845,6.524999999999636,True,False,False,19.0,0.0,0.0,18.285,39.431,33.451,0,0,0,0.0,91.0644,0.1990597900130514,0.5154230293986966,0,0,91.179,90.978,-0.20100000000000762,0.3990000000000009,-0.012000000000000455,0.07933333333333319,0.0,-0.015999999999998238,0.1106720380222555,0.07933333333333319,0,0,2022,Abu Dhabi Grand Prix,0.0,16,0.0
STR,32,0 days 00:01:30.978000,HARD,20.0,True,0 days 01:51:33.823000,28.1,9,32.9,0 days 00:00:18.354000,0 days 00:00:39.179000,0 days 00:00:33.445000,1,90.978,6693.823,6.981999999999971,True,False,False,20.0,0.0,0.0,18.354,39.179,33.445,0,0,0,0.0,91.14180000000002,0.12061177388646252,-1.358076369511121,0,0,91.167,90.884,-0.28300000000000125,0.2259999999999991,-0.18900000000000716,0.004000000000000152,0.0,-0.006000000000000227,0.12012826478393585,0.004000000000000152,0,0,2022,Abu Dhabi Grand Prix,0.0,16,0.0
STR,33,0 days 00:01:30.884000,HARD,21.0,True,0 days 01:53:04.707000,28.1,9,32.8,0 days 00:00:18.286000,0 days 00:00:39.187000,0 days 00:00:33.411000,1,90.884,6784.707,7.404999999999745,True,False,False,21.0,0.0,0.0,18.286,39.187,33.411,0,0,0,0.0,91.1492,0.10538595731899063,-2.5164643065039916,1,0,90.978,90.886,-0.09199999999999875,0.0,-0.09399999999999409,-0.09633333333333383,0.0,-0.03399999999999892,0.144127721136495,-0.09633333333333383,0,0,2022,Abu Dhabi Grand Prix,0.0,16,0.0
STR,34,0 days 00:01:30.886000,HARD,22.0,True,0 days 01:54:35.593000,28.0,9,32.7,0 days 00:00:18.309000,0 days 00:00:39.195000,0 days 00:00:33.382000,1,90.886,6875.593,7.842000000000553,True,False,False,22.0,0.0,0.0,18.309,39.195,33.382,0,0,0,0.0,91.095,0.15814076008429997,-1.3216074077840003,0,1,90.884,91.069,0.18500000000000227,0.0,0.001999999999995339,-0.0983333333333339,0.0,-0.029000000000003467,0.149912641228147,-0.0983333333333339,0,0,2022,Abu Dhabi Grand Prix,0.0,16,0.0
STR,35,0 days 00:01:31.069000,HARD,23.0,True,0 days 01:56:06.662000,28.0,9,32.6,0 days 00:00:18.315000,0 days 00:00:39.270000,0 days 00:00:33.484000,1,91.069,6966.662,8.045000000000073,True,False,False,23.0,0.0,0.0,18.315,39.27,33.484,0,0,0,0.0,91.01879999999998,0.14585849306790524,0.34416919401907653,0,0,90.886,91.033,0.14700000000000557,0.001999999999995339,0.18300000000000693,-0.09366666666666863,0.0,0.10200000000000387,0.09422207809213129,-0.09366666666666863,0,0,2022,Abu Dhabi Grand Prix,0.0,16,0.0
STR,36,0 days 00:01:31.033000,HARD,24.0,True,0 days 01:57:37.695000,28.0,9,32.6,0 days 00:00:18.277000,0 days 00:00:39.355000,0 days 00:00:33.401000,1,91.033,7057.695,8.027000000000044,True,False,False,24.0,0.0,0.0,18.277,39.355,33.401,0,0,0,0.0,90.9968,0.12199877048577158,0.29672430185868076,0,0,91.069,90.98,-0.08899999999999864,0.18500000000000227,-0.036000000000001364,0.03033333333333606,0.0,0.019000000000005457,0.05620320275571727,0.03033333333333606,0,0,2022,Abu Dhabi Grand Prix,0.0,16,0.0
STR,37,0 days 00:01:30.980000,HARD,25.0,True,0 days 01:59:08.675000,28.0,9,32.5,0 days 00:00:18.427000,0 days 00:00:39.199000,0 days 00:00:33.354000,1,90.98,7148.675,8.411000000000058,True,False,False,25.0,0.0,0.0,18.427,39.199,33.354,0,0,0,0.0,90.97,0.08409221129236331,0.11891707741205812,0,0,91.033,91.31,0.277000000000001,0.1490000000000009,-0.05299999999999727,0.04966666666666697,0.0,-0.027999999999998693,0.05535611980621746,0.04966666666666697,0,0,2022,Abu Dhabi Grand Prix,0.0,16,0.0
STR,38,0 days 00:01:31.310000,HARD,26.0,True,0 days 02:00:39.985000,28.0,9,32.6,0 days 00:00:18.424000,0 days 00:00:39.331000,0 days 00:00:33.555000,12,91.31,7239.985,15.313000000000102,True,False,False,26.0,0.0,0.0,18.424,39.331,33.555,0,0,1,0.0,90.97040000000001,0.08414451853828325,4.0359135199696015,0,0,90.98,91.033,0.05299999999999727,0.09600000000000364,0.3299999999999983,0.0313333333333361,0.0,0.2010000000000005,0.05780570906061349,0.0313333333333361,0,0,2022,Abu Dhabi Grand Prix,0.0,16,0.0
STR,39,0 days 00:01:31.033000,HARD,27.0,True,0 days 02:02:11.018000,28.0,9,32.7,0 days 00:00:18.337000,0 days 00:00:39.282000,0 days 00:00:33.414000,1,91.033,7331.018,15.376000000000204,True,False,False,27.0,0.0,0.0,18.337,39.282,33.414,0,0,0,0.0,91.0556,0.15802626364006983,-0.14301420206626028,0,0,91.31,89.62,-1.6899999999999977,0.4240000000000066,-0.277000000000001,0.08033333333333322,0.0,0.060000000000002274,0.09842001828896489,0.08033333333333322,0,0,2022,Abu Dhabi Grand Prix,0.0,16,0.0
STR,42,0 days 00:01:29.620000,MEDIUM,3.0,True,0 days 02:07:03.984000,28.0,12,32.4,0 days 00:00:18.106000,0 days 00:00:38.543000,0 days 00:00:32.971000,1,89.62,7623.984,6.1489999999994325,False,True,False,3.0,0.0,0.0,18.106,38.543,32.971,0,0,0,0.0,91.08500000000001,0.12972470851784723,-11.293145436502963,1,0,91.033,92.867,1.8340000000000032,0.05299999999999727,-1.4129999999999967,0.0,0.0,-0.38300000000000267,0.08730234819293196,0.0,0,0,2022,Abu Dhabi Grand Prix,0.0,16,0.0
STR,43,0 days 00:01:32.867000,MEDIUM,4.0,True,0 days 02:08:36.851000,28.0,12,32.4,0 days 00:00:18.313000,0 days 00:00:38.748000,0 days 00:00:35.806000,1,92.867,7716.851,3.8090000000001965,False,True,False,4.0,0.0,0.0,18.313,38.748,35.806,0,0,0,0.0,90.7952,0.6695824818497232,3.0941669714486224,0,1,89.62,90.88,1.259999999999991,0.0,3.247,-0.45333333333333314,0.0,2.835000000000001,0.21702695685098847,-0.45333333333333314,0,0,2022,Abu Dhabi Grand Prix,0.0,16,0.0
STR,44,0 days 00:01:30.880000,MEDIUM,5.0,True,0 days 02:10:07.731000,28.0,11,32.3,0 days 00:00:18.366000,0 days 00:00:39.248000,0 days 00:00:33.266000,1,90.88,7807.731,3.2399999999997817,False,True,False,5.0,0.0,0.0,18.366,39.248,33.266,0,0,0,0.0,91.162,1.1572011493254077,-0.24369142751405237,0,0,92.867,89.857,-3.010000000000005,3.247,-1.987000000000009,0.5190000000000007,0.0,0.2950000000000017,1.3025795561116416,0.5190000000000007,0,0,2022,Abu Dhabi Grand Prix,0.0,16,0.0
STR,45,0 days 00:01:29.857000,MEDIUM,6.0,True,0 days 02:11:37.588000,28.0,11,32.3,0 days 00:00:18.088000,0 days 00:00:38.949000,0 days 00:00:32.820000,1,89.857,7897.588,3.881000000000313,False,True,False,6.0,0.0,0.0,18.088,38.949,32.82,0,0,0,0.0,91.142,1.1619873062990163,-1.1058640598172982,0,0,90.88,89.877,-1.0030000000000001,1.259999999999991,-1.0229999999999961,-0.05100000000000193,0.0,-0.15099999999999625,1.2752771463489816,-0.05100000000000193,0,0,2022,Abu Dhabi Grand Prix,0.0,16,0.0
STR,46,0 days 00:01:29.877000,MEDIUM,7.0,True,0 days 02:13:07.465000,28.0,11,32.0,0 days 00:00:18.063000,0 days 00:00:38.902000,0 days 00:00:32.912000,1,89.877,7987.465,3.979000000000269,False,True,False,7.0,0.0,0.0,18.063,38.902,32.912,0,0,0,0.0,90.8514,1.2846806217889457,-0.7584764520251964,0,0,89.857,90.08,0.22299999999999898,0.23699999999999477,0.01999999999999602,0.07899999999999825,0.0,0.09199999999999875,1.3121044927901133,0.07899999999999825,0,0,2022,Abu Dhabi Grand Prix,0.0,16,0.0
STR,47,0 days 00:01:30.080000,MEDIUM,8.0,True,0 days 02:14:37.545000,28.0,11,32.0,0 days 00:00:18.131000,0 days 00:00:38.597000,0 days 00:00:33.352000,1,90.08,8077.545,3.8900000000003274,False,True,False,8.0,0.0,0.0,18.131,38.597,33.352,0,0,0,0.0,90.6202,1.3463679660479246,-0.40122760911022004,0,0,89.877,89.692,-0.18500000000000227,0.2569999999999908,0.20300000000000296,-0.9966666666666697,0.0,0.5319999999999965,1.3093066103858184,-0.9966666666666697,0,0,2022,Abu Dhabi Grand Prix,0.0,16,0.0
STR,48,0 days 00:01:29.692000,MEDIUM,9.0,True,0 days 02:16:07.237000,28.0,10,32.3,0 days 00:00:18.198000,0 days 00:00:38.430000,0 days 00:00:33.064000,1,89.692,8167.237,1.3059999999995853,False,True,False,9.0,0.0,0.0,18.198,38.43,33.064,0,0,0,0.0,90.71220000000001,1.2747473082929155,-0.8003154769286965,0,0,90.08,91.56,1.480000000000004,0.22299999999999898,-0.38800000000000523,-0.2666666666666657,0.0,0.24399999999999977,1.2085339465650107,-0.2666666666666657,0,0,2022,Abu Dhabi Grand Prix,0.0,16,0.0
STR,49,0 days 00:01:31.560000,MEDIUM,10.0,True,0 days 02:17:38.797000,28.0,10,31.9,0 days 00:00:18.086000,0 days 00:00:38.759000,0 days 00:00:34.715000,1,91.56,8258.797,1.1199999999989814,False,True,False,10.0,0.0,0.0,18.086,38.759,34.715,0,0,0,0.0,90.07719999999999,0.4694259259989786,3.1587518240380232,0,0,89.692,90.041,0.34900000000000375,0.0,1.8680000000000092,-0.05500000000000208,0.0,1.8030000000000044,0.25299268764136035,-0.05500000000000208,0,0,2022,Abu Dhabi Grand Prix,0.0,16,0.0
STR,50,0 days 00:01:30.041000,MEDIUM,11.0,True,0 days 02:19:08.838000,28.0,9,32.0,0 days 00:00:18.323000,0 days 00:00:38.804000,0 days 00:00:32.914000,1,90.041,8348.838,1.8479999999999563,False,True,False,11.0,0.0,0.0,18.323,38.804,32.914,0,0,0,0.0,90.2132,0.7653709558116332,-0.2249889399283452,0,0,91.56,89.942,-1.6180000000000092,1.8680000000000092,-1.5190000000000055,0.5610000000000023,0.0,-0.14999999999999858,0.7672278018945884,0.5610000000000023,0,0,2022,Abu Dhabi Grand Prix,0.0,16,0.0
STR,51,0 days 00:01:29.942000,MEDIUM,12.0,True,0 days 02:20:38.780000,28.0,9,32.0,0 days 00:00:18.183000,0 days 00:00:39.096000,0 days 00:00:32.663000,1,89.942,8438.78,3.154999999998836,False,True,False,12.0,0.0,0.0,18.183,39.096,32.663,0,0,0,0.0,90.25,0.7481934910168733,-0.4116582190275442,0,0,90.041,90.431,0.39000000000000057,0.34900000000000375,-0.09900000000000375,-0.013000000000000492,0.0,-0.2510000000000048,0.767014471832183,-0.013000000000000492,0,0,2022,Abu Dhabi Grand Prix,0.0,16,0.0
STR,52,0 days 00:01:30.431000,MEDIUM,13.0,True,0 days 02:22:09.211000,27.9,9,32.1,0 days 00:00:17.975000,0 days 00:00:39.083000,0 days 00:00:33.373000,1,90.431,8529.211,3.82300000000032,False,True,False,13.0,0.0,0.0,17.975,39.083,33.373,0,0,0,0.0,90.263,0.740618660310431,0.2268373847474688,0,0,89.942,89.805,-0.13699999999998624,0.25,0.4890000000000043,0.08333333333333333,0.0,0.7100000000000009,0.8261557359239261,0.08333333333333333,0,0,2022,Abu Dhabi Grand Prix,0.0,16,0.0
STR,53,0 days 00:01:29.805000,MEDIUM,14.0,True,0 days 02:23:39.016000,27.9,9,31.9,0 days 00:00:18.072000,0 days 00:00:38.936000,0 days 00:00:32.797000,1,89.805,8619.016,5.007999999999811,False,True,False,14.0,0.0,0.0,18.072,38.936,32.797,0,0,0,0.0,90.33319999999999,0.7355540088939908,-0.7180981866908824,0,0,90.431,90.179,-0.25199999999999534,0.7390000000000043,-0.6259999999999906,-0.37633333333333496,0.0,0.13400000000000034,0.8351345400592675,-0.37633333333333496,0,0,2022,Abu Dhabi Grand Prix,0.0,16,0.0
STR,54,0 days 00:01:30.179000,MEDIUM,15.0,True,0 days 02:25:09.195000,27.9,9,31.9,0 days 00:00:18.055000,0 days 00:00:38.928000,0 days 00:00:33.196000,1,90.179,8709.195,5.916000000001077,False,True,False,15.0,0.0,0.0,18.055,38.928,33.196,0,0,0,0.0,90.3558,0.7122960760807386,-0.24821139121361638,0,0,89.805,90.363,0.5579999999999927,0.0,0.3739999999999952,-0.07866666666666333,0.0,0.5330000000000013,0.8440175946033378,-0.07866666666666333,0,0,2022,Abu Dhabi Grand Prix,0.0,16,0.0
STR,55,0 days 00:01:30.363000,MEDIUM,16.0,True,0 days 02:26:39.558000,27.9,9,31.9,0 days 00:00:18.095000,0 days 00:00:39.051000,0 days 00:00:33.217000,1,90.363,8799.558,6.770999999998821,False,True,False,16.0,0.0,0.0,18.095,39.051,33.217,0,0,0,0.0,90.0796,0.23936958871167963,1.1839432131930312,0,0,90.179,90.508,0.3289999999999935,0.3739999999999952,0.1839999999999975,0.079000000000003,0.0,0.4200000000000017,0.41866776804526185,0.079000000000003,0,0,2022,Abu Dhabi Grand Prix,0.0,16,0.0
STR,56,0 days 00:01:30.508000,MEDIUM,17.0,True,0 days 02:28:10.066000,27.9,8,32.0,0 days 00:00:18.154000,0 days 00:00:39.102000,0 days 00:00:33.252000,1,90.508,8890.066,7.540999999999258,False,True,False,17.0,0.0,0.0,18.154,39.102,33.252,0,0,0,0.0,90.14399999999999,0.2679925372095327,1.3582467772802465,0,0,90.363,91.844,1.4809999999999945,0.5579999999999927,0.14499999999999602,-0.022666666666665947,0.0,0.4550000000000054,0.3766705457027423,-0.022666666666665947,0,0,2022,Abu Dhabi Grand Prix,0.0,16,0.0
STR,57,0 days 00:01:31.844000,MEDIUM,18.0,True,0 days 02:29:41.910000,27.9,8,32.0,0 days 00:00:18.147000,0 days 00:00:39.907000,0 days 00:00:33.790000,1,91.844,8981.91,6.810999999999694,False,True,False,18.0,0.0,0.0,18.147,39.907,33.79,0,0,0,0.0,90.2572,0.2805801133366489,5.655425757477344,0,0,90.508,91.33,0.8220000000000027,0.7029999999999887,1.3359999999999985,0.2343333333333296,0.0,0.5940000000000012,0.20932582258288163,0.2343333333333296,0,0,2022,Abu Dhabi Grand Prix,0.0,16,0.0
TSU,2,0 days 00:01:32.551000,MEDIUM,2.0,True,0 days 01:05:21.684000,28.7,11,34.9,0 days 00:00:18.716000,0 days 00:00:39.211000,0 days 00:00:34.624000,1,92.551,3921.684,0.531999999999698,False,True,False,2.0,0.0,0.0,18.716,39.211,34.624,0,0,0,0.0,90.8448,0.7111038602061106,2.3993682153623244,0,0,92.551,91.604,-0.9470000000000027,2.372,0.0,0.3223333333333329,0.0,1.3719999999999999,0.08203474873490932,0.0,0,1,2022,Abu Dhabi Grand Prix,0.0,16,0.0
TSU,3,0 days 00:01:31.604000,MEDIUM,3.0,True,0 days 01:06:53.288000,28.7,11,34.3,0 days 00:00:18.530000,0 days 00:00:38.489000,0 days 00:00:34.585000,1,91.604,4013.288,0.66800000000012,False,True,False,3.0,0.0,0.0,18.53,38.489,34.585,0,0,0,0.0,,,0.0,0,0,92.551,91.789,-0.7620000000000005,0.0,-0.9470000000000027,0.0,0.0,0.0,0.0,0.0,0,1,2022,Abu Dhabi Grand Prix,0.0,16,0.0
TSU,4,0 days 00:01:31.789000,MEDIUM,4.0,True,0 days 01:08:25.077000,28.7,11,34.0,0 days 00:00:18.624000,0 days 00:00:38.606000,0 days 00:00:34.559000,1,91.789,4105.077,0.706000000000131,False,True,False,4.0,0.0,0.0,18.624,38.606,34.559,0,0,0,0.0,,,0.0,0,0,91.604,91.832,0.22799999999999443,0.0,0.18500000000000227,-0.47350000000000136,0.0,-0.026000000000003354,0.0,0.0,0,1,2022,Abu Dhabi Grand Prix,0.0,16,0.0
TSU,5,0 days 00:01:31.832000,MEDIUM,5.0,True,0 days 01:09:56.909000,28.5,11,34.0,0 days 00:00:18.588000,0 days 00:00:38.994000,0 days 00:00:34.250000,1,91.832,4196.909,0.8600000000005821,False,True,False,5.0,0.0,0.0,18.588,38.994,34.25,0,0,0,0.0,91.98133333333334,0.5019425597947789,-0.2975108016231993,0,0,91.789,92.038,0.24899999999999523,0.18500000000000227,0.042999999999992156,-0.25400000000000017,0.0,-0.3089999999999975,0.7997357897039089,-0.3810000000000002,0,1,2022,Abu Dhabi Grand Prix,0.0,16,0.0
TSU,6,0 days 00:01:32.038000,MEDIUM,6.0,True,0 days 01:11:28.947000,28.6,11,34.2,0 days 00:00:18.700000,0 days 00:00:39.120000,0 days 00:00:34.218000,1,92.038,4288.947,0.7569999999996071,False,True,False,6.0,0.0,0.0,18.7,39.12,34.218,0,0,0,0.0,91.944,0.4165805244287537,0.2256466504978693,0,0,91.832,91.997,0.16500000000000625,0.22799999999999443,0.20600000000000307,-0.23966666666666944,0.0,-0.031999999999996476,0.7549169380357901,-0.23966666666666944,0,1,2022,Abu Dhabi Grand Prix,0.0,16,0.0
TSU,7,0 days 00:01:31.997000,MEDIUM,7.0,True,0 days 01:13:00.944000,28.5,11,34.0,0 days 00:00:18.579000,0 days 00:00:39.043000,0 days 00:00:34.375000,1,91.997,4380.944,0.6469999999999345,False,True,False,7.0,0.0,0.0,18.579,39.043,34.375,0,0,0,0.0,91.96279999999999,0.36321026967860004,0.09416033315984097,0,0,92.038,92.252,0.21399999999999864,0.4339999999999975,-0.04099999999999682,0.14466666666666583,0.0,0.15699999999999648,0.6666258320827353,0.14466666666666583,0,1,2022,Abu Dhabi Grand Prix,0.0,16,0.0
TSU,8,0 days 00:01:32.252000,MEDIUM,8.0,True,0 days 01:14:33.196000,28.5,11,34.1,0 days 00:00:18.584000,0 days 00:00:39.209000,0 days 00:00:34.459000,1,92.252,4473.196,0.7089999999998327,False,True,False,8.0,0.0,0.0,18.584,39.209,34.459,0,0,0,0.0,91.852,0.17427994721138096,2.2951579134622917,0,0,91.997,92.62,0.6230000000000047,0.3930000000000007,0.25499999999999545,0.0693333333333328,0.0,0.24099999999999966,0.168084800026651,0.0693333333333328,0,1,2022,Abu Dhabi Grand Prix,0.0,16,0.0
TSU,9,0 days 00:01:32.620000,MEDIUM,9.0,True,0 days 01:16:05.816000,28.5,11,34.0,0 days 00:00:18.615000,0 days 00:00:39.312000,0 days 00:00:34.693000,1,92.62,4565.816,0.6199999999998909,False,True,False,9.0,0.0,0.0,18.615,39.312,34.693,0,0,0,0.0,91.98159999999999,0.18439712579105022,3.4620930085614354,0,0,92.252,92.5,0.24800000000000466,0.46299999999999386,0.3680000000000092,0.14000000000000057,0.0,0.4749999999999943,0.21196627090176218,0.14000000000000057,0,1,2022,Abu Dhabi Grand Prix,0.0,16,0.0
TSU,10,0 days 00:01:32.500000,MEDIUM,10.0,True,0 days 01:17:38.316000,28.5,11,34.0,0 days 00:00:18.680000,0 days 00:00:39.206000,0 days 00:00:34.614000,1,92.5,4658.316,0.7080000000005384,False,True,False,10.0,0.0,0.0,18.68,39.206,34.614,0,0,0,0.0,92.14779999999999,0.3034620239832326,1.160606508112761,0,0,92.62,92.647,0.027000000000001023,0.7880000000000109,-0.12000000000000455,0.19400000000000261,0.0,0.23899999999999721,0.29506575538343655,0.19400000000000261,0,1,2022,Abu Dhabi Grand Prix,0.0,16,0.0
TSU,11,0 days 00:01:32.647000,MEDIUM,11.0,True,0 days 01:19:10.963000,28.5,11,33.9,0 days 00:00:18.788000,0 days 00:00:39.160000,0 days 00:00:34.699000,1,92.647,4750.963,0.7310000000006767,False,True,False,11.0,0.0,0.0,18.788,39.16,34.699,0,0,0,0.0,92.28139999999999,0.2754211320868406,1.3274217458547832,0,0,92.5,92.63,0.12999999999999545,0.5030000000000001,0.14700000000000557,0.1676666666666667,0.0,0.23999999999999488,0.18249657531032973,0.1676666666666667,0,1,2022,Abu Dhabi Grand Prix,0.0,16,0.0
TSU,12,0 days 00:01:32.630000,MEDIUM,12.0,True,0 days 01:20:43.593000,28.5,11,33.9,0 days 00:00:18.723000,0 days 00:00:39.186000,0 days 00:00:34.721000,1,92.63,4843.593,0.9470000000001164,False,True,False,12.0,0.0,0.0,18.723,39.186,34.721,0,0,0,0.0,92.4032,0.27553166787139916,0.8231358730999051,0,0,92.647,92.96,0.3129999999999882,0.6500000000000057,-0.017000000000010118,0.13166666666667007,0.0,0.10699999999999932,0.11989078363243648,0.13166666666667007,0,1,2022,Abu Dhabi Grand Prix,0.0,16,0.0
TSU,13,0 days 00:01:32.960000,MEDIUM,13.0,True,0 days 01:22:16.553000,28.4,11,33.9,0 days 00:00:18.778000,0 days 00:00:39.446000,0 days 00:00:34.736000,1,92.96,4936.553,2.3220000000001164,False,True,False,13.0,0.0,0.0,18.778,39.446,34.736,0,0,0,0.0,92.5298,0.16581073547871053,2.5945244061427815,0,0,92.63,91.266,-1.36399999999999,0.3780000000000001,0.3299999999999983,0.0033333333333303017,0.0,0.12199999999999989,0.13307441527205552,0.0033333333333303017,0,0,2022,Abu Dhabi Grand Prix,0.0,16,0.0
TSU,16,0 days 00:01:31.266000,HARD,2.0,True,0 days 01:27:15.260000,28.4,15,33.4,0 days 00:00:18.556000,0 days 00:00:38.866000,0 days 00:00:33.844000,1,91.266,5235.26,3.7529999999997017,True,False,False,2.0,0.0,0.0,18.556,38.866,33.844,0,0,0,0.0,92.67139999999999,0.17147827850776381,-8.19579023203429,1,0,92.96,91.362,-1.597999999999999,0.45999999999999375,-1.6939999999999884,0.15333333333333124,0.0,-0.8549999999999969,0.14729324492317805,0.15333333333333124,0,0,2022,Abu Dhabi Grand Prix,0.0,16,0.0
TSU,17,0 days 00:01:31.362000,HARD,3.0,True,0 days 01:28:46.622000,28.4,15,33.4,0 days 00:00:18.429000,0 days 00:00:38.852000,0 days 00:00:34.081000,1,91.362,5326.622,3.8869999999997162,True,False,False,3.0,0.0,0.0,18.429,38.852,34.081,0,0,0,0.0,92.4006,0.6564036867659935,-1.5822580234383434,1,1,91.266,91.483,0.21699999999999875,0.0,0.09599999999998943,-0.4603333333333334,0.0,0.23700000000000188,0.465767431235802,-0.4603333333333334,0,0,2022,Abu Dhabi Grand Prix,0.0,16,0.0
TSU,18,0 days 00:01:31.483000,HARD,4.0,True,0 days 01:30:18.105000,28.3,15,33.3,0 days 00:00:18.438000,0 days 00:00:39.026000,0 days 00:00:34.019000,1,91.483,5418.105,4.240000000000691,True,False,False,4.0,0.0,0.0,18.438,39.026,34.019,0,0,0,0.0,92.173,0.7958115354780891,-0.8670394549954288,0,1,91.362,91.66,0.2980000000000018,0.09599999999998943,0.12100000000000932,-0.4226666666666669,0.0,0.17499999999999716,0.46548007476152853,-0.4226666666666669,0,0,2022,Abu Dhabi Grand Prix,0.0,16,0.0
TSU,19,0 days 00:01:31.660000,HARD,5.0,True,0 days 01:31:49.765000,28.3,15,33.6,0 days 00:00:18.556000,0 days 00:00:38.998000,0 days 00:00:34.106000,1,91.66,5509.765,4.270999999999731,True,False,False,5.0,0.0,0.0,18.556,38.998,34.106,0,0,0,0.0,91.9402,0.7927340033075365,-0.3534603017291108,0,0,91.483,91.916,0.4329999999999927,0.21699999999999875,0.1769999999999925,-0.4923333333333299,0.0,0.26200000000000045,0.4568897022258201,-0.4923333333333299,0,0,2022,Abu Dhabi Grand Prix,0.0,16,0.0
TSU,20,0 days 00:01:31.916000,HARD,6.0,True,0 days 01:33:21.681000,28.3,13,33.1,0 days 00:00:18.553000,0 days 00:00:39.075000,0 days 00:00:34.288000,1,91.916,5601.681,4.190000000000509,True,False,False,6.0,0.0,0.0,18.553,39.075,34.288,0,0,0,0.0,91.7462,0.694301231455049,0.2445624353051265,0,0,91.66,92.326,0.6659999999999968,0.39399999999999125,0.2560000000000002,0.13133333333333042,0.0,0.26899999999999835,0.47451311889135234,0.13133333333333042,0,0,2022,Abu Dhabi Grand Prix,0.0,16,0.0
TSU,21,0 days 00:01:32.326000,HARD,7.0,True,0 days 01:34:54.007000,28.2,12,33.0,0 days 00:00:18.629000,0 days 00:00:39.093000,0 days 00:00:34.604000,1,92.326,5694.007,1.0380000000004657,True,False,False,7.0,0.0,0.0,18.629,39.093,34.604,0,0,0,0.0,91.53739999999999,0.2577553103235739,3.059490797726072,0,0,91.916,92.169,0.2530000000000001,0.6499999999999915,0.4099999999999966,0.18466666666666734,0.0,0.5850000000000009,0.4892022076810349,0.18466666666666734,0,0,2022,Abu Dhabi Grand Prix,0.0,16,0.0
TSU,22,0 days 00:01:32.169000,HARD,8.0,True,0 days 01:36:26.176000,28.2,12,33.0,0 days 00:00:18.669000,0 days 00:00:38.935000,0 days 00:00:34.565000,1,92.169,5786.176,0.44499999999970896,True,False,False,8.0,0.0,0.0,18.669,38.935,34.565,0,0,0,0.0,91.74940000000001,0.38381740450375096,1.09322817328334,0,0,92.326,91.671,-0.6549999999999869,0.9639999999999986,-0.15699999999999648,0.2809999999999964,0.0,0.4589999999999961,0.16052040368750703,0.2809999999999964,0,1,2022,Abu Dhabi Grand Prix,0.0,16,0.0
TSU,23,0 days 00:01:31.671000,HARD,9.0,True,0 days 01:37:57.847000,28.2,11,32.9,0 days 00:00:18.523000,0 days 00:00:38.936000,0 days 00:00:34.212000,1,91.671,5877.847,0.5929999999998472,True,False,False,9.0,0.0,0.0,18.523,38.936,34.212,0,0,0,0.0,91.9108,0.34820927615442804,-0.6886663177049851,0,0,92.169,92.387,0.21800000000000352,0.6859999999999928,-0.49799999999999045,0.16966666666666677,0.0,-0.0759999999999934,0.1673588957898568,0.16966666666666677,0,1,2022,Abu Dhabi Grand Prix,0.0,16,0.0
TSU,24,0 days 00:01:32.387000,HARD,10.0,True,0 days 01:39:30.234000,28.2,12,33.3,0 days 00:00:18.451000,0 days 00:00:39.055000,0 days 00:00:34.881000,1,92.387,5970.234,1.9919999999992797,True,False,False,10.0,0.0,0.0,18.451,39.055,34.881,0,0,0,0.0,91.94839999999999,0.2968253695356746,1.4776364994882756,0,0,91.671,91.773,0.10199999999998965,0.01100000000000989,0.715999999999994,-0.08166666666666345,0.0,0.6689999999999969,0.25014335889645073,-0.08166666666666345,0,0,2022,Abu Dhabi Grand Prix,0.0,16,0.0
TSU,25,0 days 00:01:31.773000,HARD,11.0,True,0 days 01:41:02.007000,28.2,12,32.9,0 days 00:00:18.542000,0 days 00:00:39.028000,0 days 00:00:34.203000,1,91.773,6062.007,3.0130000000008295,True,False,False,11.0,0.0,0.0,18.542,39.028,34.203,0,0,0,0.0,92.0938,0.2982913005771128,-1.075458786023409,0,0,92.387,91.311,-1.0759999999999934,0.715999999999994,-0.6140000000000043,0.020333333333335684,0.0,-0.009000000000000341,0.29666344567539504,0.020333333333335684,0,0,2022,Abu Dhabi Grand Prix,0.0,16,0.0
TSU,26,0 days 00:01:31.311000,HARD,12.0,True,0 days 01:42:33.318000,28.2,11,33.0,0 days 00:00:18.399000,0 days 00:00:38.953000,0 days 00:00:33.959000,1,91.311,6153.318,3.332999999999629,True,False,False,12.0,0.0,0.0,18.399,38.953,33.959,0,0,0,0.0,92.0652,0.3252386815862888,-2.31891236405686,1,0,91.773,91.294,-0.4789999999999992,0.10199999999998965,-0.4619999999999891,-0.13200000000000026,0.0,-0.24399999999999977,0.3450533292115844,-0.13200000000000026,0,0,2022,Abu Dhabi Grand Prix,0.0,16,0.0
TSU,27,0 days 00:01:31.294000,HARD,13.0,True,0 days 01:44:04.612000,28.2,11,32.8,0 days 00:00:18.386000,0 days 00:00:38.887000,0 days 00:00:34.021000,1,91.294,6244.612,3.662999999999556,True,False,False,13.0,0.0,0.0,18.386,38.887,34.021,0,0,0,0.0,91.8622,0.42363805305944674,-1.3412392864535052,0,1,91.311,91.141,-0.1700000000000017,0.0,-0.017000000000010118,-0.11999999999999982,0.0,0.06199999999999761,0.3859905439256223,-0.11999999999999982,0,0,2022,Abu Dhabi Grand Prix,0.0,16,0.0
TSU,28,0 days 00:01:31.141000,HARD,14.0,True,0 days 01:45:35.753000,28.1,10,32.5,0 days 00:00:18.369000,0 days 00:00:38.897000,0 days 00:00:33.875000,1,91.141,6335.753,4.043000000000575,True,False,False,14.0,0.0,0.0,18.369,38.897,33.875,0,0,0,0.0,91.6872,0.44538657366383866,-1.2263503937867928,0,0,91.294,91.202,-0.09199999999999875,0.0,-0.1529999999999916,-0.3643333333333345,0.0,-0.08400000000000318,0.34802198206434964,-0.3643333333333345,0,0,2022,Abu Dhabi Grand Prix,0.0,16,0.0
TSU,29,0 days 00:01:31.202000,HARD,15.0,True,0 days 01:47:06.955000,28.1,10,32.8,0 days 00:00:18.374000,0 days 00:00:39.013000,0 days 00:00:33.815000,1,91.202,6426.955,4.328000000000429,True,False,False,15.0,0.0,0.0,18.374,39.013,33.815,0,0,0,0.0,91.5812,0.508765368318267,-0.7453337503168693,0,0,91.141,91.215,0.07399999999999807,0.0,0.06099999999999284,-0.2106666666666636,0.0,-0.060000000000002274,0.34893796010179123,-0.2106666666666636,0,0,2022,Abu Dhabi Grand Prix,0.0,16,0.0
TSU,30,0 days 00:01:31.215000,HARD,16.0,True,0 days 01:48:38.170000,28.1,10,32.8,0 days 00:00:18.400000,0 days 00:00:38.876000,0 days 00:00:33.939000,1,91.215,6518.17,4.564000000000306,True,False,False,16.0,0.0,0.0,18.4,38.876,33.939,0,0,0,0.0,91.3442,0.24950090180206405,-0.5178337996649617,0,0,91.202,91.2,-0.001999999999995339,0.06099999999999284,0.01300000000000523,-0.03633333333333629,0.0,0.12400000000000233,0.11365737987477854,-0.03633333333333629,0,0,2022,Abu Dhabi Grand Prix,0.0,16,0.0
TSU,31,0 days 00:01:31.200000,HARD,17.0,True,0 days 01:50:09.370000,28.1,10,32.9,0 days 00:00:18.426000,0 days 00:00:38.963000,0 days 00:00:33.811000,1,91.2,6609.37,4.951000000000022,True,False,False,17.0,0.0,0.0,18.426,38.963,33.811,0,0,0,0.0,91.2326,0.06991637862512885,-0.46627128923243916,0,0,91.215,91.435,0.21999999999999886,0.07399999999999807,-0.015000000000000568,-0.026333333333331172,0.0,-0.003999999999997783,0.14252298060312948,-0.026333333333331172,0,0,2022,Abu Dhabi Grand Prix,0.0,16,0.0
TSU,32,0 days 00:01:31.435000,HARD,18.0,True,0 days 01:51:40.805000,28.1,10,32.9,0 days 00:00:18.418000,0 days 00:00:39.118000,0 days 00:00:33.899000,1,91.435,6700.805,5.011999999999716,True,False,False,18.0,0.0,0.0,18.418,39.118,33.899,0,0,0,0.0,91.2104,0.054784121787738754,4.099728035619675,0,0,91.2,91.307,0.10699999999999932,0.0589999999999975,0.23499999999999943,0.019666666666665833,0.0,0.08800000000000097,0.08602790245031071,0.019666666666665833,0,0,2022,Abu Dhabi Grand Prix,0.0,16,0.0
TSU,33,0 days 00:01:31.307000,HARD,19.0,True,0 days 01:53:12.112000,28.1,10,32.8,0 days 00:00:18.387000,0 days 00:00:39.010000,0 days 00:00:33.910000,1,91.307,6792.112,5.255000000000109,True,False,False,19.0,0.0,0.0,18.387,39.01,33.91,0,0,0,0.0,91.2386,0.11345175185977507,0.6028994605965929,0,0,91.435,91.323,-0.11200000000000898,0.29399999999999693,-0.1280000000000001,0.07766666666666804,0.0,0.09899999999999665,0.09079207013831263,0.07766666666666804,0,0,2022,Abu Dhabi Grand Prix,0.0,16,0.0
TSU,34,0 days 00:01:31.323000,HARD,20.0,True,0 days 01:54:43.435000,28.0,10,32.7,0 days 00:00:18.412000,0 days 00:00:39.014000,0 days 00:00:33.897000,1,91.323,6883.435,5.4409999999998035,True,False,False,20.0,0.0,0.0,18.412,39.014,33.897,0,0,0,0.0,91.27180000000001,0.10139871794085893,0.5049373506856634,0,0,91.307,91.272,-0.03499999999999659,0.10699999999999932,0.015999999999991132,0.03066666666666625,0.0,0.08599999999999852,0.07799871793818146,0.03066666666666625,0,0,2022,Abu Dhabi Grand Prix,0.0,16,0.0
TSU,35,0 days 00:01:31.272000,HARD,21.0,True,0 days 01:56:14.707000,28.0,10,32.6,0 days 00:00:18.418000,0 days 00:00:39.049000,0 days 00:00:33.805000,1,91.272,6974.707,6.570999999999913,True,False,False,21.0,0.0,0.0,18.418,39.049,33.805,0,0,0,0.0,91.296,0.09479978902955365,-0.25316512036244043,0,0,91.323,91.015,-0.3079999999999927,0.12299999999999045,-0.05099999999998772,0.04099999999999682,0.0,-0.09199999999999875,0.04858806437799138,0.04099999999999682,0,0,2022,Abu Dhabi Grand Prix,0.0,16,0.0
TSU,36,0 days 00:01:31.015000,HARD,22.0,True,0 days 01:57:45.722000,28.0,10,32.6,0 days 00:00:18.495000,0 days 00:00:38.860000,0 days 00:00:33.660000,1,91.015,7065.722,7.177000000000589,True,False,False,22.0,0.0,0.0,18.495,38.86,33.66,0,0,0,0.0,91.3074,0.08560549047839701,-3.415668765705972,1,0,91.272,91.364,0.09199999999999875,0.07200000000000273,-0.257000000000005,-0.054333333333332234,0.0,-0.14500000000000313,0.08239417455135806,-0.054333333333332234,0,0,2022,Abu Dhabi Grand Prix,0.0,16,0.0
TSU,37,0 days 00:01:31.364000,HARD,23.0,True,0 days 01:59:17.086000,28.0,10,32.5,0 days 00:00:18.637000,0 days 00:00:38.930000,0 days 00:00:33.797000,1,91.364,7157.086,6.889000000000124,True,False,False,23.0,0.0,0.0,18.637,38.93,33.797,0,0,0,0.0,91.2704,0.15526686703881967,0.6028330563056151,0,1,91.015,89.489,-1.5259999999999962,0.0,0.34900000000000375,-0.09733333333333387,0.0,0.13700000000000045,0.11637310685892982,-0.09733333333333387,0,0,2022,Abu Dhabi Grand Prix,0.0,16,0.0
TSU,40,0 days 00:01:29.489000,SOFT,2.0,True,0 days 02:04:11.078000,28.0,14,32.4,0 days 00:00:18.188000,0 days 00:00:38.297000,0 days 00:00:33.004000,1,89.489,7451.078,3.225999999999658,False,False,True,2.0,0.0,0.0,18.188,38.297,33.004,0,0,0,0.0,91.2562,0.13882615027455028,-12.729590185315159,1,0,91.364,89.762,-1.6020000000000039,0.34900000000000375,-1.875,0.013666666666670343,0.0,-0.6559999999999988,0.1265009881384328,0.013666666666670343,0,0,2022,Abu Dhabi Grand Prix,0.0,16,0.0
TSU,41,0 days 00:01:29.762000,SOFT,3.0,True,0 days 02:05:40.840000,28.0,14,32.4,0 days 00:00:18.172000,0 days 00:00:38.466000,0 days 00:00:33.124000,1,89.762,7540.84,3.6030000000000655,False,False,True,3.0,0.0,0.0,18.172,38.466,33.124,0,0,0,0.0,90.89259999999999,0.796316708351694,-1.4197868613610156,0,1,89.489,90.101,0.6119999999999948,0.0,0.27299999999999613,-0.5943333333333337,0.0,0.12000000000000455,0.3147260713700082,-0.5943333333333337,0,0,2022,Abu Dhabi Grand Prix,0.0,16,0.0
TSU,42,0 days 00:01:30.101000,SOFT,4.0,True,0 days 02:07:10.941000,28.0,14,32.4,0 days 00:00:18.219000,0 days 00:00:38.513000,0 days 00:00:33.369000,1,90.101,7630.941,3.880000000000109,False,False,True,4.0,0.0,0.0,18.219,38.513,33.369,0,0,0,0.0,90.58040000000001,0.8863054213983468,-0.540897063727367,0,0,89.762,89.719,-0.043000000000006366,0.27299999999999613,0.33899999999999864,-0.4176666666666667,0.0,0.365000000000002,0.3209730518283431,-0.4176666666666667,0,0,2022,Abu Dhabi Grand Prix,0.0,16,0.0
TSU,43,0 days 00:01:29.719000,SOFT,5.0,True,0 days 02:08:40.660000,28.0,13,32.4,0 days 00:00:18.393000,0 days 00:00:38.210000,0 days 00:00:33.116000,1,89.719,7720.66,1.7529999999997017,False,False,True,5.0,0.0,0.0,18.393,38.21,33.116,0,0,0,0.0,90.3462,0.8092303133225502,-0.7750574708760409,0,0,90.101,90.311,0.21000000000000796,0.6119999999999948,-0.382000000000005,-0.42100000000000176,0.0,0.11200000000000188,0.39094334627922817,-0.42100000000000176,0,0,2022,Abu Dhabi Grand Prix,0.0,16,0.0
TSU,44,0 days 00:01:30.311000,SOFT,6.0,True,0 days 02:10:10.971000,28.0,12,32.3,0 days 00:00:18.247000,0 days 00:00:38.669000,0 days 00:00:33.395000,1,90.311,7810.971,2.868000000000393,False,False,True,6.0,0.0,0.0,18.247,38.669,33.395,0,0,0,0.0,90.08700000000002,0.7465885747854228,0.30003137948416825,0,0,89.719,90.498,0.7790000000000106,0.22999999999998977,0.592000000000013,0.07666666666666326,0.0,0.27900000000000347,0.38989011272408564,0.07666666666666326,0,0,2022,Abu Dhabi Grand Prix,0.0,16,0.0
TSU,45,0 days 00:01:30.498000,SOFT,7.0,True,0 days 02:11:41.469000,28.0,12,32.3,0 days 00:00:18.323000,0 days 00:00:38.725000,0 days 00:00:33.450000,1,90.498,7901.469,3.8720000000002983,False,False,True,7.0,0.0,0.0,18.323,38.725,33.45,0,0,0,0.0,89.8764,0.32682686548100115,1.9019244304937202,0,0,90.311,89.975,-0.33600000000001273,0.8220000000000027,0.1869999999999976,0.1830000000000022,0.0,0.3340000000000032,0.40579120246747646,0.1830000000000022,0,0,2022,Abu Dhabi Grand Prix,0.0,16,0.0
TSU,46,0 days 00:01:29.975000,SOFT,8.0,True,0 days 02:13:11.444000,28.0,12,32.0,0 days 00:00:18.198000,0 days 00:00:38.580000,0 days 00:00:33.197000,1,89.975,7991.444,5.49199999999928,False,False,True,8.0,0.0,0.0,18.198,38.58,33.197,0,0,0,0.0,90.07820000000001,0.3390998378061081,-0.30433514998914096,0,0,90.498,89.991,-0.507000000000005,0.7790000000000106,-0.5230000000000103,0.1323333333333352,0.0,0.08100000000000307,0.11910709466694189,0.1323333333333352,0,0,2022,Abu Dhabi Grand Prix,0.0,16,0.0
TSU,47,0 days 00:01:29.991000,SOFT,9.0,True,0 days 02:14:41.435000,28.0,12,32.0,0 days 00:00:18.169000,0 days 00:00:38.687000,0 days 00:00:33.135000,1,89.991,8081.435,6.476999999999862,False,False,True,9.0,0.0,0.0,18.169,38.687,33.135,0,0,0,0.0,90.1208,0.30064464073075875,-0.4317389449700684,0,0,89.975,90.176,0.20100000000000762,0.2560000000000002,0.016000000000005343,0.08533333333333341,0.0,-0.06200000000000472,0.12988340925614764,0.08533333333333341,0,0,2022,Abu Dhabi Grand Prix,0.0,16,0.0
TSU,48,0 days 00:01:30.176000,SOFT,10.0,True,0 days 02:16:11.611000,28.0,12,32.3,0 days 00:00:18.160000,0 days 00:00:38.612000,0 days 00:00:33.404000,1,90.176,8171.611,7.425000000000182,False,False,True,10.0,0.0,0.0,18.16,38.612,33.404,0,0,0,0.0,90.09880000000001,0.30642486844270417,0.25193777643548404,0,0,89.991,90.225,0.23399999999999466,0.27200000000000557,0.18500000000000227,-0.10666666666666913,0.0,0.26900000000000546,0.15940420320681883,-0.10666666666666913,0,0,2022,Abu Dhabi Grand Prix,0.0,16,0.0
TSU,49,0 days 00:01:30.225000,SOFT,11.0,True,0 days 02:17:41.836000,28.0,12,31.9,0 days 00:00:18.182000,0 days 00:00:38.604000,0 days 00:00:33.439000,1,90.225,8261.836,8.9950000000008,False,False,True,11.0,0.0,0.0,18.182,38.604,33.439,0,0,0,0.0,90.19019999999999,0.22109206227298395,0.15740049480852167,0,0,90.176,90.76,0.5840000000000032,0.20100000000000762,0.04899999999999238,-0.10733333333333424,0.0,0.30400000000000205,0.1656825277450854,-0.10733333333333424,0,0,2022,Abu Dhabi Grand Prix,0.0,16,0.0
TSU,50,0 days 00:01:30.760000,SOFT,12.0,True,0 days 02:19:12.596000,28.0,12,32.0,0 days 00:00:18.194000,0 days 00:00:38.745000,0 days 00:00:33.821000,1,90.76,8352.596,10.159999999999854,False,False,True,12.0,0.0,0.0,18.194,38.745,33.821,0,0,0,0.0,90.173,0.2125241162788868,2.7620394818144165,0,0,90.225,91.066,0.8410000000000082,0.25,0.5350000000000108,0.08333333333333333,0.0,0.6859999999999999,0.16973714973452608,0.08333333333333333,0,0,2022,Abu Dhabi Grand Prix,0.0,16,0.0
TSU,51,0 days 00:01:31.066000,SOFT,13.0,True,0 days 02:20:43.662000,28.0,12,32.0,0 days 00:00:18.326000,0 days 00:00:38.584000,0 days 00:00:34.156000,1,91.066,8443.662,11.657999999999447,False,False,True,13.0,0.0,0.0,18.326,38.584,34.156,0,0,0,0.0,90.22540000000001,0.31854403149348154,2.6388816518045366,0,0,90.76,91.024,0.2639999999999958,0.7850000000000108,0.3059999999999974,0.25633333333333513,0.0,0.7519999999999953,0.2824540670622402,0.25633333333333513,0,0,2022,Abu Dhabi Grand Prix,0.0,16,0.0
TSU,52,0 days 00:01:31.024000,SOFT,14.0,True,0 days 02:22:14.686000,27.9,12,32.1,0 days 00:00:18.296000,0 days 00:00:38.275000,0 days 00:00:34.453000,1,91.024,8534.686,14.101000000000568,False,False,True,14.0,0.0,0.0,18.296,38.275,34.453,0,0,0,0.0,90.44359999999999,0.45048118717667845,1.2884000853344826,0,0,91.066,91.318,0.25199999999999534,1.0750000000000028,-0.04200000000000159,0.29666666666666686,0.0,1.014000000000003,0.3335419014156988,0.29666666666666686,0,0,2022,Abu Dhabi Grand Prix,0.0,16,0.0
TSU,53,0 days 00:01:31.318000,SOFT,15.0,True,0 days 02:23:46.004000,27.9,12,31.9,0 days 00:00:18.358000,0 days 00:00:38.395000,0 days 00:00:34.565000,1,91.318,8626.004,15.305999999998676,False,False,True,15.0,0.0,0.0,18.358,38.395,34.565,0,0,0,0.0,90.6502,0.4272975544045404,1.5628453594371983,0,0,91.024,91.579,0.5549999999999926,0.847999999999999,0.29399999999999693,0.26633333333333553,0.0,0.7439999999999998,0.3158116527299127,0.26633333333333553,0,0,2022,Abu Dhabi Grand Prix,0.0,16,0.0
TSU,54,0 days 00:01:31.579000,SOFT,16.0,True,0 days 02:25:17.583000,27.9,12,31.9,0 days 00:00:18.442000,0 days 00:00:39.039000,0 days 00:00:34.098000,1,91.579,8717.583,16.55199999999968,False,False,True,16.0,0.0,0.0,18.442,39.039,34.098,0,0,0,0.0,90.8786,0.41550908534001507,1.6856430453905566,0,0,91.318,92.138,0.8200000000000074,1.0930000000000035,0.2609999999999957,0.18599999999999758,0.0,-0.05799999999999983,0.2550725387022285,0.18599999999999758,0,0,2022,Abu Dhabi Grand Prix,0.0,16,0.0
TSU,55,0 days 00:01:32.138000,SOFT,17.0,True,0 days 02:26:49.721000,27.9,12,31.9,0 days 00:00:18.490000,0 days 00:00:39.214000,0 days 00:00:34.434000,1,92.138,8809.721,19.51000000000022,False,False,True,17.0,0.0,0.0,18.49,39.214,34.434,0,0,0,0.0,91.14939999999999,0.3111652294201437,3.1770901968779586,0,0,91.579,92.04,0.46100000000001273,0.8189999999999884,0.5590000000000117,0.17099999999999702,0.0,0.3359999999999985,0.403666694192127,0.17099999999999702,0,0,2022,Abu Dhabi Grand Prix,0.0,16,0.0
TSU,56,0 days 00:01:32.040000,SOFT,18.0,True,0 days 02:28:21.761000,27.9,11,32.0,0 days 00:00:18.525000,0 days 00:00:39.291000,0 days 00:00:34.224000,1,92.04,8901.761,20.59599999999955,False,False,True,18.0,0.0,0.0,18.525,39.291,34.224,0,0,0,0.0,91.425,0.45640333039987435,1.347492358263866,0,0,92.138,91.639,-0.49900000000000944,1.1140000000000043,-0.09799999999999898,0.3713333333333348,0.0,0.12599999999999767,0.4209831350541257,0.3713333333333348,0,0,2022,Abu Dhabi Grand Prix,0.0,16,0.0
TSU,57,0 days 00:01:31.639000,SOFT,19.0,True,0 days 02:29:53.400000,27.9,11,32.0,0 days 00:00:18.445000,0 days 00:00:39.143000,0 days 00:00:34.051000,1,91.639,8993.4,21.959000000000742,False,False,True,19.0,0.0,0.0,18.445,39.143,34.051,0,0,0,0.0,91.6198,0.47244703406847727,0.040639476206797406,0,0,92.04,92.28,0.23999999999999488,1.0160000000000053,-0.40100000000001046,0.24066666666666947,0.0,-0.046999999999997044,0.44131032165586287,0.24066666666666947,0,0,2022,Abu Dhabi Grand Prix,0.0,16,0.0
VER,2,0 days 00:01:30.541000,MEDIUM,2.0,True,0 days 01:05:13.134000,28.7,1,34.9,0 days 00:00:18.571000,0 days 00:00:38.647000,0 days 00:00:33.323000,1,90.541,3913.134,1.0909999999998945,False,True,False,2.0,0.0,0.0,18.571,38.647,33.323,0,0,0,0.0,91.9352,0.3104878419521447,-4.490352959504563,1,0,90.541,89.968,-0.5729999999999933,-1.0379999999999967,0.0,0.04733333333333197,0.0,-0.7280000000000015,0.2866571122438767,0.0,0,0,2022,Abu Dhabi Grand Prix,0.0,16,0.0
VER,3,0 days 00:01:29.968000,MEDIUM,3.0,True,0 days 01:06:43.102000,28.6,1,34.4,0 days 00:00:18.562000,0 days 00:00:38.526000,0 days 00:00:32.880000,1,89.968,4003.102,1.3949999999999818,False,True,False,3.0,0.0,0.0,18.562,38.526,32.88,0,0,0,0.0,,,0.0,0,1,90.541,90.368,-0.17300000000000182,0.0,-0.5729999999999933,0.0,0.0,0.0,0.0,0.0,0,0,2022,Abu Dhabi Grand Prix,0.0,16,0.0
VER,4,0 days 00:01:30.368000,MEDIUM,4.0,True,0 days 01:08:13.470000,28.7,1,34.0,0 days 00:00:18.512000,0 days 00:00:38.573000,0 days 00:00:33.283000,1,90.368,4093.47,1.9060000000004038,False,True,False,4.0,0.0,0.0,18.512,38.573,33.283,0,0,0,0.0,,,0.0,0,0,89.968,90.502,0.5339999999999918,0.0,0.3999999999999915,-0.28649999999999665,0.0,0.4029999999999987,0.0,0.0,0,0,2022,Abu Dhabi Grand Prix,0.0,16,0.0
VER,5,0 days 00:01:30.502000,MEDIUM,5.0,True,0 days 01:09:43.972000,28.6,1,34.0,0 days 00:00:18.492000,0 days 00:00:38.754000,0 days 00:00:33.256000,1,90.502,4183.972,2.331000000000131,False,True,False,5.0,0.0,0.0,18.492,38.754,33.256,0,0,0,0.0,90.29233333333333,0.2938985085592181,0.7133981989038146,0,0,90.368,90.567,0.19899999999999807,0.3999999999999915,0.13400000000000034,-0.057666666666667275,0.0,0.37599999999999767,0.5732297387028464,-0.08650000000000091,0,0,2022,Abu Dhabi Grand Prix,0.0,16,0.0
VER,6,0 days 00:01:30.567000,MEDIUM,6.0,True,0 days 01:11:14.539000,28.6,1,34.2,0 days 00:00:18.474000,0 days 00:00:38.776000,0 days 00:00:33.317000,1,90.567,4274.539,2.399000000000342,False,True,False,6.0,0.0,0.0,18.474,38.776,33.317,0,0,0,0.0,90.34475,0.26186685548193916,0.8487137464989981,0,0,90.502,90.661,0.15900000000000603,0.5339999999999918,0.06499999999999773,-0.013000000000000492,0.0,0.4369999999999976,0.526978415117735,-0.013000000000000492,0,0,2022,Abu Dhabi Grand Prix,0.0,16,0.0
VER,7,0 days 00:01:30.661000,MEDIUM,7.0,True,0 days 01:12:45.200000,28.6,1,34.5,0 days 00:00:18.589000,0 days 00:00:38.776000,0 days 00:00:33.296000,1,90.661,4365.2,2.350000000000364,False,True,False,7.0,0.0,0.0,18.589,38.776,33.296,0,0,0,0.0,90.38919999999999,0.24760795625342508,1.0977030145260263,0,0,90.567,90.691,0.12400000000000944,0.5989999999999895,0.0940000000000083,0.1996666666666632,0.0,0.03999999999999915,0.4942441704259138,0.1996666666666632,0,0,2022,Abu Dhabi Grand Prix,0.0,16,0.0
VER,8,0 days 00:01:30.691000,MEDIUM,8.0,True,0 days 01:14:15.891000,28.5,1,34.1,0 days 00:00:18.512000,0 days 00:00:38.813000,0 days 00:00:33.366000,1,90.691,4455.891,2.3250000000007276,False,True,False,8.0,0.0,0.0,18.512,38.813,33.366,0,0,0,0.0,90.41319999999999,0.27073547975837636,1.0260938102680222,0,0,90.661,90.601,-0.060000000000002274,0.6929999999999978,0.030000000000001137,0.09766666666666879,0.0,0.10999999999999943,0.21263043055969114,0.09766666666666879,0,0,2022,Abu Dhabi Grand Prix,0.0,16,0.0
VER,9,0 days 00:01:30.601000,MEDIUM,9.0,True,0 days 01:15:46.492000,28.5,1,34.0,0 days 00:00:18.482000,0 days 00:00:38.807000,0 days 00:00:33.312000,1,90.601,4546.492,2.694999999999709,False,True,False,9.0,0.0,0.0,18.482,38.807,33.312,0,0,0,0.0,90.5578,0.13001422999040654,0.33227132140217597,0,0,90.691,90.621,-0.07000000000000739,0.3230000000000075,-0.09000000000000341,0.06300000000000239,0.0,0.015999999999998238,0.18389045652235397,0.06300000000000239,0,0,2022,Abu Dhabi Grand Prix,0.0,16,0.0
VER,10,0 days 00:01:30.621000,MEDIUM,10.0,True,0 days 01:17:17.113000,28.5,1,34.0,0 days 00:00:18.434000,0 days 00:00:38.798000,0 days 00:00:33.389000,1,90.621,4637.113,3.144999999999527,False,True,False,10.0,0.0,0.0,18.434,38.798,33.389,0,0,0,0.0,90.6044,0.07516515149986641,0.22084702377040166,0,0,90.601,90.798,0.19700000000000273,0.09900000000000375,0.01999999999999602,0.011333333333335341,0.0,0.09300000000000352,0.19660417086114873,0.011333333333335341,0,0,2022,Abu Dhabi Grand Prix,0.0,16,0.0
VER,11,0 days 00:01:30.798000,MEDIUM,11.0,True,0 days 01:18:47.911000,28.5,1,33.9,0 days 00:00:18.480000,0 days 00:00:38.889000,0 days 00:00:33.429000,1,90.798,4727.911,3.5140000000001237,False,True,False,11.0,0.0,0.0,18.48,38.889,33.429,0,0,0,0.0,90.62819999999999,0.048879443531997864,3.473852968249391,0,0,90.621,90.921,0.30000000000001137,0.054000000000002046,0.1770000000000067,-0.013333333333335418,0.0,0.11700000000000443,0.170800175643937,-0.013333333333335418,0,0,2022,Abu Dhabi Grand Prix,0.0,16,0.0
VER,12,0 days 00:01:30.921000,MEDIUM,12.0,True,0 days 01:20:18.832000,28.5,1,33.9,0 days 00:00:18.515000,0 days 00:00:39.016000,0 days 00:00:33.390000,1,90.921,4818.832,4.0,False,True,False,12.0,0.0,0.0,18.515,39.016,33.39,0,0,0,0.0,90.6744,0.07741317717287312,3.185504186830012,0,0,90.798,90.747,-0.05100000000000193,0.19700000000000273,0.12300000000000466,0.03566666666666644,0.0,0.07800000000000296,0.04477387631197677,0.03566666666666644,0,0,2022,Abu Dhabi Grand Prix,0.0,16,0.0
VER,13,0 days 00:01:30.747000,MEDIUM,13.0,True,0 days 01:21:49.579000,28.5,1,33.7,0 days 00:00:18.517000,0 days 00:00:38.876000,0 days 00:00:33.354000,1,90.747,4909.579,4.747000000000298,False,True,False,13.0,0.0,0.0,18.517,38.876,33.354,0,0,0,0.0,90.7264,0.1333071640985588,0.154530329553567,0,0,90.921,90.966,0.044999999999987494,0.3200000000000074,-0.1740000000000066,0.10666666666666913,0.0,-0.035000000000003695,0.04030756752770069,0.10666666666666913,0,0,2022,Abu Dhabi Grand Prix,0.0,16,0.0
VER,14,0 days 00:01:30.966000,MEDIUM,14.0,True,0 days 01:23:20.545000,28.4,1,33.7,0 days 00:00:18.470000,0 days 00:00:39.012000,0 days 00:00:33.484000,1,90.966,5000.545,5.770999999999731,False,True,False,14.0,0.0,0.0,18.47,39.012,33.484,0,0,0,0.0,90.7376,0.131934832398424,1.7311576923845156,0,0,90.747,91.023,0.27599999999999625,0.1460000000000008,0.2189999999999941,0.04200000000000159,0.0,0.13000000000000256,0.06211038560498925,0.04200000000000159,0,0,2022,Abu Dhabi Grand Prix,0.0,16,0.0
VER,15,0 days 00:01:31.023000,MEDIUM,15.0,True,0 days 01:24:51.568000,28.4,1,33.5,0 days 00:00:18.550000,0 days 00:00:38.981000,0 days 00:00:33.492000,1,91.023,5091.568,7.792999999999665,False,True,False,15.0,0.0,0.0,18.55,38.981,33.492,0,0,0,0.0,90.8106,0.13828340464423095,1.5359760670230467,0,0,90.966,91.245,0.2790000000000106,0.34499999999999886,0.05700000000000216,0.055999999999997385,0.0,0.13799999999999812,0.0655919202341295,0.055999999999997385,0,0,2022,Abu Dhabi Grand Prix,0.0,16,0.0
VER,16,0 days 00:01:31.245000,MEDIUM,16.0,True,0 days 01:26:22.813000,28.4,1,33.6,0 days 00:00:18.575000,0 days 00:00:39.018000,0 days 00:00:33.652000,1,91.245,5182.813,7.7849999999998545,False,True,False,16.0,0.0,0.0,18.575,39.018,33.652,0,0,0,0.0,90.89099999999999,0.11547077552351007,3.0657107687645033,0,0,91.023,91.592,0.5690000000000026,0.27599999999999625,0.2220000000000084,0.033999999999996554,0.0,0.2980000000000018,0.07124815787092535,0.033999999999996554,0,0,2022,Abu Dhabi Grand Prix,0.0,16,0.0
VER,17,0 days 00:01:31.592000,MEDIUM,17.0,True,0 days 01:27:54.405000,28.4,1,33.4,0 days 00:00:18.625000,0 days 00:00:39.240000,0 days 00:00:33.727000,1,91.592,5274.405,7.6469999999999345,False,True,False,17.0,0.0,0.0,18.625,39.24,33.727,0,0,0,0.0,90.9804,0.18030474203415858,3.3920350241488855,0,0,91.245,91.598,0.35299999999999443,0.49800000000000466,0.3469999999999942,0.16600000000000156,0.0,0.242999999999995,0.12029214438191878,0.16600000000000156,0,0,2022,Abu Dhabi Grand Prix,0.0,16,0.0
VER,18,0 days 00:01:31.598000,MEDIUM,18.0,True,0 days 01:29:26.003000,28.4,1,33.3,0 days 00:00:18.587000,0 days 00:00:39.215000,0 days 00:00:33.796000,1,91.598,5366.003,7.492000000000189,False,True,False,18.0,0.0,0.0,18.587,39.215,33.796,0,0,0,0.0,91.1146,0.3203580809032439,1.508936495802027,0,0,91.592,91.882,0.29000000000000625,0.8449999999999989,0.006000000000000227,0.20866666666666825,0.0,0.30400000000000205,0.12767811088828132,0.20866666666666825,0,0,2022,Abu Dhabi Grand Prix,0.0,16,0.0
VER,19,0 days 00:01:31.882000,MEDIUM,19.0,True,0 days 01:30:57.885000,28.3,1,33.6,0 days 00:00:18.592000,0 days 00:00:39.221000,0 days 00:00:34.069000,1,91.882,5457.885,7.349999999999454,False,True,False,19.0,0.0,0.0,18.592,39.221,34.069,0,0,0,0.0,91.28479999999999,0.3017543703080663,1.9790931259432074,0,0,91.598,90.66,-0.9380000000000024,0.632000000000005,0.284000000000006,0.19166666666666762,0.0,0.4170000000000016,0.08434927385579603,0.19166666666666762,0,0,2022,Abu Dhabi Grand Prix,0.0,16,0.0
VER,22,0 days 00:01:30.660000,HARD,2.0,True,0 days 01:35:53.775000,28.2,1,33.0,0 days 00:00:18.468000,0 days 00:00:38.687000,0 days 00:00:33.505000,1,90.66,5753.775,1.893000000000029,True,False,False,2.0,0.0,0.0,18.468,38.687,33.505,0,0,0,0.0,91.46799999999999,0.3359412150957811,-2.40518270367517,1,0,91.882,90.671,-1.2109999999999985,0.8590000000000089,-1.2220000000000084,0.21233333333333348,0.0,-0.2219999999999942,0.10149137894422555,0.21233333333333348,0,0,2022,Abu Dhabi Grand Prix,0.0,16,0.0
VER,23,0 days 00:01:30.671000,HARD,3.0,True,0 days 01:37:24.446000,28.2,1,32.9,0 days 00:00:18.549000,0 days 00:00:38.608000,0 days 00:00:33.514000,1,90.671,5844.446,2.3919999999998254,True,False,False,3.0,0.0,0.0,18.549,38.608,33.514,0,0,0,0.0,91.39540000000001,0.46901791010581617,-1.5445039184891027,1,1,90.66,90.955,0.2950000000000017,0.0,0.01100000000000989,-0.31066666666666737,0.0,0.009000000000000341,0.2485568345469483,-0.31066666666666737,0,0,2022,Abu Dhabi Grand Prix,0.0,16,0.0
VER,24,0 days 00:01:30.955000,HARD,4.0,True,0 days 01:38:55.401000,28.2,1,33.3,0 days 00:00:18.587000,0 days 00:00:38.851000,0 days 00:00:33.517000,1,90.955,5935.401,2.3640000000004875,True,False,False,4.0,0.0,0.0,18.587,38.851,33.517,0,0,0,0.0,91.2806,0.573618165681684,-0.567624980309101,0,1,90.671,90.803,0.1319999999999908,0.01100000000000989,0.2839999999999918,-0.3089999999999975,0.0,0.012000000000000455,0.255890015436318,-0.3089999999999975,0,0,2022,Abu Dhabi Grand Prix,0.0,16,0.0
VER,25,0 days 00:01:30.803000,HARD,5.0,True,0 days 01:40:26.204000,28.3,1,33.3,0 days 00:00:18.461000,0 days 00:00:38.772000,0 days 00:00:33.570000,1,90.803,6026.204,2.394000000000233,True,False,False,5.0,0.0,0.0,18.461,38.772,33.57,0,0,0,0.0,91.1532,0.5576833330843004,-0.6279549328885253,0,0,90.955,90.892,-0.06300000000000239,0.2950000000000017,-0.15200000000000102,-0.3090000000000022,0.0,0.06499999999999773,0.2557997263485626,-0.3090000000000022,0,0,2022,Abu Dhabi Grand Prix,0.0,16,0.0
VER,26,0 days 00:01:30.892000,HARD,6.0,True,0 days 01:41:57.096000,28.2,1,33.0,0 days 00:00:18.495000,0 days 00:00:38.816000,0 days 00:00:33.581000,1,90.892,6117.096,1.8640000000004875,True,False,False,6.0,0.0,0.0,18.495,38.816,33.581,0,0,0,0.0,90.9942,0.5104975024424777,-0.20019686582409144,0,0,90.803,90.61,-0.19299999999999784,0.14300000000000068,0.08899999999999864,0.04766666666666689,0.0,0.06700000000000017,0.23012540059715153,0.04766666666666689,0,0,2022,Abu Dhabi Grand Prix,0.0,16,0.0
VER,27,0 days 00:01:30.610000,HARD,7.0,True,0 days 01:43:27.706000,28.2,1,32.9,0 days 00:00:18.526000,0 days 00:00:38.643000,0 days 00:00:33.441000,1,90.61,6207.706,1.9510000000000218,True,False,False,7.0,0.0,0.0,18.526,38.643,33.441,0,0,0,0.0,90.7962,0.13102175391893459,-1.4211380509774325,0,0,90.892,90.443,-0.44899999999999807,0.23199999999999932,-0.2819999999999965,0.07366666666666315,0.0,-0.07600000000000051,0.11965659196216208,0.07366666666666315,0,0,2022,Abu Dhabi Grand Prix,0.0,16,0.0
VER,28,0 days 00:01:30.443000,HARD,8.0,True,0 days 01:44:58.149000,28.1,1,32.5,0 days 00:00:18.340000,0 days 00:00:38.673000,0 days 00:00:33.430000,1,90.443,6298.149,2.045999999999367,True,False,False,8.0,0.0,0.0,18.34,38.673,33.43,0,0,0,0.0,90.7862,0.1451609451608546,-2.3642722883878435,1,0,90.61,90.271,-0.33899999999999864,0.0,-0.1670000000000016,-0.11499999999999962,0.0,-0.011000000000002785,0.058157544652435215,-0.11499999999999962,0,0,2022,Abu Dhabi Grand Prix,0.0,16,0.0
VER,29,0 days 00:01:30.271000,HARD,9.0,True,0 days 01:46:28.420000,28.2,1,32.9,0 days 00:00:18.450000,0 days 00:00:38.647000,0 days 00:00:33.174000,1,90.271,6388.42,2.244999999999891,True,False,False,9.0,0.0,0.0,18.45,38.647,33.174,0,0,0,0.0,90.7406,0.2111901986361789,-2.223588040697798,1,1,90.443,89.936,-0.5069999999999908,0.0,-0.17199999999999704,-0.11999999999999982,0.0,-0.2560000000000002,0.05938265740096197,-0.11999999999999982,0,0,2022,Abu Dhabi Grand Prix,0.0,16,0.0
VER,30,0 days 00:01:29.936000,HARD,10.0,True,0 days 01:47:58.356000,28.1,1,32.8,0 days 00:00:18.341000,0 days 00:00:38.476000,0 days 00:00:33.119000,1,89.936,6478.356,2.342999999999847,True,False,False,10.0,0.0,0.0,18.341,38.476,33.119,0,0,0,0.0,90.6038,0.2546521156400945,-2.6224011464480284,1,1,90.271,90.063,-0.2079999999999984,0.0,-0.33499999999999375,-0.20699999999999838,0.0,-0.054999999999999716,0.133456734562179,-0.20699999999999838,0,0,2022,Abu Dhabi Grand Prix,0.0,16,0.0
VER,31,0 days 00:01:30.063000,HARD,11.0,True,0 days 01:49:28.419000,28.1,1,32.9,0 days 00:00:18.278000,0 days 00:00:38.506000,0 days 00:00:33.279000,1,90.063,6568.419,2.42200000000048,True,False,False,11.0,0.0,0.0,18.278,38.506,33.279,0,0,0,0.0,90.4304,0.3589321662932419,-1.0235917382223232,0,1,89.936,89.924,-0.012000000000000455,0.0,0.12699999999999534,-0.22466666666666413,0.0,0.1600000000000037,0.11940979859291274,-0.22466666666666413,0,0,2022,Abu Dhabi Grand Prix,0.0,16,0.0
VER,32,0 days 00:01:29.924000,HARD,12.0,True,0 days 01:50:58.343000,28.1,1,32.9,0 days 00:00:18.409000,0 days 00:00:38.465000,0 days 00:00:33.050000,1,89.924,6658.343,2.83600000000024,True,False,False,12.0,0.0,0.0,18.409,38.465,33.05,0,0,0,0.0,90.2646,0.2737650452485578,-1.2441325359516078,0,0,90.063,89.808,-0.25499999999999545,0.12699999999999534,-0.1389999999999958,-0.12666666666666515,0.0,-0.06900000000000261,0.1489372351025773,-0.12666666666666515,0,0,2022,Abu Dhabi Grand Prix,0.0,16,0.0
VER,33,0 days 00:01:29.808000,HARD,13.0,True,0 days 01:52:28.151000,28.1,1,32.9,0 days 00:00:18.267000,0 days 00:00:38.442000,0 days 00:00:33.099000,1,89.808,6748.151,4.835000000000036,True,False,False,13.0,0.0,0.0,18.267,38.442,33.099,0,0,0,0.0,90.1274,0.22493176743166055,-1.4199861746830782,0,0,89.924,89.891,-0.03300000000000125,0.0,-0.11599999999999966,-0.11566666666666474,0.0,0.04899999999999949,0.1486361328883405,-0.11566666666666474,0,0,2022,Abu Dhabi Grand Prix,0.0,16,0.0
VER,34,0 days 00:01:29.891000,HARD,14.0,True,0 days 01:53:58.042000,28.0,1,32.7,0 days 00:00:18.270000,0 days 00:00:38.408000,0 days 00:00:33.213000,1,89.891,6838.042,5.113999999999578,True,False,False,14.0,0.0,0.0,18.27,38.408,33.213,0,0,0,0.0,90.00040000000001,0.1761712235296113,-0.6209867752982923,0,0,89.808,90.109,0.3009999999999877,0.0,0.08299999999999841,-0.04266666666666671,0.0,0.1630000000000038,0.15449498373733833,-0.04266666666666671,0,0,2022,Abu Dhabi Grand Prix,0.0,16,0.0
VER,35,0 days 00:01:30.109000,HARD,15.0,True,0 days 01:55:28.151000,28.0,1,32.7,0 days 00:00:18.306000,0 days 00:00:38.543000,0 days 00:00:33.260000,1,90.109,6928.151,5.0219999999999345,True,False,False,15.0,0.0,0.0,18.306,38.543,33.26,0,0,0,0.0,89.9244,0.09220791723011133,2.001997285540099,0,0,89.891,89.886,-0.005000000000009663,0.08299999999999841,0.2179999999999893,-0.05733333333333235,0.0,0.21000000000000085,0.11186509732709568,-0.05733333333333235,0,0,2022,Abu Dhabi Grand Prix,0.0,16,0.0
VER,36,0 days 00:01:29.886000,HARD,16.0,True,0 days 01:56:58.037000,28.0,1,32.6,0 days 00:00:18.396000,0 days 00:00:38.254000,0 days 00:00:33.236000,1,89.886,7018.037,5.278999999999542,True,False,False,16.0,0.0,0.0,18.396,38.254,33.236,0,0,0,0.0,89.95900000000002,0.12446485447674309,-0.5865109496726415,0,0,90.109,90.116,0.007000000000005002,0.3009999999999877,-0.22299999999999898,0.061666666666662685,0.0,0.13700000000000045,0.11269117090526894,0.061666666666662685,0,0,2022,Abu Dhabi Grand Prix,0.0,16,0.0
VER,37,0 days 00:01:30.116000,HARD,17.0,True,0 days 01:58:28.153000,28.0,1,32.6,0 days 00:00:18.336000,0 days 00:00:38.508000,0 days 00:00:33.272000,1,90.116,7108.153,5.393000000000029,True,False,False,17.0,0.0,0.0,18.336,38.508,33.272,0,0,0,0.0,89.9236,0.11204151016437743,1.7172206954166722,0,0,89.886,90.16,0.2740000000000009,0.07799999999998875,0.23000000000000398,0.02599999999999625,0.0,0.0589999999999975,0.11020435563080272,0.02599999999999625,0,0,2022,Abu Dhabi Grand Prix,0.0,16,0.0
VER,38,0 days 00:01:30.160000,HARD,18.0,True,0 days 01:59:58.313000,28.0,1,32.6,0 days 00:00:18.375000,0 days 00:00:38.554000,0 days 00:00:33.231000,1,90.16,7198.313,5.644999999999527,True,False,False,18.0,0.0,0.0,18.375,38.554,33.231,0,0,0,0.0,89.962,0.14129578903816256,1.4013156467565746,0,0,90.116,90.027,-0.08899999999999864,0.3079999999999927,0.04399999999999693,0.07499999999999811,0.0,-0.0049999999999954525,0.06880261622932839,0.07499999999999811,0,0,2022,Abu Dhabi Grand Prix,0.0,16,0.0
VER,39,0 days 00:01:30.027000,HARD,19.0,True,0 days 02:01:28.340000,28.0,1,32.6,0 days 00:00:18.346000,0 days 00:00:38.547000,0 days 00:00:33.134000,12,90.027,7288.34,6.912999999999556,True,False,False,19.0,0.0,0.0,18.346,38.547,33.134,0,0,1,0.0,90.0324,0.13282055563775755,-0.040656357549971246,0,0,90.16,90.019,-0.14099999999999113,0.2740000000000009,-0.13299999999999557,0.017000000000000643,0.0,-0.09700000000000131,0.0856224269686393,0.017000000000000643,0,0,2022,Abu Dhabi Grand Prix,0.0,16,0.0
VER,40,0 days 00:01:30.019000,HARD,20.0,True,0 days 02:02:58.359000,28.0,1,32.7,0 days 00:00:18.369000,0 days 00:00:38.540000,0 days 00:00:33.110000,1,90.019,7378.359,7.2059999999992215,True,False,False,20.0,0.0,0.0,18.369,38.54,33.11,0,0,0,0.0,90.0596,0.1082834244006224,-0.3749419657230972,0,0,90.027,90.048,0.021000000000000796,0.14100000000000534,-0.007999999999995566,0.04700000000000178,0.0,-0.02400000000000091,0.11968792754492855,0.04700000000000178,0,0,2022,Abu Dhabi Grand Prix,0.0,16,0.0
VER,41,0 days 00:01:30.048000,HARD,21.0,True,0 days 02:04:28.407000,28.0,1,32.4,0 days 00:00:18.276000,0 days 00:00:38.461000,0 days 00:00:33.311000,1,90.048,7468.407,7.213999999999942,True,False,False,21.0,0.0,0.0,18.276,38.461,33.311,0,0,0,0.0,90.04159999999999,0.1054623155441039,0.06068518377388606,0,0,90.019,89.885,-0.13400000000000034,0.13300000000000978,0.028999999999996362,-0.0323333333333314,0.0,0.2010000000000005,0.08843076387773684,-0.0323333333333314,0,0,2022,Abu Dhabi Grand Prix,0.0,16,0.0
VER,42,0 days 00:01:29.885000,HARD,22.0,True,0 days 02:05:58.292000,28.0,1,32.4,0 days 00:00:18.327000,0 days 00:00:38.450000,0 days 00:00:33.108000,1,89.885,7558.292,7.463999999999942,True,False,False,22.0,0.0,0.0,18.327,38.45,33.108,0,0,0,0.0,90.074,0.06137996415709089,-3.079180683720859,1,0,90.048,89.897,-0.15099999999999625,0.028999999999996362,-0.1629999999999967,-0.03733333333333159,0.0,-0.0020000000000024443,0.11213919921240771,-0.03733333333333159,0,0,2022,Abu Dhabi Grand Prix,0.0,16,0.0
VER,43,0 days 00:01:29.897000,HARD,23.0,True,0 days 02:07:28.189000,28.0,1,32.4,0 days 00:00:18.228000,0 days 00:00:38.465000,0 days 00:00:33.204000,1,89.897,7648.189,7.380000000000109,True,False,False,23.0,0.0,0.0,18.228,38.465,33.204,0,0,0,0.0,90.0278,0.09792190766076497,-1.3357582907098746,0,1,89.885,89.883,-0.0020000000000095497,0.0,0.012000000000000455,-0.04733333333333197,0.0,0.09600000000000364,0.11107339915569407,-0.04733333333333197,0,0,2022,Abu Dhabi Grand Prix,0.0,16,0.0
VER,44,0 days 00:01:29.883000,HARD,24.0,True,0 days 02:08:58.072000,28.0,1,32.4,0 days 00:00:18.338000,0 days 00:00:38.442000,0 days 00:00:33.103000,1,89.883,7738.072,7.454999999999927,True,False,False,24.0,0.0,0.0,18.338,38.442,33.103,0,0,0,0.0,89.9752,0.07770585563470427,-1.1865257675488214,0,0,89.897,89.929,0.031999999999996476,0.012000000000000455,-0.014000000000010004,-0.04066666666666663,0.0,-0.0049999999999954525,0.11570522892246633,-0.04066666666666663,0,0,2022,Abu Dhabi Grand Prix,0.0,16,0.0
VER,45,0 days 00:01:29.929000,HARD,25.0,True,0 days 02:10:28.001000,28.0,1,32.3,0 days 00:00:18.228000,0 days 00:00:38.538000,0 days 00:00:33.163000,1,89.929,7828.001,7.378999999999905,True,False,False,25.0,0.0,0.0,18.228,38.538,33.163,0,0,0,0.0,89.94640000000001,0.08034799312939053,-0.21655799133636894,0,0,89.883,89.725,-0.15800000000000125,0.0,0.04600000000000648,-0.05500000000000208,0.0,0.05999999999999517,0.09496157117487113,-0.05500000000000208,0,0,2022,Abu Dhabi Grand Prix,0.0,16,0.0
VER,46,0 days 00:01:29.725000,HARD,26.0,True,0 days 02:11:57.726000,28.0,1,32.1,0 days 00:00:18.246000,0 days 00:00:38.385000,0 days 00:00:33.094000,1,89.725,7917.726,7.813000000000102,True,False,False,26.0,0.0,0.0,18.246,38.385,33.094,0,0,0,0.0,89.9284,0.06934551175036181,-2.9331386396314363,1,0,89.929,90.019,0.09000000000000341,0.04600000000000648,-0.20400000000000773,0.014666666666665643,0.0,-0.009000000000000341,0.08477322690566905,0.014666666666665643,0,0,2022,Abu Dhabi Grand Prix,0.0,16,0.0
VER,47,0 days 00:01:30.019000,HARD,27.0,True,0 days 02:13:27.745000,28.0,1,32.0,0 days 00:00:18.214000,0 days 00:00:38.570000,0 days 00:00:33.235000,1,90.019,8007.745,8.009000000000015,True,False,False,27.0,0.0,0.0,18.214,38.57,33.235,0,0,0,0.0,89.8638,0.07974459229262817,1.9462134740182868,0,1,89.725,89.971,0.24600000000000932,0.0,0.29400000000001114,-0.05733333333333709,0.0,0.14099999999999824,0.04744997365647365,-0.05733333333333709,0,0,2022,Abu Dhabi Grand Prix,0.0,16,0.0
VER,48,0 days 00:01:29.971000,HARD,28.0,True,0 days 02:14:57.716000,28.0,1,32.1,0 days 00:00:18.256000,0 days 00:00:38.611000,0 days 00:00:33.104000,1,89.971,8097.716,7.756999999999607,True,False,False,28.0,0.0,0.0,18.256,38.611,33.104,0,0,0,0.0,89.8906,0.1066339533165642,0.7539812367390516,0,0,90.019,89.959,-0.060000000000002274,0.29400000000001114,-0.04800000000000182,0.04533333333333663,0.0,0.00999999999999801,0.06477885457462094,0.04533333333333663,0,0,2022,Abu Dhabi Grand Prix,0.0,16,0.0
VER,49,0 days 00:01:29.959000,HARD,29.0,True,0 days 02:16:27.675000,28.0,1,32.3,0 days 00:00:18.345000,0 days 00:00:38.509000,0 days 00:00:33.105000,1,89.959,8187.675,7.6729999999997744,True,False,False,29.0,0.0,0.0,18.345,38.509,33.105,0,0,0,0.0,89.90540000000001,0.11270669900196849,0.47557066682480525,0,0,89.971,89.803,-0.16800000000000637,0.24600000000000932,-0.012000000000000455,0.014000000000000531,0.0,0.01099999999999568,0.06309754353380032,0.014000000000000531,0,0,2022,Abu Dhabi Grand Prix,0.0,16,0.0
VER,50,0 days 00:01:29.803000,HARD,30.0,True,0 days 02:17:57.478000,28.0,1,31.9,0 days 00:00:18.230000,0 days 00:00:38.483000,0 days 00:00:33.090000,1,89.803,8277.478,7.606000000001586,True,False,False,30.0,0.0,0.0,18.23,38.483,33.09,0,0,0,0.0,89.92060000000001,0.11404735858370942,-1.0311505804292094,0,0,89.959,89.666,-0.29300000000000637,0.23400000000000887,-0.1560000000000059,0.07800000000000296,0.0,-0.013999999999995794,0.0606407453780048,0.07800000000000296,0,0,2022,Abu Dhabi Grand Prix,0.0,16,0.0
VER,51,0 days 00:01:29.666000,HARD,31.0,True,0 days 02:19:27.144000,28.0,1,32.0,0 days 00:00:18.161000,0 days 00:00:38.368000,0 days 00:00:33.137000,1,89.666,8367.144,7.721999999999753,True,False,False,31.0,0.0,0.0,18.161,38.368,33.137,0,0,0,0.0,89.89540000000001,0.12511115058187045,-1.8335695813931254,1,0,89.803,90.461,0.6580000000000013,0.07800000000000296,-0.13700000000000045,-0.07200000000000273,0.0,0.046999999999997044,0.06425496089797193,-0.07200000000000273,0,0,2022,Abu Dhabi Grand Prix,0.0,16,0.0
VER,52,0 days 00:01:30.461000,HARD,32.0,True,0 days 02:20:57.605000,27.9,1,32.0,0 days 00:00:18.266000,0 days 00:00:38.527000,0 days 00:00:33.668000,1,90.461,8457.605,6.988000000001193,True,False,False,32.0,0.0,0.0,18.266,38.527,33.668,0,0,0,0.0,89.8836,0.14620465108852987,3.9492587664011447,0,1,89.666,90.065,0.3990000000000009,0.0,0.7950000000000017,-0.10166666666666895,0.0,0.5779999999999959,0.06103687410082454,-0.10166666666666895,0,0,2022,Abu Dhabi Grand Prix,0.0,16,0.0
VER,53,0 days 00:01:30.065000,HARD,33.0,True,0 days 02:22:27.670000,27.9,1,32.1,0 days 00:00:18.177000,0 days 00:00:38.515000,0 days 00:00:33.373000,1,90.065,8547.67,6.80199999999968,True,False,False,33.0,0.0,0.0,18.177,38.515,33.373,0,0,0,0.0,89.97200000000001,0.30061936065383804,0.30936131258385063,0,0,90.461,89.392,-1.0690000000000026,0.7950000000000017,-0.3960000000000008,0.16733333333333178,0.0,0.28299999999999415,0.2533896209397679,0.16733333333333178,0,0,2022,Abu Dhabi Grand Prix,0.0,16,0.0
VER,54,0 days 00:01:29.392000,HARD,34.0,True,0 days 02:23:57.062000,27.9,1,31.9,0 days 00:00:18.116000,0 days 00:00:38.349000,0 days 00:00:32.927000,1,89.392,8637.062,7.5049999999992,True,False,False,34.0,0.0,0.0,18.116,38.349,32.927,0,0,0,0.0,89.9908,0.3034669669007209,-1.9731966418469997,1,0,90.065,89.715,-0.3499999999999943,0.3990000000000009,-0.6730000000000018,0.08733333333333348,0.0,-0.21000000000000085,0.2514428364459784,0.08733333333333348,0,0,2022,Abu Dhabi Grand Prix,0.0,16,0.0
VER,55,0 days 00:01:29.715000,HARD,35.0,True,0 days 02:25:26.777000,27.9,1,31.9,0 days 00:00:18.077000,0 days 00:00:38.477000,0 days 00:00:33.161000,1,89.715,8726.777,7.941000000000713,True,False,False,35.0,0.0,0.0,18.077,38.477,33.161,0,0,0,0.0,89.8774,0.40670050405663194,-0.39931103694274556,0,1,89.392,89.844,0.4519999999999982,0.0,0.3230000000000075,-0.09133333333333364,0.0,0.23400000000000176,0.30294669498114457,-0.09133333333333364,0,0,2022,Abu Dhabi Grand Prix,0.0,16,0.0
VER,56,0 days 00:01:29.844000,HARD,36.0,True,0 days 02:26:56.621000,27.9,1,31.9,0 days 00:00:18.164000,0 days 00:00:38.419000,0 days 00:00:33.261000,1,89.844,8816.621,8.130000000001019,True,False,False,36.0,0.0,0.0,18.164,38.419,33.261,0,0,0,0.0,89.85979999999999,0.4125865969707658,-0.038294990957057747,0,0,89.715,89.891,0.17600000000000193,0.3230000000000075,0.12899999999999068,-0.24866666666666504,0.0,0.3340000000000032,0.29219565362954897,-0.24866666666666504,0,0,2022,Abu Dhabi Grand Prix,0.0,16,0.0
VER,57,0 days 00:01:29.891000,HARD,37.0,True,0 days 02:28:26.512000,27.9,1,32.0,0 days 00:00:18.164000,0 days 00:00:38.604000,0 days 00:00:33.123000,1,89.891,8906.512,8.067999999999302,True,False,False,37.0,0.0,0.0,18.164,38.604,33.123,0,0,0,0.0,89.8954,0.39914446006417104,-0.011023577777535359,0,0,89.844,89.797,-0.046999999999997044,0.4519999999999982,0.047000000000011255,-0.07366666666666788,0.0,0.19599999999999795,0.28609124418618537,-0.07366666666666788,0,0,2022,Abu Dhabi Grand Prix,0.0,16,0.0
VET,2,0 days 00:01:32.324000,MEDIUM,2.0,True,0 days 01:05:20.174000,28.7,9,34.9,0 days 00:00:18.564000,0 days 00:00:39.248000,0 days 00:00:34.512000,1,92.324,3920.174,0.7429999999999382,False,True,False,2.0,0.0,0.0,18.564,39.248,34.512,0,0,0,0.0,89.72779999999999,0.19865220864594274,13.069071910633575,0,0,92.324,91.488,-0.8359999999999985,2.932000000000002,0.0,0.02733333333333121,0.0,1.607999999999997,0.2618892895862672,0.0,0,1,2022,Abu Dhabi Grand Prix,0.0,16,0.0
VET,3,0 days 00:01:31.488000,MEDIUM,3.0,True,0 days 01:06:51.662000,28.6,9,34.4,0 days 00:00:18.647000,0 days 00:00:38.406000,0 days 00:00:34.435000,1,91.488,4011.662,0.7940000000003238,False,True,False,3.0,0.0,0.0,18.647,38.406,34.435,0,0,0,0.0,,,0.0,0,0,92.324,91.439,-0.8850000000000051,0.0,-0.8359999999999985,0.0,0.0,0.0,0.0,0.0,0,1,2022,Abu Dhabi Grand Prix,0.0,16,0.0
VET,4,0 days 00:01:31.439000,MEDIUM,4.0,True,0 days 01:08:23.101000,28.7,9,34.0,0 days 00:00:18.522000,0 days 00:00:38.473000,0 days 00:00:34.444000,1,91.439,4103.101,0.9729999999999563,False,True,False,4.0,0.0,0.0,18.522,38.473,34.444,0,0,0,0.0,,,0.0,0,0,91.488,91.786,0.2980000000000018,0.0,-0.049000000000006594,-0.41799999999999926,0.0,0.009000000000000341,0.0,0.0,0,1,2022,Abu Dhabi Grand Prix,0.0,16,0.0
VET,5,0 days 00:01:31.786000,MEDIUM,5.0,True,0 days 01:09:54.887000,28.5,9,34.0,0 days 00:00:18.622000,0 days 00:00:38.639000,0 days 00:00:34.525000,1,91.786,4194.887,0.8250000000007276,False,True,False,5.0,0.0,0.0,18.622,38.639,34.525,0,0,0,0.0,91.75033333333333,0.4974136440964789,0.07170423869545732,0,0,91.439,91.965,0.5260000000000105,0.0,0.3470000000000084,-0.2950000000000017,0.0,0.0899999999999963,0.925792093290927,-0.44250000000000256,0,1,2022,Abu Dhabi Grand Prix,0.0,16,0.0
VET,6,0 days 00:01:31.965000,MEDIUM,6.0,True,0 days 01:11:26.852000,28.6,9,34.2,0 days 00:00:18.710000,0 days 00:00:38.640000,0 days 00:00:34.615000,1,91.965,4286.852,0.8950000000004366,False,True,False,6.0,0.0,0.0,18.71,38.64,34.615,0,0,0,0.0,91.75925,0.40652787932277207,0.5061153501766334,0,0,91.786,91.688,-0.09799999999999898,0.3470000000000084,0.17900000000000205,-0.17933333333333223,0.0,0.17999999999999972,0.7885393141752657,-0.17933333333333223,0,1,2022,Abu Dhabi Grand Prix,0.0,16,0.0
VET,7,0 days 00:01:31.688000,MEDIUM,7.0,True,0 days 01:12:58.540000,28.5,9,34.0,0 days 00:00:18.551000,0 days 00:00:38.437000,0 days 00:00:34.700000,1,91.688,4378.54,1.0429999999996653,False,True,False,7.0,0.0,0.0,18.551,38.437,34.7,0,0,0,0.0,91.8004,0.36388913146726914,-0.3088852902717264,0,0,91.965,92.654,0.688999999999993,0.5260000000000105,-0.277000000000001,0.15900000000000128,0.0,0.2560000000000002,0.6917534242777542,0.15900000000000128,0,0,2022,Abu Dhabi Grand Prix,0.0,16,0.0
VET,8,0 days 00:01:32.654000,MEDIUM,8.0,True,0 days 01:14:31.194000,28.5,9,34.1,0 days 00:00:18.562000,0 days 00:00:38.684000,0 days 00:00:35.408000,1,92.654,4471.194,0.9159999999992579,False,True,False,8.0,0.0,0.0,18.562,38.684,35.408,0,0,0,0.0,91.6732,0.21635549449922317,4.533279833129099,0,0,91.688,92.681,0.992999999999995,0.24900000000000944,0.965999999999994,0.08300000000000314,0.0,0.8830000000000027,0.11053506231056259,0.08300000000000314,0,1,2022,Abu Dhabi Grand Prix,0.0,16,0.0
VET,9,0 days 00:01:32.681000,MEDIUM,9.0,True,0 days 01:16:03.875000,28.5,9,34.0,0 days 00:00:18.718000,0 days 00:00:38.960000,0 days 00:00:35.003000,1,92.681,4563.875,0.6869999999998981,False,True,False,9.0,0.0,0.0,18.718,38.96,35.003,0,0,0,0.0,91.90639999999999,0.45907439484249735,1.6873082199798186,0,0,92.654,92.511,-0.14300000000000068,1.2150000000000034,0.027000000000001023,0.28933333333333167,0.0,0.3879999999999981,0.34772877361530075,0.28933333333333167,0,1,2022,Abu Dhabi Grand Prix,0.0,16,0.0
VET,10,0 days 00:01:32.511000,MEDIUM,10.0,True,0 days 01:17:36.386000,28.5,9,34.0,0 days 00:00:18.679000,0 days 00:00:38.787000,0 days 00:00:35.045000,1,92.511,4656.386,0.7379999999993743,False,True,False,10.0,0.0,0.0,18.679,38.787,35.045,0,0,0,0.0,92.1548,0.47854644497687704,0.7443373652419725,0,0,92.681,92.485,-0.19599999999999795,0.992999999999995,-0.1700000000000017,0.23866666666666467,0.0,0.34499999999999886,0.3124208699815061,0.23866666666666467,0,1,2022,Abu Dhabi Grand Prix,0.0,16,0.0
VET,11,0 days 00:01:32.485000,MEDIUM,11.0,True,0 days 01:19:08.871000,28.5,9,33.9,0 days 00:00:18.727000,0 days 00:00:38.972000,0 days 00:00:34.786000,1,92.485,4748.871,0.9039999999995416,False,True,False,11.0,0.0,0.0,18.727,38.972,34.786,0,0,0,0.0,92.2998,0.44770715875448125,0.4136632537107962,0,0,92.511,92.607,0.09600000000000364,0.8229999999999933,-0.02599999999999625,0.2743333333333311,0.0,-0.21699999999999875,0.2761581068880663,0.2743333333333311,0,1,2022,Abu Dhabi Grand Prix,0.0,16,0.0
VET,12,0 days 00:01:32.607000,MEDIUM,12.0,True,0 days 01:20:41.478000,28.5,9,33.9,0 days 00:00:18.623000,0 days 00:00:38.655000,0 days 00:00:35.329000,1,92.607,4841.478,0.7240000000001601,False,True,False,12.0,0.0,0.0,18.623,38.655,35.329,0,0,0,0.0,92.4038,0.4092355067684302,0.49653560514478534,0,0,92.485,92.744,0.25900000000000034,0.796999999999997,0.12199999999999989,-0.05633333333333231,0.0,0.5429999999999993,0.39181564542524366,-0.05633333333333231,0,1,2022,Abu Dhabi Grand Prix,0.0,16,0.0
VET,13,0 days 00:01:32.744000,MEDIUM,13.0,True,0 days 01:22:14.222000,28.4,9,33.9,0 days 00:00:18.689000,0 days 00:00:39.032000,0 days 00:00:35.023000,1,92.744,4934.222,0.5460000000002765,False,True,False,13.0,0.0,0.0,18.689,39.032,35.023,0,0,0,0.0,92.5876,0.08646270872473837,1.8088723139349951,0,0,92.607,92.675,0.06799999999999784,0.12199999999999989,0.13700000000000045,-0.02466666666666602,0.0,0.23700000000000188,0.3990373416110329,-0.02466666666666602,0,1,2022,Abu Dhabi Grand Prix,0.0,16,0.0
VET,14,0 days 00:01:32.675000,MEDIUM,14.0,True,0 days 01:23:46.897000,28.4,8,33.7,0 days 00:00:18.727000,0 days 00:00:38.925000,0 days 00:00:35.023000,1,92.675,5026.897,0.76299999999992,False,True,False,14.0,0.0,0.0,18.727,38.925,35.023,0,0,0,0.0,92.60560000000001,0.10992633897305591,0.6313318595736926,0,0,92.744,92.279,-0.4650000000000034,0.25900000000000034,-0.06900000000000261,0.07766666666666804,0.0,0.23700000000000188,0.2879899303795175,0.07766666666666804,0,1,2022,Abu Dhabi Grand Prix,0.0,16,0.0
VET,15,0 days 00:01:32.279000,MEDIUM,15.0,True,0 days 01:25:19.176000,28.4,8,33.3,0 days 00:00:18.619000,0 days 00:00:39.412000,0 days 00:00:34.248000,1,92.279,5119.176,0.7109999999993306,False,True,False,15.0,0.0,0.0,18.619,39.412,34.248,0,0,0,0.0,92.6044,0.10892566272471843,-2.9873584595245166,1,0,92.675,93.198,0.5229999999999961,0.18999999999999773,-0.3960000000000008,0.06333333333333258,0.0,-0.7750000000000057,0.2788799024669929,0.06333333333333258,0,1,2022,Abu Dhabi Grand Prix,0.0,16,0.0
VET,16,0 days 00:01:33.198000,MEDIUM,16.0,True,0 days 01:26:52.374000,28.4,5,33.6,0 days 00:00:18.708000,0 days 00:00:39.878000,0 days 00:00:34.612000,1,93.198,5212.374,1.3010000000003856,False,True,False,16.0,0.0,0.0,18.708,39.878,34.612,0,0,0,0.0,92.55799999999999,0.1829316812365165,3.4985738701681206,0,1,92.279,92.983,0.7040000000000077,0.0,0.9189999999999969,-0.10933333333333432,0.0,0.3640000000000043,0.5135114409631027,-0.10933333333333432,0,0,2022,Abu Dhabi Grand Prix,0.0,16,0.0
VET,17,0 days 00:01:32.983000,MEDIUM,17.0,True,0 days 01:28:25.357000,28.4,6,33.4,0 days 00:00:18.718000,0 days 00:00:39.524000,0 days 00:00:34.741000,1,92.983,5305.357,0.7569999999996071,False,True,False,17.0,0.0,0.0,18.718,39.524,34.741,0,0,0,0.0,92.70059999999998,0.3303230237207504,0.8549207282588943,0,0,93.198,92.365,-0.8329999999999984,0.9189999999999969,-0.2149999999999892,0.15133333333333118,0.0,0.4930000000000021,0.5164447695543087,0.15133333333333118,0,1,2022,Abu Dhabi Grand Prix,0.0,16,0.0
VET,18,0 days 00:01:32.365000,MEDIUM,18.0,True,0 days 01:29:57.722000,28.3,5,33.3,0 days 00:00:18.669000,0 days 00:00:39.414000,0 days 00:00:34.282000,1,92.365,5397.722,0.9329999999999927,False,True,False,18.0,0.0,0.0,18.669,39.414,34.282,0,0,0,0.0,92.7758,0.3461093757759554,-1.1869080376081151,0,0,92.983,92.689,-0.29400000000001114,0.7040000000000077,-0.6180000000000092,0.10266666666666897,0.0,0.03399999999999892,0.5066262922510079,0.10266666666666897,0,1,2022,Abu Dhabi Grand Prix,0.0,16,0.0
VET,19,0 days 00:01:32.689000,MEDIUM,19.0,True,0 days 01:31:30.411000,28.3,4,33.6,0 days 00:00:18.644000,0 days 00:00:39.514000,0 days 00:00:34.531000,1,92.689,5490.411,0.4790000000002692,False,True,False,19.0,0.0,0.0,18.644,39.514,34.531,0,0,0,0.0,92.69999999999999,0.3931233902987968,-0.02798103667053501,0,0,92.365,93.14,0.7750000000000057,0.08599999999999852,0.32399999999999807,0.028666666666666174,0.0,0.24900000000000233,0.5021387258517347,0.028666666666666174,0,1,2022,Abu Dhabi Grand Prix,0.0,16,0.0
VET,20,0 days 00:01:33.140000,MEDIUM,20.0,True,0 days 01:33:03.551000,28.3,5,33.1,0 days 00:00:18.775000,0 days 00:00:39.499000,0 days 00:00:34.866000,1,93.14,5583.551,0.6669999999994616,False,True,False,20.0,0.0,0.0,18.775,39.499,34.866,0,0,0,0.0,92.7028,0.3929506330317082,1.112607954406134,0,0,92.689,93.542,0.8530000000000086,0.4099999999999966,0.4510000000000076,-0.16966666666666677,0.0,0.5840000000000032,0.5031605111691533,-0.16966666666666677,0,1,2022,Abu Dhabi Grand Prix,0.0,16,0.0
VET,21,0 days 00:01:33.542000,MEDIUM,21.0,True,0 days 01:34:37.093000,28.3,6,33.1,0 days 00:00:18.698000,0 days 00:00:39.716000,0 days 00:00:35.128000,1,93.542,5677.093,3.4030000000002474,False,True,False,21.0,0.0,0.0,18.698,39.716,35.128,0,0,0,0.0,92.875,0.3467398160004519,1.9236325602685684,0,0,93.14,93.03,-0.10999999999999943,0.7750000000000057,0.402000000000001,0.052333333333332156,0.0,0.8460000000000036,0.21524567359182986,0.052333333333332156,0,0,2022,Abu Dhabi Grand Prix,0.0,16,0.0
VET,22,0 days 00:01:33.030000,MEDIUM,22.0,True,0 days 01:36:10.123000,28.2,6,33.0,0 days 00:00:18.733000,0 days 00:00:39.636000,0 days 00:00:34.661000,1,93.03,5770.123,1.167000000000371,False,True,False,22.0,0.0,0.0,18.733,39.636,34.661,0,0,0,0.0,92.94380000000001,0.44660015673982084,0.19301381492843747,0,0,93.542,93.281,-0.2609999999999957,1.1770000000000067,-0.5120000000000005,0.3923333333333356,0.0,0.13000000000000256,0.31212609631365484,0.3923333333333356,0,0,2022,Abu Dhabi Grand Prix,0.0,16,0.0
VET,23,0 days 00:01:33.281000,MEDIUM,23.0,True,0 days 01:37:43.404000,28.2,7,32.9,0 days 00:00:18.705000,0 days 00:00:39.682000,0 days 00:00:34.894000,1,93.281,5863.404,1.1309999999994034,False,True,False,23.0,0.0,0.0,18.705,39.682,34.894,0,0,0,0.0,92.9532,0.44812353207573585,0.7314947253084896,0,0,93.03,93.494,0.46399999999999864,0.6650000000000063,0.2510000000000048,0.1136666666666694,0.0,0.232999999999997,0.33819343577308075,0.1136666666666694,0,0,2022,Abu Dhabi Grand Prix,0.0,16,0.0
VET,24,0 days 00:01:33.494000,MEDIUM,24.0,True,0 days 01:39:16.898000,28.2,8,33.3,0 days 00:00:18.704000,0 days 00:00:39.743000,0 days 00:00:35.047000,1,93.494,5956.898,3.6669999999994616,False,True,False,24.0,0.0,0.0,18.704,39.743,35.047,0,0,0,0.0,93.13640000000001,0.31500841258614176,1.135207777672293,0,0,93.281,90.884,-2.3970000000000056,0.592000000000013,0.21299999999999386,0.04700000000000178,0.0,0.3859999999999957,0.29833253258738096,0.04700000000000178,0,0,2022,Abu Dhabi Grand Prix,0.0,16,0.0
VET,27,0 days 00:01:30.884000,HARD,3.0,True,0 days 01:44:16.759000,28.2,18,32.8,0 days 00:00:18.602000,0 days 00:00:38.375000,0 days 00:00:33.907000,1,90.884,6256.759,1.931999999999789,True,False,False,3.0,0.0,0.0,18.602,38.375,33.907,0,0,0,0.0,93.2974,0.2208094200890112,-10.929787320790583,1,0,93.494,90.735,-2.7590000000000003,0.46399999999999864,-2.6099999999999994,-0.016000000000000607,0.0,-0.7540000000000049,0.28607201890433276,-0.016000000000000607,0,0,2022,Abu Dhabi Grand Prix,0.0,16,0.0
VET,28,0 days 00:01:30.735000,HARD,4.0,True,0 days 01:45:47.494000,28.1,16,32.5,0 days 00:00:18.468000,0 days 00:00:38.373000,0 days 00:00:33.894000,1,90.735,6347.494,1.0670000000000073,True,False,False,4.0,0.0,0.0,18.468,38.373,33.894,0,0,0,0.0,92.8462,1.1154421544840531,-1.8927023615819238,1,1,90.884,92.02,1.1359999999999957,0.0,-0.1490000000000009,-0.7153333333333336,0.0,-0.012999999999998124,0.5837295606700099,-0.7153333333333336,0,0,2022,Abu Dhabi Grand Prix,0.0,16,0.0
VET,29,0 days 00:01:32.020000,HARD,5.0,True,0 days 01:47:19.514000,28.1,16,32.8,0 days 00:00:18.559000,0 days 00:00:38.883000,0 days 00:00:34.578000,1,92.02,6439.514,1.0969999999997526,True,False,False,5.0,0.0,0.0,18.559,38.883,34.578,0,0,0,0.0,92.28479999999999,1.3577575998682525,-0.1950274482173315,0,1,90.735,91.568,0.8329999999999984,0.0,1.2849999999999966,-0.8486666666666688,0.0,0.6840000000000046,0.4440735299474634,-0.8486666666666688,0,0,2022,Abu Dhabi Grand Prix,0.0,16,0.0
VET,30,0 days 00:01:31.568000,HARD,6.0,True,0 days 01:48:51.082000,28.1,15,32.8,0 days 00:00:18.628000,0 days 00:00:39.119000,0 days 00:00:33.821000,1,91.568,6531.082,1.8260000000000218,True,False,False,6.0,0.0,0.0,18.628,39.119,33.821,0,0,0,0.0,92.08279999999999,1.2927488928635698,-0.3982211880759455,0,0,92.02,91.034,-0.98599999999999,1.2849999999999966,-0.4519999999999982,-0.49133333333333457,0.0,-0.0730000000000004,0.5436834556982605,-0.49133333333333457,0,0,2022,Abu Dhabi Grand Prix,0.0,16,0.0
VET,31,0 days 00:01:31.034000,HARD,7.0,True,0 days 01:50:22.116000,28.1,15,32.9,0 days 00:00:18.414000,0 days 00:00:38.994000,0 days 00:00:33.626000,1,91.034,6622.116,2.536000000000058,True,False,False,7.0,0.0,0.0,18.414,38.994,33.626,0,0,0,0.0,91.7402,1.1098717042973754,-0.6362897596772848,0,0,91.568,91.363,-0.2049999999999983,0.8329999999999984,-0.5339999999999918,0.22799999999999918,0.0,-0.19500000000000028,0.5432048416573646,0.22799999999999918,0,0,2022,Abu Dhabi Grand Prix,0.0,16,0.0
VET,32,0 days 00:01:31.363000,HARD,8.0,True,0 days 01:51:53.479000,28.1,15,32.9,0 days 00:00:18.579000,0 days 00:00:39.028000,0 days 00:00:33.756000,1,91.363,6713.479,2.84900000000016,True,False,False,8.0,0.0,0.0,18.579,39.028,33.756,0,0,0,0.0,91.2482,0.5338175718351068,0.21505474165144853,0,0,91.034,91.428,0.39399999999999125,0.2990000000000066,0.3289999999999935,0.09966666666666886,0.0,0.13000000000000256,0.5136279782099135,0.09966666666666886,0,0,2022,Abu Dhabi Grand Prix,0.0,16,0.0
VET,33,0 days 00:01:31.428000,HARD,9.0,True,0 days 01:53:24.907000,28.1,15,32.8,0 days 00:00:18.506000,0 days 00:00:39.154000,0 days 00:00:33.768000,1,91.428,6804.907,2.769999999999527,True,False,False,9.0,0.0,0.0,18.506,39.154,33.768,0,0,0,0.0,91.34400000000001,0.4935823132973199,0.1701843800658833,0,0,91.363,91.096,-0.2669999999999959,0.6280000000000001,0.06499999999999773,-0.21899999999999883,0.0,0.142000000000003,0.3433151613313941,-0.21899999999999883,0,0,2022,Abu Dhabi Grand Prix,0.0,16,0.0
VET,34,0 days 00:01:31.096000,HARD,10.0,True,0 days 01:54:56.003000,28.0,14,32.7,0 days 00:00:18.445000,0 days 00:00:38.797000,0 days 00:00:33.854000,1,91.096,6896.003,3.1140000000004875,True,False,False,10.0,0.0,0.0,18.445,38.797,33.854,0,0,0,0.0,91.4826,0.35868481986270406,-1.0778264888600042,0,0,91.428,90.312,-1.1159999999999997,0.39399999999999125,-0.33199999999999363,-0.046666666666666856,0.0,0.22800000000000153,0.3367510950242051,-0.046666666666666856,0,0,2022,Abu Dhabi Grand Prix,0.0,16,0.0
VET,35,0 days 00:01:30.312000,HARD,11.0,True,0 days 01:56:26.315000,28.0,14,32.6,0 days 00:00:18.255000,0 days 00:00:38.838000,0 days 00:00:33.219000,1,90.312,6986.315,4.051000000000386,True,False,False,11.0,0.0,0.0,18.255,38.838,33.219,0,0,0,0.0,91.29780000000001,0.22612209091535526,-4.359591740945949,1,0,91.096,90.786,-0.3100000000000023,0.06199999999999761,-0.784000000000006,0.020666666666665872,0.0,-0.536999999999999,0.17438262528130577,0.020666666666665872,0,0,2022,Abu Dhabi Grand Prix,0.0,16,0.0
VET,36,0 days 00:01:30.786000,HARD,12.0,True,0 days 01:57:57.101000,28.0,13,32.6,0 days 00:00:18.411000,0 days 00:00:38.972000,0 days 00:00:33.403000,1,90.786,7077.101,4.655999999999949,True,False,False,12.0,0.0,0.0,18.411,38.972,33.403,0,0,0,0.0,91.04660000000001,0.4437936457408151,-0.5872098496701027,0,1,90.312,90.622,0.3100000000000023,0.0,0.47400000000000375,-0.350333333333334,0.0,0.1839999999999975,0.318071218440148,-0.350333333333334,0,0,2022,Abu Dhabi Grand Prix,0.0,16,0.0
VET,37,0 days 00:01:30.622000,HARD,13.0,True,0 days 01:59:27.723000,28.0,13,32.5,0 days 00:00:18.365000,0 days 00:00:38.893000,0 days 00:00:33.364000,1,90.622,7167.723,5.44800000000032,True,False,False,13.0,0.0,0.0,18.365,38.893,33.364,0,0,0,0.0,90.997,0.45914703527293066,-0.8167318335772088,0,0,90.786,90.772,-0.013999999999995794,0.47400000000000375,-0.16400000000000148,-0.21399999999999864,0.0,0.14499999999999602,0.31896363429080726,-0.21399999999999864,0,0,2022,Abu Dhabi Grand Prix,0.0,16,0.0
VET,38,0 days 00:01:30.772000,HARD,14.0,True,0 days 02:00:58.495000,28.0,13,32.6,0 days 00:00:18.295000,0 days 00:00:38.918000,0 days 00:00:33.559000,12,90.772,7258.495,5.926000000000386,True,False,False,14.0,0.0,0.0,18.295,38.918,33.559,0,0,1,0.0,90.8488,0.4301502063232314,-0.17854228330250077,0,0,90.622,91.224,0.6020000000000039,0.3100000000000023,0.15000000000000568,-0.15800000000000125,0.0,0.3399999999999963,0.32021445938620496,-0.15800000000000125,0,0,2022,Abu Dhabi Grand Prix,0.0,16,0.0
VET,39,0 days 00:01:31.224000,HARD,15.0,True,0 days 02:02:29.719000,28.0,12,32.7,0 days 00:00:18.297000,0 days 00:00:38.860000,0 days 00:00:34.067000,1,91.224,7349.719,5.993000000000393,True,False,False,15.0,0.0,0.0,18.297,38.86,34.067,0,0,0,0.0,90.71759999999999,0.2848136232695311,1.7780048376435489,0,0,90.772,90.748,-0.02400000000000091,0.46000000000000796,0.4519999999999982,0.15333333333333599,0.0,0.703000000000003,0.34817883336009803,0.15333333333333599,0,0,2022,Abu Dhabi Grand Prix,0.0,16,0.0
VET,40,0 days 00:01:30.748000,HARD,16.0,True,0 days 02:04:00.467000,28.0,12,32.4,0 days 00:00:18.232000,0 days 00:00:38.918000,0 days 00:00:33.598000,1,90.748,7440.467,6.630000000000109,True,False,False,16.0,0.0,0.0,18.232,38.918,33.598,0,0,0,0.0,90.7432,0.32956516806228114,0.014564645979504489,0,0,91.224,91.214,-0.010000000000005116,0.9120000000000061,-0.4759999999999991,0.1460000000000008,0.0,0.23400000000000176,0.4510027716101089,0.1460000000000008,0,0,2022,Abu Dhabi Grand Prix,0.0,16,0.0
VET,41,0 days 00:01:31.214000,HARD,17.0,True,0 days 02:05:31.681000,28.0,11,32.4,0 days 00:00:18.247000,0 days 00:00:38.507000,0 days 00:00:34.460000,1,91.214,7531.681,6.907000000000153,True,False,False,17.0,0.0,0.0,18.247,38.507,34.46,0,0,0,0.0,90.8304,0.22941403618767836,1.6720860082256994,0,0,90.748,91.764,1.0159999999999911,0.12600000000000477,0.465999999999994,0.04200000000000159,0.0,0.9010000000000034,0.22560961858928097,0.04200000000000159,0,0,2022,Abu Dhabi Grand Prix,0.0,16,0.0
VET,42,0 days 00:01:31.764000,HARD,18.0,True,0 days 02:07:03.445000,28.0,11,32.4,0 days 00:00:18.341000,0 days 00:00:38.200000,0 days 00:00:35.223000,1,91.764,7623.445,0.5390000000006694,True,False,False,18.0,0.0,0.0,18.341,38.2,35.223,0,0,0,0.0,90.916,0.282428752077271,3.0025271639765303,0,0,91.214,90.69,-0.5240000000000009,0.5919999999999987,0.5499999999999972,0.147333333333331,0.0,1.625,0.3233130062338996,0.147333333333331,0,1,2022,Abu Dhabi Grand Prix,0.0,16,0.0
VET,43,0 days 00:01:30.690000,HARD,19.0,True,0 days 02:08:34.135000,28.0,10,32.4,0 days 00:00:18.425000,0 days 00:00:38.715000,0 days 00:00:33.550000,1,90.69,7714.135,2.1799999999993815,True,False,False,19.0,0.0,0.0,18.425,38.715,33.55,0,0,0,0.0,91.1444,0.4156017324313438,-1.0933544413823453,0,0,91.764,90.733,-1.0309999999999917,1.0159999999999911,-1.073999999999998,0.17999999999999736,0.0,-0.04800000000000182,0.5532696449291252,0.17999999999999736,0,0,2022,Abu Dhabi Grand Prix,0.0,16,0.0
VET,44,0 days 00:01:30.733000,HARD,20.0,True,0 days 02:10:04.868000,28.0,10,32.3,0 days 00:00:18.287000,0 days 00:00:39.073000,0 days 00:00:33.373000,1,90.733,7804.868,2.8629999999993743,True,False,False,20.0,0.0,0.0,18.287,39.073,33.373,0,0,0,0.0,91.12800000000001,0.4351298656722317,-0.9077749682609698,0,0,90.69,90.614,-0.0759999999999934,0.0,0.043000000000006366,-0.019333333333335645,0.0,-0.1769999999999996,0.6463841736923952,-0.019333333333335645,0,0,2022,Abu Dhabi Grand Prix,0.0,16,0.0
VET,45,0 days 00:01:30.614000,HARD,21.0,True,0 days 02:11:35.482000,28.0,10,32.3,0 days 00:00:18.249000,0 days 00:00:38.914000,0 days 00:00:33.451000,1,90.614,7895.482,2.105999999999767,True,False,False,21.0,0.0,0.0,18.249,38.914,33.451,0,0,0,0.0,91.0298,0.4625864243575737,-0.8988590630981894,0,0,90.733,90.788,0.05499999999999261,0.043000000000006366,-0.11899999999999977,-0.16033333333333152,0.0,0.07800000000000296,0.750927759508197,-0.16033333333333152,0,0,2022,Abu Dhabi Grand Prix,0.0,16,0.0
VET,46,0 days 00:01:30.788000,HARD,22.0,True,0 days 02:13:06.270000,28.0,10,32.0,0 days 00:00:18.284000,0 days 00:00:38.966000,0 days 00:00:33.538000,1,90.788,7986.27,1.194999999999709,True,False,False,22.0,0.0,0.0,18.284,38.966,33.538,0,0,0,0.0,91.003,0.48626947261772824,-0.44214167680030714,0,0,90.614,90.634,0.01999999999999602,0.0,0.17399999999999238,-0.3833333333333305,0.0,0.16499999999999915,0.7681495297141047,-0.3833333333333305,0,0,2022,Abu Dhabi Grand Prix,0.0,16,0.0
VET,47,0 days 00:01:30.634000,HARD,23.0,True,0 days 02:14:36.904000,28.0,10,32.0,0 days 00:00:18.226000,0 days 00:00:39.062000,0 days 00:00:33.346000,1,90.634,8076.904,0.6409999999996217,True,False,False,23.0,0.0,0.0,18.226,39.062,33.346,0,0,0,0.0,90.9178,0.4772946678938685,-0.5946012371190061,0,0,90.788,91.639,0.8509999999999991,0.17399999999999238,-0.15399999999999636,0.03266666666666632,0.0,-0.027000000000001023,0.7361516827393656,0.03266666666666632,0,1,2022,Abu Dhabi Grand Prix,0.0,16,0.0
VET,48,0 days 00:01:31.639000,HARD,24.0,True,0 days 02:16:08.543000,28.0,11,32.3,0 days 00:00:18.155000,0 days 00:00:39.360000,0 days 00:00:34.124000,1,91.639,8168.543,3.068000000000211,True,False,False,24.0,0.0,0.0,18.155,39.36,34.124,0,0,0,0.0,90.6918,0.07132461005785481,13.280128685339825,0,0,90.634,91.374,0.7399999999999949,0.01999999999999602,1.0049999999999955,-0.03300000000000125,0.0,0.7780000000000058,0.13005268163325148,-0.03300000000000125,0,0,2022,Abu Dhabi Grand Prix,0.0,16,0.0
VET,49,0 days 00:01:31.374000,HARD,25.0,True,0 days 02:17:39.917000,28.0,11,31.9,0 days 00:00:18.213000,0 days 00:00:39.147000,0 days 00:00:34.014000,1,91.374,8259.917,1.918999999999869,True,False,False,25.0,0.0,0.0,18.213,39.147,34.014,0,0,0,0.0,90.8816,0.4293638317323826,1.1468129441953006,0,0,91.639,91.437,-0.20199999999999818,1.0249999999999915,-0.26500000000000057,0.34166666666666384,0.0,0.6680000000000064,0.36645368056549993,0.34166666666666384,0,0,2022,Abu Dhabi Grand Prix,0.0,16,0.0
VET,50,0 days 00:01:31.437000,HARD,26.0,True,0 days 02:19:11.354000,28.0,11,32.0,0 days 00:00:18.292000,0 days 00:00:39.097000,0 days 00:00:34.048000,1,91.437,8351.354,1.2420000000001892,True,False,False,26.0,0.0,0.0,18.292,39.097,34.048,0,0,0,0.0,91.0098,0.46787092237060346,0.9130723444736994,0,0,91.374,91.383,0.009000000000000341,0.7599999999999909,0.06300000000000239,0.19533333333333283,0.0,0.7020000000000053,0.3650675279999606,0.19533333333333283,0,0,2022,Abu Dhabi Grand Prix,0.0,16,0.0
VET,51,0 days 00:01:31.383000,HARD,27.0,True,0 days 02:20:42.737000,28.0,11,32.0,0 days 00:00:18.391000,0 days 00:00:38.831000,0 days 00:00:34.161000,1,91.383,8442.737,0.9250000000010914,True,False,False,27.0,0.0,0.0,18.391,38.831,34.161,0,0,0,0.0,91.1744,0.43760404477098325,0.4766866359956959,0,0,91.437,91.116,-0.32099999999999795,0.8029999999999973,-0.054000000000002046,0.2676666666666658,0.0,0.14699999999999847,0.363010605905671,0.2676666666666658,0,1,2022,Abu Dhabi Grand Prix,0.0,16,0.0
VET,52,0 days 00:01:31.116000,HARD,28.0,True,0 days 02:22:13.853000,27.9,11,32.1,0 days 00:00:18.296000,0 days 00:00:38.596000,0 days 00:00:34.224000,1,91.116,8533.853,0.8330000000005384,True,False,False,28.0,0.0,0.0,18.296,38.596,34.224,0,0,0,0.0,91.29339999999999,0.3838597400091948,-0.4621479710160336,0,0,91.383,91.056,-0.3269999999999982,0.7489999999999952,-0.2669999999999959,-0.08533333333333341,0.0,0.20999999999999375,0.36670328605018326,-0.08533333333333341,0,1,2022,Abu Dhabi Grand Prix,0.0,16,0.0
VET,53,0 days 00:01:31.056000,HARD,29.0,True,0 days 02:23:44.909000,27.9,11,31.9,0 days 00:00:18.278000,0 days 00:00:38.450000,0 days 00:00:34.328000,1,91.056,8624.909,1.0950000000011642,True,False,False,29.0,0.0,0.0,18.278,38.45,34.328,0,0,0,0.0,91.3898,0.18680926101221218,-1.7868493145967492,1,0,91.116,90.931,-0.18500000000000227,0.0,-0.060000000000002274,-0.08599999999999852,0.0,0.28000000000000114,0.29791609557055293,-0.08599999999999852,0,0,2022,Abu Dhabi Grand Prix,0.0,16,0.0
VET,54,0 days 00:01:30.931000,HARD,30.0,True,0 days 02:25:15.840000,27.9,11,31.9,0 days 00:00:18.229000,0 days 00:00:38.467000,0 days 00:00:34.235000,1,90.931,8715.84,1.743000000000393,True,False,False,30.0,0.0,0.0,18.229,38.467,34.235,0,0,0,0.0,91.2732,0.173878405789583,-1.9680419684438266,1,1,91.056,91.304,0.24800000000000466,0.0,-0.125,-0.12700000000000009,0.0,0.07399999999999807,0.2634042520537626,-0.12700000000000009,0,0,2022,Abu Dhabi Grand Prix,0.0,16,0.0
VET,55,0 days 00:01:31.304000,HARD,31.0,True,0 days 02:26:47.144000,27.9,11,31.9,0 days 00:00:18.283000,0 days 00:00:38.439000,0 days 00:00:34.582000,1,91.304,8807.144,2.576999999999316,True,False,False,31.0,0.0,0.0,18.283,38.439,34.582,0,0,0,0.0,91.1846,0.21715501375728227,0.5498376387176314,0,1,90.931,91.485,0.554000000000002,0.0,0.37300000000000466,-0.15066666666666606,0.0,0.3580000000000041,0.24651328564603042,-0.15066666666666606,0,0,2022,Abu Dhabi Grand Prix,0.0,16,0.0
VET,56,0 days 00:01:31.485000,HARD,32.0,True,0 days 02:28:18.629000,27.9,10,32.0,0 days 00:00:18.444000,0 days 00:00:38.818000,0 days 00:00:34.223000,1,91.485,8898.629,3.131999999999607,True,False,False,32.0,0.0,0.0,18.444,38.818,34.223,0,0,0,0.0,91.15799999999999,0.18414532304656897,1.775771410264471,0,0,91.304,91.227,-0.07699999999999818,0.37300000000000466,0.18099999999999739,0.06266666666666747,0.0,-0.012000000000000455,0.11090175832690968,0.06266666666666747,0,0,2022,Abu Dhabi Grand Prix,0.0,16,0.0
VET,57,0 days 00:01:31.227000,HARD,33.0,True,0 days 02:29:49.856000,27.9,10,32.0,0 days 00:00:18.427000,0 days 00:00:39.070000,0 days 00:00:33.730000,1,91.227,8989.856,3.543999999999869,True,False,False,33.0,0.0,0.0,18.427,39.07,33.73,0,0,0,0.0,91.1784,0.21786532537310035,0.22307358877223207,0,0,91.485,90.351,-1.1340000000000003,0.554000000000002,-0.25799999999999557,0.14300000000000068,0.0,-0.4930000000000021,0.15055231648832318,0.14300000000000068,0,0,2022,Abu Dhabi Grand Prix,0.0,16,0.0
ZHO,2,0 days 00:01:33.406000,MEDIUM,2.0,True,0 days 01:05:24.365000,28.7,15,34.9,0 days 00:00:18.909000,0 days 00:00:39.729000,0 days 00:00:34.768000,1,93.406,3924.365,0.9950000000003456,False,True,False,2.0,0.0,0.0,18.909,39.729,34.768,0,0,0,0.0,91.0596,0.4436696969592577,5.28861902465129,0,0,93.406,92.436,-0.9699999999999989,3.055000000000007,0.0,-0.31766666666666765,0.0,1.0380000000000038,0.31435759892199383,0.0,0,1,2022,Abu Dhabi Grand Prix,0.0,16,0.0
ZHO,3,0 days 00:01:32.436000,MEDIUM,3.0,True,0 days 01:06:56.801000,28.7,15,34.3,0 days 00:00:18.734000,0 days 00:00:38.949000,0 days 00:00:34.753000,1,92.436,4016.801,0.9149999999999636,False,True,False,3.0,0.0,0.0,18.734,38.949,34.753,0,0,0,0.0,,,0.0,0,0,93.406,92.818,-0.5880000000000081,0.0,-0.9699999999999989,0.0,0.0,0.0,0.0,0.0,0,1,2022,Abu Dhabi Grand Prix,0.0,16,0.0
ZHO,4,0 days 00:01:32.818000,MEDIUM,4.0,True,0 days 01:08:29.619000,28.7,14,34.0,0 days 00:00:18.735000,0 days 00:00:39.218000,0 days 00:00:34.865000,1,92.818,4109.619,0.6240000000007058,False,True,False,4.0,0.0,0.0,18.735,39.218,34.865,0,0,0,0.0,,,0.0,0,0,92.436,92.456,0.01999999999999602,0.0,0.3819999999999908,-0.48499999999999943,0.0,0.11200000000000188,0.0,0.0,0,1,2022,Abu Dhabi Grand Prix,0.0,16,0.0
ZHO,5,0 days 00:01:32.456000,MEDIUM,5.0,True,0 days 01:10:02.075000,28.5,14,34.0,0 days 00:00:18.746000,0 days 00:00:39.583000,0 days 00:00:34.127000,1,92.456,4202.075,1.430000000000291,False,True,False,5.0,0.0,0.0,18.746,39.583,34.127,0,0,0,0.0,92.88666666666667,0.488632104280238,-0.8813720238481777,0,0,92.818,92.254,-0.563999999999993,0.3819999999999908,-0.36199999999999477,-0.1960000000000027,0.0,-0.6259999999999977,0.5697168887555777,-0.29400000000000404,0,0,2022,Abu Dhabi Grand Prix,0.0,16,0.0
ZHO,6,0 days 00:01:32.254000,MEDIUM,6.0,True,0 days 01:11:34.329000,28.6,14,34.2,0 days 00:00:18.664000,0 days 00:00:39.505000,0 days 00:00:34.085000,1,92.254,4294.329,1.4780000000000655,False,True,False,6.0,0.0,0.0,18.664,39.505,34.085,0,0,0,0.0,92.779,0.4533681359189966,-1.1579993352108746,0,0,92.456,91.937,-0.5190000000000055,0.01999999999999602,-0.20199999999999818,-0.3166666666666676,0.0,-0.04200000000000159,0.6863478224146518,-0.3166666666666676,0,0,2022,Abu Dhabi Grand Prix,0.0,16,0.0
ZHO,7,0 days 00:01:31.937000,MEDIUM,7.0,True,0 days 01:13:06.266000,28.5,14,34.0,0 days 00:00:18.622000,0 days 00:00:39.332000,0 days 00:00:33.983000,1,91.937,4386.266,1.5280000000002474,False,True,False,7.0,0.0,0.0,18.622,39.332,33.983,0,0,0,0.0,92.674,0.45747349650006697,-1.6110222901183984,1,0,92.254,92.084,-0.1700000000000017,0.0,-0.3170000000000073,-0.06066666666666739,0.0,-0.10200000000000387,0.5994087086454458,-0.06066666666666739,0,0,2022,Abu Dhabi Grand Prix,0.0,16,0.0
ZHO,8,0 days 00:01:32.084000,MEDIUM,8.0,True,0 days 01:14:38.350000,28.5,14,34.1,0 days 00:00:18.562000,0 days 00:00:39.497000,0 days 00:00:34.025000,1,92.084,4478.35,1.7469999999993888,False,True,False,8.0,0.0,0.0,18.562,39.497,34.025,0,0,0,0.0,92.3802,0.3212790064725476,-0.9219401020069713,0,1,91.937,92.322,0.3850000000000051,0.0,0.14700000000000557,-0.29366666666666674,0.0,0.04200000000000159,0.2872260433874329,-0.29366666666666674,0,0,2022,Abu Dhabi Grand Prix,0.0,16,0.0
ZHO,9,0 days 00:01:32.322000,MEDIUM,9.0,True,0 days 01:16:10.672000,28.5,14,34.0,0 days 00:00:18.545000,0 days 00:00:39.576000,0 days 00:00:34.201000,1,92.322,4570.672,1.831000000000131,False,True,False,9.0,0.0,0.0,18.545,39.576,34.201,0,0,0,0.0,92.30980000000001,0.34377347192589436,0.035488485867294556,0,0,92.084,92.314,0.22999999999998977,0.14700000000000557,0.23799999999999955,-0.12399999999999996,0.0,0.21800000000000352,0.2926007518787326,-0.12399999999999996,0,0,2022,Abu Dhabi Grand Prix,0.0,16,0.0
ZHO,10,0 days 00:01:32.314000,MEDIUM,10.0,True,0 days 01:17:42.986000,28.5,14,34.0,0 days 00:00:18.594000,0 days 00:00:39.471000,0 days 00:00:34.249000,1,92.314,4662.986,2.0670000000000073,False,True,False,10.0,0.0,0.0,18.594,39.471,34.249,0,0,0,0.0,92.2106,0.2033465023057431,0.5084916574789453,0,0,92.322,92.685,0.36299999999999955,0.3850000000000051,-0.008000000000009777,0.022666666666665947,0.0,0.26600000000000534,0.31674595498601077,0.022666666666665947,0,0,2022,Abu Dhabi Grand Prix,0.0,16,0.0
ZHO,11,0 days 00:01:32.685000,MEDIUM,11.0,True,0 days 01:19:15.671000,28.5,14,33.9,0 days 00:00:18.753000,0 days 00:00:39.685000,0 days 00:00:34.247000,1,92.685,4755.671,2.7689999999993233,False,True,False,11.0,0.0,0.0,18.753,39.685,34.247,0,0,0,0.0,92.1822,0.16721004754492735,3.006996334146196,0,0,92.314,92.547,0.2330000000000041,0.37699999999999534,0.3710000000000093,0.12566666666666512,0.0,0.2220000000000013,0.1604892519765767,0.12566666666666512,0,0,2022,Abu Dhabi Grand Prix,0.0,16,0.0
ZHO,12,0 days 00:01:32.547000,MEDIUM,12.0,True,0 days 01:20:48.218000,28.5,14,33.9,0 days 00:00:18.673000,0 days 00:00:39.587000,0 days 00:00:34.287000,1,92.547,4848.218,4.038000000000466,False,True,False,12.0,0.0,0.0,18.673,39.587,34.287,0,0,0,0.0,92.2684,0.28387373953922906,0.9814222352944945,0,0,92.685,92.99,0.3049999999999926,0.7480000000000047,-0.13800000000000523,0.20033333333333303,0.0,0.08599999999999852,0.15513606930691823,0.20033333333333303,0,0,2022,Abu Dhabi Grand Prix,0.0,16,0.0
ZHO,13,0 days 00:01:32.990000,MEDIUM,13.0,True,0 days 01:22:21.208000,28.4,14,33.9,0 days 00:00:18.734000,0 days 00:00:39.839000,0 days 00:00:34.417000,1,92.99,4941.208,3.717000000000553,False,True,False,13.0,0.0,0.0,18.734,39.839,34.417,0,0,0,0.0,92.3904,0.23222252259416604,2.582006229636309,0,0,92.547,93.174,0.6270000000000095,0.46299999999999386,0.44299999999999784,0.07499999999999811,0.0,0.1700000000000017,0.09697009848401893,0.07499999999999811,0,0,2022,Abu Dhabi Grand Prix,0.0,16,0.0
ZHO,14,0 days 00:01:33.174000,MEDIUM,14.0,True,0 days 01:23:54.382000,28.4,13,33.5,0 days 00:00:18.752000,0 days 00:00:39.969000,0 days 00:00:34.453000,1,93.174,5034.382,6.920000000000073,False,True,False,14.0,0.0,0.0,18.752,39.969,34.453,0,0,0,0.0,92.5716,0.28159421158826914,2.1392485186478107,0,0,92.99,91.072,-1.9179999999999922,0.6760000000000019,0.1840000000000117,0.22533333333333397,0.0,0.20600000000000307,0.0685040144809069,0.22533333333333397,0,0,2022,Abu Dhabi Grand Prix,0.0,16,0.0
ZHO,17,0 days 00:01:31.072000,HARD,2.0,True,0 days 01:28:53.409000,28.4,17,33.3,0 days 00:00:18.325000,0 days 00:00:39.081000,0 days 00:00:33.666000,1,91.072,5333.409,1.4530000000004293,True,False,False,2.0,0.0,0.0,18.325,39.081,33.666,0,0,0,0.0,92.74199999999999,0.34372445359625514,-4.858542889594929,1,0,93.174,91.13,-2.044000000000011,0.8600000000000136,-2.102000000000004,0.16300000000000145,0.0,-0.6210000000000022,0.06758698099486535,0.16300000000000145,0,0,2022,Abu Dhabi Grand Prix,0.0,16,0.0
ZHO,18,0 days 00:01:31.130000,HARD,3.0,True,0 days 01:30:24.539000,28.3,17,33.3,0 days 00:00:18.368000,0 days 00:00:39.106000,0 days 00:00:33.656000,1,91.13,5424.539,1.855000000000473,True,False,False,3.0,0.0,0.0,18.368,39.106,33.656,0,0,0,0.0,92.49359999999999,0.8321341838910391,-1.6386780238060055,1,1,91.072,91.124,0.0519999999999925,0.0,0.057999999999992724,-0.49166666666666475,0.0,-0.00999999999999801,0.35807233906014185,-0.49166666666666475,0,0,2022,Abu Dhabi Grand Prix,0.0,16,0.0
ZHO,19,0 days 00:01:31.124000,HARD,4.0,True,0 days 01:31:55.663000,28.3,17,33.2,0 days 00:00:18.479000,0 days 00:00:39,0 days 00:00:33.645000,1,91.124,5515.663,2.0620000000008076,True,False,False,4.0,0.0,0.0,18.479,39.0,33.645,0,0,0,0.0,92.18260000000001,1.013527897987997,-1.0444705094960784,0,1,91.13,91.542,0.41200000000000614,0.057999999999992724,-0.006000000000000227,-0.6199999999999998,0.0,-0.01099999999999568,0.33865941593288246,-0.6199999999999998,0,0,2022,Abu Dhabi Grand Prix,0.0,16,0.0
ZHO,20,0 days 00:01:31.542000,HARD,5.0,True,0 days 01:33:27.205000,28.3,16,33.1,0 days 00:00:18.550000,0 days 00:00:39.237000,0 days 00:00:33.755000,1,91.542,5607.205,1.9020000000000437,True,False,False,5.0,0.0,0.0,18.55,39.237,33.755,0,0,0,0.0,91.898,1.0830300088178242,-0.32870742001746056,0,0,91.124,91.67,0.5460000000000065,0.0519999999999925,0.41800000000000637,-0.6833333333333371,0.0,0.10999999999999943,0.3328088039700893,-0.6833333333333371,0,0,2022,Abu Dhabi Grand Prix,0.0,16,0.0
ZHO,21,0 days 00:01:31.670000,HARD,6.0,True,0 days 01:34:58.875000,28.2,16,33.0,0 days 00:00:18.576000,0 days 00:00:39.409000,0 days 00:00:33.685000,1,91.67,5698.875,1.9210000000002765,True,False,False,6.0,0.0,0.0,18.576,39.409,33.685,0,0,0,0.0,91.60839999999999,0.895369644336855,0.06879840118506148,0,0,91.542,91.591,0.04899999999999238,0.46999999999999886,0.1280000000000001,0.1566666666666663,0.0,0.03999999999999915,0.323706193947538,0.1566666666666663,0,0,2022,Abu Dhabi Grand Prix,0.0,16,0.0
ZHO,22,0 days 00:01:31.591000,HARD,7.0,True,0 days 01:36:30.466000,28.2,16,33.0,0 days 00:00:18.504000,0 days 00:00:38.750000,0 days 00:00:34.337000,1,91.591,5790.466,2.1520000000000437,True,False,False,7.0,0.0,0.0,18.504,38.75,34.337,0,0,0,0.0,91.30760000000001,0.2770537853917036,1.0229060743541551,0,0,91.67,92.546,0.8760000000000048,0.597999999999999,-0.07900000000000773,0.18000000000000208,0.0,0.6920000000000002,0.29628921681357334,0.18000000000000208,0,0,2022,Abu Dhabi Grand Prix,0.0,16,0.0
ZHO,23,0 days 00:01:32.546000,HARD,8.0,True,0 days 01:38:03.012000,28.2,16,32.9,0 days 00:00:18.546000,0 days 00:00:38.953000,0 days 00:00:35.047000,1,92.546,5883.012,1.719000000000051,True,False,False,8.0,0.0,0.0,18.546,38.953,35.047,0,0,0,0.0,91.4114,0.2636148705970136,4.304006057892166,0,0,91.591,91.804,0.21300000000000807,0.46699999999999875,0.9550000000000125,0.15566666666666626,0.0,1.3619999999999948,0.29915581224505655,0.15566666666666626,0,0,2022,Abu Dhabi Grand Prix,0.0,16,0.0
ZHO,24,0 days 00:01:31.804000,HARD,9.0,True,0 days 01:39:34.816000,28.2,15,33.3,0 days 00:00:18.704000,0 days 00:00:39.274000,0 days 00:00:33.826000,1,91.804,5974.816,1.9090000000005602,True,False,False,9.0,0.0,0.0,18.704,39.274,33.826,0,0,0,0.0,91.69460000000001,0.5208385546404037,0.21004589430889087,0,0,92.546,91.89,-0.6560000000000059,1.4220000000000113,-0.7420000000000044,0.3346666666666683,0.0,0.14099999999999824,0.5886168533095165,0.3346666666666683,0,0,2022,Abu Dhabi Grand Prix,0.0,16,0.0
ZHO,25,0 days 00:01:31.890000,HARD,10.0,True,0 days 01:41:06.706000,28.2,15,32.9,0 days 00:00:18.634000,0 days 00:00:39.300000,0 days 00:00:33.956000,1,91.89,6066.706,2.1959999999999127,True,False,False,10.0,0.0,0.0,18.634,39.3,33.956,0,0,0,0.0,91.8306,0.41200582520143475,0.14417271884676672,0,0,91.804,91.368,-0.43600000000000705,0.26200000000000045,0.08599999999999852,0.04466666666666678,0.0,0.13000000000000256,0.5629573696115882,0.04466666666666678,0,0,2022,Abu Dhabi Grand Prix,0.0,16,0.0
ZHO,26,0 days 00:01:31.368000,HARD,11.0,True,0 days 01:42:38.074000,28.2,13,33.0,0 days 00:00:18.538000,0 days 00:00:38.889000,0 days 00:00:33.941000,1,91.368,6158.074,1.1760000000003856,True,False,False,11.0,0.0,0.0,18.538,38.889,33.941,0,0,0,0.0,91.90020000000001,0.37914799221401924,-1.4036735283556616,0,0,91.89,91.697,-0.19299999999999784,0.2990000000000066,-0.5220000000000056,0.09966666666666886,0.0,0.11500000000000199,0.5598312245668312,0.09966666666666886,0,0,2022,Abu Dhabi Grand Prix,0.0,16,0.0
ZHO,27,0 days 00:01:31.697000,HARD,12.0,True,0 days 01:44:09.771000,28.2,13,32.8,0 days 00:00:18.535000,0 days 00:00:39.287000,0 days 00:00:33.875000,1,91.697,6249.771,1.4900000000006912,True,False,False,12.0,0.0,0.0,18.535,39.287,33.875,0,0,0,0.0,91.8398,0.44356983666601896,-0.32193352251657664,0,0,91.368,91.577,0.20900000000000318,0.0,0.32900000000000773,-0.3926666666666705,0.0,0.04899999999999949,0.546167098972464,-0.3926666666666705,0,0,2022,Abu Dhabi Grand Prix,0.0,16,0.0
ZHO,28,0 days 00:01:31.577000,HARD,13.0,True,0 days 01:45:41.348000,28.1,12,32.5,0 days 00:00:18.482000,0 days 00:00:39.354000,0 days 00:00:33.741000,1,91.577,6341.348,1.2340000000003783,True,False,False,13.0,0.0,0.0,18.482,39.354,33.741,0,0,0,0.0,91.861,0.4310626404595033,-0.6588369609049586,0,0,91.697,91.59,-0.10699999999999932,0.32900000000000773,-0.12000000000000455,-0.03566666666666644,0.0,-0.13400000000000034,0.5616068909833614,-0.03566666666666644,0,0,2022,Abu Dhabi Grand Prix,0.0,16,0.0
ZHO,29,0 days 00:01:31.590000,HARD,14.0,True,0 days 01:47:12.938000,28.1,12,32.8,0 days 00:00:18.485000,0 days 00:00:39.345000,0 days 00:00:33.760000,1,91.59,6432.938,0.8720000000002983,True,False,False,14.0,0.0,0.0,18.485,39.345,33.76,0,0,0,0.0,91.66720000000001,0.2042662478235127,-0.3779381117662968,0,0,91.577,92.329,0.7519999999999953,0.20900000000000318,0.01300000000000523,-0.10433333333333412,0.0,0.01899999999999835,0.11428341961982123,-0.10433333333333412,0,1,2022,Abu Dhabi Grand Prix,0.0,16,0.0
ZHO,30,0 days 00:01:32.329000,HARD,15.0,True,0 days 01:48:45.267000,28.1,13,32.8,0 days 00:00:18.413000,0 days 00:00:39.250000,0 days 00:00:34.666000,1,92.329,6525.267,2.66399999999976,True,False,False,15.0,0.0,0.0,18.413,39.25,34.666,0,0,0,0.0,91.62440000000001,0.19038461072232507,3.700929383560525,0,0,91.59,91.643,0.05299999999999727,0.2220000000000084,0.7389999999999901,0.0740000000000028,0.0,0.9249999999999972,0.1053978178142236,0.0740000000000028,0,0,2022,Abu Dhabi Grand Prix,0.0,16,0.0
ZHO,31,0 days 00:01:31.643000,HARD,16.0,True,0 days 01:50:16.910000,28.1,13,32.9,0 days 00:00:18.503000,0 days 00:00:38.814000,0 days 00:00:34.326000,1,91.643,6616.91,2.542000000000371,True,False,False,16.0,0.0,0.0,18.503,38.814,34.326,0,0,0,0.0,91.7122,0.3648146104528978,-0.18968538544573899,0,0,92.329,91.216,-1.1129999999999995,0.9609999999999985,-0.6859999999999928,0.2106666666666636,0.0,0.5850000000000009,0.4182800497274513,0.2106666666666636,0,0,2022,Abu Dhabi Grand Prix,0.0,16,0.0
ZHO,32,0 days 00:01:31.216000,HARD,17.0,True,0 days 01:51:48.126000,28.1,13,32.9,0 days 00:00:18.395000,0 days 00:00:38.778000,0 days 00:00:34.043000,1,91.216,6708.126,3.395999999999731,True,False,False,17.0,0.0,0.0,18.395,38.778,34.043,0,0,0,0.0,91.7672,0.31762745473259213,-1.735366360140559,1,0,91.643,91.349,-0.29399999999999693,0.0660000000000025,-0.4270000000000067,0.022000000000000835,0.0,0.28300000000000125,0.44764405502586496,0.022000000000000835,0,0,2022,Abu Dhabi Grand Prix,0.0,16,0.0
ZHO,33,0 days 00:01:31.349000,HARD,18.0,True,0 days 01:53:19.475000,28.1,13,32.8,0 days 00:00:18.469000,0 days 00:00:38.773000,0 days 00:00:34.107000,1,91.349,6799.475,4.092999999999847,True,False,False,18.0,0.0,0.0,18.469,38.773,34.107,0,0,0,0.0,91.67099999999999,0.40502160436190804,-0.7950193188022253,0,1,91.216,91.687,0.47100000000000364,0.0,0.13300000000000978,-0.12466666666666981,0.0,0.06400000000000006,0.42811190125947163,-0.12466666666666981,0,0,2022,Abu Dhabi Grand Prix,0.0,16,0.0
ZHO,34,0 days 00:01:31.687000,HARD,19.0,True,0 days 01:54:51.162000,28.0,13,32.7,0 days 00:00:18.468000,0 days 00:00:39.274000,0 days 00:00:33.945000,1,91.687,6891.162,4.84099999999944,True,False,False,19.0,0.0,0.0,18.468,39.274,33.945,0,0,0,0.0,91.62539999999998,0.43029675806341694,0.1431570162816197,0,0,91.349,91.834,0.48499999999999943,0.13300000000000978,0.33799999999999386,-0.3266666666666633,0.0,-0.09799999999999898,0.38030277411557173,-0.3266666666666633,0,0,2022,Abu Dhabi Grand Prix,0.0,16,0.0
ZHO,35,0 days 00:01:31.834000,HARD,20.0,True,0 days 01:56:22.996000,28.0,13,32.6,0 days 00:00:18.462000,0 days 00:00:39.368000,0 days 00:00:34.004000,1,91.834,6982.996,3.3189999999995052,True,False,False,20.0,0.0,0.0,18.462,39.368,34.004,0,0,0,0.0,91.6448,0.4304883273677578,0.4395008830015726,0,0,91.687,91.663,-0.02400000000000091,0.47100000000000364,0.14700000000000557,0.014666666666665643,0.0,0.0589999999999975,0.41012888218217336,0.014666666666665643,0,0,2022,Abu Dhabi Grand Prix,0.0,16,0.0
ZHO,36,0 days 00:01:31.663000,HARD,21.0,True,0 days 01:57:54.659000,28.0,12,32.6,0 days 00:00:18.475000,0 days 00:00:39.432000,0 days 00:00:33.756000,1,91.663,7074.659,2.4420000000000073,True,False,False,21.0,0.0,0.0,18.475,39.432,33.756,0,0,0,0.0,91.5458,0.254922929529448,0.45974679569363036,0,0,91.834,91.284,-0.5499999999999972,0.6180000000000092,-0.17100000000000648,0.20600000000000307,0.0,-0.18900000000000006,0.26457758786412783,0.20600000000000307,0,0,2022,Abu Dhabi Grand Prix,0.0,16,0.0
ZHO,37,0 days 00:01:31.284000,HARD,22.0,True,0 days 01:59:25.943000,28.0,12,32.5,0 days 00:00:18.344000,0 days 00:00:39.288000,0 days 00:00:33.652000,1,91.284,7165.943,1.7799999999997453,True,False,False,22.0,0.0,0.0,18.344,39.288,33.652,0,0,0,0.0,91.5498,0.2569780146235786,-1.0343297281261299,0,0,91.663,91.273,-0.39000000000000057,0.44700000000000273,-0.3789999999999907,0.10466666666666431,0.0,-0.1039999999999992,0.18038763815738626,0.10466666666666431,0,0,2022,Abu Dhabi Grand Prix,0.0,16,0.0
ZHO,38,0 days 00:01:31.273000,HARD,23.0,True,0 days 02:00:57.216000,28.0,12,32.6,0 days 00:00:18.427000,0 days 00:00:39.263000,0 days 00:00:33.583000,12,91.273,7257.216,1.2789999999995416,True,False,False,23.0,0.0,0.0,18.427,39.263,33.583,0,0,1,0.0,91.5634,0.23582472304632532,-1.231423051191114,0,0,91.284,91.127,-0.1570000000000107,0.0,-0.01100000000000989,-0.13433333333333053,0.0,-0.06900000000000261,0.11107790059233151,-0.13433333333333053,0,0,2022,Abu Dhabi Grand Prix,0.0,16,0.0
ZHO,39,0 days 00:01:31.127000,HARD,24.0,True,0 days 02:02:28.343000,28.0,11,32.7,0 days 00:00:18.348000,0 days 00:00:39.160000,0 days 00:00:33.619000,1,91.127,7348.343,1.3760000000002037,True,False,False,24.0,0.0,0.0,18.348,39.16,33.619,0,0,0,0.0,91.5482,0.25478559613893736,-1.6531546774344101,1,0,91.273,91.097,-0.17600000000000193,0.0,-0.1460000000000008,-0.18700000000000236,0.0,0.036000000000001364,0.08975355146176586,-0.18700000000000236,0,0,2022,Abu Dhabi Grand Prix,0.0,16,0.0
ZHO,40,0 days 00:01:31.097000,HARD,25.0,True,0 days 02:03:59.440000,28.0,11,32.4,0 days 00:00:18.398000,0 days 00:00:39.232000,0 days 00:00:33.467000,1,91.097,7439.44,1.0270000000000437,True,False,False,25.0,0.0,0.0,18.398,39.232,33.467,0,0,0,0.0,91.43620000000001,0.2979458004400367,-1.138462094444877,0,1,91.127,91.547,0.4200000000000017,0.0,-0.030000000000001137,-0.1786666666666671,0.0,-0.11599999999999966,0.10224627132565754,-0.1786666666666671,0,0,2022,Abu Dhabi Grand Prix,0.0,16,0.0
ZHO,41,0 days 00:01:31.547000,HARD,26.0,True,0 days 02:05:30.987000,28.0,10,32.4,0 days 00:00:18.330000,0 days 00:00:39.247000,0 days 00:00:33.970000,1,91.547,7530.987,0.6939999999995052,True,False,False,26.0,0.0,0.0,18.33,39.247,33.97,0,0,0,0.0,91.28880000000001,0.22542448846526703,1.1453946363940444,0,0,91.097,91.843,0.7460000000000093,0.0,0.45000000000000284,-0.06233333333333727,0.0,0.5030000000000001,0.08212368720411979,-0.06233333333333727,0,1,2022,Abu Dhabi Grand Prix,0.0,16,0.0
ZHO,42,0 days 00:01:31.843000,HARD,27.0,True,0 days 02:07:02.830000,28.0,10,32.4,0 days 00:00:18.319000,0 days 00:00:38.890000,0 days 00:00:34.634000,1,91.843,7622.83,0.6149999999997817,True,False,False,27.0,0.0,0.0,18.319,38.89,34.634,0,0,0,0.0,91.26559999999999,0.1783361993534215,3.2377049757337093,0,0,91.547,93.485,1.9380000000000024,0.45000000000000284,0.2960000000000065,0.09133333333333364,0.0,1.1670000000000016,0.2602104917177632,0.09133333333333364,0,1,2022,Abu Dhabi Grand Prix,0.0,16,0.0
ZHO,43,0 days 00:01:33.485000,HARD,28.0,True,0 days 02:08:36.315000,28.0,11,32.4,0 days 00:00:18.360000,0 days 00:00:39.548000,0 days 00:00:35.577000,1,93.485,7716.315,0.5360000000000582,True,False,False,28.0,0.0,0.0,18.36,39.548,35.577,0,0,0,0.0,91.3774,0.3153455247817011,6.68346253354633,0,0,91.843,90.925,-0.9180000000000064,0.7460000000000093,1.641999999999996,0.23866666666666939,0.0,2.1099999999999994,0.5412307271395453,0.23866666666666939,0,1,2022,Abu Dhabi Grand Prix,0.0,16,0.0
ZHO,46,0 days 00:01:30.925000,SOFT,2.0,True,0 days 02:13:34.332000,28.0,16,32.0,0 days 00:00:18.203000,0 days 00:00:38.768000,0 days 00:00:33.954000,1,90.925,8014.332,7.536999999999352,False,False,True,2.0,0.0,0.0,18.203,38.768,33.954,0,0,0,0.0,91.8198,0.9811040719515566,-0.9120337236192672,0,0,93.485,92.562,-0.9230000000000018,2.3880000000000052,-2.5600000000000023,0.7960000000000017,0.0,-0.015999999999998238,0.9142961773954866,0.7960000000000017,0,0,2022,Abu Dhabi Grand Prix,0.0,16,0.0
ZHO,47,0 days 00:01:32.562000,SOFT,3.0,True,0 days 02:15:06.894000,28.0,16,32.1,0 days 00:00:18.385000,0 days 00:00:39.804000,0 days 00:00:34.373000,1,92.562,8106.894,5.326999999999316,False,False,True,3.0,0.0,0.0,18.385,39.804,34.373,0,0,0,0.0,91.77939999999998,1.020146460073217,0.7671447489450175,0,0,90.925,90.432,-0.492999999999995,0.0,1.6370000000000005,-0.2073333333333333,0.0,0.41899999999999693,0.9245443742730789,-0.2073333333333333,0,0,2022,Abu Dhabi Grand Prix,0.0,16,0.0
ZHO,48,0 days 00:01:30.432000,SOFT,4.0,True,0 days 02:16:37.326000,28.0,15,32.3,0 days 00:00:18.394000,0 days 00:00:38.653000,0 days 00:00:33.385000,1,90.432,8197.326,1.2110000000011496,False,False,True,4.0,0.0,0.0,18.394,38.653,33.385,0,0,0,0.0,92.07239999999999,0.9849293375668989,-1.6655001911632723,1,0,92.562,90.583,-1.9789999999999992,1.6370000000000005,-2.1299999999999955,0.2396666666666647,0.0,-0.5690000000000026,0.8281481147717477,0.2396666666666647,0,0,2022,Abu Dhabi Grand Prix,0.0,16,0.0
ZHO,49,0 days 00:01:30.583000,SOFT,5.0,True,0 days 02:18:07.909000,28.0,15,31.9,0 days 00:00:18.183000,0 days 00:00:39.124000,0 days 00:00:33.276000,1,90.583,8287.909,2.2510000000002037,False,False,True,5.0,0.0,0.0,18.183,39.124,33.276,0,0,0,0.0,91.8494,1.2294882268651142,-1.0300220631058876,0,1,90.432,90.223,-0.20900000000000318,0.0,0.15099999999999625,-1.0176666666666658,0.0,-0.10899999999999466,1.046171926597154,-1.0176666666666658,0,0,2022,Abu Dhabi Grand Prix,0.0,16,0.0
ZHO,50,0 days 00:01:30.223000,SOFT,6.0,True,0 days 02:19:38.132000,28.0,15,32.0,0 days 00:00:18.183000,0 days 00:00:38.905000,0 days 00:00:33.135000,1,90.223,8378.132,4.935999999999694,False,False,True,6.0,0.0,0.0,18.183,38.905,33.135,0,0,0,0.0,91.5974,1.3539546890497753,-1.0151004395609189,0,0,90.583,90.109,-0.47400000000000375,0.15099999999999625,-0.35999999999999943,-0.11399999999999959,0.0,-0.14100000000000534,1.0356295186986506,-0.11399999999999959,0,0,2022,Abu Dhabi Grand Prix,0.0,16,0.0
ZHO,51,0 days 00:01:30.109000,SOFT,7.0,True,0 days 02:21:08.241000,27.9,15,32.0,0 days 00:00:18.084000,0 days 00:00:38.967000,0 days 00:00:33.058000,1,90.109,8468.241,6.319999999999709,False,False,True,7.0,0.0,0.0,18.084,38.967,33.058,0,0,0,0.0,90.945,0.9394926822491744,-0.8898419495919743,0,0,90.223,91.823,1.5999999999999943,0.0,-0.11400000000000432,-0.7796666666666662,0.0,-0.07699999999999818,0.35239494888547973,-0.7796666666666662,0,0,2022,Abu Dhabi Grand Prix,0.0,16,0.0
ZHO,52,0 days 00:01:31.823000,SOFT,8.0,True,0 days 02:22:40.064000,27.9,15,32.1,0 days 00:00:18.108000,0 days 00:00:38.874000,0 days 00:00:34.841000,1,91.823,8560.064,6.836999999999534,False,False,True,8.0,0.0,0.0,18.108,38.874,34.841,0,0,0,0.0,90.7818,1.0119178326325304,1.0289372974990276,0,0,90.109,89.6,-0.5090000000000003,0.0,1.7139999999999986,-0.10766666666666917,0.0,1.7830000000000013,0.3505378724189439,-0.10766666666666917,0,0,2022,Abu Dhabi Grand Prix,0.0,16,0.0
ZHO,53,0 days 00:01:29.600000,SOFT,9.0,True,0 days 02:24:09.664000,27.9,15,31.9,0 days 00:00:18.024000,0 days 00:00:38.318000,0 days 00:00:33.258000,1,89.6,8649.664,10.807999999999083,False,False,True,9.0,0.0,0.0,18.024,38.318,33.258,0,0,0,0.0,90.634,0.689505619991372,-1.4996251952419832,0,0,91.823,90.422,-1.4009999999999962,1.7139999999999986,-2.222999999999999,0.4133333333333316,0.0,0.20000000000000284,0.9196721154846447,0.4133333333333316,0,0,2022,Abu Dhabi Grand Prix,0.0,16,0.0
ZHO,54,0 days 00:01:30.422000,SOFT,10.0,True,0 days 02:25:40.086000,27.9,15,31.9,0 days 00:00:18.148000,0 days 00:00:39.157000,0 days 00:00:33.117000,1,90.422,8740.086,13.381000000001222,False,False,True,10.0,0.0,0.0,18.148,39.157,33.117,0,0,0,0.0,90.46759999999999,0.8354009815649347,-0.05458456598240036,0,0,89.6,90.407,0.8070000000000022,0.0,0.8220000000000027,-0.20766666666666822,0.0,0.0589999999999975,0.8228476165123165,-0.20766666666666822,0,0,2022,Abu Dhabi Grand Prix,0.0,16,0.0
ZHO,55,0 days 00:01:30.407000,SOFT,11.0,True,0 days 02:27:10.493000,27.9,15,31.9,0 days 00:00:18.104000,0 days 00:00:39.001000,0 days 00:00:33.302000,1,90.407,8830.493,14.209999999999127,False,False,True,11.0,0.0,0.0,18.104,39.001,33.302,0,0,0,0.0,90.4354,0.8329401539124225,-0.034096087055722514,0,0,90.422,92.315,1.8930000000000007,0.8220000000000027,-0.015000000000000568,0.10433333333333412,0.0,0.18500000000000227,0.8035833497528442,0.10433333333333412,0,0,2022,Abu Dhabi Grand Prix,0.0,16,0.0
ZHO,56,0 days 00:01:32.315000,SOFT,12.0,True,0 days 02:28:42.808000,27.9,13,32.0,0 days 00:00:18.496000,0 days 00:00:38.930000,0 days 00:00:34.889000,1,92.315,8922.808,1.2049999999999272,False,False,True,12.0,0.0,0.0,18.496,38.93,34.889,0,0,0,0.0,90.4722,0.8252391774507906,2.233049581689163,0,0,90.407,92.551,2.1440000000000055,0.8070000000000022,1.9080000000000013,-0.4719999999999989,0.0,1.7720000000000056,0.7645626200645701,-0.4719999999999989,0,0,2022,Abu Dhabi Grand Prix,0.0,16,0.0
