Driver,LapNumber,LapTime,Compound,TyreLife,IsAccurate,Time,AirTemp,Position,TrackTemp,Sector1Time,Sector2Time,Sector3Time,TrackStatus,LapTimeSec,RaceTimeSec,GapBehindSec,compound_HARD,compound_MEDIUM,compound_SOFT,TyreAge,GapToLeaderSec,GapAheadSec,Sector1Sec,Sector2Sec,Sector3Sec,IsSC,IsVSC,IsYellow,AEBI,LapTime_roll_mean,LapTime_roll_std,LapTime_z,LapSpikeFast,PrevLapSpikeFast,PrevLapTimeSec,NextLapTimeSec,DeltaNextLapSec,PushIndex,TyreDegRate,TyreDegSmooth,DeltaGapAhead,ERSProxy,ERSVolatility,PushTrend,IsDRSRange,IsUnderAttack,Season,RaceName,TrackLengthKm,TrackCorners,TrackAvgSpeedKph
ALB,2,0 days 00:01:37.782000,MEDIUM,2.0,True,0 days 01:05:39.992000,30.4,16,40.4,0 days 00:00:33.778000,0 days 00:00:37.035000,0 days 00:00:26.969000,1,97.782,3939.992,0.694999999999709,False,True,False,2.0,0.0,0.0,33.778,37.035,26.969,0,0,0,0.0,,,0.0,0,0,97.782,96.666,-1.1159999999999997,0.0,0.0,0.0,0.0,0.0,0.0,0.0,0,1,2022,Miami Grand Prix,0.0,19,0.0
ALB,3,0 days 00:01:36.666000,MEDIUM,3.0,True,0 days 01:07:16.658000,31.0,16,44.0,0 days 00:00:33.362000,0 days 00:00:36.607000,0 days 00:00:26.697000,1,96.666,4036.658,1.2270000000003165,False,True,False,3.0,0.0,0.0,33.362,36.607,26.697,0,0,0,0.0,,,0.0,0,0,97.782,95.885,-1.8969999999999914,0.0,-1.1159999999999997,0.0,0.0,0.0,0.0,0.0,0,0,2022,Miami Grand Prix,0.0,19,0.0
ALB,4,0 days 00:01:35.885000,MEDIUM,4.0,True,0 days 01:08:52.543000,31.3,16,46.5,0 days 00:00:33.271000,0 days 00:00:36.267000,0 days 00:00:26.347000,1,95.885,4132.543,2.162000000000262,False,True,False,4.0,0.0,0.0,33.271,36.267,26.347,0,0,0,0.0,,,0.0,0,0,96.666,95.962,-0.7039999999999935,0.0,-0.7809999999999917,-0.5579999999999998,0.0,-0.34999999999999787,0.0,0.0,0,0,2022,Miami Grand Prix,0.0,19,0.0
ALB,5,0 days 00:01:35.962000,MEDIUM,5.0,True,0 days 01:10:28.505000,31.3,16,46.4,0 days 00:00:33.020000,0 days 00:00:36.477000,0 days 00:00:26.465000,1,95.962,4228.505,2.5150000000003274,False,True,False,5.0,0.0,0.0,33.02,36.477,26.465,0,0,0,0.0,96.77766666666666,0.9534171874543249,-0.855519155097814,0,0,95.885,98.191,2.3059999999999974,0.0,0.07699999999999818,-0.6323333333333304,0.0,0.11799999999999855,0.20207259421636778,-0.9484999999999957,0,0,2022,Miami Grand Prix,0.0,19,0.0
ALB,6,0 days 00:01:38.191000,MEDIUM,6.0,True,0 days 01:12:06.696000,31.4,15,46.0,0 days 00:00:33.581000,0 days 00:00:38.036000,0 days 00:00:26.574000,1,98.191,4326.696,1.037000000000262,False,True,False,6.0,0.0,0.0,33.581,38.036,26.574,0,0,0,0.0,96.57375,0.8788235981507605,1.8402441666371394,0,0,95.962,96.651,0.688999999999993,0.07699999999999818,2.228999999999999,-0.6066666666666644,0.0,0.2270000000000003,0.20245822614389553,-0.6066666666666644,0,0,2022,Miami Grand Prix,0.0,19,0.0
ALB,7,0 days 00:01:36.651000,MEDIUM,7.0,True,0 days 01:13:43.347000,31.5,14,46.3,0 days 00:00:33.342000,0 days 00:00:36.709000,0 days 00:00:26.600000,1,96.651,4423.347,0.05700000000069849,False,True,False,7.0,0.0,0.0,33.342,36.709,26.6,0,0,0,0.0,96.8972,1.0499274736856794,-0.23449238749390755,0,0,98.191,97.001,-1.1899999999999977,2.3059999999999974,-1.5400000000000063,0.5083333333333352,0.0,0.2530000000000001,0.21676484954899763,0.5083333333333352,0,1,2022,Miami Grand Prix,0.0,19,0.0
ALB,8,0 days 00:01:37.001000,MEDIUM,8.0,True,0 days 01:15:20.348000,31.7,15,46.7,0 days 00:00:34.314000,0 days 00:00:36.500000,0 days 00:00:26.187000,1,97.001,4520.348,1.0320000000001528,False,True,False,8.0,0.0,0.0,34.314,36.5,26.187,0,0,0,0.0,96.671,0.9261886956770714,0.35629888546497374,0,0,96.651,96.221,-0.4299999999999926,0.7659999999999911,0.3500000000000085,0.25533333333333036,0.0,-0.2779999999999987,0.24477602006732513,0.25533333333333036,0,0,2022,Miami Grand Prix,0.0,19,0.0
ALB,9,0 days 00:01:36.221000,MEDIUM,9.0,True,0 days 01:16:56.569000,31.6,15,46.7,0 days 00:00:33.224000,0 days 00:00:36.534000,0 days 00:00:26.463000,1,96.221,4616.569,1.3099999999994907,False,True,False,9.0,0.0,0.0,33.224,36.534,26.463,0,0,0,0.0,96.73800000000001,0.937780891253386,-0.5513014871832338,0,0,97.001,96.947,-0.054000000000002046,1.1159999999999997,-0.7800000000000011,0.3463333333333338,0.0,0.2759999999999998,0.2868213729832549,0.3463333333333338,0,0,2022,Miami Grand Prix,0.0,19,0.0
ALB,10,0 days 00:01:36.947000,MEDIUM,10.0,True,0 days 01:18:33.516000,31.3,15,45.0,0 days 00:00:33.645000,0 days 00:00:36.655000,0 days 00:00:26.647000,1,96.947,4713.516,0.5600000000004002,False,True,False,10.0,0.0,0.0,33.645,36.655,26.647,0,0,0,0.0,96.80520000000001,0.8710385754947918,0.16279416777774744,0,0,96.221,95.899,-0.32200000000000273,0.25900000000000034,0.7259999999999991,-0.6566666666666663,0.0,0.4599999999999973,0.23015147186146723,-0.6566666666666663,0,1,2022,Miami Grand Prix,0.0,19,0.0
ALB,11,0 days 00:01:35.899000,MEDIUM,11.0,True,0 days 01:20:09.415000,31.0,14,44.9,0 days 00:00:32.954000,0 days 00:00:36.499000,0 days 00:00:26.446000,1,95.899,4809.415,2.018000000000029,False,True,False,11.0,0.0,0.0,32.954,36.499,26.446,0,0,0,0.0,97.00219999999999,0.7331283652949184,-1.5047842263696867,1,0,96.947,96.654,-0.29300000000000637,0.7259999999999991,-1.0480000000000018,0.09866666666666883,0.0,0.25900000000000034,0.27596612110909435,0.09866666666666883,0,0,2022,Miami Grand Prix,0.0,19,0.0
ALB,12,0 days 00:01:36.654000,MEDIUM,12.0,True,0 days 01:21:46.069000,30.9,14,45.6,0 days 00:00:33.296000,0 days 00:00:36.738000,0 days 00:00:26.620000,1,96.654,4906.069,1.5339999999996508,False,True,False,12.0,0.0,0.0,33.296,36.738,26.62,0,0,0,0.0,96.5438,0.47514755602863373,0.23192795291017113,0,1,95.899,96.045,0.1460000000000008,0.0,0.7549999999999955,-0.3673333333333346,0.0,0.1739999999999995,0.2774752241191983,-0.3673333333333346,0,0,2022,Miami Grand Prix,0.0,19,0.0
ALB,13,0 days 00:01:36.045000,MEDIUM,13.0,True,0 days 01:23:22.114000,30.6,13,45.2,0 days 00:00:32.674000,0 days 00:00:36.444000,0 days 00:00:26.927000,1,96.045,5002.114,1.5100000000002183,False,True,False,13.0,0.0,0.0,32.674,36.444,26.927,0,0,0,0.0,96.5444,0.4753186299736035,-1.0506636359440154,0,0,96.654,95.648,-1.0060000000000002,0.7549999999999955,-0.6089999999999947,0.1443333333333309,0.0,0.4809999999999981,0.27551805748444025,0.1443333333333309,0,0,2022,Miami Grand Prix,0.0,19,0.0
ALB,14,0 days 00:01:35.648000,MEDIUM,14.0,True,0 days 01:24:57.762000,30.5,13,45.2,0 days 00:00:32.821000,0 days 00:00:36.398000,0 days 00:00:26.429000,1,95.648,5097.762,1.680000000000291,False,True,False,14.0,0.0,0.0,32.821,36.398,26.429,0,0,0,0.0,96.3532,0.436417460695584,-1.6158840181967555,1,0,96.045,95.72,-0.32500000000000284,0.1460000000000008,-0.39700000000000557,-0.300666666666667,0.0,-0.017000000000003013,0.13415848836357583,-0.300666666666667,0,0,2022,Miami Grand Prix,0.0,19,0.0
ALB,15,0 days 00:01:35.720000,MEDIUM,15.0,True,0 days 01:26:33.482000,30.2,12,45.1,0 days 00:00:32.946000,0 days 00:00:36.444000,0 days 00:00:26.330000,1,95.72,5193.482,1.9769999999998618,False,True,False,15.0,0.0,0.0,32.946,36.444,26.33,0,0,0,0.0,96.23859999999999,0.5422188672482585,-0.9564403441581971,0,1,95.648,95.14,-0.5079999999999956,0.0,0.07200000000000273,-0.08366666666666826,0.0,-0.0990000000000002,0.2075555347370915,-0.08366666666666826,0,0,2022,Miami Grand Prix,0.0,19,0.0
ALB,18,0 days 00:01:35.140000,HARD,2.0,True,0 days 01:31:41.146000,30.1,19,43.3,0 days 00:00:32.688000,0 days 00:00:36.169000,0 days 00:00:26.283000,1,95.14,5501.146,0.0,True,False,False,2.0,0.0,0.0,32.688,36.169,26.283,0,0,0,0.0,95.99319999999999,0.4006291302439044,-2.12965043126184,1,0,95.72,95.026,-0.6940000000000026,0.07200000000000273,-0.5799999999999983,-0.3113333333333325,0.0,-0.046999999999997044,0.2299169415245427,-0.3113333333333325,0,0,2022,Miami Grand Prix,0.0,19,0.0
ALB,19,0 days 00:01:35.026000,HARD,3.0,True,0 days 01:33:16.172000,29.9,18,42.6,0 days 00:00:32.542000,0 days 00:00:35.967000,0 days 00:00:26.517000,12,95.026,5596.172,1.662000000000262,True,False,False,3.0,0.0,0.0,32.542,35.967,26.517,0,0,1,0.0,95.8414,0.5580938989094837,-1.4610444615024274,0,1,95.14,95.059,-0.08100000000000307,0.0,-0.11400000000000432,-0.301666666666667,0.0,0.2339999999999982,0.23744641500768038,-0.301666666666667,0,0,2022,Miami Grand Prix,0.0,19,0.0
ALB,20,0 days 00:01:35.059000,HARD,4.0,True,0 days 01:34:51.231000,29.8,17,42.6,0 days 00:00:32.550000,0 days 00:00:36.371000,0 days 00:00:26.138000,1,95.059,5691.231,0.8220000000001164,True,False,False,4.0,0.0,0.0,32.55,36.371,26.138,0,0,0,0.0,95.5158,0.4243691788996933,-1.0764212452572421,0,0,95.026,95.112,0.08599999999999852,0.0,0.03300000000000125,-0.2073333333333333,0.0,-0.14499999999999957,0.2436571361565253,-0.2073333333333333,0,1,2022,Miami Grand Prix,0.0,19,0.0
ALB,21,0 days 00:01:35.112000,HARD,5.0,True,0 days 01:36:26.343000,29.8,17,42.3,0 days 00:00:32.453000,0 days 00:00:36.292000,0 days 00:00:26.367000,1,95.112,5786.343,2.27599999999984,True,False,False,5.0,0.0,0.0,32.453,36.292,26.367,0,0,0,0.0,95.3186,0.33709464546326534,-0.6128842530740313,0,0,95.059,94.964,-0.09499999999999886,0.03300000000000125,0.05299999999999727,-0.2203333333333338,0.0,0.2289999999999992,0.14746592826819244,-0.2203333333333338,0,0,2022,Miami Grand Prix,0.0,19,0.0
ALB,22,0 days 00:01:34.964000,HARD,6.0,True,0 days 01:38:01.307000,29.8,17,42.1,0 days 00:00:32.336000,0 days 00:00:36.310000,0 days 00:00:26.318000,1,94.964,5881.307,3.779000000000451,True,False,False,6.0,0.0,0.0,32.336,36.31,26.318,0,0,0,0.0,95.2114,0.287772132076766,-0.8597079856711164,0,0,95.112,94.999,-0.11299999999999955,0.08599999999999852,-0.14799999999999613,-0.009333333333335267,0.0,0.17999999999999972,0.1832451909328034,-0.009333333333335267,0,0,2022,Miami Grand Prix,0.0,19,0.0
ALB,23,0 days 00:01:34.999000,HARD,7.0,True,0 days 01:39:36.306000,29.9,17,42.3,0 days 00:00:32.373000,0 days 00:00:36.128000,0 days 00:00:26.498000,1,94.999,5976.306,5.029000000000451,True,False,False,7.0,0.0,0.0,32.373,36.128,26.498,0,0,0,0.0,95.0602,0.0697796531949818,-0.8770464913173381,0,0,94.964,94.827,-0.13700000000000045,0.0,0.03499999999999659,-0.020666666666665872,0.0,0.35999999999999943,0.17475039341872603,-0.020666666666665872,0,0,2022,Miami Grand Prix,0.0,19,0.0
ALB,24,0 days 00:01:34.827000,HARD,8.0,True,0 days 01:41:11.133000,30.0,17,42.5,0 days 00:00:32.484000,0 days 00:00:36.062000,0 days 00:00:26.281000,1,94.827,6071.133,7.805000000000291,True,False,False,8.0,0.0,0.0,32.484,36.062,26.281,0,0,0,0.0,95.032,0.056740637994410495,-3.612930824291979,1,0,94.999,94.814,-0.18500000000000227,0.03499999999999659,-0.17199999999999704,-0.020000000000000757,0.0,-0.037000000000002586,0.18906956391762209,-0.020000000000000757,0,0,2022,Miami Grand Prix,0.0,19,0.0
ALB,25,0 days 00:01:34.814000,HARD,9.0,True,0 days 01:42:45.947000,30.0,17,43.7,0 days 00:00:32.241000,0 days 00:00:36.058000,0 days 00:00:26.515000,1,94.814,6165.947,8.302999999999884,True,False,False,9.0,0.0,0.0,32.241,36.058,26.515,0,0,0,0.0,94.9922,0.10833605124802251,-1.644881809399128,1,1,94.827,94.877,0.04999999999999716,0.0,-0.01300000000000523,-0.09499999999999886,0.0,0.23400000000000176,0.20489094660330895,-0.09499999999999886,0,0,2022,Miami Grand Prix,0.0,19,0.0
ALB,26,0 days 00:01:34.877000,HARD,10.0,True,0 days 01:44:20.824000,30.2,17,44.5,0 days 00:00:32.489000,0 days 00:00:36.035000,0 days 00:00:26.353000,1,94.877,6260.824,8.767000000000735,True,False,False,10.0,0.0,0.0,32.489,36.035,26.353,0,0,0,0.0,94.94319999999999,0.12473451807745806,-0.5307271877932445,0,1,94.814,95.398,0.5840000000000032,0.0,0.06300000000000239,-0.0500000000000019,0.0,0.07200000000000273,0.14485751620126674,-0.0500000000000019,0,0,2022,Miami Grand Prix,0.0,19,0.0
ALB,27,0 days 00:01:35.398000,HARD,11.0,True,0 days 01:45:56.222000,30.2,17,44.5,0 days 00:00:32.523000,0 days 00:00:36.351000,0 days 00:00:26.524000,1,95.398,6356.222,8.626000000000204,True,False,False,11.0,0.0,0.0,32.523,36.351,26.524,0,0,0,0.0,94.8962,0.08227818665975223,6.098821818656669,0,0,94.877,94.648,-0.2289999999999992,0.06300000000000239,0.5210000000000008,-0.04066666666666663,0.0,0.2430000000000021,0.15199736839827235,-0.04066666666666663,0,0,2022,Miami Grand Prix,0.0,19,0.0
ALB,28,0 days 00:01:34.648000,HARD,12.0,True,0 days 01:47:30.870000,30.1,17,46.4,0 days 00:00:32.213000,0 days 00:00:36.076000,0 days 00:00:26.359000,1,94.648,6450.87,9.268000000000029,True,False,False,12.0,0.0,0.0,32.213,36.076,26.359,0,0,0,0.0,94.98299999999999,0.2432149255288718,-1.3773825733413974,0,0,95.398,96.381,0.9830000000000041,0.5840000000000032,-0.75,0.19033333333333266,0.0,0.006000000000000227,0.15642985648526367,0.19033333333333266,0,0,2022,Miami Grand Prix,0.0,19,0.0
ALB,29,0 days 00:01:36.381000,HARD,13.0,True,0 days 01:49:07.251000,30.0,17,45.1,0 days 00:00:33.684000,0 days 00:00:36.254000,0 days 00:00:26.443000,1,96.381,6547.251,8.23700000000008,True,False,False,13.0,0.0,0.0,33.684,36.254,26.443,0,0,0,0.0,94.91279999999999,0.2845798657670929,5.159184385875075,0,0,94.648,94.85,0.20199999999999818,0.0,1.733000000000004,-0.05533333333333227,0.0,0.08999999999999986,0.12915997832146134,-0.05533333333333227,0,0,2022,Miami Grand Prix,0.0,19,0.0
ALB,30,0 days 00:01:34.850000,HARD,14.0,True,0 days 01:50:42.101000,29.9,17,43.8,0 days 00:00:32.313000,0 days 00:00:36.123000,0 days 00:00:26.414000,1,94.85,6642.101,9.115999999999985,True,False,False,14.0,0.0,0.0,32.313,36.123,26.414,0,0,0,0.0,95.22359999999999,0.7051966392432774,-0.529781310927536,0,0,96.381,95.038,-1.3430000000000035,1.733000000000004,-1.531000000000006,0.501333333333335,0.0,0.054999999999999716,0.10478549517943837,0.501333333333335,0,0,2022,Miami Grand Prix,0.0,19,0.0
ALB,31,0 days 00:01:35.038000,HARD,15.0,True,0 days 01:52:17.139000,29.9,16,45.0,0 days 00:00:32.385000,0 days 00:00:36.151000,0 days 00:00:26.502000,1,95.038,6737.139,9.172999999999774,True,False,False,15.0,0.0,0.0,32.385,36.151,26.502,0,0,0,0.0,95.2308,0.7001347727402291,-0.2753755526888249,0,0,94.85,94.877,0.027000000000001023,0.20199999999999818,0.1880000000000024,-0.18266666666666728,0.0,0.14299999999999713,0.08939071540154547,-0.18266666666666728,0,0,2022,Miami Grand Prix,0.0,19,0.0
ALB,32,0 days 00:01:34.877000,HARD,16.0,True,0 days 01:53:52.016000,29.8,16,44.3,0 days 00:00:32.276000,0 days 00:00:36.154000,0 days 00:00:26.447000,1,94.877,6832.016,2.9520000000002256,True,False,False,16.0,0.0,0.0,32.276,36.154,26.447,0,0,0,0.0,95.263,0.6832949582720566,-0.564909773337333,0,0,95.038,94.499,-0.5390000000000015,0.39000000000000057,-0.16100000000000136,0.1300000000000002,0.0,0.0329999999999977,0.09080914050909228,0.1300000000000002,0,0,2022,Miami Grand Prix,0.0,19,0.0
ALB,33,0 days 00:01:34.499000,HARD,17.0,True,0 days 01:55:26.515000,29.9,16,44.3,0 days 00:00:32.092000,0 days 00:00:36.036000,0 days 00:00:26.371000,1,94.499,6926.515,3.399999999999636,True,False,False,17.0,0.0,0.0,32.092,36.036,26.371,0,0,0,0.0,95.1588,0.6971461109408942,-0.9464300089252649,0,0,94.877,94.622,-0.25499999999999545,0.2289999999999992,-0.3780000000000001,-0.501333333333335,0.0,-0.043000000000002814,0.05318176379173492,-0.501333333333335,0,0,2022,Miami Grand Prix,0.0,19,0.0
ALB,34,0 days 00:01:34.622000,HARD,18.0,True,0 days 01:57:01.137000,29.8,16,43.0,0 days 00:00:32.041000,0 days 00:00:36.246000,0 days 00:00:26.335000,1,94.622,7021.137,3.8590000000003783,True,False,False,18.0,0.0,0.0,32.041,36.246,26.335,0,0,0,0.0,95.12899999999999,0.7269852130545815,-0.6974007048502726,0,0,94.499,94.364,-0.1349999999999909,0.0,0.12300000000000466,-0.1169999999999997,0.0,-0.03599999999999781,0.0690202868727739,-0.1169999999999997,0,0,2022,Miami Grand Prix,0.0,19,0.0
ALB,35,0 days 00:01:34.364000,HARD,19.0,True,0 days 01:58:35.501000,29.5,16,41.8,0 days 00:00:32.097000,0 days 00:00:35.993000,0 days 00:00:26.274000,1,94.364,7115.501,4.206999999999425,True,False,False,19.0,0.0,0.0,32.097,35.993,26.274,0,0,0,0.0,94.77720000000001,0.21491789129809138,-1.9225947058399826,1,0,94.622,94.062,-0.5600000000000023,0.12300000000000466,-0.25799999999999557,-0.1386666666666656,0.0,-0.06099999999999994,0.07597236339617075,-0.1386666666666656,0,0,2022,Miami Grand Prix,0.0,19,0.0
ALB,36,0 days 00:01:34.062000,HARD,20.0,True,0 days 02:00:09.563000,29.4,16,41.0,0 days 00:00:31.890000,0 days 00:00:35.944000,0 days 00:00:26.228000,1,94.062,7209.563,4.378999999999905,True,False,False,20.0,0.0,0.0,31.89,35.944,26.228,0,0,0,0.0,94.67999999999999,0.27520628626544846,-2.245588239957234,1,1,94.364,93.693,-0.6710000000000065,0.0,-0.3020000000000067,-0.17099999999999702,0.0,-0.045999999999999375,0.0838820600605383,-0.17099999999999702,0,0,2022,Miami Grand Prix,0.0,19,0.0
ALB,37,0 days 00:01:33.693000,HARD,21.0,True,0 days 02:01:43.256000,29.6,16,41.7,0 days 00:00:31.652000,0 days 00:00:35.851000,0 days 00:00:26.190000,1,93.693,7303.256,4.810999999999694,True,False,False,21.0,0.0,0.0,31.652,35.851,26.19,0,0,0,0.0,94.48479999999999,0.3025718096585074,-2.616899442461764,1,1,94.062,93.909,-0.1529999999999916,0.0,-0.3689999999999998,-0.14566666666666586,0.0,-0.038000000000000256,0.036705585406037126,-0.14566666666666586,0,0,2022,Miami Grand Prix,0.0,19,0.0
ALB,38,0 days 00:01:33.909000,HARD,22.0,True,0 days 02:03:17.165000,29.7,16,42.9,0 days 00:00:31.872000,0 days 00:00:35.901000,0 days 00:00:26.136000,1,93.909,7397.165,5.457999999999629,True,False,False,22.0,0.0,0.0,31.872,35.901,26.136,0,0,0,0.0,94.248,0.3738161312731553,-0.9068629511664498,0,1,93.693,93.706,0.01300000000000523,0.0,0.21600000000000819,-0.30966666666666737,0.0,-0.054000000000002046,0.009884331034519038,-0.30966666666666737,0,0,2022,Miami Grand Prix,0.0,19,0.0
ALB,39,0 days 00:01:33.706000,HARD,23.0,True,0 days 02:04:50.871000,29.8,16,42.7,0 days 00:00:31.694000,0 days 00:00:35.857000,0 days 00:00:26.155000,1,93.706,7490.871,5.701000000000022,True,False,False,23.0,0.0,0.0,31.694,35.857,26.155,0,0,0,0.0,94.13,0.367849833491917,-1.1526442624020086,0,0,93.909,96.751,2.8419999999999987,0.21600000000000819,-0.20300000000000296,-0.1516666666666661,0.0,0.019000000000001904,0.01058300524425687,-0.1516666666666661,0,0,2022,Miami Grand Prix,0.0,19,0.0
ALB,47,0 days 00:01:36.751000,HARD,31.0,True,0 days 02:21:29.998000,29.6,11,40.7,0 days 00:00:33.005000,0 days 00:00:36.866000,0 days 00:00:26.880000,12,96.751,8489.998,0.467000000000553,True,False,False,31.0,0.0,0.0,33.005,36.866,26.88,0,0,1,0.0,93.9468,0.27890625665272173,10.054274269980397,0,0,93.706,94.959,1.2530000000000001,0.01300000000000523,3.0450000000000017,-0.11866666666666485,0.0,0.7439999999999998,0.03192961008217951,-0.11866666666666485,0,1,2022,Miami Grand Prix,0.0,19,0.0
ALB,48,0 days 00:01:34.959000,HARD,32.0,True,0 days 02:23:04.957000,29.6,11,39.8,0 days 00:00:32.389000,0 days 00:00:36.134000,0 days 00:00:26.436000,1,94.959,8584.957,0.44499999999970896,True,False,False,32.0,0.0,0.0,32.389,36.134,26.436,0,0,0,0.0,94.42420000000001,1.3096834350330706,0.4083429519641789,0,0,96.751,95.758,-0.9930000000000092,3.058000000000007,-1.7920000000000016,1.0193333333333356,0.0,0.3000000000000007,0.3472203911062827,1.0193333333333356,0,1,2022,Miami Grand Prix,0.0,19,0.0
ALB,49,0 days 00:01:35.758000,HARD,33.0,True,0 days 02:24:40.715000,29.6,12,39.6,0 days 00:00:31.917000,0 days 00:00:35.857000,0 days 00:00:27.984000,1,95.758,8680.715,0.3569999999999709,True,False,False,33.0,0.0,0.0,31.917,35.857,27.984,0,0,0,0.0,94.6036,1.3091011420054666,0.8818264402638302,0,0,94.959,94.45,-0.5090000000000003,1.2660000000000053,0.7989999999999924,0.34999999999999903,0.0,1.8290000000000006,0.33900176990688424,0.34999999999999903,0,1,2022,Miami Grand Prix,0.0,19,0.0
ALB,50,0 days 00:01:34.450000,HARD,34.0,True,0 days 02:26:15.165000,29.7,12,39.5,0 days 00:00:32.290000,0 days 00:00:35.817000,0 days 00:00:26.343000,1,94.45,8775.165,0.7619999999988067,True,False,False,34.0,0.0,0.0,32.29,35.817,26.343,0,0,0,0.0,95.01660000000001,1.275302434718919,-0.444286770396458,0,0,95.758,93.877,-1.8810000000000002,2.0519999999999925,-1.3079999999999927,0.6839999999999975,0.0,-0.09299999999999997,0.7715577100904379,0.6839999999999975,0,1,2022,Miami Grand Prix,0.0,19,0.0
ALB,51,0 days 00:01:33.877000,HARD,35.0,True,0 days 02:27:49.042000,29.6,12,38.6,0 days 00:00:31.966000,0 days 00:00:35.812000,0 days 00:00:26.099000,1,93.877,8869.042,0.6230000000014115,True,False,False,35.0,0.0,0.0,31.966,35.812,26.099,0,0,0,0.0,95.1248,1.1769990229392724,-1.0601538112443945,0,0,94.45,93.563,-0.8870000000000005,0.7439999999999998,-0.5730000000000075,-0.7670000000000007,0.0,-0.24399999999999977,0.7795682779590251,-0.7670000000000007,0,1,2022,Miami Grand Prix,0.0,19,0.0
ALB,52,0 days 00:01:33.563000,HARD,36.0,True,0 days 02:29:22.605000,29.7,12,39.2,0 days 00:00:31.849000,0 days 00:00:35.567000,0 days 00:00:26.147000,1,93.563,8962.605,0.4250000000010914,True,False,False,36.0,0.0,0.0,31.849,35.567,26.147,0,0,0,0.0,95.159,1.1268839780563067,-1.4162948724791051,0,0,93.877,93.637,-0.23999999999999488,0.0,-0.31399999999999295,-0.3606666666666693,0.0,0.047999999999998266,0.8322714100580412,-0.3606666666666693,0,1,2022,Miami Grand Prix,0.0,19,0.0
ALB,53,0 days 00:01:33.637000,HARD,37.0,True,0 days 02:30:56.242000,29.7,12,39.4,0 days 00:00:31.869000,0 days 00:00:35.629000,0 days 00:00:26.139000,1,93.637,9056.242,0.7659999999996217,True,False,False,37.0,0.0,0.0,31.869,35.629,26.139,0,0,0,0.0,94.5214,0.8745789272558622,-1.0112294870572203,0,0,93.563,95.19,1.6269999999999953,0.0,0.07399999999999807,-0.7316666666666644,0.0,0.03999999999999915,0.8409235993834401,-0.7316666666666644,0,1,2022,Miami Grand Prix,0.0,19,0.0
ALB,54,0 days 00:01:35.190000,HARD,38.0,True,0 days 02:32:31.432000,29.5,10,38.5,0 days 00:00:33.387000,0 days 00:00:35.749000,0 days 00:00:26.054000,12,95.19,9151.432,2.649999999999636,True,False,False,38.0,0.0,0.0,33.387,35.749,26.054,0,0,1,0.0,94.25699999999999,0.908389508966294,1.0270924430443045,0,0,93.637,93.983,0.34600000000000364,0.07399999999999807,1.5529999999999973,-0.2710000000000008,0.0,-0.045000000000001705,0.8541150390901688,-0.2710000000000008,0,0,2022,Miami Grand Prix,0.0,19,0.0
ALB,55,0 days 00:01:33.983000,HARD,39.0,True,0 days 02:34:05.415000,29.6,10,39.2,0 days 00:00:32.044000,0 days 00:00:35.793000,0 days 00:00:26.146000,1,93.983,9245.415,2.687999999998283,True,False,False,39.0,0.0,0.0,32.044,35.793,26.146,0,0,0,0.0,94.1434,0.6807439312987186,-0.23562457574022827,0,0,95.19,93.637,-1.5529999999999973,1.6269999999999953,-1.2069999999999936,0.4376666666666675,0.0,0.0920000000000023,0.11919186213831783,0.4376666666666675,0,0,2022,Miami Grand Prix,0.0,19,0.0
ALB,56,0 days 00:01:33.637000,HARD,40.0,True,0 days 02:35:39.052000,29.6,10,39.2,0 days 00:00:31.862000,0 days 00:00:35.654000,0 days 00:00:26.121000,12,93.637,9339.052,3.324000000000524,True,False,False,40.0,0.0,0.0,31.862,35.654,26.121,0,0,1,0.0,94.05,0.659878019030818,-0.6258732494326479,0,0,93.983,93.447,-0.5360000000000014,0.4200000000000017,-0.34600000000000364,0.14000000000000057,0.0,0.06700000000000017,0.1337467756620696,0.14000000000000057,0,0,2022,Miami Grand Prix,0.0,19,0.0
ALO,2,0 days 00:01:36.176000,MEDIUM,2.0,True,0 days 01:05:33.501000,30.4,7,40.4,0 days 00:00:33.014000,0 days 00:00:36.526000,0 days 00:00:26.636000,1,96.176,3933.501,0.681999999999789,False,True,False,2.0,0.0,0.0,33.014,36.526,26.636,0,0,0,0.0,93.9788,0.7041819367180878,3.120216360902796,0,0,96.176,96.848,0.671999999999997,2.728999999999999,0.0,-0.5809999999999983,0.0,0.6469999999999985,0.06931594333196357,0.0,0,1,2022,Miami Grand Prix,0.0,19,0.0
ALO,3,0 days 00:01:36.848000,MEDIUM,3.0,True,0 days 01:07:10.349000,31.0,8,44.0,0 days 00:00:33.138000,0 days 00:00:36.966000,0 days 00:00:26.744000,1,96.848,4030.349,1.6079999999997199,False,True,False,3.0,0.0,0.0,33.138,36.966,26.744,0,0,0,0.0,,,0.0,0,0,96.176,95.647,-0.5289999999999964,0.0,0.671999999999997,0.0,0.0,0.0,0.0,0.0,0,0,2022,Miami Grand Prix,0.0,19,0.0
ALO,4,0 days 00:01:35.647000,MEDIUM,4.0,True,0 days 01:08:45.996000,31.3,8,46.5,0 days 00:00:32.936000,0 days 00:00:36.230000,0 days 00:00:26.481000,1,95.647,4125.996,1.9160000000001673,False,True,False,4.0,0.0,0.0,32.936,36.23,26.481,0,0,0,0.0,,,0.0,0,0,96.848,95.73,-1.117999999999995,0.0,-1.2009999999999934,0.3359999999999985,0.0,-0.15499999999999758,0.0,0.0,0,0,2022,Miami Grand Prix,0.0,19,0.0
ALO,5,0 days 00:01:35.730000,MEDIUM,5.0,True,0 days 01:10:21.726000,31.3,8,46.4,0 days 00:00:32.763000,0 days 00:00:36.514000,0 days 00:00:26.453000,1,95.73,4221.726,2.0219999999999345,False,True,False,5.0,0.0,0.0,32.763,36.514,26.453,0,0,0,0.0,96.22366666666666,0.6019172146843214,-0.8201570824412481,0,0,95.647,95.713,0.06599999999998829,0.0,0.08299999999999841,-0.17633333333333212,0.0,-0.028000000000002245,0.42540921475680155,-0.2644999999999982,0,0,2022,Miami Grand Prix,0.0,19,0.0
ALO,6,0 days 00:01:35.713000,MEDIUM,6.0,True,0 days 01:11:57.439000,31.3,8,46.0,0 days 00:00:32.684000,0 days 00:00:36.615000,0 days 00:00:26.414000,1,95.713,4317.439,2.20299999999952,False,True,False,6.0,0.0,0.0,32.684,36.615,26.414,0,0,0,0.0,96.10025,0.5499662868455352,-0.7041340701466902,0,0,95.73,96.824,1.093999999999994,0.08299999999999841,-0.017000000000010118,-0.14866666666666598,0.0,-0.038999999999997925,0.36036740511131954,-0.14866666666666598,0,0,2022,Miami Grand Prix,0.0,19,0.0
ALO,7,0 days 00:01:36.824000,MEDIUM,7.0,True,0 days 01:13:34.263000,31.5,8,46.3,0 days 00:00:33.316000,0 days 00:00:36.940000,0 days 00:00:26.568000,1,96.824,4414.263,1.7910000000001673,False,True,False,7.0,0.0,0.0,33.316,36.94,26.568,0,0,0,0.0,96.0228,0.5067935477095192,1.5809198905965969,0,0,95.713,96.222,0.5090000000000003,0.06599999999998829,1.1110000000000042,-0.378333333333335,0.0,0.15399999999999991,0.31969282131446003,-0.378333333333335,0,0,2022,Miami Grand Prix,0.0,19,0.0
ALO,8,0 days 00:01:36.222000,MEDIUM,8.0,True,0 days 01:15:10.485000,31.7,8,46.7,0 days 00:00:33.060000,0 days 00:00:36.665000,0 days 00:00:26.497000,1,96.222,4510.485,2.035000000000764,False,True,False,8.0,0.0,0.0,33.06,36.665,26.497,0,0,0,0.0,96.1524,0.6248658255977841,0.11138391179164035,0,0,96.824,95.859,-0.9650000000000034,1.1769999999999925,-0.6020000000000039,0.3923333333333308,0.0,0.08299999999999841,0.1108165150146846,0.3923333333333308,0,0,2022,Miami Grand Prix,0.0,19,0.0
ALO,9,0 days 00:01:35.859000,MEDIUM,9.0,True,0 days 01:16:46.344000,31.6,8,46.7,0 days 00:00:32.970000,0 days 00:00:36.453000,0 days 00:00:26.436000,1,95.859,4606.344,2.618000000000393,False,True,False,9.0,0.0,0.0,32.97,36.453,26.436,0,0,0,0.0,96.0272,0.5011084712913964,-0.3356558702081688,0,0,96.222,95.828,-0.39399999999999125,0.5749999999999886,-0.36299999999999955,0.16399999999999673,0.0,0.021999999999998465,0.1192581234130394,0.16399999999999673,0,0,2022,Miami Grand Prix,0.0,19,0.0
ALO,10,0 days 00:01:35.828000,MEDIUM,10.0,True,0 days 01:18:22.172000,31.3,8,45.0,0 days 00:00:32.825000,0 days 00:00:36.521000,0 days 00:00:26.482000,1,95.828,4702.172,2.985000000000582,False,True,False,10.0,0.0,0.0,32.825,36.521,26.482,0,0,0,0.0,96.06960000000001,0.468825447261561,-0.515330388764531,0,0,95.859,95.656,-0.20299999999998875,0.1460000000000008,-0.0309999999999917,0.048666666666666934,0.0,0.045999999999999375,0.08065543999012076,0.048666666666666934,0,0,2022,Miami Grand Prix,0.0,19,0.0
ALO,11,0 days 00:01:35.656000,MEDIUM,11.0,True,0 days 01:19:57.828000,31.1,8,44.9,0 days 00:00:32.717000,0 days 00:00:36.402000,0 days 00:00:26.537000,1,95.656,4797.828,3.6809999999995853,False,True,False,11.0,0.0,0.0,32.717,36.402,26.537,0,0,0,0.0,96.08919999999999,0.45285505407360005,-0.9565974722004086,0,0,95.828,95.523,-0.3050000000000068,0.1150000000000091,-0.17199999999999704,-0.33199999999999835,0.0,0.10099999999999909,0.07171959285997033,-0.33199999999999835,0,0,2022,Miami Grand Prix,0.0,19,0.0
ALO,12,0 days 00:01:35.523000,MEDIUM,12.0,True,0 days 01:21:33.351000,30.9,8,45.6,0 days 00:00:32.771000,0 days 00:00:36.491000,0 days 00:00:26.261000,1,95.523,4893.351,4.2280000000000655,False,True,False,12.0,0.0,0.0,32.771,36.491,26.261,0,0,0,0.0,96.0778,0.46524101280949093,-1.192500198229906,0,0,95.656,95.504,-0.15200000000000102,0.0,-0.13300000000000978,-0.18866666666666276,0.0,-0.1750000000000007,0.051085222912306515,-0.18866666666666276,0,0,2022,Miami Grand Prix,0.0,19,0.0
ALO,13,0 days 00:01:35.504000,MEDIUM,13.0,True,0 days 01:23:08.855000,30.6,8,45.2,0 days 00:00:32.644000,0 days 00:00:36.390000,0 days 00:00:26.470000,1,95.504,4988.855,4.40900000000056,False,True,False,13.0,0.0,0.0,32.644,36.39,26.47,0,0,0,0.0,95.8176,0.2637542416720559,-1.1889856178689049,0,0,95.523,95.408,-0.11499999999999488,0.0,-0.018999999999991246,-0.1119999999999995,0.0,0.20899999999999963,0.1108255385730201,-0.1119999999999995,0,0,2022,Miami Grand Prix,0.0,19,0.0
ALO,14,0 days 00:01:35.408000,MEDIUM,14.0,True,0 days 01:24:44.263000,30.5,8,45.2,0 days 00:00:32.609000,0 days 00:00:36.336000,0 days 00:00:26.463000,1,95.408,5084.263,4.78899999999976,False,True,False,14.0,0.0,0.0,32.609,36.336,26.463,0,0,0,0.0,95.674,0.16580560907279654,-1.6042883077810637,1,0,95.504,95.662,0.15800000000000125,0.0,-0.09600000000000364,-0.10799999999999936,0.0,0.20200000000000173,0.14041474281570307,-0.10799999999999936,0,0,2022,Miami Grand Prix,0.0,19,0.0
ALO,17,0 days 00:01:35.662000,HARD,3.0,True,0 days 01:29:54.176000,30.2,12,45.3,0 days 00:00:32.407000,0 days 00:00:36.561000,0 days 00:00:26.694000,1,95.662,5394.176,0.7479999999995925,True,False,False,3.0,0.0,0.0,32.407,36.561,26.694,0,0,0,0.0,95.5838,0.1626474715450569,0.48079444000668947,0,1,95.408,95.417,0.009000000000000341,0.0,0.2540000000000049,-0.08266666666666822,0.0,0.43299999999999983,0.15659597695981903,-0.08266666666666822,0,1,2022,Miami Grand Prix,0.0,19,0.0
ALO,18,0 days 00:01:35.417000,HARD,4.0,True,0 days 01:31:29.593000,30.1,12,43.3,0 days 00:00:32.319000,0 days 00:00:36.545000,0 days 00:00:26.553000,1,95.417,5489.593,0.9819999999999709,True,False,False,4.0,0.0,0.0,32.319,36.545,26.553,0,0,0,0.0,95.5506,0.10815174524712848,-1.2353013785836107,0,0,95.662,95.106,-0.5560000000000116,0.2540000000000049,-0.24500000000000455,0.04633333333333667,0.0,0.08999999999999986,0.22035199114144657,0.04633333333333667,0,1,2022,Miami Grand Prix,0.0,19,0.0
ALO,19,0 days 00:01:35.106000,HARD,5.0,True,0 days 01:33:04.699000,29.9,11,42.6,0 days 00:00:32.259000,0 days 00:00:36.287000,0 days 00:00:26.560000,12,95.106,5584.699,1.2080000000005384,True,False,False,5.0,0.0,0.0,32.259,36.287,26.56,0,0,1,0.0,95.50280000000001,0.10259483417794013,-3.8676411261779964,1,0,95.417,95.114,-0.30299999999999727,0.009000000000000341,-0.31100000000000705,-0.029000000000001098,0.0,0.09699999999999775,0.2210671843580592,-0.029000000000001098,0,0,2022,Miami Grand Prix,0.0,19,0.0
ALO,20,0 days 00:01:35.114000,HARD,6.0,True,0 days 01:34:39.813000,29.8,11,42.6,0 days 00:00:32.265000,0 days 00:00:36.399000,0 days 00:00:26.450000,21,95.114,5679.813,1.2690000000002328,True,False,False,6.0,0.0,0.0,32.265,36.399,26.45,0,0,1,0.0,95.4194,0.2027111245097301,-1.5065774053526721,1,1,95.106,95.034,-0.07199999999998852,0.0,0.008000000000009777,-0.1006666666666689,0.0,-0.10300000000000153,0.13864595197841195,-0.1006666666666689,0,0,2022,Miami Grand Prix,0.0,19,0.0
ALO,21,0 days 00:01:35.034000,HARD,7.0,True,0 days 01:36:14.847000,29.8,11,42.3,0 days 00:00:32.166000,0 days 00:00:36.419000,0 days 00:00:26.449000,1,95.034,5774.847,1.1580000000003565,True,False,False,7.0,0.0,0.0,32.166,36.419,26.449,0,0,0,0.0,95.3414,0.23455233957476773,-1.3105816832067787,0,1,95.114,95.342,0.22799999999999443,0.008000000000009777,-0.0799999999999983,-0.18266666666666728,0.0,-0.0009999999999976694,0.19558808757181578,-0.18266666666666728,0,0,2022,Miami Grand Prix,0.0,19,0.0
ALO,22,0 days 00:01:35.342000,HARD,8.0,True,0 days 01:37:50.189000,29.7,11,42.4,0 days 00:00:32.458000,0 days 00:00:36.419000,0 days 00:00:26.465000,1,95.342,5870.189,0.8710000000000946,True,False,False,8.0,0.0,0.0,32.458,36.419,26.465,0,0,0,0.0,95.26660000000001,0.26558576769095804,0.28390075513280116,0,0,95.034,94.929,-0.10500000000000398,0.0,0.3079999999999927,-0.12766666666666518,0.0,0.015999999999998238,0.20146761526359522,-0.12766666666666518,0,1,2022,Miami Grand Prix,0.0,19,0.0
ALO,23,0 days 00:01:34.929000,HARD,9.0,True,0 days 01:39:25.118000,29.9,11,42.3,0 days 00:00:32.098000,0 days 00:00:36.406000,0 days 00:00:26.425000,1,94.929,5965.118,0.8419999999996435,True,False,False,9.0,0.0,0.0,32.098,36.406,26.425,0,0,0,0.0,95.20259999999999,0.16658871510397513,-1.6423681509832295,1,0,95.342,94.868,-0.47400000000000375,0.3079999999999927,-0.4129999999999967,0.07866666666666806,0.0,-0.02400000000000091,0.08126315278156507,0.07866666666666806,0,1,2022,Miami Grand Prix,0.0,19,0.0
ALO,24,0 days 00:01:34.868000,HARD,10.0,True,0 days 01:40:59.986000,30.0,11,42.1,0 days 00:00:32.103000,0 days 00:00:36.346000,0 days 00:00:26.419000,1,94.868,6059.986,0.8240000000005239,True,False,False,10.0,0.0,0.0,32.103,36.346,26.419,0,0,0,0.0,95.105,0.1518782407061445,-1.5604605300805328,1,1,94.929,95.106,0.1769999999999925,0.0,-0.06100000000000705,-0.061666666666667425,0.0,-0.006000000000000227,0.07212142538802159,-0.061666666666667425,0,1,2022,Miami Grand Prix,0.0,19,0.0
ALO,25,0 days 00:01:35.106000,HARD,11.0,True,0 days 01:42:35.092000,30.0,11,43.7,0 days 00:00:32.230000,0 days 00:00:36.263000,0 days 00:00:26.613000,1,95.106,6155.092,0.9010000000007494,True,False,False,11.0,0.0,0.0,32.23,36.263,26.613,0,0,0,0.0,95.0574,0.18513994706706235,0.26250412604033624,0,1,94.868,94.875,0.007000000000005002,0.0,0.23799999999999955,-0.05533333333333701,0.0,0.19399999999999906,0.046618665789574625,-0.05533333333333701,0,1,2022,Miami Grand Prix,0.0,19,0.0
ALO,26,0 days 00:01:34.875000,HARD,12.0,True,0 days 01:44:09.967000,30.2,11,44.5,0 days 00:00:32.070000,0 days 00:00:36.359000,0 days 00:00:26.446000,1,94.875,6249.967,0.886000000000422,True,False,False,12.0,0.0,0.0,32.07,36.359,26.446,0,0,0,0.0,95.0558,0.18456218464245133,-0.979615625759227,0,0,95.106,94.782,-0.32399999999999807,0.23799999999999955,-0.23099999999999454,-0.07866666666666806,0.0,0.027000000000001023,0.08957789905997984,-0.07866666666666806,0,1,2022,Miami Grand Prix,0.0,19,0.0
ALO,27,0 days 00:01:34.782000,HARD,13.0,True,0 days 01:45:44.749000,30.2,11,44.5,0 days 00:00:32.078000,0 days 00:00:36.266000,0 days 00:00:26.438000,1,94.782,6344.749,1.079000000000633,True,False,False,13.0,0.0,0.0,32.078,36.266,26.438,0,0,0,0.0,95.024,0.20212001385314224,-1.1973084475238482,0,0,94.875,95.056,0.18099999999999739,0.007000000000005002,-0.09300000000000352,-0.018000000000000682,0.0,0.01899999999999835,0.08755455442180027,-0.018000000000000682,0,0,2022,Miami Grand Prix,0.0,19,0.0
ALO,28,0 days 00:01:35.056000,HARD,14.0,True,0 days 01:47:19.805000,30.1,11,46.4,0 days 00:00:31.905000,0 days 00:00:36.448000,0 days 00:00:26.703000,1,95.056,6439.805,0.850999999999658,True,False,False,14.0,0.0,0.0,31.905,36.448,26.703,0,0,0,0.0,94.912,0.12055081915937277,1.1945169763601338,0,0,94.782,94.885,0.10300000000000864,0.0,0.2740000000000009,-0.028666666666666174,0.0,0.26500000000000057,0.08734700910735285,-0.028666666666666174,0,1,2022,Miami Grand Prix,0.0,19,0.0
ALO,29,0 days 00:01:34.885000,HARD,15.0,True,0 days 01:48:54.690000,30.0,11,45.6,0 days 00:00:31.973000,0 days 00:00:36.478000,0 days 00:00:26.434000,1,94.885,6534.69,0.6580000000003565,True,False,False,15.0,0.0,0.0,31.973,36.478,26.434,0,0,0,0.0,94.9374,0.13725086520672664,-0.381782657042394,0,0,95.056,94.822,-0.23399999999999466,0.2740000000000009,-0.17099999999999227,-0.01666666666666572,0.0,-0.003999999999997783,0.12164168693338666,-0.01666666666666572,0,1,2022,Miami Grand Prix,0.0,19,0.0
ALO,30,0 days 00:01:34.822000,HARD,16.0,True,0 days 01:50:29.512000,29.9,11,43.8,0 days 00:00:31.973000,0 days 00:00:36.322000,0 days 00:00:26.527000,1,94.822,6629.512,1.2690000000002328,True,False,False,16.0,0.0,0.0,31.973,36.322,26.527,0,0,0,0.0,94.9408,0.1352985587506185,-0.8780581337822274,0,0,94.885,94.813,-0.07200000000000273,0.10300000000000864,-0.06300000000000239,0.0033333333333350388,0.0,0.09299999999999997,0.1212093230737633,0.0033333333333350388,0,0,2022,Miami Grand Prix,0.0,19,0.0
ALO,31,0 days 00:01:34.813000,HARD,17.0,True,0 days 01:52:04.325000,29.9,10,45.0,0 days 00:00:32.113000,0 days 00:00:36.170000,0 days 00:00:26.530000,1,94.813,6724.325,1.0489999999999782,True,False,False,17.0,0.0,0.0,32.113,36.17,26.53,0,0,0,0.0,94.88399999999999,0.10477833745577746,-0.6776209827718431,0,0,94.822,94.402,-0.4200000000000017,0.04000000000000625,-0.009000000000000341,0.013333333333335418,0.0,0.09600000000000009,0.10952168735004036,0.013333333333335418,0,0,2022,Miami Grand Prix,0.0,19,0.0
ALO,32,0 days 00:01:34.402000,HARD,18.0,True,0 days 01:53:38.727000,29.8,10,44.3,0 days 00:00:31.878000,0 days 00:00:36.112000,0 days 00:00:26.412000,1,94.402,6818.727,1.3699999999998909,True,False,False,18.0,0.0,0.0,31.878,36.112,26.412,0,0,0,0.0,94.8716,0.10966448832688346,-4.282151926886625,1,0,94.813,94.784,-0.028999999999996362,0.03100000000000591,-0.41100000000000136,-0.08099999999999834,0.0,-0.022000000000002018,0.10544524645521015,-0.08099999999999834,0,0,2022,Miami Grand Prix,0.0,19,0.0
ALO,33,0 days 00:01:34.784000,HARD,19.0,True,0 days 01:55:13.511000,29.9,10,44.3,0 days 00:00:31.940000,0 days 00:00:36.406000,0 days 00:00:26.438000,1,94.784,6913.511,1.1609999999991487,True,False,False,19.0,0.0,0.0,31.94,36.406,26.438,0,0,0,0.0,94.79560000000001,0.24068714132666183,-0.0481953457756923,0,1,94.402,94.242,-0.1599999999999966,0.0,0.382000000000005,-0.16100000000000136,0.0,0.0259999999999998,0.11396622306631062,-0.16100000000000136,0,0,2022,Miami Grand Prix,0.0,19,0.0
ALO,34,0 days 00:01:34.242000,HARD,20.0,True,0 days 01:56:47.753000,29.8,10,43.0,0 days 00:00:31.831000,0 days 00:00:36.111000,0 days 00:00:26.300000,1,94.242,7007.753,1.417000000000371,True,False,False,20.0,0.0,0.0,31.831,36.111,26.3,0,0,0,0.0,94.7412,0.19316495541377118,-2.5843197019391266,1,0,94.784,94.319,-0.4650000000000034,0.382000000000005,-0.5420000000000016,-0.012666666666665568,0.0,-0.11199999999999832,0.05453622649212196,-0.012666666666665568,0,0,2022,Miami Grand Prix,0.0,19,0.0
ALO,35,0 days 00:01:34.319000,HARD,21.0,True,0 days 01:58:22.072000,29.5,10,41.8,0 days 00:00:31.723000,0 days 00:00:36.163000,0 days 00:00:26.433000,1,94.319,7102.072,1.7550000000001091,True,False,False,21.0,0.0,0.0,31.723,36.163,26.433,0,0,0,0.0,94.61260000000001,0.2716078054843275,-1.0809704068573007,0,1,94.242,94.318,0.0759999999999934,0.0,0.07699999999999818,-0.19033333333333266,0.0,0.13299999999999912,0.0869724094181594,-0.19033333333333266,0,0,2022,Miami Grand Prix,0.0,19,0.0
ALO,36,0 days 00:01:34.318000,HARD,22.0,True,0 days 01:59:56.390000,29.4,10,41.8,0 days 00:00:31.881000,0 days 00:00:36.211000,0 days 00:00:26.226000,1,94.318,7196.39,2.1679999999996653,True,False,False,22.0,0.0,0.0,31.881,36.211,26.226,0,0,0,0.0,94.512,0.2677844282254277,-0.7244633352492346,0,0,94.319,94.127,-0.19200000000000728,0.07699999999999818,-0.0010000000000047748,-0.027666666666666135,0.0,-0.07400000000000162,0.09705771478867559,-0.027666666666666135,0,0,2022,Miami Grand Prix,0.0,19,0.0
ALO,37,0 days 00:01:34.127000,HARD,23.0,True,0 days 02:01:30.517000,29.6,10,41.7,0 days 00:00:31.871000,0 days 00:00:35.968000,0 days 00:00:26.288000,1,94.127,7290.517,2.105000000000473,True,False,False,23.0,0.0,0.0,31.871,35.968,26.288,0,0,0,0.0,94.413,0.2149790687486239,-1.3303620750837961,0,0,94.318,94.126,-0.19199999999999307,0.0759999999999934,-0.1910000000000025,-0.15533333333333607,0.0,0.062000000000001165,0.09537924302488421,-0.15533333333333607,0,0,2022,Miami Grand Prix,0.0,19,0.0
ALO,38,0 days 00:01:34.126000,HARD,24.0,True,0 days 02:03:04.643000,29.7,10,42.9,0 days 00:00:31.920000,0 days 00:00:36.139000,0 days 00:00:26.067000,1,94.126,7384.643,2.269000000000233,True,False,False,24.0,0.0,0.0,31.92,36.139,26.067,0,0,0,0.0,94.358,0.25070600311924945,-0.9253866964232502,0,0,94.127,95.083,0.9560000000000031,0.0,-0.000999999999990564,-0.03833333333333636,0.0,-0.15899999999999892,0.09997999799959964,-0.03833333333333636,0,0,2022,Miami Grand Prix,0.0,19,0.0
ALO,39,0 days 00:01:35.083000,HARD,25.0,True,0 days 02:04:39.726000,29.8,9,42.7,0 days 00:00:32.426000,0 days 00:00:36.266000,0 days 00:00:26.391000,1,95.083,7479.726,1.8090000000001965,True,False,False,25.0,0.0,0.0,32.426,36.266,26.391,0,0,0,0.0,94.2264,0.09639657670287388,8.886207677688853,0,0,94.126,96.239,2.1129999999999995,0.0,0.9569999999999936,-0.06433333333333262,0.0,0.32399999999999807,0.12281490137601336,-0.06433333333333262,0,0,2022,Miami Grand Prix,0.0,19,0.0
ALO,47,0 days 00:01:36.239000,HARD,33.0,True,0 days 02:21:27.870000,29.6,8,40.7,0 days 00:00:32.925000,0 days 00:00:36.788000,0 days 00:00:26.526000,12,96.239,8487.87,1.1329999999998108,True,False,False,33.0,0.0,0.0,32.925,36.788,26.526,0,0,1,0.0,94.3946,0.3966211038258406,4.650282050573632,0,0,95.083,94.362,-0.7210000000000036,0.9569999999999936,1.156000000000006,0.25500000000000017,0.0,0.45899999999999963,0.18768777264382383,0.25500000000000017,0,0,2022,Miami Grand Prix,0.0,19,0.0
ALO,48,0 days 00:01:34.362000,HARD,34.0,True,0 days 02:23:02.232000,29.6,8,39.8,0 days 00:00:31.836000,0 days 00:00:36.163000,0 days 00:00:26.363000,1,94.362,8582.232,1.1450000000004366,True,False,False,34.0,0.0,0.0,31.836,36.163,26.363,0,0,0,0.0,94.7786,0.9066489397776966,-0.4594942780191743,0,0,96.239,93.96,-2.2790000000000106,2.1129999999999995,-1.8770000000000095,0.704000000000003,0.0,0.2959999999999994,0.2623686337960384,0.704000000000003,0,0,2022,Miami Grand Prix,0.0,19,0.0
ALO,49,0 days 00:01:33.960000,HARD,35.0,True,0 days 02:24:36.192000,29.6,8,39.6,0 days 00:00:31.623000,0 days 00:00:36.045000,0 days 00:00:26.292000,1,93.96,8676.192,1.026000000001659,True,False,False,35.0,0.0,0.0,31.623,36.045,26.292,0,0,0,0.0,94.7874,0.901258176107169,-0.9180499239117305,0,0,94.362,94.731,0.3689999999999998,0.23599999999999,-0.402000000000001,0.07866666666666333,0.0,-0.07099999999999795,0.24471064545703672,0.07866666666666333,0,0,2022,Miami Grand Prix,0.0,19,0.0
ALO,50,0 days 00:01:34.731000,HARD,36.0,True,0 days 02:26:10.923000,29.7,8,39.5,0 days 00:00:32.177000,0 days 00:00:36.109000,0 days 00:00:26.445000,1,94.731,8770.923,0.49499999999898137,True,False,False,36.0,0.0,0.0,32.177,36.109,26.445,0,0,0,0.0,94.75399999999999,0.9343380009397149,-0.02461635936552273,0,0,93.96,94.765,0.8050000000000068,0.0,0.7710000000000008,-0.3743333333333349,0.0,0.1529999999999987,0.26899572487309037,-0.3743333333333349,0,1,2022,Miami Grand Prix,0.0,19,0.0
ALO,51,0 days 00:01:34.765000,HARD,37.0,True,0 days 02:27:45.688000,29.6,8,38.6,0 days 00:00:31.853000,0 days 00:00:36.569000,0 days 00:00:26.343000,1,94.765,8865.688,0.6620000000002619,True,False,False,37.0,0.0,0.0,31.853,36.569,26.343,0,0,0,0.0,94.875,0.8696105450142745,-0.12649340630775563,0,0,94.731,94.17,-0.5609999999999928,0.7710000000000008,0.034000000000006025,-0.5026666666666699,0.0,0.05099999999999838,0.20133231235944118,-0.5026666666666699,0,1,2022,Miami Grand Prix,0.0,19,0.0
ALO,52,0 days 00:01:34.170000,HARD,38.0,True,0 days 02:29:19.858000,29.7,8,39.2,0 days 00:00:31.688000,0 days 00:00:35.899000,0 days 00:00:26.583000,1,94.17,8959.858,0.3719999999993888,True,False,False,38.0,0.0,0.0,31.688,35.899,26.583,0,0,0,0.0,94.81139999999999,0.8621921479577649,-0.7439177003864452,0,0,94.765,93.331,-1.4339999999999975,0.8050000000000068,-0.5949999999999989,0.13433333333333528,0.0,0.2909999999999968,0.20714680784409828,0.13433333333333528,0,1,2022,Miami Grand Prix,0.0,19,0.0
ALO,53,0 days 00:01:33.331000,HARD,39.0,True,0 days 02:30:53.189000,29.7,8,39.4,0 days 00:00:31.377000,0 days 00:00:35.118000,0 days 00:00:26.836000,1,93.331,9053.189,1.6239999999997963,True,False,False,39.0,0.0,0.0,31.377,35.118,26.836,0,0,0,0.0,94.3976,0.3502503390434166,-3.045250442620641,1,0,94.17,93.42,-0.75,0.21000000000000796,-0.8389999999999986,0.07000000000000266,0.0,0.49299999999999855,0.15785119575093362,0.07000000000000266,0,0,2022,Miami Grand Prix,0.0,19,0.0
ALO,54,0 days 00:01:33.420000,HARD,40.0,True,0 days 02:32:26.609000,29.5,8,38.5,0 days 00:00:31.386000,0 days 00:00:35.828000,0 days 00:00:26.206000,12,93.42,9146.609,2.2150000000001455,True,False,False,40.0,0.0,0.0,31.386,35.828,26.206,0,0,1,0.0,94.1914,0.5946589779024911,-1.2972140817934306,0,1,93.331,93.441,0.10999999999999943,0.0,0.08899999999999864,-0.46666666666666384,0.0,-0.13700000000000045,0.21829063195657178,-0.46666666666666384,0,0,2022,Miami Grand Prix,0.0,19,0.0
ALO,55,0 days 00:01:33.441000,HARD,41.0,True,0 days 02:34:00.050000,29.4,8,38.5,0 days 00:00:31.507000,0 days 00:00:35.806000,0 days 00:00:26.128000,1,93.441,9240.05,2.041000000001077,True,False,False,41.0,0.0,0.0,31.507,35.806,26.128,0,0,0,0.0,94.08340000000001,0.688779572867864,-0.9326641284166651,0,0,93.42,93.344,-0.07600000000000762,0.08899999999999864,0.021000000000000796,-0.448333333333333,0.0,-0.0779999999999994,0.23857325918887,-0.448333333333333,0,0,2022,Miami Grand Prix,0.0,19,0.0
ALO,56,0 days 00:01:33.344000,HARD,42.0,True,0 days 02:35:33.394000,29.6,8,39.2,0 days 00:00:31.545000,0 days 00:00:35.461000,0 days 00:00:26.338000,12,93.344,9333.394,1.860000000000582,True,False,False,42.0,0.0,0.0,31.545,35.461,26.338,0,0,1,0.0,93.8254,0.6241276311781457,-0.7713165960803313,0,0,93.441,93.884,0.44299999999999784,0.10999999999999943,-0.09700000000000841,-0.24299999999999974,0.0,0.21000000000000085,0.26377262936096973,-0.24299999999999974,0,0,2022,Miami Grand Prix,0.0,19,0.0
BOT,2,0 days 00:01:35.793000,MEDIUM,2.0,True,0 days 01:05:31.604000,30.4,5,40.4,0 days 00:00:32.656000,0 days 00:00:36.428000,0 days 00:00:26.709000,1,95.793,3931.604,0.9819999999999709,False,True,False,2.0,0.0,0.0,32.656,36.428,26.709,0,0,0,0.0,93.48400000000001,0.22855743260731445,10.102493599353213,0,0,95.793,95.502,-0.291000000000011,2.4620000000000033,0.0,0.1546666666666662,0.0,0.5809999999999995,0.2512781327533293,0.0,0,1,2022,Miami Grand Prix,0.0,19,0.0
BOT,3,0 days 00:01:35.502000,MEDIUM,3.0,True,0 days 01:07:07.106000,31.0,5,44.0,0 days 00:00:32.490000,0 days 00:00:36.453000,0 days 00:00:26.559000,1,95.502,4027.106,1.1629999999995562,False,True,False,3.0,0.0,0.0,32.49,36.453,26.559,0,0,0,0.0,,,0.0,0,0,95.793,95.617,-0.17600000000000193,0.0,-0.291000000000011,0.0,0.0,0.0,0.0,0.0,0,0,2022,Miami Grand Prix,0.0,19,0.0
BOT,4,0 days 00:01:35.617000,MEDIUM,4.0,True,0 days 01:08:42.723000,31.3,5,46.5,0 days 00:00:32.408000,0 days 00:00:36.679000,0 days 00:00:26.530000,1,95.617,4122.723,1.1369999999997162,False,True,False,4.0,0.0,0.0,32.408,36.679,26.53,0,0,0,0.0,,,0.0,0,0,95.502,95.348,-0.15399999999999636,0.0,0.1150000000000091,-0.1455000000000055,0.0,-0.028999999999999915,0.0,0.0,0,0,2022,Miami Grand Prix,0.0,19,0.0
BOT,5,0 days 00:01:35.348000,MEDIUM,5.0,True,0 days 01:10:18.071000,31.3,5,46.4,0 days 00:00:32.152000,0 days 00:00:36.627000,0 days 00:00:26.569000,1,95.348,4218.071,2.056999999999789,False,True,False,5.0,0.0,0.0,32.152,36.627,26.569,0,0,0,0.0,95.63733333333334,0.1465617048663672,-1.9741400633757349,1,0,95.617,95.566,-0.05100000000000193,0.1150000000000091,-0.26900000000000546,-0.05866666666666731,0.0,0.038999999999997925,0.34411771241829414,-0.08800000000000097,0,0,2022,Miami Grand Prix,0.0,19,0.0
BOT,6,0 days 00:01:35.566000,MEDIUM,6.0,True,0 days 01:11:53.637000,31.3,5,46.0,0 days 00:00:32.347000,0 days 00:00:36.572000,0 days 00:00:26.647000,1,95.566,4313.637,2.875,False,True,False,6.0,0.0,0.0,32.347,36.572,26.647,0,0,0,0.0,95.565,0.18774628269734311,0.00532633714839951,0,1,95.348,95.563,0.2150000000000034,0.0,0.21800000000000352,-0.1483333333333358,0.0,0.11699999999999733,0.2901739420876152,-0.1483333333333358,0,0,2022,Miami Grand Prix,0.0,19,0.0
BOT,7,0 days 00:01:35.563000,MEDIUM,7.0,True,0 days 01:13:29.200000,31.5,5,46.3,0 days 00:00:32.313000,0 days 00:00:36.604000,0 days 00:00:26.646000,1,95.563,4409.2,3.6130000000002838,False,True,False,7.0,0.0,0.0,32.313,36.604,26.646,0,0,0,0.0,95.5652,0.162593665313268,-0.013530662438559674,0,0,95.566,95.328,-0.23799999999999955,0.21800000000000352,-0.0030000000000001137,0.02133333333333572,0.0,0.11599999999999966,0.25167399547827746,0.02133333333333572,0,0,2022,Miami Grand Prix,0.0,19,0.0
BOT,8,0 days 00:01:35.328000,MEDIUM,8.0,True,0 days 01:15:04.528000,31.7,5,46.7,0 days 00:00:32.158000,0 days 00:00:36.440000,0 days 00:00:26.730000,1,95.328,4504.528,3.858999999999469,False,True,False,8.0,0.0,0.0,32.158,36.44,26.73,0,0,0,0.0,95.5192,0.10401778694051687,-1.8381471633244193,1,0,95.563,95.547,-0.016000000000005343,0.2150000000000034,-0.23499999999999943,-0.018000000000000682,0.0,0.16100000000000136,0.06651541174795433,-0.018000000000000682,0,0,2022,Miami Grand Prix,0.0,19,0.0
BOT,9,0 days 00:01:35.547000,MEDIUM,9.0,True,0 days 01:16:40.075000,31.6,5,46.7,0 days 00:00:32.501000,0 days 00:00:36.563000,0 days 00:00:26.483000,1,95.547,4600.075,3.930000000000291,False,True,False,9.0,0.0,0.0,32.501,36.563,26.483,0,0,0,0.0,95.48440000000001,0.13554076877457244,0.4618536589836203,0,1,95.328,95.646,0.31799999999999784,0.0,0.2189999999999941,-0.00666666666666534,0.0,-0.16300000000000026,0.07547317404217234,-0.00666666666666534,0,0,2022,Miami Grand Prix,0.0,19,0.0
BOT,10,0 days 00:01:35.646000,MEDIUM,10.0,True,0 days 01:18:15.721000,31.3,5,45.0,0 days 00:00:32.455000,0 days 00:00:36.655000,0 days 00:00:26.536000,1,95.646,4695.721,3.548000000000684,False,True,False,10.0,0.0,0.0,32.455,36.655,26.536,0,0,0,0.0,95.47040000000001,0.12128602557591542,1.4478172498947706,0,0,95.547,95.743,0.19599999999999795,0.2189999999999941,0.09900000000000375,-0.006333333333335152,0.0,0.053000000000000824,0.12901162738296118,-0.006333333333335152,0,0,2022,Miami Grand Prix,0.0,19,0.0
BOT,11,0 days 00:01:35.743000,MEDIUM,11.0,True,0 days 01:19:51.464000,31.1,5,44.9,0 days 00:00:32.427000,0 days 00:00:36.675000,0 days 00:00:26.641000,1,95.743,4791.464,3.020999999999731,False,True,False,11.0,0.0,0.0,32.427,36.675,26.641,0,0,0,0.0,95.53,0.11930423295090622,1.785351573297852,0,0,95.646,95.916,0.269999999999996,0.31799999999999784,0.0969999999999942,0.027666666666666135,0.0,0.1579999999999977,0.1287563590662613,0.027666666666666135,0,0,2022,Miami Grand Prix,0.0,19,0.0
BOT,12,0 days 00:01:35.916000,MEDIUM,12.0,True,0 days 01:21:27.380000,30.9,5,45.6,0 days 00:00:32.601000,0 days 00:00:36.735000,0 days 00:00:26.580000,1,95.916,4887.38,2.270999999999731,False,True,False,12.0,0.0,0.0,32.601,36.735,26.58,0,0,0,0.0,95.5654,0.15390029239739877,2.2780983358672673,0,0,95.743,94.8,-0.9429999999999978,0.41499999999999204,0.17300000000000182,0.13833333333333067,0.0,0.09699999999999775,0.13471636871590612,0.13833333333333067,0,0,2022,Miami Grand Prix,0.0,19,0.0
BOT,13,0 days 00:01:34.800000,MEDIUM,13.0,True,0 days 01:23:02.180000,30.6,5,45.2,0 days 00:00:32.093000,0 days 00:00:36.285000,0 days 00:00:26.422000,1,94.8,4982.18,2.5009999999992942,False,True,False,13.0,0.0,0.0,32.093,36.285,26.422,0,0,0,0.0,95.636,0.2195074030642425,-3.8085275864492334,1,0,95.916,95.257,-0.6589999999999918,0.5879999999999939,-1.1159999999999997,0.12299999999999993,0.0,-0.11400000000000077,0.13317732539738114,0.12299999999999993,0,0,2022,Miami Grand Prix,0.0,19,0.0
BOT,14,0 days 00:01:35.257000,MEDIUM,14.0,True,0 days 01:24:37.437000,30.5,5,45.2,0 days 00:00:32.284000,0 days 00:00:36.496000,0 days 00:00:26.477000,1,95.257,5077.437,1.9089999999996508,False,True,False,14.0,0.0,0.0,32.284,36.496,26.477,0,0,0,0.0,95.53039999999999,0.4304094562158293,-0.6352090922995062,0,1,94.8,94.929,0.1290000000000049,0.0,0.45700000000000784,-0.2820000000000012,0.0,0.054999999999999716,0.1383426904465856,-0.2820000000000012,0,0,2022,Miami Grand Prix,0.0,19,0.0
BOT,15,0 days 00:01:34.929000,MEDIUM,15.0,True,0 days 01:26:12.366000,30.2,5,45.1,0 days 00:00:32.167000,0 days 00:00:36.394000,0 days 00:00:26.368000,1,94.929,5172.366,2.018000000000029,False,True,False,15.0,0.0,0.0,32.167,36.394,26.368,0,0,0,0.0,95.4724,0.44683923283436344,-1.216097334500217,0,0,95.257,94.746,-0.5110000000000099,0.45700000000000784,-0.32800000000000296,-0.16199999999999667,0.0,-0.054000000000002046,0.10099851484056527,-0.16199999999999667,0,0,2022,Miami Grand Prix,0.0,19,0.0
BOT,16,0 days 00:01:34.746000,MEDIUM,16.0,True,0 days 01:27:47.112000,30.0,5,44.8,0 days 00:00:32.082000,0 days 00:00:36.148000,0 days 00:00:26.516000,1,94.746,5267.112,2.4309999999995853,False,True,False,16.0,0.0,0.0,32.082,36.148,26.516,0,0,0,0.0,95.329,0.49015048709553927,-1.1894306245713495,0,0,94.929,94.747,-0.18200000000000216,0.1290000000000049,-0.18300000000000693,-0.32899999999999824,0.0,0.1479999999999997,0.1109923420781808,-0.32899999999999824,0,0,2022,Miami Grand Prix,0.0,19,0.0
BOT,17,0 days 00:01:34.747000,MEDIUM,17.0,True,0 days 01:29:21.859000,30.2,5,45.3,0 days 00:00:32.039000,0 days 00:00:36.428000,0 days 00:00:26.280000,1,94.747,5361.859,3.157999999999447,False,True,False,17.0,0.0,0.0,32.039,36.428,26.28,0,0,0,0.0,95.1296,0.4823590985977027,-0.7931849966389722,0,0,94.746,94.353,-0.3930000000000007,0.0,0.0010000000000047748,-0.018000000000000682,0.0,-0.08799999999999741,0.10812631502090521,-0.018000000000000682,0,0,2022,Miami Grand Prix,0.0,19,0.0
BOT,18,0 days 00:01:34.353000,MEDIUM,18.0,True,0 days 01:30:56.212000,30.2,5,44.7,0 days 00:00:31.870000,0 days 00:00:36.249000,0 days 00:00:26.234000,1,94.353,5456.212,3.602999999999156,False,True,False,18.0,0.0,0.0,31.87,36.249,26.234,0,0,0,0.0,94.8958,0.2152479965063075,-2.5217424032287976,1,0,94.747,94.469,-0.2780000000000058,0.0010000000000047748,-0.39400000000000546,-0.1700000000000017,0.0,-0.045999999999999375,0.10957098155990001,-0.1700000000000017,0,0,2022,Miami Grand Prix,0.0,19,0.0
BOT,19,0 days 00:01:34.469000,MEDIUM,19.0,True,0 days 01:32:30.681000,30.0,5,42.9,0 days 00:00:31.783000,0 days 00:00:36.387000,0 days 00:00:26.299000,1,94.469,5550.681,3.98700000000008,False,True,False,19.0,0.0,0.0,31.783,36.387,26.299,0,0,0,0.0,94.8064,0.32818409467854603,-1.0280815111728168,0,1,94.353,94.146,-0.20699999999999363,0.0,0.11599999999999966,-0.19200000000000253,0.0,0.06499999999999773,0.09703092290605039,-0.19200000000000253,0,0,2022,Miami Grand Prix,0.0,19,0.0
BOT,20,0 days 00:01:34.146000,MEDIUM,20.0,True,0 days 01:34:04.827000,29.8,5,42.6,0 days 00:00:31.657000,0 days 00:00:36.090000,0 days 00:00:26.399000,12,94.146,5644.827,5.960000000000036,False,True,False,20.0,0.0,0.0,31.657,36.09,26.399,0,0,1,0.0,94.6488,0.2331463059968342,-2.1565857449477273,1,0,94.469,94.478,0.009000000000000341,0.11599999999999966,-0.3229999999999933,-0.09233333333333367,0.0,0.16499999999999915,0.09846319109189906,-0.09233333333333367,0,0,2022,Miami Grand Prix,0.0,19,0.0
BOT,21,0 days 00:01:34.478000,MEDIUM,21.0,True,0 days 01:35:39.305000,29.7,5,42.3,0 days 00:00:31.769000,0 days 00:00:36.316000,0 days 00:00:26.393000,1,94.478,5739.305,6.869999999999891,False,True,False,21.0,0.0,0.0,31.769,36.316,26.393,0,0,0,0.0,94.4922,0.25937752408402853,-0.05474645519170801,0,1,94.146,94.368,0.2219999999999942,0.0,0.33199999999999363,-0.20033333333333303,0.0,0.15899999999999892,0.11325502196370678,-0.20033333333333303,0,0,2022,Miami Grand Prix,0.0,19,0.0
BOT,22,0 days 00:01:34.368000,MEDIUM,22.0,True,0 days 01:37:13.673000,29.7,5,42.4,0 days 00:00:31.840000,0 days 00:00:36.161000,0 days 00:00:26.367000,1,94.368,5833.673,20.422999999999774,False,True,False,22.0,0.0,0.0,31.84,36.161,26.367,0,0,0,0.0,94.4386,0.21824825314297286,-0.32348483428066355,0,0,94.478,96.029,1.551000000000002,0.33199999999999363,-0.10999999999999943,0.041666666666666664,0.0,0.06800000000000139,0.1157432503431611,0.041666666666666664,0,0,2022,Miami Grand Prix,0.0,19,0.0
BOT,23,0 days 00:01:36.029000,MEDIUM,23.0,True,0 days 01:38:49.702000,29.8,5,42.1,0 days 00:00:32.853000,0 days 00:00:36.729000,0 days 00:00:26.447000,1,96.029,5929.702,18.79199999999946,False,True,False,23.0,0.0,0.0,32.853,36.729,26.447,0,0,0,0.0,94.3628,0.13386074854099533,12.447263429800138,0,0,94.368,94.026,-0.34199999999999875,0.2219999999999942,1.6610000000000014,-0.033666666666666366,0.0,0.0799999999999983,0.08614928902782591,-0.033666666666666366,0,0,2022,Miami Grand Prix,0.0,19,0.0
BOT,24,0 days 00:01:34.026000,MEDIUM,24.0,True,0 days 01:40:23.728000,30.0,5,42.1,0 days 00:00:31.843000,0 days 00:00:35.926000,0 days 00:00:26.257000,1,94.026,6023.728,19.18499999999949,False,True,False,24.0,0.0,0.0,31.843,35.926,26.257,0,0,0,0.0,94.698,0.7559771821953161,-0.8889157183931744,0,0,96.029,94.456,-1.5729999999999933,1.8829999999999956,-2.003,0.6276666666666652,0.0,-0.10999999999999943,0.050202589574642305,0.6276666666666652,0,0,2022,Miami Grand Prix,0.0,19,0.0
BOT,25,0 days 00:01:34.456000,MEDIUM,25.0,True,0 days 01:41:58.184000,30.0,5,42.5,0 days 00:00:31.938000,0 days 00:00:36.270000,0 days 00:00:26.248000,1,94.456,6118.184,18.597999999999956,False,True,False,25.0,0.0,0.0,31.938,36.27,26.248,0,0,0,0.0,94.6094,0.8133110106226068,-0.18861173400635473,0,0,94.026,94.097,0.07099999999999795,0.0,0.4300000000000068,-0.15066666666666606,0.0,-0.009000000000000341,0.11115439712399976,-0.15066666666666606,0,0,2022,Miami Grand Prix,0.0,19,0.0
BOT,28,0 days 00:01:34.097000,HARD,2.0,True,0 days 01:47:01.974000,30.1,6,46.4,0 days 00:00:31.735000,0 days 00:00:36.102000,0 days 00:00:26.260000,1,94.097,6421.974,3.9979999999995925,True,False,False,2.0,0.0,0.0,31.735,36.102,26.26,0,0,0,0.0,94.67139999999999,0.7802998141739935,-0.7361273058972122,0,0,94.456,93.548,-0.9080000000000013,0.4300000000000068,-0.35900000000000887,0.029333333333336025,0.0,0.012000000000000455,0.10175608089937369,0.029333333333336025,0,0,2022,Miami Grand Prix,0.0,19,0.0
BOT,29,0 days 00:01:33.548000,HARD,3.0,True,0 days 01:48:35.522000,30.0,6,45.6,0 days 00:00:31.447000,0 days 00:00:35.957000,0 days 00:00:26.144000,1,93.548,6515.522,4.042000000000371,True,False,False,3.0,0.0,0.0,31.447,35.957,26.144,0,0,0,0.0,94.5952,0.8214272335392624,-1.2748542503125444,0,0,94.097,94.002,-0.09499999999999886,0.07099999999999795,-0.5489999999999924,-0.6440000000000007,0.0,-0.10400000000000276,0.0758498516808039,-0.6440000000000007,0,0,2022,Miami Grand Prix,0.0,19,0.0
BOT,30,0 days 00:01:34.002000,HARD,4.0,True,0 days 01:50:09.524000,29.9,6,43.8,0 days 00:00:31.738000,0 days 00:00:36.066000,0 days 00:00:26.198000,1,94.002,6609.524,3.8229999999994106,True,False,False,4.0,0.0,0.0,31.738,36.066,26.198,0,0,0,0.0,94.4312,0.9499340503424197,-0.4518208393996365,0,0,93.548,94.093,0.5450000000000017,0.0,0.4539999999999935,-0.15933333333333147,0.0,0.054000000000002046,0.08079108861749543,-0.15933333333333147,0,0,2022,Miami Grand Prix,0.0,19,0.0
BOT,31,0 days 00:01:34.093000,HARD,5.0,True,0 days 01:51:43.617000,29.8,6,43.8,0 days 00:00:31.755000,0 days 00:00:36.134000,0 days 00:00:26.204000,1,94.093,6703.617,3.5109999999995125,True,False,False,5.0,0.0,0.0,31.755,36.134,26.204,0,0,0,0.0,94.0258,0.32365135562814384,0.20763083123683407,0,0,94.002,93.973,-0.028999999999996362,0.4539999999999935,0.09100000000000819,-0.1513333333333359,0.0,0.060000000000002274,0.07267599328526698,-0.1513333333333359,0,0,2022,Miami Grand Prix,0.0,19,0.0
BOT,32,0 days 00:01:33.973000,HARD,6.0,True,0 days 01:53:17.590000,29.8,6,44.3,0 days 00:00:31.523000,0 days 00:00:36.109000,0 days 00:00:26.341000,1,93.973,6797.59,3.0900000000001455,True,False,False,6.0,0.0,0.0,31.523,36.109,26.341,0,0,0,0.0,94.03920000000001,0.3250456890960654,-0.20366367627919565,0,0,94.093,94.141,0.04800000000000182,0.5450000000000017,-0.12000000000000455,-0.001333333333330226,0.0,0.19700000000000273,0.0661876121339958,-0.001333333333330226,0,0,2022,Miami Grand Prix,0.0,19,0.0
BOT,33,0 days 00:01:34.141000,HARD,7.0,True,0 days 01:54:51.731000,29.9,6,44.3,0 days 00:00:31.414000,0 days 00:00:36.356000,0 days 00:00:26.371000,1,94.141,6891.731,3.1500000000005457,True,False,False,7.0,0.0,0.0,31.414,36.356,26.371,0,0,0,0.0,93.9426,0.2272780235744984,0.8729396572518767,0,0,93.973,93.966,-0.007000000000005002,0.42499999999999716,0.16800000000000637,0.14166666666666572,0.0,0.17299999999999827,0.1080425841971601,0.14166666666666572,0,0,2022,Miami Grand Prix,0.0,19,0.0
BOT,34,0 days 00:01:33.966000,HARD,8.0,True,0 days 01:56:25.697000,29.8,6,43.0,0 days 00:00:31.543000,0 days 00:00:36.264000,0 days 00:00:26.159000,1,93.966,6985.697,2.894999999999527,True,False,False,8.0,0.0,0.0,31.543,36.264,26.159,0,0,0,0.0,93.9514,0.23545551596836967,0.062007466420742535,0,0,94.141,93.78,-0.3610000000000042,0.5930000000000035,-0.17500000000001137,0.04633333333333667,0.0,-0.045000000000001705,0.11957215394898714,0.04633333333333667,0,0,2022,Miami Grand Prix,0.0,19,0.0
BOT,35,0 days 00:01:33.780000,HARD,9.0,True,0 days 01:57:59.477000,29.6,6,42.1,0 days 00:00:31.538000,0 days 00:00:36.079000,0 days 00:00:26.163000,1,93.78,7079.477,2.5510000000003856,True,False,False,9.0,0.0,0.0,31.538,36.079,26.163,0,0,0,0.0,94.035,0.07793266324163137,-3.272055507834555,1,0,93.966,93.753,-0.21299999999999386,0.0,-0.18599999999999284,-0.04233333333333652,0.0,0.004000000000001336,0.0984057925124335,-0.04233333333333652,0,0,2022,Miami Grand Prix,0.0,19,0.0
BOT,36,0 days 00:01:33.753000,HARD,10.0,True,0 days 01:59:33.230000,29.4,6,41.8,0 days 00:00:31.480000,0 days 00:00:36.111000,0 days 00:00:26.162000,1,93.753,7173.23,2.084000000000742,True,False,False,10.0,0.0,0.0,31.48,36.111,26.162,0,0,0,0.0,93.9906,0.13997606938305707,-1.6974330044215398,1,1,93.78,93.659,-0.12099999999999511,0.0,-0.027000000000001023,-0.06433333333333262,0.0,0.0030000000000001137,0.10501761756962547,-0.06433333333333262,0,0,2022,Miami Grand Prix,0.0,19,0.0
BOT,37,0 days 00:01:33.659000,HARD,11.0,True,0 days 02:01:06.889000,29.6,6,41.7,0 days 00:00:31.536000,0 days 00:00:35.925000,0 days 00:00:26.198000,1,93.659,7266.889,1.7650000000003274,True,False,False,11.0,0.0,0.0,31.536,35.925,26.198,0,0,0,0.0,93.92260000000002,0.1590763967404507,-1.657065444033794,1,1,93.753,93.325,-0.42799999999999727,0.0,-0.09399999999999409,-0.12933333333333508,0.0,0.03900000000000148,0.11038931107675294,-0.12933333333333508,0,0,2022,Miami Grand Prix,0.0,19,0.0
BOT,38,0 days 00:01:33.325000,HARD,12.0,True,0 days 02:02:40.214000,29.6,6,41.7,0 days 00:00:31.213000,0 days 00:00:35.940000,0 days 00:00:26.172000,1,93.325,7360.214,1.6130000000002838,True,False,False,12.0,0.0,0.0,31.213,35.94,26.172,0,0,0,0.0,93.8598,0.1926439721349227,-2.7761055488694164,1,1,93.659,93.317,-0.34200000000001296,0.0,-0.3340000000000032,-0.10233333333332932,0.0,0.010000000000001563,0.08283236082594728,-0.10233333333332932,0,0,2022,Miami Grand Prix,0.0,19,0.0
BOT,39,0 days 00:01:33.317000,HARD,13.0,True,0 days 02:04:13.531000,29.8,6,42.7,0 days 00:00:31.314000,0 days 00:00:35.967000,0 days 00:00:26.036000,1,93.317,7453.531,1.5720000000001164,True,False,False,13.0,0.0,0.0,31.314,35.967,26.036,0,0,0,0.0,93.6966,0.23569747559087406,-1.6105390991073825,1,1,93.325,95.879,2.554000000000002,0.0,-0.008000000000009777,-0.1516666666666661,0.0,-0.12599999999999767,0.030194370336207903,-0.1516666666666661,0,0,2022,Miami Grand Prix,0.0,19,0.0
BOT,47,0 days 00:01:35.879000,HARD,21.0,True,0 days 02:21:25.942000,29.6,5,40.7,0 days 00:00:33.007000,0 days 00:00:36.466000,0 days 00:00:26.406000,12,95.879,8485.942,0.2400000000016007,True,False,False,21.0,0.0,0.0,33.007,36.466,26.406,0,0,1,0.0,93.5668,0.22885191718642972,10.103476643004987,0,1,93.317,93.558,0.24100000000001387,0.0,2.562000000000012,-0.14533333333333567,0.0,0.36999999999999744,0.06430785333067757,-0.14533333333333567,0,1,2022,Miami Grand Prix,0.0,19,0.0
BOT,48,0 days 00:01:33.558000,HARD,22.0,True,0 days 02:22:59.500000,29.5,5,40.7,0 days 00:00:31.116000,0 days 00:00:36.169000,0 days 00:00:26.273000,1,93.558,8579.5,0.569999999999709,True,False,False,22.0,0.0,0.0,31.116,36.169,26.273,0,0,0,0.0,93.9866,1.075772652561842,-0.3984113176509199,0,0,95.879,95.629,-0.25,2.562000000000012,-2.320999999999998,0.7399999999999997,0.0,0.23699999999999832,0.18498837801332096,0.7399999999999997,0,1,2022,Miami Grand Prix,0.0,19,0.0
BOT,49,0 days 00:01:35.629000,HARD,23.0,True,0 days 02:24:35.129000,29.6,7,39.6,0 days 00:00:31.258000,0 days 00:00:36.401000,0 days 00:00:27.970000,1,95.629,8675.129,1.0629999999982829,True,False,False,23.0,0.0,0.0,31.258,36.401,27.97,0,0,0,0.0,93.9476,1.0898017250857777,1.5428494571961415,0,0,93.558,95.047,1.48899999999999,0.24100000000001387,2.070999999999998,0.07766666666666804,0.0,1.9339999999999975,0.1964599195764855,0.07766666666666804,0,0,2022,Miami Grand Prix,0.0,19,0.0
BOT,50,0 days 00:01:35.047000,HARD,24.0,True,0 days 02:26:10.176000,29.7,7,39.5,0 days 00:00:32.257000,0 days 00:00:36.661000,0 days 00:00:26.129000,1,95.047,8770.176,0.7470000000012078,True,False,False,24.0,0.0,0.0,32.257,36.661,26.129,0,0,0,0.0,94.3416,1.2959848764549577,0.544296475071184,0,0,95.629,93.791,-1.838000000000008,2.312000000000012,-0.5820000000000078,0.7706666666666706,0.0,-0.14399999999999835,0.8326577928537013,0.7706666666666706,0,1,2022,Miami Grand Prix,0.0,19,0.0
BOT,51,0 days 00:01:33.791000,HARD,25.0,True,0 days 02:27:43.967000,29.6,7,38.6,0 days 00:00:31.511000,0 days 00:00:36.008000,0 days 00:00:26.272000,1,93.791,8863.967,1.720999999999549,True,False,False,25.0,0.0,0.0,31.511,36.008,26.272,0,0,0,0.0,94.686,1.182091790006172,-0.7571324050861881,0,0,95.047,93.92,-1.1269999999999953,1.730000000000004,-1.2560000000000002,-0.27733333333333593,0.0,0.14299999999999713,0.8571097946004335,-0.27733333333333593,0,0,2022,Miami Grand Prix,0.0,19,0.0
BOT,52,0 days 00:01:33.920000,HARD,26.0,True,0 days 02:29:17.887000,29.7,7,39.2,0 days 00:00:31.552000,0 days 00:00:36.037000,0 days 00:00:26.331000,1,93.92,8957.887,1.970999999999549,True,False,False,26.0,0.0,0.0,31.552,36.037,26.331,0,0,0,0.0,94.7808,1.0572715828962753,-0.8141711306019725,0,0,93.791,93.516,-0.2749999999999915,0.23299999999998988,0.1290000000000049,0.07766666666666329,0.0,0.20199999999999818,0.8191901488665488,0.07766666666666329,0,0,2022,Miami Grand Prix,0.0,19,0.0
BOT,53,0 days 00:01:33.516000,HARD,27.0,True,0 days 02:30:51.403000,29.7,7,39.4,0 days 00:00:31.354000,0 days 00:00:35.866000,0 days 00:00:26.296000,1,93.516,9051.403,1.7860000000000582,True,False,False,27.0,0.0,0.0,31.354,35.866,26.296,0,0,0,0.0,94.389,0.8998180371608273,-0.9701961551632649,0,0,93.92,93.587,-0.3329999999999984,0.36199999999999477,-0.40399999999999636,-0.5696666666666678,0.0,0.16699999999999804,0.8296440803139612,-0.5696666666666678,0,0,2022,Miami Grand Prix,0.0,19,0.0
BOT,54,0 days 00:01:33.587000,HARD,28.0,True,0 days 02:32:24.990000,29.5,7,38.5,0 days 00:00:31.611000,0 days 00:00:35.900000,0 days 00:00:26.076000,12,93.587,9144.99,1.6190000000005966,True,False,False,28.0,0.0,0.0,31.611,35.9,26.076,0,0,1,0.0,94.3806,0.9096572431415941,-0.8724165129045961,0,0,93.516,93.509,-0.007000000000005002,0.0,0.07099999999999795,-0.5103333333333305,0.0,-0.19599999999999795,0.835223503021795,-0.5103333333333305,0,0,2022,Miami Grand Prix,0.0,19,0.0
BOT,55,0 days 00:01:33.509000,HARD,29.0,True,0 days 02:33:58.499000,29.4,7,38.5,0 days 00:00:31.469000,0 days 00:00:35.865000,0 days 00:00:26.175000,1,93.509,9238.499,1.5509999999994761,True,False,False,29.0,0.0,0.0,31.469,35.865,26.175,0,0,0,0.0,93.9722,0.6219426822464718,-0.7447631642306829,0,0,93.587,93.184,-0.4030000000000058,0.07099999999999795,-0.07800000000000296,-0.06799999999999784,0.0,0.0990000000000002,0.18866451706666804,-0.06799999999999784,0,0,2022,Miami Grand Prix,0.0,19,0.0
BOT,56,0 days 00:01:33.184000,HARD,30.0,True,0 days 02:35:31.683000,29.6,7,39.2,0 days 00:00:31.506000,0 days 00:00:35.592000,0 days 00:00:26.086000,12,93.184,9331.683,1.7109999999993306,True,False,False,30.0,0.0,0.0,31.506,35.592,26.086,0,0,1,0.0,93.6646,0.18270276407300182,-2.6305020749875685,1,0,93.509,93.52,0.01099999999999568,0.0,-0.32500000000000284,-0.13700000000000045,0.0,0.00999999999999801,0.1604010598468705,-0.13700000000000045,0,0,2022,Miami Grand Prix,0.0,19,0.0
GAS,2,0 days 00:01:36.070000,MEDIUM,2.0,True,0 days 01:05:32.586000,30.4,6,40.4,0 days 00:00:32.822000,0 days 00:00:36.543000,0 days 00:00:26.705000,1,96.07,3932.586,0.9150000000004184,False,True,False,2.0,0.0,0.0,32.822,36.543,26.705,0,0,0,0.0,93.4632,0.15920961026236463,16.37338346412755,0,0,96.07,95.683,-0.38699999999998624,2.8859999999999957,0.0,-0.02233333333333576,0.0,0.6189999999999998,0.1453124220429884,0.0,0,1,2022,Miami Grand Prix,0.0,19,0.0
GAS,3,0 days 00:01:35.683000,MEDIUM,3.0,True,0 days 01:07:08.269000,31.0,6,44.0,0 days 00:00:32.669000,0 days 00:00:36.486000,0 days 00:00:26.528000,1,95.683,4028.269,1.6440000000002328,False,True,False,3.0,0.0,0.0,32.669,36.486,26.528,0,0,0,0.0,,,0.0,0,0,96.07,95.591,-0.4789999999999992,0.0,-0.38699999999998624,0.0,0.0,0.0,0.0,0.0,0,0,2022,Miami Grand Prix,0.0,19,0.0
GAS,4,0 days 00:01:35.591000,MEDIUM,4.0,True,0 days 01:08:43.860000,31.3,6,46.5,0 days 00:00:32.742000,0 days 00:00:36.344000,0 days 00:00:26.505000,1,95.591,4123.86,1.2229999999999563,False,True,False,4.0,0.0,0.0,32.742,36.344,26.505,0,0,0,0.0,,,0.0,0,0,95.683,96.268,0.5849999999999937,0.0,-0.09200000000001296,-0.19349999999999312,0.0,-0.022999999999999687,0.0,0.0,0,0,2022,Miami Grand Prix,0.0,19,0.0
GAS,5,0 days 00:01:36.268000,MEDIUM,5.0,True,0 days 01:10:20.128000,31.3,6,46.4,0 days 00:00:32.684000,0 days 00:00:36.955000,0 days 00:00:26.629000,1,96.268,4220.128,0.20300000000042928,False,True,False,5.0,0.0,0.0,32.684,36.955,26.629,0,0,0,0.0,95.78133333333334,0.2541895618103317,1.9145816342757616,0,0,95.591,96.911,1.3200000000000074,0.0,0.6770000000000067,-0.1596666666666664,0.0,0.12400000000000233,0.3642009518567094,-0.2394999999999996,0,1,2022,Miami Grand Prix,0.0,19,0.0
GAS,6,0 days 00:01:36.911000,MEDIUM,6.0,True,0 days 01:11:57.039000,31.3,7,46.0,0 days 00:00:33.603000,0 days 00:00:36.724000,0 days 00:00:26.584000,1,96.911,4317.039,0.4000000000005457,False,True,False,6.0,0.0,0.0,33.603,36.724,26.584,0,0,0,0.0,95.90299999999999,0.3198218253965787,3.151754883363857,0,0,96.268,96.583,0.3149999999999977,0.6770000000000067,0.6430000000000007,0.0660000000000025,0.0,0.07900000000000063,0.29970318650291294,0.0660000000000025,0,1,2022,Miami Grand Prix,0.0,19,0.0
GAS,7,0 days 00:01:36.583000,MEDIUM,7.0,True,0 days 01:13:33.622000,31.5,7,46.3,0 days 00:00:33.249000,0 days 00:00:36.780000,0 days 00:00:26.554000,1,96.583,4413.622,0.6409999999996217,False,True,False,7.0,0.0,0.0,33.249,36.78,26.554,0,0,0,0.0,96.1046,0.5290815627103296,0.9042084126864877,0,0,96.911,96.358,-0.5529999999999973,1.3200000000000074,-0.32800000000000296,0.4093333333333315,0.0,0.04899999999999949,0.2634515135655892,0.4093333333333315,0,1,2022,Miami Grand Prix,0.0,19,0.0
GAS,8,0 days 00:01:36.358000,MEDIUM,8.0,True,0 days 01:15:09.980000,31.7,7,46.7,0 days 00:00:33.186000,0 days 00:00:36.615000,0 days 00:00:26.557000,1,96.358,4509.98,0.5050000000001091,False,True,False,8.0,0.0,0.0,33.186,36.615,26.557,0,0,0,0.0,96.2072,0.5689342668533903,0.26505698247714043,0,0,96.583,95.856,-0.7270000000000039,0.9920000000000044,-0.22499999999999432,0.33066666666666816,0.0,0.0030000000000001137,0.059284905330109806,0.33066666666666816,0,1,2022,Miami Grand Prix,0.0,19,0.0
GAS,9,0 days 00:01:35.856000,MEDIUM,9.0,True,0 days 01:16:45.836000,31.6,7,46.7,0 days 00:00:32.815000,0 days 00:00:36.602000,0 days 00:00:26.439000,1,95.856,4605.836,0.5079999999998108,False,True,False,9.0,0.0,0.0,32.815,36.602,26.439,0,0,0,0.0,96.3422,0.4877434776601389,-0.9968354724751367,0,0,96.358,95.6,-0.7580000000000098,0.7670000000000101,-0.5020000000000095,0.030000000000001137,0.0,-0.11499999999999844,0.05871796999215895,0.030000000000001137,0,1,2022,Miami Grand Prix,0.0,19,0.0
GAS,10,0 days 00:01:35.600000,MEDIUM,10.0,True,0 days 01:18:21.436000,31.3,7,45.0,0 days 00:00:32.662000,0 days 00:00:36.467000,0 days 00:00:26.471000,1,95.6,4701.436,0.7359999999998763,False,True,False,10.0,0.0,0.0,32.662,36.467,26.471,0,0,0,0.0,96.3952,0.3903904455798127,-2.036935096654242,1,0,95.856,95.596,-0.2599999999999909,0.0,-0.2560000000000002,-0.35166666666666896,0.0,0.03200000000000003,0.09128526715741156,-0.35166666666666896,0,1,2022,Miami Grand Prix,0.0,19,0.0
GAS,11,0 days 00:01:35.596000,MEDIUM,11.0,True,0 days 01:19:57.032000,31.1,7,44.9,0 days 00:00:32.627000,0 days 00:00:36.404000,0 days 00:00:26.565000,1,95.596,4797.032,0.7960000000002765,False,True,False,11.0,0.0,0.0,32.627,36.404,26.565,0,0,0,0.0,96.2616,0.5330424936156666,-1.2486809362705473,0,1,95.6,95.447,-0.1529999999999916,0.0,-0.003999999999990678,-0.32766666666666805,0.0,0.12600000000000122,0.07489859811772118,-0.32766666666666805,0,1,2022,Miami Grand Prix,0.0,19,0.0
GAS,12,0 days 00:01:35.447000,MEDIUM,12.0,True,0 days 01:21:32.479000,30.9,7,45.6,0 days 00:00:32.632000,0 days 00:00:36.416000,0 days 00:00:26.399000,1,95.447,4892.479,0.8719999999993888,False,True,False,12.0,0.0,0.0,32.632,36.416,26.399,0,0,0,0.0,95.99860000000001,0.450553881350506,-1.2242708870837433,0,0,95.596,95.539,-0.05700000000000216,0.0,-0.1490000000000009,-0.25400000000000017,0.0,-0.03999999999999915,0.0876498716485081,-0.25400000000000017,0,1,2022,Miami Grand Prix,0.0,19,0.0
GAS,13,0 days 00:01:35.539000,MEDIUM,13.0,True,0 days 01:23:08.018000,30.6,7,45.2,0 days 00:00:32.624000,0 days 00:00:36.438000,0 days 00:00:26.477000,1,95.539,4988.018,0.8369999999995343,False,True,False,13.0,0.0,0.0,32.624,36.438,26.477,0,0,0,0.0,95.7714,0.35938669980955523,-0.6466572083027861,0,0,95.447,95.458,0.01099999999999568,0.0,0.09199999999999875,-0.13633333333333061,0.0,0.0779999999999994,0.08906009207271214,-0.13633333333333061,0,1,2022,Miami Grand Prix,0.0,19,0.0
GAS,14,0 days 00:01:35.458000,MEDIUM,14.0,True,0 days 01:24:43.476000,30.5,7,45.2,0 days 00:00:32.618000,0 days 00:00:36.234000,0 days 00:00:26.606000,1,95.458,5083.476,0.7870000000002619,False,True,False,14.0,0.0,0.0,32.618,36.234,26.606,0,0,0,0.0,95.6076,0.15198124884341166,-0.9843319563332548,0,0,95.539,95.223,-0.3160000000000025,0.09199999999999875,-0.08100000000000307,-0.020333333333330945,0.0,0.20700000000000074,0.09552067838955038,-0.020333333333330945,0,1,2022,Miami Grand Prix,0.0,19,0.0
GAS,15,0 days 00:01:35.223000,MEDIUM,15.0,True,0 days 01:26:18.699000,30.2,7,45.1,0 days 00:00:32.413000,0 days 00:00:36.296000,0 days 00:00:26.514000,1,95.223,5178.699,6.006000000000313,False,True,False,15.0,0.0,0.0,32.413,36.296,26.514,0,0,0,0.0,95.52799999999999,0.07312660254657456,-4.170848766093531,1,0,95.458,95.185,-0.27299999999999613,0.01099999999999568,-0.23499999999999943,-0.04600000000000174,0.0,0.11499999999999844,0.09347620017951103,-0.04600000000000174,0,0,2022,Miami Grand Prix,0.0,19,0.0
GAS,18,0 days 00:01:35.185000,HARD,2.0,True,0 days 01:31:24.883000,30.1,11,43.3,0 days 00:00:32.519000,0 days 00:00:36.242000,0 days 00:00:26.424000,1,95.185,5484.883,4.710000000000036,True,False,False,2.0,0.0,0.0,32.519,36.242,26.424,0,0,0,0.0,95.45259999999999,0.14213127734600095,-1.8827664466037861,1,1,95.223,95.053,-0.1700000000000017,0.0,-0.0379999999999967,-0.07466666666666792,0.0,-0.053000000000000824,0.08999277748797392,-0.07466666666666792,0,0,2022,Miami Grand Prix,0.0,19,0.0
GAS,19,0 days 00:01:35.053000,HARD,3.0,True,0 days 01:32:59.936000,30.0,10,42.9,0 days 00:00:32.341000,0 days 00:00:36.351000,0 days 00:00:26.361000,1,95.053,5579.936,4.76299999999992,True,False,False,3.0,0.0,0.0,32.341,36.351,26.361,0,0,0,0.0,95.3704,0.15657841485979576,-2.027099330927665,1,1,95.185,95.256,0.07099999999999795,0.0,-0.132000000000005,-0.11799999999999973,0.0,-0.06299999999999883,0.10922133491218648,-0.11799999999999973,0,0,2022,Miami Grand Prix,0.0,19,0.0
GAS,20,0 days 00:01:35.256000,HARD,4.0,True,0 days 01:34:35.192000,29.8,10,42.6,0 days 00:00:32.503000,0 days 00:00:36.303000,0 days 00:00:26.450000,12,95.256,5675.192,4.621000000000095,True,False,False,4.0,0.0,0.0,32.503,36.303,26.45,0,0,1,0.0,95.29159999999999,0.2011810130206313,-0.17695506879835263,0,1,95.053,95.253,0.20000000000000284,0.0,0.20300000000000296,-0.13500000000000037,0.0,0.08899999999999864,0.1148964751417552,-0.13500000000000037,0,0,2022,Miami Grand Prix,0.0,19,0.0
GAS,21,0 days 00:01:35.253000,HARD,5.0,True,0 days 01:36:10.445000,29.8,10,42.3,0 days 00:00:32.534000,0 days 00:00:36.328000,0 days 00:00:26.391000,1,95.253,5770.445,4.402000000000044,True,False,False,5.0,0.0,0.0,32.534,36.328,26.391,0,0,0,0.0,95.23499999999999,0.1465759188953191,0.12280325537559855,0,0,95.256,95.105,-0.15099999999999625,0.20300000000000296,-0.0030000000000001137,0.011000000000000417,0.0,0.029999999999997584,0.1155075755091412,0.011000000000000417,0,0,2022,Miami Grand Prix,0.0,19,0.0
GAS,22,0 days 00:01:35.105000,HARD,6.0,True,0 days 01:37:45.550000,29.7,10,42.4,0 days 00:00:32.591000,0 days 00:00:36.246000,0 days 00:00:26.268000,1,95.105,5865.55,4.639000000000124,True,False,False,6.0,0.0,0.0,32.591,36.246,26.268,0,0,0,0.0,95.194,0.08385702117298897,-1.061330330544418,0,0,95.253,94.879,-0.3739999999999952,0.20000000000000284,-0.14799999999999613,0.022666666666665947,0.0,-0.09299999999999997,0.08068333161192497,0.022666666666665947,0,0,2022,Miami Grand Prix,0.0,19,0.0
GAS,23,0 days 00:01:34.879000,HARD,7.0,True,0 days 01:39:20.429000,29.9,10,42.3,0 days 00:00:32.352000,0 days 00:00:36.183000,0 days 00:00:26.344000,1,94.879,5960.429,4.689000000000306,True,False,False,7.0,0.0,0.0,32.352,36.183,26.344,0,0,0,0.0,95.1704,0.09003221645615037,-3.2366191955511887,1,0,95.105,96.593,1.4879999999999995,0.05200000000000671,-0.2259999999999991,0.01733333333333557,0.0,0.07600000000000051,0.07521303078589407,0.01733333333333557,0,0,2022,Miami Grand Prix,0.0,19,0.0
GAS,24,0 days 00:01:36.593000,HARD,8.0,True,0 days 01:40:57.022000,30.0,10,42.1,0 days 00:00:33.662000,0 days 00:00:36.562000,0 days 00:00:26.369000,1,96.593,6057.022,2.963999999999942,True,False,False,8.0,0.0,0.0,33.662,36.562,26.369,0,0,0,0.0,95.1092,0.15684132108601678,9.460517099229476,0,1,94.879,95.173,0.29399999999999693,0.0,1.7139999999999986,-0.12566666666666512,0.0,0.10099999999999909,0.08202255787281865,-0.12566666666666512,0,0,2022,Miami Grand Prix,0.0,19,0.0
GAS,25,0 days 00:01:35.173000,HARD,9.0,True,0 days 01:42:32.195000,30.0,10,43.7,0 days 00:00:32.529000,0 days 00:00:36.291000,0 days 00:00:26.353000,1,95.173,6152.195,2.8969999999999345,True,False,False,9.0,0.0,0.0,32.529,36.291,26.353,0,0,0,0.0,95.41720000000001,0.6750149627971308,-0.3617697583888942,0,0,96.593,94.686,-1.9069999999999965,1.7139999999999986,-1.4200000000000017,0.4466666666666678,0.0,0.08500000000000085,0.07938072813976924,0.4466666666666678,0,0,2022,Miami Grand Prix,0.0,19,0.0
GAS,26,0 days 00:01:34.686000,HARD,10.0,True,0 days 01:44:06.881000,30.2,10,44.5,0 days 00:00:32.337000,0 days 00:00:36.045000,0 days 00:00:26.304000,1,94.686,6246.881,3.0859999999993306,True,False,False,10.0,0.0,0.0,32.337,36.045,26.304,0,0,0,0.0,95.40060000000001,0.6809646099468104,-1.0493937417038768,0,0,95.173,94.915,-0.25799999999999557,0.29399999999999693,-0.48699999999999477,0.022666666666665947,0.0,-0.0400000000000027,0.07878895861730884,0.022666666666665947,0,0,2022,Miami Grand Prix,0.0,19,0.0
GAS,27,0 days 00:01:34.915000,HARD,11.0,True,0 days 01:45:41.796000,30.2,10,44.5,0 days 00:00:32.397000,0 days 00:00:36.160000,0 days 00:00:26.358000,1,94.915,6341.796,2.95299999999952,True,False,False,11.0,0.0,0.0,32.397,36.16,26.358,0,0,0,0.0,95.28720000000001,0.7548875412934096,-0.493053573731375,0,0,94.686,94.964,0.2779999999999916,0.0,0.2289999999999992,-0.06433333333333262,0.0,0.054000000000002046,0.08677960589908255,-0.06433333333333262,0,0,2022,Miami Grand Prix,0.0,19,0.0
GAS,28,0 days 00:01:34.964000,HARD,12.0,True,0 days 01:47:16.760000,30.1,10,46.4,0 days 00:00:32.504000,0 days 00:00:36.208000,0 days 00:00:26.252000,1,94.964,6436.76,3.0450000000000728,True,False,False,12.0,0.0,0.0,32.504,36.208,26.252,0,0,0,0.0,95.2492,0.7709631638411844,-0.36992688286045455,0,0,94.915,94.983,0.06799999999999784,0.2289999999999992,0.04899999999999238,-0.5593333333333325,0.0,-0.0519999999999996,0.055863225828805464,-0.5593333333333325,0,0,2022,Miami Grand Prix,0.0,19,0.0
GAS,29,0 days 00:01:34.983000,HARD,13.0,True,0 days 01:48:51.743000,30.0,10,45.6,0 days 00:00:32.518000,0 days 00:00:36.182000,0 days 00:00:26.283000,1,94.983,6531.743,2.946999999999207,True,False,False,13.0,0.0,0.0,32.518,36.182,26.283,0,0,0,0.0,95.2662,0.7616401381229916,-0.3718291432196839,0,0,94.964,94.948,-0.016000000000005343,0.2779999999999916,0.019000000000005457,-0.06966666666666772,0.0,0.03100000000000236,0.0711779460226276,-0.06966666666666772,0,0,2022,Miami Grand Prix,0.0,19,0.0
GAS,30,0 days 00:01:34.948000,HARD,14.0,True,0 days 01:50:26.691000,29.9,9,43.8,0 days 00:00:32.351000,0 days 00:00:36.240000,0 days 00:00:26.357000,1,94.948,6626.691,2.8209999999999127,True,False,False,14.0,0.0,0.0,32.351,36.24,26.357,0,0,0,0.0,94.9442,0.17447549971272833,0.021779562209335412,0,0,94.983,94.552,-0.4309999999999974,0.29699999999999704,-0.0350000000000108,0.09899999999999902,0.0,0.10500000000000043,0.059559214232561386,0.09899999999999902,0,0,2022,Miami Grand Prix,0.0,19,0.0
GAS,31,0 days 00:01:34.552000,HARD,15.0,True,0 days 01:52:01.243000,29.9,9,45.0,0 days 00:00:32.194000,0 days 00:00:36.039000,0 days 00:00:26.319000,1,94.552,6721.243,3.081999999999425,True,False,False,15.0,0.0,0.0,32.194,36.039,26.319,0,0,0,0.0,94.8992,0.12176493748204205,-2.851395542753774,1,0,94.948,95.424,0.4760000000000133,0.26199999999998624,-0.3959999999999866,0.01099999999999568,0.0,0.06700000000000017,0.06573659559180203,0.01099999999999568,0,0,2022,Miami Grand Prix,0.0,19,0.0
GAS,32,0 days 00:01:35.424000,HARD,16.0,True,0 days 01:53:36.667000,29.8,9,44.3,0 days 00:00:32.863000,0 days 00:00:36.207000,0 days 00:00:26.354000,1,95.424,6816.667,2.0599999999994907,True,False,False,16.0,0.0,0.0,32.863,36.207,26.354,0,0,0,0.0,94.8724,0.18083777260297085,3.0502477002470325,0,1,94.552,94.77,0.2179999999999893,0.0,0.8719999999999999,-0.13733333333333064,0.0,0.07099999999999795,0.05850213671311496,-0.13733333333333064,0,0,2022,Miami Grand Prix,0.0,19,0.0
GAS,33,0 days 00:01:34.770000,HARD,17.0,True,0 days 01:55:11.437000,29.9,9,44.3,0 days 00:00:32.374000,0 days 00:00:36.073000,0 days 00:00:26.323000,1,94.77,6911.437,2.074000000000524,True,False,False,17.0,0.0,0.0,32.374,36.073,26.323,0,0,0,0.0,94.97420000000001,0.3088044688795978,-0.6612598604576267,0,0,95.424,94.508,-0.916000000000011,0.8719999999999999,-0.6540000000000106,0.14700000000000082,0.0,0.004000000000001336,0.05992328428916382,0.14700000000000082,0,0,2022,Miami Grand Prix,0.0,19,0.0
GAS,34,0 days 00:01:34.508000,HARD,18.0,True,0 days 01:56:45.945000,29.8,9,43.0,0 days 00:00:32.144000,0 days 00:00:36.088000,0 days 00:00:26.276000,1,94.508,7005.945,1.8079999999999927,True,False,False,18.0,0.0,0.0,32.144,36.088,26.276,0,0,0,0.0,94.9354,0.3222992398377779,-1.3260968291924238,0,0,94.77,94.67,-0.09999999999999432,0.2179999999999893,-0.26200000000000045,-0.059333333333332426,0.0,-0.04299999999999926,0.03897178466531814,-0.059333333333332426,0,0,2022,Miami Grand Prix,0.0,19,0.0
GAS,35,0 days 00:01:34.670000,HARD,19.0,True,0 days 01:58:20.615000,29.5,9,41.8,0 days 00:00:31.882000,0 days 00:00:36.079000,0 days 00:00:26.709000,1,94.67,7100.615,1.4570000000003347,True,False,False,19.0,0.0,0.0,31.882,36.079,26.709,0,0,0,0.0,94.8404,0.3710751945361046,-0.45920611916143944,0,0,94.508,94.574,0.0660000000000025,0.0,0.16200000000000614,-0.01466666666667038,0.0,0.43299999999999983,0.05936497283752368,-0.01466666666667038,0,0,2022,Miami Grand Prix,0.0,19,0.0
GAS,36,0 days 00:01:34.574000,HARD,20.0,True,0 days 01:59:55.189000,29.4,9,41.8,0 days 00:00:32.292000,0 days 00:00:36.047000,0 days 00:00:26.235000,1,94.574,7195.189,1.2010000000000218,True,False,False,20.0,0.0,0.0,32.292,36.047,26.235,0,0,0,0.0,94.7848,0.37174883994439967,-0.567049516634764,0,0,94.67,94.552,-0.117999999999995,0.16200000000000614,-0.09600000000000364,-0.25133333333333496,0.0,-0.04100000000000037,0.18859957582136783,-0.25133333333333496,0,0,2022,Miami Grand Prix,0.0,19,0.0
GAS,37,0 days 00:01:34.552000,HARD,21.0,True,0 days 02:01:29.741000,29.6,9,41.7,0 days 00:00:32.118000,0 days 00:00:36.068000,0 days 00:00:26.366000,1,94.552,7289.741,0.7759999999998399,True,False,False,21.0,0.0,0.0,32.118,36.068,26.366,0,0,0,0.0,94.78920000000001,0.36841986917104286,-0.6438306395735643,0,0,94.574,94.487,-0.0870000000000033,0.0660000000000025,-0.02199999999999136,-0.06533333333333265,0.0,0.13100000000000023,0.20007548575475181,-0.06533333333333265,0,1,2022,Miami Grand Prix,0.0,19,0.0
GAS,38,0 days 00:01:34.487000,HARD,22.0,True,0 days 02:03:04.228000,29.7,9,42.9,0 days 00:00:31.992000,0 days 00:00:36.170000,0 days 00:00:26.325000,1,94.487,7384.228,0.4149999999999636,True,False,False,22.0,0.0,0.0,31.992,36.17,26.325,0,0,0,0.0,94.61479999999999,0.10505807917528984,-1.2164699850142762,0,0,94.552,98.47,3.917999999999992,0.04400000000001114,-0.06500000000001194,0.01466666666667038,0.0,0.08999999999999986,0.20083874128265164,0.01466666666667038,0,1,2022,Miami Grand Prix,0.0,19,0.0
HAM,2,0 days 00:01:36.564000,MEDIUM,2.0,True,0 days 01:05:34.183000,30.4,8,40.4,0 days 00:00:33.279000,0 days 00:00:36.661000,0 days 00:00:26.624000,1,96.564,3934.183,1.4839999999999236,False,True,False,2.0,0.0,0.0,33.279,36.661,26.624,0,0,0,0.0,95.35060000000001,1.7450320340899177,0.6953454012853124,0,0,96.564,95.73,-0.833999999999989,2.076999999999998,0.0,1.2986666666666669,0.0,0.4559999999999995,0.19956001603527698,0.0,0,0,2022,Miami Grand Prix,0.0,19,0.0
HAM,3,0 days 00:01:35.730000,MEDIUM,3.0,True,0 days 01:07:09.913000,31.0,7,44.0,0 days 00:00:32.860000,0 days 00:00:35.807000,0 days 00:00:27.063000,1,95.73,4029.913,0.43600000000014916,False,True,False,3.0,0.0,0.0,32.86,35.807,27.063,0,0,0,0.0,,,0.0,0,0,96.564,95.17,-1.3939999999999912,0.0,-0.833999999999989,0.0,0.0,0.0,0.0,0.0,0,1,2022,Miami Grand Prix,0.0,19,0.0
HAM,4,0 days 00:01:35.170000,MEDIUM,4.0,True,0 days 01:08:45.083000,31.3,7,46.5,0 days 00:00:32.405000,0 days 00:00:36.405000,0 days 00:00:26.360000,1,95.17,4125.083,0.9130000000004657,False,True,False,4.0,0.0,0.0,32.405,36.405,26.36,0,0,0,0.0,,,0.0,0,0,95.73,95.248,-0.4819999999999993,0.0,-0.5600000000000023,-0.4169999999999945,0.0,-0.26399999999999935,0.0,0.0,0,1,2022,Miami Grand Prix,0.0,19,0.0
HAM,5,0 days 00:01:35.248000,MEDIUM,5.0,True,0 days 01:10:20.331000,31.3,7,46.4,0 days 00:00:32.201000,0 days 00:00:36.764000,0 days 00:00:26.283000,1,95.248,4220.331,1.394999999999527,False,True,False,5.0,0.0,0.0,32.201,36.764,26.283,0,0,0,0.0,95.82133333333333,0.7014736868431481,-0.8173269277048772,0,0,95.17,96.181,1.0109999999999957,0.0,0.07800000000000296,-0.46466666666666373,0.0,-0.07699999999999818,0.3642416780106302,-0.6969999999999956,0,0,2022,Miami Grand Prix,0.0,19,0.0
HAM,6,0 days 00:01:36.181000,MEDIUM,6.0,True,0 days 01:11:56.512000,31.3,6,46.0,0 days 00:00:32.276000,0 days 00:00:37.059000,0 days 00:00:26.846000,1,96.181,4316.512,0.5270000000000437,False,True,False,6.0,0.0,0.0,32.276,37.059,26.846,0,0,0,0.0,95.678,0.6404852327207248,0.7853420723898668,0,0,95.248,96.301,1.0529999999999973,0.07800000000000296,0.9329999999999927,-0.43866666666666276,0.0,0.5629999999999988,0.30564399225242367,-0.43866666666666276,0,1,2022,Miami Grand Prix,0.0,19,0.0
HAM,7,0 days 00:01:36.301000,MEDIUM,7.0,True,0 days 01:13:32.813000,31.5,6,46.3,0 days 00:00:32.224000,0 days 00:00:36.693000,0 days 00:00:27.384000,1,96.301,4412.813,0.8090000000001965,False,True,False,7.0,0.0,0.0,32.224,36.693,27.384,0,0,0,0.0,95.77860000000001,0.598554759399665,0.87276893516634,0,0,96.181,95.574,-0.6069999999999993,1.0109999999999957,0.12000000000000455,0.15033333333333113,0.0,1.100999999999999,0.3565786028353347,0.15033333333333113,0,1,2022,Miami Grand Prix,0.0,19,0.0
HAM,8,0 days 00:01:35.574000,MEDIUM,8.0,True,0 days 01:15:08.387000,31.7,6,46.7,0 days 00:00:32.344000,0 days 00:00:36.557000,0 days 00:00:26.673000,1,95.574,4508.387,1.5929999999998472,False,True,False,8.0,0.0,0.0,32.344,36.557,26.673,0,0,0,0.0,95.72600000000001,0.5184799899706778,-0.2931646407580965,0,0,96.301,95.618,-0.6830000000000069,1.1310000000000002,-0.7270000000000039,0.37700000000000006,0.0,0.389999999999997,0.5600734773223947,0.37700000000000006,0,0,2022,Miami Grand Prix,0.0,19,0.0
HAM,9,0 days 00:01:35.618000,MEDIUM,9.0,True,0 days 01:16:44.005000,31.6,6,46.7,0 days 00:00:32.310000,0 days 00:00:36.678000,0 days 00:00:26.630000,1,95.618,4604.005,1.831000000000131,False,True,False,9.0,0.0,0.0,32.31,36.678,26.63,0,0,0,0.0,95.69480000000001,0.5228543774321814,-0.14688602279127244,0,0,95.574,95.264,-0.3100000000000023,0.40399999999999636,0.04399999999999693,0.10866666666666447,0.0,-0.04299999999999926,0.540837591149135,0.10866666666666447,0,0,2022,Miami Grand Prix,0.0,19,0.0
HAM,10,0 days 00:01:35.264000,MEDIUM,10.0,True,0 days 01:18:19.269000,31.3,6,45.0,0 days 00:00:32.302000,0 days 00:00:36.438000,0 days 00:00:26.524000,1,95.264,4699.269,2.1669999999994616,False,True,False,10.0,0.0,0.0,32.302,36.438,26.524,0,0,0,0.0,95.7844,0.4426762925660183,-1.1755768464207956,0,0,95.618,95.216,-0.402000000000001,0.36999999999999034,-0.3539999999999992,-0.18766666666666745,0.0,-0.1059999999999981,0.48501979341053597,-0.18766666666666745,0,0,2022,Miami Grand Prix,0.0,19,0.0
HAM,11,0 days 00:01:35.216000,MEDIUM,11.0,True,0 days 01:19:54.485000,31.1,6,44.9,0 days 00:00:32.235000,0 days 00:00:36.434000,0 days 00:00:26.547000,1,95.216,4794.485,2.54700000000048,False,True,False,11.0,0.0,0.0,32.235,36.434,26.547,0,0,0,0.0,95.7876,0.43786105101961154,-1.3054369614948969,0,0,95.264,95.166,-0.09799999999999898,0.0,-0.04800000000000182,-0.34566666666666873,0.0,0.022999999999999687,0.4920746894527282,-0.34566666666666873,0,0,2022,Miami Grand Prix,0.0,19,0.0
HAM,12,0 days 00:01:35.166000,MEDIUM,12.0,True,0 days 01:21:29.651000,30.9,6,45.6,0 days 00:00:32.213000,0 days 00:00:36.491000,0 days 00:00:26.462000,1,95.166,4889.651,2.8280000000004293,False,True,False,12.0,0.0,0.0,32.213,36.491,26.462,0,0,0,0.0,95.59459999999999,0.4337646827486081,-0.9880933534839844,0,0,95.216,95.03,-0.18599999999999284,0.0,-0.04999999999999716,-0.11933333333333469,0.0,-0.062000000000001165,0.5013157687525887,-0.11933333333333469,0,0,2022,Miami Grand Prix,0.0,19,0.0
HAM,13,0 days 00:01:35.030000,MEDIUM,13.0,True,0 days 01:23:04.681000,30.6,6,45.2,0 days 00:00:32.281000,0 days 00:00:36.307000,0 days 00:00:26.442000,1,95.03,4984.681,3.337000000000444,False,True,False,13.0,0.0,0.0,32.281,36.307,26.442,0,0,0,0.0,95.3676,0.21193112088601393,-1.5929703886272146,1,0,95.166,94.665,-0.5009999999999906,0.0,-0.13599999999999568,-0.15066666666666606,0.0,-0.019999999999999574,0.20087135186481755,-0.15066666666666606,0,0,2022,Miami Grand Prix,0.0,19,0.0
HAM,14,0 days 00:01:34.665000,MEDIUM,14.0,True,0 days 01:24:39.346000,30.5,6,45.2,0 days 00:00:32.184000,0 days 00:00:36.224000,0 days 00:00:26.257000,1,94.665,5079.346,4.130000000000109,False,True,False,14.0,0.0,0.0,32.184,36.224,26.257,0,0,0,0.0,95.2588,0.2190004566205408,-2.7114098717559156,1,1,95.03,95.038,0.007999999999995566,0.0,-0.3649999999999949,-0.07799999999999822,0.0,-0.18499999999999872,0.04797186675542151,-0.07799999999999822,0,0,2022,Miami Grand Prix,0.0,19,0.0
HAM,15,0 days 00:01:35.038000,MEDIUM,15.0,True,0 days 01:26:14.384000,30.2,6,45.1,0 days 00:00:32.178000,0 days 00:00:36.429000,0 days 00:00:26.431000,1,95.038,5174.384,4.3149999999996,False,True,False,15.0,0.0,0.0,32.178,36.429,26.431,0,0,0,0.0,95.06819999999999,0.24175235262559192,-0.1249212248484923,0,1,94.665,95.159,0.4939999999999998,0.0,0.37299999999999045,-0.18366666666666256,0.0,0.1739999999999995,0.08020910172792022,-0.18366666666666256,0,0,2022,Miami Grand Prix,0.0,19,0.0
HAM,16,0 days 00:01:35.159000,MEDIUM,16.0,True,0 days 01:27:49.543000,30.0,6,44.8,0 days 00:00:32.371000,0 days 00:00:36.412000,0 days 00:00:26.376000,1,95.159,5269.543,10.636000000000422,False,True,False,16.0,0.0,0.0,32.371,36.412,26.376,0,0,0,0.0,95.023,0.21571740773523412,0.6304544516265128,0,0,95.038,95.474,0.43600000000000705,0.37299999999999045,0.12100000000000932,-0.04266666666666671,0.0,0.11899999999999977,0.13066560373717268,-0.04266666666666671,0,0,2022,Miami Grand Prix,0.0,19,0.0
HAM,17,0 days 00:01:35.474000,MEDIUM,17.0,True,0 days 01:29:25.017000,30.2,6,45.3,0 days 00:00:32.715000,0 days 00:00:36.387000,0 days 00:00:26.372000,1,95.474,5365.017,10.778000000000247,False,True,False,17.0,0.0,0.0,32.715,36.387,26.372,0,0,0,0.0,95.0116,0.20416488434598662,2.2648360979471835,0,0,95.159,94.798,-0.3610000000000042,0.4939999999999998,0.3149999999999977,0.04300000000000163,0.0,0.11499999999999844,0.14384957420861497,0.04300000000000163,0,0,2022,Miami Grand Prix,0.0,19,0.0
HAM,18,0 days 00:01:34.798000,MEDIUM,18.0,True,0 days 01:30:59.815000,30.2,6,44.7,0 days 00:00:32.067000,0 days 00:00:36.297000,0 days 00:00:26.434000,1,94.798,5459.815,14.594000000000051,False,True,False,18.0,0.0,0.0,32.067,36.297,26.434,0,0,0,0.0,95.0732,0.29057477523007974,-0.9470884036031423,0,0,95.474,94.853,-0.6210000000000093,0.8089999999999975,-0.6760000000000019,0.26966666666666583,0.0,0.062000000000001165,0.1449527509224979,0.26966666666666583,0,0,2022,Miami Grand Prix,0.0,19,0.0
HAM,19,0 days 00:01:34.853000,MEDIUM,19.0,True,0 days 01:32:34.668000,30.0,6,42.9,0 days 00:00:32.063000,0 days 00:00:36.467000,0 days 00:00:26.323000,1,94.853,5554.668,14.58600000000024,False,True,False,19.0,0.0,0.0,32.063,36.467,26.323,0,0,0,0.0,95.02680000000001,0.3165591571886871,-0.5490285024243338,0,0,94.798,96.119,1.320999999999998,0.13299999999999557,0.05499999999999261,-0.0799999999999983,0.0,-0.04899999999999949,0.1409663080313865,-0.0799999999999983,0,0,2022,Miami Grand Prix,0.0,19,0.0
HAM,20,0 days 00:01:36.119000,MEDIUM,20.0,True,0 days 01:34:10.787000,29.8,6,42.6,0 days 00:00:32.007000,0 days 00:00:37.540000,0 days 00:00:26.572000,12,96.119,5650.787,13.21599999999944,False,True,False,20.0,0.0,0.0,32.007,37.54,26.572,0,0,1,0.0,95.0644,0.2706830249572603,3.8960699518062145,0,0,94.853,95.388,0.5350000000000108,0.05499999999999261,1.2660000000000053,-0.10200000000000387,0.0,0.24899999999999878,0.0843486810803813,-0.10200000000000387,0,0,2022,Miami Grand Prix,0.0,19,0.0
HAM,21,0 days 00:01:35.388000,MEDIUM,21.0,True,0 days 01:35:46.175000,29.7,6,42.3,0 days 00:00:32.194000,0 days 00:00:36.826000,0 days 00:00:26.368000,1,95.388,5746.175,13.081999999999425,False,True,False,21.0,0.0,0.0,32.194,36.826,26.368,0,0,0,0.0,95.2806,0.5410289271379194,0.19851064261600918,0,0,96.119,94.143,-1.975999999999999,1.320999999999998,-0.7309999999999945,0.21499999999999866,0.0,0.04499999999999815,0.10773671611850719,0.21499999999999866,0,0,2022,Miami Grand Prix,0.0,19,0.0
HAM,24,0 days 00:01:34.143000,HARD,2.0,True,0 days 01:40:49.488000,30.0,7,42.1,0 days 00:00:31.915000,0 days 00:00:35.846000,0 days 00:00:26.382000,1,94.143,6049.488,2.32799999999952,True,False,False,2.0,0.0,0.0,31.915,35.846,26.382,0,0,0,0.0,95.3264,0.5378450520363723,-2.200261944438186,1,0,95.388,93.843,-1.5450000000000017,0.5900000000000034,-1.2450000000000045,0.1966666666666678,0.0,0.05900000000000105,0.10940658115488226,0.1966666666666678,0,0,2022,Miami Grand Prix,0.0,19,0.0
HAM,25,0 days 00:01:33.843000,HARD,3.0,True,0 days 01:42:23.331000,30.0,7,43.7,0 days 00:00:31.518000,0 days 00:00:36.002000,0 days 00:00:26.323000,1,93.843,6143.331,3.6859999999996944,True,False,False,3.0,0.0,0.0,31.518,36.002,26.323,0,0,0,0.0,95.06020000000001,0.7384860865310946,-1.648236875683851,1,1,94.143,93.738,-0.40500000000000114,0.0,-0.29999999999999716,-0.23666666666666458,0.0,-0.04499999999999815,0.10835220348474621,-0.23666666666666458,0,0,2022,Miami Grand Prix,0.0,19,0.0
HAM,26,0 days 00:01:33.738000,HARD,4.0,True,0 days 01:43:57.069000,30.1,7,44.1,0 days 00:00:31.364000,0 days 00:00:36.068000,0 days 00:00:26.306000,1,93.738,6237.069,4.943999999999505,True,False,False,4.0,0.0,0.0,31.364,36.068,26.306,0,0,0,0.0,94.8692,0.9235622339615305,-1.2248227118900632,0,1,93.843,93.561,-0.2819999999999965,0.0,-0.10500000000000398,-0.7586666666666654,0.0,-0.01699999999999946,0.12095122984079058,-0.7586666666666654,0,0,2022,Miami Grand Prix,0.0,19,0.0
HAM,27,0 days 00:01:33.561000,HARD,5.0,True,0 days 01:45:30.630000,30.2,7,44.5,0 days 00:00:31.450000,0 days 00:00:35.895000,0 days 00:00:26.216000,1,93.561,6330.63,6.527000000000044,True,False,False,5.0,0.0,0.0,31.45,35.895,26.216,0,0,0,0.0,94.6462,1.0538708175103901,-1.0297277256083497,0,0,93.738,95.342,1.6039999999999992,0.0,-0.1769999999999925,-0.5500000000000019,0.0,-0.08999999999999986,0.11498347707388117,-0.5500000000000019,0,0,2022,Miami Grand Prix,0.0,19,0.0
HAM,28,0 days 00:01:35.342000,HARD,6.0,True,0 days 01:47:05.972000,30.1,7,46.4,0 days 00:00:31.729000,0 days 00:00:37.181000,0 days 00:00:26.432000,1,95.342,6425.972,6.337000000000444,True,False,False,6.0,0.0,0.0,31.729,37.181,26.432,0,0,0,0.0,94.1346,0.7318505995078664,1.6497902725117803,0,0,93.561,93.592,0.0309999999999917,0.0,1.7809999999999917,-0.19399999999999787,0.0,0.21599999999999753,0.06216751563316586,-0.19399999999999787,0,0,2022,Miami Grand Prix,0.0,19,0.0
HAM,29,0 days 00:01:33.592000,HARD,7.0,True,0 days 01:48:39.564000,30.0,7,45.6,0 days 00:00:31.263000,0 days 00:00:36.107000,0 days 00:00:26.222000,1,93.592,6519.564,7.5659999999998035,True,False,False,7.0,0.0,0.0,31.263,36.107,26.222,0,0,0,0.0,94.1254,0.7121799632115619,-0.7489679962275873,0,0,95.342,93.783,-1.5589999999999975,1.7809999999999917,-1.75,0.4996666666666651,0.0,0.006000000000000227,0.11992205802103162,0.4996666666666651,0,0,2022,Miami Grand Prix,0.0,19,0.0
HAM,30,0 days 00:01:33.783000,HARD,8.0,True,0 days 01:50:13.347000,29.9,7,43.8,0 days 00:00:31.359000,0 days 00:00:36.146000,0 days 00:00:26.278000,1,93.783,6613.347,9.622000000000298,True,False,False,8.0,0.0,0.0,31.359,36.146,26.278,0,0,0,0.0,94.01520000000001,0.7503810365407834,-0.30944278798733454,0,0,93.592,93.781,0.18900000000000716,0.0309999999999917,0.1910000000000025,-0.048666666666666934,0.0,0.06199999999999761,0.11845463266584239,-0.048666666666666934,0,0,2022,Miami Grand Prix,0.0,19,0.0
HAM,31,0 days 00:01:33.781000,HARD,9.0,True,0 days 01:51:47.128000,29.8,7,43.8,0 days 00:00:31.365000,0 days 00:00:36.089000,0 days 00:00:26.327000,1,93.781,6707.128,10.67700000000059,True,False,False,9.0,0.0,0.0,31.365,36.089,26.327,0,0,0,0.0,94.0032,0.7542928476394433,-0.29458054745630285,0,0,93.783,93.552,-0.23099999999999454,0.2219999999999942,-0.001999999999995339,0.07399999999999807,0.0,0.10500000000000043,0.11473796233156529,0.07399999999999807,0,0,2022,Miami Grand Prix,0.0,19,0.0
HAM,32,0 days 00:01:33.552000,HARD,10.0,True,0 days 01:53:20.680000,29.8,7,44.3,0 days 00:00:31.162000,0 days 00:00:36.252000,0 days 00:00:26.138000,1,93.552,6800.68,11.942999999999302,True,False,False,10.0,0.0,0.0,31.162,36.252,26.138,0,0,0,0.0,94.01180000000001,0.7507500915750992,-0.612454137748189,0,0,93.781,94.201,0.4199999999999875,0.21999999999999886,-0.2289999999999992,-0.520333333333331,0.0,-0.08399999999999963,0.11377697482355457,-0.520333333333331,0,0,2022,Miami Grand Prix,0.0,19,0.0
HAM,33,0 days 00:01:34.201000,HARD,11.0,True,0 days 01:54:54.881000,29.9,7,44.3,0 days 00:00:31.311000,0 days 00:00:36.186000,0 days 00:00:26.704000,1,94.201,6894.881,12.75500000000011,True,False,False,11.0,0.0,0.0,31.311,36.186,26.704,0,0,0,0.0,94.01,0.7521106966398093,0.2539519792143834,0,0,93.552,93.711,0.15899999999999181,0.0,0.6489999999999867,-0.01333333333333068,0.0,0.565999999999999,0.11181681447796551,-0.01333333333333068,0,0,2022,Miami Grand Prix,0.0,19,0.0
HAM,34,0 days 00:01:33.711000,HARD,12.0,True,0 days 01:56:28.592000,29.8,7,43.0,0 days 00:00:31.339000,0 days 00:00:36.139000,0 days 00:00:26.233000,1,93.711,6988.592,13.835000000000036,True,False,False,12.0,0.0,0.0,31.339,36.139,26.233,0,0,0,0.0,93.7818,0.25717834278961876,-0.27529534264836014,0,0,94.201,93.436,-0.7649999999999864,0.6489999999999867,-0.4899999999999949,0.13933333333333073,0.0,0.09499999999999886,0.2532350686615102,0.13933333333333073,0,0,2022,Miami Grand Prix,0.0,19,0.0
HAM,35,0 days 00:01:33.436000,HARD,13.0,True,0 days 01:58:02.028000,29.5,7,41.8,0 days 00:00:31.139000,0 days 00:00:36.068000,0 days 00:00:26.229000,1,93.436,7082.028,14.905999999999949,True,False,False,13.0,0.0,0.0,31.139,36.068,26.229,0,0,0,0.0,93.8056,0.2401661924585037,-1.538934336329837,1,0,93.711,93.286,-0.42499999999999716,0.15899999999999181,-0.2749999999999915,-0.023333333333335798,0.0,0.09099999999999753,0.2452543577594491,-0.023333333333335798,0,0,2022,Miami Grand Prix,0.0,19,0.0
HAM,36,0 days 00:01:33.286000,HARD,14.0,True,0 days 01:59:35.314000,29.4,7,41.8,0 days 00:00:31.186000,0 days 00:00:36.065000,0 days 00:00:26.035000,1,93.286,7175.314,16.06999999999971,True,False,False,14.0,0.0,0.0,31.186,36.065,26.035,0,0,0,0.0,93.73620000000001,0.2927160740376422,-1.5380091492417167,1,1,93.436,93.34,-0.09600000000000364,0.0,-0.15000000000000568,-0.03866666666666655,0.0,-0.19399999999999906,0.24302119249151877,-0.03866666666666655,0,0,2022,Miami Grand Prix,0.0,19,0.0
HAM,37,0 days 00:01:33.340000,HARD,15.0,True,0 days 02:01:08.654000,29.6,7,41.7,0 days 00:00:31.257000,0 days 00:00:35.987000,0 days 00:00:26.096000,1,93.34,7268.654,17.264999999999418,True,False,False,15.0,0.0,0.0,31.257,35.987,26.096,0,0,0,0.0,93.6372,0.3515674899645948,-0.8453568901661918,0,1,93.286,93.173,-0.11299999999999955,0.0,0.054000000000002046,-0.30499999999999733,0.0,0.06099999999999994,0.2904388059471385,-0.30499999999999733,0,0,2022,Miami Grand Prix,0.0,19,0.0
HAM,38,0 days 00:01:33.173000,HARD,16.0,True,0 days 02:02:41.827000,29.6,7,41.7,0 days 00:00:31.188000,0 days 00:00:35.990000,0 days 00:00:25.995000,1,93.173,7361.827,18.746000000000095,True,False,False,16.0,0.0,0.0,31.188,35.99,25.995,0,0,0,0.0,93.59479999999999,0.37632392961384087,-1.1208428877558068,0,0,93.34,93.276,-0.06400000000000716,0.054000000000002046,-0.1670000000000016,-0.12366666666666504,0.0,-0.03999999999999915,0.27494854063987983,-0.12366666666666504,0,0,2022,Miami Grand Prix,0.0,19,0.0
HAM,39,0 days 00:01:33.276000,HARD,17.0,True,0 days 02:04:15.103000,29.8,7,42.7,0 days 00:00:31.121000,0 days 00:00:36.020000,0 days 00:00:26.135000,1,93.276,7455.103,19.91700000000037,True,False,False,17.0,0.0,0.0,31.121,36.02,26.135,0,0,0,0.0,93.3892,0.2034445870501242,-0.5564168683048629,0,0,93.173,95.586,2.4129999999999967,0.0,0.10299999999999443,-0.0876666666666684,0.0,0.14000000000000057,0.12270819043568237,-0.0876666666666684,0,0,2022,Miami Grand Prix,0.0,19,0.0
HAM,47,0 days 00:01:35.586000,HARD,25.0,True,0 days 02:21:26.182000,29.6,6,40.7,0 days 00:00:33.033000,0 days 00:00:36.379000,0 days 00:00:26.174000,12,95.586,8486.182,0.8379999999997381,True,False,False,25.0,0.0,0.0,33.033,36.379,26.174,0,0,1,0.0,93.3022,0.09614156229224506,23.754554695687677,0,0,93.276,93.888,0.612000000000009,0.10299999999999443,2.3100000000000023,-0.0033333333333350388,0.0,0.1789999999999985,0.1324435728904947,-0.0033333333333350388,0,1,2022,Miami Grand Prix,0.0,19,0.0
HAM,48,0 days 00:01:33.888000,HARD,26.0,True,0 days 02:23:00.070000,29.5,6,40.7,0 days 00:00:31.572000,0 days 00:00:36.053000,0 days 00:00:26.263000,1,93.888,8580.07,0.4580000000005384,True,False,False,26.0,0.0,0.0,31.572,36.053,26.263,0,0,0,0.0,93.7322,1.0380646415325026,0.15008699243429635,0,0,95.586,93.742,-1.843999999999994,2.4129999999999967,-1.6979999999999933,0.748666666666665,0.0,0.2680000000000007,0.1502787410114942,0.748666666666665,0,1,2022,Miami Grand Prix,0.0,19,0.0
HAM,49,0 days 00:01:33.742000,HARD,27.0,True,0 days 02:24:33.812000,29.6,5,39.6,0 days 00:00:31.321000,0 days 00:00:36.361000,0 days 00:00:26.060000,1,93.742,8673.812,0.282999999999447,True,False,False,27.0,0.0,0.0,31.321,36.361,26.06,0,0,0,0.0,93.8526,1.0078456230990966,-0.10973902893966943,0,0,93.888,95.579,1.6909999999999883,0.7150000000000034,-0.1460000000000008,0.23833333333333448,0.0,-0.07500000000000284,0.11710380010913357,0.23833333333333448,0,1,2022,Miami Grand Prix,0.0,19,0.0
HAM,50,0 days 00:01:35.579000,HARD,28.0,True,0 days 02:26:09.391000,29.7,6,39.5,0 days 00:00:31.960000,0 days 00:00:37.797000,0 days 00:00:25.822000,1,95.579,8769.391,0.7849999999998545,True,False,False,28.0,0.0,0.0,31.96,37.797,25.822,0,0,0,0.0,93.933,0.9721321926569493,1.6931853635062522,0,0,93.742,92.97,-0.7720000000000056,0.5690000000000026,1.836999999999989,0.15533333333333607,0.0,-0.23799999999999955,0.14674229110927822,0.15533333333333607,0,1,2022,Miami Grand Prix,0.0,19,0.0
HAM,51,0 days 00:01:32.970000,HARD,29.0,True,0 days 02:27:42.361000,29.6,6,38.6,0 days 00:00:30.955000,0 days 00:00:35.871000,0 days 00:00:26.144000,1,92.97,8862.361,1.6059999999997672,True,False,False,29.0,0.0,0.0,30.955,35.871,26.144,0,0,0,0.0,94.41420000000001,1.0901964043235501,-1.3247154313411196,0,0,95.579,93.109,-2.469999999999999,2.3029999999999973,-2.6089999999999947,-0.0023333333333350006,0.0,0.3219999999999992,0.20659065806565427,-0.0023333333333350006,0,0,2022,Miami Grand Prix,0.0,19,0.0
HAM,52,0 days 00:01:33.109000,HARD,30.0,True,0 days 02:29:15.470000,29.7,6,39.2,0 days 00:00:31.230000,0 days 00:00:35.742000,0 days 00:00:26.137000,1,93.109,8955.47,2.4170000000012806,True,False,False,30.0,0.0,0.0,31.23,35.742,26.137,0,0,0,0.0,94.353,1.1753297409663375,-1.0584263774157563,0,0,92.97,93.503,0.5330000000000013,0.0,0.1389999999999958,-0.3060000000000021,0.0,0.3150000000000013,0.2388675365134409,-0.3060000000000021,0,0,2022,Miami Grand Prix,0.0,19,0.0
HAM,53,0 days 00:01:33.503000,HARD,31.0,True,0 days 02:30:48.973000,29.7,6,39.4,0 days 00:00:30.945000,0 days 00:00:35.734000,0 days 00:00:26.824000,1,93.503,9048.973,2.430000000000291,True,False,False,31.0,0.0,0.0,30.945,35.734,26.824,0,0,0,0.0,93.8576,1.039920814293093,-0.34098750128494293,0,0,93.109,93.16,0.05100000000000193,0.1389999999999958,0.39400000000000546,-0.21100000000000327,0.0,1.0020000000000024,0.25831627900695736,-0.21100000000000327,0,0,2022,Miami Grand Prix,0.0,19,0.0
HAM,54,0 days 00:01:33.160000,HARD,32.0,True,0 days 02:32:22.133000,29.5,6,38.5,0 days 00:00:30.928000,0 days 00:00:36.407000,0 days 00:00:25.825000,12,93.16,9142.133,2.856999999999971,True,False,False,32.0,0.0,0.0,30.928,36.407,25.825,0,0,1,0.0,93.7806,1.0512983877092226,-0.5903176560103898,0,0,93.503,92.941,-0.5619999999999976,0.5330000000000013,-0.3430000000000035,-0.6919999999999978,0.0,-0.31200000000000117,0.4789380962086867,-0.6919999999999978,0,0,2022,Miami Grand Prix,0.0,19,0.0
HAM,55,0 days 00:01:32.941000,HARD,33.0,True,0 days 02:33:55.074000,29.4,6,38.5,0 days 00:00:31.163000,0 days 00:00:35.973000,0 days 00:00:25.805000,1,92.941,9235.074,3.4249999999992724,True,False,False,33.0,0.0,0.0,31.163,35.973,25.805,0,0,0,0.0,93.6642,1.0882121576236936,-0.6645762914276094,0,0,93.16,92.942,-0.21800000000000352,0.18999999999999773,-0.2189999999999941,0.06333333333333258,0.0,-0.019999999999999574,0.5300275464539567,0.06333333333333258,0,0,2022,Miami Grand Prix,0.0,19,0.0
HAM,56,0 days 00:01:32.942000,HARD,34.0,True,0 days 02:35:28.016000,29.6,6,39.2,0 days 00:00:31.329000,0 days 00:00:35.759000,0 days 00:00:25.854000,12,92.942,9328.016,3.6670000000012806,True,False,False,34.0,0.0,0.0,31.329,35.759,25.854,0,0,1,0.0,93.1366,0.22448452062455712,-0.8668749161795005,0,0,92.941,93.461,0.519999999999996,0.0,0.000999999999990564,-0.055999999999997385,0.0,0.04899999999999949,0.490664651263978,-0.055999999999997385,0,0,2022,Miami Grand Prix,0.0,19,0.0
LAT,2,0 days 00:01:39.050000,HARD,2.0,True,0 days 01:05:42.215000,30.4,18,40.4,0 days 00:00:34.615000,0 days 00:00:37.202000,0 days 00:00:27.233000,1,99.05,3942.215,4.55600000000004,True,False,False,2.0,0.0,0.0,34.615,37.202,27.233,0,0,0,0.0,93.20139999999999,0.2716455411009653,21.53026321100627,0,0,99.05,97.75,-1.2999999999999972,6.108999999999995,0.0,0.10033333333333398,0.0,1.4280000000000008,0.5298586603991683,0.0,0,0,2022,Miami Grand Prix,0.0,19,0.0
LAT,3,0 days 00:01:37.750000,HARD,3.0,True,0 days 01:07:19.965000,31.0,18,44.0,0 days 00:00:33.967000,0 days 00:00:36.744000,0 days 00:00:27.039000,1,97.75,4039.965,3.8479999999999563,True,False,False,3.0,0.0,0.0,33.967,36.744,27.039,0,0,0,0.0,,,0.0,0,0,99.05,96.966,-2.084000000000003,0.0,-1.2999999999999972,0.0,0.0,0.0,0.0,0.0,0,0,2022,Miami Grand Prix,0.0,19,0.0
LAT,4,0 days 00:01:36.966000,HARD,4.0,True,0 days 01:08:56.931000,31.3,18,46.5,0 days 00:00:33.416000,0 days 00:00:36.702000,0 days 00:00:26.848000,1,96.966,4136.931,3.7940000000007785,True,False,False,4.0,0.0,0.0,33.416,36.702,26.848,0,0,0,0.0,,,0.0,0,0,97.75,96.857,-0.8930000000000007,0.0,-0.784000000000006,-0.6499999999999986,0.0,-0.1910000000000025,0.0,0.0,0,0,2022,Miami Grand Prix,0.0,19,0.0
LAT,5,0 days 00:01:36.857000,HARD,5.0,True,0 days 01:10:33.788000,31.3,18,46.4,0 days 00:00:33.179000,0 days 00:00:36.763000,0 days 00:00:26.915000,1,96.857,4233.788,3.5579999999999927,True,False,False,5.0,0.0,0.0,33.179,36.763,26.915,0,0,0,0.0,97.92199999999998,1.0525929887663183,-1.0117870927947246,0,0,96.966,96.941,-0.024999999999991473,0.0,-0.10899999999999466,-0.6946666666666678,0.0,0.06700000000000017,0.8847623032958263,-1.0420000000000016,0,0,2022,Miami Grand Prix,0.0,19,0.0
LAT,6,0 days 00:01:36.941000,HARD,6.0,True,0 days 01:12:10.729000,31.4,17,46.0,0 days 00:00:33.237000,0 days 00:00:36.894000,0 days 00:00:26.810000,1,96.941,4330.729,3.444999999999709,True,False,False,6.0,0.0,0.0,33.237,36.894,26.81,0,0,0,0.0,97.65575,1.0110345773843112,-0.7069491152806603,0,0,96.857,97.385,0.5280000000000058,0.0,0.08400000000000318,-0.7309999999999993,0.0,-0.038000000000000256,0.7427538847648895,-0.7309999999999993,0,0,2022,Miami Grand Prix,0.0,19,0.0
LAT,7,0 days 00:01:37.385000,HARD,7.0,True,0 days 01:13:48.114000,31.5,17,46.3,0 days 00:00:33.390000,0 days 00:00:36.835000,0 days 00:00:27.160000,1,97.385,4428.114,2.719000000000051,True,False,False,7.0,0.0,0.0,33.39,36.835,27.16,0,0,0,0.0,97.5128,0.932103374095386,-0.1371092558526831,0,0,96.941,97.112,0.17099999999999227,0.08400000000000318,0.4440000000000026,-0.26966666666666583,0.0,0.3500000000000014,0.6635221925452087,-0.26966666666666583,0,0,2022,Miami Grand Prix,0.0,19,0.0
LAT,8,0 days 00:01:37.112000,HARD,8.0,True,0 days 01:15:25.226000,31.7,17,46.7,0 days 00:00:33.335000,0 days 00:00:36.817000,0 days 00:00:26.960000,1,97.112,4525.226,3.7280000000000655,True,False,False,8.0,0.0,0.0,33.335,36.817,26.96,0,0,0,0.0,97.1798,0.3788702944280619,-0.17895306387732374,0,0,97.385,96.912,-0.472999999999999,0.5280000000000058,-0.27300000000001035,0.13966666666667038,0.0,0.15000000000000213,0.19864868486854004,0.13966666666667038,0,0,2022,Miami Grand Prix,0.0,19,0.0
LAT,9,0 days 00:01:36.912000,HARD,9.0,True,0 days 01:17:02.138000,31.6,17,46.6,0 days 00:00:33.166000,0 days 00:00:36.801000,0 days 00:00:26.945000,1,96.912,4622.138,3.7979999999997744,True,False,False,9.0,0.0,0.0,33.166,36.801,26.945,0,0,0,0.0,97.0522,0.20750349394650255,-0.6756512737859663,0,0,97.112,96.917,-0.19499999999999318,0.25499999999999545,-0.19999999999998863,0.08499999999999848,0.0,0.13500000000000156,0.20283318268961967,0.08499999999999848,0,0,2022,Miami Grand Prix,0.0,19,0.0
LAT,10,0 days 00:01:36.917000,HARD,10.0,True,0 days 01:18:39.055000,31.3,17,45.0,0 days 00:00:33.387000,0 days 00:00:36.809000,0 days 00:00:26.721000,1,96.917,4719.055,2.918999999999869,True,False,False,10.0,0.0,0.0,33.387,36.809,26.721,0,0,0,0.0,97.0414,0.21440219215298606,-0.5802179481039496,0,0,96.912,97.033,0.12099999999999511,0.05500000000000682,0.0049999999999954525,-0.009666666666665455,0.0,-0.2240000000000002,0.14228387118714544,-0.009666666666665455,0,0,2022,Miami Grand Prix,0.0,19,0.0
LAT,11,0 days 00:01:37.033000,HARD,11.0,True,0 days 01:20:16.088000,31.0,17,44.9,0 days 00:00:33.280000,0 days 00:00:36.924000,0 days 00:00:26.829000,1,97.033,4816.088,1.9470000000001164,True,False,False,11.0,0.0,0.0,33.28,36.924,26.829,0,0,0,0.0,97.0534,0.20287015551826632,-0.10055692986422679,0,0,96.917,96.717,-0.20000000000000284,0.0049999999999954525,0.11599999999999966,-0.15600000000000117,0.0,0.10800000000000054,0.21622858275445542,-0.15600000000000117,0,0,2022,Miami Grand Prix,0.0,19,0.0
LAT,12,0 days 00:01:36.717000,HARD,12.0,True,0 days 01:21:52.805000,30.9,16,45.6,0 days 00:00:33.170000,0 days 00:00:36.791000,0 days 00:00:26.756000,1,96.717,4912.805,1.1749999999992724,True,False,False,12.0,0.0,0.0,33.17,36.791,26.756,0,0,0,0.0,97.07180000000001,0.1941100203492992,-1.8278293895469806,1,0,97.033,96.494,-0.5390000000000015,0.12099999999999511,-0.3160000000000025,-0.026333333333331172,0.0,0.03500000000000014,0.20687725829583176,-0.026333333333331172,0,0,2022,Miami Grand Prix,0.0,19,0.0
LAT,13,0 days 00:01:36.494000,HARD,13.0,True,0 days 01:23:29.299000,30.6,15,45.2,0 days 00:00:33.115000,0 days 00:00:36.622000,0 days 00:00:26.757000,1,96.494,5009.299,0.555000000000291,True,False,False,13.0,0.0,0.0,33.115,36.622,26.757,0,0,0,0.0,96.9382,0.14938105636260504,-2.9736032855581866,1,1,96.717,96.683,-0.033999999999991815,0.0,-0.22299999999999898,-0.06500000000000246,0.0,0.036000000000001364,0.15448851089967902,-0.06500000000000246,0,1,2022,Miami Grand Prix,0.0,19,0.0
LAT,14,0 days 00:01:36.683000,HARD,14.0,True,0 days 01:25:05.982000,30.3,15,46.5,0 days 00:00:33.221000,0 days 00:00:36.786000,0 days 00:00:26.676000,1,96.683,5105.982,0.4679999999998472,True,False,False,14.0,0.0,0.0,33.221,36.786,26.676,0,0,0,0.0,96.81460000000001,0.21212095606048006,-0.6204007489127291,0,1,96.494,97.426,0.9320000000000022,0.0,0.18900000000000716,-0.1410000000000006,0.0,-0.08000000000000185,0.14227262561715856,-0.1410000000000006,0,1,2022,Miami Grand Prix,0.0,19,0.0
LAT,15,0 days 00:01:37.426000,HARD,15.0,True,0 days 01:26:43.408000,30.2,15,45.1,0 days 00:00:33.149000,0 days 00:00:37.593000,0 days 00:00:26.684000,1,97.426,5203.408,0.28399999999965075,True,False,False,15.0,0.0,0.0,33.149,37.593,26.684,0,0,0,0.0,96.7688,0.21054975658977346,3.121352456751896,0,0,96.683,99.225,2.5419999999999874,0.18900000000000716,0.742999999999995,-0.11666666666666477,0.0,0.008000000000002672,0.1300346107772856,-0.11666666666666477,0,1,2022,Miami Grand Prix,0.0,19,0.0
LAT,16,0 days 00:01:39.225000,HARD,16.0,True,0 days 01:28:22.633000,30.2,17,45.7,0 days 00:00:33.921000,0 days 00:00:38.249000,0 days 00:00:27.055000,1,99.225,5302.633,1.25,True,False,False,16.0,0.0,0.0,33.921,38.249,27.055,0,0,0,0.0,96.8706,0.3658747053295843,6.43498980854423,0,0,97.426,97.847,0.42099999999999227,0.9320000000000022,1.7989999999999924,0.2363333333333344,0.0,0.37900000000000134,0.06774806270292985,0.2363333333333344,0,0,2022,Miami Grand Prix,0.0,19,0.0
LAT,17,0 days 00:01:37.847000,HARD,17.0,True,0 days 01:30:00.480000,30.2,17,45.3,0 days 00:00:33.670000,0 days 00:00:37.444000,0 days 00:00:26.733000,1,97.847,5400.48,3.6480000000001382,True,False,False,17.0,0.0,0.0,33.67,37.444,26.733,0,0,0,0.0,97.309,1.128196569751917,0.4768672538317497,0,0,99.225,97.216,-2.0090000000000003,2.7309999999999945,-1.3780000000000001,0.9103333333333316,0.0,0.05700000000000216,0.17610309480528794,0.9103333333333316,0,0,2022,Miami Grand Prix,0.0,19,0.0
LAT,18,0 days 00:01:37.216000,HARD,18.0,True,0 days 01:31:37.696000,30.1,17,43.3,0 days 00:00:33.605000,0 days 00:00:36.860000,0 days 00:00:26.751000,1,97.216,5497.696,2.661000000000058,True,False,False,18.0,0.0,0.0,33.605,36.86,26.751,0,0,0,0.0,97.535,1.092578372474937,-0.2919699016898857,0,0,97.847,96.798,-1.0489999999999924,1.3529999999999944,-0.6310000000000002,0.38799999999999574,0.0,0.06700000000000017,0.17510711007837518,0.38799999999999574,0,0,2022,Miami Grand Prix,0.0,19,0.0
LAT,19,0 days 00:01:36.798000,HARD,19.0,True,0 days 01:33:14.494000,29.9,17,42.6,0 days 00:00:33.533000,0 days 00:00:36.586000,0 days 00:00:26.679000,12,96.798,5594.494,1.6779999999998836,True,False,False,19.0,0.0,0.0,33.533,36.586,26.679,0,0,1,0.0,97.6794,0.9603037540278487,-0.9178345875490962,0,0,97.216,97.559,0.3430000000000035,0.532999999999987,-0.41799999999999216,-0.07000000000000266,0.0,-0.054000000000002046,0.17370290728712692,-0.07000000000000266,0,0,2022,Miami Grand Prix,0.0,19,0.0
LAT,20,0 days 00:01:37.559000,HARD,20.0,True,0 days 01:34:52.053000,29.8,18,42.6,0 days 00:00:33.375000,0 days 00:00:36.734000,0 days 00:00:27.450000,1,97.559,5692.053,1.6080000000001746,True,False,False,20.0,0.0,0.0,33.375,36.734,27.45,0,0,0,0.0,97.7024,0.9314157503499609,-0.15395917445686316,0,0,96.798,96.566,-0.23199999999999932,0.0,0.7609999999999957,-0.8089999999999975,0.0,0.7710000000000008,0.16777157089328393,-0.8089999999999975,0,0,2022,Miami Grand Prix,0.0,19,0.0
LAT,21,0 days 00:01:36.566000,HARD,21.0,True,0 days 01:36:28.619000,29.8,18,42.3,0 days 00:00:33.312000,0 days 00:00:36.539000,0 days 00:00:26.715000,1,96.566,5788.619,1.7120000000004438,True,False,False,21.0,0.0,0.0,33.312,36.539,26.715,0,0,0,0.0,97.729,0.9234135043413549,-1.2594574310774587,0,0,97.559,96.467,-1.0919999999999987,0.7609999999999957,-0.992999999999995,-0.0959999999999989,0.0,0.036000000000001364,0.33580351397804103,-0.0959999999999989,0,0,2022,Miami Grand Prix,0.0,19,0.0
LAT,22,0 days 00:01:36.467000,HARD,22.0,True,0 days 01:38:05.086000,29.8,18,42.1,0 days 00:00:33.342000,0 days 00:00:36.454000,0 days 00:00:26.671000,1,96.467,5885.086,0.6499999999996362,True,False,False,22.0,0.0,0.0,33.342,36.454,26.671,0,0,0,0.0,97.1972,0.5270832002634774,-1.3853600335487553,0,0,96.566,96.249,-0.3170000000000073,0.0,-0.09900000000000375,-0.21666666666666382,0.0,-0.007999999999999119,0.33636483169320813,-0.21666666666666382,0,1,2022,Miami Grand Prix,0.0,19,0.0
LAT,23,0 days 00:01:36.249000,HARD,23.0,True,0 days 01:39:41.335000,29.9,18,42.3,0 days 00:00:33.147000,0 days 00:00:36.584000,0 days 00:00:26.518000,1,96.249,5981.335,0.6440000000002328,True,False,False,23.0,0.0,0.0,33.147,36.584,26.518,0,0,0,0.0,96.9212,0.4586226117408515,-1.4656931053801505,0,0,96.467,98.071,1.6039999999999992,0.0,-0.21800000000000352,-0.11033333333333435,0.0,-0.1529999999999987,0.3432700103417138,-0.11033333333333435,0,1,2022,Miami Grand Prix,0.0,19,0.0
LAT,24,0 days 00:01:38.071000,HARD,24.0,True,0 days 01:41:19.406000,30.0,19,42.5,0 days 00:00:33.471000,0 days 00:00:37.839000,0 days 00:00:26.761000,1,98.071,6079.406,0.0,True,False,False,24.0,0.0,0.0,33.471,37.839,26.761,0,0,0,0.0,96.7278,0.5047937202462117,2.660888886147106,0,0,96.249,96.353,0.1039999999999992,0.0,1.8220000000000027,-0.4366666666666674,0.0,0.24299999999999855,0.371494683676631,-0.4366666666666674,0,0,2022,Miami Grand Prix,0.0,19,0.0
LAT,25,0 days 00:01:36.353000,HARD,25.0,True,0 days 01:42:55.759000,30.0,19,43.7,0 days 00:00:33.206000,0 days 00:00:36.652000,0 days 00:00:26.495000,1,96.353,6175.759,0.0,True,False,False,25.0,0.0,0.0,33.206,36.652,26.495,0,0,0,0.0,96.9824,0.7896865200824953,-0.7970251283183271,0,0,98.071,95.978,-2.0930000000000035,1.8220000000000027,-1.7180000000000035,0.5016666666666652,0.0,-0.022999999999999687,0.3606226559715845,0.5016666666666652,0,0,2022,Miami Grand Prix,0.0,19,0.0
LAT,26,0 days 00:01:35.978000,HARD,26.0,True,0 days 01:44:31.737000,30.2,19,44.5,0 days 00:00:32.900000,0 days 00:00:36.653000,0 days 00:00:26.425000,1,95.978,6271.737,0.0,True,False,False,26.0,0.0,0.0,32.9,36.653,26.425,0,0,0,0.0,96.7412,0.7528626700800155,-1.0137306979490666,0,0,96.353,96.685,0.33200000000000784,0.1039999999999992,-0.375,-0.03800000000000144,0.0,-0.07000000000000028,0.1436506178197634,-0.03800000000000144,0,0,2022,Miami Grand Prix,0.0,19,0.0
LAT,27,0 days 00:01:36.685000,HARD,27.0,True,0 days 01:46:08.422000,30.3,19,46.4,0 days 00:00:33.283000,0 days 00:00:36.836000,0 days 00:00:26.566000,1,96.685,6368.422,0.0,True,False,False,27.0,0.0,0.0,33.283,36.836,26.566,0,0,0,0.0,96.62359999999998,0.8291319557223781,0.07405335131067986,0,0,95.978,95.256,-0.7219999999999942,0.0,0.7070000000000078,-0.0903333333333336,0.0,0.14099999999999824,0.14826226762059094,-0.0903333333333336,0,0,2022,Miami Grand Prix,0.0,19,0.0
LAT,28,0 days 00:01:35.256000,HARD,28.0,True,0 days 01:47:43.678000,30.1,19,46.4,0 days 00:00:32.451000,0 days 00:00:36.349000,0 days 00:00:26.456000,1,95.256,6463.678,0.0,True,False,False,28.0,0.0,0.0,32.451,36.349,26.456,0,0,0,0.0,96.66720000000001,0.8245575783412666,-1.7114632586833647,1,0,96.685,95.51,-1.1749999999999972,0.7070000000000078,-1.429000000000002,-0.4619999999999986,0.0,0.030999999999998806,0.16121352300598,-0.4619999999999986,0,0,2022,Miami Grand Prix,0.0,19,0.0
LAT,29,0 days 00:01:35.510000,HARD,29.0,True,0 days 01:49:19.188000,30.0,19,45.1,0 days 00:00:32.216000,0 days 00:00:36.805000,0 days 00:00:26.489000,1,95.51,6559.188,0.0,True,False,False,29.0,0.0,0.0,32.216,36.805,26.489,0,0,0,0.0,96.4686,1.0415091454231296,-0.9203951825219389,0,1,95.256,95.411,0.15500000000000114,0.0,0.2540000000000049,-0.36566666666666475,0.0,0.06400000000000006,0.1270661245179054,-0.36566666666666475,0,0,2022,Miami Grand Prix,0.0,19,0.0
LAT,30,0 days 00:01:35.411000,HARD,30.0,True,0 days 01:50:54.599000,29.9,19,43.8,0 days 00:00:32.417000,0 days 00:00:36.418000,0 days 00:00:26.576000,1,95.411,6654.599,0.0,True,False,False,30.0,0.0,0.0,32.417,36.418,26.576,0,0,0,0.0,95.9564,0.5870368812945496,-0.9290728016905343,0,0,95.51,96.264,0.7539999999999907,0.2540000000000049,-0.09900000000000375,-0.15599999999999645,0.0,0.120000000000001,0.0810512183745557,-0.15599999999999645,0,0,2022,Miami Grand Prix,0.0,19,0.0
LAT,31,0 days 00:01:36.264000,HARD,31.0,True,0 days 01:52:30.863000,29.9,19,45.0,0 days 00:00:32.442000,0 days 00:00:36.322000,0 days 00:00:27.500000,1,96.264,6750.863,0.0,True,False,False,31.0,0.0,0.0,32.442,36.322,27.5,0,0,0,0.0,95.768,0.5790392905494754,0.8565912678038121,0,0,95.411,95.509,0.09799999999999898,0.15500000000000114,0.8529999999999944,-0.42466666666666697,0.0,1.0440000000000005,0.08348472914252043,-0.42466666666666697,0,0,2022,Miami Grand Prix,0.0,19,0.0
LAT,32,0 days 00:01:35.509000,HARD,32.0,True,0 days 01:54:06.372000,29.9,19,44.3,0 days 00:00:32.391000,0 days 00:00:36.432000,0 days 00:00:26.686000,1,95.509,6846.372,0.0,True,False,False,32.0,0.0,0.0,32.391,36.432,26.686,0,0,0,0.0,95.8252,0.6177990773706594,-0.5118168860752201,0,0,96.264,95.418,-0.8459999999999894,1.0079999999999956,-0.7549999999999955,0.3359999999999985,0.0,0.19699999999999918,0.4293233047482985,0.3359999999999985,0,0,2022,Miami Grand Prix,0.0,19,0.0
LAT,33,0 days 00:01:35.418000,HARD,33.0,True,0 days 01:55:41.790000,29.9,19,44.3,0 days 00:00:32.323000,0 days 00:00:36.482000,0 days 00:00:26.613000,1,95.418,6941.79,0.0,True,False,False,33.0,0.0,0.0,32.323,36.482,26.613,0,0,0,0.0,95.59,0.39077934950562754,-0.4401460829943884,0,0,95.509,98.402,2.8930000000000007,0.2530000000000001,-0.09099999999999397,-0.00033333333333492493,0.0,0.036999999999999034,0.42550405403474156,-0.00033333333333492493,0,0,2022,Miami Grand Prix,0.0,19,0.0
LAT,36,0 days 00:01:38.402000,MEDIUM,2.0,True,0 days 02:00:55.082000,29.4,19,41.0,0 days 00:00:32.453000,0 days 00:00:36.514000,0 days 00:00:29.435000,1,98.402,7255.082,0.0,False,True,False,2.0,0.0,0.0,32.453,36.514,29.435,0,0,0,0.0,95.6224,0.3618056107912647,7.682578481635619,0,0,95.418,95.407,-0.01100000000000989,0.007000000000005002,2.9839999999999947,0.0023333333333350006,0.0,2.821999999999999,0.4245942769279872,0.0023333333333350006,0,0,2022,Miami Grand Prix,0.0,19,0.0
LAT,37,0 days 00:01:35.407000,MEDIUM,3.0,True,0 days 02:02:30.489000,29.6,19,41.7,0 days 00:00:32.538000,0 days 00:00:36.200000,0 days 00:00:26.669000,1,95.407,7350.489,0.0,False,True,False,3.0,0.0,0.0,32.538,36.2,26.669,0,0,0,0.0,96.2008,1.281056478068022,-0.6196448115988958,0,0,98.402,95.164,-3.2379999999999995,2.9909999999999997,-2.9950000000000045,0.7126666666666684,0.0,0.05600000000000094,1.1775523342934697,0.7126666666666684,0,0,2022,Miami Grand Prix,0.0,19,0.0
LAT,38,0 days 00:01:35.164000,MEDIUM,4.0,True,0 days 02:04:05.653000,29.8,19,42.7,0 days 00:00:32.129000,0 days 00:00:36.353000,0 days 00:00:26.682000,1,95.164,7445.653,0.0,False,True,False,4.0,0.0,0.0,32.129,36.353,26.682,0,0,0,0.0,96.2,1.281674100541962,-0.8083178083741598,0,0,95.407,94.575,-0.8319999999999936,0.0,-0.242999999999995,-0.034000000000001286,0.0,0.06899999999999906,1.187693857860686,-0.034000000000001286,0,0,2022,Miami Grand Prix,0.0,19,0.0
LAT,47,0 days 00:01:34.575000,MEDIUM,13.0,True,0 days 02:21:42.489000,29.6,16,40.7,0 days 00:00:31.797000,0 days 00:00:36.171000,0 days 00:00:26.607000,12,94.575,8502.489,0.5869999999995343,False,True,False,13.0,0.0,0.0,31.797,36.171,26.607,0,0,1,0.0,95.97999999999999,1.359959006735147,-1.0331193756883672,0,0,95.164,94.327,-0.8370000000000033,0.0,-0.5889999999999986,-0.08466666666666829,0.0,-0.062000000000001165,1.223520208251584,-0.08466666666666829,0,1,2022,Miami Grand Prix,0.0,19,0.0
LAT,48,0 days 00:01:34.327000,MEDIUM,14.0,True,0 days 02:23:16.816000,29.6,16,39.8,0 days 00:00:31.685000,0 days 00:00:35.968000,0 days 00:00:26.674000,1,94.327,8596.816,0.5270000000000437,False,True,False,14.0,0.0,0.0,31.685,35.968,26.674,0,0,0,0.0,95.7932,1.4979708608648052,-0.978790735057114,0,0,94.575,95.274,0.6989999999999981,0.0,-0.24800000000000466,-1.275666666666666,0.0,0.06700000000000017,1.2519162511925466,-1.275666666666666,0,1,2022,Miami Grand Prix,0.0,19,0.0
LAT,49,0 days 00:01:35.274000,MEDIUM,15.0,True,0 days 02:24:52.090000,29.6,17,39.6,0 days 00:00:31.609000,0 days 00:00:37.364000,0 days 00:00:26.301000,1,95.274,8692.09,0.0,False,True,False,15.0,0.0,0.0,31.609,37.364,26.301,0,0,0,0.0,95.575,1.6390986852535907,-0.1836375092653028,0,0,94.327,94.983,0.6560000000000059,0.0,0.9470000000000027,-0.35999999999999943,0.0,-0.30600000000000094,1.2487046488261342,-0.35999999999999943,0,0,2022,Miami Grand Prix,0.0,19,0.0
LAT,50,0 days 00:01:34.983000,MEDIUM,16.0,True,0 days 02:26:27.073000,29.7,17,39.5,0 days 00:00:32.006000,0 days 00:00:36.377000,0 days 00:00:26.600000,1,94.983,8787.073,0.0,False,True,False,16.0,0.0,0.0,32.006,36.377,26.6,0,0,0,0.0,94.9494,0.47126775828614964,0.07129704803528132,0,0,95.274,94.697,-0.5769999999999982,0.9470000000000027,-0.2909999999999968,0.03666666666666648,0.0,0.29900000000000304,0.16098975122659187,0.03666666666666648,0,0,2022,Miami Grand Prix,0.0,19,0.0
LAT,51,0 days 00:01:34.697000,MEDIUM,17.0,True,0 days 02:28:01.770000,29.6,17,38.7,0 days 00:00:32.236000,0 days 00:00:36.055000,0 days 00:00:26.406000,1,94.697,8881.77,0.0,False,True,False,17.0,0.0,0.0,32.236,36.055,26.406,0,0,0,0.0,94.86460000000001,0.4012945302393906,-0.4176483539409974,0,0,94.983,94.301,-0.6820000000000022,0.6560000000000059,-0.28600000000000136,0.13600000000000043,0.0,0.10500000000000043,0.2209260057123208,0.13600000000000043,0,0,2022,Miami Grand Prix,0.0,19,0.0
LAT,52,0 days 00:01:34.301000,MEDIUM,18.0,True,0 days 02:29:36.071000,29.7,17,39.2,0 days 00:00:31.834000,0 days 00:00:36.053000,0 days 00:00:26.414000,1,94.301,8976.071,0.0,False,True,False,18.0,0.0,0.0,31.834,36.053,26.414,0,0,0,0.0,94.7712,0.3670765587722159,-1.2809316987516144,0,0,94.697,94.169,-0.5280000000000058,0.37000000000000455,-0.3960000000000008,0.12333333333333485,0.0,0.1130000000000031,0.22375946907337896,0.12333333333333485,0,0,2022,Miami Grand Prix,0.0,19,0.0
LAT,53,0 days 00:01:34.169000,MEDIUM,19.0,True,0 days 02:31:10.240000,29.5,17,38.5,0 days 00:00:31.851000,0 days 00:00:35.908000,0 days 00:00:26.410000,12,94.169,9070.24,0.0,False,True,False,19.0,0.0,0.0,31.851,35.908,26.41,0,0,1,0.0,94.7164,0.4202853792365977,-1.30244835305546,0,0,94.301,95.04,0.7390000000000043,0.0,-0.132000000000005,-0.324333333333333,0.0,0.004000000000001336,0.2212821728020593,-0.324333333333333,0,0,2022,Miami Grand Prix,0.0,19,0.0
LAT,54,0 days 00:01:35.040000,MEDIUM,20.0,True,0 days 02:32:45.280000,29.5,15,38.5,0 days 00:00:32.634000,0 days 00:00:36.246000,0 days 00:00:26.160000,1,95.04,9165.28,0.0,False,True,False,20.0,0.0,0.0,32.634,36.246,26.16,0,0,0,0.0,94.6848,0.4608635372863114,0.7707270618359696,0,0,94.169,94.8,0.6310000000000002,0.0,0.8710000000000093,-0.2713333333333357,0.0,-0.24599999999999866,0.2222622325092602,-0.2713333333333357,0,0,2022,Miami Grand Prix,0.0,19,0.0
LAT,55,0 days 00:01:34.800000,MEDIUM,21.0,True,0 days 02:34:20.080000,29.6,15,39.2,0 days 00:00:32.335000,0 days 00:00:35.930000,0 days 00:00:26.535000,1,94.8,9260.08,0.0,False,True,False,21.0,0.0,0.0,32.335,35.93,26.535,0,0,0,0.0,94.638,0.39295037854677345,0.412265794472848,0,0,95.04,94.401,-0.63900000000001,0.8710000000000093,-0.2400000000000091,0.11433333333333451,0.0,0.375,0.19912433301834315,0.11433333333333451,0,0,2022,Miami Grand Prix,0.0,19,0.0
LAT,56,0 days 00:01:34.401000,MEDIUM,22.0,True,0 days 02:35:54.481000,29.6,15,39.2,0 days 00:00:31.989000,0 days 00:00:36.092000,0 days 00:00:26.320000,12,94.401,9354.481,26.379000000000815,False,True,False,22.0,0.0,0.0,31.989,36.092,26.32,0,0,1,0.0,94.6014,0.3599170737823518,-0.556794924714206,0,0,94.8,95.588,0.7879999999999967,0.6310000000000002,-0.3990000000000009,0.16633333333333175,0.0,0.16000000000000014,0.2237804727852714,0.16633333333333175,0,0,2022,Miami Grand Prix,0.0,19,0.0
LEC,2,0 days 00:01:34.389000,MEDIUM,2.0,True,0 days 01:05:26.911000,30.4,1,40.4,0 days 00:00:31.837000,0 days 00:00:36.158000,0 days 00:00:26.394000,1,94.389,3926.911,1.0039999999999054,False,True,False,2.0,0.0,0.0,31.837,36.158,26.394,0,0,0,0.0,94.7996,0.5558563663394078,-0.7386800347435232,0,0,94.389,94.465,0.07600000000000762,0.21999999999999886,0.0,0.18266666666666254,0.0,0.07399999999999807,0.3287676991433297,0.0,0,0,2022,Miami Grand Prix,0.0,19,0.0
LEC,3,0 days 00:01:34.465000,MEDIUM,3.0,True,0 days 01:07:01.376000,31.0,1,44.0,0 days 00:00:31.744000,0 days 00:00:36.265000,0 days 00:00:26.456000,1,94.465,4021.376,1.0889999999999418,False,True,False,3.0,0.0,0.0,31.744,36.265,26.456,0,0,0,0.0,,,0.0,0,0,94.389,94.323,-0.0660000000000025,0.0,0.07600000000000762,0.0,0.0,0.0,0.0,0.0,0,0,2022,Miami Grand Prix,0.0,19,0.0
LEC,4,0 days 00:01:34.323000,MEDIUM,4.0,True,0 days 01:08:35.699000,31.3,1,46.5,0 days 00:00:31.717000,0 days 00:00:36.258000,0 days 00:00:26.348000,1,94.323,4115.699,1.053000000000793,False,True,False,4.0,0.0,0.0,31.717,36.258,26.348,0,0,0,0.0,,,0.0,0,0,94.465,93.963,-0.5020000000000095,0.0,-0.14200000000001012,0.03800000000000381,0.0,-0.045999999999999375,0.0,0.0,0,0,2022,Miami Grand Prix,0.0,19,0.0
LEC,5,0 days 00:01:33.963000,MEDIUM,5.0,True,0 days 01:10:09.662000,31.3,1,46.4,0 days 00:00:31.678000,0 days 00:00:35.933000,0 days 00:00:26.352000,1,93.963,4209.662,1.4099999999998545,False,True,False,5.0,0.0,0.0,31.678,35.933,26.352,0,0,0,0.0,94.39233333333334,0.07105866121264766,-6.041956406250584,1,0,94.323,94.467,0.14400000000000546,0.0,-0.35999999999999943,-0.022000000000000835,0.0,0.004000000000001336,0.060541996443239085,-0.03300000000000125,0,0,2022,Miami Grand Prix,0.0,19,0.0
LEC,6,0 days 00:01:34.467000,MEDIUM,6.0,True,0 days 01:11:44.129000,31.3,1,46.0,0 days 00:00:31.585000,0 days 00:00:36.381000,0 days 00:00:26.501000,1,94.467,4304.129,1.1700000000000728,False,True,False,6.0,0.0,0.0,31.585,36.381,26.501,0,0,0,0.0,94.285,0.22236906259639763,0.8184591771668086,0,1,93.963,94.546,0.5830000000000126,0.0,0.5040000000000049,-0.14200000000000065,0.0,0.15300000000000225,0.04950420857529747,-0.14200000000000065,0,0,2022,Miami Grand Prix,0.0,19,0.0
LEC,7,0 days 00:01:34.546000,MEDIUM,7.0,True,0 days 01:13:18.675000,31.5,1,46.3,0 days 00:00:31.747000,0 days 00:00:36.260000,0 days 00:00:26.539000,1,94.546,4398.675,0.8909999999996217,False,True,False,7.0,0.0,0.0,31.747,36.26,26.539,0,0,0,0.0,94.3214,0.20907127971101297,1.0742747655749796,0,0,94.467,95.109,0.6419999999999959,0.5040000000000049,0.07900000000000773,0.000666666666665113,0.0,0.1910000000000025,0.07773673520286305,0.000666666666665113,0,1,2022,Miami Grand Prix,0.0,19,0.0
LEC,8,0 days 00:01:35.109000,MEDIUM,8.0,True,0 days 01:14:53.784000,31.7,1,48.1,0 days 00:00:31.893000,0 days 00:00:36.311000,0 days 00:00:26.905000,1,95.109,4493.784,0.1000000000003638,False,True,False,8.0,0.0,0.0,31.893,36.311,26.905,0,0,0,0.0,94.3528,0.23226536547665144,3.255758767339808,0,0,94.546,96.091,1.5449999999999875,0.5830000000000126,0.5629999999999882,0.07433333333333773,0.0,0.5530000000000008,0.104619787803265,0.07433333333333773,0,1,2022,Miami Grand Prix,0.0,19,0.0
LEC,9,0 days 00:01:36.091000,MEDIUM,9.0,True,0 days 01:16:29.875000,31.6,2,46.7,0 days 00:00:33.159000,0 days 00:00:36.608000,0 days 00:00:26.324000,1,96.091,4589.875,2.8609999999998763,False,True,False,9.0,0.0,0.0,33.159,36.608,26.324,0,0,0,0.0,94.4816,0.41596009423982633,3.869121154377075,0,0,95.109,94.826,-0.28300000000000125,1.1460000000000008,0.9819999999999993,0.3820000000000003,0.0,-0.1769999999999996,0.23538585344068574,0.3820000000000003,0,0,2022,Miami Grand Prix,0.0,19,0.0
LEC,10,0 days 00:01:34.826000,MEDIUM,10.0,True,0 days 01:18:04.701000,31.3,2,45.0,0 days 00:00:32.074000,0 days 00:00:36.080000,0 days 00:00:26.672000,1,94.826,4684.701,2.6090000000003783,False,True,False,10.0,0.0,0.0,32.074,36.08,26.672,0,0,0,0.0,94.83520000000001,0.8111628689726949,-0.011341742024844679,0,0,96.091,94.68,-1.4109999999999872,2.128,-1.2650000000000006,0.5413333333333318,0.0,0.347999999999999,0.27028170489324665,0.5413333333333318,0,0,2022,Miami Grand Prix,0.0,19,0.0
LEC,11,0 days 00:01:34.680000,MEDIUM,11.0,True,0 days 01:19:39.381000,31.1,2,44.9,0 days 00:00:31.963000,0 days 00:00:36.271000,0 days 00:00:26.446000,1,94.68,4779.381,2.6909999999998035,False,True,False,11.0,0.0,0.0,31.963,36.271,26.446,0,0,0,0.0,95.0078,0.6561895305473988,-0.4995507924768973,0,0,94.826,95.096,0.27000000000001023,0.35899999999999466,-0.14599999999998658,0.09333333333332898,0.0,0.12199999999999989,0.2692615828520658,0.09333333333332898,0,0,2022,Miami Grand Prix,0.0,19,0.0
LEC,12,0 days 00:01:35.096000,MEDIUM,12.0,True,0 days 01:21:14.477000,30.9,2,45.6,0 days 00:00:31.680000,0 days 00:00:36.203000,0 days 00:00:27.213000,1,95.096,4874.477,2.143000000000029,False,True,False,12.0,0.0,0.0,31.68,36.203,27.213,0,0,0,0.0,95.0504,0.6181126919907209,0.07377295530552211,0,0,94.68,94.2,-0.480000000000004,0.13400000000000034,0.4159999999999968,-0.14299999999999594,0.0,0.8889999999999993,0.2713545650988757,-0.14299999999999594,0,0,2022,Miami Grand Prix,0.0,19,0.0
LEC,13,0 days 00:01:34.200000,MEDIUM,13.0,True,0 days 01:22:48.677000,30.7,2,45.2,0 days 00:00:31.724000,0 days 00:00:36.156000,0 days 00:00:26.320000,1,94.2,4968.677,2.1390000000001237,False,True,False,13.0,0.0,0.0,31.724,36.156,26.32,0,0,0,0.0,95.16040000000001,0.5512288998229493,-1.7422889117542286,1,0,95.096,93.867,-1.2289999999999992,0.4159999999999968,-0.8960000000000008,-0.33166666666666345,0.0,-0.12600000000000122,0.4066331270322178,-0.33166666666666345,0,0,2022,Miami Grand Prix,0.0,19,0.0
LEC,14,0 days 00:01:33.867000,MEDIUM,14.0,True,0 days 01:24:22.544000,30.5,2,45.2,0 days 00:00:31.653000,0 days 00:00:35.967000,0 days 00:00:26.247000,1,93.867,5062.544,2.28899999999976,False,True,False,14.0,0.0,0.0,31.653,35.967,26.247,0,0,0,0.0,94.9786,0.7017626379339507,-1.5840113735217385,1,1,94.2,94.146,-0.054000000000002046,0.0,-0.3329999999999984,-0.20866666666666353,0.0,-0.0730000000000004,0.4331532061522803,-0.20866666666666353,0,0,2022,Miami Grand Prix,0.0,19,0.0
LEC,15,0 days 00:01:34.146000,MEDIUM,15.0,True,0 days 01:25:56.690000,30.3,2,46.5,0 days 00:00:31.623000,0 days 00:00:36.169000,0 days 00:00:26.354000,1,94.146,5156.69,2.2750000000005457,False,True,False,15.0,0.0,0.0,31.623,36.169,26.354,0,0,0,0.0,94.53380000000001,0.4946889932068647,-0.7839268819911787,0,1,93.867,94.34,0.472999999999999,0.0,0.27899999999999636,-0.2710000000000008,0.0,0.10699999999999932,0.4118233844744614,-0.2710000000000008,0,0,2022,Miami Grand Prix,0.0,19,0.0
LEC,16,0 days 00:01:34.340000,MEDIUM,16.0,True,0 days 01:27:31.030000,30.0,2,44.8,0 days 00:00:31.882000,0 days 00:00:36.143000,0 days 00:00:26.315000,1,94.34,5251.03,2.1779999999998836,False,True,False,16.0,0.0,0.0,31.882,36.143,26.315,0,0,0,0.0,94.3978,0.487697857284634,-0.11851600152974757,0,0,94.146,93.816,-0.3299999999999983,0.27899999999999636,0.19400000000000261,-0.3166666666666676,0.0,0.06800000000000139,0.40894583993482564,-0.3166666666666676,0,0,2022,Miami Grand Prix,0.0,19,0.0
LEC,17,0 days 00:01:33.816000,MEDIUM,17.0,True,0 days 01:29:04.846000,30.2,2,45.3,0 days 00:00:31.524000,0 days 00:00:36.063000,0 days 00:00:26.229000,1,93.816,5344.846,2.7150000000001455,False,True,False,17.0,0.0,0.0,31.524,36.063,26.229,0,0,0,0.0,94.3298,0.4615140301226204,-1.1132922651636203,0,0,94.34,93.729,-0.6110000000000042,0.472999999999999,-0.5240000000000009,0.046666666666666856,0.0,-0.018000000000000682,0.4116898104155602,0.046666666666666856,0,0,2022,Miami Grand Prix,0.0,19,0.0
LEC,18,0 days 00:01:33.729000,MEDIUM,18.0,True,0 days 01:30:38.575000,30.2,2,44.7,0 days 00:00:31.564000,0 days 00:00:36.054000,0 days 00:00:26.111000,1,93.729,5438.575,3.306999999999789,False,True,False,18.0,0.0,0.0,31.564,36.054,26.111,0,0,0,0.0,94.0738,0.22429266595237282,-1.5372771933310678,1,0,93.816,93.669,-0.14700000000000557,0.0,-0.0870000000000033,-0.017000000000000643,0.0,-0.11799999999999855,0.09650025906701007,-0.017000000000000643,0,0,2022,Miami Grand Prix,0.0,19,0.0
LEC,19,0 days 00:01:33.669000,MEDIUM,19.0,True,0 days 01:32:12.244000,30.0,2,42.9,0 days 00:00:31.448000,0 days 00:00:35.930000,0 days 00:00:26.291000,1,93.669,5532.244,3.542000000000371,False,True,False,19.0,0.0,0.0,31.448,35.93,26.291,0,0,0,0.0,93.9796,0.2548632966906458,-1.2186925462908678,0,1,93.729,93.56,-0.16899999999999693,0.0,-0.060000000000002274,-0.13900000000000054,0.0,0.17999999999999972,0.09409941551359342,-0.13900000000000054,0,0,2022,Miami Grand Prix,0.0,19,0.0
LEC,20,0 days 00:01:33.560000,MEDIUM,20.0,True,0 days 01:33:45.804000,29.9,2,42.6,0 days 00:00:31.462000,0 days 00:00:35.964000,0 days 00:00:26.134000,12,93.56,5625.804,4.041999999999462,False,True,False,20.0,0.0,0.0,31.462,35.964,26.134,0,0,1,0.0,93.94,0.2897300467677189,-1.3115657289927107,0,0,93.669,93.997,0.32800000000000296,0.0,-0.10899999999999466,-0.22366666666666882,0.0,0.022999999999999687,0.11524842732115627,-0.22366666666666882,0,0,2022,Miami Grand Prix,0.0,19,0.0
LEC,21,0 days 00:01:33.997000,MEDIUM,21.0,True,0 days 01:35:19.801000,29.7,2,42.3,0 days 00:00:31.474000,0 days 00:00:36.245000,0 days 00:00:26.278000,1,93.997,5719.801,4.041999999999462,False,True,False,21.0,0.0,0.0,31.474,36.245,26.278,0,0,0,0.0,93.8228,0.3037510493809418,0.5734959611004683,0,0,93.56,93.579,0.018999999999991246,0.0,0.4369999999999976,-0.08533333333333341,0.0,0.16699999999999804,0.10972237693378628,-0.08533333333333341,0,0,2022,Miami Grand Prix,0.0,19,0.0
LEC,22,0 days 00:01:33.579000,MEDIUM,22.0,True,0 days 01:36:53.380000,29.8,2,42.3,0 days 00:00:31.459000,0 days 00:00:36.153000,0 days 00:00:25.967000,1,93.579,5813.38,4.11200000000008,False,True,False,22.0,0.0,0.0,31.459,36.153,25.967,0,0,0,0.0,93.7542,0.16460467794088562,-1.0643682925154974,0,0,93.997,93.141,-0.8559999999999945,0.4369999999999976,-0.41800000000000637,0.08933333333333356,0.0,-0.1670000000000016,0.12660450228960946,0.08933333333333356,0,0,2022,Miami Grand Prix,0.0,19,0.0
LEC,23,0 days 00:01:33.141000,MEDIUM,23.0,True,0 days 01:38:26.521000,29.8,2,42.1,0 days 00:00:31.268000,0 days 00:00:35.943000,0 days 00:00:25.930000,1,93.141,5906.521,4.831000000000131,False,True,False,23.0,0.0,0.0,31.268,35.943,25.93,0,0,0,0.0,93.7068,0.17608293500513575,-3.213258570363411,1,0,93.579,93.358,-0.22099999999998943,0.018999999999991246,-0.4379999999999882,-0.030000000000001137,0.0,-0.036999999999999034,0.1590487346695969,-0.030000000000001137,0,0,2022,Miami Grand Prix,0.0,19,0.0
LEC,26,0 days 00:01:33.358000,HARD,2.0,True,0 days 01:43:29.836000,30.1,4,44.1,0 days 00:00:31.577000,0 days 00:00:35.675000,0 days 00:00:26.106000,1,93.358,6209.836,21.157999999999447,True,False,False,2.0,0.0,0.0,31.577,35.675,26.106,0,0,0,0.0,93.5892,0.3059856205772135,-0.7555910619716829,0,1,93.141,93.054,-0.0870000000000033,0.0,0.21699999999999875,-0.13966666666666563,0.0,0.17600000000000193,0.14540013755151657,-0.13966666666666563,0,0,2022,Miami Grand Prix,0.0,19,0.0
LEC,27,0 days 00:01:33.054000,HARD,3.0,True,0 days 01:45:02.890000,30.2,3,44.5,0 days 00:00:31.300000,0 days 00:00:35.657000,0 days 00:00:26.097000,1,93.054,6302.89,22.430999999999585,True,False,False,3.0,0.0,0.0,31.3,35.657,26.097,0,0,0,0.0,93.527,0.31711590940856915,-1.4915681804869343,0,0,93.358,92.95,-0.40800000000000125,0.21699999999999875,-0.30400000000000205,-0.2129999999999986,0.0,0.1670000000000016,0.1443980609288092,-0.2129999999999986,0,0,2022,Miami Grand Prix,0.0,19,0.0
LEC,28,0 days 00:01:32.950000,HARD,4.0,True,0 days 01:46:35.840000,30.3,2,46.4,0 days 00:00:31.235000,0 days 00:00:35.746000,0 days 00:00:25.969000,1,92.95,6395.84,23.438000000000102,True,False,False,4.0,0.0,0.0,31.235,35.746,25.969,0,0,0,0.0,93.42580000000001,0.37870925523417803,-1.256372780500946,0,0,93.054,93.155,0.10099999999999909,0.0,-0.1039999999999992,-0.17499999999999716,0.0,0.03900000000000148,0.15595255688830556,-0.17499999999999716,0,0,2022,Miami Grand Prix,0.0,19,0.0
LEC,29,0 days 00:01:33.155000,HARD,5.0,True,0 days 01:48:08.995000,30.0,2,45.6,0 days 00:00:31.046000,0 days 00:00:35.804000,0 days 00:00:26.305000,1,93.155,6488.995,10.890000000000327,True,False,False,5.0,0.0,0.0,31.046,35.804,26.305,0,0,0,0.0,93.2164,0.2522683095436899,-0.24339164959345855,0,0,92.95,93.058,0.10800000000000409,0.0,0.2049999999999983,-0.0636666666666675,0.0,0.3359999999999985,0.14431493339221801,-0.0636666666666675,0,0,2022,Miami Grand Prix,0.0,19,0.0
LEC,30,0 days 00:01:33.058000,HARD,6.0,True,0 days 01:49:42.053000,30.0,2,45.1,0 days 00:00:31.076000,0 days 00:00:35.970000,0 days 00:00:26.012000,1,93.058,6582.053,11.578999999999724,True,False,False,6.0,0.0,0.0,31.076,35.97,26.012,0,0,0,0.0,93.1316,0.1507424956673929,-0.48824984404128724,0,0,93.155,93.049,-0.10599999999999454,0.2049999999999983,-0.0969999999999942,-0.06766666666666765,0.0,0.04299999999999926,0.14308983192386424,-0.06766666666666765,0,0,2022,Miami Grand Prix,0.0,19,0.0
LEC,31,0 days 00:01:33.049000,HARD,7.0,True,0 days 01:51:15.102000,29.8,2,43.8,0 days 00:00:30.849000,0 days 00:00:35.874000,0 days 00:00:26.326000,1,93.049,6675.102,11.863000000000284,True,False,False,7.0,0.0,0.0,30.849,35.874,26.326,0,0,0,0.0,93.11500000000001,0.15398376537815314,-0.42861661317295224,0,0,93.058,93.125,0.06699999999999307,0.10800000000000409,-0.009000000000000341,0.0013333333333349628,0.0,0.3569999999999993,0.12176493748201826,0.0013333333333349628,0,0,2022,Miami Grand Prix,0.0,19,0.0
LEC,32,0 days 00:01:33.125000,HARD,8.0,True,0 days 01:52:48.227000,29.9,2,45.0,0 days 00:00:31.023000,0 days 00:00:35.989000,0 days 00:00:26.113000,1,93.125,6768.227,11.712000000000444,True,False,False,8.0,0.0,0.0,31.023,35.989,26.113,0,0,0,0.0,93.05319999999999,0.07255136111772735,0.9896437350569091,0,0,93.049,92.366,-0.6830000000000069,0.09900000000000375,0.0759999999999934,0.03300000000000125,0.0,0.10099999999999909,0.15340404166774654,0.03300000000000125,0,0,2022,Miami Grand Prix,0.0,19,0.0
LEC,33,0 days 00:01:32.366000,HARD,9.0,True,0 days 01:54:20.593000,29.9,2,44.3,0 days 00:00:30.775000,0 days 00:00:35.751000,0 days 00:00:25.840000,1,92.366,6860.593,12.88000000000011,True,False,False,9.0,0.0,0.0,30.775,35.751,25.84,0,0,0,0.0,93.06739999999999,0.07937442913202628,-8.836598986221738,1,0,93.125,92.878,-0.2469999999999999,0.17499999999999716,-0.7590000000000003,-0.010000000000000378,0.0,-0.1720000000000006,0.15846198282237842,-0.010000000000000378,0,0,2022,Miami Grand Prix,0.0,19,0.0
LEC,34,0 days 00:01:32.878000,HARD,10.0,True,0 days 01:55:53.471000,29.9,2,44.3,0 days 00:00:30.759000,0 days 00:00:35.971000,0 days 00:00:26.148000,1,92.878,6953.471,13.277000000000044,True,False,False,10.0,0.0,0.0,30.759,35.971,26.148,0,0,0,0.0,92.95060000000001,0.3298367778159873,-0.22010886863717563,0,1,92.366,92.544,0.17799999999999727,0.0,0.5120000000000005,-0.2306666666666691,0.0,0.30799999999999983,0.21996249680343208,-0.2306666666666691,0,0,2022,Miami Grand Prix,0.0,19,0.0
LEC,35,0 days 00:01:32.544000,HARD,11.0,True,0 days 01:57:26.015000,29.6,2,42.1,0 days 00:00:30.806000,0 days 00:00:35.913000,0 days 00:00:25.825000,1,92.544,7046.015,14.168999999999869,True,False,False,11.0,0.0,0.0,30.806,35.913,25.825,0,0,0,0.0,92.8952,0.30956211008460294,-1.1345057697921208,0,0,92.878,92.528,-0.3499999999999943,0.5120000000000005,-0.3340000000000032,-0.05700000000000216,0.0,-0.015000000000000568,0.21377160709504897,-0.05700000000000216,0,0,2022,Miami Grand Prix,0.0,19,0.0
LEC,36,0 days 00:01:32.528000,HARD,12.0,True,0 days 01:58:58.543000,29.5,2,41.8,0 days 00:00:30.903000,0 days 00:00:35.791000,0 days 00:00:25.834000,1,92.528,7138.543,15.103000000000065,True,False,False,12.0,0.0,0.0,30.903,35.791,25.834,0,0,0,0.0,92.7924,0.32684598819631955,-0.8089436907549968,0,0,92.544,92.64,0.09600000000000364,0.17799999999999727,-0.015999999999991132,-0.19366666666666768,0.0,0.009000000000000341,0.22094954175105225,-0.19366666666666768,0,0,2022,Miami Grand Prix,0.0,19,0.0
LEC,37,0 days 00:01:32.640000,HARD,13.0,True,0 days 02:00:31.183000,29.4,2,41.0,0 days 00:00:30.807000,0 days 00:00:35.727000,0 days 00:00:26.106000,1,92.64,7231.183,15.777000000000044,True,False,False,13.0,0.0,0.0,30.807,35.727,26.106,0,0,0,0.0,92.68820000000001,0.30703778269135296,-0.1569839372129035,0,0,92.528,92.486,-0.04200000000000159,0.16200000000000614,0.11199999999999477,0.054000000000002046,0.0,0.28100000000000236,0.17626882878149494,0.054000000000002046,0,0,2022,Miami Grand Prix,0.0,19,0.0
LEC,38,0 days 00:01:32.486000,HARD,14.0,True,0 days 02:02:03.669000,29.6,2,41.7,0 days 00:00:30.722000,0 days 00:00:35.801000,0 days 00:00:25.963000,1,92.486,7323.669,16.36200000000008,True,False,False,14.0,0.0,0.0,30.722,35.801,25.963,0,0,0,0.0,92.5912,0.18813080555830838,-0.5591854012839551,0,0,92.64,92.096,-0.5439999999999969,0.2740000000000009,-0.15399999999999636,-0.07933333333333319,0.0,0.13800000000000168,0.20611331834697208,-0.07933333333333319,0,0,2022,Miami Grand Prix,0.0,19,0.0
LEC,39,0 days 00:01:32.096000,HARD,15.0,True,0 days 02:03:35.765000,29.7,2,42.9,0 days 00:00:30.662000,0 days 00:00:35.661000,0 days 00:00:25.773000,1,92.096,7415.765,17.311999999999898,True,False,False,15.0,0.0,0.0,30.662,35.661,25.773,0,0,0,0.0,92.6152,0.15735691913614291,-3.299505371929617,1,0,92.486,92.43,-0.055999999999997385,0.0,-0.39000000000000057,-0.01933333333333091,0.0,-0.06099999999999994,0.14933753714321166,-0.01933333333333091,0,0,2022,Miami Grand Prix,0.0,19,0.0
LEC,40,0 days 00:01:32.430000,HARD,16.0,True,0 days 02:05:08.195000,29.8,2,41.4,0 days 00:00:30.717000,0 days 00:00:35.689000,0 days 00:00:26.024000,1,92.43,7508.195,17.715000000000146,True,False,False,16.0,0.0,0.0,30.717,35.689,26.024,0,0,0,0.0,92.4588,0.21050225651999974,-0.13681563550010423,0,1,92.096,93.856,1.759999999999991,0.0,0.3340000000000032,-0.1440000000000007,0.0,0.2510000000000012,0.13897050046682666,-0.1440000000000007,0,0,2022,Miami Grand Prix,0.0,19,0.0
LEC,47,0 days 00:01:33.856000,HARD,23.0,True,0 days 02:21:22.309000,29.6,2,40.7,0 days 00:00:31.852000,0 days 00:00:35.923000,0 days 00:00:26.081000,12,93.856,8482.309,2.0130000000008295,True,False,False,23.0,0.0,0.0,31.852,35.923,26.081,0,0,1,0.0,92.436,0.20507071950917505,6.924440521780368,0,0,92.43,92.707,0.2769999999999868,0.3340000000000032,1.4259999999999877,-0.06999999999999791,0.0,0.30799999999999983,0.148680193704475,-0.06999999999999791,0,0,2022,Miami Grand Prix,0.0,19,0.0
LEC,48,0 days 00:01:32.707000,HARD,24.0,True,0 days 02:22:55.016000,29.5,2,40.7,0 days 00:00:30.899000,0 days 00:00:35.788000,0 days 00:00:26.020000,1,92.707,8575.016,2.592000000000553,True,False,False,24.0,0.0,0.0,30.899,35.788,26.02,0,0,0,0.0,92.70160000000001,0.675173162973785,0.007997948224417172,0,0,93.856,91.85,-2.0060000000000002,1.759999999999991,-1.149000000000001,0.45666666666666345,0.0,0.2469999999999999,0.15117307961406373,0.45666666666666345,0,0,2022,Miami Grand Prix,0.0,19,0.0
LEC,49,0 days 00:01:31.850000,HARD,25.0,True,0 days 02:24:26.866000,29.6,2,39.6,0 days 00:00:30.616000,0 days 00:00:35.614000,0 days 00:00:25.620000,1,91.85,8666.866,3.313000000000102,True,False,False,25.0,0.0,0.0,30.616,35.614,25.62,0,0,0,0.0,92.715,0.6743092762227333,-1.2827941576682214,0,0,92.707,92.15,-0.556999999999988,0.61099999999999,-0.8569999999999993,0.20366666666666333,0.0,-0.3999999999999986,0.1463738364599355,0.20366666666666333,0,0,2022,Miami Grand Prix,0.0,19,0.0
LEC,50,0 days 00:01:32.150000,HARD,26.0,True,0 days 02:25:59.016000,29.7,2,39.5,0 days 00:00:30.675000,0 days 00:00:35.640000,0 days 00:00:25.835000,1,92.15,8759.016,4.024999999999636,True,False,False,26.0,0.0,0.0,30.675,35.64,25.835,0,0,0,0.0,92.5878,0.7800091025110009,-0.5612755012609885,0,0,91.85,91.981,0.13100000000000023,0.0,0.30000000000001137,-0.1933333333333375,0.0,0.21499999999999986,0.2994954089798368,-0.1933333333333375,0,0,2022,Miami Grand Prix,0.0,19,0.0
LEC,51,0 days 00:01:31.981000,HARD,27.0,True,0 days 02:27:30.997000,29.6,2,38.6,0 days 00:00:30.716000,0 days 00:00:35.618000,0 days 00:00:25.647000,1,91.981,8850.997,4.780000000000655,True,False,False,27.0,0.0,0.0,30.716,35.618,25.647,0,0,0,0.0,92.59859999999999,0.7718282192301719,-0.8001780507792207,0,0,92.15,92.26,0.10999999999999943,0.30000000000001137,-0.16900000000001114,-0.568666666666663,0.0,0.02699999999999747,0.2949452491565166,-0.568666666666663,0,0,2022,Miami Grand Prix,0.0,19,0.0
LEC,52,0 days 00:01:32.260000,HARD,28.0,True,0 days 02:29:03.257000,29.7,2,39.2,0 days 00:00:30.481000,0 days 00:00:35.883000,0 days 00:00:25.896000,1,92.26,8943.257,5.359000000000378,True,False,False,28.0,0.0,0.0,30.481,35.883,25.896,0,0,0,0.0,92.5088,0.8209078511014576,-0.30307908453568794,0,0,91.981,91.488,-0.492999999999995,0.13100000000000023,0.2790000000000106,-0.2419999999999997,0.0,0.2759999999999998,0.28779558717951126,-0.2419999999999997,0,0,2022,Miami Grand Prix,0.0,19,0.0
LEC,53,0 days 00:01:31.488000,HARD,29.0,True,0 days 02:30:34.745000,29.7,2,39.4,0 days 00:00:30.462000,0 days 00:00:35.329000,0 days 00:00:25.697000,1,91.488,9034.745,6.095999999999549,True,False,False,29.0,0.0,0.0,30.462,35.329,25.697,0,0,0,0.0,92.18960000000001,0.32903996717722395,-2.1322637672830944,1,0,92.26,91.781,-0.4789999999999992,0.4100000000000108,-0.7720000000000056,0.13666666666667027,0.0,0.05000000000000071,0.28173302965751046,0.13666666666667027,0,0,2022,Miami Grand Prix,0.0,19,0.0
LEC,54,0 days 00:01:31.781000,HARD,30.0,True,0 days 02:32:06.526000,29.5,2,38.5,0 days 00:00:30.510000,0 days 00:00:35.468000,0 days 00:00:25.803000,12,91.781,9126.526,6.117000000000189,True,False,False,30.0,0.0,0.0,30.51,35.468,25.803,0,0,1,0.0,91.94579999999999,0.3001736164288505,-0.5490156062368245,0,1,91.488,91.844,0.35599999999999454,0.0,0.29300000000000637,-0.2206666666666687,0.0,0.15600000000000236,0.26456813867130646,-0.2206666666666687,0,0,2022,Miami Grand Prix,0.0,19,0.0
LEC,55,0 days 00:01:31.844000,HARD,31.0,True,0 days 02:33:38.370000,29.4,2,38.5,0 days 00:00:30.491000,0 days 00:00:35.569000,0 days 00:00:25.784000,1,91.844,9218.37,6.166999999999462,True,False,False,31.0,0.0,0.0,30.491,35.569,25.784,0,0,0,0.0,91.932,0.3071831701118628,-0.2864740277534159,0,0,91.781,92.444,0.6629999999999967,0.29300000000000637,0.06299999999998818,-0.06666666666666288,0.0,0.08699999999999974,0.10622005460363912,-0.06666666666666288,0,0,2022,Miami Grand Prix,0.0,19,0.0
LEC,56,0 days 00:01:32.444000,HARD,32.0,True,0 days 02:35:10.814000,29.6,2,39.2,0 days 00:00:30.712000,0 days 00:00:35.698000,0 days 00:00:26.034000,12,92.444,9310.814,5.5129999999990105,True,False,False,32.0,0.0,0.0,30.712,35.698,26.034,0,0,1,0.0,91.8708,0.28237333443505447,2.029936718871857,0,0,91.844,93.114,1.2700000000000102,0.35599999999999454,0.6000000000000085,-0.13866666666667035,0.0,0.33699999999999974,0.1003329457356859,-0.13866666666667035,0,0,2022,Miami Grand Prix,0.0,19,0.0
MAG,2,0 days 00:01:37.576000,MEDIUM,2.0,True,0 days 01:05:38.375000,30.4,13,40.4,0 days 00:00:33.543000,0 days 00:00:37.329000,0 days 00:00:26.704000,1,97.576,3938.375,0.45699999999987995,False,True,False,2.0,0.0,0.0,33.543,37.329,26.704,0,0,0,0.0,92.13419999999999,0.6485608683847486,8.390577145909052,0,0,97.576,95.762,-1.813999999999993,6.087999999999994,0.0,0.4443333333333328,0.0,0.9200000000000017,0.13493591071319685,0.0,0,1,2022,Miami Grand Prix,0.0,19,0.0
MAG,3,0 days 00:01:35.762000,MEDIUM,3.0,True,0 days 01:07:14.137000,31.0,12,44.0,0 days 00:00:33.146000,0 days 00:00:36.149000,0 days 00:00:26.467000,1,95.762,4034.137,0.9179999999996653,False,True,False,3.0,0.0,0.0,33.146,36.149,26.467,0,0,0,0.0,,,0.0,0,0,97.576,95.642,-1.9339999999999975,0.0,-1.813999999999993,0.0,0.0,0.0,0.0,0.0,0,1,2022,Miami Grand Prix,0.0,19,0.0
MAG,4,0 days 00:01:35.642000,MEDIUM,4.0,True,0 days 01:08:49.779000,31.3,12,46.5,0 days 00:00:32.673000,0 days 00:00:36.487000,0 days 00:00:26.482000,1,95.642,4129.779,0.7749999999996362,False,True,False,4.0,0.0,0.0,32.673,36.487,26.482,0,0,0,0.0,,,0.0,0,0,95.762,96.136,0.3739999999999952,0.0,-0.12000000000000455,-0.9069999999999965,0.0,0.015000000000000568,0.0,0.0,0,1,2022,Miami Grand Prix,0.0,19,0.0
MAG,5,0 days 00:01:36.136000,MEDIUM,5.0,True,0 days 01:10:25.915000,31.3,12,46.4,0 days 00:00:32.920000,0 days 00:00:36.807000,0 days 00:00:26.409000,1,96.136,4225.915,1.024000000000342,False,True,False,5.0,0.0,0.0,32.92,36.807,26.409,0,0,0,0.0,96.32666666666667,1.0836167834309924,-0.175953962306652,0,0,95.642,98.323,2.6809999999999974,0.0,0.4939999999999998,-0.6446666666666658,0.0,-0.05799999999999983,0.5268855030586193,-0.9669999999999987,0,0,2022,Miami Grand Prix,0.0,19,0.0
MAG,6,0 days 00:01:38.323000,MEDIUM,6.0,True,0 days 01:12:04.238000,31.4,11,46.0,0 days 00:00:34.388000,0 days 00:00:36.985000,0 days 00:00:26.950000,1,98.323,4324.238,0.29799999999977445,False,True,False,6.0,0.0,0.0,34.388,36.985,26.95,0,0,0,0.0,96.279,0.8898906299840063,2.2969114755559716,0,0,96.136,96.445,0.3089999999999975,0.4939999999999998,2.1869999999999976,-0.47999999999999926,0.0,0.5410000000000004,0.46822599600335524,-0.47999999999999926,0,1,2022,Miami Grand Prix,0.0,19,0.0
MAG,7,0 days 00:01:36.445000,MEDIUM,7.0,True,0 days 01:13:40.683000,31.5,11,46.3,0 days 00:00:33.022000,0 days 00:00:36.747000,0 days 00:00:26.676000,1,96.445,4420.683,0.5410000000001673,False,True,False,7.0,0.0,0.0,33.022,36.747,26.676,0,0,0,0.0,96.6878,1.1956237702555081,-0.2030739150896235,0,0,98.323,96.182,-2.140999999999991,2.6809999999999974,-1.8780000000000001,0.8536666666666642,0.0,0.26699999999999946,0.43026886942933773,0.8536666666666642,0,1,2022,Miami Grand Prix,0.0,19,0.0
MAG,8,0 days 00:01:36.182000,MEDIUM,8.0,True,0 days 01:15:16.865000,31.7,11,46.7,0 days 00:00:32.844000,0 days 00:00:36.694000,0 days 00:00:26.644000,1,96.182,4516.865,0.7420000000001892,False,True,False,8.0,0.0,0.0,32.844,36.694,26.644,0,0,0,0.0,96.46159999999999,1.0876908108465375,-0.25705834526852195,0,0,96.445,95.652,-0.7929999999999922,0.8029999999999973,-0.262999999999991,0.2676666666666658,0.0,0.23499999999999943,0.2502568680376225,0.2676666666666658,0,1,2022,Miami Grand Prix,0.0,19,0.0
MAG,9,0 days 00:01:35.652000,MEDIUM,9.0,True,0 days 01:16:52.517000,31.6,11,46.7,0 days 00:00:32.640000,0 days 00:00:36.448000,0 days 00:00:26.564000,1,95.652,4612.517,2.4660000000003492,False,True,False,9.0,0.0,0.0,32.64,36.448,26.564,0,0,0,0.0,96.5456,1.0351015892172115,-0.8632969066116216,0,0,96.182,95.286,-0.8960000000000008,0.5400000000000063,-0.5300000000000011,0.015333333333335494,0.0,-0.0799999999999983,0.23599999999999996,0.015333333333335494,0,0,2022,Miami Grand Prix,0.0,19,0.0
MAG,10,0 days 00:01:35.286000,MEDIUM,10.0,True,0 days 01:18:27.803000,31.3,11,45.0,0 days 00:00:32.553000,0 days 00:00:36.473000,0 days 00:00:26.260000,1,95.286,4707.803,3.7510000000002037,False,True,False,10.0,0.0,0.0,32.553,36.473,26.26,0,0,0,0.0,96.5476,1.0329265704782664,-1.2213840132080778,0,0,95.652,96.228,0.5759999999999934,0.0,-0.36599999999999966,-0.8903333333333308,0.0,-0.3039999999999985,0.2574655316736588,-0.8903333333333308,0,0,2022,Miami Grand Prix,0.0,19,0.0
MAG,11,0 days 00:01:36.228000,MEDIUM,11.0,True,0 days 01:20:04.031000,31.0,10,44.9,0 days 00:00:32.870000,0 days 00:00:36.312000,0 days 00:00:27.046000,1,96.228,4804.031,0.39099999999962165,False,True,False,11.0,0.0,0.0,32.87,36.312,27.046,0,0,0,0.0,96.3776,1.1774409963985424,-0.12705519890813258,0,0,95.286,94.761,-0.5250000000000057,0.0,0.9419999999999931,-0.3863333333333306,0.0,0.7859999999999978,0.32831189439312053,-0.3863333333333306,0,1,2022,Miami Grand Prix,0.0,19,0.0
MAG,14,0 days 00:01:34.761000,HARD,2.0,True,0 days 01:25:10.383000,30.3,18,46.5,0 days 00:00:32.071000,0 days 00:00:36.196000,0 days 00:00:26.494000,1,94.761,5110.383,5.782000000000153,True,False,False,2.0,0.0,0.0,32.071,36.196,26.494,0,0,0,0.0,95.9586,0.47577915044692615,-2.517134260454741,1,0,96.228,95.441,-0.7869999999999919,0.9419999999999931,-1.4669999999999987,0.015333333333330756,0.0,0.2339999999999982,0.4122143859692414,0.015333333333330756,0,0,2022,Miami Grand Prix,0.0,19,0.0
MAG,15,0 days 00:01:35.441000,HARD,3.0,True,0 days 01:26:45.824000,30.2,17,45.1,0 days 00:00:32.236000,0 days 00:00:36.361000,0 days 00:00:26.844000,1,95.441,5205.824,6.25,True,False,False,3.0,0.0,0.0,32.236,36.361,26.844,0,0,0,0.0,95.62180000000001,0.6196678142359876,-0.29176922836136043,0,1,94.761,96.394,1.6330000000000098,0.0,0.6800000000000068,-0.29700000000000176,0.0,0.5839999999999996,0.41075077601874194,-0.29700000000000176,0,0,2022,Miami Grand Prix,0.0,19,0.0
MAG,16,0 days 00:01:36.394000,HARD,4.0,True,0 days 01:28:22.218000,30.2,16,45.7,0 days 00:00:32.485000,0 days 00:00:37.610000,0 days 00:00:26.299000,1,96.394,5302.218,0.4149999999999636,True,False,False,4.0,0.0,0.0,32.485,37.61,26.299,0,0,0,0.0,95.4736,0.5350236443373394,1.7202978031746137,0,0,95.441,95.017,-0.4240000000000066,0.6800000000000068,0.953000000000003,0.05166666666666705,0.0,-0.19500000000000028,0.4513158539205095,0.05166666666666705,0,1,2022,Miami Grand Prix,0.0,19,0.0
MAG,17,0 days 00:01:35.017000,HARD,5.0,True,0 days 01:29:57.235000,30.2,15,45.3,0 days 00:00:32.270000,0 days 00:00:36.279000,0 days 00:00:26.468000,1,95.017,5397.235,2.0020000000004075,True,False,False,5.0,0.0,0.0,32.27,36.279,26.468,0,0,0,0.0,95.622,0.6801099175868635,-0.8895620904142065,0,0,96.394,94.561,-1.8329999999999984,1.6330000000000098,-1.3770000000000095,0.05533333333333701,0.0,0.16900000000000048,0.4743005376341028,0.05533333333333701,0,0,2022,Miami Grand Prix,0.0,19,0.0
MAG,18,0 days 00:01:34.561000,HARD,6.0,True,0 days 01:31:31.796000,30.1,15,43.3,0 days 00:00:32.049000,0 days 00:00:36.353000,0 days 00:00:26.159000,1,94.561,5491.796,2.368999999999687,True,False,False,6.0,0.0,0.0,32.049,36.353,26.159,0,0,0,0.0,95.5682,0.722643549753274,-1.3937715217189401,0,0,95.017,96.118,1.100999999999999,0.2560000000000002,-0.45599999999998886,0.08533333333333341,0.0,-0.14000000000000057,0.381502686753317,0.08533333333333341,0,0,2022,Miami Grand Prix,0.0,19,0.0
MAG,19,0 days 00:01:36.118000,HARD,7.0,True,0 days 01:33:07.914000,29.9,14,42.6,0 days 00:00:33.453000,0 days 00:00:36.454000,0 days 00:00:26.211000,12,96.118,5587.914,1.1680000000005748,True,False,False,7.0,0.0,0.0,33.453,36.454,26.211,0,0,1,0.0,95.23479999999999,0.7266692507599446,1.2154085219325836,0,0,94.561,95.09,0.5289999999999964,0.0,1.556999999999988,-0.29333333333333184,0.0,0.0519999999999996,0.3150306334310997,-0.29333333333333184,0,0,2022,Miami Grand Prix,0.0,19,0.0
MAG,20,0 days 00:01:35.090000,HARD,8.0,True,0 days 01:34:43.004000,29.8,14,42.6,0 days 00:00:32.335000,0 days 00:00:36.697000,0 days 00:00:26.058000,21,95.09,5683.004,1.3980000000001382,True,False,False,8.0,0.0,0.0,32.335,36.697,26.058,0,0,1,0.0,95.5062,0.7581983249783748,-0.5489328930024664,0,0,96.118,94.848,-1.269999999999996,1.556999999999988,-1.0279999999999916,-0.09200000000000348,0.0,-0.10099999999999909,0.3105503179840588,-0.09200000000000348,0,0,2022,Miami Grand Prix,0.0,19,0.0
MAG,21,0 days 00:01:34.848000,HARD,9.0,True,0 days 01:36:17.852000,29.8,14,42.3,0 days 00:00:32.188000,0 days 00:00:36.246000,0 days 00:00:26.414000,1,94.848,5777.852,1.46100000000024,True,False,False,9.0,0.0,0.0,32.188,36.246,26.414,0,0,0,0.0,95.436,0.7816313069472165,-0.7522728360210317,0,0,95.09,94.749,-0.3410000000000082,0.5289999999999964,-0.24200000000000443,0.024333333333335833,0.0,0.35600000000000165,0.1498716117214999,0.024333333333335833,0,0,2022,Miami Grand Prix,0.0,19,0.0
MAG,22,0 days 00:01:34.749000,HARD,10.0,True,0 days 01:37:52.601000,29.7,14,42.4,0 days 00:00:32.151000,0 days 00:00:36.291000,0 days 00:00:26.307000,1,94.749,5872.601,1.4000000000005457,True,False,False,10.0,0.0,0.0,32.151,36.291,26.307,0,0,0,0.0,95.1268,0.5902852700178273,-0.640029523333011,0,0,94.848,94.945,0.0969999999999942,0.28699999999999193,-0.09900000000000375,0.09566666666666397,0.0,0.24899999999999878,0.20323803777836524,0.09566666666666397,0,0,2022,Miami Grand Prix,0.0,19,0.0
MAG,23,0 days 00:01:34.945000,HARD,11.0,True,0 days 01:39:27.546000,29.9,14,42.3,0 days 00:00:32.306000,0 days 00:00:36.311000,0 days 00:00:26.328000,1,94.945,5967.546,1.5249999999996362,True,False,False,11.0,0.0,0.0,32.306,36.311,26.328,0,0,0,0.0,95.0732,0.6144222489461313,-0.2086512983862447,0,0,94.749,94.664,-0.08499999999999375,0.18799999999998818,0.19599999999999795,-0.45633333333333326,0.0,0.2699999999999996,0.21600393514933955,-0.45633333333333326,0,0,2022,Miami Grand Prix,0.0,19,0.0
MAG,24,0 days 00:01:34.664000,HARD,12.0,True,0 days 01:41:02.210000,30.0,14,42.5,0 days 00:00:32.362000,0 days 00:00:36.152000,0 days 00:00:26.150000,1,94.664,6062.21,1.4279999999998836,True,False,False,12.0,0.0,0.0,32.362,36.152,26.15,0,0,0,0.0,95.14999999999999,0.5555749274400541,-0.8747694973193851,0,0,94.945,95.095,0.15000000000000568,0.19599999999999795,-0.2809999999999917,-0.048333333333336746,0.0,-0.15700000000000003,0.18580016146386946,-0.048333333333336746,0,0,2022,Miami Grand Prix,0.0,19,0.0
MAG,25,0 days 00:01:35.095000,HARD,13.0,True,0 days 01:42:37.305000,30.0,14,43.7,0 days 00:00:32.444000,0 days 00:00:36.334000,0 days 00:00:26.317000,1,95.095,6157.305,1.6179999999994834,True,False,False,13.0,0.0,0.0,32.444,36.334,26.317,0,0,0,0.0,94.85919999999999,0.16658541352720874,1.4154900780763622,0,0,94.664,94.819,0.15500000000000114,0.0,0.4309999999999974,-0.0613333333333325,0.0,0.1670000000000016,0.23470683841763104,-0.0613333333333325,0,0,2022,Miami Grand Prix,0.0,19,0.0
MAG,26,0 days 00:01:34.819000,HARD,14.0,True,0 days 01:44:12.124000,30.2,14,44.5,0 days 00:00:32.306000,0 days 00:00:36.268000,0 days 00:00:26.245000,1,94.819,6252.124,1.7070000000003347,True,False,False,14.0,0.0,0.0,32.306,36.268,26.245,0,0,0,0.0,94.86019999999999,0.1683232010152794,-0.2447672082724315,0,0,95.095,94.833,-0.26200000000000045,0.4309999999999974,-0.27599999999999625,0.11533333333333455,0.0,0.09500000000000242,0.19845024565366517,0.11533333333333455,0,0,2022,Miami Grand Prix,0.0,19,0.0
MAG,27,0 days 00:01:34.833000,HARD,15.0,True,0 days 01:45:46.957000,30.2,13,44.5,0 days 00:00:32.185000,0 days 00:00:36.335000,0 days 00:00:26.313000,1,94.833,6346.957,0.2639999999992142,True,False,False,15.0,0.0,0.0,32.185,36.335,26.313,0,0,0,0.0,94.8544,0.16934520955737214,-0.12636908983687428,0,0,94.819,95.024,0.2049999999999983,0.15500000000000114,0.013999999999995794,-0.04199999999999685,0.0,0.16300000000000026,0.17218362291460784,-0.04199999999999685,0,1,2022,Miami Grand Prix,0.0,19,0.0
MAG,28,0 days 00:01:35.024000,HARD,16.0,True,0 days 01:47:21.981000,30.1,13,46.4,0 days 00:00:32.357000,0 days 00:00:36.219000,0 days 00:00:26.448000,1,95.024,6441.981,0.32600000000002183,True,False,False,16.0,0.0,0.0,32.357,36.219,26.448,0,0,0,0.0,94.8712,0.1601942570756813,0.9538419340951227,0,0,94.833,94.268,-0.5649999999999977,0.16899999999999693,0.1910000000000025,0.05633333333333231,0.0,0.2029999999999994,0.1605795752890136,0.05633333333333231,0,1,2022,Miami Grand Prix,0.0,19,0.0
MAG,29,0 days 00:01:34.268000,HARD,17.0,True,0 days 01:48:56.249000,30.0,13,45.6,0 days 00:00:31.892000,0 days 00:00:36.140000,0 days 00:00:26.236000,1,94.268,6536.249,0.5060000000003129,True,False,False,17.0,0.0,0.0,31.892,36.14,26.236,0,0,0,0.0,94.887,0.1727006079897501,-3.5842375264639363,1,0,95.024,96.103,1.0789999999999935,0.35999999999999943,-0.7560000000000002,-0.023666666666665986,0.0,-0.009000000000000341,0.14575047169734995,-0.023666666666665986,0,1,2022,Miami Grand Prix,0.0,19,0.0
MAG,30,0 days 00:01:36.103000,HARD,18.0,True,0 days 01:50:32.352000,29.9,14,43.8,0 days 00:00:32.124000,0 days 00:00:36.836000,0 days 00:00:27.143000,1,96.103,6632.352,0.31599999999980355,True,False,False,18.0,0.0,0.0,32.124,36.836,27.143,0,0,0,0.0,94.8078,0.3245654017298088,3.9905670570463645,0,1,94.268,96.383,2.114999999999995,0.0,1.8349999999999937,-0.1836666666666673,0.0,0.907,0.08387609909861078,-0.1836666666666673,0,1,2022,Miami Grand Prix,0.0,19,0.0
MAG,31,0 days 00:01:36.383000,HARD,19.0,True,0 days 01:52:08.735000,29.9,12,45.0,0 days 00:00:32.551000,0 days 00:00:37.074000,0 days 00:00:26.758000,1,96.383,6728.735,0.2960000000002765,True,False,False,19.0,0.0,0.0,32.551,37.074,26.758,0,0,0,0.0,95.0094,0.6732787684161902,2.040165328889295,0,0,96.103,95.38,-0.722999999999999,1.8349999999999937,0.28000000000000114,0.423333333333332,0.0,0.5219999999999985,0.36405933582315925,0.423333333333332,0,1,2022,Miami Grand Prix,0.0,19,0.0
MAG,32,0 days 00:01:35.380000,HARD,20.0,True,0 days 01:53:44.115000,29.8,12,44.3,0 days 00:00:31.948000,0 days 00:00:36.695000,0 days 00:00:26.737000,1,95.38,6824.115,0.5590000000001965,True,False,False,20.0,0.0,0.0,31.948,36.695,26.737,0,0,0,0.0,95.3222,0.8908595287698339,0.06488116042246851,0,0,96.383,94.894,-1.48899999999999,2.114999999999995,-1.0030000000000001,0.45299999999999824,0.0,0.5009999999999977,0.3622957355531527,0.45299999999999824,0,1,2022,Miami Grand Prix,0.0,19,0.0
MAG,33,0 days 00:01:34.894000,HARD,21.0,True,0 days 01:55:19.009000,29.9,12,44.3,0 days 00:00:31.802000,0 days 00:00:36.512000,0 days 00:00:26.580000,1,94.894,6919.009,0.7349999999996726,True,False,False,21.0,0.0,0.0,31.802,36.512,26.58,0,0,0,0.0,95.4316,0.848337373926204,-0.6337101447174517,0,0,95.38,95.186,-0.1939999999999884,1.1119999999999948,-0.48599999999999,0.3706666666666649,0.0,-0.15700000000000003,0.34826311892016354,0.3706666666666649,0,1,2022,Miami Grand Prix,0.0,19,0.0
MAG,34,0 days 00:01:35.186000,HARD,22.0,True,0 days 01:56:54.195000,29.8,13,43.0,0 days 00:00:31.752000,0 days 00:00:36.287000,0 days 00:00:27.147000,1,95.186,7014.195,0.2640000000001237,True,False,False,22.0,0.0,0.0,31.752,36.287,27.147,0,0,0,0.0,95.4056,0.8657657304375171,-0.25364829338881817,0,0,94.894,94.953,0.0589999999999975,0.6260000000000048,0.2920000000000016,-0.4029999999999963,0.0,0.5670000000000002,0.43258663872107717,-0.4029999999999963,0,1,2022,Miami Grand Prix,0.0,19,0.0
MAG,35,0 days 00:01:34.953000,HARD,23.0,True,0 days 01:58:29.148000,29.5,13,41.8,0 days 00:00:32.474000,0 days 00:00:36.217000,0 days 00:00:26.262000,1,94.953,7109.148,1.0609999999996944,True,False,False,23.0,0.0,0.0,32.474,36.217,26.262,0,0,0,0.0,95.58919999999999,0.6292350117404485,-1.0110689776150164,0,0,95.186,93.924,-1.2620000000000005,0.2920000000000016,-0.2330000000000041,-0.3989999999999962,0.0,-0.31799999999999784,0.38637805320695934,-0.3989999999999962,0,0,2022,Miami Grand Prix,0.0,19,0.0
MAG,36,0 days 00:01:33.924000,HARD,24.0,True,0 days 02:00:03.072000,29.4,13,41.0,0 days 00:00:31.786000,0 days 00:00:35.959000,0 days 00:00:26.179000,1,93.924,7203.072,0.7049999999999272,True,False,False,24.0,0.0,0.0,31.786,35.959,26.179,0,0,0,0.0,95.3592,0.6041537056081054,-2.3755544105376414,1,0,94.953,93.774,-1.179000000000002,0.0589999999999975,-1.0289999999999964,-0.14233333333333084,0.0,-0.08300000000000196,0.42488292505112374,-0.14233333333333084,0,1,2022,Miami Grand Prix,0.0,19,0.0
MAG,37,0 days 00:01:33.774000,HARD,25.0,True,0 days 02:01:36.846000,29.6,13,41.7,0 days 00:00:31.702000,0 days 00:00:35.984000,0 days 00:00:26.088000,1,93.774,7296.846,0.342000000000553,True,False,False,25.0,0.0,0.0,31.702,35.984,26.088,0,0,0,0.0,94.8674,0.5617613372242765,-1.9463781637280526,1,1,93.924,93.747,-0.1770000000000067,0.0,-0.15000000000000568,-0.323333333333333,0.0,-0.09099999999999753,0.40408291228409954,-0.323333333333333,0,1,2022,Miami Grand Prix,0.0,19,0.0
MAG,38,0 days 00:01:33.747000,HARD,26.0,True,0 days 02:03:10.593000,29.7,13,42.9,0 days 00:00:31.748000,0 days 00:00:35.970000,0 days 00:00:26.029000,1,93.747,7390.593,0.5039999999999054,True,False,False,26.0,0.0,0.0,31.748,35.97,26.029,0,0,0,0.0,94.5462,0.6479237609472336,-1.233478455600404,0,1,93.774,94.427,0.6530000000000058,0.0,-0.027000000000001023,-0.47066666666666873,0.0,-0.05900000000000105,0.3395170098831569,-0.47066666666666873,0,1,2022,Miami Grand Prix,0.0,19,0.0
MAG,39,0 days 00:01:34.427000,HARD,27.0,True,0 days 02:04:45.020000,29.8,13,42.7,0 days 00:00:31.584000,0 days 00:00:36.579000,0 days 00:00:26.264000,1,94.427,7485.02,0.2669999999998254,True,False,False,27.0,0.0,0.0,31.584,36.579,26.264,0,0,0,0.0,94.3168,0.6953155398809998,0.1584891947314543,0,0,93.747,97.486,3.7390000000000043,0.0,0.6800000000000068,-0.402000000000001,0.0,0.23499999999999943,0.33211925568987966,-0.402000000000001,0,1,2022,Miami Grand Prix,0.0,19,0.0
MAG,47,0 days 00:01:37.486000,MEDIUM,5.0,True,0 days 02:21:31.420000,29.6,14,40.7,0 days 00:00:34.920000,0 days 00:00:35.773000,0 days 00:00:26.793000,12,97.486,8491.42,2.131999999999607,False,True,False,5.0,0.0,0.0,34.92,35.773,26.793,0,0,1,0.0,94.165,0.5184770968905034,6.405297398703334,0,0,94.427,95.665,1.2379999999999995,0.6800000000000068,3.0589999999999975,0.1676666666666667,0.0,0.7639999999999993,0.19686848401915316,0.1676666666666667,0,0,2022,Miami Grand Prix,0.0,19,0.0
MAG,48,0 days 00:01:35.665000,MEDIUM,6.0,True,0 days 02:23:07.085000,29.6,14,39.8,0 days 00:00:33.295000,0 days 00:00:36.069000,0 days 00:00:26.301000,1,95.665,8587.085,1.066000000000713,False,True,False,6.0,0.0,0.0,33.295,36.069,26.301,0,0,0,0.0,94.6716,1.5968839344172798,0.6220865390336028,0,0,97.486,95.001,-2.4849999999999994,3.7390000000000043,-1.820999999999998,1.2373333333333345,0.0,0.27199999999999847,0.36749857142579445,1.2373333333333345,0,0,2022,Miami Grand Prix,0.0,19,0.0
MAG,49,0 days 00:01:35.001000,MEDIUM,7.0,True,0 days 02:24:42.086000,29.6,15,39.6,0 days 00:00:31.757000,0 days 00:00:36.311000,0 days 00:00:26.933000,1,95.001,8682.086,9.045000000000073,False,True,False,7.0,0.0,0.0,31.757,36.311,26.933,0,0,0,0.0,95.0198,1.5828672401689352,-0.011877180551157496,0,0,95.665,94.427,-1.2379999999999995,1.9180000000000064,-0.6640000000000015,0.6393333333333354,0.0,0.6690000000000005,0.34399811045992607,0.6393333333333354,0,0,2022,Miami Grand Prix,0.0,19,0.0
MAG,50,0 days 00:01:34.427000,MEDIUM,8.0,True,0 days 02:26:16.513000,29.7,14,39.5,0 days 00:00:32.458000,0 days 00:00:36.045000,0 days 00:00:25.924000,1,94.427,8776.513,0.6169999999983702,False,True,False,8.0,0.0,0.0,32.458,36.045,25.924,0,0,0,0.0,95.26520000000001,1.429082292941883,-0.5865302538137934,0,0,95.001,93.743,-1.2580000000000098,1.2540000000000049,-0.5739999999999981,0.1913333333333327,0.0,-0.3769999999999989,0.3377553848571481,0.1913333333333327,0,1,2022,Miami Grand Prix,0.0,19,0.0
MAG,51,0 days 00:01:33.743000,MEDIUM,9.0,True,0 days 02:27:50.256000,29.6,14,38.6,0 days 00:00:31.778000,0 days 00:00:35.997000,0 days 00:00:25.968000,1,93.743,8870.256,0.5040000000008149,False,True,False,9.0,0.0,0.0,31.778,35.997,25.968,0,0,0,0.0,95.4012,1.2722296176398455,-1.3033810697444606,0,0,94.427,93.511,-0.916000000000011,0.0,-0.6840000000000117,-1.0196666666666658,0.0,0.04400000000000048,0.4511100752587993,-1.0196666666666658,0,1,2022,Miami Grand Prix,0.0,19,0.0
MAG,52,0 days 00:01:33.511000,MEDIUM,10.0,True,0 days 02:29:23.767000,29.7,14,39.2,0 days 00:00:31.708000,0 days 00:00:35.815000,0 days 00:00:25.988000,1,93.511,8963.767,0.30500000000029104,False,True,False,10.0,0.0,0.0,31.708,35.815,25.988,0,0,0,0.0,95.2644,1.4301453772256982,-1.2260292050877892,0,0,93.743,95.088,1.3449999999999989,0.0,-0.23199999999999932,-0.6406666666666704,0.0,0.06400000000000006,0.46712664235729423,-0.6406666666666704,0,1,2022,Miami Grand Prix,0.0,19,0.0
MAG,53,0 days 00:01:35.088000,MEDIUM,11.0,True,0 days 02:30:58.855000,29.7,14,39.4,0 days 00:00:32.386000,0 days 00:00:36.577000,0 days 00:00:26.125000,1,95.088,9058.855,0.3389999999999418,False,True,False,11.0,0.0,0.0,32.386,36.577,26.125,0,0,0,0.0,94.4694,0.8888255171854695,0.6959746182342317,0,0,93.511,95.227,1.7160000000000082,0.0,1.5769999999999982,-0.4966666666666697,0.0,0.2010000000000005,0.3805880975542978,-0.4966666666666697,0,1,2022,Miami Grand Prix,0.0,19,0.0
MAG,54,0 days 00:01:35.227000,MEDIUM,12.0,True,0 days 02:32:34.082000,29.5,11,38.5,0 days 00:00:32.536000,0 days 00:00:36.537000,0 days 00:00:26.154000,12,95.227,9154.082,0.48099999999976717,False,True,False,12.0,0.0,0.0,32.536,36.537,26.154,0,0,1,0.0,94.354,0.7153083251298075,1.2204527325214352,0,0,95.088,94.021,-1.066999999999993,1.5769999999999982,0.13900000000001,0.22033333333332905,0.0,0.18599999999999994,0.37546065040160975,0.22033333333332905,0,1,2022,Miami Grand Prix,0.0,19,0.0
MAG,55,0 days 00:01:34.021000,MEDIUM,13.0,True,0 days 02:34:08.103000,29.6,11,39.2,0 days 00:00:31.643000,0 days 00:00:36.060000,0 days 00:00:26.318000,1,94.021,9248.103,0.3000000000010914,False,True,False,13.0,0.0,0.0,31.643,36.06,26.318,0,0,0,0.0,94.3992,0.7713573750214707,-0.4903045102660299,0,0,95.227,96.634,1.4069999999999965,1.7160000000000082,-1.206000000000003,0.49466666666666964,0.0,0.33000000000000185,0.23471961997242535,0.49466666666666964,0,1,2022,Miami Grand Prix,0.0,19,0.0
MSC,2,0 days 00:01:37.074000,MEDIUM,2.0,True,0 days 01:05:37.298000,30.4,11,40.4,0 days 00:00:33.400000,0 days 00:00:37.046000,0 days 00:00:26.628000,1,97.074,3937.298,0.8070000000002437,False,True,False,2.0,0.0,0.0,33.4,37.046,26.628,0,0,0,0.0,94.8962,1.209433627777909,1.800677565085795,0,0,97.074,96.21,-0.8640000000000043,3.5630000000000024,0.0,0.5153333333333355,0.0,0.4740000000000002,0.09454469842355027,0.0,0,1,2022,Miami Grand Prix,0.0,19,0.0
MSC,3,0 days 00:01:36.210000,MEDIUM,3.0,True,0 days 01:07:13.508000,31.0,11,44.0,0 days 00:00:32.744000,0 days 00:00:36.906000,0 days 00:00:26.560000,1,96.21,4033.508,0.6290000000003602,False,True,False,3.0,0.0,0.0,32.744,36.906,26.56,0,0,0,0.0,,,0.0,0,0,97.074,95.88,-1.1940000000000026,0.0,-0.8640000000000043,0.0,0.0,0.0,0.0,0.0,0,1,2022,Miami Grand Prix,0.0,19,0.0
MSC,4,0 days 00:01:35.880000,MEDIUM,4.0,True,0 days 01:08:49.388000,31.3,11,46.5,0 days 00:00:32.658000,0 days 00:00:36.588000,0 days 00:00:26.634000,1,95.88,4129.388,0.39100000000053114,False,True,False,4.0,0.0,0.0,32.658,36.588,26.634,0,0,0,0.0,,,0.0,0,0,96.21,96.27,0.060000000000002274,0.0,-0.3299999999999983,-0.43200000000000216,0.0,0.07400000000000162,0.0,0.0,0,1,2022,Miami Grand Prix,0.0,19,0.0
MSC,5,0 days 00:01:36.270000,MEDIUM,5.0,True,0 days 01:10:25.658000,31.3,11,46.4,0 days 00:00:32.825000,0 days 00:00:36.753000,0 days 00:00:26.692000,1,96.27,4225.658,0.2569999999996071,False,True,False,5.0,0.0,0.0,32.825,36.753,26.692,0,0,0,0.0,96.38799999999999,0.6165808949359365,-0.19137796997789777,0,0,95.88,96.721,0.8410000000000082,0.0,0.39000000000000057,-0.39800000000000085,0.0,0.13200000000000145,0.25500065359393337,-0.5970000000000013,0,1,2022,Miami Grand Prix,0.0,19,0.0
MSC,6,0 days 00:01:36.721000,MEDIUM,6.0,True,0 days 01:12:02.379000,31.4,10,46.0,0 days 00:00:33.307000,0 days 00:00:36.632000,0 days 00:00:26.782000,1,96.721,4322.379,1.8590000000003783,False,True,False,6.0,0.0,0.0,33.307,36.632,26.782,0,0,0,0.0,96.35849999999999,0.5068816429897613,0.715157088471112,0,0,96.27,95.923,-0.3469999999999942,0.39000000000000057,0.4510000000000076,-0.2680000000000007,0.0,0.2220000000000013,0.20974269951538219,-0.2680000000000007,0,0,2022,Miami Grand Prix,0.0,19,0.0
MSC,7,0 days 00:01:35.923000,MEDIUM,7.0,True,0 days 01:13:38.302000,31.5,10,46.3,0 days 00:00:32.601000,0 days 00:00:36.670000,0 days 00:00:26.652000,1,95.923,4418.302,2.381000000000313,False,True,False,7.0,0.0,0.0,32.601,36.67,26.652,0,0,0,0.0,96.431,0.4679508521201787,-1.0855840900777578,0,0,96.721,96.487,-0.23400000000000887,0.8410000000000082,-0.7980000000000018,0.17033333333333664,0.0,0.018000000000000682,0.18312509385663106,0.17033333333333664,0,0,2022,Miami Grand Prix,0.0,19,0.0
MSC,8,0 days 00:01:36.487000,MEDIUM,8.0,True,0 days 01:15:14.789000,31.7,10,46.7,0 days 00:00:32.701000,0 days 00:00:37.096000,0 days 00:00:26.690000,1,96.487,4514.789,2.076000000000022,False,True,False,8.0,0.0,0.0,32.701,37.096,26.69,0,0,0,0.0,96.20079999999999,0.3374784437560454,0.8480541655184789,0,0,95.923,96.348,0.42499999999999716,0.043000000000006366,0.563999999999993,0.014333333333335455,0.0,0.038000000000000256,0.09044998618020944,0.014333333333335455,0,0,2022,Miami Grand Prix,0.0,19,0.0
MSC,9,0 days 00:01:36.348000,MEDIUM,9.0,True,0 days 01:16:51.137000,31.6,10,46.7,0 days 00:00:32.972000,0 days 00:00:36.735000,0 days 00:00:26.641000,1,96.348,4611.137,1.3800000000001091,False,True,False,9.0,0.0,0.0,32.972,36.735,26.641,0,0,0,0.0,96.2562,0.36126403086939396,0.2541077775694202,0,0,96.487,95.841,-0.6460000000000008,0.6069999999999993,-0.1389999999999958,0.07233333333333292,0.0,-0.011000000000002785,0.0823116030702844,0.07233333333333292,0,0,2022,Miami Grand Prix,0.0,19,0.0
MSC,10,0 days 00:01:35.841000,MEDIUM,10.0,True,0 days 01:18:26.978000,31.3,10,45.0,0 days 00:00:32.641000,0 days 00:00:36.755000,0 days 00:00:26.445000,1,95.841,4706.978,0.8249999999998181,False,True,False,10.0,0.0,0.0,32.641,36.755,26.445,0,0,0,0.0,96.3498,0.2937442765399922,-1.7321188551932065,1,0,96.348,97.444,1.0960000000000036,0.42499999999999716,-0.507000000000005,-0.12433333333333489,0.0,-0.19599999999999795,0.09586031504225422,-0.12433333333333489,0,1,2022,Miami Grand Prix,0.0,19,0.0
MSC,11,0 days 00:01:37.444000,MEDIUM,11.0,True,0 days 01:20:04.422000,31.0,11,44.9,0 days 00:00:33.063000,0 days 00:00:37.717000,0 days 00:00:26.664000,1,97.444,4804.422,3.1590000000005602,False,True,False,11.0,0.0,0.0,33.063,37.717,26.664,0,0,0,0.0,96.264,0.3744475931288663,3.1513088123760737,0,1,95.841,95.994,0.1530000000000058,0.0,1.6030000000000086,-0.027333333333335947,0.0,0.2190000000000012,0.14881263387226218,-0.027333333333335947,0,0,2022,Miami Grand Prix,0.0,19,0.0
MSC,12,0 days 00:01:35.994000,MEDIUM,12.0,True,0 days 01:21:40.416000,30.9,10,45.6,0 days 00:00:33.049000,0 days 00:00:36.610000,0 days 00:00:26.335000,1,95.994,4900.416,3.100999999999658,False,True,False,12.0,0.0,0.0,33.049,36.61,26.335,0,0,0,0.0,96.4086,0.6402829843124084,-0.6475261878858779,0,0,97.444,95.6,-1.8440000000000083,1.6030000000000086,-1.4500000000000028,0.3190000000000026,0.0,-0.10999999999999943,0.14776772313330114,0.3190000000000026,0,0,2022,Miami Grand Prix,0.0,19,0.0
MSC,13,0 days 00:01:35.600000,MEDIUM,13.0,True,0 days 01:23:16.016000,30.6,10,45.2,0 days 00:00:32.318000,0 days 00:00:36.717000,0 days 00:00:26.565000,1,95.6,4996.016,3.5930000000007567,False,True,False,13.0,0.0,0.0,32.318,36.717,26.565,0,0,0,0.0,96.42280000000001,0.6274804379420963,-1.31127593825633,0,0,95.994,94.988,-1.0060000000000002,0.1530000000000058,-0.39400000000000546,-0.11799999999999973,0.0,0.23000000000000043,0.15757696532171167,-0.11799999999999973,0,0,2022,Miami Grand Prix,0.0,19,0.0
MSC,16,0 days 00:01:34.988000,HARD,2.0,True,0 days 01:28:23.883000,30.2,18,45.7,0 days 00:00:32.379000,0 days 00:00:36.232000,0 days 00:00:26.377000,1,94.988,5303.883,4.0700000000006185,True,False,False,2.0,0.0,0.0,32.379,36.232,26.377,0,0,0,0.0,96.24539999999999,0.7229196359208974,-1.739335795462576,1,0,95.6,95.354,-0.2459999999999951,0.0,-0.6119999999999948,-0.08033333333333322,0.0,0.04199999999999804,0.1923624183669979,-0.08033333333333322,0,0,2022,Miami Grand Prix,0.0,19,0.0
MSC,17,0 days 00:01:35.354000,HARD,3.0,True,0 days 01:29:59.237000,30.2,16,45.3,0 days 00:00:32.795000,0 days 00:00:36.210000,0 days 00:00:26.349000,1,95.354,5399.237,1.2429999999994834,True,False,False,3.0,0.0,0.0,32.795,36.21,26.349,0,0,0,0.0,95.9734,0.9070638345783607,-0.6828626347868015,0,1,94.988,94.928,-0.060000000000002274,0.0,0.36599999999999966,-0.8186666666666677,0.0,0.013999999999999346,0.1912433005362537,-0.8186666666666677,0,0,2022,Miami Grand Prix,0.0,19,0.0
MSC,18,0 days 00:01:34.928000,HARD,4.0,True,0 days 01:31:34.165000,30.1,16,43.3,0 days 00:00:32.261000,0 days 00:00:36.333000,0 days 00:00:26.334000,1,94.928,5494.165,3.530999999999949,True,False,False,4.0,0.0,0.0,32.261,36.333,26.334,0,0,0,0.0,95.876,0.9499673678606022,-0.9979290153249945,0,0,95.354,94.917,-0.4369999999999976,0.36599999999999966,-0.42600000000000193,-0.2133333333333335,0.0,-0.015000000000000568,0.14466858677681246,-0.2133333333333335,0,0,2022,Miami Grand Prix,0.0,19,0.0
MSC,19,0 days 00:01:34.917000,HARD,5.0,True,0 days 01:33:09.082000,29.9,15,42.6,0 days 00:00:32.412000,0 days 00:00:36.453000,0 days 00:00:26.052000,12,94.917,5589.082,5.411999999999352,True,False,False,5.0,0.0,0.0,32.412,36.453,26.052,0,0,1,0.0,95.3728,0.4426569778056227,-1.029691212052112,0,0,94.928,95.32,0.3919999999999959,0.0,-0.01099999999999568,-0.223999999999999,0.0,-0.28200000000000003,0.12449979919662524,-0.223999999999999,0,0,2022,Miami Grand Prix,0.0,19,0.0
MSC,20,0 days 00:01:35.320000,HARD,6.0,True,0 days 01:34:44.402000,29.8,15,42.6,0 days 00:00:32.254000,0 days 00:00:36.833000,0 days 00:00:26.233000,21,95.32,5684.402,2.3170000000000073,True,False,False,6.0,0.0,0.0,32.254,36.833,26.233,0,0,1,0.0,95.15740000000001,0.3056383483792795,0.5320013043592495,0,0,94.917,94.911,-0.006000000000000227,0.0,0.4029999999999916,-0.023666666666665986,0.0,0.18100000000000094,0.18342900533994072,-0.023666666666665986,0,0,2022,Miami Grand Prix,0.0,19,0.0
MSC,21,0 days 00:01:34.911000,HARD,7.0,True,0 days 01:36:19.313000,29.8,15,42.3,0 days 00:00:32.110000,0 days 00:00:36.449000,0 days 00:00:26.352000,1,94.911,5779.313,2.4520000000002256,True,False,False,7.0,0.0,0.0,32.11,36.449,26.352,0,0,0,0.0,95.1014,0.21709629199969277,-0.8770301797704875,0,0,95.32,94.688,-0.6319999999999908,0.4029999999999916,-0.4089999999999918,-0.011333333333335341,0.0,0.3000000000000007,0.1686342195404006,-0.011333333333335341,0,0,2022,Miami Grand Prix,0.0,19,0.0
MSC,22,0 days 00:01:34.688000,HARD,8.0,True,0 days 01:37:54.001000,29.7,15,42.4,0 days 00:00:32.226000,0 days 00:00:36.229000,0 days 00:00:26.233000,1,94.688,5874.001,2.233999999999469,True,False,False,8.0,0.0,0.0,32.226,36.229,26.233,0,0,0,0.0,95.086,0.22952668690158057,-1.7340031582935527,1,0,94.911,95.07,0.15899999999999181,0.0,-0.22299999999999898,-0.005666666666665303,0.0,0.18100000000000094,0.22071769299265562,-0.005666666666665303,0,0,2022,Miami Grand Prix,0.0,19,0.0
MSC,23,0 days 00:01:35.070000,HARD,9.0,True,0 days 01:39:29.071000,29.9,15,42.3,0 days 00:00:32.284000,0 days 00:00:36.536000,0 days 00:00:26.250000,1,95.07,5969.071,1.9539999999997235,True,False,False,9.0,0.0,0.0,32.284,36.536,26.25,0,0,0,0.0,94.9528,0.22836308808566355,0.5132177926935058,0,1,94.688,94.567,-0.12100000000000932,0.0,0.3819999999999908,-0.07633333333333307,0.0,0.01699999999999946,0.228377976171084,-0.07633333333333307,0,0,2022,Miami Grand Prix,0.0,19,0.0
MSC,24,0 days 00:01:34.567000,HARD,10.0,True,0 days 01:41:03.638000,30.0,15,42.5,0 days 00:00:32.132000,0 days 00:00:36.074000,0 days 00:00:26.361000,1,94.567,6063.638,2.744999999999891,True,False,False,10.0,0.0,0.0,32.132,36.074,26.361,0,0,0,0.0,94.9812,0.2332845901469258,-1.7755137608495244,1,0,95.07,95.285,0.2150000000000034,0.3819999999999908,-0.5030000000000001,-0.08333333333333333,0.0,0.1280000000000001,0.22572837659452608,-0.08333333333333333,0,0,2022,Miami Grand Prix,0.0,19,0.0
MSC,25,0 days 00:01:35.285000,HARD,11.0,True,0 days 01:42:38.923000,30.0,15,43.7,0 days 00:00:32.180000,0 days 00:00:36.378000,0 days 00:00:26.727000,1,95.285,6158.923,2.119999999999891,True,False,False,11.0,0.0,0.0,32.18,36.378,26.727,0,0,0,0.0,94.9112,0.30026105308551787,1.2449167021789542,0,1,94.567,94.908,0.3410000000000082,0.0,0.7180000000000035,-0.11466666666666943,0.0,0.4939999999999998,0.10240263668480463,-0.11466666666666943,0,0,2022,Miami Grand Prix,0.0,19,0.0
MSC,26,0 days 00:01:34.908000,HARD,12.0,True,0 days 01:44:13.831000,30.2,15,44.5,0 days 00:00:32.365000,0 days 00:00:36.224000,0 days 00:00:26.319000,1,94.908,6253.831,2.462999999999738,True,False,False,12.0,0.0,0.0,32.365,36.224,26.319,0,0,0,0.0,94.90419999999999,0.28852677518737496,0.013170354805181132,0,0,95.285,94.756,-0.5289999999999964,0.7180000000000035,-0.37699999999999534,0.19899999999999807,0.0,0.06899999999999906,0.18206454899293278,0.19899999999999807,0,0,2022,Miami Grand Prix,0.0,19,0.0
MSC,27,0 days 00:01:34.756000,HARD,13.0,True,0 days 01:45:48.587000,30.2,15,44.5,0 days 00:00:32.094000,0 days 00:00:36.387000,0 days 00:00:26.275000,1,94.756,6348.587,2.4789999999993597,True,False,False,13.0,0.0,0.0,32.094,36.387,26.275,0,0,0,0.0,94.9036,0.28851221811220756,-0.5115901190104635,0,0,94.908,94.571,-0.3370000000000033,0.3410000000000082,-0.15200000000000102,-0.05399999999999731,0.0,-0.04400000000000048,0.18719428410077069,-0.05399999999999731,0,0,2022,Miami Grand Prix,0.0,19,0.0
MSC,28,0 days 00:01:34.571000,HARD,14.0,True,0 days 01:47:23.158000,30.1,15,46.4,0 days 00:00:32.336000,0 days 00:00:36.080000,0 days 00:00:26.155000,1,94.571,6443.158,2.507999999999811,True,False,False,14.0,0.0,0.0,32.336,36.08,26.155,0,0,0,0.0,94.91720000000001,0.27718892474272094,-1.2489676502094862,0,0,94.756,94.687,-0.06900000000000261,0.18900000000000716,-0.18500000000000227,0.06300000000000239,0.0,-0.11999999999999744,0.211675931555763,0.06300000000000239,0,0,2022,Miami Grand Prix,0.0,19,0.0
MSC,29,0 days 00:01:34.687000,HARD,15.0,True,0 days 01:48:57.845000,30.0,15,45.6,0 days 00:00:32.390000,0 days 00:00:36.078000,0 days 00:00:26.219000,1,94.687,6537.845,2.6309999999994034,True,False,False,15.0,0.0,0.0,32.39,36.078,26.219,0,0,0,0.0,94.81739999999999,0.29750680664487417,-0.43830929944285096,0,0,94.571,94.823,0.25199999999999534,0.0040000000000048885,0.11599999999999966,-0.23799999999999955,0.0,0.06400000000000006,0.23768214068372853,-0.23799999999999955,0,0,2022,Miami Grand Prix,0.0,19,0.0
MSC,30,0 days 00:01:34.823000,HARD,16.0,True,0 days 01:50:32.668000,29.9,15,43.8,0 days 00:00:32.245000,0 days 00:00:36.107000,0 days 00:00:26.471000,1,94.823,6632.668,2.235000000000582,True,False,False,16.0,0.0,0.0,32.245,36.107,26.471,0,0,0,0.0,94.8414,0.276344531337294,-0.06658355029121789,0,0,94.687,96.363,1.676000000000002,0.11599999999999966,0.13599999999999568,-0.07366666666666788,0.0,0.31599999999999895,0.23788400534714335,-0.07366666666666788,0,0,2022,Miami Grand Prix,0.0,19,0.0
MSC,31,0 days 00:01:36.363000,HARD,17.0,True,0 days 01:52:09.031000,29.9,13,45.0,0 days 00:00:32.797000,0 days 00:00:37.054000,0 days 00:00:26.512000,1,96.363,6729.031,0.3969999999999345,True,False,False,17.0,0.0,0.0,32.797,37.054,26.512,0,0,0,0.0,94.749,0.1287769389294328,12.533299932563581,0,0,94.823,95.643,0.8200000000000074,0.25199999999999534,1.5400000000000063,0.022333333333331023,0.0,0.3569999999999993,0.16492725669215397,0.022333333333331023,0,1,2022,Miami Grand Prix,0.0,19,0.0
MSC,32,0 days 00:01:35.643000,HARD,18.0,True,0 days 01:53:44.674000,29.8,13,44.3,0 days 00:00:32.287000,0 days 00:00:36.691000,0 days 00:00:26.665000,1,95.643,6824.674,0.4780000000000655,True,False,False,18.0,0.0,0.0,32.287,36.691,26.665,0,0,0,0.0,95.03999999999999,0.745426723427608,0.8089326301950978,0,0,96.363,95.07,-1.2930000000000064,1.7920000000000016,-0.7199999999999989,0.5973333333333338,0.0,0.44599999999999795,0.21334900984068228,0.5973333333333338,0,1,2022,Miami Grand Prix,0.0,19,0.0
MSC,33,0 days 00:01:35.070000,HARD,19.0,True,0 days 01:55:19.744000,29.9,13,44.3,0 days 00:00:32.255000,0 days 00:00:36.353000,0 days 00:00:26.462000,1,95.07,6919.744,0.2430000000003929,True,False,False,19.0,0.0,0.0,32.255,36.353,26.462,0,0,0,0.0,95.2174,0.7661989297826075,-0.1923782379098679,0,0,95.643,94.195,-1.4480000000000075,1.0720000000000027,-0.5730000000000075,0.3186666666666677,0.0,-0.009000000000000341,0.2338392610320158,0.3186666666666677,0,1,2022,Miami Grand Prix,0.0,19,0.0
MSC,34,0 days 00:01:34.195000,HARD,20.0,True,0 days 01:56:53.939000,29.8,12,43.0,0 days 00:00:31.818000,0 days 00:00:36.162000,0 days 00:00:26.215000,1,94.195,7013.939,0.25599999999940337,True,False,False,20.0,0.0,0.0,31.818,36.162,26.215,0,0,0,0.0,95.3172,0.6896261305954191,-1.6272585248924742,1,0,95.07,94.426,-0.6439999999999912,0.38299999999999557,-0.875,0.0823333333333333,0.0,-0.2469999999999999,0.1966868068783459,0.0823333333333333,0,1,2022,Miami Grand Prix,0.0,19,0.0
MSC,35,0 days 00:01:34.426000,HARD,21.0,True,0 days 01:58:28.365000,29.5,12,41.8,0 days 00:00:31.945000,0 days 00:00:36.161000,0 days 00:00:26.320000,1,94.426,7108.365,0.7830000000003565,True,False,False,21.0,0.0,0.0,31.945,36.161,26.32,0,0,0,0.0,95.21879999999999,0.8240304606020441,-0.9621003566066705,0,1,94.195,93.944,-0.25099999999999056,0.0,0.23100000000000875,-0.7226666666666688,0.0,0.10500000000000043,0.2908423971844538,-0.7226666666666688,0,1,2022,Miami Grand Prix,0.0,19,0.0
MSC,36,0 days 00:01:33.944000,HARD,22.0,True,0 days 02:00:02.309000,29.4,12,41.0,0 days 00:00:31.562000,0 days 00:00:36.083000,0 days 00:00:26.299000,1,93.944,7202.309,0.76299999999992,True,False,False,22.0,0.0,0.0,31.562,36.083,26.299,0,0,0,0.0,95.1394,0.8883210568257494,-1.3456846382450198,0,0,94.426,93.674,-0.7519999999999953,0.23100000000000875,-0.4819999999999993,-0.40566666666666623,0.0,0.08399999999999963,0.2799371358001642,-0.40566666666666623,0,1,2022,Miami Grand Prix,0.0,19,0.0
MSC,37,0 days 00:01:33.674000,HARD,23.0,True,0 days 02:01:35.983000,29.6,12,41.7,0 days 00:00:31.658000,0 days 00:00:35.900000,0 days 00:00:26.116000,1,93.674,7295.983,0.8629999999993743,True,False,False,23.0,0.0,0.0,31.658,35.9,26.116,0,0,0,0.0,94.6556,0.6924466044396692,-1.4175822275774104,0,0,93.944,94.014,0.06999999999999318,0.0,-0.269999999999996,-0.3753333333333302,0.0,-0.0990000000000002,0.24967919416723452,-0.3753333333333302,0,1,2022,Miami Grand Prix,0.0,19,0.0
MSC,38,0 days 00:01:34.014000,HARD,24.0,True,0 days 02:03:09.997000,29.7,12,42.9,0 days 00:00:31.608000,0 days 00:00:36.115000,0 days 00:00:26.291000,1,94.014,7389.997,0.5959999999995489,True,False,False,24.0,0.0,0.0,31.608,36.115,26.291,0,0,0,0.0,94.2618,0.5317698750399776,-0.46599104543364517,0,0,93.674,93.997,0.3229999999999933,0.0,0.3399999999999892,-0.1736666666666622,0.0,0.1750000000000007,0.14444791448823333,-0.1736666666666622,0,1,2022,Miami Grand Prix,0.0,19,0.0
MSC,39,0 days 00:01:33.997000,HARD,25.0,True,0 days 02:04:43.994000,29.8,12,42.7,0 days 00:00:31.637000,0 days 00:00:36.095000,0 days 00:00:26.265000,1,93.997,7483.994,1.0260000000007494,True,False,False,25.0,0.0,0.0,31.637,36.095,26.265,0,0,0,0.0,94.0506,0.2812059743320549,-0.19060761467574933,0,0,94.014,96.595,2.581000000000003,0.3399999999999892,-0.016999999999995907,-0.1373333333333354,0.0,0.1490000000000009,0.17280856460256835,-0.1373333333333354,0,0,2022,Miami Grand Prix,0.0,19,0.0
MSC,47,0 days 00:01:36.595000,HARD,33.0,True,0 days 02:21:29.003000,29.6,9,40.7,0 days 00:00:32.742000,0 days 00:00:37.131000,0 days 00:00:26.722000,12,96.595,8489.003,0.44399999999950523,True,False,False,33.0,0.0,0.0,32.742,37.131,26.722,0,0,1,0.0,94.011,0.26948469344295034,9.588670758946217,0,0,93.997,94.374,0.37699999999999534,0.3229999999999933,2.597999999999999,0.01766666666666576,0.0,0.6060000000000016,0.1077367161185084,0.01766666666666576,0,1,2022,Miami Grand Prix,0.0,19,0.0
MSC,48,0 days 00:01:34.374000,HARD,34.0,True,0 days 02:23:03.377000,29.6,9,39.8,0 days 00:00:31.824000,0 days 00:00:36.196000,0 days 00:00:26.354000,1,94.374,8583.377,0.5069999999996071,True,False,False,34.0,0.0,0.0,31.824,36.196,26.354,0,0,0,0.0,94.4448,1.2097940733860666,-0.05852235645513201,0,0,96.595,93.841,-2.754000000000005,2.9209999999999923,-2.2210000000000036,0.9736666666666641,0.0,0.08899999999999864,0.25955442589175853,0.9736666666666641,0,1,2022,Miami Grand Prix,0.0,19,0.0
MSC,49,0 days 00:01:33.841000,HARD,35.0,True,0 days 02:24:37.218000,29.6,9,39.6,0 days 00:00:31.411000,0 days 00:00:36.088000,0 days 00:00:26.342000,1,93.841,8677.218,0.36999999999898137,True,False,False,35.0,0.0,0.0,31.411,36.088,26.342,0,0,0,0.0,94.5308,1.1802159548150737,-0.5844693059653553,0,0,94.374,94.2,-0.17399999999999238,0.6999999999999886,-0.5330000000000013,0.11999999999999982,0.0,0.07699999999999818,0.2590868580225566,0.11999999999999982,0,1,2022,Miami Grand Prix,0.0,19,0.0
MSC,50,0 days 00:01:34.200000,HARD,36.0,True,0 days 02:26:11.418000,29.7,9,39.5,0 days 00:00:32.001000,0 days 00:00:36.047000,0 days 00:00:26.152000,1,94.2,8771.418,0.5419999999994616,True,False,False,36.0,0.0,0.0,32.001,36.047,26.152,0,0,0,0.0,94.5642,1.1519308573000653,-0.31616480945186337,0,0,93.841,94.932,1.0910000000000082,0.0,0.35900000000000887,-0.05200000000000197,0.0,-0.18999999999999773,0.2200390874367563,-0.05200000000000197,0,1,2022,Miami Grand Prix,0.0,19,0.0
MSC,51,0 days 00:01:34.932000,HARD,37.0,True,0 days 02:27:46.350000,29.6,9,38.6,0 days 00:00:31.872000,0 days 00:00:36.577000,0 days 00:00:26.483000,1,94.932,8866.35,0.1819999999988795,True,False,False,37.0,0.0,0.0,31.872,36.577,26.483,0,0,0,0.0,94.60139999999998,1.1325613890646558,0.29190470661643303,0,0,94.2,93.88,-0.3200000000000074,0.35900000000000887,0.7319999999999993,-0.798333333333332,0.0,0.3309999999999995,0.2883204814091432,-0.798333333333332,0,1,2022,Miami Grand Prix,0.0,19,0.0
MSC,52,0 days 00:01:33.880000,HARD,38.0,True,0 days 02:29:20.230000,29.7,9,39.2,0 days 00:00:31.914000,0 days 00:00:35.683000,0 days 00:00:26.283000,1,93.88,8960.23,0.4989999999997963,True,False,False,38.0,0.0,0.0,31.914,35.683,26.283,0,0,0,0.0,94.7884,1.083966466271014,-0.8380333047801882,0,0,94.932,94.849,-0.08299999999999841,1.0910000000000082,-1.0520000000000067,0.1860000000000023,0.0,0.13100000000000023,0.3000138330144129,0.1860000000000023,0,1,2022,Miami Grand Prix,0.0,19,0.0
MSC,53,0 days 00:01:34.849000,HARD,39.0,True,0 days 02:30:55.079000,29.7,10,39.4,0 days 00:00:31.688000,0 days 00:00:35.887000,0 days 00:00:27.274000,1,94.849,9055.079,0.22199999999975262,True,False,False,39.0,0.0,0.0,31.688,35.887,27.274,0,0,0,0.0,94.24539999999999,0.44358629374683084,1.3607273455218807,0,0,93.88,93.205,-0.6749999999999972,0.03900000000000148,0.9690000000000083,0.013000000000000492,0.0,1.1219999999999999,0.185945690996053,0.013000000000000492,0,1,2022,Miami Grand Prix,0.0,19,0.0
MSC,56,0 days 00:01:33.205000,MEDIUM,2.0,True,0 days 02:36:20.860000,29.7,16,39.7,0 days 00:00:31.587000,0 days 00:00:35.625000,0 days 00:00:25.993000,12,93.205,9380.86,0.0,False,True,False,2.0,0.0,0.0,31.587,35.625,25.993,0,0,1,0.0,94.3404,0.5219543083451402,-2.175286192386835,1,0,94.849,92.528,-2.320999999999998,1.0080000000000098,-1.6440000000000055,0.21633333333333363,0.0,-0.2900000000000027,0.4987150489006719,0.21633333333333363,0,0,2022,Miami Grand Prix,0.0,19,0.0
NOR,2,0 days 00:01:36.949000,MEDIUM,2.0,True,0 days 01:05:35.667000,30.4,9,40.4,0 days 00:00:33.462000,0 days 00:00:36.674000,0 days 00:00:26.813000,1,96.949,3935.667,0.7139999999999418,False,True,False,2.0,0.0,0.0,33.462,36.674,26.813,0,0,0,0.0,93.8788,1.0403348980016152,2.9511650583841447,0,0,96.949,96.29,-0.6589999999999918,4.420999999999992,0.0,-0.4506666666666632,0.0,0.9149999999999991,0.5457130198190258,0.0,0,1,2022,Miami Grand Prix,0.0,19,0.0
NOR,3,0 days 00:01:36.290000,MEDIUM,3.0,True,0 days 01:07:11.957000,31.0,9,44.0,0 days 00:00:33.150000,0 days 00:00:36.476000,0 days 00:00:26.664000,1,96.29,4031.957,0.76299999999992,False,True,False,3.0,0.0,0.0,33.15,36.476,26.664,0,0,0,0.0,,,0.0,0,0,96.949,95.955,-0.9939999999999998,0.0,-0.6589999999999918,0.0,0.0,0.0,0.0,0.0,0,1,2022,Miami Grand Prix,0.0,19,0.0
NOR,4,0 days 00:01:35.955000,MEDIUM,4.0,True,0 days 01:08:47.912000,31.3,9,46.5,0 days 00:00:32.710000,0 days 00:00:36.537000,0 days 00:00:26.708000,1,95.955,4127.912,0.7699999999995271,False,True,False,4.0,0.0,0.0,32.71,36.537,26.708,0,0,0,0.0,,,0.0,0,0,96.29,95.836,-0.45400000000000773,0.0,-0.33500000000000796,-0.3294999999999959,0.0,0.04399999999999693,0.0,0.0,0,1,2022,Miami Grand Prix,0.0,19,0.0
NOR,5,0 days 00:01:35.836000,MEDIUM,5.0,True,0 days 01:10:23.748000,31.3,9,46.4,0 days 00:00:32.476000,0 days 00:00:36.504000,0 days 00:00:26.856000,1,95.836,4223.748,1.7700000000004366,False,True,False,5.0,0.0,0.0,32.476,36.504,26.856,0,0,0,0.0,96.39800000000001,0.5057242331547871,-1.1112775761093505,0,0,95.955,95.894,-0.06099999999999284,0.0,-0.11899999999999977,-0.33133333333333326,0.0,0.19200000000000017,0.516042956868257,-0.4969999999999999,0,0,2022,Miami Grand Prix,0.0,19,0.0
NOR,6,0 days 00:01:35.894000,MEDIUM,6.0,True,0 days 01:11:59.642000,31.3,9,46.0,0 days 00:00:32.644000,0 days 00:00:36.578000,0 days 00:00:26.672000,1,95.894,4319.642,2.73700000000008,False,True,False,6.0,0.0,0.0,32.644,36.578,26.672,0,0,0,0.0,96.2575,0.49946538084902703,-0.7277781682928341,0,0,95.836,96.412,0.5760000000000076,0.0,0.058000000000006935,-0.37099999999999983,0.0,0.007999999999999119,0.4261551947354392,-0.37099999999999983,0,0,2022,Miami Grand Prix,0.0,19,0.0
NOR,7,0 days 00:01:36.412000,MEDIUM,7.0,True,0 days 01:13:36.054000,31.5,9,46.3,0 days 00:00:32.821000,0 days 00:00:36.673000,0 days 00:00:26.918000,1,96.412,4416.054,2.2479999999995925,False,True,False,7.0,0.0,0.0,32.821,36.673,26.918,0,0,0,0.0,96.1848,0.4620884114539077,0.49168080040170664,0,0,95.894,96.466,0.5719999999999885,0.058000000000006935,0.5180000000000007,-0.13200000000000026,0.0,0.24599999999999866,0.38968987669684224,-0.13200000000000026,0,0,2022,Miami Grand Prix,0.0,19,0.0
NOR,8,0 days 00:01:36.466000,MEDIUM,8.0,True,0 days 01:15:12.520000,31.7,9,46.7,0 days 00:00:32.864000,0 days 00:00:36.713000,0 days 00:00:26.889000,1,96.466,4512.52,2.2689999999993233,False,True,False,8.0,0.0,0.0,32.864,36.713,26.889,0,0,0,0.0,96.0774,0.25692761626574173,1.512488247265975,0,0,96.412,96.442,0.029999999999986926,0.5760000000000076,0.053999999999987836,0.15233333333333596,0.0,0.21699999999999875,0.11331372379372259,0.15233333333333596,0,0,2022,Miami Grand Prix,0.0,19,0.0
NOR,9,0 days 00:01:36.442000,MEDIUM,9.0,True,0 days 01:16:48.962000,31.6,9,46.7,0 days 00:00:33,0 days 00:00:36.686000,0 days 00:00:26.756000,1,96.442,4608.962,2.1749999999992724,False,True,False,9.0,0.0,0.0,33.0,36.686,26.756,0,0,0,0.0,96.1126,0.3015224701411061,1.0924558950642729,0,0,96.466,96.195,-0.2710000000000008,0.6299999999999955,-0.02400000000000091,0.2099999999999985,0.0,0.08399999999999963,0.10781836578245897,0.2099999999999985,0,0,2022,Miami Grand Prix,0.0,19,0.0
NOR,10,0 days 00:01:36.195000,MEDIUM,10.0,True,0 days 01:18:25.157000,31.3,9,45.0,0 days 00:00:32.853000,0 days 00:00:36.610000,0 days 00:00:26.732000,1,96.195,4705.157,1.8209999999999127,False,True,False,10.0,0.0,0.0,32.853,36.61,26.732,0,0,0,0.0,96.21,0.3161866537347734,-0.047440332546683034,0,0,96.442,96.352,-0.0899999999999892,0.6059999999999945,-0.2469999999999999,0.18266666666666254,0.0,-0.02400000000000091,0.09998399871979513,0.18266666666666254,0,0,2022,Miami Grand Prix,0.0,19,0.0
NOR,11,0 days 00:01:36.352000,MEDIUM,11.0,True,0 days 01:20:01.509000,31.0,9,44.9,0 days 00:00:32.746000,0 days 00:00:36.707000,0 days 00:00:26.899000,1,96.352,4801.509,2.5219999999999345,False,True,False,11.0,0.0,0.0,32.746,36.707,26.899,0,0,0,0.0,96.2818,0.24210989240424485,0.2899509776444352,0,0,96.195,96.07,-0.125,0.3009999999999877,0.1570000000000107,-0.07233333333333765,0.0,0.1670000000000016,0.1213556755986302,-0.07233333333333765,0,0,2022,Miami Grand Prix,0.0,19,0.0
NOR,12,0 days 00:01:36.070000,MEDIUM,12.0,True,0 days 01:21:37.579000,30.9,9,45.6,0 days 00:00:32.661000,0 days 00:00:36.648000,0 days 00:00:26.761000,1,96.07,4897.579,2.837000000000444,False,True,False,12.0,0.0,0.0,32.661,36.648,26.761,0,0,0,0.0,96.37339999999999,0.10846105291762083,-2.7973174871392503,1,0,96.352,95.685,-0.6670000000000016,0.1570000000000107,-0.2820000000000107,-0.0379999999999967,0.0,0.028999999999999915,0.10943719660152124,-0.0379999999999967,0,0,2022,Miami Grand Prix,0.0,19,0.0
NOR,13,0 days 00:01:35.685000,MEDIUM,13.0,True,0 days 01:23:13.264000,30.6,9,45.2,0 days 00:00:32.476000,0 days 00:00:36.561000,0 days 00:00:26.648000,1,95.685,4993.264,2.751999999999498,False,True,False,13.0,0.0,0.0,32.476,36.561,26.648,0,0,0,0.0,96.30499999999999,0.16898520645309978,-3.6689602185506422,1,1,96.07,95.788,-0.2819999999999965,0.0,-0.3849999999999909,-0.12399999999999996,0.0,-0.08399999999999963,0.09836818591394304,-0.12399999999999996,0,0,2022,Miami Grand Prix,0.0,19,0.0
NOR,14,0 days 00:01:35.788000,MEDIUM,14.0,True,0 days 01:24:49.052000,30.5,9,45.2,0 days 00:00:32.723000,0 days 00:00:36.369000,0 days 00:00:26.696000,1,95.788,5089.052,5.815000000000509,False,True,False,14.0,0.0,0.0,32.723,36.369,26.696,0,0,0,0.0,96.1488,0.2961042046307166,-1.218489958458934,0,1,95.685,95.653,-0.031999999999996476,0.0,0.10299999999999443,-0.16999999999999696,0.0,0.04800000000000182,0.0968261328361312,-0.16999999999999696,0,0,2022,Miami Grand Prix,0.0,19,0.0
NOR,15,0 days 00:01:35.653000,MEDIUM,15.0,True,0 days 01:26:24.705000,30.2,8,45.1,0 days 00:00:32.485000,0 days 00:00:36.410000,0 days 00:00:26.758000,1,95.653,5184.705,5.359999999999673,False,True,False,15.0,0.0,0.0,32.485,36.41,26.758,0,0,0,0.0,96.018,0.27810879166251656,-1.312436035617746,0,0,95.788,95.474,-0.31399999999999295,0.10299999999999443,-0.1349999999999909,-0.1880000000000024,0.0,0.10999999999999943,0.09349705877726933,-0.1880000000000024,0,0,2022,Miami Grand Prix,0.0,19,0.0
NOR,16,0 days 00:01:35.474000,MEDIUM,16.0,True,0 days 01:28:00.179000,30.0,8,44.8,0 days 00:00:32.540000,0 days 00:00:36.375000,0 days 00:00:26.559000,1,95.474,5280.179,4.7150000000001455,False,True,False,16.0,0.0,0.0,32.54,36.375,26.559,0,0,0,0.0,95.9096,0.29686747885206416,-1.467321384222969,0,0,95.653,95.616,-0.03700000000000614,0.0,-0.17900000000000205,-0.1389999999999958,0.0,-0.08899999999999864,0.09435306036372147,-0.1389999999999958,0,0,2022,Miami Grand Prix,0.0,19,0.0
NOR,17,0 days 00:01:35.616000,MEDIUM,17.0,True,0 days 01:29:35.795000,30.2,7,45.3,0 days 00:00:32.165000,0 days 00:00:36.424000,0 days 00:00:27.027000,1,95.616,5375.795,3.82799999999952,False,True,False,17.0,0.0,0.0,32.165,36.424,27.027,0,0,0,0.0,95.73400000000001,0.21930230276942267,-0.5380700453659895,0,0,95.474,96.162,0.6880000000000024,0.0,0.1419999999999959,-0.07033333333333285,0.0,0.46799999999999997,0.08686598874127867,-0.07033333333333285,0,0,2022,Miami Grand Prix,0.0,19,0.0
NOR,20,0 days 00:01:36.162000,HARD,2.0,True,0 days 01:34:46.719000,29.8,16,42.6,0 days 00:00:32.972000,0 days 00:00:36.552000,0 days 00:00:26.638000,21,96.162,5686.719,4.511999999999716,True,False,False,2.0,0.0,0.0,32.972,36.552,26.638,0,0,1,0.0,95.64320000000001,0.11421339676223857,4.542374316035799,0,0,95.616,95.046,-0.5699999999999932,0.1419999999999959,0.5460000000000065,-0.05733333333333235,0.0,0.07900000000000063,0.22768574834626742,-0.05733333333333235,0,0,2022,Miami Grand Prix,0.0,19,0.0
NOR,21,0 days 00:01:35.046000,HARD,3.0,True,0 days 01:36:21.765000,29.8,16,42.3,0 days 00:00:32.214000,0 days 00:00:36.320000,0 days 00:00:26.512000,1,95.046,5781.765,4.57799999999952,True,False,False,3.0,0.0,0.0,32.214,36.32,26.512,0,0,0,0.0,95.73859999999999,0.26176286978862245,-2.6459061996045112,1,0,96.162,94.47,-1.6920000000000073,0.6880000000000024,-1.1159999999999997,0.16966666666666677,0.0,-0.0470000000000006,0.20718276955384055,0.16966666666666677,0,0,2022,Miami Grand Prix,0.0,19,0.0
NOR,22,0 days 00:01:34.470000,HARD,4.0,True,0 days 01:37:56.235000,29.7,16,42.4,0 days 00:00:31.919000,0 days 00:00:36.113000,0 days 00:00:26.438000,1,94.47,5876.235,5.072000000000116,True,False,False,4.0,0.0,0.0,31.919,36.113,26.438,0,0,0,0.0,95.59020000000001,0.4003813182454475,-2.7978328382277073,1,1,95.046,94.79,-0.2560000000000002,0.0,-0.5760000000000076,-0.14266666666666575,0.0,-0.07400000000000162,0.21977647735824668,-0.14266666666666575,0,0,2022,Miami Grand Prix,0.0,19,0.0
NOR,23,0 days 00:01:34.790000,HARD,5.0,True,0 days 01:39:31.025000,29.9,16,42.3,0 days 00:00:31.969000,0 days 00:00:36.374000,0 days 00:00:26.447000,1,94.79,5971.025,5.280999999999949,True,False,False,5.0,0.0,0.0,31.969,36.374,26.447,0,0,0,0.0,95.3536,0.6348675452406937,-0.8877442298398156,0,1,94.47,95.358,0.8880000000000052,0.0,0.3200000000000074,-0.3820000000000003,0.0,0.009000000000000341,0.23353650678213045,-0.3820000000000003,0,0,2022,Miami Grand Prix,0.0,19,0.0
NOR,24,0 days 00:01:35.358000,HARD,6.0,True,0 days 01:41:06.383000,30.0,16,42.5,0 days 00:00:32.862000,0 days 00:00:36.102000,0 days 00:00:26.394000,1,95.358,6066.383,4.75,True,False,False,6.0,0.0,0.0,32.862,36.102,26.394,0,0,0,0.0,95.2168,0.6748712469796991,0.20922509387075017,0,0,94.79,94.66,-0.13000000000000966,0.3200000000000074,0.5679999999999978,-0.4573333333333333,0.0,-0.04400000000000048,0.22089929832391994,-0.4573333333333333,0,0,2022,Miami Grand Prix,0.0,19,0.0
NOR,25,0 days 00:01:34.660000,HARD,7.0,True,0 days 01:42:41.043000,30.0,16,43.7,0 days 00:00:31.885000,0 days 00:00:36.192000,0 days 00:00:26.583000,1,94.66,6161.043,4.904000000000451,True,False,False,7.0,0.0,0.0,31.885,36.192,26.583,0,0,0,0.0,95.1652,0.6459622279978385,-0.7820890728640135,0,0,95.358,95.251,-0.10699999999999932,0.8880000000000052,-0.6980000000000075,0.1039999999999992,0.0,0.18900000000000006,0.060739608164690345,0.1039999999999992,0,0,2022,Miami Grand Prix,0.0,19,0.0
NOR,26,0 days 00:01:35.251000,HARD,8.0,True,0 days 01:44:16.294000,30.2,16,44.5,0 days 00:00:32.051000,0 days 00:00:36.382000,0 days 00:00:26.818000,1,95.251,6256.294,4.529999999999745,True,False,False,8.0,0.0,0.0,32.051,36.382,26.818,0,0,0,0.0,94.86479999999999,0.3462242048152001,1.115462161884822,0,0,94.66,94.772,0.11200000000000898,0.18999999999999773,0.5910000000000082,0.06333333333333258,0.0,0.42400000000000304,0.1063075726371368,0.06333333333333258,0,0,2022,Miami Grand Prix,0.0,19,0.0
NOR,27,0 days 00:01:34.772000,HARD,9.0,True,0 days 01:45:51.066000,30.2,16,44.5,0 days 00:00:31.882000,0 days 00:00:36.484000,0 days 00:00:26.406000,1,94.772,6351.066,5.155999999999949,True,False,False,9.0,0.0,0.0,31.882,36.484,26.406,0,0,0,0.0,94.9058,0.3832090813119123,-0.34915665239960075,0,0,95.251,94.6,-0.6510000000000105,0.7810000000000059,-0.4789999999999992,0.15366666666666617,0.0,0.012000000000000455,0.20747698667563272,0.15366666666666617,0,0,2022,Miami Grand Prix,0.0,19,0.0
NOR,28,0 days 00:01:34.600000,HARD,10.0,True,0 days 01:47:25.666000,30.1,16,46.4,0 days 00:00:31.794000,0 days 00:00:36.389000,0 days 00:00:26.417000,1,94.6,6445.666,5.2039999999997235,True,False,False,10.0,0.0,0.0,31.794,36.389,26.417,0,0,0,0.0,94.9662,0.3150939542420982,-1.1621930382029528,0,0,94.772,94.81,0.0379999999999967,0.11200000000000898,-0.17200000000001125,-0.19533333333333283,0.0,0.011000000000002785,0.1923785331059588,-0.19533333333333283,0,0,2022,Miami Grand Prix,0.0,19,0.0
NOR,29,0 days 00:01:34.810000,HARD,11.0,True,0 days 01:49:00.476000,30.0,16,45.6,0 days 00:00:31.903000,0 days 00:00:36.420000,0 days 00:00:26.487000,1,94.81,6540.476,6.775000000000546,True,False,False,11.0,0.0,0.0,31.903,36.42,26.487,0,0,0,0.0,94.9282,0.35106010881318067,-0.336694477762219,0,0,94.6,94.427,-0.1729999999999876,0.0,0.21000000000000796,-0.020000000000000757,0.0,0.08099999999999952,0.192097110858025,-0.020000000000000757,0,0,2022,Miami Grand Prix,0.0,19,0.0
NOR,30,0 days 00:01:34.427000,HARD,12.0,True,0 days 01:50:34.903000,29.9,16,43.8,0 days 00:00:31.775000,0 days 00:00:36.314000,0 days 00:00:26.338000,1,94.427,6634.903,7.197999999999411,True,False,False,12.0,0.0,0.0,31.775,36.314,26.338,0,0,0,0.0,94.8186,0.2560054686914299,-1.5296548233975522,1,0,94.81,95.063,0.2530000000000001,0.21000000000000796,-0.38299999999999557,-0.14700000000000082,0.0,-0.06799999999999784,0.17284762075307905,-0.14700000000000082,0,0,2022,Miami Grand Prix,0.0,19,0.0
NOR,31,0 days 00:01:35.063000,HARD,13.0,True,0 days 01:52:09.966000,29.9,15,45.0,0 days 00:00:31.743000,0 days 00:00:36.957000,0 days 00:00:26.363000,1,95.063,6729.966,7.1729999999997744,True,False,False,13.0,0.0,0.0,31.743,36.957,26.363,0,0,0,0.0,94.772,0.30801542169170026,0.9447578903736367,0,1,94.427,95.597,1.1699999999999875,0.0,0.6359999999999957,-0.11499999999999962,0.0,0.02499999999999858,0.19294170103945962,-0.11499999999999962,0,0,2022,Miami Grand Prix,0.0,19,0.0
NOR,32,0 days 00:01:35.597000,HARD,14.0,True,0 days 01:53:45.563000,29.8,15,44.3,0 days 00:00:32.717000,0 days 00:00:36.459000,0 days 00:00:26.421000,1,95.597,6825.563,6.45299999999952,True,False,False,14.0,0.0,0.0,32.717,36.459,26.421,0,0,0,0.0,94.73440000000001,0.23857137296816477,3.615689465454401,0,0,95.063,95.165,0.10200000000000387,0.6359999999999957,0.5339999999999918,0.15433333333333601,0.0,0.08299999999999841,0.05322311527898286,0.15433333333333601,0,0,2022,Miami Grand Prix,0.0,19,0.0
NOR,33,0 days 00:01:35.165000,HARD,15.0,True,0 days 01:55:20.728000,29.9,15,44.3,0 days 00:00:32.615000,0 days 00:00:36.366000,0 days 00:00:26.184000,1,95.165,6920.728,5.787000000000262,True,False,False,15.0,0.0,0.0,32.615,36.366,26.184,0,0,0,0.0,94.8994,0.4566741726876224,0.5815962799842502,0,0,95.597,94.309,-1.2879999999999967,1.1699999999999875,-0.43199999999998795,0.26233333333333064,0.0,-0.15399999999999991,0.06191768729531032,0.26233333333333064,0,0,2022,Miami Grand Prix,0.0,19,0.0
NOR,34,0 days 00:01:34.309000,HARD,16.0,True,0 days 01:56:55.037000,29.8,15,43.0,0 days 00:00:32.123000,0 days 00:00:36.253000,0 days 00:00:25.933000,1,94.309,7015.037,6.099999999999454,True,False,False,16.0,0.0,0.0,32.123,36.253,25.933,0,0,0,0.0,95.0124,0.4333772029075035,-1.6230664540749506,1,0,95.165,95.172,0.006999999999990791,0.7379999999999995,-0.8560000000000088,0.24599999999999986,0.0,-0.2510000000000012,0.1027097853176601,0.24599999999999986,0,0,2022,Miami Grand Prix,0.0,19,0.0
NOR,35,0 days 00:01:35.172000,HARD,17.0,True,0 days 01:58:30.209000,29.5,14,41.8,0 days 00:00:32.568000,0 days 00:00:36.374000,0 days 00:00:26.230000,1,95.172,7110.209,1.625,True,False,False,17.0,0.0,0.0,32.568,36.374,26.23,0,0,0,0.0,94.9122,0.5373241107561848,0.48350705802942245,0,1,94.309,93.568,-0.7409999999999997,0.0,0.8629999999999995,-0.25133333333333496,0.0,0.2970000000000006,0.1343595921398987,-0.25133333333333496,0,0,2022,Miami Grand Prix,0.0,19,0.0
NOR,36,0 days 00:01:33.568000,HARD,18.0,True,0 days 02:00:03.777000,29.4,14,41.0,0 days 00:00:31.638000,0 days 00:00:36.039000,0 days 00:00:25.891000,1,93.568,7203.777,2.0280000000002474,True,False,False,18.0,0.0,0.0,31.638,36.039,25.891,0,0,0,0.0,95.06120000000001,0.4679585451724733,-3.1908809346555986,1,0,95.172,93.411,-1.7609999999999957,0.8629999999999995,-1.6039999999999992,-0.14166666666666572,0.0,-0.04200000000000159,0.21356497840235922,-0.14166666666666572,0,0,2022,Miami Grand Prix,0.0,19,0.0
NOR,37,0 days 00:01:33.411000,HARD,19.0,True,0 days 02:01:37.188000,29.6,14,41.7,0 days 00:00:31.638000,0 days 00:00:35.884000,0 days 00:00:25.889000,1,93.411,7297.188,2.7539999999999054,True,False,False,19.0,0.0,0.0,31.638,35.884,25.889,0,0,0,0.0,94.76219999999999,0.815257444001533,-1.6573905702325005,1,1,93.568,93.909,0.3410000000000082,0.0,-0.15699999999999648,-0.5323333333333361,0.0,-0.0019999999999988916,0.2137061066043743,-0.5323333333333361,0,0,2022,Miami Grand Prix,0.0,19,0.0
NOR,38,0 days 00:01:33.909000,HARD,20.0,True,0 days 02:03:11.097000,29.7,14,42.9,0 days 00:00:31.912000,0 days 00:00:36.178000,0 days 00:00:25.819000,1,93.909,7391.097,2.7890000000006694,True,False,False,20.0,0.0,0.0,31.912,36.178,25.819,0,0,0,0.0,94.325,0.8413842760593255,-0.4944233114842104,0,1,93.411,94.19,0.7789999999999964,0.0,0.49800000000000466,-0.29933333333333206,0.0,-0.07000000000000028,0.2074085340577872,-0.29933333333333206,0,0,2022,Miami Grand Prix,0.0,19,0.0
OCO,2,0 days 00:01:37.396000,HARD,2.0,True,0 days 01:05:40.687000,30.4,17,40.4,0 days 00:00:33.634000,0 days 00:00:36.988000,0 days 00:00:26.774000,1,97.396,3940.687,1.5280000000002474,True,False,False,2.0,0.0,0.0,33.634,36.988,26.774,0,0,0,0.0,94.05,0.6962416965392444,4.805802376720198,0,0,97.396,97.198,-0.1980000000000075,3.9849999999999994,0.0,0.2073333333333333,0.0,0.9550000000000018,0.17674925742418326,0.0,0,0,2022,Miami Grand Prix,0.0,19,0.0
OCO,3,0 days 00:01:37.198000,HARD,3.0,True,0 days 01:07:17.885000,31.0,17,44.0,0 days 00:00:33.965000,0 days 00:00:36.572000,0 days 00:00:26.661000,1,97.198,4037.885,2.0799999999999272,True,False,False,3.0,0.0,0.0,33.965,36.572,26.661,0,0,0,0.0,,,0.0,0,0,97.396,96.82,-0.5760000000000076,0.0,-0.1980000000000075,0.0,0.0,0.0,0.0,0.0,0,0,2022,Miami Grand Prix,0.0,19,0.0
OCO,4,0 days 00:01:36.820000,HARD,4.0,True,0 days 01:08:54.705000,31.3,17,46.5,0 days 00:00:33.714000,0 days 00:00:36.490000,0 days 00:00:26.616000,1,96.82,4134.705,2.225999999999658,True,False,False,4.0,0.0,0.0,33.714,36.49,26.616,0,0,0,0.0,,,0.0,0,0,97.198,96.315,-0.8829999999999956,0.0,-0.3780000000000001,-0.09900000000000375,0.0,-0.045000000000001705,0.0,0.0,0,0,2022,Miami Grand Prix,0.0,19,0.0
OCO,5,0 days 00:01:36.315000,HARD,5.0,True,0 days 01:10:31.020000,31.3,17,46.4,0 days 00:00:33.058000,0 days 00:00:36.514000,0 days 00:00:26.743000,1,96.315,4231.02,2.7679999999991196,True,False,False,5.0,0.0,0.0,33.058,36.514,26.743,0,0,0,0.0,97.13799999999999,0.2926499615581742,-2.812233412292432,1,0,96.82,96.713,-0.10699999999999932,0.0,-0.5049999999999955,-0.19200000000000253,0.0,0.1269999999999989,0.5648082270411215,-0.2880000000000038,0,0,2022,Miami Grand Prix,0.0,19,0.0
OCO,6,0 days 00:01:36.713000,HARD,6.0,True,0 days 01:12:07.733000,31.4,16,46.0,0 days 00:00:32.999000,0 days 00:00:37.005000,0 days 00:00:26.709000,1,96.713,4327.733,2.9960000000000946,True,False,False,6.0,0.0,0.0,32.999,37.005,26.709,0,0,0,0.0,96.93225,0.4758447751105383,-0.4607594986181593,0,1,96.315,96.587,0.27200000000000557,0.0,0.39799999999999613,-0.36033333333333434,0.0,0.09299999999999997,0.4695163291445087,-0.36033333333333434,0,0,2022,Miami Grand Prix,0.0,19,0.0
OCO,7,0 days 00:01:36.587000,HARD,7.0,True,0 days 01:13:44.320000,31.5,16,46.3,0 days 00:00:33.226000,0 days 00:00:36.689000,0 days 00:00:26.672000,1,96.587,4424.32,3.793999999999869,True,False,False,7.0,0.0,0.0,33.226,36.689,26.672,0,0,0,0.0,96.8884,0.4235980405998108,-0.7115235933887264,0,0,96.713,97.06,0.3470000000000084,0.39799999999999613,-0.12599999999999056,-0.1616666666666665,0.0,0.05600000000000094,0.41335456934694814,-0.1616666666666665,0,0,2022,Miami Grand Prix,0.0,19,0.0
OCO,8,0 days 00:01:37.060000,HARD,8.0,True,0 days 01:15:21.380000,31.7,16,46.7,0 days 00:00:34.042000,0 days 00:00:36.663000,0 days 00:00:26.355000,1,97.06,4521.38,3.845999999999549,True,False,False,8.0,0.0,0.0,34.042,36.663,26.355,0,0,0,0.0,96.72659999999999,0.3240482988691561,1.0288589730712692,0,0,96.587,96.499,-0.08800000000000807,0.27200000000000557,0.472999999999999,-0.07766666666666329,0.0,-0.31700000000000017,0.06940244952449469,-0.07766666666666329,0,0,2022,Miami Grand Prix,0.0,19,0.0
OCO,9,0 days 00:01:36.499000,HARD,9.0,True,0 days 01:16:57.879000,31.6,16,46.7,0 days 00:00:33.239000,0 days 00:00:36.703000,0 days 00:00:26.557000,1,96.499,4617.879,4.2590000000000146,True,False,False,9.0,0.0,0.0,33.239,36.703,26.557,0,0,0,0.0,96.699,0.27620553940860093,-0.7240984392573515,0,0,97.06,96.197,-0.8629999999999995,0.7450000000000045,-0.561000000000007,0.24833333333333485,0.0,0.20199999999999818,0.1795472082768206,0.24833333333333485,0,0,2022,Miami Grand Prix,0.0,19,0.0
OCO,10,0 days 00:01:36.197000,HARD,10.0,True,0 days 01:18:34.076000,31.3,16,45.0,0 days 00:00:33.317000,0 days 00:00:36.526000,0 days 00:00:26.354000,1,96.197,4714.076,4.979000000000269,True,False,False,10.0,0.0,0.0,33.317,36.526,26.354,0,0,0,0.0,96.6348,0.2783472651203798,-1.5728554035214095,1,0,96.499,97.357,0.8580000000000041,0.1839999999999975,-0.3019999999999925,-0.07133333333333287,0.0,-0.0010000000000012221,0.2024986419707545,-0.07133333333333287,0,0,2022,Miami Grand Prix,0.0,19,0.0
OCO,11,0 days 00:01:37.357000,HARD,11.0,True,0 days 01:20:11.433000,31.0,15,44.9,0 days 00:00:33.526000,0 days 00:00:36.657000,0 days 00:00:27.174000,1,97.357,4811.433,4.654999999999745,True,False,False,11.0,0.0,0.0,33.526,36.657,27.174,0,0,0,0.0,96.6112,0.31484948785092987,2.368750875507578,0,1,96.197,96.17,-0.027000000000001023,0.0,1.1599999999999966,-0.1300000000000002,0.0,0.8200000000000003,0.19548733974352372,-0.1300000000000002,0,0,2022,Miami Grand Prix,0.0,19,0.0
OCO,12,0 days 00:01:36.170000,HARD,12.0,True,0 days 01:21:47.603000,30.9,15,45.6,0 days 00:00:32.969000,0 days 00:00:36.762000,0 days 00:00:26.439000,1,96.17,4907.603,5.2020000000002256,True,False,False,12.0,0.0,0.0,32.969,36.762,26.439,0,0,0,0.0,96.74,0.46352669826019643,-1.2297026301601055,0,0,97.357,96.021,-1.3359999999999985,1.1599999999999966,-1.1869999999999976,0.09899999999999902,0.0,0.08500000000000085,0.41872126767098916,0.09899999999999902,0,0,2022,Miami Grand Prix,0.0,19,0.0
OCO,13,0 days 00:01:36.021000,HARD,13.0,True,0 days 01:23:23.624000,30.6,14,45.2,0 days 00:00:32.860000,0 days 00:00:36.539000,0 days 00:00:26.622000,1,96.021,5003.624,5.675000000000182,True,False,False,13.0,0.0,0.0,32.86,36.539,26.622,0,0,0,0.0,96.6566,0.5305990011298504,-1.1978914371240024,0,0,96.17,95.818,-0.35200000000000387,0.0,-0.1490000000000009,-0.10966666666666451,0.0,0.2680000000000007,0.4172573546385973,-0.10966666666666451,0,0,2022,Miami Grand Prix,0.0,19,0.0
OCO,14,0 days 00:01:35.818000,HARD,14.0,True,0 days 01:24:59.442000,30.5,14,45.2,0 days 00:00:32.921000,0 days 00:00:36.485000,0 days 00:00:26.412000,1,95.818,5099.442,6.539999999999964,True,False,False,14.0,0.0,0.0,32.921,36.485,26.412,0,0,0,0.0,96.44879999999999,0.5365381626687741,-1.1756852427092144,0,0,96.021,96.017,-0.0040000000000048885,0.0,-0.20300000000000296,-0.05866666666666731,0.0,-0.027000000000001023,0.32197779426538137,-0.05866666666666731,0,0,2022,Miami Grand Prix,0.0,19,0.0
OCO,15,0 days 00:01:36.017000,HARD,15.0,True,0 days 01:26:35.459000,30.2,13,45.1,0 days 00:00:32.920000,0 days 00:00:36.514000,0 days 00:00:26.583000,1,96.017,5195.459,7.2280000000000655,True,False,False,15.0,0.0,0.0,32.92,36.514,26.583,0,0,0,0.0,96.3126,0.6029363979724368,-0.49026730015645986,0,0,95.818,96.142,0.32399999999999807,0.0,0.19899999999999807,-0.5130000000000005,0.0,0.17099999999999937,0.34999071416253363,-0.5130000000000005,0,0,2022,Miami Grand Prix,0.0,19,0.0
OCO,16,0 days 00:01:36.142000,HARD,16.0,True,0 days 01:28:11.601000,30.2,11,45.7,0 days 00:00:33.207000,0 days 00:00:36.522000,0 days 00:00:26.413000,1,96.142,5291.601,7.692000000000007,True,False,False,16.0,0.0,0.0,33.207,36.522,26.413,0,0,0,0.0,96.2766,0.6167789717556648,-0.21823052692095907,0,0,96.017,95.585,-0.43200000000000216,0.19899999999999807,0.125,-0.05100000000000193,0.0,0.0010000000000012221,0.3295911103170111,-0.05100000000000193,0,0,2022,Miami Grand Prix,0.0,19,0.0
OCO,17,0 days 00:01:35.585000,HARD,17.0,True,0 days 01:29:47.186000,30.2,10,45.3,0 days 00:00:32.778000,0 days 00:00:36.471000,0 days 00:00:26.336000,1,95.585,5387.186,6.990000000000691,True,False,False,17.0,0.0,0.0,32.778,36.471,26.336,0,0,0,0.0,96.0336,0.1389902874303013,-3.2275636542227466,1,0,96.142,95.456,-0.6859999999999928,0.32399999999999807,-0.5570000000000022,0.0403333333333317,0.0,-0.07600000000000051,0.12188026911686754,0.0403333333333317,0,0,2022,Miami Grand Prix,0.0,19,0.0
OCO,18,0 days 00:01:35.456000,HARD,18.0,True,0 days 01:31:22.642000,30.1,10,43.3,0 days 00:00:32.648000,0 days 00:00:36.428000,0 days 00:00:26.380000,1,95.456,5482.642,2.2409999999999854,True,False,False,18.0,0.0,0.0,32.648,36.428,26.38,0,0,0,0.0,95.9166,0.2187836831209034,-2.1052758296671716,1,1,95.585,95.202,-0.38299999999999557,0.0,-0.12899999999999068,-0.07766666666666804,0.0,0.04400000000000048,0.14565129590909964,-0.07766666666666804,0,0,2022,Miami Grand Prix,0.0,19,0.0
OCO,19,0 days 00:01:35.202000,HARD,19.0,True,0 days 01:32:57.844000,30.0,9,42.9,0 days 00:00:32.549000,0 days 00:00:36.393000,0 days 00:00:26.260000,1,95.202,5577.844,2.0919999999996435,True,False,False,19.0,0.0,0.0,32.549,36.393,26.26,0,0,0,0.0,95.8036,0.2867373362503312,-2.0980874268664755,1,1,95.456,95.155,-0.30100000000000193,0.0,-0.2540000000000049,-0.1869999999999976,0.0,-0.07599999999999696,0.09371392639303947,-0.1869999999999976,0,0,2022,Miami Grand Prix,0.0,19,0.0
OCO,20,0 days 00:01:35.155000,HARD,20.0,True,0 days 01:34:32.999000,29.8,9,42.6,0 days 00:00:32.421000,0 days 00:00:36.566000,0 days 00:00:26.168000,12,95.155,5672.999,2.193000000000211,True,False,False,20.0,0.0,0.0,32.421,36.566,26.168,0,0,1,0.0,95.6804,0.3920131375348596,-1.3402612047747604,0,1,95.202,95.341,0.1389999999999958,0.0,-0.046999999999997044,-0.3133333333333326,0.0,-0.0920000000000023,0.10236063696558292,-0.3133333333333326,0,0,2022,Miami Grand Prix,0.0,19,0.0
OCO,21,0 days 00:01:35.341000,HARD,21.0,True,0 days 01:36:08.340000,29.8,9,42.3,0 days 00:00:32.542000,0 days 00:00:36.303000,0 days 00:00:26.496000,1,95.341,5768.34,2.1049999999995634,True,False,False,21.0,0.0,0.0,32.542,36.303,26.496,0,0,0,0.0,95.508,0.396495271094007,-0.42119039538407693,0,0,95.155,94.87,-0.2849999999999966,0.0,0.18599999999999284,-0.14333333333333087,0.0,0.3279999999999994,0.05923005993581369,-0.14333333333333087,0,0,2022,Miami Grand Prix,0.0,19,0.0
OCO,22,0 days 00:01:34.870000,HARD,22.0,True,0 days 01:37:43.210000,29.7,9,42.4,0 days 00:00:32.359000,0 days 00:00:36.308000,0 days 00:00:26.203000,1,94.87,5863.21,2.3400000000001455,True,False,False,22.0,0.0,0.0,32.359,36.308,26.203,0,0,0,0.0,95.3478,0.17779679412154525,-2.6873375437431615,1,0,95.341,95.193,-0.14799999999999613,0.18599999999999284,-0.4709999999999894,-0.03833333333333636,0.0,0.03500000000000014,0.17766485302388862,-0.03833333333333636,0,0,2022,Miami Grand Prix,0.0,19,0.0
OCO,23,0 days 00:01:35.193000,HARD,23.0,True,0 days 01:39:18.403000,29.9,9,42.3,0 days 00:00:32.371000,0 days 00:00:36.300000,0 days 00:00:26.522000,1,95.193,5958.403,2.02599999999984,True,False,False,23.0,0.0,0.0,32.371,36.3,26.522,0,0,0,0.0,95.2048,0.22148972888124266,-0.053275608126889244,0,1,94.87,95.263,0.3930000000000007,0.0,0.3229999999999933,-0.11066666666666454,0.0,0.3539999999999992,0.16849391680413842,-0.11066666666666454,0,0,2022,Miami Grand Prix,0.0,19,0.0
OCO,24,0 days 00:01:35.263000,HARD,24.0,True,0 days 01:40:53.666000,30.0,9,42.1,0 days 00:00:32.586000,0 days 00:00:36.266000,0 days 00:00:26.411000,1,95.263,6053.666,3.355999999999767,True,False,False,24.0,0.0,0.0,32.586,36.266,26.411,0,0,0,0.0,95.1522,0.17279670135706005,0.6412159441114514,0,0,95.193,94.923,-0.269999999999996,0.3229999999999933,0.07000000000000739,0.012666666666665568,0.0,0.20800000000000196,0.21684372252846015,0.012666666666665568,0,0,2022,Miami Grand Prix,0.0,19,0.0
OCO,25,0 days 00:01:34.923000,HARD,25.0,True,0 days 01:42:28.589000,30.0,9,43.7,0 days 00:00:32.342000,0 days 00:00:36.281000,0 days 00:00:26.300000,1,94.923,6148.589,3.605999999999767,True,False,False,25.0,0.0,0.0,32.342,36.281,26.3,0,0,0,0.0,95.1644,0.1792255562130638,-1.346906128236655,0,0,95.263,94.888,-0.375,0.3930000000000007,-0.3400000000000034,-0.02599999999999625,0.0,0.09700000000000131,0.19175192306728045,-0.02599999999999625,0,0,2022,Miami Grand Prix,0.0,19,0.0
OCO,26,0 days 00:01:34.888000,HARD,26.0,True,0 days 01:44:03.477000,30.2,9,44.5,0 days 00:00:32.426000,0 days 00:00:36.224000,0 days 00:00:26.238000,1,94.888,6243.477,3.404000000000451,True,False,False,26.0,0.0,0.0,32.426,36.224,26.238,0,0,0,0.0,95.11800000000001,0.20970693836847248,-1.0967686705524016,0,0,94.923,94.945,0.02199999999999136,0.05299999999999727,-0.03499999999999659,0.01766666666666576,0.0,-0.062000000000001165,0.1395539322269346,0.01766666666666576,0,0,2022,Miami Grand Prix,0.0,19,0.0
OCO,27,0 days 00:01:34.945000,HARD,27.0,True,0 days 01:45:38.422000,30.2,9,44.5,0 days 00:00:32.302000,0 days 00:00:36.460000,0 days 00:00:26.183000,1,94.945,6338.422,3.3740000000007058,True,False,False,27.0,0.0,0.0,32.302,36.46,26.183,0,0,0,0.0,95.0274,0.18576678928127,-0.4435669062204916,0,0,94.888,94.928,0.03999999999999204,0.018000000000000682,0.05699999999998795,-0.1016666666666642,0.0,-0.054999999999999716,0.16060292649886584,-0.1016666666666642,0,0,2022,Miami Grand Prix,0.0,19,0.0
OCO,28,0 days 00:01:34.928000,HARD,28.0,True,0 days 01:47:13.350000,30.1,9,46.4,0 days 00:00:32.401000,0 days 00:00:36.249000,0 days 00:00:26.278000,1,94.928,6433.35,3.4099999999998545,True,False,False,28.0,0.0,0.0,32.401,36.249,26.278,0,0,0,0.0,95.0424,0.1724291158704739,-0.6634610368584091,0,0,94.945,94.845,-0.09999999999999432,0.05699999999998795,-0.016999999999995907,-0.10600000000000402,0.0,0.09499999999999886,0.17755646989056778,-0.10600000000000402,0,0,2022,Miami Grand Prix,0.0,19,0.0
OCO,29,0 days 00:01:34.845000,HARD,29.0,True,0 days 01:48:48.195000,30.0,9,45.6,0 days 00:00:32.256000,0 days 00:00:36.324000,0 days 00:00:26.265000,1,94.845,6528.195,3.548000000000684,True,False,False,29.0,0.0,0.0,32.256,36.324,26.265,0,0,0,0.0,94.9894,0.15434474399819362,-0.9355679776286682,0,0,94.928,94.774,-0.15399999999999636,0.03999999999999204,-0.08299999999999841,0.0016666666666651508,0.0,0.08200000000000074,0.11461806140395257,0.0016666666666651508,0,0,2022,Miami Grand Prix,0.0,19,0.0
OCO,30,0 days 00:01:34.774000,HARD,30.0,True,0 days 01:50:22.969000,29.9,8,43.8,0 days 00:00:32.272000,0 days 00:00:36.270000,0 days 00:00:26.232000,1,94.774,6622.969,3.7219999999997526,True,False,False,30.0,0.0,0.0,32.272,36.27,26.232,0,0,0,0.0,94.9058,0.03980829059202076,-3.310868114151492,1,0,94.845,94.836,-0.009000000000000341,0.0,-0.07099999999999795,-0.014333333333335455,0.0,0.04899999999999949,0.08230613585875664,-0.014333333333335455,0,0,2022,Miami Grand Prix,0.0,19,0.0
OCO,31,0 days 00:01:34.836000,HARD,31.0,True,0 days 01:51:57.805000,29.8,8,43.8,0 days 00:00:32.100000,0 days 00:00:36.268000,0 days 00:00:26.468000,1,94.836,6717.805,3.438000000000102,True,False,False,31.0,0.0,0.0,32.1,36.268,26.468,0,0,0,0.0,94.876,0.06887307165979366,-0.5807785109046796,0,1,94.774,94.818,0.04399999999999693,0.0,0.06199999999999761,-0.05699999999999742,0.0,0.23600000000000065,0.07523762356693658,-0.05699999999999742,0,0,2022,Miami Grand Prix,0.0,19,0.0
OCO,32,0 days 00:01:34.818000,HARD,32.0,True,0 days 01:53:32.623000,29.8,8,44.3,0 days 00:00:32.203000,0 days 00:00:36.180000,0 days 00:00:26.435000,1,94.818,6812.623,4.0440000000007785,True,False,False,32.0,0.0,0.0,32.203,36.18,26.435,0,0,0,0.0,94.8656,0.07051453750719532,-0.6750381082077669,0,0,94.836,95.013,0.1770000000000067,0.06199999999999761,-0.018000000000000682,-0.03066666666666625,0.0,0.2029999999999994,0.10457198477603871,-0.03066666666666625,0,0,2022,Miami Grand Prix,0.0,19,0.0
OCO,33,0 days 00:01:35.013000,HARD,33.0,True,0 days 01:55:07.636000,29.9,8,44.3,0 days 00:00:32.082000,0 days 00:00:36.394000,0 days 00:00:26.537000,1,95.013,6907.636,3.800999999999476,True,False,False,33.0,0.0,0.0,32.082,36.394,26.537,0,0,0,0.0,94.84020000000001,0.0561800676383559,3.0758239935264724,0,0,94.818,94.791,-0.027000000000001023,0.04399999999999693,0.1950000000000074,-0.009000000000000341,0.0,0.3049999999999997,0.08156285919461184,-0.009000000000000341,0,0,2022,Miami Grand Prix,0.0,19,0.0
OCO,34,0 days 00:01:34.791000,HARD,34.0,True,0 days 01:56:42.427000,29.8,8,43.0,0 days 00:00:32.077000,0 days 00:00:36.287000,0 days 00:00:26.427000,1,94.791,7002.427,3.518000000000029,True,False,False,34.0,0.0,0.0,32.077,36.287,26.427,0,0,0,0.0,94.8572,0.09128362394128356,-0.7252122247314702,0,0,95.013,94.507,-0.5060000000000002,0.23900000000000432,-0.2220000000000084,0.0796666666666681,0.0,-0.007999999999999119,0.10715642771201377,0.0796666666666681,0,0,2022,Miami Grand Prix,0.0,19,0.0
OCO,35,0 days 00:01:34.507000,HARD,35.0,True,0 days 01:58:16.934000,29.5,8,41.8,0 days 00:00:31.948000,0 days 00:00:36.176000,0 days 00:00:26.383000,1,94.507,7096.934,3.6809999999995853,True,False,False,35.0,0.0,0.0,31.948,36.176,26.383,0,0,0,0.0,94.8464,0.09615248306649182,-3.52981003897002,1,0,94.791,94.45,-0.340999999999994,0.016999999999995907,-0.2839999999999918,-0.015000000000000568,0.0,-0.04400000000000048,0.131481937923047,-0.015000000000000568,0,0,2022,Miami Grand Prix,0.0,19,0.0
OCO,36,0 days 00:01:34.450000,HARD,36.0,True,0 days 01:59:51.384000,29.4,8,41.8,0 days 00:00:31.984000,0 days 00:00:36.142000,0 days 00:00:26.324000,1,94.45,7191.384,3.805000000000291,True,False,False,36.0,0.0,0.0,31.984,36.142,26.324,0,0,0,0.0,94.79299999999999,0.18212221171466364,-1.883350727902304,1,1,94.507,94.535,0.027999999999991587,0.0,-0.05700000000000216,-0.10366666666666428,0.0,-0.0589999999999975,0.15504612217014654,-0.10366666666666428,0,0,2022,Miami Grand Prix,0.0,19,0.0
OCO,37,0 days 00:01:34.535000,HARD,37.0,True,0 days 02:01:25.919000,29.6,8,41.7,0 days 00:00:32.151000,0 days 00:00:36.087000,0 days 00:00:26.297000,1,94.535,7285.919,3.8220000000001164,True,False,False,37.0,0.0,0.0,32.151,36.087,26.297,0,0,0,0.0,94.7158,0.23381338712705532,-0.7732662454513666,0,1,94.45,94.654,0.20399999999999352,0.0,0.08499999999999375,-0.18766666666666745,0.0,-0.027000000000001023,0.16446367380062926,-0.18766666666666745,0,0,2022,Miami Grand Prix,0.0,19,0.0
OCO,38,0 days 00:01:34.654000,HARD,38.0,True,0 days 02:03:00.573000,29.6,8,41.7,0 days 00:00:32.094000,0 days 00:00:36.351000,0 days 00:00:26.209000,1,94.654,7380.573,3.6549999999997453,True,False,False,38.0,0.0,0.0,32.094,36.351,26.209,0,0,0,0.0,94.6592,0.23711853575757477,-0.021929959981359142,0,0,94.535,94.447,-0.08799999999999386,0.08499999999999375,0.11899999999999977,-0.08533333333333341,0.0,-0.08800000000000097,0.15301731928118437,-0.08533333333333341,0,0,2022,Miami Grand Prix,0.0,19,0.0
OCO,39,0 days 00:01:34.447000,HARD,39.0,True,0 days 02:04:35.020000,29.8,8,42.7,0 days 00:00:31.862000,0 days 00:00:36.334000,0 days 00:00:26.251000,1,94.447,7475.02,4.7059999999992215,True,False,False,39.0,0.0,0.0,31.862,36.334,26.251,0,0,0,0.0,94.5874,0.135993749855653,-1.0324003871429646,0,0,94.654,96.676,2.0220000000000056,0.20399999999999352,-0.20699999999999363,0.04899999999999712,0.0,0.04200000000000159,0.030572863784736445,0.04899999999999712,0,0,2022,Miami Grand Prix,0.0,19,0.0
OCO,47,0 days 00:01:36.676000,SOFT,6.0,True,0 days 02:21:29.447000,29.6,10,40.7,0 days 00:00:32.676000,0 days 00:00:37.215000,0 days 00:00:26.785000,12,96.676,8489.447,0.5509999999994761,False,False,True,6.0,0.0,0.0,32.676,37.215,26.785,0,0,1,0.0,94.5186,0.08451212930573072,25.52769664807988,0,0,94.447,94.437,-0.010000000000005116,0.0,2.228999999999999,-0.001000000000000038,0.0,0.5760000000000005,0.04862818112987668,-0.001000000000000038,0,1,2022,Miami Grand Prix,0.0,19,0.0
OCO,48,0 days 00:01:34.437000,SOFT,7.0,True,0 days 02:23:03.884000,29.6,10,39.8,0 days 00:00:32.183000,0 days 00:00:36.012000,0 days 00:00:26.242000,1,94.437,8583.884,1.0730000000003201,False,False,True,7.0,0.0,0.0,32.183,36.012,26.242,0,0,0,0.0,94.9524,0.9671992038871167,-0.5328788505290714,0,0,96.676,93.704,-2.9720000000000084,2.228999999999999,-2.2390000000000043,0.7136666666666684,0.0,0.03300000000000125,0.27661652156008343,0.7136666666666684,0,0,2022,Miami Grand Prix,0.0,19,0.0
OCO,49,0 days 00:01:33.704000,SOFT,8.0,True,0 days 02:24:37.588000,29.6,10,39.6,0 days 00:00:31.828000,0 days 00:00:35.739000,0 days 00:00:26.137000,1,93.704,8677.588,1.6000000000003638,False,False,True,8.0,0.0,0.0,31.828,35.739,26.137,0,0,0,0.0,94.94980000000001,0.968903349152986,-1.285783562508163,0,0,94.437,94.372,-0.06499999999999773,0.0,-0.7330000000000041,-0.07233333333333292,0.0,-0.10500000000000043,0.2672278054394793,-0.07233333333333292,0,0,2022,Miami Grand Prix,0.0,19,0.0
OCO,50,0 days 00:01:34.372000,SOFT,9.0,True,0 days 02:26:11.960000,29.7,10,39.5,0 days 00:00:32.065000,0 days 00:00:36.004000,0 days 00:00:26.303000,1,94.372,8771.96,0.7070000000003347,False,False,True,9.0,0.0,0.0,32.065,36.004,26.303,0,0,0,0.0,94.7836,1.117691952194272,-0.36825889207840035,0,0,93.704,94.572,0.8680000000000092,0.0,0.6680000000000064,-0.24766666666666973,0.0,0.16600000000000037,0.2790363775567627,-0.24766666666666973,0,1,2022,Miami Grand Prix,0.0,19,0.0
OCO,51,0 days 00:01:34.572000,SOFT,10.0,True,0 days 02:27:46.532000,29.6,10,38.6,0 days 00:00:31.879000,0 days 00:00:36.418000,0 days 00:00:26.275000,1,94.572,8866.532,0.4330000000009022,False,False,True,10.0,0.0,0.0,31.879,36.418,26.275,0,0,0,0.0,94.7272,1.132878501870272,-0.13699615602535795,0,0,94.372,94.197,-0.17499999999999716,0.6680000000000064,0.20000000000000284,-0.7680000000000007,0.0,0.13799999999999812,0.2606823737808141,-0.7680000000000007,0,1,2022,Miami Grand Prix,0.0,19,0.0
OCO,52,0 days 00:01:34.197000,SOFT,11.0,True,0 days 02:29:20.729000,29.7,10,39.2,0 days 00:00:32.295000,0 days 00:00:35.645000,0 days 00:00:26.257000,1,94.197,8960.729,0.4530000000013388,False,False,True,11.0,0.0,0.0,32.295,35.645,26.257,0,0,0,0.0,94.75219999999999,1.126510630220522,-0.49284932170706724,0,0,94.572,94.572,0.0,0.8680000000000092,-0.375,0.045000000000001705,0.0,0.120000000000001,0.2549103764070818,0.045000000000001705,0,1,2022,Miami Grand Prix,0.0,19,0.0
OCO,53,0 days 00:01:34.572000,SOFT,12.0,True,0 days 02:30:55.301000,29.7,11,39.4,0 days 00:00:31.846000,0 days 00:00:35.715000,0 days 00:00:27.011000,1,94.572,9055.301,0.941000000000713,False,False,True,12.0,0.0,0.0,31.846,35.715,27.011,0,0,0,0.0,94.2564,0.33699302663370856,0.9365178951997779,0,0,94.197,93.523,-0.6740000000000066,0.4930000000000092,0.375,0.1643333333333364,0.0,0.7539999999999978,0.10992406469922784,0.1643333333333364,0,1,2022,Miami Grand Prix,0.0,19,0.0
OCO,54,0 days 00:01:33.523000,SOFT,13.0,True,0 days 02:32:28.824000,29.5,9,38.5,0 days 00:00:31.953000,0 days 00:00:35.533000,0 days 00:00:26.037000,12,93.523,9148.824,2.6080000000001746,False,False,True,13.0,0.0,0.0,31.953,35.533,26.037,0,0,1,0.0,94.2834,0.3597218369792873,-2.1138555456776116,1,0,94.572,93.267,-1.3050000000000068,0.8680000000000092,-1.0490000000000066,0.06666666666666761,0.0,-0.22000000000000242,0.32026364139564695,0.06666666666666761,0,0,2022,Miami Grand Prix,0.0,19,0.0
OCO,55,0 days 00:01:33.267000,SOFT,14.0,True,0 days 02:34:02.091000,29.6,9,39.2,0 days 00:00:31.831000,0 days 00:00:35.458000,0 days 00:00:25.978000,1,93.267,9242.091,3.324000000000524,False,False,True,14.0,0.0,0.0,31.831,35.458,25.978,0,0,0,0.0,94.24719999999999,0.4340365192005668,-2.2583353165889926,1,1,93.523,93.163,-0.35999999999999943,0.0,-0.2560000000000002,-0.34966666666666885,0.0,-0.0589999999999975,0.351554832138601,-0.34966666666666885,0,0,2022,Miami Grand Prix,0.0,19,0.0
OCO,56,0 days 00:01:33.163000,SOFT,15.0,True,0 days 02:35:35.254000,29.6,9,39.2,0 days 00:00:31.595000,0 days 00:00:35.660000,0 days 00:00:25.908000,12,93.163,9335.254,3.797999999998865,False,False,True,15.0,0.0,0.0,31.595,35.66,25.908,0,0,1,0.0,94.0262,0.6030262846673433,-1.4314467245423415,0,1,93.267,93.259,-0.007999999999995566,0.0,-0.1039999999999992,-0.3100000000000023,0.0,-0.07000000000000028,0.36958869030315245,-0.3100000000000023,0,0,2022,Miami Grand Prix,0.0,19,0.0
PER,2,0 days 00:01:35.274000,MEDIUM,2.0,True,0 days 01:05:30.159000,30.4,4,40.4,0 days 00:00:32.585000,0 days 00:00:36.213000,0 days 00:00:26.476000,1,95.274,3930.159,1.444999999999709,False,True,False,2.0,0.0,0.0,32.585,36.213,26.476,0,0,0,0.0,93.5568,0.5829924527809935,2.945492676292136,0,0,95.274,94.94,-0.3340000000000032,2.111000000000004,0.0,-0.0879999999999986,0.0,0.5679999999999978,0.3824183572999596,0.0,0,0,2022,Miami Grand Prix,0.0,19,0.0
PER,3,0 days 00:01:34.940000,MEDIUM,3.0,True,0 days 01:07:05.099000,31.0,4,44.0,0 days 00:00:32.386000,0 days 00:00:36.114000,0 days 00:00:26.440000,1,94.94,4025.099,2.007000000000062,False,True,False,3.0,0.0,0.0,32.386,36.114,26.44,0,0,0,0.0,,,0.0,0,0,95.274,94.831,-0.44299999999999784,0.0,-0.3340000000000032,0.0,0.0,0.0,0.0,0.0,0,0,2022,Miami Grand Prix,0.0,19,0.0
PER,4,0 days 00:01:34.831000,MEDIUM,4.0,True,0 days 01:08:39.930000,31.3,4,46.5,0 days 00:00:32.219000,0 days 00:00:36.093000,0 days 00:00:26.519000,1,94.831,4119.93,2.7929999999996653,False,True,False,4.0,0.0,0.0,32.219,36.093,26.519,0,0,0,0.0,,,0.0,0,0,94.94,94.71,-0.23000000000000398,0.0,-0.10899999999999466,-0.1670000000000016,0.0,0.07899999999999707,0.0,0.0,0,0,2022,Miami Grand Prix,0.0,19,0.0
PER,5,0 days 00:01:34.710000,MEDIUM,5.0,True,0 days 01:10:14.640000,31.3,4,46.4,0 days 00:00:32.159000,0 days 00:00:36.246000,0 days 00:00:26.305000,1,94.71,4214.64,3.4309999999995853,False,True,False,5.0,0.0,0.0,32.159,36.246,26.305,0,0,0,0.0,95.015,0.23082677487674572,-1.3213371809352155,0,0,94.831,94.711,-0.12000000000000455,0.0,-0.12100000000000932,-0.14766666666666595,0.0,-0.13500000000000156,0.3076756950643534,-0.22149999999999892,0,0,2022,Miami Grand Prix,0.0,19,0.0
PER,6,0 days 00:01:34.711000,MEDIUM,6.0,True,0 days 01:11:49.351000,31.3,4,46.0,0 days 00:00:32.068000,0 days 00:00:36.331000,0 days 00:00:26.312000,1,94.711,4309.351,4.286000000000058,False,True,False,6.0,0.0,0.0,32.068,36.331,26.312,0,0,0,0.0,94.93875,0.24243951135627131,-0.9394095819031563,0,0,94.71,94.826,0.11599999999999966,0.0,0.0010000000000047748,-0.1880000000000024,0.0,0.0070000000000014495,0.3063516497969826,-0.1880000000000024,0,0,2022,Miami Grand Prix,0.0,19,0.0
PER,7,0 days 00:01:34.826000,MEDIUM,7.0,True,0 days 01:13:24.177000,31.5,4,46.3,0 days 00:00:32.114000,0 days 00:00:36.396000,0 days 00:00:26.316000,1,94.826,4404.177,5.023000000000138,False,True,False,7.0,0.0,0.0,32.114,36.396,26.316,0,0,0,0.0,94.89320000000001,0.23335959376036036,-0.2879675907776149,0,0,94.711,95.136,0.42499999999999716,0.0010000000000047748,0.11499999999999488,-0.07633333333333307,0.0,0.010999999999999233,0.27077056708586267,-0.07633333333333307,0,0,2022,Miami Grand Prix,0.0,19,0.0
PER,8,0 days 00:01:35.136000,MEDIUM,8.0,True,0 days 01:14:59.313000,31.7,4,48.1,0 days 00:00:32.412000,0 days 00:00:36.359000,0 days 00:00:26.365000,1,95.136,4499.313,5.2150000000001455,False,True,False,8.0,0.0,0.0,32.412,36.359,26.365,0,0,0,0.0,94.80359999999999,0.09642769311768422,3.4471425090957286,0,0,94.826,94.914,0.08800000000000807,0.11599999999999966,0.3100000000000023,-0.0016666666666698877,0.0,0.05999999999999872,0.07801794665331797,-0.0016666666666698877,0,0,2022,Miami Grand Prix,0.0,19,0.0
PER,9,0 days 00:01:34.914000,MEDIUM,9.0,True,0 days 01:16:34.227000,31.6,4,46.7,0 days 00:00:32.227000,0 days 00:00:36.334000,0 days 00:00:26.353000,1,94.914,4594.227,5.847999999999956,False,True,False,9.0,0.0,0.0,32.227,36.334,26.353,0,0,0,0.0,94.8428,0.1742087827866259,0.408704996734933,0,0,95.136,94.461,-0.6749999999999972,0.42600000000000193,-0.2219999999999942,0.14200000000000065,0.0,0.04100000000000037,0.08387371459521722,0.14200000000000065,0,0,2022,Miami Grand Prix,0.0,19,0.0
PER,10,0 days 00:01:34.461000,MEDIUM,10.0,True,0 days 01:18:08.688000,31.3,4,45.0,0 days 00:00:32.051000,0 days 00:00:36.154000,0 days 00:00:26.256000,1,94.461,4688.688,7.032999999999447,False,True,False,10.0,0.0,0.0,32.051,36.154,26.256,0,0,0,0.0,94.8594,0.17673935611515074,-2.2541668633240137,1,0,94.914,94.522,-0.3919999999999959,0.20400000000000773,-0.45300000000000296,0.06766666666666765,0.0,-0.05999999999999872,0.07685180544398462,0.06766666666666765,0,0,2022,Miami Grand Prix,0.0,19,0.0
PER,11,0 days 00:01:34.522000,MEDIUM,11.0,True,0 days 01:19:43.210000,31.1,4,44.9,0 days 00:00:32.179000,0 days 00:00:36.144000,0 days 00:00:26.199000,1,94.522,4783.21,8.253999999999905,False,True,False,11.0,0.0,0.0,32.179,36.144,26.199,0,0,0,0.0,94.8096,0.24947404674634663,-1.1528253289305708,0,1,94.461,94.522,0.06100000000000705,0.0,0.06100000000000705,-0.12166666666666497,0.0,-0.05699999999999861,0.04570229753524344,-0.12166666666666497,0,0,2022,Miami Grand Prix,0.0,19,0.0
PER,12,0 days 00:01:34.522000,MEDIUM,12.0,True,0 days 01:21:17.732000,30.9,4,45.6,0 days 00:00:32.067000,0 days 00:00:36.217000,0 days 00:00:26.238000,1,94.522,4877.732,9.648000000000138,False,True,False,12.0,0.0,0.0,32.067,36.217,26.238,0,0,0,0.0,94.7718,0.2805337769324706,-0.8904453600256649,0,0,94.522,94.586,0.06399999999999295,0.06100000000000705,0.0,-0.20466666666666336,0.0,0.038999999999997925,0.0553308232362386,-0.20466666666666336,0,0,2022,Miami Grand Prix,0.0,19,0.0
PER,13,0 days 00:01:34.586000,MEDIUM,13.0,True,0 days 01:22:52.318000,30.7,4,45.2,0 days 00:00:32.212000,0 days 00:00:36.084000,0 days 00:00:26.290000,1,94.586,4972.318,9.86200000000008,False,True,False,13.0,0.0,0.0,32.212,36.084,26.29,0,0,0,0.0,94.711,0.2982348068217339,-0.4191328347355417,0,0,94.522,94.375,-0.14700000000000557,0.06100000000000705,0.06399999999999295,-0.1306666666666653,0.0,0.09099999999999753,0.05819192383827712,-0.1306666666666653,0,0,2022,Miami Grand Prix,0.0,19,0.0
PER,14,0 days 00:01:34.375000,MEDIUM,14.0,True,0 days 01:24:26.693000,30.5,4,45.2,0 days 00:00:32.099000,0 days 00:00:36.031000,0 days 00:00:26.245000,1,94.375,5066.693,10.743999999999687,False,True,False,14.0,0.0,0.0,32.099,36.031,26.245,0,0,0,0.0,94.601,0.18046883387443194,-1.2522937902798619,0,0,94.586,93.831,-0.7549999999999955,0.125,-0.21099999999999852,0.041666666666666664,0.0,0.045999999999999375,0.06661231117443515,0.041666666666666664,0,0,2022,Miami Grand Prix,0.0,19,0.0
PER,15,0 days 00:01:33.831000,MEDIUM,15.0,True,0 days 01:26:00.524000,30.3,4,46.5,0 days 00:00:31.832000,0 days 00:00:35.981000,0 days 00:00:26.018000,1,93.831,5160.524,11.841999999999643,False,True,False,15.0,0.0,0.0,31.832,35.981,26.018,0,0,0,0.0,94.4932,0.07949654080522775,-8.329922199035506,1,0,94.375,94.128,-0.2469999999999999,0.0,-0.5439999999999969,-0.049000000000001855,0.0,-0.21999999999999886,0.06721383786096255,-0.049000000000001855,0,0,2022,Miami Grand Prix,0.0,19,0.0
PER,16,0 days 00:01:34.128000,MEDIUM,16.0,True,0 days 01:27:34.652000,30.0,4,44.8,0 days 00:00:31.897000,0 days 00:00:36.060000,0 days 00:00:26.171000,1,94.128,5254.652,12.460000000000036,False,True,False,16.0,0.0,0.0,31.897,36.06,26.171,0,0,0,0.0,94.3672,0.3095847218452416,-0.7726479477871989,0,1,93.831,93.865,0.033999999999991815,0.0,0.29699999999999704,-0.23033333333333417,0.0,0.1529999999999987,0.1240229817412871,-0.23033333333333417,0,0,2022,Miami Grand Prix,0.0,19,0.0
PER,17,0 days 00:01:33.865000,MEDIUM,17.0,True,0 days 01:29:08.517000,30.2,4,45.3,0 days 00:00:31.936000,0 days 00:00:35.972000,0 days 00:00:25.957000,1,93.865,5348.517,13.342000000000553,False,True,False,17.0,0.0,0.0,31.936,35.972,25.957,0,0,0,0.0,94.2884,0.3104743145575718,-1.3637198961316623,0,0,94.128,94.378,0.25,0.29699999999999704,-0.26300000000000523,-0.15266666666666615,0.0,-0.06099999999999994,0.14261030818282266,-0.15266666666666615,0,0,2022,Miami Grand Prix,0.0,19,0.0
PER,18,0 days 00:01:34.378000,MEDIUM,18.0,True,0 days 01:30:42.895000,30.2,4,44.7,0 days 00:00:32.018000,0 days 00:00:36.096000,0 days 00:00:26.264000,1,94.378,5442.895,13.317000000000007,False,True,False,18.0,0.0,0.0,32.018,36.096,26.264,0,0,0,0.0,94.15700000000001,0.3255556788016332,0.6788393334543815,0,0,93.865,98.146,4.281000000000006,0.033999999999991815,0.5130000000000052,-0.1700000000000017,0.0,0.3069999999999986,0.14655272088910407,-0.1700000000000017,0,0,2022,Miami Grand Prix,0.0,19,0.0
PER,19,0 days 00:01:38.146000,MEDIUM,19.0,True,0 days 01:32:21.041000,30.0,4,42.9,0 days 00:00:33.204000,0 days 00:00:36.398000,0 days 00:00:28.544000,1,98.146,5541.041,9.639999999999418,False,True,False,19.0,0.0,0.0,33.204,36.398,28.544,0,0,0,0.0,94.1154,0.26461916030399635,15.231701269740352,0,0,94.378,95.73,1.3520000000000039,0.546999999999997,3.7680000000000007,0.18233333333333235,0.0,2.5869999999999997,0.2011032073339448,0.18233333333333235,0,0,2022,Miami Grand Prix,0.0,19,0.0
PER,20,0 days 00:01:35.730000,MEDIUM,20.0,True,0 days 01:33:56.771000,29.9,4,42.6,0 days 00:00:33.156000,0 days 00:00:36.218000,0 days 00:00:26.356000,12,95.73,5636.771,8.056000000000495,False,True,False,20.0,0.0,0.0,33.156,36.218,26.356,0,0,1,0.0,94.8696,1.8448813783005096,0.4663714481158633,0,0,98.146,94.674,-3.471999999999994,4.314999999999998,-2.415999999999997,1.3393333333333335,0.0,0.3990000000000009,1.1545774984815873,1.3393333333333335,0,0,2022,Miami Grand Prix,0.0,19,0.0
PER,21,0 days 00:01:34.674000,MEDIUM,21.0,True,0 days 01:35:31.445000,29.7,4,42.3,0 days 00:00:31.928000,0 days 00:00:36.283000,0 days 00:00:26.463000,1,94.674,5731.445,7.860000000000582,False,True,False,21.0,0.0,0.0,31.928,36.283,26.463,0,0,0,0.0,95.2494,1.7716311128448785,-0.3247854453605822,0,0,95.73,94.158,-1.5720000000000027,1.865000000000009,-1.0559999999999974,0.6216666666666697,0.0,0.19900000000000162,1.0818391747390184,0.6216666666666697,0,0,2022,Miami Grand Prix,0.0,19,0.0
PER,22,0 days 00:01:34.158000,MEDIUM,22.0,True,0 days 01:37:05.603000,29.7,4,42.4,0 days 00:00:31.670000,0 days 00:00:36.156000,0 days 00:00:26.332000,1,94.158,5825.603,8.069999999999709,False,True,False,22.0,0.0,0.0,31.67,36.156,26.332,0,0,0,0.0,95.3586,1.7006345286392306,-0.7059717886362445,0,0,94.674,94.275,-0.3990000000000009,0.8090000000000117,-0.5160000000000053,0.09866666666666883,0.0,-0.02400000000000091,1.07645120651147,0.09866666666666883,0,0,2022,Miami Grand Prix,0.0,19,0.0
PER,23,0 days 00:01:34.275000,MEDIUM,23.0,True,0 days 01:38:39.878000,29.8,4,42.1,0 days 00:00:31.775000,0 days 00:00:36.242000,0 days 00:00:26.258000,1,94.275,5919.878,9.824000000000524,False,True,False,23.0,0.0,0.0,31.775,36.242,26.258,0,0,0,0.0,95.41720000000001,1.640279000658111,-0.6963449507929629,0,0,94.158,93.918,-0.23999999999999488,0.0,0.11700000000000443,-1.3293333333333333,0.0,-0.07400000000000162,1.0701391498305255,-1.3293333333333333,0,0,2022,Miami Grand Prix,0.0,19,0.0
PER,24,0 days 00:01:33.918000,MEDIUM,24.0,True,0 days 01:40:13.796000,30.0,4,42.1,0 days 00:00:31.730000,0 days 00:00:35.886000,0 days 00:00:26.302000,1,93.918,6013.796,9.931999999999789,False,True,False,24.0,0.0,0.0,31.73,35.886,26.302,0,0,0,0.0,95.3966,1.6571529199201767,-0.89225320260198,0,0,94.275,94.365,0.0899999999999892,0.11700000000000443,-0.3569999999999993,-0.48499999999999943,0.0,0.04400000000000048,1.1170842850922218,-0.48499999999999943,0,0,2022,Miami Grand Prix,0.0,19,0.0
PER,25,0 days 00:01:34.365000,MEDIUM,25.0,True,0 days 01:41:48.161000,30.0,3,42.5,0 days 00:00:31.716000,0 days 00:00:36.189000,0 days 00:00:26.460000,1,94.365,6108.161,10.023000000000138,False,True,False,25.0,0.0,0.0,31.716,36.189,26.46,0,0,0,0.0,94.551,0.7135271543536253,-0.26067683460274466,0,0,93.918,94.8,0.8819999999999908,0.0,0.4469999999999885,-0.25200000000000006,0.0,0.20200000000000173,0.19209554914156712,-0.25200000000000006,0,0,2022,Miami Grand Prix,0.0,19,0.0
PER,26,0 days 00:01:34.800000,MEDIUM,26.0,True,0 days 01:43:22.961000,30.1,3,44.1,0 days 00:00:31.946000,0 days 00:00:36.391000,0 days 00:00:26.463000,1,94.8,6202.961,6.875,False,True,False,26.0,0.0,0.0,31.946,36.391,26.463,0,0,0,0.0,94.27799999999999,0.2776661664661199,1.879955367423919,0,0,94.365,93.224,-1.1409999999999911,0.4469999999999885,0.4350000000000023,0.06899999999999788,0.0,0.20500000000000185,0.12679826497235758,0.06899999999999788,0,0,2022,Miami Grand Prix,0.0,19,0.0
PER,29,0 days 00:01:33.224000,HARD,2.0,True,0 days 01:48:24.502000,30.0,4,45.6,0 days 00:00:31.249000,0 days 00:00:35.814000,0 days 00:00:26.161000,1,93.224,6504.502,8.771999999999935,True,False,False,2.0,0.0,0.0,31.249,35.814,26.161,0,0,0,0.0,94.3032,0.32437894506269616,-3.32697302468695,1,0,94.8,93.89,-0.9099999999999966,0.8819999999999908,-1.5759999999999934,0.17499999999999716,0.0,-0.14099999999999824,0.1283503019084888,0.17499999999999716,0,0,2022,Miami Grand Prix,0.0,19,0.0
PER,30,0 days 00:01:33.890000,HARD,3.0,True,0 days 01:49:58.392000,30.0,4,45.1,0 days 00:00:31.536000,0 days 00:00:35.955000,0 days 00:00:26.399000,1,93.89,6598.392,9.246000000000095,True,False,False,3.0,0.0,0.0,31.536,35.955,26.399,0,0,0,0.0,94.1164,0.5894924087721499,-0.38405922897559497,0,1,93.224,93.838,0.6139999999999901,0.0,0.6659999999999968,-0.2313333333333342,0.0,0.23799999999999955,0.15730766033477214,-0.2313333333333342,0,0,2022,Miami Grand Prix,0.0,19,0.0
PER,31,0 days 00:01:33.838000,HARD,4.0,True,0 days 01:51:32.230000,29.8,4,43.8,0 days 00:00:31.553000,0 days 00:00:35.938000,0 days 00:00:26.347000,1,93.838,6692.23,9.522000000000844,True,False,False,4.0,0.0,0.0,31.553,35.938,26.347,0,0,0,0.0,94.0394,0.5887408598016564,-0.3420859902060429,0,0,93.89,93.368,-0.5220000000000056,0.6659999999999968,-0.05200000000000671,-0.15833333333333144,0.0,0.18599999999999994,0.1590826829042047,-0.15833333333333144,0,0,2022,Miami Grand Prix,0.0,19,0.0
PER,32,0 days 00:01:33.368000,HARD,5.0,True,0 days 01:53:05.598000,29.8,4,44.3,0 days 00:00:31.153000,0 days 00:00:36.013000,0 days 00:00:26.202000,1,93.368,6785.598,9.920000000000073,True,False,False,5.0,0.0,0.0,31.153,36.013,26.202,0,0,0,0.0,94.02340000000001,0.5939291203502275,-1.1034986794611767,0,0,93.838,93.542,-0.29599999999999227,0.6139999999999901,-0.46999999999999886,-0.32066666666666777,0.0,0.04100000000000037,0.15710665167331292,-0.32066666666666777,0,0,2022,Miami Grand Prix,0.0,19,0.0
PER,33,0 days 00:01:33.542000,HARD,6.0,True,0 days 01:54:39.140000,29.9,4,44.3,0 days 00:00:31.085000,0 days 00:00:36.199000,0 days 00:00:26.258000,1,93.542,6879.14,10.287999999999556,True,False,False,6.0,0.0,0.0,31.085,36.199,26.258,0,0,0,0.0,93.824,0.6174674080467756,-0.4567042670187928,0,0,93.368,93.237,-0.13100000000000023,0.14399999999999125,0.1740000000000066,0.04799999999999708,0.0,0.055999999999997385,0.15720909642892697,0.04799999999999708,0,0,2022,Miami Grand Prix,0.0,19,0.0
PER,34,0 days 00:01:33.237000,HARD,7.0,True,0 days 01:56:12.377000,29.8,4,43.0,0 days 00:00:31.181000,0 days 00:00:35.864000,0 days 00:00:26.192000,1,93.237,6972.377,11.162999999999556,True,False,False,7.0,0.0,0.0,31.181,35.864,26.192,0,0,0,0.0,93.57239999999999,0.28961146386151887,-1.1581033275684427,0,0,93.542,93.688,0.1460000000000008,0.31799999999999784,-0.3050000000000068,-0.11599999999999966,0.0,-0.010000000000001563,0.1475279634510001,-0.11599999999999966,0,0,2022,Miami Grand Prix,0.0,19,0.0
PER,35,0 days 00:01:33.688000,HARD,8.0,True,0 days 01:57:46.065000,29.6,4,42.1,0 days 00:00:31.343000,0 days 00:00:36.066000,0 days 00:00:26.279000,1,93.688,7066.065,11.385000000000218,True,False,False,8.0,0.0,0.0,31.343,36.066,26.279,0,0,0,0.0,93.575,0.2857341421671789,0.3954725156151794,0,0,93.237,93.35,0.11299999999999955,0.0,0.4510000000000076,-0.20033333333333303,0.0,0.08699999999999974,0.10480076335599821,-0.20033333333333303,0,0,2022,Miami Grand Prix,0.0,19,0.0
PER,36,0 days 00:01:33.350000,HARD,9.0,True,0 days 01:59:19.415000,29.4,4,41.8,0 days 00:00:31.232000,0 days 00:00:35.915000,0 days 00:00:26.203000,1,93.35,7159.415,11.885000000000218,True,False,False,9.0,0.0,0.0,31.232,35.915,26.203,0,0,0,0.0,93.5346,0.24081071404739351,-0.766577187938874,0,0,93.688,93.65,-0.0379999999999967,0.4510000000000076,-0.33800000000000807,0.10666666666666913,0.0,0.010999999999999233,0.07273582336098153,0.10666666666666913,0,0,2022,Miami Grand Prix,0.0,19,0.0
PER,37,0 days 00:01:33.650000,HARD,10.0,True,0 days 02:00:53.065000,29.4,4,41.0,0 days 00:00:31.353000,0 days 00:00:36.059000,0 days 00:00:26.238000,1,93.65,7253.065,11.984000000000378,True,False,False,10.0,0.0,0.0,31.353,36.059,26.238,0,0,0,0.0,93.43699999999998,0.1777329457360654,1.198427219657568,0,0,93.35,93.904,0.554000000000002,0.11299999999999955,0.30000000000001137,-0.06400000000000243,0.0,0.045999999999999375,0.0379539194286947,-0.06400000000000243,0,0,2022,Miami Grand Prix,0.0,19,0.0
PER,38,0 days 00:01:33.904000,HARD,11.0,True,0 days 02:02:26.969000,29.6,4,41.7,0 days 00:00:31.214000,0 days 00:00:35.992000,0 days 00:00:26.698000,1,93.904,7346.969,11.96100000000024,True,False,False,11.0,0.0,0.0,31.214,35.992,26.698,0,0,0,0.0,93.4934,0.19433167523596845,2.112882521603484,0,0,93.65,93.083,-0.5670000000000073,0.4130000000000109,0.2539999999999907,0.1376666666666703,0.0,0.495000000000001,0.03815101571386859,0.1376666666666703,0,0,2022,Miami Grand Prix,0.0,19,0.0
PER,39,0 days 00:01:33.083000,HARD,12.0,True,0 days 02:04:00.052000,29.7,4,42.9,0 days 00:00:31.011000,0 days 00:00:35.830000,0 days 00:00:26.242000,1,93.083,7440.052,12.291000000000167,True,False,False,12.0,0.0,0.0,31.011,35.83,26.242,0,0,0,0.0,93.5658,0.26975952253815805,-1.7897421950385621,1,0,93.904,95.078,1.1740000000000066,0.6670000000000016,-0.820999999999998,0.071999999999998,0.0,0.03900000000000148,0.20964422243410427,0.071999999999998,0,0,2022,Miami Grand Prix,0.0,19,0.0
PER,47,0 days 00:01:35.078000,MEDIUM,6.0,True,0 days 02:21:24.644000,29.6,4,40.7,0 days 00:00:32.846000,0 days 00:00:36.034000,0 days 00:00:26.198000,12,95.078,8484.644,1.297999999998865,False,True,False,6.0,0.0,0.0,32.846,36.034,26.198,0,0,1,0.0,93.535,0.32067273036542293,4.81175932310078,0,1,93.083,93.375,0.2920000000000016,0.0,1.9950000000000045,-0.08899999999999864,0.0,-0.03999999999999915,0.20274072111936473,-0.08899999999999864,0,0,2022,Miami Grand Prix,0.0,19,0.0
PER,48,0 days 00:01:33.375000,MEDIUM,7.0,True,0 days 02:22:58.019000,29.5,4,40.7,0 days 00:00:31.323000,0 days 00:00:35.850000,0 days 00:00:26.202000,1,93.375,8578.019,1.4809999999997672,False,True,False,7.0,0.0,0.0,31.323,35.85,26.202,0,0,0,0.0,93.813,0.77174218492966,-0.567547049459171,0,0,95.078,92.601,-2.477000000000004,1.9950000000000045,-1.703000000000003,0.4759999999999991,0.0,0.004000000000001336,0.21775146382975238,0.4759999999999991,0,0,2022,Miami Grand Prix,0.0,19,0.0
PER,49,0 days 00:01:32.601000,MEDIUM,8.0,True,0 days 02:24:30.620000,29.6,4,39.6,0 days 00:00:31.057000,0 days 00:00:35.815000,0 days 00:00:25.729000,1,92.601,8670.62,3.191999999999098,False,True,False,8.0,0.0,0.0,31.057,35.815,25.729,0,0,0,0.0,93.81800000000001,0.7680647759141173,-1.5845017740223701,1,0,93.375,92.886,-0.4890000000000043,0.2920000000000016,-0.7740000000000009,-0.17633333333333212,0.0,-0.4690000000000012,0.2185696685269936,-0.17633333333333212,0,0,2022,Miami Grand Prix,0.0,19,0.0
PER,50,0 days 00:01:32.886000,MEDIUM,9.0,True,0 days 02:26:03.506000,29.7,4,39.5,0 days 00:00:31.006000,0 days 00:00:36.105000,0 days 00:00:25.775000,1,92.886,8763.506,5.175000000001091,False,True,False,9.0,0.0,0.0,31.006,36.105,25.775,0,0,0,0.0,93.6082,0.9476917747875676,-0.7620621168331735,0,1,92.601,92.643,0.04200000000000159,0.0,0.2849999999999966,-0.16066666666666643,0.0,0.045999999999999375,0.3420361092048621,-0.16066666666666643,0,0,2022,Miami Grand Prix,0.0,19,0.0
PER,51,0 days 00:01:32.643000,MEDIUM,10.0,True,0 days 02:27:36.149000,29.6,4,38.6,0 days 00:00:30.885000,0 days 00:00:35.850000,0 days 00:00:25.908000,1,92.643,8856.149,4.894000000000233,False,True,False,10.0,0.0,0.0,30.885,35.85,25.908,0,0,0,0.0,93.4046,0.9771500908253645,-0.7794094347949193,0,0,92.886,93.798,0.9120000000000061,0.2849999999999966,-0.242999999999995,-0.7306666666666691,0.0,0.17900000000000205,0.2179070902930884,-0.7306666666666691,0,0,2022,Miami Grand Prix,0.0,19,0.0
PER,52,0 days 00:01:33.798000,MEDIUM,11.0,True,0 days 02:29:09.947000,29.7,4,39.2,0 days 00:00:32.365000,0 days 00:00:35.457000,0 days 00:00:25.976000,1,93.798,8949.947,3.470999999999549,False,True,False,11.0,0.0,0.0,32.365,35.457,25.976,0,0,0,0.0,93.31660000000001,1.0316464026012104,0.46663275206134935,0,0,92.643,91.956,-0.6869999999999976,0.04200000000000159,1.1550000000000011,-0.24399999999999977,0.0,0.2469999999999999,0.24497652948803142,-0.24399999999999977,0,0,2022,Miami Grand Prix,0.0,19,0.0
PER,53,0 days 00:01:31.956000,MEDIUM,12.0,True,0 days 02:30:41.903000,29.7,4,39.4,0 days 00:00:30.616000,0 days 00:00:35.442000,0 days 00:00:25.898000,1,91.956,9041.903,6.808999999999287,False,True,False,12.0,0.0,0.0,30.616,35.442,25.898,0,0,0,0.0,93.0606,0.5144689495003782,-2.1470683528572767,1,0,93.798,91.819,-1.9789999999999992,1.1970000000000027,-1.8419999999999987,0.3990000000000009,0.0,0.12300000000000111,0.2806836297328369,0.3990000000000009,0,0,2022,Miami Grand Prix,0.0,19,0.0
PER,54,0 days 00:01:31.819000,MEDIUM,13.0,True,0 days 02:32:13.722000,29.5,4,38.5,0 days 00:00:30.570000,0 days 00:00:35.462000,0 days 00:00:25.787000,12,91.819,9133.722,7.773000000001048,False,True,False,13.0,0.0,0.0,30.57,35.462,25.787,0,0,1,0.0,92.77680000000001,0.66657610218191,-1.4368951975098267,0,1,91.956,91.971,0.015000000000000568,0.0,-0.13700000000000045,-0.30999999999999756,0.0,-0.11100000000000065,0.2859548915476011,-0.30999999999999756,0,0,2022,Miami Grand Prix,0.0,19,0.0
PER,55,0 days 00:01:31.971000,MEDIUM,14.0,True,0 days 02:33:45.693000,29.4,4,38.5,0 days 00:00:30.706000,0 days 00:00:35.476000,0 days 00:00:25.789000,1,91.971,9225.693,8.046000000000276,False,True,False,14.0,0.0,0.0,30.706,35.476,25.789,0,0,0,0.0,92.62039999999999,0.7970986764510577,-0.8147046522412076,0,0,91.819,91.863,0.04399999999999693,0.0,0.15200000000000102,-0.274666666666666,0.0,0.0020000000000024443,0.13762703222841075,-0.274666666666666,0,0,2022,Miami Grand Prix,0.0,19,0.0
PER,56,0 days 00:01:31.863000,MEDIUM,15.0,True,0 days 02:35:17.556000,29.6,4,39.2,0 days 00:00:30.659000,0 days 00:00:35.269000,0 days 00:00:25.935000,12,91.863,9317.556,8.377999999998792,False,True,False,15.0,0.0,0.0,30.659,35.269,25.935,0,0,1,0.0,92.4374,0.8254085654995518,-0.6958977941455697,0,0,91.971,93.202,1.2309999999999945,0.15200000000000102,-0.10800000000000409,-0.6089999999999994,0.0,0.1479999999999997,0.14298951010476224,-0.6089999999999994,0,0,2022,Miami Grand Prix,0.0,19,0.0
RIC,2,0 days 00:01:38.124000,MEDIUM,2.0,True,0 days 01:05:38.105000,30.4,12,40.4,0 days 00:00:33.324000,0 days 00:00:37.868000,0 days 00:00:26.932000,1,98.124,3938.105,0.2699999999999818,False,True,False,2.0,0.0,0.0,33.324,37.868,26.932,0,0,0,0.0,92.16220000000001,0.5847150588107182,10.196077405849598,0,0,98.124,96.95,-1.1739999999999924,6.304999999999993,0.0,0.4609999999999985,0.0,1.1429999999999971,0.1829767744824457,0.0,0,1,2022,Miami Grand Prix,0.0,19,0.0
RIC,3,0 days 00:01:36.950000,MEDIUM,3.0,True,0 days 01:07:15.055000,31.0,13,44.0,0 days 00:00:32.948000,0 days 00:00:37.494000,0 days 00:00:26.508000,1,96.95,4035.055,0.5040000000003602,False,True,False,3.0,0.0,0.0,32.948,37.494,26.508,0,0,0,0.0,,,0.0,0,0,98.124,95.499,-2.625,0.0,-1.1739999999999924,0.0,0.0,0.0,0.0,0.0,0,1,2022,Miami Grand Prix,0.0,19,0.0
RIC,4,0 days 00:01:35.499000,MEDIUM,4.0,True,0 days 01:08:50.554000,31.3,13,46.5,0 days 00:00:32.641000,0 days 00:00:36.460000,0 days 00:00:26.398000,1,95.499,4130.554,0.7359999999998763,False,True,False,4.0,0.0,0.0,32.641,36.46,26.398,0,0,0,0.0,,,0.0,0,0,96.95,96.385,-0.5649999999999977,0.0,-1.4510000000000076,-0.5869999999999962,0.0,-0.10999999999999943,0.0,0.0,0,1,2022,Miami Grand Prix,0.0,19,0.0
RIC,5,0 days 00:01:36.385000,MEDIUM,5.0,True,0 days 01:10:26.939000,31.3,13,46.4,0 days 00:00:32.985000,0 days 00:00:36.616000,0 days 00:00:26.784000,1,96.385,4226.939,0.23399999999946886,False,True,False,5.0,0.0,0.0,32.985,36.616,26.784,0,0,0,0.0,96.85766666666666,1.3149335851416042,-0.3594604868319288,0,0,95.499,98.289,2.7900000000000063,0.0,0.8860000000000099,-0.875,0.0,0.38599999999999923,0.6938489268805789,-1.3125,0,1,2022,Miami Grand Prix,0.0,19,0.0
RIC,6,0 days 00:01:38.289000,MEDIUM,6.0,True,0 days 01:12:05.228000,31.4,13,46.0,0 days 00:00:33.750000,0 days 00:00:37.948000,0 days 00:00:26.591000,1,98.289,4325.228,1.1649999999999636,False,True,False,6.0,0.0,0.0,33.75,37.948,26.591,0,0,0,0.0,96.73949999999999,1.0993423791825183,1.4094790024853152,0,0,96.385,96.703,0.31799999999999784,0.8860000000000099,1.9039999999999964,-0.5796666666666633,0.0,0.1930000000000014,0.5669082083253558,-0.5796666666666633,0,0,2022,Miami Grand Prix,0.0,19,0.0
RIC,7,0 days 00:01:36.703000,MEDIUM,7.0,True,0 days 01:13:41.931000,31.5,13,46.3,0 days 00:00:33.287000,0 days 00:00:36.766000,0 days 00:00:26.650000,1,96.703,4421.931,1.4160000000001673,False,True,False,7.0,0.0,0.0,33.287,36.766,26.65,0,0,0,0.0,97.0494,1.1775420586968461,-0.29417208280726226,0,0,98.289,96.448,-1.8410000000000082,2.7900000000000063,-1.5859999999999985,0.44633333333333286,0.0,0.2519999999999989,0.4962572921378573,0.44633333333333286,0,0,2022,Miami Grand Prix,0.0,19,0.0
RIC,8,0 days 00:01:36.448000,MEDIUM,8.0,True,0 days 01:15:18.379000,31.7,13,46.7,0 days 00:00:33.164000,0 days 00:00:36.781000,0 days 00:00:26.503000,1,96.448,4518.379,1.71100000000024,False,True,False,8.0,0.0,0.0,33.164,36.781,26.503,0,0,0,0.0,96.76520000000001,1.0133855140073864,-0.31301019761537846,0,0,96.703,96.962,0.25900000000000034,1.2040000000000077,-0.25500000000000966,0.40133333333333593,0.0,-0.08800000000000097,0.19867108496205446,0.40133333333333593,0,0,2022,Miami Grand Prix,0.0,19,0.0
RIC,9,0 days 00:01:36.962000,MEDIUM,9.0,True,0 days 01:16:55.341000,31.6,13,46.7,0 days 00:00:32.911000,0 days 00:00:37.285000,0 days 00:00:26.766000,1,96.962,4615.341,1.0249999999996362,False,True,False,9.0,0.0,0.0,32.911,37.285,26.766,0,0,0,0.0,96.66479999999999,1.0153650575039583,0.2927026076026447,0,0,96.448,96.213,-0.23499999999999943,0.9489999999999981,0.51400000000001,0.02099999999999606,0.0,0.2629999999999981,0.21763225863828176,0.02099999999999606,0,0,2022,Miami Grand Prix,0.0,19,0.0
RIC,10,0 days 00:01:36.213000,MEDIUM,10.0,True,0 days 01:18:31.554000,31.3,12,45.0,0 days 00:00:32.606000,0 days 00:00:36.765000,0 days 00:00:26.842000,1,96.213,4711.554,0.6509999999998399,False,True,False,10.0,0.0,0.0,32.606,36.765,26.842,0,0,0,0.0,96.9574,0.7786252628832527,-0.9560439860935113,0,0,96.962,96.027,-0.9350000000000023,0.5769999999999982,-0.7490000000000094,-0.44233333333333275,0.0,0.33899999999999864,0.1762489716282056,-0.44233333333333275,0,1,2022,Miami Grand Prix,0.0,19,0.0
RIC,11,0 days 00:01:36.027000,MEDIUM,11.0,True,0 days 01:20:07.581000,31.0,12,44.9,0 days 00:00:32.606000,0 days 00:00:36.609000,0 days 00:00:26.812000,1,96.027,4807.581,1.1239999999997963,False,True,False,11.0,0.0,0.0,32.606,36.609,26.812,0,0,0,0.0,96.923,0.8132653318567172,-1.1017314582368796,0,0,96.213,95.936,-0.2769999999999868,0.0,-0.18599999999999284,-0.16333333333333636,0.0,0.30900000000000105,0.16481110399484614,-0.16333333333333636,0,0,2022,Miami Grand Prix,0.0,19,0.0
RIC,12,0 days 00:01:35.936000,MEDIUM,12.0,True,0 days 01:21:43.517000,30.9,11,45.6,0 days 00:00:32.455000,0 days 00:00:36.826000,0 days 00:00:26.655000,1,95.936,4903.517,0.8170000000000073,False,True,False,12.0,0.0,0.0,32.455,36.826,26.655,0,0,0,0.0,96.47059999999999,0.37387604897879734,-1.4298856571855467,0,0,96.027,96.913,0.8859999999999957,0.0,-0.09099999999999397,-0.14033333333333076,0.0,-0.1109999999999971,0.17298410331588301,-0.14033333333333076,0,1,2022,Miami Grand Prix,0.0,19,0.0
RIC,13,0 days 00:01:36.913000,MEDIUM,13.0,True,0 days 01:23:20.430000,30.6,12,45.2,0 days 00:00:32.369000,0 days 00:00:36.479000,0 days 00:00:28.065000,1,96.913,5000.43,1.683999999999287,False,True,False,13.0,0.0,0.0,32.369,36.479,28.065,0,0,0,0.0,96.3172,0.410262964450831,1.4522392992443804,0,0,95.936,96.296,0.35999999999999943,0.0,0.9769999999999897,-0.34199999999999875,0.0,1.4100000000000001,0.22262479646256755,-0.34199999999999875,0,0,2022,Miami Grand Prix,0.0,19,0.0
RIC,14,0 days 00:01:36.296000,MEDIUM,14.0,True,0 days 01:24:56.726000,30.5,11,45.2,0 days 00:00:32.753000,0 days 00:00:36.805000,0 days 00:00:26.738000,1,96.296,5096.726,1.0360000000000582,False,True,False,14.0,0.0,0.0,32.753,36.805,26.738,0,0,0,0.0,96.4102,0.4919061902436168,-0.23215808677552754,0,0,96.913,95.814,-1.0990000000000038,0.9769999999999897,-0.6169999999999902,0.23333333333333428,0.0,0.08299999999999841,0.5707827958164117,0.23333333333333428,0,0,2022,Miami Grand Prix,0.0,19,0.0
RIC,15,0 days 00:01:35.814000,MEDIUM,15.0,True,0 days 01:26:32.540000,30.2,11,45.1,0 days 00:00:32.603000,0 days 00:00:36.552000,0 days 00:00:26.659000,1,95.814,5192.54,0.9420000000000073,False,True,False,15.0,0.0,0.0,32.603,36.552,26.659,0,0,0,0.0,96.277,0.3833190577051712,-1.2078710690041485,0,0,96.296,95.836,-0.46000000000000796,0.35999999999999943,-0.48200000000001353,0.08966666666666849,0.0,0.003999999999997783,0.5902397817836404,0.08966666666666849,0,1,2022,Miami Grand Prix,0.0,19,0.0
RIC,16,0 days 00:01:35.836000,MEDIUM,16.0,True,0 days 01:28:08.376000,30.2,10,45.7,0 days 00:00:32.508000,0 days 00:00:36.587000,0 days 00:00:26.741000,1,95.836,5288.376,3.2249999999994543,False,True,False,16.0,0.0,0.0,32.508,36.587,26.741,0,0,0,0.0,96.1972,0.4376547726233262,-0.825308034081165,0,0,95.814,95.439,-0.375,0.0,0.02200000000000557,-0.04066666666667137,0.0,0.08200000000000074,0.6181023378049948,-0.04066666666667137,0,0,2022,Miami Grand Prix,0.0,19,0.0
RIC,17,0 days 00:01:35.439000,MEDIUM,17.0,True,0 days 01:29:43.815000,30.2,9,45.3,0 days 00:00:32.451000,0 days 00:00:36.318000,0 days 00:00:26.670000,1,95.439,5383.815,3.3710000000000946,False,True,False,17.0,0.0,0.0,32.451,36.318,26.67,0,0,0,0.0,96.15899999999999,0.4637801203156213,-1.5524598154617093,1,0,95.836,95.796,-0.03999999999999204,0.02200000000000557,-0.39700000000000557,-0.3589999999999994,0.0,0.011000000000002785,0.6290956207127816,-0.3589999999999994,0,0,2022,Miami Grand Prix,0.0,19,0.0
RIC,18,0 days 00:01:35.796000,MEDIUM,18.0,True,0 days 01:31:19.611000,30.1,9,43.3,0 days 00:00:32.524000,0 days 00:00:36.546000,0 days 00:00:26.726000,1,95.796,5479.611,3.030999999999949,False,True,False,18.0,0.0,0.0,32.524,36.546,26.726,0,0,0,0.0,96.0596,0.5656052510364147,-0.4660494214241757,0,1,95.439,95.487,0.04800000000000182,0.0,0.35700000000001353,-0.2856666666666712,0.0,0.06700000000000017,0.6116024035269974,-0.2856666666666712,0,0,2022,Miami Grand Prix,0.0,19,0.0
RIC,19,0 days 00:01:35.487000,MEDIUM,19.0,True,0 days 01:32:55.098000,30.0,8,42.9,0 days 00:00:32.389000,0 days 00:00:36.461000,0 days 00:00:26.637000,1,95.487,5575.098,2.7460000000000946,False,True,False,19.0,0.0,0.0,32.389,36.461,26.637,0,0,0,0.0,95.83619999999999,0.30466900072036557,-1.1461618975817711,0,0,95.796,95.261,-0.5350000000000108,0.35700000000001353,-0.3090000000000117,-0.005999999999995491,0.0,-0.03300000000000125,0.03884971042363246,-0.005999999999995491,0,0,2022,Miami Grand Prix,0.0,19,0.0
RIC,20,0 days 00:01:35.261000,MEDIUM,20.0,True,0 days 01:34:30.359000,29.8,8,42.6,0 days 00:00:32.194000,0 days 00:00:36.515000,0 days 00:00:26.552000,12,95.261,5670.359,2.639999999999418,False,True,False,20.0,0.0,0.0,32.194,36.515,26.552,0,0,1,0.0,95.67439999999999,0.19424288918755864,-2.1282632364514598,1,0,95.487,95.356,-0.13100000000000023,0.04800000000000182,-0.2259999999999991,-0.11633333333333458,0.0,-0.08500000000000085,0.047452081092404966,-0.11633333333333458,0,0,2022,Miami Grand Prix,0.0,19,0.0
RIC,21,0 days 00:01:35.356000,MEDIUM,21.0,True,0 days 01:36:05.715000,29.8,8,42.3,0 days 00:00:32.157000,0 days 00:00:36.551000,0 days 00:00:26.648000,1,95.356,5765.715,2.625,False,True,False,21.0,0.0,0.0,32.157,36.551,26.648,0,0,0,0.0,95.5638,0.2455457187570595,-0.8462782452566451,0,1,95.261,95.429,0.16800000000000637,0.0,0.09499999999999886,-0.059333333333332426,0.0,0.09600000000000009,0.06945358162111019,-0.059333333333332426,0,0,2022,Miami Grand Prix,0.0,19,0.0
RIC,22,0 days 00:01:35.429000,MEDIUM,22.0,True,0 days 01:37:41.144000,29.7,8,42.4,0 days 00:00:32.287000,0 days 00:00:36.578000,0 days 00:00:26.564000,1,95.429,5861.144,2.0659999999998035,False,True,False,22.0,0.0,0.0,32.287,36.578,26.564,0,0,0,0.0,95.4678,0.20259491602681196,-0.19151517106608906,0,0,95.356,95.672,0.3160000000000025,0.09499999999999886,0.0730000000000075,-0.14666666666667064,0.0,0.012000000000000455,0.0733362120647105,-0.14666666666667064,0,0,2022,Miami Grand Prix,0.0,19,0.0
RIC,23,0 days 00:01:35.672000,MEDIUM,23.0,True,0 days 01:39:16.816000,29.9,8,42.3,0 days 00:00:32.583000,0 days 00:00:36.528000,0 days 00:00:26.561000,1,95.672,5956.816,1.5870000000004438,False,True,False,23.0,0.0,0.0,32.583,36.528,26.561,0,0,0,0.0,95.46579999999999,0.20299926108217853,1.0157672441799452,0,0,95.429,95.0,-0.42900000000000205,0.16800000000000637,0.242999999999995,-0.01933333333333091,0.0,0.009000000000000341,0.0733368938529591,-0.01933333333333091,0,0,2022,Miami Grand Prix,0.0,19,0.0
RIC,24,0 days 00:01:35,MEDIUM,24.0,True,0 days 01:40:51.816000,30.0,8,42.1,0 days 00:00:32.225000,0 days 00:00:36.304000,0 days 00:00:26.471000,1,95.0,6051.816,1.8500000000003638,False,True,False,24.0,0.0,0.0,32.225,36.304,26.471,0,0,0,0.0,95.441,0.15430975341794,-2.857888048110457,1,0,95.672,95.201,-0.47100000000000364,0.41100000000000136,-0.671999999999997,0.13700000000000045,0.0,-0.08999999999999986,0.06662356940302869,0.13700000000000045,0,0,2022,Miami Grand Prix,0.0,19,0.0
RIC,25,0 days 00:01:35.201000,MEDIUM,25.0,True,0 days 01:42:27.017000,30.0,8,43.7,0 days 00:00:32.199000,0 days 00:00:36.383000,0 days 00:00:26.619000,1,95.201,6147.017,1.5720000000001164,False,True,False,25.0,0.0,0.0,32.199,36.383,26.619,0,0,0,0.0,95.3436,0.24503938458928026,-0.5819472663099396,0,1,95.0,94.996,-0.0040000000000048885,0.0,0.2009999999999934,-0.11866666666666485,0.0,0.1479999999999997,0.07760992204608992,-0.11866666666666485,0,0,2022,Miami Grand Prix,0.0,19,0.0
RIC,26,0 days 00:01:34.996000,MEDIUM,26.0,True,0 days 01:44:02.013000,30.2,8,44.5,0 days 00:00:31.994000,0 days 00:00:36.486000,0 days 00:00:26.516000,1,94.996,6242.013,1.4639999999999418,False,True,False,26.0,0.0,0.0,31.994,36.486,26.516,0,0,0,0.0,95.33160000000001,0.25148021790966396,-1.3344986050575436,0,0,95.201,95.144,-0.05699999999998795,0.2009999999999934,-0.2049999999999983,-0.07600000000000288,0.0,0.04499999999999815,0.09126883367283753,-0.07600000000000288,0,0,2022,Miami Grand Prix,0.0,19,0.0
RIC,27,0 days 00:01:35.144000,MEDIUM,27.0,True,0 days 01:45:37.157000,30.2,8,44.5,0 days 00:00:32.135000,0 days 00:00:36.439000,0 days 00:00:26.570000,1,95.144,6337.157,1.264999999999418,False,True,False,27.0,0.0,0.0,32.135,36.439,26.57,0,0,0,0.0,95.2596,0.29115339599579765,-0.39704156499575605,0,0,94.996,95.152,0.1560000000000059,0.0,0.14800000000001035,-0.22533333333333397,0.0,0.0990000000000002,0.08540901591752514,-0.22533333333333397,0,0,2022,Miami Grand Prix,0.0,19,0.0
RIC,28,0 days 00:01:35.152000,MEDIUM,28.0,True,0 days 01:47:12.309000,30.1,8,46.4,0 days 00:00:32.094000,0 days 00:00:36.435000,0 days 00:00:26.623000,1,95.152,6432.309,1.0410000000001673,False,True,False,28.0,0.0,0.0,32.094,36.435,26.623,0,0,0,0.0,95.2026,0.277264855327681,-0.1824969844815062,0,0,95.144,94.821,-0.3230000000000075,0.14800000000001035,0.007999999999995566,0.04800000000000182,0.0,0.10700000000000287,0.09083886833288977,0.04800000000000182,0,0,2022,Miami Grand Prix,0.0,19,0.0
RIC,29,0 days 00:01:34.821000,MEDIUM,29.0,True,0 days 01:48:47.130000,30.0,8,45.6,0 days 00:00:31.741000,0 days 00:00:36.523000,0 days 00:00:26.557000,1,94.821,6527.13,1.0649999999995998,False,True,False,29.0,0.0,0.0,31.741,36.523,26.557,0,0,0,0.0,95.0986,0.0944023304790192,-2.940605370560242,1,0,95.152,95.347,0.19499999999999318,0.1560000000000059,-0.33100000000000307,-0.016333333333330795,0.0,0.04100000000000037,0.09244295538330746,-0.016333333333330795,0,0,2022,Miami Grand Prix,0.0,19,0.0
RIC,32,0 days 00:01:35.347000,HARD,2.0,True,0 days 01:53:54.968000,29.8,17,44.3,0 days 00:00:32.098000,0 days 00:00:36.381000,0 days 00:00:26.868000,1,95.347,6834.968,6.1840000000001965,True,False,False,2.0,0.0,0.0,32.098,36.381,26.868,0,0,0,0.0,95.0628,0.1553856492725997,1.8289977313246875,0,1,94.821,94.947,0.12600000000000477,0.0,0.5259999999999962,-0.058333333333332384,0.0,0.31099999999999994,0.045110974274561656,-0.058333333333332384,0,0,2022,Miami Grand Prix,0.0,19,0.0
RIC,33,0 days 00:01:34.947000,HARD,3.0,True,0 days 01:55:29.915000,29.9,17,44.3,0 days 00:00:31.941000,0 days 00:00:36.334000,0 days 00:00:26.672000,1,94.947,6929.915,5.769000000000233,True,False,False,3.0,0.0,0.0,31.941,36.334,26.672,0,0,0,0.0,95.092,0.19620524967459266,-0.7390220202592908,0,0,95.347,95.081,-0.26599999999999113,0.5259999999999962,-0.3999999999999915,0.06766666666666292,0.0,0.11500000000000199,0.11062911009314023,0.06766666666666292,0,0,2022,Miami Grand Prix,0.0,19,0.0
RIC,34,0 days 00:01:35.081000,HARD,4.0,True,0 days 01:57:04.996000,29.6,17,42.1,0 days 00:00:31.817000,0 days 00:00:36.229000,0 days 00:00:27.035000,1,95.081,7024.996,5.431999999999789,True,False,False,4.0,0.0,0.0,31.817,36.229,27.035,0,0,0,0.0,95.0822,0.2032946137994513,-0.005902763371689694,0,0,94.947,94.712,-0.23499999999999943,0.12600000000000477,0.13400000000000034,-0.06833333333333276,0.0,0.47800000000000153,0.10282412168358177,-0.06833333333333276,0,0,2022,Miami Grand Prix,0.0,19,0.0
RIC,35,0 days 00:01:34.712000,HARD,5.0,True,0 days 01:58:39.708000,29.5,17,41.8,0 days 00:00:31.728000,0 days 00:00:36.328000,0 days 00:00:26.656000,1,94.712,7119.708,5.1340000000000146,True,False,False,5.0,0.0,0.0,31.728,36.328,26.656,0,0,0,0.0,95.0696,0.20043901815731116,-1.784083774144885,1,0,95.081,94.234,-0.8470000000000084,0.2600000000000051,-0.3689999999999998,0.08666666666666838,0.0,-0.01600000000000179,0.18042948761219726,0.08666666666666838,0,0,2022,Miami Grand Prix,0.0,19,0.0
RIC,36,0 days 00:01:34.234000,HARD,6.0,True,0 days 02:00:13.942000,29.4,17,41.0,0 days 00:00:31.502000,0 days 00:00:36.181000,0 days 00:00:26.551000,1,94.234,7213.942,4.984000000000378,True,False,False,6.0,0.0,0.0,31.502,36.181,26.551,0,0,0,0.0,94.9816,0.24651125734914722,-3.0327215399381915,1,1,94.712,94.125,-0.5870000000000033,0.0,-0.47800000000000864,-0.21166666666666364,0.0,-0.10500000000000043,0.20479184554078422,-0.21166666666666364,0,0,2022,Miami Grand Prix,0.0,19,0.0
RIC,37,0 days 00:01:34.125000,HARD,7.0,True,0 days 02:01:48.067000,29.6,17,41.7,0 days 00:00:31.492000,0 days 00:00:36.076000,0 days 00:00:26.557000,1,94.125,7308.067,4.898000000000138,True,False,False,7.0,0.0,0.0,31.492,36.076,26.557,0,0,0,0.0,94.8642,0.42049696788424684,-1.7579199291717165,1,1,94.234,94.556,0.32200000000000273,0.0,-0.10899999999999466,-0.23766666666666936,0.0,0.006000000000000227,0.23827148381625637,-0.23766666666666936,0,0,2022,Miami Grand Prix,0.0,19,0.0
RIC,38,0 days 00:01:34.556000,HARD,8.0,True,0 days 02:03:22.623000,29.7,17,42.9,0 days 00:00:31.528000,0 days 00:00:36.431000,0 days 00:00:26.597000,1,94.556,7402.623,6.52100000000064,True,False,False,8.0,0.0,0.0,31.528,36.431,26.597,0,0,0,0.0,94.6198,0.4248337321821544,-0.15017639882853095,0,1,94.125,93.949,-0.17600000000000193,0.0,0.4309999999999974,-0.3186666666666677,0.0,0.04600000000000293,0.22766708150279558,-0.3186666666666677,0,0,2022,Miami Grand Prix,0.0,19,0.0
RIC,39,0 days 00:01:33.949000,HARD,9.0,True,0 days 02:04:56.572000,29.8,17,42.7,0 days 00:00:31.421000,0 days 00:00:36.037000,0 days 00:00:26.491000,1,93.949,7496.572,6.804000000000087,True,False,False,9.0,0.0,0.0,31.421,36.037,26.491,0,0,0,0.0,94.54159999999999,0.3835261399172278,-1.5451358807717372,1,0,94.556,95.761,1.2049999999999983,0.4309999999999974,-0.6069999999999993,-0.05200000000000197,0.0,-0.05999999999999872,0.22828753798663753,-0.05200000000000197,0,0,2022,Miami Grand Prix,0.0,19,0.0
RIC,47,0 days 00:01:35.761000,SOFT,6.0,True,0 days 02:21:30.982000,29.6,13,40.7,0 days 00:00:32.784000,0 days 00:00:36.071000,0 days 00:00:26.906000,12,95.761,8490.982,0.43800000000010186,False,False,True,6.0,0.0,0.0,32.784,36.071,26.906,0,0,1,0.0,94.31519999999999,0.31317199747068336,4.616632430986585,0,1,93.949,95.622,1.6730000000000018,0.0,1.8119999999999976,-0.09499999999999886,0.0,0.41499999999999915,0.058533750947638775,-0.09499999999999886,0,1,2022,Miami Grand Prix,0.0,19,0.0
RIC,48,0 days 00:01:35.622000,SOFT,7.0,True,0 days 02:23:06.604000,29.6,13,39.8,0 days 00:00:33.089000,0 days 00:00:36.067000,0 days 00:00:26.466000,1,95.622,8586.604,0.48099999999976717,False,False,True,7.0,0.0,0.0,33.089,36.067,26.466,0,0,0,0.0,94.525,0.7254505496584867,1.5121637174531308,0,0,95.761,94.468,-1.2929999999999922,1.8119999999999976,-0.1389999999999958,0.5453333333333319,0.0,-0.02499999999999858,0.20661631106957623,0.5453333333333319,0,1,2022,Miami Grand Prix,0.0,19,0.0
RIC,49,0 days 00:01:34.468000,SOFT,8.0,True,0 days 02:24:41.072000,29.6,13,39.6,0 days 00:00:31.696000,0 days 00:00:36.248000,0 days 00:00:26.524000,1,94.468,8681.072,0.8330000000005384,False,False,True,8.0,0.0,0.0,31.696,36.248,26.524,0,0,0,0.0,94.8026,0.8423973527972637,-0.39719972871344184,0,0,95.622,94.855,-0.7669999999999959,1.6730000000000018,-1.1539999999999964,0.35533333333333417,0.0,0.05799999999999983,0.19327260540490407,0.35533333333333417,0,1,2022,Miami Grand Prix,0.0,19,0.0
RIC,50,0 days 00:01:34.855000,SOFT,9.0,True,0 days 02:26:15.927000,29.7,13,39.5,0 days 00:00:32.358000,0 days 00:00:36.220000,0 days 00:00:26.277000,1,94.855,8775.927,0.5860000000011496,False,False,True,9.0,0.0,0.0,32.358,36.22,26.277,0,0,0,0.0,94.8712,0.7854646395604626,-0.020624734945500683,0,0,94.468,93.738,-0.730000000000004,0.5190000000000055,0.38700000000000045,0.17300000000000182,0.0,-0.18900000000000006,0.1899070825430156,0.17300000000000182,0,1,2022,Miami Grand Prix,0.0,19,0.0
RIC,51,0 days 00:01:33.738000,SOFT,10.0,True,0 days 02:27:49.665000,29.6,13,38.6,0 days 00:00:31.799000,0 days 00:00:35.894000,0 days 00:00:26.045000,1,93.738,8869.665,0.5909999999985303,False,False,True,10.0,0.0,0.0,31.799,35.894,26.045,0,0,0,0.0,94.93100000000001,0.7666240930207288,-1.5561733721402289,1,0,94.855,93.365,-1.490000000000009,0.9060000000000059,-1.1170000000000044,-0.3019999999999972,0.0,-0.23199999999999932,0.22782383545186807,-0.3019999999999972,0,1,2022,Miami Grand Prix,0.0,19,0.0
RIC,52,0 days 00:01:33.365000,SOFT,11.0,True,0 days 02:29:23.030000,29.7,13,39.2,0 days 00:00:31.745000,0 days 00:00:35.640000,0 days 00:00:25.980000,1,93.365,8963.03,0.7369999999991705,False,False,True,11.0,0.0,0.0,31.745,35.64,25.98,0,0,0,0.0,94.8888,0.8367901170543571,-1.8210062104510059,1,1,93.738,93.978,0.23999999999999488,0.0,-0.37300000000000466,-0.6280000000000001,0.0,-0.06500000000000128,0.25768837769678293,-0.6280000000000001,0,1,2022,Miami Grand Prix,0.0,19,0.0
RIC,53,0 days 00:01:33.978000,SOFT,12.0,True,0 days 02:30:57.008000,29.7,13,39.4,0 days 00:00:31.886000,0 days 00:00:35.814000,0 days 00:00:26.278000,1,93.978,9057.008,1.8469999999997526,False,False,True,12.0,0.0,0.0,31.886,35.814,26.278,0,0,0,0.0,94.4096,0.8963734154914266,-0.481495761187187,0,1,93.365,98.531,5.166000000000011,0.0,0.6129999999999995,-0.36766666666666953,0.0,0.29799999999999827,0.11907686593121306,-0.36766666666666953,0,0,2022,Miami Grand Prix,0.0,19,0.0
RIC,54,0 days 00:01:38.531000,SOFT,13.0,True,0 days 02:32:35.539000,29.5,13,38.5,0 days 00:00:34.623000,0 days 00:00:37.608000,0 days 00:00:26.300000,12,98.531,9155.539,2.870999999999185,False,False,True,13.0,0.0,0.0,34.623,37.608,26.3,0,0,1,0.0,94.0808,0.5894401581159081,7.549875824926264,0,0,93.978,93.572,-0.4059999999999917,0.6129999999999995,4.5530000000000115,-0.2923333333333365,0.0,0.3200000000000003,0.2136340328692968,-0.2923333333333365,0,0,2022,Miami Grand Prix,0.0,19,0.0
RIC,55,0 days 00:01:33.572000,SOFT,14.0,True,0 days 02:34:09.111000,29.6,13,39.2,0 days 00:00:31.748000,0 days 00:00:35.777000,0 days 00:00:26.047000,1,93.572,9249.111,2.333999999998923,False,False,True,14.0,0.0,0.0,31.748,35.777,26.047,0,0,0,0.0,94.8934,2.106093611404741,-0.6274175054919036,0,0,98.531,93.265,-5.266000000000005,5.166000000000011,-4.959000000000003,1.5976666666666688,0.0,0.06700000000000017,0.2652777789412447,1.5976666666666688,0,0,2022,Miami Grand Prix,0.0,19,0.0
RIC,56,0 days 00:01:33.265000,SOFT,15.0,True,0 days 02:35:42.376000,29.6,11,39.2,0 days 00:00:31.613000,0 days 00:00:35.198000,0 days 00:00:26.454000,12,93.265,9342.376,1.3339999999989232,False,False,True,15.0,0.0,0.0,31.613,35.198,26.454,0,0,1,0.0,94.6368,2.1884884509633156,-0.6268253320670542,0,0,93.572,93.613,0.04099999999999682,0.20700000000000784,-0.30700000000000216,0.06900000000000261,0.0,0.40700000000000003,0.23644936032901406,0.06900000000000261,0,0,2022,Miami Grand Prix,0.0,19,0.0
RUS,2,0 days 00:01:37.623000,HARD,2.0,True,0 days 01:05:39.634000,30.4,15,40.4,0 days 00:00:33.400000,0 days 00:00:37.113000,0 days 00:00:27.110000,1,97.623,3939.634,0.3580000000001746,True,False,False,2.0,0.0,0.0,33.4,37.113,27.11,0,0,0,0.0,94.59179999999999,2.216556270433891,1.3675267532940434,0,0,97.623,96.49,-1.1330000000000098,4.358000000000004,0.0,-1.6393333333333355,0.0,1.0629999999999988,0.1469234494558304,0.0,0,1,2022,Miami Grand Prix,0.0,19,0.0
RUS,3,0 days 00:01:36.490000,HARD,3.0,True,0 days 01:07:16.124000,31.0,15,44.0,0 days 00:00:33.178000,0 days 00:00:36.627000,0 days 00:00:26.685000,1,96.49,4036.124,0.5340000000001055,True,False,False,3.0,0.0,0.0,33.178,36.627,26.685,0,0,0,0.0,,,0.0,0,0,97.623,95.936,-1.6869999999999976,0.0,-1.1330000000000098,0.0,0.0,0.0,0.0,0.0,0,1,2022,Miami Grand Prix,0.0,19,0.0
RUS,4,0 days 00:01:35.936000,HARD,4.0,True,0 days 01:08:52.060000,31.3,15,46.5,0 days 00:00:33.001000,0 days 00:00:36.409000,0 days 00:00:26.526000,1,95.936,4132.06,0.48299999999926513,True,False,False,4.0,0.0,0.0,33.001,36.409,26.526,0,0,0,0.0,,,0.0,0,0,96.49,95.785,-0.7049999999999983,0.0,-0.5539999999999878,-0.5665000000000049,0.0,-0.15899999999999892,0.0,0.0,0,1,2022,Miami Grand Prix,0.0,19,0.0
RUS,5,0 days 00:01:35.785000,HARD,5.0,True,0 days 01:10:27.845000,31.3,15,46.4,0 days 00:00:32.851000,0 days 00:00:36.429000,0 days 00:00:26.505000,1,95.785,4227.845,0.6599999999998545,True,False,False,5.0,0.0,0.0,32.851,36.429,26.505,0,0,0,0.0,96.68299999999999,0.8599005756481402,-1.0443067785169686,0,0,95.936,98.548,2.6119999999999948,0.0,-0.15100000000001046,-0.5623333333333326,0.0,-0.021000000000000796,0.6643962171274999,-0.8434999999999988,0,1,2022,Miami Grand Prix,0.0,19,0.0
RUS,6,0 days 00:01:38.548000,HARD,6.0,True,0 days 01:12:06.393000,31.4,14,46.0,0 days 00:00:33.798000,0 days 00:00:37.976000,0 days 00:00:26.774000,1,98.548,4326.393,0.3029999999998836,True,False,False,6.0,0.0,0.0,33.798,37.976,26.774,0,0,0,0.0,96.4585,0.8333988640901019,2.5072028413205243,0,0,95.785,97.011,1.225999999999999,0.0,2.7630000000000052,-0.6126666666666694,0.0,0.2690000000000019,0.5659118747649666,-0.6126666666666694,0,1,2022,Miami Grand Prix,0.0,19,0.0
RUS,7,0 days 00:01:37.011000,HARD,7.0,True,0 days 01:13:43.404000,31.5,15,46.3,0 days 00:00:32.809000,0 days 00:00:37.157000,0 days 00:00:27.045000,1,97.011,4423.404,0.9159999999992579,True,False,False,7.0,0.0,0.0,32.809,37.157,27.045,0,0,0,0.0,96.8764,1.1807274452641487,0.1139975195290557,0,0,98.548,96.686,-1.8619999999999948,2.7630000000000052,-1.5370000000000061,0.6860000000000023,0.0,0.5400000000000027,0.4905688534752278,0.6860000000000023,0,1,2022,Miami Grand Prix,0.0,19,0.0
RUS,8,0 days 00:01:36.686000,HARD,8.0,True,0 days 01:15:20.090000,31.7,14,46.7,0 days 00:00:33.523000,0 days 00:00:36.431000,0 days 00:00:26.732000,1,96.686,4520.09,0.2579999999998108,True,False,False,8.0,0.0,0.0,33.523,36.431,26.732,0,0,0,0.0,96.75399999999999,1.1138072095295495,-0.061051858363087366,0,0,97.011,96.276,-0.7349999999999994,1.225999999999999,-0.32499999999998863,0.35833333333332956,0.0,0.2270000000000003,0.2786372193372605,0.35833333333332956,0,1,2022,Miami Grand Prix,0.0,19,0.0
RUS,9,0 days 00:01:36.276000,HARD,9.0,True,0 days 01:16:56.366000,31.6,14,46.7,0 days 00:00:32.663000,0 days 00:00:36.561000,0 days 00:00:27.052000,1,96.276,4616.366,0.20300000000042928,True,False,False,9.0,0.0,0.0,32.663,36.561,27.052,0,0,0,0.0,96.7932,1.105611912019765,-0.467795249288845,0,0,96.686,96.225,-0.46100000000001273,0.9010000000000105,-0.4100000000000108,0.30033333333333684,0.0,0.3200000000000003,0.2714151801207893,0.30033333333333684,0,1,2022,Miami Grand Prix,0.0,19,0.0
RUS,10,0 days 00:01:36.225000,HARD,10.0,True,0 days 01:18:32.591000,31.3,14,45.0,0 days 00:00:33.090000,0 days 00:00:36.694000,0 days 00:00:26.441000,1,96.225,4712.591,0.9249999999992724,True,False,False,10.0,0.0,0.0,33.09,36.694,26.441,0,0,0,0.0,96.8612,1.0487009583289233,-0.6066553052585838,0,0,96.276,96.114,-0.16199999999999193,0.49099999999999966,-0.05100000000000193,-0.7573333333333352,0.0,-0.29100000000000037,0.20117529669420275,-0.7573333333333352,0,1,2022,Miami Grand Prix,0.0,19,0.0
RUS,11,0 days 00:01:36.114000,HARD,11.0,True,0 days 01:20:08.705000,31.0,13,44.9,0 days 00:00:32.881000,0 days 00:00:36.723000,0 days 00:00:26.510000,1,96.114,4808.705,0.7100000000000364,True,False,False,11.0,0.0,0.0,32.881,36.723,26.51,0,0,0,0.0,96.94919999999999,0.9495944924018891,-0.8795333236268512,0,0,96.225,95.629,-0.5959999999999894,0.0,-0.11099999999999,-0.26200000000000045,0.0,0.06900000000000261,0.3064824627935514,-0.26200000000000045,0,1,2022,Miami Grand Prix,0.0,19,0.0
RUS,12,0 days 00:01:35.629000,HARD,12.0,True,0 days 01:21:44.334000,30.9,12,45.6,0 days 00:00:32.477000,0 days 00:00:36.715000,0 days 00:00:26.437000,1,95.629,4904.334,1.735000000000582,True,False,False,12.0,0.0,0.0,32.477,36.715,26.437,0,0,0,0.0,96.4624,0.3753149344217753,-2.220535138800074,1,0,96.114,95.275,-0.8389999999999986,0.0,-0.48499999999999943,-0.19066666666666757,0.0,-0.003999999999997783,0.31037316249959573,-0.19066666666666757,0,0,2022,Miami Grand Prix,0.0,19,0.0
RUS,13,0 days 00:01:35.275000,HARD,13.0,True,0 days 01:23:19.609000,30.6,11,45.2,0 days 00:00:32.453000,0 days 00:00:36.489000,0 days 00:00:26.333000,1,95.275,4999.609,0.8209999999999127,True,False,False,13.0,0.0,0.0,32.453,36.489,26.333,0,0,0,0.0,96.186,0.3791615750574349,-2.402669626694119,1,1,95.629,95.258,-0.3710000000000093,0.0,-0.3539999999999992,-0.2156666666666638,0.0,-0.10400000000000276,0.23599724574664013,-0.2156666666666638,0,1,2022,Miami Grand Prix,0.0,19,0.0
RUS,14,0 days 00:01:35.258000,HARD,14.0,True,0 days 01:24:54.867000,30.5,10,45.2,0 days 00:00:32.494000,0 days 00:00:36.523000,0 days 00:00:26.241000,1,95.258,5094.867,1.8589999999994689,True,False,False,14.0,0.0,0.0,32.494,36.523,26.241,0,0,0,0.0,95.9038,0.4349686195578294,-1.484704806191539,0,1,95.275,95.198,-0.07700000000001239,0.0,-0.017000000000010118,-0.3166666666666629,0.0,-0.09199999999999875,0.2250855392956205,-0.3166666666666629,0,0,2022,Miami Grand Prix,0.0,19,0.0
RUS,15,0 days 00:01:35.198000,HARD,15.0,True,0 days 01:26:30.065000,30.2,10,45.1,0 days 00:00:32.130000,0 days 00:00:36.309000,0 days 00:00:26.759000,1,95.198,5190.065,2.475000000000364,True,False,False,15.0,0.0,0.0,32.13,36.309,26.759,0,0,0,0.0,95.7002,0.45498648331577557,-1.103769053401656,0,0,95.258,94.829,-0.42900000000000205,0.0,-0.060000000000002274,-0.28533333333333627,0.0,0.5180000000000007,0.13520465968301662,-0.28533333333333627,0,0,2022,Miami Grand Prix,0.0,19,0.0
RUS,16,0 days 00:01:34.829000,HARD,16.0,True,0 days 01:28:04.894000,30.2,9,45.7,0 days 00:00:32.118000,0 days 00:00:36.249000,0 days 00:00:26.462000,1,94.829,5284.894,3.481999999999971,True,False,False,16.0,0.0,0.0,32.118,36.249,26.462,0,0,0,0.0,95.49480000000001,0.385322851645308,-1.7279016729921108,1,0,95.198,94.729,-0.4689999999999941,0.0,-0.3689999999999998,-0.14366666666667052,0.0,0.22100000000000009,0.2561382439230819,-0.14366666666667052,0,0,2022,Miami Grand Prix,0.0,19,0.0
RUS,17,0 days 00:01:34.729000,HARD,17.0,True,0 days 01:29:39.623000,30.2,8,45.3,0 days 00:00:32.050000,0 days 00:00:36.261000,0 days 00:00:26.418000,1,94.729,5379.623,4.192000000000007,True,False,False,17.0,0.0,0.0,32.05,36.261,26.418,0,0,0,0.0,95.2378,0.28439883966023494,-1.789036835058279,1,1,94.829,94.786,-0.042999999999992156,0.0,-0.09999999999999432,-0.14866666666667072,0.0,0.1769999999999996,0.26379764972417813,-0.14866666666667072,0,0,2022,Miami Grand Prix,0.0,19,0.0
RUS,18,0 days 00:01:34.786000,HARD,18.0,True,0 days 01:31:14.409000,30.1,7,43.3,0 days 00:00:31.990000,0 days 00:00:36.277000,0 days 00:00:26.519000,1,94.786,5474.409,5.2020000000002256,True,False,False,18.0,0.0,0.0,31.99,36.277,26.519,0,0,0,0.0,95.0578,0.2585395521000566,-1.0512898231324022,0,1,94.729,94.845,0.11599999999999966,0.0,0.05700000000000216,-0.17633333333333212,0.0,0.10099999999999909,0.256950384315728,-0.17633333333333212,0,0,2022,Miami Grand Prix,0.0,19,0.0
RUS,19,0 days 00:01:34.845000,HARD,19.0,True,0 days 01:32:49.254000,30.0,7,42.9,0 days 00:00:31.989000,0 days 00:00:36.436000,0 days 00:00:26.420000,1,94.845,5569.254,5.844000000000051,True,False,False,19.0,0.0,0.0,31.989,36.436,26.42,0,0,0,0.0,94.96,0.2481159003371272,-0.4634930685366749,0,0,94.786,94.749,-0.03700000000000614,0.05700000000000216,0.0589999999999975,-0.13733333333333064,0.0,0.0020000000000024443,0.22137863492216223,-0.13733333333333064,0,0,2022,Miami Grand Prix,0.0,19,0.0
RUS,20,0 days 00:01:34.749000,HARD,20.0,True,0 days 01:34:24.003000,29.8,7,42.6,0 days 00:00:31.996000,0 days 00:00:36.286000,0 days 00:00:26.467000,12,94.749,5664.003,6.356000000000677,True,False,False,20.0,0.0,0.0,31.996,36.286,26.467,0,0,1,0.0,94.8774,0.18476552708800756,-0.6949348291515423,0,0,94.845,95.254,0.409000000000006,0.11599999999999966,-0.09600000000000364,0.005333333333335115,0.0,0.04899999999999949,0.194310833460206,0.005333333333335115,0,0,2022,Miami Grand Prix,0.0,19,0.0
RUS,21,0 days 00:01:35.254000,HARD,21.0,True,0 days 01:35:59.257000,29.7,7,42.3,0 days 00:00:31.867000,0 days 00:00:36.731000,0 days 00:00:26.656000,1,95.254,5759.257,6.458000000000538,True,False,False,21.0,0.0,0.0,31.867,36.731,26.656,0,0,0,0.0,94.7876,0.04983773670740079,9.358370399889125,0,0,94.749,94.839,0.09000000000000341,0.01999999999999602,0.5050000000000097,0.00666666666666534,0.0,0.2359999999999971,0.08982761268117885,0.00666666666666534,0,0,2022,Miami Grand Prix,0.0,19,0.0
RUS,22,0 days 00:01:34.839000,HARD,22.0,True,0 days 01:37:34.096000,29.7,7,42.4,0 days 00:00:32.048000,0 days 00:00:36.297000,0 days 00:00:26.494000,1,94.839,5854.096,7.048000000000684,True,False,False,22.0,0.0,0.0,32.048,36.297,26.494,0,0,0,0.0,94.8726,0.2177298785194868,-0.1543196562110779,0,0,95.254,94.398,-0.8560000000000088,0.5250000000000057,-0.41500000000000625,0.15600000000000117,0.0,0.07399999999999807,0.09458593975850586,0.15600000000000117,0,0,2022,Miami Grand Prix,0.0,19,0.0
RUS,23,0 days 00:01:34.398000,HARD,23.0,True,0 days 01:39:08.494000,29.9,6,42.3,0 days 00:00:31.849000,0 days 00:00:36.278000,0 days 00:00:26.271000,1,94.398,5948.494,8.322000000000116,True,False,False,23.0,0.0,0.0,31.849,36.278,26.271,0,0,0,0.0,94.8946,0.20476401050992482,-2.4252308731564467,1,0,94.839,94.419,-0.4200000000000017,0.09000000000000341,-0.4410000000000025,-0.002000000000000076,0.0,-0.19599999999999795,0.08816064881793753,-0.002000000000000076,0,0,2022,Miami Grand Prix,0.0,19,0.0
RUS,24,0 days 00:01:34.419000,HARD,24.0,True,0 days 01:40:42.913000,30.0,6,42.1,0 days 00:00:31.828000,0 days 00:00:36.238000,0 days 00:00:26.353000,1,94.419,6042.913,6.575000000000728,True,False,False,24.0,0.0,0.0,31.828,36.238,26.353,0,0,0,0.0,94.81700000000001,0.3051319386759054,-1.3043537878305962,0,1,94.398,93.869,-0.5289999999999964,0.0,0.021000000000000796,-0.1169999999999997,0.0,0.08200000000000074,0.15536087023443,-0.1169999999999997,0,0,2022,Miami Grand Prix,0.0,19,0.0
RUS,25,0 days 00:01:33.869000,HARD,25.0,True,0 days 01:42:16.782000,30.0,6,43.7,0 days 00:00:31.564000,0 days 00:00:36.003000,0 days 00:00:26.302000,1,93.869,6136.782,6.548999999999978,True,False,False,25.0,0.0,0.0,31.564,36.003,26.302,0,0,0,0.0,94.73179999999999,0.35133559455330543,-2.4557716706642627,1,0,94.419,94.212,-0.20699999999999363,0.021000000000000796,-0.5499999999999972,-0.278333333333336,0.0,0.030999999999998806,0.15548954948805876,-0.278333333333336,0,0,2022,Miami Grand Prix,0.0,19,0.0
RUS,26,0 days 00:01:34.212000,HARD,26.0,True,0 days 01:43:50.994000,30.1,6,44.1,0 days 00:00:31.504000,0 days 00:00:36.217000,0 days 00:00:26.491000,1,94.212,6230.994,6.075000000000728,True,False,False,26.0,0.0,0.0,31.504,36.217,26.491,0,0,0,0.0,94.5558,0.5203351804367458,-0.6607279556062912,0,1,93.869,94.327,0.4579999999999984,0.0,0.3430000000000035,-0.323333333333333,0.0,0.21999999999999886,0.1556977841846167,-0.323333333333333,0,0,2022,Miami Grand Prix,0.0,19,0.0
RUS,27,0 days 00:01:34.327000,HARD,27.0,True,0 days 01:45:25.321000,30.2,5,44.5,0 days 00:00:31.741000,0 days 00:00:36.198000,0 days 00:00:26.388000,1,94.327,6325.321,5.3090000000001965,True,False,False,27.0,0.0,0.0,31.741,36.198,26.388,0,0,0,0.0,94.34740000000001,0.3523340744239124,-0.05789959439308996,0,0,94.212,93.957,-0.25500000000000966,0.3430000000000035,0.11499999999999488,-0.06199999999999761,0.0,0.08600000000000207,0.15089135164084005,-0.06199999999999761,0,0,2022,Miami Grand Prix,0.0,19,0.0
RUS,28,0 days 00:01:33.957000,HARD,28.0,True,0 days 01:46:59.278000,30.3,5,46.4,0 days 00:00:31.424000,0 days 00:00:36.148000,0 days 00:00:26.385000,1,93.957,6419.278,2.6959999999999127,True,False,False,28.0,0.0,0.0,31.424,36.148,26.385,0,0,0,0.0,94.245,0.2252076819297357,-1.2788196101137717,0,0,94.327,93.996,-0.33100000000000307,0.4579999999999984,-0.37000000000000455,-0.03066666666666625,0.0,0.08300000000000196,0.1516172813369232,-0.03066666666666625,0,0,2022,Miami Grand Prix,0.0,19,0.0
RUS,29,0 days 00:01:33.996000,HARD,29.0,True,0 days 01:48:33.274000,30.0,5,45.6,0 days 00:00:31.459000,0 days 00:00:36.174000,0 days 00:00:26.363000,1,93.996,6513.274,2.2479999999995925,True,False,False,29.0,0.0,0.0,31.459,36.174,26.363,0,0,0,0.0,94.1568,0.23638570176762674,-0.6802441890418546,0,0,93.957,94.364,0.4070000000000107,0.08799999999999386,0.03900000000000148,0.029333333333331286,0.0,-0.022000000000002018,0.07065620991816599,0.029333333333331286,0,0,2022,Miami Grand Prix,0.0,19,0.0
RUS,30,0 days 00:01:34.364000,HARD,30.0,True,0 days 01:50:07.638000,29.9,5,43.8,0 days 00:00:31.682000,0 days 00:00:36.166000,0 days 00:00:26.516000,1,94.364,6607.638,1.886000000000422,True,False,False,30.0,0.0,0.0,31.682,36.166,26.516,0,0,0,0.0,94.0722,0.1902858376237743,1.5334824895216044,0,0,93.996,94.114,0.11800000000000921,0.12699999999999534,0.3680000000000092,-0.07200000000000273,0.0,0.1529999999999987,0.0900683074116532,-0.07200000000000273,0,0,2022,Miami Grand Prix,0.0,19,0.0
RUS,31,0 days 00:01:34.114000,HARD,31.0,True,0 days 01:51:41.752000,29.8,5,43.8,0 days 00:00:31.521000,0 days 00:00:36.155000,0 days 00:00:26.438000,1,94.114,6701.752,1.8649999999997817,True,False,False,31.0,0.0,0.0,31.521,36.155,26.438,0,0,0,0.0,94.1712,0.1868734866164065,-0.30608943534835686,0,0,94.364,93.766,-0.597999999999999,0.4070000000000107,-0.25,0.01233333333333538,0.0,0.07499999999999929,0.09013600834294799,0.01233333333333538,0,0,2022,Miami Grand Prix,0.0,19,0.0
RUS,32,0 days 00:01:33.766000,HARD,32.0,True,0 days 01:53:15.518000,29.8,5,44.3,0 days 00:00:31.283000,0 days 00:00:36.256000,0 days 00:00:26.227000,1,93.766,6795.518,2.0720000000001164,True,False,False,32.0,0.0,0.0,31.283,36.256,26.227,0,0,0,0.0,94.1516,0.1866636011657717,-2.065748210105269,1,0,94.114,93.91,-0.20400000000000773,0.1570000000000107,-0.347999999999999,0.052333333333336896,0.0,-0.13599999999999923,0.06260591026412815,0.052333333333336896,0,0,2022,Miami Grand Prix,0.0,19,0.0
RUS,33,0 days 00:01:33.910000,HARD,33.0,True,0 days 01:54:49.428000,29.9,5,44.3,0 days 00:00:31.236000,0 days 00:00:36.240000,0 days 00:00:26.434000,1,93.91,6889.428,2.3029999999998836,True,False,False,33.0,0.0,0.0,31.236,36.24,26.434,0,0,0,0.0,94.0394,0.22042640495227808,-0.5870440069465308,0,1,93.766,94.112,0.3459999999999894,0.0,0.14399999999999125,-0.07666666666666326,0.0,0.20700000000000074,0.11205043507278295,-0.07666666666666326,0,0,2022,Miami Grand Prix,0.0,19,0.0
RUS,34,0 days 00:01:34.112000,HARD,34.0,True,0 days 01:56:23.540000,29.8,5,43.0,0 days 00:00:31.525000,0 days 00:00:36.327000,0 days 00:00:26.260000,1,94.112,6983.54,2.157000000000153,True,False,False,34.0,0.0,0.0,31.525,36.327,26.26,0,0,0,0.0,94.03,0.2257565059974722,0.36322319765576006,0,0,93.91,93.91,0.0,0.14399999999999125,0.20199999999999818,-0.1513333333333359,0.0,0.03300000000000125,0.1374019650514504,-0.1513333333333359,0,0,2022,Miami Grand Prix,0.0,19,0.0
RUS,35,0 days 00:01:33.910000,HARD,35.0,True,0 days 01:57:57.450000,29.6,5,42.1,0 days 00:00:31.259000,0 days 00:00:36.281000,0 days 00:00:26.370000,1,93.91,7077.45,2.0270000000000437,True,False,False,35.0,0.0,0.0,31.259,36.281,26.37,0,0,0,0.0,94.0532,0.2273437925261735,-0.629883043688211,0,0,94.112,93.85,-0.26200000000000045,0.3459999999999894,-0.20199999999999818,-0.0006666666666698499,0.0,0.14300000000000068,0.13174141338242842,-0.0006666666666698499,0,0,2022,Miami Grand Prix,0.0,19,0.0
RUS,36,0 days 00:01:33.850000,HARD,36.0,True,0 days 01:59:31.300000,29.4,5,41.8,0 days 00:00:31.271000,0 days 00:00:36.104000,0 days 00:00:26.475000,1,93.85,7171.3,1.9299999999993815,True,False,False,36.0,0.0,0.0,31.271,36.104,26.475,0,0,0,0.0,93.9624,0.1495219047504187,-0.7517293214504298,0,0,93.91,93.749,-0.16100000000000136,0.14399999999999125,-0.060000000000002274,0.04799999999999708,0.0,0.21499999999999986,0.13016451129244092,0.04799999999999708,0,0,2022,Miami Grand Prix,0.0,19,0.0
RUS,37,0 days 00:01:33.749000,HARD,37.0,True,0 days 02:01:05.049000,29.6,5,41.7,0 days 00:00:31.351000,0 days 00:00:36.187000,0 days 00:00:26.211000,1,93.749,7265.049,1.8400000000001455,True,False,False,37.0,0.0,0.0,31.351,36.187,26.211,0,0,0,0.0,93.9096,0.12761191167049696,-1.258503206304776,0,0,93.85,93.881,0.03100000000000591,0.08399999999998897,-0.10099999999999909,-0.020000000000000757,0.0,-0.04900000000000304,0.14698571359149135,-0.020000000000000757,0,0,2022,Miami Grand Prix,0.0,19,0.0
RUS,38,0 days 00:01:33.881000,HARD,38.0,True,0 days 02:02:38.930000,29.6,5,41.7,0 days 00:00:31.214000,0 days 00:00:36.174000,0 days 00:00:26.493000,1,93.881,7358.93,1.2839999999996508,True,False,False,38.0,0.0,0.0,31.214,36.174,26.493,0,0,0,0.0,93.90619999999998,0.13252622382079693,-0.19015104538147523,0,0,93.749,93.413,-0.3359999999999985,0.0,0.132000000000005,-0.12099999999999984,0.0,0.28200000000000003,0.11481811703733967,-0.12099999999999984,0,0,2022,Miami Grand Prix,0.0,19,0.0
RUS,39,0 days 00:01:33.413000,HARD,39.0,True,0 days 02:04:12.343000,29.8,5,42.7,0 days 00:00:31.141000,0 days 00:00:36.124000,0 days 00:00:26.148000,1,93.413,7452.343,1.1880000000001019,True,False,False,39.0,0.0,0.0,31.141,36.124,26.148,0,0,0,0.0,93.9004,0.13295224706713538,-3.6659779037347993,1,0,93.881,95.944,2.0630000000000024,0.132000000000005,-0.4680000000000035,-0.009666666666665455,0.0,-0.06299999999999883,0.13398955183147754,-0.009666666666665455,0,0,2022,Miami Grand Prix,0.0,19,0.0
RUS,47,0 days 00:01:35.944000,MEDIUM,7.0,True,0 days 02:21:27.020000,29.6,7,40.7,0 days 00:00:32.968000,0 days 00:00:36.484000,0 days 00:00:26.492000,12,95.944,8487.02,0.8500000000003638,False,True,False,7.0,0.0,0.0,32.968,36.484,26.492,0,0,1,0.0,93.7606,0.2035738195353635,10.725347714079316,0,1,93.413,93.508,0.09499999999999886,0.0,2.531000000000006,-0.14566666666666586,0.0,0.3440000000000012,0.15557249114159014,-0.14566666666666586,0,1,2022,Miami Grand Prix,0.0,19,0.0
RUS,48,0 days 00:01:33.508000,MEDIUM,8.0,True,0 days 02:23:00.528000,29.5,7,40.7,0 days 00:00:31.277000,0 days 00:00:36.016000,0 days 00:00:26.215000,1,93.508,8580.528,1.7039999999997235,False,True,False,8.0,0.0,0.0,31.277,36.016,26.215,0,0,0,0.0,94.1674,1.0103530571043853,-0.6526431482177213,0,0,95.944,93.567,-2.3770000000000095,2.531000000000006,-2.436000000000007,0.7316666666666691,0.0,0.06700000000000017,0.18984651695514532,0.7316666666666691,0,0,2022,Miami Grand Prix,0.0,19,0.0
RUS,49,0 days 00:01:33.567000,MEDIUM,9.0,True,0 days 02:24:34.095000,29.6,6,39.6,0 days 00:00:31.386000,0 days 00:00:36.166000,0 days 00:00:26.015000,1,93.567,8674.095,1.0340000000014697,False,True,False,9.0,0.0,0.0,31.386,36.166,26.015,0,0,0,0.0,94.099,1.0480846816933176,-0.5075925727112959,0,0,93.508,94.586,1.078000000000003,0.09499999999999886,0.0589999999999975,-0.12433333333333489,0.0,-0.13299999999999912,0.18788746631960387,-0.12433333333333489,0,0,2022,Miami Grand Prix,0.0,19,0.0
RUS,50,0 days 00:01:34.586000,MEDIUM,10.0,True,0 days 02:26:08.681000,29.7,5,39.5,0 days 00:00:32.220000,0 days 00:00:36.267000,0 days 00:00:26.099000,1,94.586,8768.681,0.7099999999991269,False,True,False,10.0,0.0,0.0,32.22,36.267,26.099,0,0,0,0.0,94.0626,1.0662815294284087,0.4908647346452388,0,0,93.567,92.362,-1.2049999999999983,0.15399999999999636,1.0190000000000055,0.05133333333333212,0.0,0.08399999999999963,0.20892893528661832,0.05133333333333212,0,1,2022,Miami Grand Prix,0.0,19,0.0
RUS,51,0 days 00:01:32.362000,MEDIUM,11.0,True,0 days 02:27:41.043000,29.6,5,38.6,0 days 00:00:30.657000,0 days 00:00:35.601000,0 days 00:00:26.104000,1,92.362,8861.043,1.3180000000011205,False,True,False,11.0,0.0,0.0,30.657,35.601,26.104,0,0,0,0.0,94.2036,1.0827498787809569,-1.7008544965836567,1,0,94.586,92.375,-2.2109999999999985,1.1730000000000018,-2.2240000000000038,-0.45266666666666805,0.0,0.08899999999999864,0.18279688181147952,-0.45266666666666805,0,0,2022,Miami Grand Prix,0.0,19,0.0
RUS,52,0 days 00:01:32.375000,MEDIUM,12.0,True,0 days 02:29:13.418000,29.7,5,39.2,0 days 00:00:30.834000,0 days 00:00:35.497000,0 days 00:00:26.044000,1,92.375,8953.418,2.05199999999968,False,True,False,12.0,0.0,0.0,30.834,35.497,26.044,0,0,0,0.0,93.9934,1.3448895121905713,-1.2033702288033503,0,1,92.362,95.294,2.932000000000002,0.0,0.01300000000000523,-0.3820000000000003,0.0,0.028999999999999915,0.16941871207160103,-0.3820000000000003,0,0,2022,Miami Grand Prix,0.0,19,0.0
RUS,53,0 days 00:01:35.294000,MEDIUM,13.0,True,0 days 02:30:48.712000,29.7,5,39.4,0 days 00:00:30.654000,0 days 00:00:35.563000,0 days 00:00:29.077000,1,95.294,9048.712,0.261000000000422,False,True,False,13.0,0.0,0.0,30.654,35.563,29.077,0,0,0,0.0,93.2796,0.9356464610098395,2.1529499484515346,0,0,92.375,92.783,0.40800000000000125,0.01300000000000523,2.918999999999997,-0.39733333333333104,0.0,3.0330000000000013,0.09259697619252957,-0.39733333333333104,0,1,2022,Miami Grand Prix,0.0,19,0.0
RUS,54,0 days 00:01:32.783000,MEDIUM,14.0,True,0 days 02:32:21.495000,29.5,5,38.5,0 days 00:00:31.768000,0 days 00:00:35.057000,0 days 00:00:25.958000,12,92.783,9141.495,0.6379999999990105,False,True,False,14.0,0.0,0.0,31.768,35.057,25.958,0,0,1,0.0,93.6368,1.3104788056280057,-0.651517595197456,0,0,95.294,92.244,-3.049999999999997,2.932000000000002,-2.5109999999999957,0.23599999999999946,0.0,-0.08600000000000207,1.3516762926085526,0.23599999999999946,0,1,2022,Miami Grand Prix,0.0,19,0.0
RUS,55,0 days 00:01:32.244000,MEDIUM,15.0,True,0 days 02:33:53.739000,29.4,5,38.5,0 days 00:00:30.677000,0 days 00:00:35.493000,0 days 00:00:26.074000,1,92.244,9233.739,1.3350000000009459,False,True,False,15.0,0.0,0.0,30.677,35.493,26.074,0,0,0,0.0,93.47999999999999,1.3666190032339727,-0.9044217862294572,0,0,92.783,92.195,-0.5880000000000081,0.4210000000000065,-0.5390000000000015,0.1403333333333355,0.0,0.11600000000000321,1.3452753249799845,0.1403333333333355,0,0,2022,Miami Grand Prix,0.0,19,0.0
RUS,56,0 days 00:01:32.195000,MEDIUM,16.0,True,0 days 02:35:25.934000,29.6,5,39.2,0 days 00:00:30.747000,0 days 00:00:35.491000,0 days 00:00:25.957000,12,92.195,9325.934,2.0820000000003347,False,True,False,16.0,0.0,0.0,30.747,35.491,25.957,0,0,1,0.0,93.0116,1.2920968616943014,-0.6319959626937075,0,0,92.244,92.771,0.527000000000001,0.0,-0.049000000000006594,-0.04366666666666674,0.0,-0.0009999999999976694,1.342101970790596,-0.04366666666666674,0,0,2022,Miami Grand Prix,0.0,19,0.0
SAI,2,0 days 00:01:34.875000,MEDIUM,2.0,True,0 days 01:05:29.085000,30.4,3,40.4,0 days 00:00:32.445000,0 days 00:00:36.079000,0 days 00:00:26.351000,1,94.875,3929.085,1.0740000000000691,False,True,False,2.0,0.0,0.0,32.445,36.079,26.351,0,0,0,0.0,93.0574,1.2811179883212394,1.4187608140462993,0,0,94.875,94.781,-0.09399999999999409,2.680000000000007,0.0,-0.004000000000000152,0.0,0.39399999999999835,1.3395959465450769,0.0,0,0,2022,Miami Grand Prix,0.0,19,0.0
SAI,3,0 days 00:01:34.781000,MEDIUM,3.0,True,0 days 01:07:03.866000,31.0,3,44.0,0 days 00:00:32.363000,0 days 00:00:35.988000,0 days 00:00:26.430000,1,94.781,4023.866,1.2330000000001746,False,True,False,3.0,0.0,0.0,32.363,35.988,26.43,0,0,0,0.0,,,0.0,0,0,94.875,95.061,0.18600000000000705,0.0,-0.09399999999999409,0.0,0.0,0.0,0.0,0.0,0,0,2022,Miami Grand Prix,0.0,19,0.0
SAI,4,0 days 00:01:35.061000,MEDIUM,4.0,True,0 days 01:08:38.927000,31.3,3,46.5,0 days 00:00:32.362000,0 days 00:00:36.169000,0 days 00:00:26.530000,1,95.061,4118.927,1.0030000000006112,False,True,False,4.0,0.0,0.0,32.362,36.169,26.53,0,0,0,0.0,,,0.0,0,0,94.781,94.708,-0.0730000000000075,0.0,0.28000000000000114,-0.046999999999997044,0.0,0.17900000000000205,0.0,0.0,0,0,2022,Miami Grand Prix,0.0,19,0.0
SAI,5,0 days 00:01:34.708000,MEDIUM,5.0,True,0 days 01:10:13.635000,31.3,3,46.4,0 days 00:00:32.074000,0 days 00:00:36.207000,0 days 00:00:26.427000,1,94.708,4213.635,1.0050000000001091,False,True,False,5.0,0.0,0.0,32.074,36.207,26.427,0,0,0,0.0,94.90566666666666,0.14249678358943102,-1.387165813062773,0,0,95.061,94.735,-0.3260000000000076,0.28000000000000114,-0.35300000000000864,0.06200000000000235,0.0,0.07600000000000051,0.19727392123643622,0.09300000000000352,0,0,2022,Miami Grand Prix,0.0,19,0.0
SAI,6,0 days 00:01:34.735000,MEDIUM,6.0,True,0 days 01:11:48.370000,31.3,3,46.0,0 days 00:00:32.022000,0 days 00:00:36.214000,0 days 00:00:26.499000,1,94.735,4308.37,0.9809999999997672,False,True,False,6.0,0.0,0.0,32.022,36.214,26.499,0,0,0,0.0,94.85625,0.152659479452366,-0.7942513654242924,0,0,94.708,94.785,0.07699999999999818,0.0,0.027000000000001023,-0.0556666666666672,0.0,0.07199999999999918,0.17102899364337734,-0.0556666666666672,0,1,2022,Miami Grand Prix,0.0,19,0.0
SAI,7,0 days 00:01:34.785000,MEDIUM,7.0,True,0 days 01:13:23.155000,31.5,3,46.3,0 days 00:00:31.951000,0 days 00:00:36.433000,0 days 00:00:26.401000,1,94.785,4403.155,1.0219999999999345,False,True,False,7.0,0.0,0.0,31.951,36.433,26.401,0,0,0,0.0,94.83200000000001,0.1428950663948929,-0.3289126852716242,0,0,94.735,94.576,-0.15900000000000603,0.027000000000001023,0.04999999999999716,-0.015333333333335494,0.0,-0.0259999999999998,0.15351612293176192,-0.015333333333335494,0,0,2022,Miami Grand Prix,0.0,19,0.0
SAI,8,0 days 00:01:34.576000,MEDIUM,8.0,True,0 days 01:14:57.731000,31.7,3,48.1,0 days 00:00:31.853000,0 days 00:00:36.207000,0 days 00:00:26.516000,1,94.576,4497.731,1.5820000000003347,False,True,False,8.0,0.0,0.0,31.853,36.207,26.516,0,0,0,0.0,94.814,0.14178857499813302,-1.6785555535989651,1,0,94.785,95.005,0.21999999999999886,0.07699999999999818,-0.20900000000000318,-0.09200000000000348,0.0,0.11499999999999844,0.07993247149938572,-0.09200000000000348,0,0,2022,Miami Grand Prix,0.0,19,0.0
SAI,9,0 days 00:01:35.005000,MEDIUM,9.0,True,0 days 01:16:32.736000,31.6,3,46.7,0 days 00:00:32.139000,0 days 00:00:36.547000,0 days 00:00:26.319000,1,95.005,4592.736,1.4909999999999854,False,True,False,9.0,0.0,0.0,32.139,36.547,26.319,0,0,0,0.0,94.773,0.17858191397788034,1.2991237176948136,0,1,94.576,94.574,-0.001999999999995339,0.0,0.42900000000000205,-0.04400000000000167,0.0,-0.08200000000000074,0.07465051908727804,-0.04400000000000167,0,0,2022,Miami Grand Prix,0.0,19,0.0
SAI,10,0 days 00:01:34.574000,MEDIUM,10.0,True,0 days 01:18:07.310000,31.3,3,45.0,0 days 00:00:31.999000,0 days 00:00:36.194000,0 days 00:00:26.381000,1,94.574,4687.31,1.3779999999997017,False,True,False,10.0,0.0,0.0,31.999,36.194,26.381,0,0,0,0.0,94.7618,0.1563799859317096,-1.2009209419036981,0,0,95.005,94.762,-0.242999999999995,0.42900000000000205,-0.4309999999999974,0.08999999999999868,0.0,0.062000000000001165,0.08182297965730632,0.08999999999999868,0,0,2022,Miami Grand Prix,0.0,19,0.0
SAI,11,0 days 00:01:34.762000,MEDIUM,11.0,True,0 days 01:19:42.072000,31.1,3,44.9,0 days 00:00:32.052000,0 days 00:00:36.288000,0 days 00:00:26.422000,1,94.762,4782.072,1.13799999999992,False,True,False,11.0,0.0,0.0,32.052,36.288,26.422,0,0,0,0.0,94.73499999999999,0.17790587398959806,0.15176564660025724,0,0,94.574,94.548,-0.02599999999999625,0.0,0.1880000000000024,-0.07033333333333285,0.0,0.10300000000000153,0.08011991013474722,-0.07033333333333285,0,0,2022,Miami Grand Prix,0.0,19,0.0
SAI,12,0 days 00:01:34.548000,MEDIUM,12.0,True,0 days 01:21:16.620000,30.9,3,45.6,0 days 00:00:31.902000,0 days 00:00:36.287000,0 days 00:00:26.359000,1,94.548,4876.62,1.11200000000008,False,True,False,12.0,0.0,0.0,31.902,36.287,26.359,0,0,0,0.0,94.7404,0.17831517041464146,-1.078988397636605,0,0,94.762,94.196,-0.5660000000000025,0.1880000000000024,-0.21399999999999864,0.06200000000000235,0.0,0.0400000000000027,0.08538325362739489,0.06200000000000235,0,0,2022,Miami Grand Prix,0.0,19,0.0
SAI,13,0 days 00:01:34.196000,MEDIUM,13.0,True,0 days 01:22:50.816000,30.7,3,45.2,0 days 00:00:31.811000,0 days 00:00:36.085000,0 days 00:00:26.300000,1,94.196,4970.816,1.5020000000004075,False,True,False,13.0,0.0,0.0,31.811,36.085,26.3,0,0,0,0.0,94.69300000000001,0.19428072472585534,-2.5581539326730347,1,0,94.548,94.017,-0.5310000000000059,0.0,-0.35200000000000387,-0.1523333333333312,0.0,-0.05900000000000105,0.07853852557821567,-0.1523333333333312,0,0,2022,Miami Grand Prix,0.0,19,0.0
SAI,14,0 days 00:01:34.017000,MEDIUM,14.0,True,0 days 01:24:24.833000,30.5,3,45.2,0 days 00:00:31.755000,0 days 00:00:35.924000,0 days 00:00:26.338000,1,94.017,5064.833,1.860000000000582,False,True,False,14.0,0.0,0.0,31.755,35.924,26.338,0,0,0,0.0,94.61699999999999,0.29808555818758964,-2.0128449148898566,1,1,94.196,94.132,-0.06399999999999295,0.0,-0.17900000000000205,-0.12600000000000003,0.0,0.038000000000000256,0.0797477272403434,-0.12600000000000003,0,0,2022,Miami Grand Prix,0.0,19,0.0
SAI,15,0 days 00:01:34.132000,MEDIUM,15.0,True,0 days 01:25:58.965000,30.3,3,46.5,0 days 00:00:31.759000,0 days 00:00:36.129000,0 days 00:00:26.244000,1,94.132,5158.965,1.5590000000001965,False,True,False,15.0,0.0,0.0,31.759,36.129,26.244,0,0,0,0.0,94.4194,0.30399309202680735,-0.9454162200983399,0,1,94.017,94.243,0.2259999999999991,0.0,0.1150000000000091,-0.24833333333333485,0.0,-0.05600000000000094,0.05959614081465444,-0.24833333333333485,0,0,2022,Miami Grand Prix,0.0,19,0.0
SAI,16,0 days 00:01:34.243000,MEDIUM,16.0,True,0 days 01:27:33.208000,30.0,3,44.8,0 days 00:00:31.842000,0 days 00:00:36.112000,0 days 00:00:26.289000,1,94.243,5253.208,1.4440000000004147,False,True,False,16.0,0.0,0.0,31.842,36.112,26.289,0,0,0,0.0,94.331,0.3119583305507721,-0.28208895670342043,0,0,94.132,94.353,0.22099999999998943,0.1150000000000091,0.11099999999999,-0.1386666666666656,0.0,0.045000000000001705,0.06963978747813766,-0.1386666666666656,0,0,2022,Miami Grand Prix,0.0,19,0.0
SAI,17,0 days 00:01:34.353000,MEDIUM,17.0,True,0 days 01:29:07.561000,30.2,3,45.3,0 days 00:00:31.881000,0 days 00:00:36.186000,0 days 00:00:26.286000,1,94.353,5347.561,0.956000000000131,False,True,False,17.0,0.0,0.0,31.881,36.186,26.286,0,0,0,0.0,94.22720000000001,0.19835750552987008,0.6342084191063799,0,0,94.243,94.321,0.07800000000000296,0.2259999999999991,0.10999999999999943,0.01566666666666568,0.0,0.04200000000000159,0.054021292098580476,0.01566666666666568,0,1,2022,Miami Grand Prix,0.0,19,0.0
SAI,18,0 days 00:01:34.321000,MEDIUM,18.0,True,0 days 01:30:41.882000,30.2,3,44.7,0 days 00:00:31.843000,0 days 00:00:36.135000,0 days 00:00:26.343000,1,94.321,5441.882,1.0130000000008295,False,True,False,18.0,0.0,0.0,31.843,36.135,26.343,0,0,0,0.0,94.1882,0.1251906546034256,1.0607820561421468,0,0,94.353,93.904,-0.44899999999999807,0.3359999999999985,-0.031999999999996476,0.1119999999999995,0.0,0.0990000000000002,0.05438290172471613,0.1119999999999995,0,0,2022,Miami Grand Prix,0.0,19,0.0
SAI,19,0 days 00:01:33.904000,MEDIUM,19.0,True,0 days 01:32:15.786000,30.0,3,42.9,0 days 00:00:31.612000,0 days 00:00:36.145000,0 days 00:00:26.147000,1,93.904,5535.786,5.255000000000109,False,True,False,19.0,0.0,0.0,31.612,36.145,26.147,0,0,0,0.0,94.2132,0.13887116331345553,-2.2265241582378614,1,0,94.321,94.06,-0.2609999999999957,0.30400000000000205,-0.4170000000000016,0.06299999999999766,0.0,-0.1390000000000029,0.05595801997926718,0.06299999999999766,0,0,2022,Miami Grand Prix,0.0,19,0.0
SAI,20,0 days 00:01:34.060000,MEDIUM,20.0,True,0 days 01:33:49.846000,29.9,3,42.6,0 days 00:00:31.590000,0 days 00:00:36.261000,0 days 00:00:26.209000,12,94.06,5629.846,6.925000000000182,False,True,False,20.0,0.0,0.0,31.59,36.261,26.209,0,0,1,0.0,94.19059999999999,0.1814505442263387,-0.7197553501800384,0,1,93.904,93.997,0.09300000000000352,0.0,0.1560000000000059,-0.11299999999999955,0.0,0.062000000000001165,0.09490890369191032,-0.11299999999999955,0,0,2022,Miami Grand Prix,0.0,19,0.0
SAI,21,0 days 00:01:33.997000,MEDIUM,21.0,True,0 days 01:35:23.843000,29.7,3,42.3,0 days 00:00:31.566000,0 days 00:00:36.175000,0 days 00:00:26.256000,1,93.997,5723.843,7.601999999999862,False,True,False,21.0,0.0,0.0,31.566,36.175,26.256,0,0,0,0.0,94.1762,0.18992287908526254,-0.9435408775555987,0,0,94.06,93.649,-0.41100000000000136,0.1560000000000059,-0.06300000000000239,-0.09766666666666406,0.0,0.10900000000000176,0.09270760486605345,-0.09766666666666406,0,0,2022,Miami Grand Prix,0.0,19,0.0
SAI,22,0 days 00:01:33.649000,MEDIUM,22.0,True,0 days 01:36:57.492000,29.8,3,42.3,0 days 00:00:31.535000,0 days 00:00:36.020000,0 days 00:00:26.094000,1,93.649,5817.492,8.110999999999876,False,True,False,22.0,0.0,0.0,31.535,36.02,26.094,0,0,0,0.0,94.127,0.1998937217624373,-2.3912707001777234,1,0,93.997,93.86,-0.13700000000000045,0.09300000000000352,-0.347999999999999,-0.10799999999999936,0.0,-0.05299999999999727,0.10077846992289743,-0.10799999999999936,0,0,2022,Miami Grand Prix,0.0,19,0.0
SAI,23,0 days 00:01:33.860000,MEDIUM,23.0,True,0 days 01:38:31.352000,29.8,3,42.1,0 days 00:00:31.517000,0 days 00:00:36.037000,0 days 00:00:26.306000,1,93.86,5911.352,8.52599999999984,False,True,False,23.0,0.0,0.0,31.517,36.037,26.306,0,0,0,0.0,93.9862,0.2439850405251292,-0.5172448266843608,0,1,93.649,93.865,0.21599999999999397,0.0,0.21099999999999852,-0.08499999999999848,0.0,0.21199999999999974,0.10774878189566807,-0.08499999999999848,0,0,2022,Miami Grand Prix,0.0,19,0.0
SAI,24,0 days 00:01:33.865000,MEDIUM,24.0,True,0 days 01:40:05.217000,30.0,2,42.1,0 days 00:00:31.644000,0 days 00:00:36.021000,0 days 00:00:26.200000,1,93.865,6005.217,8.579000000000633,False,True,False,24.0,0.0,0.0,31.644,36.021,26.2,0,0,0,0.0,93.894,0.15767529927054239,-0.18392227656566423,0,0,93.86,93.912,0.05200000000000671,0.21099999999999852,0.0049999999999954525,-0.06666666666666761,0.0,0.1059999999999981,0.13738886417756055,-0.06666666666666761,0,0,2022,Miami Grand Prix,0.0,19,0.0
SAI,25,0 days 00:01:33.912000,MEDIUM,25.0,True,0 days 01:41:39.129000,30.0,2,42.5,0 days 00:00:31.596000,0 days 00:00:36.060000,0 days 00:00:26.256000,1,93.912,6099.129,9.032000000000153,False,True,False,25.0,0.0,0.0,31.596,36.06,26.256,0,0,0,0.0,93.8862,0.15802120110939394,0.1632692310833858,0,0,93.865,95.457,1.5919999999999987,0.21599999999999397,0.047000000000011255,-0.04400000000000167,0.0,0.16199999999999903,0.09577943411818517,-0.04400000000000167,0,0,2022,Miami Grand Prix,0.0,19,0.0
SAI,26,0 days 00:01:35.457000,MEDIUM,26.0,True,0 days 01:43:14.586000,30.1,2,44.1,0 days 00:00:32.940000,0 days 00:00:36.210000,0 days 00:00:26.307000,1,95.457,6194.586,8.375,False,True,False,26.0,0.0,0.0,32.94,36.21,26.307,0,0,0,0.0,93.8566,0.128414563037285,12.462760937288081,0,0,93.912,93.537,-0.375,0.26300000000000523,1.5449999999999875,0.0876666666666684,0.0,0.10699999999999932,0.09956756499985192,0.0876666666666684,0,0,2022,Miami Grand Prix,0.0,19,0.0
SAI,29,0 days 00:01:33.537000,HARD,2.0,True,0 days 01:48:19.885000,30.0,3,45.6,0 days 00:00:31.355000,0 days 00:00:35.889000,0 days 00:00:26.293000,1,93.537,6499.885,4.617000000000189,True,False,False,2.0,0.0,0.0,31.355,35.889,26.293,0,0,0,0.0,94.1486,0.7384458680228647,-0.8282259086065582,0,0,95.457,93.747,-1.7099999999999937,1.8079999999999927,-1.9199999999999875,0.5323333333333314,0.0,0.09299999999999997,0.09956254315755367,0.5323333333333314,0,0,2022,Miami Grand Prix,0.0,19,0.0
SAI,30,0 days 00:01:33.747000,HARD,3.0,True,0 days 01:49:53.632000,30.0,3,45.1,0 days 00:00:31.311000,0 days 00:00:36.008000,0 days 00:00:26.428000,1,93.747,6593.632,4.760000000000218,True,False,False,3.0,0.0,0.0,31.311,36.008,26.428,0,0,0,0.0,94.1262,0.7588074195736624,-0.49973153954273625,0,0,93.537,93.333,-0.20400000000000773,0.0,0.20999999999999375,-0.10933333333332958,0.0,0.1720000000000006,0.050104889980919116,-0.10933333333332958,0,0,2022,Miami Grand Prix,0.0,19,0.0
SAI,31,0 days 00:01:33.333000,HARD,4.0,True,0 days 01:51:26.965000,29.8,3,43.8,0 days 00:00:31.169000,0 days 00:00:35.923000,0 days 00:00:26.241000,1,93.333,6686.965,5.264999999999418,True,False,False,4.0,0.0,0.0,31.169,35.923,26.241,0,0,0,0.0,94.1036,0.7703134426972186,-1.000372000911447,0,0,93.747,92.974,-0.7729999999999961,0.20999999999999375,-0.4140000000000015,-0.05500000000000208,0.0,-0.0519999999999996,0.03620082871979615,-0.05500000000000208,0,0,2022,Miami Grand Prix,0.0,19,0.0
SAI,32,0 days 00:01:32.974000,HARD,5.0,True,0 days 01:52:59.939000,29.9,3,45.0,0 days 00:00:30.940000,0 days 00:00:35.815000,0 days 00:00:26.219000,1,92.974,6779.939,5.658999999999651,True,False,False,5.0,0.0,0.0,30.94,35.815,26.219,0,0,0,0.0,93.9972,0.8446627729455385,-1.2113710142946905,0,0,93.333,93.534,0.20100000000000762,0.0,-0.35899999999999466,-0.7079999999999984,0.0,-0.021999999999998465,0.08967329591355473,-0.7079999999999984,0,0,2022,Miami Grand Prix,0.0,19,0.0
SAI,33,0 days 00:01:33.534000,HARD,6.0,True,0 days 01:54:33.473000,29.9,3,44.3,0 days 00:00:30.925000,0 days 00:00:35.945000,0 days 00:00:26.664000,1,93.534,6873.473,5.667000000000371,True,False,False,6.0,0.0,0.0,30.925,35.945,26.664,0,0,0,0.0,93.8096,0.9640450196956841,-0.2858787653786071,0,0,92.974,93.275,0.30100000000000193,0.0,0.5600000000000023,-0.18766666666666745,0.0,0.4450000000000003,0.09368724566343024,-0.18766666666666745,0,0,2022,Miami Grand Prix,0.0,19,0.0
SAI,34,0 days 00:01:33.275000,HARD,7.0,True,0 days 01:56:06.748000,29.8,3,43.0,0 days 00:00:31.068000,0 days 00:00:35.994000,0 days 00:00:26.213000,1,93.275,6966.748,5.629000000000815,True,False,False,7.0,0.0,0.0,31.068,35.994,26.213,0,0,0,0.0,93.425,0.2915364471212443,-0.514515428452105,0,0,93.534,93.436,-0.09799999999999898,0.5600000000000023,-0.25900000000000034,-0.07099999999999795,0.0,-0.006000000000000227,0.19908967828594204,-0.07099999999999795,0,0,2022,Miami Grand Prix,0.0,19,0.0
SAI,35,0 days 00:01:33.436000,HARD,8.0,True,0 days 01:57:40.184000,29.6,3,42.1,0 days 00:00:31.038000,0 days 00:00:36.069000,0 days 00:00:26.329000,1,93.436,7060.184,5.880999999999403,True,False,False,8.0,0.0,0.0,31.038,36.069,26.329,0,0,0,0.0,93.3726,0.28991429768136845,0.218685316685145,0,0,93.275,93.462,0.1869999999999976,0.30100000000000193,0.16100000000000136,-0.01933333333333091,0.0,0.11599999999999966,0.20806200998740723,-0.01933333333333091,0,0,2022,Miami Grand Prix,0.0,19,0.0
SAI,36,0 days 00:01:33.462000,HARD,9.0,True,0 days 01:59:13.646000,29.4,3,41.8,0 days 00:00:31.178000,0 days 00:00:36.018000,0 days 00:00:26.266000,1,93.462,7153.646,5.769000000000233,True,False,False,9.0,0.0,0.0,31.178,36.018,26.266,0,0,0,0.0,93.3104,0.21254481880320414,0.7132613293216469,0,0,93.436,93.314,-0.1220000000000141,0.4620000000000033,0.02599999999999625,0.1540000000000011,0.0,0.05299999999999727,0.2052028264912546,0.1540000000000011,0,0,2022,Miami Grand Prix,0.0,19,0.0
SAI,37,0 days 00:01:33.314000,HARD,10.0,True,0 days 02:00:46.960000,29.4,3,41.0,0 days 00:00:31.101000,0 days 00:00:36.021000,0 days 00:00:26.192000,1,93.314,7246.96,6.104999999999563,True,False,False,10.0,0.0,0.0,31.101,36.021,26.192,0,0,0,0.0,93.3362,0.22352002147477742,-0.09931996182506324,0,0,93.462,93.071,-0.39100000000000534,0.48799999999999955,-0.14800000000001035,-0.02400000000000091,0.0,-0.021000000000000796,0.19113529239781973,-0.02400000000000091,0,0,2022,Miami Grand Prix,0.0,19,0.0
SAI,38,0 days 00:01:33.071000,HARD,11.0,True,0 days 02:02:20.031000,29.6,3,41.7,0 days 00:00:30.867000,0 days 00:00:35.983000,0 days 00:00:26.221000,1,93.071,7340.031,6.938000000000102,True,False,False,11.0,0.0,0.0,30.867,35.983,26.221,0,0,0,0.0,93.4042,0.10727161786828976,-3.1061338182585696,1,0,93.314,93.046,-0.26799999999998647,0.03899999999998727,-0.242999999999995,0.012999999999995756,0.0,0.028999999999999915,0.19095365929984218,0.012999999999995756,0,0,2022,Miami Grand Prix,0.0,19,0.0
SAI,39,0 days 00:01:33.046000,HARD,12.0,True,0 days 02:03:53.077000,29.7,3,42.9,0 days 00:00:30.865000,0 days 00:00:35.859000,0 days 00:00:26.322000,1,93.046,7433.077,6.974999999999454,True,False,False,12.0,0.0,0.0,30.865,35.859,26.322,0,0,0,0.0,93.3116,0.15598814057513055,-1.7026935446548757,1,1,93.071,92.833,-0.23799999999999955,0.0,-0.024999999999991473,-0.1216666666666697,0.0,0.129999999999999,0.05416364094113315,-0.1216666666666697,0,0,2022,Miami Grand Prix,0.0,19,0.0
SAI,40,0 days 00:01:32.833000,HARD,13.0,True,0 days 02:05:25.910000,29.8,3,41.4,0 days 00:00:30.845000,0 days 00:00:35.915000,0 days 00:00:26.073000,1,92.833,7525.91,0.0,True,False,False,13.0,0.0,0.0,30.845,35.915,26.073,0,0,0,0.0,93.2658,0.1975125312482452,-2.191253371443213,1,1,93.046,94.872,1.8259999999999934,0.0,-0.21300000000000807,-0.1386666666666656,0.0,-0.11899999999999977,0.062444375247094966,-0.1386666666666656,0,0,2022,Miami Grand Prix,0.0,19,0.0
SAI,47,0 days 00:01:34.872000,HARD,20.0,True,0 days 02:21:24.322000,29.6,3,40.7,0 days 00:00:32.427000,0 days 00:00:36.045000,0 days 00:00:26.400000,12,94.872,8484.322,0.3220000000001164,True,False,False,20.0,0.0,0.0,32.427,36.045,26.4,0,0,1,0.0,93.1452,0.24580012205061538,7.0252202708199345,0,1,92.833,93.286,0.45300000000000296,0.0,2.0390000000000015,-0.16033333333333152,0.0,0.3269999999999982,0.09235150242416144,-0.16033333333333152,0,1,2022,Miami Grand Prix,0.0,19,0.0
SAI,48,0 days 00:01:33.286000,HARD,21.0,True,0 days 02:22:57.608000,29.5,3,40.7,0 days 00:00:31.046000,0 days 00:00:35.941000,0 days 00:00:26.299000,1,93.286,8577.608,0.4110000000000582,True,False,False,21.0,0.0,0.0,31.046,35.941,26.299,0,0,0,0.0,93.4272,0.8254584786650863,-0.17105645365511707,0,0,94.872,92.571,-2.301000000000002,2.0390000000000015,-1.5859999999999985,0.6003333333333339,0.0,0.2259999999999991,0.16980047114186625,0.6003333333333339,0,1,2022,Miami Grand Prix,0.0,19,0.0
SAI,49,0 days 00:01:32.571000,HARD,22.0,True,0 days 02:24:30.179000,29.6,3,39.6,0 days 00:00:30.843000,0 days 00:00:35.887000,0 days 00:00:25.841000,1,92.571,8670.179,0.44100000000071304,True,False,False,22.0,0.0,0.0,30.843,35.887,25.841,0,0,0,0.0,93.4216,0.8265127343242078,-1.0291432481019025,0,0,93.286,92.862,-0.4240000000000066,0.45300000000000296,-0.7150000000000034,0.0799999999999983,0.0,-0.23199999999999932,0.17289968189675692,0.0799999999999983,0,1,2022,Miami Grand Prix,0.0,19,0.0
SAI,50,0 days 00:01:32.862000,HARD,23.0,True,0 days 02:26:03.041000,29.7,3,39.5,0 days 00:00:30.830000,0 days 00:00:35.903000,0 days 00:00:26.129000,1,92.862,8763.041,0.4650000000001455,True,False,False,23.0,0.0,0.0,30.83,35.903,26.129,0,0,0,0.0,93.32160000000002,0.9059653966902308,-0.5073041439320781,0,0,92.571,92.736,0.16500000000000625,0.0,0.2909999999999968,-0.08733333333333348,0.0,0.28800000000000026,0.23497084925581627,-0.08733333333333348,0,1,2022,Miami Grand Prix,0.0,19,0.0
SAI,51,0 days 00:01:32.736000,HARD,24.0,True,0 days 02:27:35.777000,29.6,3,38.6,0 days 00:00:30.717000,0 days 00:00:35.748000,0 days 00:00:26.271000,1,92.736,8855.777,0.3719999999993888,True,False,False,24.0,0.0,0.0,30.717,35.748,26.271,0,0,0,0.0,93.28479999999999,0.9235256899513355,-0.5942444330150732,0,0,92.862,92.839,-0.022999999999996135,0.2909999999999968,-0.12599999999999056,-0.6700000000000017,0.0,0.4299999999999997,0.2553987079058929,-0.6700000000000017,0,1,2022,Miami Grand Prix,0.0,19,0.0
SAI,52,0 days 00:01:32.839000,HARD,25.0,True,0 days 02:29:08.616000,29.7,3,39.2,0 days 00:00:31.200000,0 days 00:00:35.660000,0 days 00:00:25.979000,1,92.839,8948.616,1.331000000000131,True,False,False,25.0,0.0,0.0,31.2,35.66,25.979,0,0,0,0.0,93.2654,0.9363192831508339,-0.45540021195025543,0,0,92.736,92.225,-0.5110000000000099,0.16500000000000625,0.10299999999999443,-0.18333333333333238,0.0,0.13799999999999812,0.25679213383590954,-0.18333333333333238,0,0,2022,Miami Grand Prix,0.0,19,0.0
SAI,53,0 days 00:01:32.225000,HARD,26.0,True,0 days 02:30:40.841000,29.7,3,39.4,0 days 00:00:30.619000,0 days 00:00:35.590000,0 days 00:00:26.016000,1,92.225,9040.841,1.0619999999998981,True,False,False,26.0,0.0,0.0,30.619,35.59,26.016,0,0,0,0.0,92.8588,0.26495792118772654,-2.3920779464107866,1,0,92.839,91.802,-1.036999999999992,0.2680000000000007,-0.6140000000000043,0.08933333333333356,0.0,0.036999999999999034,0.24864030244511812,0.08933333333333356,0,0,2022,Miami Grand Prix,0.0,19,0.0
SAI,54,0 days 00:01:31.802000,HARD,27.0,True,0 days 02:32:12.643000,29.5,3,38.5,0 days 00:00:30.414000,0 days 00:00:35.531000,0 days 00:00:25.857000,12,91.802,9132.643,1.0789999999997235,True,False,False,27.0,0.0,0.0,30.414,35.531,25.857,0,0,1,0.0,92.6466,0.2621398481729538,-3.221944339583016,1,1,92.225,91.894,-0.33099999999998886,0.0,-0.4229999999999876,-0.21233333333333348,0.0,-0.12199999999999989,0.25233747244513616,-0.21233333333333348,0,0,2022,Miami Grand Prix,0.0,19,0.0
SAI,55,0 days 00:01:31.894000,HARD,28.0,True,0 days 02:33:44.537000,29.4,3,38.5,0 days 00:00:30.552000,0 days 00:00:35.424000,0 days 00:00:25.918000,1,91.894,9224.537,1.1559999999990396,True,False,False,28.0,0.0,0.0,30.552,35.424,25.918,0,0,0,0.0,92.49280000000002,0.464820072716474,-1.2882404077357066,0,1,91.802,91.79,-0.012000000000000455,0.0,0.09199999999999875,-0.3113333333333325,0.0,0.06099999999999994,0.21462339108307835,-0.3113333333333325,0,0,2022,Miami Grand Prix,0.0,19,0.0
SAI,56,0 days 00:01:31.790000,HARD,29.0,True,0 days 02:35:16.327000,29.6,3,39.2,0 days 00:00:30.532000,0 days 00:00:35.317000,0 days 00:00:25.941000,12,91.79,9316.327,1.2290000000011787,True,False,False,29.0,0.0,0.0,30.532,35.317,25.941,0,0,1,0.0,92.2992,0.4740988293596201,-1.0740376657073483,0,0,91.894,92.044,0.14999999999999147,0.09199999999999875,-0.1039999999999992,-0.3149999999999977,0.0,0.08399999999999963,0.20293521133603187,-0.3149999999999977,0,0,2022,Miami Grand Prix,0.0,19,0.0
STR,2,0 days 00:01:37.539000,HARD,4.0,True,0 days 01:05:46.771000,30.4,19,40.4,0 days 00:00:33.523000,0 days 00:00:36.951000,0 days 00:00:27.065000,1,97.539,3946.771,1.043999999999869,True,False,False,4.0,0.0,0.0,33.523,36.951,27.065,0,0,0,0.0,91.951,0.18377703882744062,30.406410048030644,0,0,97.539,97.042,-0.4969999999999999,5.748999999999995,0.0,0.0806666666666634,0.0,1.147000000000002,0.11727105354690096,0.0,0,0,2022,Miami Grand Prix,0.0,19,0.0
STR,3,0 days 00:01:37.042000,HARD,5.0,True,0 days 01:07:23.813000,31.0,19,44.0,0 days 00:00:33.541000,0 days 00:00:36.633000,0 days 00:00:26.868000,1,97.042,4043.813,1.2439999999996871,True,False,False,5.0,0.0,0.0,33.541,36.633,26.868,0,0,0,0.0,,,0.0,0,0,97.539,96.912,-0.6269999999999953,0.0,-0.4969999999999999,0.0,0.0,0.0,0.0,0.0,0,0,2022,Miami Grand Prix,0.0,19,0.0
STR,4,0 days 00:01:36.912000,HARD,6.0,True,0 days 01:09:00.725000,31.3,19,46.5,0 days 00:00:33.516000,0 days 00:00:36.746000,0 days 00:00:26.650000,1,96.912,4140.725,1.1129999999993743,True,False,False,6.0,0.0,0.0,33.516,36.746,26.65,0,0,0,0.0,,,0.0,0,0,97.042,96.621,-0.4210000000000065,0.0,-0.12999999999999545,-0.24849999999999994,0.0,-0.21799999999999997,0.0,0.0,0,0,2022,Miami Grand Prix,0.0,19,0.0
STR,5,0 days 00:01:36.621000,HARD,7.0,True,0 days 01:10:37.346000,31.3,19,46.4,0 days 00:00:33.238000,0 days 00:00:36.590000,0 days 00:00:26.793000,1,96.621,4237.346,2.0330000000003565,True,False,False,7.0,0.0,0.0,33.238,36.59,26.793,0,0,0,0.0,97.16433333333333,0.33091741165030375,-1.641900106203849,1,0,96.912,96.828,-0.08400000000000318,0.0,-0.291000000000011,-0.20899999999999844,0.0,0.14300000000000068,0.7332982567368718,-0.31349999999999767,0,0,2022,Miami Grand Prix,0.0,19,0.0
STR,6,0 days 00:01:36.828000,HARD,8.0,True,0 days 01:12:14.174000,31.4,18,46.0,0 days 00:00:33.236000,0 days 00:00:36.940000,0 days 00:00:26.652000,1,96.828,4334.174,1.7089999999998327,True,False,False,8.0,0.0,0.0,33.236,36.94,26.652,0,0,0,0.0,97.02850000000001,0.3831540160301167,-0.5232882642792018,0,1,96.621,96.659,0.038000000000010914,0.0,0.20700000000000784,-0.3060000000000021,0.0,0.0020000000000024443,0.6045069616362311,-0.3060000000000021,0,0,2022,Miami Grand Prix,0.0,19,0.0
STR,7,0 days 00:01:36.659000,HARD,9.0,True,0 days 01:13:50.833000,31.5,18,46.3,0 days 00:00:33.177000,0 days 00:00:36.715000,0 days 00:00:26.767000,1,96.659,4430.833,1.3510000000005675,True,False,False,9.0,0.0,0.0,33.177,36.715,26.767,0,0,0,0.0,96.9884,0.3437227080074953,-0.9583306320070352,0,0,96.828,98.121,1.2929999999999922,0.20700000000000784,-0.16899999999999693,-0.07133333333333287,0.0,0.11700000000000088,0.5368637629790268,-0.07133333333333287,0,0,2022,Miami Grand Prix,0.0,19,0.0
STR,8,0 days 00:01:38.121000,HARD,10.0,True,0 days 01:15:28.954000,31.7,18,46.7,0 days 00:00:33.476000,0 days 00:00:36.758000,0 days 00:00:27.887000,1,98.121,4528.954,0.32700000000022555,True,False,False,10.0,0.0,0.0,33.476,36.758,27.887,0,0,0,0.0,96.8124,0.17538899623411672,7.461129421444566,0,0,96.659,96.982,0.3229999999999933,0.038000000000010914,1.461999999999989,-0.08433333333333337,0.0,1.2349999999999994,0.14254718517038514,-0.08433333333333337,0,1,2022,Miami Grand Prix,0.0,19,0.0
STR,9,0 days 00:01:36.982000,HARD,11.0,True,0 days 01:17:05.936000,31.6,18,46.6,0 days 00:00:33.224000,0 days 00:00:36.890000,0 days 00:00:26.868000,1,96.982,4625.936,0.27700000000004366,True,False,False,11.0,0.0,0.0,33.224,36.89,26.868,0,0,0,0.0,97.0282,0.6224778710926214,-0.07421950585794333,0,0,98.121,96.038,-2.0829999999999984,1.5,-1.1389999999999958,0.5,0.0,0.21599999999999753,0.5656241685076755,0.5,0,1,2022,Miami Grand Prix,0.0,19,0.0
STR,10,0 days 00:01:36.038000,HARD,12.0,True,0 days 01:18:41.974000,31.3,18,45.0,0 days 00:00:32.773000,0 days 00:00:36.442000,0 days 00:00:26.823000,1,96.038,4721.974,0.4149999999999636,True,False,False,12.0,0.0,0.0,32.773,36.442,26.823,0,0,0,0.0,97.04220000000001,0.6199933064154823,-1.6196949057496064,1,0,96.982,96.061,-0.9209999999999923,0.3610000000000042,-0.9440000000000026,0.05133333333333212,0.0,0.05600000000000094,0.5047645986001785,0.05133333333333212,0,1,2022,Miami Grand Prix,0.0,19,0.0
STR,11,0 days 00:01:36.061000,HARD,13.0,True,0 days 01:20:18.035000,31.0,18,44.9,0 days 00:00:32.918000,0 days 00:00:36.484000,0 days 00:00:26.659000,1,96.061,4818.035,0.7010000000000218,True,False,False,13.0,0.0,0.0,32.918,36.484,26.659,0,0,0,0.0,96.9256,0.7583859835202674,-1.1400527156194336,0,1,96.038,95.945,-0.09300000000000352,0.0,0.023000000000010346,-0.2070000000000031,0.0,-0.16400000000000148,0.5147656748463316,-0.2070000000000031,0,1,2022,Miami Grand Prix,0.0,19,0.0
STR,12,0 days 00:01:35.945000,HARD,14.0,True,0 days 01:21:53.980000,30.9,17,45.6,0 days 00:00:32.808000,0 days 00:00:36.713000,0 days 00:00:26.424000,1,95.945,4913.98,0.9160000000001673,True,False,False,14.0,0.0,0.0,32.808,36.713,26.424,0,0,0,0.0,96.7722,0.8545388815027674,-0.9680074457762704,0,0,96.061,95.874,-0.18700000000001182,0.023000000000010346,-0.11600000000001387,-0.6866666666666627,0.0,-0.23499999999999943,0.5452710335236963,-0.6866666666666627,0,1,2022,Miami Grand Prix,0.0,19,0.0
STR,13,0 days 00:01:35.874000,HARD,15.0,True,0 days 01:23:29.854000,30.6,16,45.2,0 days 00:00:32.852000,0 days 00:00:36.409000,0 days 00:00:26.613000,1,95.874,5009.854,1.4099999999998545,True,False,False,15.0,0.0,0.0,32.852,36.409,26.613,0,0,0,0.0,96.6294,0.9341350544755317,-0.8086625123217612,0,0,95.945,96.596,0.6510000000000105,0.0,-0.07099999999999795,-0.34566666666666873,0.0,0.18900000000000006,0.5940549637870218,-0.34566666666666873,0,0,2022,Miami Grand Prix,0.0,19,0.0
STR,14,0 days 00:01:36.596000,HARD,16.0,True,0 days 01:25:06.450000,30.3,16,46.5,0 days 00:00:33.156000,0 days 00:00:36.909000,0 days 00:00:26.531000,1,96.596,5106.45,1.0560000000004948,True,False,False,16.0,0.0,0.0,33.156,36.909,26.531,0,0,0,0.0,96.17999999999999,0.45452997700923226,0.9152311641517131,0,0,95.874,96.237,0.36299999999999955,0.0,0.7220000000000084,-0.05466666666666716,0.0,0.10699999999999932,0.20424568538894475,-0.05466666666666716,0,0,2022,Miami Grand Prix,0.0,19,0.0
STR,15,0 days 00:01:36.237000,HARD,17.0,True,0 days 01:26:42.687000,30.2,14,45.1,0 days 00:00:33.184000,0 days 00:00:36.058000,0 days 00:00:26.995000,1,96.237,5202.687,0.7210000000004584,True,False,False,17.0,0.0,0.0,33.184,36.058,26.995,0,0,0,0.0,96.1028,0.285675865273943,0.4697631697774134,0,0,96.596,96.606,0.009999999999990905,0.7220000000000084,-0.35900000000000887,0.1783333333333322,0.0,0.5710000000000015,0.1816488370455479,0.1783333333333322,0,1,2022,Miami Grand Prix,0.0,19,0.0
STR,16,0 days 00:01:36.606000,HARD,18.0,True,0 days 01:28:19.293000,30.2,14,45.7,0 days 00:00:33.637000,0 days 00:00:36.553000,0 days 00:00:26.416000,1,96.606,5299.293,1.4010000000007494,True,False,False,18.0,0.0,0.0,33.637,36.553,26.416,0,0,0,0.0,96.14259999999999,0.2882417388235361,1.607678339338996,0,0,96.237,95.631,-0.6059999999999945,0.36299999999999955,0.3689999999999998,0.09733333333333387,0.0,-0.11499999999999844,0.3207519290666861,0.09733333333333387,0,0,2022,Miami Grand Prix,0.0,19,0.0
STR,17,0 days 00:01:35.631000,HARD,19.0,True,0 days 01:29:54.924000,30.2,13,45.3,0 days 00:00:32.679000,0 days 00:00:36.526000,0 days 00:00:26.426000,1,95.631,5394.924,0.8930000000000291,True,False,False,19.0,0.0,0.0,32.679,36.526,26.426,0,0,0,0.0,96.2516,0.3467741339835132,-1.7896375167056187,1,0,96.606,95.651,-0.9549999999999983,0.7319999999999993,-0.9749999999999943,0.24399999999999977,0.0,0.00999999999999801,0.3115297738579734,0.24399999999999977,0,1,2022,Miami Grand Prix,0.0,19,0.0
STR,18,0 days 00:01:35.651000,HARD,20.0,True,0 days 01:31:30.575000,30.1,13,43.3,0 days 00:00:32.679000,0 days 00:00:36.581000,0 days 00:00:26.391000,1,95.651,5490.575,0.4850000000005821,True,False,False,20.0,0.0,0.0,32.679,36.581,26.391,0,0,0,0.0,96.1888,0.4337138457554872,-1.2399880826105727,0,1,95.631,95.332,-0.2990000000000066,0.0,0.01999999999999602,-0.3216666666666678,0.0,-0.02500000000000213,0.26000346151541953,-0.3216666666666678,0,1,2022,Miami Grand Prix,0.0,19,0.0
STR,19,0 days 00:01:35.332000,HARD,21.0,True,0 days 01:33:05.907000,29.9,12,42.6,0 days 00:00:32.670000,0 days 00:00:36.395000,0 days 00:00:26.267000,12,95.332,5585.907,1.2539999999999054,True,False,False,21.0,0.0,0.0,32.67,36.395,26.267,0,0,1,0.0,96.1442,0.48285991757446,-1.6820613400257187,1,0,95.651,95.175,-0.4759999999999991,0.01999999999999602,-0.3190000000000026,-0.19533333333333283,0.0,-0.12399999999999878,0.2698977584197401,-0.19533333333333283,0,0,2022,Miami Grand Prix,0.0,19,0.0
STR,20,0 days 00:01:35.175000,HARD,22.0,True,0 days 01:34:41.082000,29.8,12,42.6,0 days 00:00:32.466000,0 days 00:00:36.474000,0 days 00:00:26.235000,21,95.175,5681.082,0.9249999999992724,True,False,False,22.0,0.0,0.0,32.466,36.474,26.235,0,0,1,0.0,95.8914,0.51687068015125,-1.3860333493677175,0,1,95.332,94.923,-0.4089999999999918,0.0,-0.15699999999999648,-0.42466666666666697,0.0,-0.03200000000000003,0.2895121759097538,-0.42466666666666697,0,1,2022,Miami Grand Prix,0.0,19,0.0
STR,21,0 days 00:01:34.923000,HARD,23.0,True,0 days 01:36:16.005000,29.8,12,42.3,0 days 00:00:32.440000,0 days 00:00:36.313000,0 days 00:00:26.170000,1,94.923,5776.005,0.7100000000000364,True,False,False,23.0,0.0,0.0,32.44,36.313,26.17,0,0,0,0.0,95.679,0.5560669923669449,-1.3595484184055306,0,0,95.175,95.055,-0.11999999999999034,0.0,-0.25199999999999534,-0.15200000000000102,0.0,-0.06499999999999773,0.05914135608861015,-0.15200000000000102,0,1,2022,Miami Grand Prix,0.0,19,0.0
STR,22,0 days 00:01:35.055000,HARD,24.0,True,0 days 01:37:51.060000,29.7,12,42.4,0 days 00:00:32.465000,0 days 00:00:36.369000,0 days 00:00:26.221000,1,95.055,5871.06,0.6419999999998254,True,False,False,24.0,0.0,0.0,32.465,36.369,26.221,0,0,0,0.0,95.3424,0.30925361760215764,-0.9293343186359085,0,0,94.923,94.9,-0.022999999999996135,0.0,0.132000000000005,-0.2426666666666648,0.0,0.05099999999999838,0.05052425160257027,-0.2426666666666648,0,1,2022,Miami Grand Prix,0.0,19,0.0
STR,23,0 days 00:01:34.900000,HARD,25.0,True,0 days 01:39:25.960000,29.9,12,42.3,0 days 00:00:32.462000,0 days 00:00:36.222000,0 days 00:00:26.216000,1,94.9,5965.96,0.600999999999658,True,False,False,25.0,0.0,0.0,32.462,36.222,26.216,0,0,0,0.0,95.2272,0.2808490697866413,-1.1650385748066094,0,0,95.055,94.85,-0.2050000000000125,0.132000000000005,-0.15500000000000114,-0.09233333333332894,0.0,0.045999999999999375,0.06372989879169591,-0.09233333333332894,0,1,2022,Miami Grand Prix,0.0,19,0.0
STR,24,0 days 00:01:34.850000,HARD,26.0,True,0 days 01:41:00.810000,30.0,12,42.1,0 days 00:00:32.562000,0 days 00:00:36.115000,0 days 00:00:26.173000,1,94.85,6060.81,0.35599999999976717,True,False,False,26.0,0.0,0.0,32.562,36.115,26.173,0,0,0,0.0,95.07700000000001,0.18038708379489585,-1.258404954637008,0,0,94.9,95.183,0.28300000000000125,0.0,-0.05000000000001137,-0.09166666666666383,0.0,0.002999999999996561,0.07461032100185458,-0.09166666666666383,0,1,2022,Miami Grand Prix,0.0,19,0.0
STR,25,0 days 00:01:35.183000,HARD,27.0,True,0 days 01:42:35.993000,30.0,12,43.7,0 days 00:00:32.775000,0 days 00:00:36.073000,0 days 00:00:26.335000,1,95.183,6155.993,0.7369999999991705,True,False,False,27.0,0.0,0.0,32.775,36.073,26.335,0,0,0,0.0,94.9806,0.13247377098894253,1.5278496149770329,0,0,94.85,94.86,0.010000000000005116,0.0,0.3330000000000126,-0.024333333333335833,0.0,0.1620000000000026,0.04993295504974485,-0.024333333333335833,0,1,2022,Miami Grand Prix,0.0,19,0.0
STR,26,0 days 00:01:34.860000,HARD,28.0,True,0 days 01:44:10.853000,30.2,12,44.5,0 days 00:00:32.469000,0 days 00:00:36.173000,0 days 00:00:26.218000,1,94.86,6250.853,0.38100000000031287,True,False,False,28.0,0.0,0.0,32.469,36.173,26.218,0,0,0,0.0,94.9822,0.13542414851137585,-0.9023501446622832,0,0,95.183,94.975,-0.20800000000001262,0.3330000000000126,-0.3230000000000075,0.04266666666666671,0.0,0.045000000000001705,0.08281485374013567,0.04266666666666671,0,1,2022,Miami Grand Prix,0.0,19,0.0
STR,27,0 days 00:01:34.975000,HARD,29.0,True,0 days 01:45:45.828000,30.2,12,44.5,0 days 00:00:32.321000,0 days 00:00:36.359000,0 days 00:00:26.295000,1,94.975,6345.828,1.1289999999999054,True,False,False,29.0,0.0,0.0,32.321,36.359,26.295,0,0,0,0.0,94.9696,0.14490790178603866,0.03726504858215254,0,0,94.86,94.828,-0.031999999999996476,0.010000000000005116,0.11499999999999488,-0.013333333333335418,0.0,0.12200000000000344,0.05946679745875174,-0.013333333333335418,0,0,2022,Miami Grand Prix,0.0,19,0.0
STR,28,0 days 00:01:34.828000,HARD,30.0,True,0 days 01:47:20.656000,30.1,12,46.4,0 days 00:00:32.324000,0 days 00:00:36.270000,0 days 00:00:26.234000,1,94.828,6440.656,1.324999999999818,True,False,False,30.0,0.0,0.0,32.324,36.27,26.234,0,0,0,0.0,94.95360000000001,0.13734008883073037,-0.9145181211787757,0,0,94.975,94.692,-0.28300000000000125,0.125,-0.14699999999999136,0.041666666666666664,0.0,0.01600000000000179,0.06461656134459859,0.041666666666666664,0,0,2022,Miami Grand Prix,0.0,19,0.0
STR,29,0 days 00:01:34.692000,HARD,31.0,True,0 days 01:48:55.348000,30.0,12,45.6,0 days 00:00:32.379000,0 days 00:00:36.191000,0 days 00:00:26.122000,1,94.692,6535.348,0.9009999999998399,True,False,False,31.0,0.0,0.0,32.379,36.191,26.122,0,0,0,0.0,94.9392,0.1477453890990642,-1.6731486614059907,1,0,94.828,95.433,0.605000000000004,0.0,-0.1360000000000099,-0.11833333333333466,0.0,-0.09600000000000009,0.06927698030370714,-0.11833333333333466,0,1,2022,Miami Grand Prix,0.0,19,0.0
STR,30,0 days 00:01:35.433000,HARD,32.0,True,0 days 01:50:30.781000,29.9,12,43.8,0 days 00:00:32.583000,0 days 00:00:36.534000,0 days 00:00:26.316000,1,95.433,6630.781,1.2619999999997162,True,False,False,32.0,0.0,0.0,32.583,36.534,26.316,0,0,0,0.0,94.9076,0.18403342087793642,2.854916229310795,0,1,94.692,94.593,-0.09899999999998954,0.0,0.7410000000000139,-0.056000000000002124,0.0,0.19399999999999906,0.10028060630052162,-0.056000000000002124,0,0,2022,Miami Grand Prix,0.0,19,0.0
STR,31,0 days 00:01:34.593000,HARD,33.0,True,0 days 01:52:05.374000,29.9,11,45.0,0 days 00:00:32.308000,0 days 00:00:36.208000,0 days 00:00:26.077000,1,94.593,6725.374,3.3609999999998763,True,False,False,33.0,0.0,0.0,32.308,36.208,26.077,0,0,0,0.0,94.9576,0.28424162256790425,-1.282711506872623,0,0,95.433,94.723,-0.710000000000008,0.7410000000000139,-0.8400000000000034,0.15266666666667086,0.0,-0.04499999999999815,0.10980072859503247,0.15266666666667086,0,0,2022,Miami Grand Prix,0.0,19,0.0
STR,32,0 days 00:01:34.723000,HARD,34.0,True,0 days 01:53:40.097000,29.8,11,44.3,0 days 00:00:32.161000,0 days 00:00:36.241000,0 days 00:00:26.321000,1,94.723,6820.097,4.018000000000029,True,False,False,34.0,0.0,0.0,32.161,36.241,26.321,0,0,0,0.0,94.9042,0.32875629271549506,-0.5511681571273043,0,0,94.593,94.575,-0.018000000000000682,0.0,0.12999999999999545,-0.07833333333333314,0.0,0.24399999999999977,0.11908064494282836,-0.07833333333333314,0,0,2022,Miami Grand Prix,0.0,19,0.0
STR,33,0 days 00:01:34.575000,HARD,35.0,True,0 days 01:55:14.672000,29.9,11,44.3,0 days 00:00:32.172000,0 days 00:00:36.104000,0 days 00:00:26.299000,1,94.575,6914.672,4.337000000000444,True,False,False,35.0,0.0,0.0,32.172,36.104,26.299,0,0,0,0.0,94.8538,0.3344558266797562,-0.8335928925733948,0,0,94.723,94.498,-0.22499999999999432,0.12999999999999545,-0.14799999999999613,0.010333333333335304,0.0,0.22199999999999775,0.14922734333894627,0.010333333333335304,0,0,2022,Miami Grand Prix,0.0,19,0.0
STR,34,0 days 00:01:34.498000,HARD,36.0,True,0 days 01:56:49.170000,29.8,11,43.0,0 days 00:00:32.159000,0 days 00:00:36.120000,0 days 00:00:26.219000,1,94.498,7009.17,4.769000000000233,True,False,False,36.0,0.0,0.0,32.159,36.12,26.219,0,0,0,0.0,94.8032,0.3576677228938069,-0.8533059609927801,0,0,94.575,94.657,0.08199999999999363,0.0,-0.07699999999999818,-0.28600000000000136,0.0,0.14199999999999946,0.16110927968307615,-0.28600000000000136,0,0,2022,Miami Grand Prix,0.0,19,0.0
STR,35,0 days 00:01:34.657000,HARD,37.0,True,0 days 01:58:23.827000,29.5,11,41.8,0 days 00:00:32.236000,0 days 00:00:36.234000,0 days 00:00:26.187000,1,94.657,7103.827,4.537999999999556,True,False,False,37.0,0.0,0.0,32.236,36.234,26.187,0,0,0,0.0,94.7644,0.3824131273897913,-0.2808480993659149,0,0,94.498,94.731,0.23299999999998988,0.0,0.15899999999999181,-0.03166666666666629,0.0,-0.03200000000000003,0.11622736338745572,-0.03166666666666629,0,0,2022,Miami Grand Prix,0.0,19,0.0
STR,36,0 days 00:01:34.731000,HARD,38.0,True,0 days 01:59:58.558000,29.4,11,41.8,0 days 00:00:32.224000,0 days 00:00:36.230000,0 days 00:00:26.277000,1,94.731,7198.558,3.7510000000002037,True,False,False,38.0,0.0,0.0,32.224,36.23,26.277,0,0,0,0.0,94.60920000000002,0.08519507028015347,1.4296601857296998,0,0,94.657,94.064,-0.5930000000000035,0.15899999999999181,0.07399999999999807,-0.022000000000000835,0.0,0.08999999999999986,0.1375143628862079,-0.022000000000000835,0,0,2022,Miami Grand Prix,0.0,19,0.0
STR,37,0 days 00:01:34.064000,HARD,39.0,True,0 days 02:01:32.622000,29.6,11,41.7,0 days 00:00:31.910000,0 days 00:00:36.095000,0 days 00:00:26.059000,1,94.064,7292.622,3.3609999999998763,True,False,False,39.0,0.0,0.0,31.91,36.095,26.059,0,0,0,0.0,94.6368,0.09974567659823849,-5.742604787846179,1,0,94.731,94.29,-0.4409999999999883,0.23299999999998988,-0.6670000000000016,0.051999999999997236,0.0,-0.1280000000000001,0.11112695442600712,0.051999999999997236,0,0,2022,Miami Grand Prix,0.0,19,0.0
STR,38,0 days 00:01:34.290000,HARD,40.0,True,0 days 02:03:06.912000,29.7,11,42.9,0 days 00:00:32.002000,0 days 00:00:36.064000,0 days 00:00:26.224000,1,94.29,7386.912,3.0850000000000364,True,False,False,40.0,0.0,0.0,32.002,36.064,26.224,0,0,0,0.0,94.505,0.2615387160633009,-0.8220580235163049,0,1,94.064,94.623,0.5590000000000117,0.0,0.2260000000000133,-0.14466666666667058,0.0,0.16499999999999915,0.13934561349393018,-0.14466666666667058,0,0,2022,Miami Grand Prix,0.0,19,0.0
STR,39,0 days 00:01:34.623000,HARD,41.0,True,0 days 02:04:41.535000,29.8,10,42.7,0 days 00:00:32.525000,0 days 00:00:35.991000,0 days 00:00:26.107000,1,94.623,7481.535,1.1630000000004657,True,False,False,41.0,0.0,0.0,32.525,35.991,26.107,0,0,0,0.0,94.44800000000001,0.2732626941242413,0.6404094073683979,0,0,94.29,99.782,5.49199999999999,0.2260000000000133,0.3329999999999984,-0.12233333333333007,0.0,0.047999999999998266,0.12416038015405684,-0.12233333333333007,0,0,2022,Miami Grand Prix,0.0,19,0.0
STR,47,0 days 00:01:39.782000,MEDIUM,9.0,True,0 days 02:21:33.552000,29.6,15,40.7,0 days 00:00:36.988000,0 days 00:00:36.172000,0 days 00:00:26.622000,12,99.782,8493.552,8.936999999999898,False,True,False,9.0,0.0,0.0,36.988,36.172,26.622,0,0,1,0.0,94.473,0.2844688032105438,18.66285490739963,0,0,94.623,94.599,-0.02400000000000091,0.5590000000000117,5.158999999999992,-0.035999999999996625,0.0,0.5629999999999988,0.11285743218769383,-0.035999999999996625,0,0,2022,Miami Grand Prix,0.0,19,0.0
STR,48,0 days 00:01:34.599000,MEDIUM,10.0,True,0 days 02:23:08.151000,29.6,15,39.8,0 days 00:00:32.474000,0 days 00:00:36.014000,0 days 00:00:26.111000,1,94.599,8588.151,8.665000000000873,False,True,False,10.0,0.0,0.0,32.474,36.014,26.111,0,0,0,0.0,95.49799999999999,2.409470377489636,-0.37311104066638545,0,0,99.782,93.754,-6.027999999999992,5.7180000000000035,-5.182999999999993,1.9060000000000012,0.0,0.004000000000001336,0.25595566022262495,1.9060000000000012,0,0,2022,Miami Grand Prix,0.0,19,0.0
STR,49,0 days 00:01:33.754000,MEDIUM,11.0,True,0 days 02:24:41.905000,29.6,14,39.6,0 days 00:00:32.002000,0 days 00:00:35.837000,0 days 00:00:25.915000,1,93.754,8681.905,0.18099999999867578,False,True,False,11.0,0.0,0.0,32.002,35.837,25.915,0,0,0,0.0,95.47160000000001,2.4206722826520832,-0.7095549498002289,0,0,94.599,95.225,0.6259999999999906,0.5350000000000108,-0.8449999999999989,0.10299999999999916,0.0,-0.19200000000000017,0.26357029422907224,0.10299999999999916,0,1,2022,Miami Grand Prix,0.0,19,0.0
STR,50,0 days 00:01:35.225000,MEDIUM,12.0,True,0 days 02:26:17.130000,29.7,15,39.5,0 days 00:00:33.182000,0 days 00:00:35.949000,0 days 00:00:26.094000,1,95.225,8777.13,7.452000000001135,False,True,False,12.0,0.0,0.0,33.182,35.949,26.094,0,0,0,0.0,95.4096,2.4692209905150326,-0.07476042067887133,0,0,93.754,93.63,-0.12400000000000944,0.0,1.4709999999999894,-0.2896666666666666,0.0,0.17900000000000205,0.2802807521040282,-0.2896666666666666,0,0,2022,Miami Grand Prix,0.0,19,0.0
STR,51,0 days 00:01:33.630000,MEDIUM,13.0,True,0 days 02:27:50.760000,29.6,15,38.6,0 days 00:00:31.846000,0 days 00:00:35.857000,0 days 00:00:25.927000,1,93.63,8870.76,7.139999999999418,False,True,False,13.0,0.0,0.0,31.846,35.857,25.927,0,0,0,0.0,95.5966,2.397599695528852,-0.8202370077321084,0,0,95.225,93.312,-1.9129999999999967,1.4709999999999894,-1.5949999999999989,-1.5190000000000008,0.0,0.012000000000000455,0.280941808921349,-1.5190000000000008,0,0,2022,Miami Grand Prix,0.0,19,0.0
STR,52,0 days 00:01:33.312000,MEDIUM,14.0,True,0 days 02:29:24.072000,29.7,15,39.2,0 days 00:00:31.834000,0 days 00:00:35.658000,0 days 00:00:25.820000,1,93.312,8964.072,7.139999999999418,False,True,False,14.0,0.0,0.0,31.834,35.658,25.82,0,0,0,0.0,95.398,2.535564335606582,-0.8226965376924524,0,0,93.63,95.122,1.4920000000000044,0.0,-0.31799999999999784,-0.3230000000000028,0.0,-0.09499999999999886,0.28370882961233285,-0.3230000000000028,0,0,2022,Miami Grand Prix,0.0,19,0.0
STR,53,0 days 00:01:35.122000,MEDIUM,15.0,True,0 days 02:30:59.194000,29.7,15,39.4,0 days 00:00:32.439000,0 days 00:00:36.653000,0 days 00:00:26.030000,1,95.122,9059.194,5.111000000000786,False,True,False,15.0,0.0,0.0,32.439,36.653,26.03,0,0,0,0.0,94.104,0.7867823714344657,1.2938774900916727,0,0,93.312,95.369,2.057000000000002,0.0,1.8100000000000023,-0.14733333333333576,0.0,0.21000000000000085,0.13820021707653057,-0.14733333333333576,0,0,2022,Miami Grand Prix,0.0,19,0.0
STR,54,0 days 00:01:35.369000,MEDIUM,16.0,True,0 days 02:32:34.563000,29.5,12,38.5,0 days 00:00:32.730000,0 days 00:00:36.453000,0 days 00:00:26.186000,12,95.369,9154.563,0.9760000000005675,False,True,False,16.0,0.0,0.0,32.73,36.453,26.186,0,0,1,0.0,94.20859999999999,0.8962002008480244,1.2947999776188266,0,0,95.122,93.84,-1.2819999999999965,1.8100000000000023,0.2469999999999999,-0.034333333333331474,0.0,0.36599999999999966,0.17289794677786133,-0.034333333333331474,0,1,2022,Miami Grand Prix,0.0,19,0.0
STR,55,0 days 00:01:33.840000,MEDIUM,17.0,True,0 days 02:34:08.403000,29.6,12,39.2,0 days 00:00:32.223000,0 days 00:00:35.659000,0 days 00:00:25.958000,1,93.84,9248.403,0.7080000000005384,False,True,False,17.0,0.0,0.0,32.223,35.659,25.958,0,0,0,0.0,94.5316,0.9786369602666976,-0.7066972003709319,0,0,95.369,95.307,-0.06199999999999761,2.057000000000002,-1.5289999999999964,0.5796666666666681,0.0,0.13799999999999812,0.17954748675489682,0.5796666666666681,0,1,2022,Miami Grand Prix,0.0,19,0.0
STR,56,0 days 00:01:35.307000,MEDIUM,18.0,True,0 days 02:35:43.710000,29.6,12,39.2,0 days 00:00:31.862000,0 days 00:00:37.390000,0 days 00:00:26.055000,12,95.307,9343.71,1.0270000000000437,False,True,False,18.0,0.0,0.0,31.862,37.39,26.055,0,0,1,0.0,94.2546,0.9280063577368647,1.13404395479197,0,0,93.84,93.432,-0.40800000000000125,0.5280000000000058,1.4669999999999987,0.17600000000000193,0.0,0.09700000000000131,0.17793032344150841,0.17600000000000193,0,0,2022,Miami Grand Prix,0.0,19,0.0
TSU,2,0 days 00:01:37.169000,MEDIUM,2.0,True,0 days 01:05:36.381000,30.4,10,40.4,0 days 00:00:33.692000,0 days 00:00:36.656000,0 days 00:00:26.821000,1,97.169,3936.381,0.9169999999999163,False,True,False,2.0,0.0,0.0,33.692,36.656,26.821,0,0,0,0.0,94.614,0.9089194133695485,2.8110302876336304,0,0,97.169,96.339,-0.8299999999999983,3.7369999999999948,0.0,-0.6456666666666658,0.0,0.929000000000002,0.15800316452527086,0.0,0,1,2022,Miami Grand Prix,0.0,19,0.0
TSU,3,0 days 00:01:36.339000,MEDIUM,3.0,True,0 days 01:07:12.720000,31.0,10,44.0,0 days 00:00:33.219000,0 days 00:00:36.537000,0 days 00:00:26.583000,1,96.339,4032.72,0.7880000000000109,False,True,False,3.0,0.0,0.0,33.219,36.537,26.583,0,0,0,0.0,,,0.0,0,0,97.169,95.962,-1.2069999999999936,0.0,-0.8299999999999983,0.0,0.0,0.0,0.0,0.0,0,1,2022,Miami Grand Prix,0.0,19,0.0
TSU,4,0 days 00:01:35.962000,MEDIUM,4.0,True,0 days 01:08:48.682000,31.3,10,46.5,0 days 00:00:32.850000,0 days 00:00:36.460000,0 days 00:00:26.652000,1,95.962,4128.682,0.706000000000131,False,True,False,4.0,0.0,0.0,32.85,36.46,26.652,0,0,0,0.0,,,0.0,0,0,96.339,96.836,0.4969999999999999,0.0,-0.37699999999999534,-0.41499999999999915,0.0,0.06900000000000261,0.0,0.0,0,1,2022,Miami Grand Prix,0.0,19,0.0
TSU,5,0 days 00:01:36.836000,MEDIUM,5.0,True,0 days 01:10:25.518000,31.3,10,46.4,0 days 00:00:32.816000,0 days 00:00:36.724000,0 days 00:00:27.296000,1,96.836,4225.518,0.14000000000032742,False,True,False,5.0,0.0,0.0,32.816,36.724,27.296,0,0,0,0.0,96.49000000000001,0.617505465562848,0.5603189271930007,0,0,95.962,99.018,3.0559999999999974,0.0,0.8739999999999952,-0.4023333333333312,0.0,0.713000000000001,0.5175908937890367,-0.6034999999999968,0,1,2022,Miami Grand Prix,0.0,19,0.0
TSU,6,0 days 00:01:39.018000,MEDIUM,6.0,True,0 days 01:12:04.536000,31.4,12,46.0,0 days 00:00:35.058000,0 days 00:00:37.393000,0 days 00:00:26.567000,1,99.018,4324.536,0.6920000000000073,False,True,False,6.0,0.0,0.0,35.058,37.393,26.567,0,0,0,0.0,96.5765,0.5330456515784182,4.580283119786087,0,0,96.836,96.688,-0.14799999999999613,0.8739999999999952,2.182000000000002,-0.11099999999999947,0.0,-0.015999999999998238,0.4634259200059202,-0.11099999999999947,0,1,2022,Miami Grand Prix,0.0,19,0.0
TSU,7,0 days 00:01:36.688000,MEDIUM,7.0,True,0 days 01:13:41.224000,31.5,12,46.3,0 days 00:00:33.396000,0 days 00:00:36.703000,0 days 00:00:26.589000,1,96.688,4421.224,0.7069999999994252,False,True,False,7.0,0.0,0.0,33.396,36.703,26.589,0,0,0,0.0,97.0648,1.1854483118213142,-0.3178544321524151,0,0,99.018,96.383,-2.635000000000005,3.0559999999999974,-2.3299999999999983,0.8930000000000007,0.0,0.021999999999998465,0.4477225703490948,0.8930000000000007,0,1,2022,Miami Grand Prix,0.0,19,0.0
TSU,8,0 days 00:01:36.383000,MEDIUM,8.0,True,0 days 01:15:17.607000,31.7,12,46.7,0 days 00:00:33,0 days 00:00:36.758000,0 days 00:00:26.625000,1,96.383,4517.607,0.7719999999999345,False,True,False,8.0,0.0,0.0,33.0,36.758,26.625,0,0,0,0.0,96.96860000000001,1.1943616705169344,-0.4903037450511609,0,0,96.688,97.376,0.6880000000000024,0.7259999999999991,-0.3050000000000068,0.2419999999999997,0.0,0.05799999999999983,0.31212225168994295,0.2419999999999997,0,1,2022,Miami Grand Prix,0.0,19,0.0
TSU,9,0 days 00:01:37.376000,MEDIUM,9.0,True,0 days 01:16:54.983000,31.6,12,46.7,0 days 00:00:33.057000,0 days 00:00:37.473000,0 days 00:00:26.846000,1,97.376,4614.983,0.3580000000001746,False,True,False,9.0,0.0,0.0,33.057,37.473,26.846,0,0,0,0.0,96.9774,1.1887118237823673,0.335320968484771,0,0,96.383,97.222,0.8389999999999986,0.42099999999999227,0.9930000000000092,-0.151000000000001,0.0,0.2789999999999999,0.3058148132448788,-0.151000000000001,0,1,2022,Miami Grand Prix,0.0,19,0.0
TSU,10,0 days 00:01:37.222000,MEDIUM,10.0,True,0 days 01:18:32.205000,31.3,13,45.0,0 days 00:00:33.885000,0 days 00:00:36.714000,0 days 00:00:26.623000,1,97.222,4712.205,0.386000000000422,False,True,False,10.0,0.0,0.0,33.885,36.714,26.623,0,0,0,0.0,97.2602,1.0464354734048398,-0.03650487867704836,0,0,97.376,95.73,-1.6460000000000008,0.9930000000000092,-0.15400000000001057,-0.547333333333332,0.0,0.03400000000000247,0.3030209563710078,-0.547333333333332,0,1,2022,Miami Grand Prix,0.0,19,0.0
TSU,13,0 days 00:01:35.730000,HARD,2.0,True,0 days 01:23:40.364000,30.6,19,45.2,0 days 00:00:32.769000,0 days 00:00:36.305000,0 days 00:00:26.656000,1,95.73,5020.364,0.0,True,False,False,2.0,0.0,0.0,32.769,36.305,26.656,0,0,0,0.0,97.3374,1.021252074661301,-1.573950290904519,1,0,97.222,95.801,-1.4209999999999923,0.8389999999999986,-1.4919999999999902,0.17799999999999727,0.0,0.0329999999999977,0.11691364334413626,0.17799999999999727,0,0,2022,Miami Grand Prix,0.0,19,0.0
TSU,14,0 days 00:01:35.801000,HARD,3.0,True,0 days 01:25:16.165000,30.3,19,46.5,0 days 00:00:32.628000,0 days 00:00:36.502000,0 days 00:00:26.671000,1,95.801,5116.165,0.0,True,False,False,3.0,0.0,0.0,32.628,36.502,26.671,0,0,0,0.0,96.6798,0.6650099247379592,-1.3214840370183663,0,1,95.73,95.909,0.17900000000000205,0.0,0.07099999999999795,-0.21766666666666387,0.0,0.047999999999998266,0.10913157196705285,-0.21766666666666387,0,0,2022,Miami Grand Prix,0.0,19,0.0
TSU,15,0 days 00:01:35.909000,HARD,4.0,True,0 days 01:26:52.074000,30.2,19,45.1,0 days 00:00:32.722000,0 days 00:00:36.545000,0 days 00:00:26.642000,1,95.909,5212.074,0.0,True,False,False,4.0,0.0,0.0,32.722,36.545,26.642,0,0,0,0.0,96.5024,0.7719814116932975,-0.7686713579001846,0,0,95.801,95.879,0.07800000000000296,0.07099999999999795,0.10800000000000409,-0.5250000000000009,0.0,0.01899999999999835,0.10594007740227503,-0.5250000000000009,0,0,2022,Miami Grand Prix,0.0,19,0.0
TSU,16,0 days 00:01:35.879000,HARD,5.0,True,0 days 01:28:27.953000,30.2,19,45.7,0 days 00:00:32.620000,0 days 00:00:36.586000,0 days 00:00:26.673000,1,95.879,5307.953,0.0,True,False,False,5.0,0.0,0.0,32.62,36.586,26.673,0,0,0,0.0,96.4076,0.8180393022342943,-0.6461792221428025,0,0,95.909,96.175,0.26599999999999113,0.17900000000000205,-0.030000000000001137,-0.4376666666666627,0.0,0.030999999999998806,0.11026921601244867,-0.4376666666666627,0,0,2022,Miami Grand Prix,0.0,19,0.0
TSU,17,0 days 00:01:36.175000,HARD,6.0,True,0 days 01:30:04.128000,30.2,18,44.7,0 days 00:00:32.664000,0 days 00:00:36.435000,0 days 00:00:27.076000,1,96.175,5404.128,0.0,True,False,False,6.0,0.0,0.0,32.664,36.435,27.076,0,0,0,0.0,96.1082,0.6265322816902231,0.10661860841358628,0,0,95.879,96.229,0.3499999999999943,0.1490000000000009,0.29599999999999227,0.04966666666666697,0.0,0.43400000000000105,0.010319883720274887,0.04966666666666697,0,0,2022,Miami Grand Prix,0.0,19,0.0
TSU,18,0 days 00:01:36.229000,HARD,7.0,True,0 days 01:31:40.357000,30.1,18,43.3,0 days 00:00:32.763000,0 days 00:00:36.802000,0 days 00:00:26.664000,1,96.229,5500.357,0.7889999999997599,True,False,False,7.0,0.0,0.0,32.763,36.802,26.664,0,0,0,0.0,95.89880000000001,0.1694408451346686,1.948762706757946,0,0,96.175,97.477,1.3020000000000067,0.4449999999999932,0.054000000000002046,0.12466666666666508,0.0,0.022000000000002018,0.17974009013016667,0.12466666666666508,0,1,2022,Miami Grand Prix,0.0,19,0.0
TSU,19,0 days 00:01:37.477000,HARD,8.0,True,0 days 01:33:17.834000,29.9,19,42.6,0 days 00:00:32.652000,0 days 00:00:37.685000,0 days 00:00:27.140000,12,97.477,5597.834,0.0,True,False,False,8.0,0.0,0.0,32.652,37.685,27.14,0,0,1,0.0,95.9986,0.19077421209365786,7.749475066756971,0,0,96.229,95.827,-0.402000000000001,0.42799999999999727,1.2480000000000047,0.1066666666666644,0.0,0.4759999999999991,0.18102679359697074,0.1066666666666644,0,0,2022,Miami Grand Prix,0.0,19,0.0
TSU,20,0 days 00:01:35.827000,HARD,9.0,True,0 days 01:34:53.661000,29.8,19,42.6,0 days 00:00:32.772000,0 days 00:00:36.507000,0 days 00:00:26.548000,1,95.827,5693.661,0.0,True,False,False,9.0,0.0,0.0,32.772,36.507,26.548,0,0,0,0.0,96.3338,0.6577242583332129,-0.7705356668527283,0,0,97.477,96.67,-0.8070000000000022,1.597999999999999,-1.6500000000000057,0.5326666666666663,0.0,-0.11600000000000321,0.23657620336796356,0.5326666666666663,0,0,2022,Miami Grand Prix,0.0,19,0.0
TSU,21,0 days 00:01:36.670000,HARD,10.0,True,0 days 01:36:30.331000,29.8,19,42.3,0 days 00:00:32.533000,0 days 00:00:36.440000,0 days 00:00:27.697000,1,96.67,5790.331,0.0,True,False,False,10.0,0.0,0.0,32.533,36.44,27.697,0,0,0,0.0,96.31739999999999,0.6718353965071916,0.5248309360196611,0,0,95.827,95.405,-0.42199999999999704,0.0,0.8430000000000035,-0.11599999999999966,0.0,1.149000000000001,0.2675589654636906,-0.11599999999999966,0,0,2022,Miami Grand Prix,0.0,19,0.0
TSU,22,0 days 00:01:35.405000,HARD,11.0,True,0 days 01:38:05.736000,29.8,19,42.1,0 days 00:00:32.561000,0 days 00:00:36.473000,0 days 00:00:26.371000,1,95.405,5885.736,0.0,True,False,False,11.0,0.0,0.0,32.561,36.473,26.371,0,0,0,0.0,96.4756,0.6349108598850608,-1.6862209605200513,1,0,96.67,96.243,-0.4270000000000067,0.8430000000000035,-1.2650000000000006,0.14700000000000082,0.0,-0.1769999999999996,0.49417304661424094,0.14700000000000082,0,0,2022,Miami Grand Prix,0.0,19,0.0
TSU,23,0 days 00:01:36.243000,HARD,12.0,True,0 days 01:39:41.979000,29.9,19,42.3,0 days 00:00:33.085000,0 days 00:00:36.653000,0 days 00:00:26.505000,1,96.243,5981.979,0.0,True,False,False,12.0,0.0,0.0,33.085,36.653,26.505,0,0,0,0.0,96.3216,0.798387625154584,-0.09844841969436853,0,1,95.405,96.959,1.554000000000002,0.0,0.8379999999999939,-0.6906666666666675,0.0,0.13400000000000034,0.5534850494819173,-0.6906666666666675,0,0,2022,Miami Grand Prix,0.0,19,0.0
TSU,24,0 days 00:01:36.959000,HARD,13.0,True,0 days 01:41:18.938000,30.0,18,42.5,0 days 00:00:33.291000,0 days 00:00:36.769000,0 days 00:00:26.899000,1,96.959,6078.938,0.4679999999998472,True,False,False,13.0,0.0,0.0,33.291,36.769,26.899,0,0,0,0.0,96.3244,0.7980061403272389,0.7952319762098261,0,0,96.243,95.312,-0.9309999999999974,0.8379999999999939,0.7160000000000082,0.1386666666666656,0.0,0.5280000000000022,0.5430669387837938,0.1386666666666656,0,1,2022,Miami Grand Prix,0.0,19,0.0
TSU,25,0 days 00:01:35.312000,HARD,14.0,True,0 days 01:42:54.250000,30.0,18,43.7,0 days 00:00:32.414000,0 days 00:00:36.410000,0 days 00:00:26.488000,1,95.312,6174.25,1.5090000000000146,True,False,False,14.0,0.0,0.0,32.414,36.41,26.488,0,0,0,0.0,96.2208,0.6260632555900175,-1.4516105072218681,0,0,96.959,95.341,-1.6180000000000092,1.554000000000002,-1.6470000000000056,0.09633333333333383,0.0,0.11700000000000088,0.5479190633661154,0.09633333333333383,0,0,2022,Miami Grand Prix,0.0,19,0.0
TSU,26,0 days 00:01:35.341000,HARD,15.0,True,0 days 01:44:29.591000,30.2,18,44.5,0 days 00:00:32.300000,0 days 00:00:36.526000,0 days 00:00:26.515000,1,95.341,6269.591,2.145999999999731,True,False,False,15.0,0.0,0.0,32.3,36.526,26.515,0,0,0,0.0,96.11780000000002,0.7391912472425318,-1.0508782441591213,0,0,95.312,95.257,-0.05499999999999261,0.0,0.028999999999996362,-0.031000000000001176,0.0,0.027000000000001023,0.5120446269613619,-0.031000000000001176,0,0,2022,Miami Grand Prix,0.0,19,0.0
TSU,27,0 days 00:01:35.257000,HARD,16.0,True,0 days 01:46:04.848000,30.3,18,46.4,0 days 00:00:32.341000,0 days 00:00:36.454000,0 days 00:00:26.462000,1,95.257,6364.848,3.5739999999996144,True,False,False,16.0,0.0,0.0,32.341,36.454,26.462,0,0,0,0.0,95.852,0.7298732766720277,-0.815210008390765,0,0,95.341,95.29,-0.05099999999998772,0.028999999999996362,-0.08399999999998897,-0.300666666666667,0.0,-0.0259999999999998,0.2565924784556248,-0.300666666666667,0,0,2022,Miami Grand Prix,0.0,19,0.0
TSU,28,0 days 00:01:35.290000,HARD,17.0,True,0 days 01:47:40.138000,30.1,18,46.4,0 days 00:00:32.237000,0 days 00:00:36.552000,0 days 00:00:26.501000,1,95.29,6460.138,3.5399999999999636,True,False,False,17.0,0.0,0.0,32.237,36.552,26.501,0,0,0,0.0,95.82239999999999,0.7550985366162221,-0.7050735423032253,0,0,95.257,95.35,0.09299999999998931,0.0,0.03300000000000125,-0.5673333333333327,0.0,0.03900000000000148,0.21803325434437804,-0.5673333333333327,0,0,2022,Miami Grand Prix,0.0,19,0.0
TSU,29,0 days 00:01:35.350000,HARD,18.0,True,0 days 01:49:15.488000,30.0,18,45.1,0 days 00:00:32.134000,0 days 00:00:36.594000,0 days 00:00:26.622000,1,95.35,6555.488,3.699999999999818,True,False,False,18.0,0.0,0.0,32.134,36.594,26.622,0,0,0,0.0,95.6318,0.7425629266263921,-0.37949645733093124,0,0,95.29,95.729,0.43899999999999295,0.03300000000000125,0.05999999999998806,-0.0073333333333304536,0.0,0.16000000000000014,0.22447382920955444,-0.0073333333333304536,0,0,2022,Miami Grand Prix,0.0,19,0.0
TSU,30,0 days 00:01:35.729000,HARD,19.0,True,0 days 01:50:51.217000,29.9,18,43.8,0 days 00:00:32.245000,0 days 00:00:36.895000,0 days 00:00:26.589000,1,95.729,6651.217,3.3820000000005166,True,False,False,19.0,0.0,0.0,32.245,36.895,26.589,0,0,0,0.0,95.30999999999999,0.037993420482212804,11.02822527379898,0,0,95.35,95.095,-0.25499999999999545,0.09299999999998931,0.3790000000000049,0.0030000000000001137,0.0,0.1269999999999989,0.07435926304099522,0.0030000000000001137,0,0,2022,Miami Grand Prix,0.0,19,0.0
TSU,31,0 days 00:01:35.095000,HARD,20.0,True,0 days 01:52:26.312000,29.9,18,45.0,0 days 00:00:32.086000,0 days 00:00:36.464000,0 days 00:00:26.545000,1,95.095,6746.312,4.551000000000386,True,False,False,20.0,0.0,0.0,32.086,36.464,26.545,0,0,0,0.0,95.3934,0.19141133717714,-1.5589463215747201,1,0,95.729,94.84,-0.8889999999999958,0.4719999999999942,-0.6340000000000003,0.1573333333333314,0.0,0.04400000000000048,0.07627122655366082,0.1573333333333314,0,0,2022,Miami Grand Prix,0.0,19,0.0
TSU,32,0 days 00:01:34.840000,HARD,21.0,True,0 days 01:54:01.152000,29.8,18,44.3,0 days 00:00:31.944000,0 days 00:00:36.374000,0 days 00:00:26.522000,1,94.84,6841.152,5.220000000000255,True,False,False,21.0,0.0,0.0,31.944,36.374,26.522,0,0,0,0.0,95.3442,0.23491849650450888,-2.1462762937030804,1,1,95.095,94.532,-0.5630000000000024,0.0,-0.25499999999999545,-0.06500000000000246,0.0,-0.02300000000000324,0.07448959658905308,-0.06500000000000246,0,0,2022,Miami Grand Prix,0.0,19,0.0
TSU,33,0 days 00:01:34.532000,HARD,22.0,True,0 days 01:55:35.684000,29.9,18,44.3,0 days 00:00:31.873000,0 days 00:00:36.258000,0 days 00:00:26.401000,1,94.532,6935.684,6.105999999999767,True,False,False,22.0,0.0,0.0,31.873,36.258,26.401,0,0,0,0.0,95.2608,0.32885513527986165,-2.2161733900849225,1,1,94.84,94.744,-0.09600000000000364,0.0,-0.30800000000000693,-0.16999999999999696,0.0,-0.12099999999999866,0.0735411449462138,-0.16999999999999696,0,0,2022,Miami Grand Prix,0.0,19,0.0
TSU,34,0 days 00:01:34.744000,HARD,23.0,True,0 days 01:57:10.428000,29.6,18,42.1,0 days 00:00:31.989000,0 days 00:00:36.344000,0 days 00:00:26.411000,1,94.744,7030.428,0.0,True,False,False,23.0,0.0,0.0,31.989,36.344,26.411,0,0,0,0.0,95.1092,0.46042556401652257,-0.7931792422952783,0,1,94.532,94.414,-0.117999999999995,0.0,0.2120000000000033,-0.3990000000000009,0.0,0.010000000000001563,0.1138433133741279,-0.3990000000000009,0,0,2022,Miami Grand Prix,0.0,19,0.0
TSU,35,0 days 00:01:34.414000,HARD,24.0,True,0 days 01:58:44.842000,29.5,18,41.8,0 days 00:00:31.792000,0 days 00:00:36.196000,0 days 00:00:26.426000,1,94.414,7124.842,0.0,True,False,False,24.0,0.0,0.0,31.792,36.196,26.426,0,0,0,0.0,94.98800000000001,0.46095173283102975,-1.2452496847656334,0,0,94.744,94.084,-0.6599999999999966,0.2120000000000033,-0.3299999999999983,-0.1169999999999997,0.0,0.02499999999999858,0.0909136953379404,-0.1169999999999997,0,0,2022,Miami Grand Prix,0.0,19,0.0
TSU,36,0 days 00:01:34.084000,HARD,25.0,True,0 days 02:00:18.926000,29.4,18,41.0,0 days 00:00:31.795000,0 days 00:00:35.995000,0 days 00:00:26.294000,1,94.084,7218.926,36.15599999999995,True,False,False,25.0,0.0,0.0,31.795,35.995,26.294,0,0,0,0.0,94.725,0.26667208327816605,-2.4037011753171145,1,0,94.414,94.039,-0.375,0.0,-0.3299999999999983,-0.14200000000000065,0.0,-0.10699999999999932,0.06516517474847963,-0.14200000000000065,0,0,2022,Miami Grand Prix,0.0,19,0.0
TSU,37,0 days 00:01:34.039000,HARD,26.0,True,0 days 02:01:52.965000,29.6,18,41.7,0 days 00:00:31.578000,0 days 00:00:36.205000,0 days 00:00:26.256000,1,94.039,7312.965,37.52399999999943,True,False,False,26.0,0.0,0.0,31.578,36.205,26.256,0,0,0,0.0,94.5228,0.2974948739052634,-1.6262465085501516,1,1,94.084,96.179,2.094999999999999,0.0,-0.045000000000001705,-0.1493333333333311,0.0,-0.038000000000000256,0.06710588647801194,-0.1493333333333311,0,0,2022,Miami Grand Prix,0.0,19,0.0
TSU,38,0 days 00:01:36.179000,HARD,27.0,True,0 days 02:03:29.144000,29.7,18,42.9,0 days 00:00:31.611000,0 days 00:00:37.292000,0 days 00:00:27.276000,1,96.179,7409.144,36.509000000000015,True,False,False,27.0,0.0,0.0,31.611,37.292,27.276,0,0,0,0.0,94.3626,0.2996411186734942,6.061918364345893,0,1,94.039,94.232,0.19299999999999784,0.0,2.1400000000000006,-0.23499999999999943,0.0,1.0199999999999996,0.06630761645542585,-0.23499999999999943,0,0,2022,Miami Grand Prix,0.0,19,0.0
TSU,39,0 days 00:01:34.232000,HARD,28.0,True,0 days 02:05:03.376000,29.8,18,41.4,0 days 00:00:31.759000,0 days 00:00:36.261000,0 days 00:00:26.212000,1,94.232,7503.376,0.0,True,False,False,28.0,0.0,0.0,31.759,36.261,26.212,0,0,0,0.0,94.69200000000001,0.8785257537488083,-0.5236044567129823,0,0,96.179,94.587,-1.5919999999999987,2.1400000000000006,-1.9470000000000027,0.5883333333333335,0.0,-0.04400000000000048,0.4712743362416414,0.5883333333333335,0,0,2022,Miami Grand Prix,0.0,19,0.0
TSU,47,0 days 00:01:34.587000,SOFT,9.0,True,0 days 02:21:43.076000,29.6,17,40.7,0 days 00:00:31.973000,0 days 00:00:36.250000,0 days 00:00:26.364000,12,94.587,8503.076,0.0,False,False,True,9.0,0.0,0.0,31.973,36.25,26.364,0,0,1,0.0,94.58959999999999,0.900513353593332,-0.002887242026575193,0,0,94.232,94.267,0.03499999999999659,0.19299999999999784,0.355000000000004,0.04933333333333204,0.0,0.15200000000000102,0.47678789833635654,0.04933333333333204,0,0,2022,Miami Grand Prix,0.0,19,0.0
TSU,48,0 days 00:01:34.267000,SOFT,10.0,True,0 days 02:23:17.343000,29.6,17,39.8,0 days 00:00:31.973000,0 days 00:00:35.992000,0 days 00:00:26.302000,1,94.267,8597.343,0.0,False,False,True,10.0,0.0,0.0,31.973,35.992,26.302,0,0,0,0.0,94.6242,0.8953885748656336,-0.3989329437820994,0,0,94.587,93.788,-0.7990000000000066,0.5480000000000018,-0.3200000000000074,0.18266666666666728,0.0,0.08999999999999986,0.4703921768056945,0.18266666666666728,0,0,2022,Miami Grand Prix,0.0,19,0.0
TSU,49,0 days 00:01:33.788000,SOFT,11.0,True,0 days 02:24:51.131000,29.6,16,39.6,0 days 00:00:31.729000,0 days 00:00:35.907000,0 days 00:00:26.152000,1,93.788,8691.131,0.9590000000007421,False,False,True,11.0,0.0,0.0,31.729,35.907,26.152,0,0,0,0.0,94.6608,0.8712004361798223,-1.0018360457063011,0,0,94.267,93.451,-0.8160000000000025,0.22799999999999443,-0.4789999999999992,-0.6373333333333354,0.0,-0.05999999999999872,0.446235363905641,-0.6373333333333354,0,1,2022,Miami Grand Prix,0.0,19,0.0
TSU,50,0 days 00:01:33.451000,SOFT,12.0,True,0 days 02:26:24.582000,29.7,16,39.5,0 days 00:00:31.334000,0 days 00:00:36.061000,0 days 00:00:26.056000,1,93.451,8784.582,2.4909999999999854,False,False,True,12.0,0.0,0.0,31.334,36.061,26.056,0,0,0,0.0,94.6106,0.9217517561686068,-1.2580393714898415,0,0,93.788,93.318,-0.46999999999999886,0.0,-0.3370000000000033,-0.14800000000000088,0.0,-0.09600000000000009,0.4497074604673572,-0.14800000000000088,0,0,2022,Miami Grand Prix,0.0,19,0.0
TSU,51,0 days 00:01:33.318000,SOFT,13.0,True,0 days 02:27:57.900000,29.6,16,38.6,0 days 00:00:31.329000,0 days 00:00:35.863000,0 days 00:00:26.126000,1,93.318,8877.9,3.8700000000008004,False,False,True,13.0,0.0,0.0,31.329,35.863,26.126,0,0,0,0.0,94.06500000000001,0.4457863838206417,-1.675690481162303,1,0,93.451,93.312,-0.1389999999999958,0.0,-0.13299999999999557,-0.37866666666667,0.0,0.07000000000000028,0.1067745287978364,-0.37866666666667,0,0,2022,Miami Grand Prix,0.0,19,0.0
TSU,52,0 days 00:01:33.312000,SOFT,14.0,True,0 days 02:29:31.212000,29.7,16,39.2,0 days 00:00:31.508000,0 days 00:00:35.687000,0 days 00:00:26.117000,1,93.312,8971.212,4.859000000000378,False,False,True,14.0,0.0,0.0,31.508,35.687,26.117,0,0,0,0.0,93.8822,0.5380387532509875,-1.0597749633361624,0,1,93.318,93.093,-0.22499999999999432,0.0,-0.006000000000000227,-0.3163333333333327,0.0,0.06099999999999994,0.10494379448066457,-0.3163333333333327,0,0,2022,Miami Grand Prix,0.0,19,0.0
TSU,53,0 days 00:01:33.093000,SOFT,15.0,True,0 days 02:31:04.305000,29.5,16,38.5,0 days 00:00:31.508000,0 days 00:00:35.725000,0 days 00:00:25.860000,12,93.093,9064.305,5.934999999999491,False,False,True,15.0,0.0,0.0,31.508,35.725,25.86,0,0,1,0.0,93.62719999999999,0.40657188786223697,-1.3139127813504727,0,0,93.312,94.105,0.7930000000000064,0.0,-0.2189999999999941,-0.15866666666666637,0.0,-0.1960000000000015,0.0846935652809581,-0.15866666666666637,0,0,2022,Miami Grand Prix,0.0,19,0.0
TSU,54,0 days 00:01:34.105000,SOFT,16.0,True,0 days 02:32:38.410000,29.5,14,38.5,0 days 00:00:32.044000,0 days 00:00:36.040000,0 days 00:00:26.021000,21,94.105,9158.41,6.8700000000008,False,False,True,16.0,0.0,0.0,32.044,36.04,26.021,0,0,1,0.0,93.3924,0.2557211371784654,2.786629247244009,0,0,93.093,93.035,-0.058000000000006935,0.0,1.0120000000000005,-0.11933333333332996,0.0,0.16100000000000136,0.11189816799215291,-0.11933333333332996,0,0,2022,Miami Grand Prix,0.0,19,0.0
TSU,55,0 days 00:01:33.035000,SOFT,17.0,True,0 days 02:34:11.445000,29.6,14,39.2,0 days 00:00:31.466000,0 days 00:00:35.607000,0 days 00:00:25.962000,1,93.035,9251.445,8.635000000000218,False,False,True,17.0,0.0,0.0,31.466,35.607,25.962,0,0,0,0.0,93.4558,0.384959348503,-1.093102431818773,0,0,94.105,93.69,-0.41500000000000625,1.0120000000000005,-1.0700000000000074,0.26233333333333536,0.0,0.10200000000000031,0.1433300387218263,0.26233333333333536,0,0,2022,Miami Grand Prix,0.0,19,0.0
TSU,56,0 days 00:01:33.690000,SOFT,18.0,True,0 days 02:35:45.135000,29.6,14,39.2,0 days 00:00:31.422000,0 days 00:00:36.170000,0 days 00:00:26.098000,12,93.69,9345.135,9.345999999999549,False,False,True,18.0,0.0,0.0,31.422,36.17,26.098,0,0,1,0.0,93.37259999999999,0.4287228708616437,0.7403383900702531,0,0,93.035,95.133,2.097999999999999,0.0,0.6550000000000011,-0.09233333333333367,0.0,0.23799999999999955,0.13740560396141135,-0.09233333333333367,0,0,2022,Miami Grand Prix,0.0,19,0.0
VER,2,0 days 00:01:34.542000,MEDIUM,2.0,True,0 days 01:05:27.915000,30.4,2,40.4,0 days 00:00:32.267000,0 days 00:00:35.970000,0 days 00:00:26.305000,1,94.542,3927.915,1.1700000000000728,False,True,False,2.0,0.0,0.0,32.267,35.97,26.305,0,0,0,0.0,93.8112,0.8611708309039927,0.8486121147796691,0,0,94.542,94.55,0.007999999999995566,1.507000000000005,0.0,0.34266666666666384,0.0,0.34299999999999997,0.19702207998089985,0.0,0,0,2022,Miami Grand Prix,0.0,19,0.0
VER,3,0 days 00:01:34.550000,MEDIUM,3.0,True,0 days 01:07:02.465000,31.0,2,44.0,0 days 00:00:32.182000,0 days 00:00:36.062000,0 days 00:00:26.306000,1,94.55,4022.465,1.40099999999984,False,True,False,3.0,0.0,0.0,32.182,36.062,26.306,0,0,0,0.0,,,0.0,0,0,94.542,94.287,-0.25499999999999545,0.0,0.007999999999995566,0.0,0.0,0.0,0.0,0.0,0,0,2022,Miami Grand Prix,0.0,19,0.0
VER,4,0 days 00:01:34.287000,MEDIUM,4.0,True,0 days 01:08:36.752000,31.3,2,46.5,0 days 00:00:32.092000,0 days 00:00:35.968000,0 days 00:00:26.227000,1,94.287,4116.752,2.1749999999992724,False,True,False,4.0,0.0,0.0,32.092,35.968,26.227,0,0,0,0.0,,,0.0,0,0,94.55,94.32,-0.23000000000000398,0.0,-0.262999999999991,0.003999999999997783,0.0,-0.0779999999999994,0.0,0.0,0,0,2022,Miami Grand Prix,0.0,19,0.0
VER,5,0 days 00:01:34.320000,MEDIUM,5.0,True,0 days 01:10:11.072000,31.3,2,46.4,0 days 00:00:32.028000,0 days 00:00:35.942000,0 days 00:00:26.350000,1,94.32,4211.072,2.563000000000102,False,True,False,5.0,0.0,0.0,32.028,35.942,26.35,0,0,0,0.0,94.45966666666668,0.14958720979191686,-0.9336805390044227,0,0,94.287,94.227,-0.060000000000002274,0.0,0.03299999999998704,-0.08499999999999848,0.0,0.12300000000000111,0.2239694919700744,-0.12749999999999773,0,0,2022,Miami Grand Prix,0.0,19,0.0
VER,6,0 days 00:01:34.227000,MEDIUM,6.0,True,0 days 01:11:45.299000,31.3,2,46.0,0 days 00:00:31.891000,0 days 00:00:35.971000,0 days 00:00:26.365000,1,94.227,4305.299,3.0709999999999127,False,True,False,6.0,0.0,0.0,31.891,35.971,26.365,0,0,0,0.0,94.42475,0.1406920395757995,-1.4055521591430127,0,0,94.32,94.267,-0.05299999999999727,0.03299999999998704,-0.09299999999998931,-0.0740000000000028,0.0,0.13799999999999812,0.183689956176161,-0.0740000000000028,0,0,2022,Miami Grand Prix,0.0,19,0.0
VER,7,0 days 00:01:34.267000,MEDIUM,7.0,True,0 days 01:13:19.566000,31.5,2,46.3,0 days 00:00:31.876000,0 days 00:00:36.069000,0 days 00:00:26.322000,1,94.267,4399.566,3.588999999999942,False,True,False,7.0,0.0,0.0,31.876,36.069,26.322,0,0,0,0.0,94.3852,0.15055464124362905,-0.7850970187543351,0,0,94.227,94.318,0.09099999999999397,0.0,0.03999999999999204,-0.10766666666666443,0.0,0.09499999999999886,0.1601333819039613,-0.10766666666666443,0,0,2022,Miami Grand Prix,0.0,19,0.0
VER,8,0 days 00:01:34.318000,MEDIUM,8.0,True,0 days 01:14:53.884000,31.7,2,48.1,0 days 00:00:32.111000,0 days 00:00:36.063000,0 days 00:00:26.144000,1,94.318,4493.884,3.8469999999997526,False,True,False,8.0,0.0,0.0,32.111,36.063,26.144,0,0,0,0.0,94.3302,0.1274036891145544,-0.09575860859913973,0,0,94.267,95.415,1.1480000000000103,0.03999999999999204,0.05100000000000193,-0.0066666666666700776,0.0,-0.17800000000000082,0.09195814265196911,-0.0066666666666700776,0,0,2022,Miami Grand Prix,0.0,19,0.0
VER,9,0 days 00:01:35.415000,MEDIUM,9.0,True,0 days 01:16:29.299000,31.6,1,46.7,0 days 00:00:32.514000,0 days 00:00:36.330000,0 days 00:00:26.571000,1,95.415,4589.299,0.5760000000000218,False,True,False,9.0,0.0,0.0,32.514,36.33,26.571,0,0,0,0.0,94.2838,0.038725960285042285,29.2103795922377,0,0,94.318,94.107,-0.21099999999999852,0.09099999999999397,1.0970000000000084,-0.000666666666665113,0.0,0.42700000000000315,0.14050444832815778,-0.000666666666665113,0,1,2022,Miami Grand Prix,0.0,19,0.0
VER,10,0 days 00:01:34.107000,MEDIUM,10.0,True,0 days 01:18:03.406000,31.3,1,45.0,0 days 00:00:31.667000,0 days 00:00:36.026000,0 days 00:00:26.414000,1,94.107,4683.406,1.2950000000000728,False,True,False,10.0,0.0,0.0,31.667,36.026,26.414,0,0,0,0.0,94.5094,0.5077216757240149,-0.7925602140703855,0,0,95.415,94.466,-0.9490000000000123,1.1880000000000024,-1.308000000000007,0.3960000000000008,0.0,0.2700000000000031,0.21447960275979766,0.3960000000000008,0,0,2022,Miami Grand Prix,0.0,19,0.0
VER,11,0 days 00:01:34.466000,MEDIUM,11.0,True,0 days 01:19:37.872000,31.1,1,44.9,0 days 00:00:31.919000,0 days 00:00:36.111000,0 days 00:00:26.436000,1,94.466,4777.872,1.5090000000000146,False,True,False,11.0,0.0,0.0,31.919,36.111,26.436,0,0,0,0.0,94.4668,0.5357482617797281,-0.001493238629192725,0,0,94.107,93.991,-0.11599999999999966,0.0,0.35899999999999466,-0.0533333333333322,0.0,0.2920000000000016,0.2246559591909389,-0.0533333333333322,0,0,2022,Miami Grand Prix,0.0,19,0.0
VER,12,0 days 00:01:33.991000,MEDIUM,12.0,True,0 days 01:21:11.863000,30.9,1,45.6,0 days 00:00:31.740000,0 days 00:00:35.975000,0 days 00:00:26.276000,1,93.991,4871.863,2.613999999999578,False,True,False,12.0,0.0,0.0,31.74,35.975,26.276,0,0,0,0.0,94.5146,0.5194172696397391,-1.0080527364120253,0,0,94.466,94.09,-0.37599999999999056,0.35899999999999466,-0.4749999999999943,0.04933333333333204,0.0,-0.13800000000000168,0.2329349694657305,0.04933333333333204,0,0,2022,Miami Grand Prix,0.0,19,0.0
VER,13,0 days 00:01:34.090000,MEDIUM,13.0,True,0 days 01:22:45.953000,30.7,1,45.2,0 days 00:00:31.793000,0 days 00:00:35.945000,0 days 00:00:26.352000,1,94.09,4965.953,2.7239999999992506,False,True,False,13.0,0.0,0.0,31.793,35.945,26.352,0,0,0,0.0,94.4594,0.5649763711873261,-0.6538326536093647,0,0,93.991,93.866,-0.125,0.0,0.09900000000000375,-0.47466666666666885,0.0,0.07600000000000051,0.2741510532534959,-0.47466666666666885,0,0,2022,Miami Grand Prix,0.0,19,0.0
VER,14,0 days 00:01:33.866000,MEDIUM,14.0,True,0 days 01:24:19.819000,30.5,1,45.2,0 days 00:00:31.809000,0 days 00:00:35.835000,0 days 00:00:26.222000,1,93.866,5059.819,2.7249999999994543,False,True,False,14.0,0.0,0.0,31.809,35.835,26.222,0,0,0,0.0,94.41380000000001,0.5879750845061347,-0.931672131073598,0,0,94.09,93.51,-0.5799999999999983,0.09900000000000375,-0.22400000000000375,-0.005666666666665303,0.0,-0.053999999999998494,0.21991316468097322,-0.005666666666665303,0,0,2022,Miami Grand Prix,0.0,19,0.0
VER,15,0 days 00:01:33.510000,MEDIUM,15.0,True,0 days 01:25:53.329000,30.3,1,46.5,0 days 00:00:31.594000,0 days 00:00:35.765000,0 days 00:00:26.151000,1,93.51,5153.329,3.3609999999998763,False,True,False,15.0,0.0,0.0,31.594,35.765,26.151,0,0,0,0.0,94.104,0.22397656127366408,-2.6520632186785815,1,0,93.866,94.225,0.35899999999999466,0.0,-0.35599999999999454,-0.1999999999999981,0.0,-0.0710000000000015,0.19112613636025955,-0.1999999999999981,0,0,2022,Miami Grand Prix,0.0,19,0.0
VER,16,0 days 00:01:34.225000,MEDIUM,16.0,True,0 days 01:27:27.554000,30.0,1,44.8,0 days 00:00:31.713000,0 days 00:00:35.759000,0 days 00:00:26.753000,1,94.225,5247.554,3.475999999999658,False,True,False,16.0,0.0,0.0,31.713,35.759,26.753,0,0,0,0.0,93.9846,0.3472057027180934,0.6923849410249515,0,1,93.51,93.742,0.23199999999999932,0.0,0.7149999999999892,-0.16033333333333152,0.0,0.6020000000000003,0.17017344093600617,-0.16033333333333152,0,0,2022,Miami Grand Prix,0.0,19,0.0
VER,17,0 days 00:01:33.742000,MEDIUM,17.0,True,0 days 01:29:01.296000,30.2,1,45.3,0 days 00:00:31.703000,0 days 00:00:35.830000,0 days 00:00:26.209000,1,93.742,5341.296,3.5499999999992724,False,True,False,17.0,0.0,0.0,31.703,35.83,26.209,0,0,0,0.0,93.93639999999999,0.2723220519898492,-0.7138606608591276,0,0,94.225,93.946,-0.27899999999999636,0.7149999999999892,-0.4829999999999899,0.044999999999996966,0.0,0.05799999999999983,0.30030651008594583,0.044999999999996966,0,0,2022,Miami Grand Prix,0.0,19,0.0
VER,18,0 days 00:01:33.946000,MEDIUM,18.0,True,0 days 01:30:35.242000,30.2,1,44.7,0 days 00:00:31.655000,0 days 00:00:36.039000,0 days 00:00:26.252000,1,93.946,5435.242,3.332999999999629,False,True,False,18.0,0.0,0.0,31.655,36.039,26.252,0,0,0,0.0,93.8866,0.2824213164758634,0.21032406739408807,0,0,93.742,93.684,-0.058000000000006935,0.23199999999999932,0.20399999999999352,-0.041333333333331744,0.0,0.10099999999999909,0.2760601383756809,-0.041333333333331744,0,0,2022,Miami Grand Prix,0.0,19,0.0
VER,19,0 days 00:01:33.684000,MEDIUM,19.0,True,0 days 01:32:08.926000,30.0,1,42.9,0 days 00:00:31.623000,0 days 00:00:35.823000,0 days 00:00:26.238000,1,93.684,5528.926,3.3179999999993015,False,True,False,19.0,0.0,0.0,31.623,35.823,26.238,0,0,0,0.0,93.8578,0.26318092636047596,-0.6603822032374339,0,0,93.946,93.249,-0.6970000000000027,0.43599999999999284,-0.26200000000000045,0.14533333333333096,0.0,0.028999999999999915,0.27523935038435204,0.14533333333333096,0,0,2022,Miami Grand Prix,0.0,19,0.0
VER,20,0 days 00:01:33.249000,MEDIUM,20.0,True,0 days 01:33:42.175000,29.9,1,42.6,0 days 00:00:31.425000,0 days 00:00:35.731000,0 days 00:00:26.093000,12,93.249,5622.175,3.6289999999999054,False,True,False,20.0,0.0,0.0,31.425,35.731,26.093,0,0,1,0.0,93.82140000000001,0.2741218707070969,-2.0881223323170497,1,0,93.684,93.347,-0.3370000000000033,0.17399999999999238,-0.4350000000000023,-0.18033333333333226,0.0,-0.11599999999999966,0.2638459777976543,-0.18033333333333226,0,0,2022,Miami Grand Prix,0.0,19,0.0
VER,21,0 days 00:01:33.347000,MEDIUM,21.0,True,0 days 01:35:15.522000,29.7,1,42.3,0 days 00:00:31.443000,0 days 00:00:35.887000,0 days 00:00:26.017000,1,93.347,5715.522,4.279000000000451,False,True,False,21.0,0.0,0.0,31.443,35.887,26.017,0,0,0,0.0,93.7692,0.35972864773320506,-1.1736624332269774,0,1,93.249,93.193,-0.055999999999997385,0.0,0.09799999999999898,-0.1643333333333364,0.0,-0.07600000000000051,0.2735922148015182,-0.1643333333333364,0,0,2022,Miami Grand Prix,0.0,19,0.0
VER,22,0 days 00:01:33.193000,MEDIUM,22.0,True,0 days 01:36:48.715000,29.8,1,42.3,0 days 00:00:31.469000,0 days 00:00:35.693000,0 days 00:00:26.031000,1,93.193,5808.715,4.664999999999964,False,True,False,22.0,0.0,0.0,31.469,35.693,26.031,0,0,0,0.0,93.59360000000001,0.28893822869250285,-1.38645551269833,0,0,93.347,93.275,-0.07199999999998852,0.09799999999999898,-0.15399999999999636,-0.1996666666666679,0.0,0.013999999999999346,0.09169896400723375,-0.1996666666666679,0,0,2022,Miami Grand Prix,0.0,19,0.0
VER,23,0 days 00:01:33.275000,MEDIUM,23.0,True,0 days 01:38:21.990000,29.8,1,42.1,0 days 00:00:31.427000,0 days 00:00:35.730000,0 days 00:00:26.118000,1,93.275,5901.99,4.530999999999949,False,True,False,23.0,0.0,0.0,31.427,35.73,26.118,0,0,0,0.0,93.4838,0.32098239827124636,-0.6505029594287908,0,0,93.193,93.487,0.29399999999999693,0.0,0.08200000000000784,-0.16366666666666654,0.0,0.10099999999999909,0.08661581841673,-0.16366666666666654,0,0,2022,Miami Grand Prix,0.0,19,0.0
VER,24,0 days 00:01:33.487000,MEDIUM,24.0,True,0 days 01:39:55.477000,29.9,1,42.3,0 days 00:00:31.538000,0 days 00:00:35.825000,0 days 00:00:26.124000,1,93.487,5995.477,9.739999999999782,False,True,False,24.0,0.0,0.0,31.538,35.825,26.124,0,0,0,0.0,93.34959999999998,0.19496102174527677,0.704756257276552,0,0,93.275,93.286,0.01099999999999568,0.08200000000000784,0.21199999999998909,0.008666666666670153,0.0,0.10699999999999932,0.08661581841673,0.008666666666670153,0,0,2022,Miami Grand Prix,0.0,19,0.0
VER,25,0 days 00:01:33.286000,MEDIUM,25.0,True,0 days 01:41:28.763000,30.0,1,42.5,0 days 00:00:31.535000,0 days 00:00:35.703000,0 days 00:00:26.048000,1,93.286,6088.763,10.365999999999985,False,True,False,25.0,0.0,0.0,31.535,35.703,26.048,0,0,0,0.0,93.3102,0.11328371462820018,-0.21362293847282735,0,0,93.487,93.135,-0.35199999999998965,0.29399999999999693,-0.2009999999999934,0.046666666666666856,0.0,0.01699999999999946,0.10111626970967591,0.046666666666666856,0,0,2022,Miami Grand Prix,0.0,19,0.0
VER,28,0 days 00:01:33.135000,HARD,2.0,True,0 days 01:46:28.450000,30.3,1,46.4,0 days 00:00:31.262000,0 days 00:00:35.672000,0 days 00:00:26.201000,1,93.135,6388.45,7.390000000000327,True,False,False,2.0,0.0,0.0,31.262,35.672,26.201,0,0,0,0.0,93.3176,0.10942942931388742,-1.6686553255817842,1,0,93.286,92.779,-0.507000000000005,0.09300000000000352,-0.15099999999999625,0.031000000000001176,0.0,0.15300000000000225,0.0751618254168962,0.031000000000001176,0,0,2022,Miami Grand Prix,0.0,19,0.0
VER,29,0 days 00:01:32.779000,HARD,3.0,True,0 days 01:48:01.229000,30.0,1,45.6,0 days 00:00:31.074000,0 days 00:00:35.642000,0 days 00:00:26.063000,1,92.779,6481.229,7.765999999999622,True,False,False,3.0,0.0,0.0,31.074,35.642,26.063,0,0,0,0.0,93.2752,0.13359341301113065,-3.7142549832053446,1,1,93.135,93.216,0.08099999999998886,0.0,-0.35600000000000875,-0.046666666666666856,0.0,0.015000000000000568,0.06085063680850106,-0.046666666666666856,0,0,2022,Miami Grand Prix,0.0,19,0.0
VER,30,0 days 00:01:33.216000,HARD,4.0,True,0 days 01:49:34.445000,30.0,1,45.1,0 days 00:00:31.174000,0 days 00:00:35.853000,0 days 00:00:26.189000,1,93.216,6574.445,7.608000000000175,True,False,False,4.0,0.0,0.0,31.174,35.853,26.189,0,0,0,0.0,93.19239999999999,0.26294828388860453,0.08975148896579128,0,1,92.779,93.033,0.2540000000000049,0.0,0.4369999999999976,-0.23599999999999946,0.0,0.1410000000000018,0.06058712734566696,-0.23599999999999946,0,0,2022,Miami Grand Prix,0.0,19,0.0
VER,31,0 days 00:01:33.033000,HARD,5.0,True,0 days 01:51:07.478000,29.8,1,43.8,0 days 00:00:31.329000,0 days 00:00:35.680000,0 days 00:00:26.024000,1,93.033,6667.478,7.623999999999796,True,False,False,5.0,0.0,0.0,31.329,35.68,26.024,0,0,0,0.0,93.1806,0.25961760340924805,-0.5685284744244707,0,0,93.216,92.742,-0.47399999999998954,0.4369999999999976,-0.18299999999999272,-0.023333333333335798,0.0,-0.038999999999997925,0.06662431988395917,-0.023333333333335798,0,0,2022,Miami Grand Prix,0.0,19,0.0
VER,32,0 days 00:01:32.742000,HARD,6.0,True,0 days 01:52:40.220000,29.9,1,45.0,0 days 00:00:31.026000,0 days 00:00:35.667000,0 days 00:00:26.049000,1,92.742,6760.22,8.006999999999607,True,False,False,6.0,0.0,0.0,31.026,35.667,26.049,0,0,0,0.0,93.0898,0.19766562675376637,-1.7595370814433484,1,0,93.033,92.813,-0.21999999999999886,0.2540000000000049,-0.2909999999999968,-0.034000000000001286,0.0,0.02499999999999858,0.08492820497337786,-0.034000000000001286,0,0,2022,Miami Grand Prix,0.0,19,0.0
VER,33,0 days 00:01:32.813000,HARD,7.0,True,0 days 01:54:13.033000,29.9,1,44.3,0 days 00:00:31.143000,0 days 00:00:35.702000,0 days 00:00:25.968000,1,92.813,6853.033,7.559999999999491,True,False,False,7.0,0.0,0.0,31.143,35.702,25.968,0,0,0,0.0,92.981,0.21187850292078522,-0.79290724487893,0,1,92.742,92.714,-0.028000000000005798,0.0,0.07099999999999795,-0.012333333333330643,0.0,-0.05600000000000094,0.08404760555780333,-0.012333333333330643,0,0,2022,Miami Grand Prix,0.0,19,0.0
VER,34,0 days 00:01:32.714000,HARD,8.0,True,0 days 01:55:45.747000,29.9,1,44.3,0 days 00:00:31.053000,0 days 00:00:35.629000,0 days 00:00:26.032000,1,92.714,6945.747,7.723999999999251,True,False,False,8.0,0.0,0.0,31.053,35.629,26.032,0,0,0,0.0,92.9166,0.20207746039563318,-1.0025858381402244,0,0,92.813,92.696,-0.11700000000000443,0.07099999999999795,-0.09900000000000375,-0.13433333333333053,0.0,0.06400000000000006,0.07731235347601367,-0.13433333333333053,0,0,2022,Miami Grand Prix,0.0,19,0.0
VER,35,0 days 00:01:32.696000,HARD,9.0,True,0 days 01:57:18.443000,29.6,1,42.1,0 days 00:00:31.113000,0 days 00:00:35.554000,0 days 00:00:26.029000,1,92.696,7038.443,7.572000000000116,True,False,False,9.0,0.0,0.0,31.113,35.554,26.029,0,0,0,0.0,92.90360000000001,0.2148308637043276,-0.9663415973867427,0,0,92.714,92.596,-0.117999999999995,0.0,-0.018000000000000682,-0.10633333333333421,0.0,0.06099999999999994,0.08002187201009532,-0.10633333333333421,0,0,2022,Miami Grand Prix,0.0,19,0.0
VER,36,0 days 00:01:32.596000,HARD,10.0,True,0 days 01:58:51.039000,29.5,1,41.8,0 days 00:00:31.085000,0 days 00:00:35.572000,0 days 00:00:25.939000,1,92.596,7131.039,7.503999999999905,True,False,False,10.0,0.0,0.0,31.085,35.572,25.939,0,0,0,0.0,92.7996,0.13787059149775432,-1.4767471277825825,0,0,92.696,92.325,-0.3709999999999951,0.0,-0.09999999999999432,-0.015333333333335494,0.0,-0.028999999999999915,0.05588828141927404,-0.015333333333335494,0,0,2022,Miami Grand Prix,0.0,19,0.0
VER,37,0 days 00:01:32.325000,HARD,11.0,True,0 days 02:00:23.364000,29.4,1,41.0,0 days 00:00:30.960000,0 days 00:00:35.393000,0 days 00:00:25.972000,1,92.325,7223.364,7.819000000000415,True,False,False,11.0,0.0,0.0,30.96,35.393,25.972,0,0,0,0.0,92.7122,0.07876674425119917,-4.9157801770396015,1,0,92.596,92.417,-0.17900000000000205,0.0,-0.2710000000000008,-0.07233333333333292,0.0,0.03300000000000125,0.05379126323112355,-0.07233333333333292,0,0,2022,Miami Grand Prix,0.0,19,0.0
VER,38,0 days 00:01:32.417000,HARD,12.0,True,0 days 02:01:55.781000,29.6,1,41.7,0 days 00:00:31.060000,0 days 00:00:35.502000,0 days 00:00:25.855000,1,92.417,7315.781,7.88799999999992,True,False,False,12.0,0.0,0.0,31.06,35.502,25.855,0,0,0,0.0,92.6288,0.18646366938341336,-1.1358781080537776,0,1,92.325,92.415,0.09000000000000341,0.0,0.09199999999999875,-0.12966666666666526,0.0,-0.08399999999999963,0.054353472750138465,-0.12966666666666526,0,0,2022,Miami Grand Prix,0.0,19,0.0
VER,39,0 days 00:01:32.415000,HARD,13.0,True,0 days 02:03:28.196000,29.7,1,42.9,0 days 00:00:31.054000,0 days 00:00:35.604000,0 days 00:00:25.757000,1,92.415,7408.196,7.569000000000415,True,False,False,13.0,0.0,0.0,31.054,35.604,25.757,0,0,0,0.0,92.5496,0.17222165949705773,-0.7815509407647496,0,0,92.417,92.444,0.027000000000001023,0.09199999999999875,-0.001999999999995339,-0.09299999999999879,0.0,-0.09799999999999898,0.06402733791123912,-0.09299999999999879,0,0,2022,Miami Grand Prix,0.0,19,0.0
VER,40,0 days 00:01:32.444000,HARD,14.0,True,0 days 02:05:00.640000,29.8,1,42.7,0 days 00:00:31.019000,0 days 00:00:35.569000,0 days 00:00:25.856000,1,92.444,7500.64,7.5549999999993815,True,False,False,14.0,0.0,0.0,31.019,35.569,25.856,0,0,0,0.0,92.4898,0.15153448452387452,-0.3022414346404694,0,0,92.415,93.959,1.543999999999997,0.09000000000000341,0.028999999999996362,-0.06033333333333246,0.0,0.0990000000000002,0.0699521264866193,-0.06033333333333246,0,0,2022,Miami Grand Prix,0.0,19,0.0
VER,47,0 days 00:01:33.959000,HARD,21.0,True,0 days 02:21:21.706000,29.6,1,40.7,0 days 00:00:31.768000,0 days 00:00:35.867000,0 days 00:00:26.324000,12,93.959,8481.706,0.602999999999156,True,False,False,21.0,0.0,0.0,31.768,35.867,26.324,0,0,1,0.0,92.4394,0.0983986788524793,15.443296777167129,0,0,92.444,92.397,-0.046999999999997044,0.11899999999999977,1.5150000000000006,0.03966666666666659,0.0,0.5670000000000002,0.08237536039374875,0.03966666666666659,0,1,2022,Miami Grand Prix,0.0,19,0.0
VER,48,0 days 00:01:32.397000,HARD,22.0,True,0 days 02:22:54.103000,29.5,1,40.7,0 days 00:00:30.870000,0 days 00:00:35.412000,0 days 00:00:26.115000,1,92.397,8574.103,0.9130000000004657,True,False,False,22.0,0.0,0.0,30.87,35.412,26.115,0,0,0,0.0,92.71200000000002,0.6985406215818317,-0.45094013185188936,0,0,93.959,92.292,-1.6670000000000016,1.6340000000000003,-1.5619999999999976,0.5140000000000006,0.0,0.357999999999997,0.27183689962917074,0.5140000000000006,0,1,2022,Miami Grand Prix,0.0,19,0.0
VER,49,0 days 00:01:32.292000,HARD,23.0,True,0 days 02:24:26.395000,29.6,1,39.6,0 days 00:00:30.552000,0 days 00:00:35.660000,0 days 00:00:26.080000,1,92.292,8666.395,0.4709999999995489,True,False,False,23.0,0.0,0.0,30.552,35.66,26.08,0,0,0,0.0,92.7264,0.6892487214351095,-0.6302514411568537,0,0,92.397,91.878,-0.5190000000000055,0.0,-0.10500000000000398,-0.006000000000000227,0.0,0.22399999999999665,0.2891025769515027,-0.006000000000000227,0,1,2022,Miami Grand Prix,0.0,19,0.0
VER,50,0 days 00:01:31.878000,HARD,24.0,True,0 days 02:25:58.273000,29.7,1,39.5,0 days 00:00:30.507000,0 days 00:00:35.470000,0 days 00:00:25.901000,1,91.878,8758.273,0.7430000000003929,True,False,False,24.0,0.0,0.0,30.507,35.47,25.901,0,0,0,0.0,92.7014,0.7053554423125488,-1.167354713108106,0,0,92.292,92.05,-0.24200000000000443,0.0,-0.4140000000000015,-0.050666666666667005,0.0,-0.1789999999999985,0.25235589947532366,-0.050666666666667005,0,1,2022,Miami Grand Prix,0.0,19,0.0
VER,51,0 days 00:01:32.050000,HARD,25.0,True,0 days 02:27:30.323000,29.6,1,38.6,0 days 00:00:30.714000,0 days 00:00:35.477000,0 days 00:00:25.859000,1,92.05,8850.323,0.6739999999990687,True,False,False,25.0,0.0,0.0,30.714,35.477,25.859,0,0,0,0.0,92.59400000000001,0.7950462250711755,-0.6842369447780351,0,0,91.878,92.037,0.15900000000000603,0.0,0.17199999999999704,-0.6936666666666677,0.0,-0.04199999999999804,0.2797850961005598,-0.6936666666666677,0,1,2022,Miami Grand Prix,0.0,19,0.0
VER,52,0 days 00:01:32.037000,HARD,26.0,True,0 days 02:29:02.360000,29.7,1,39.2,0 days 00:00:30.509000,0 days 00:00:35.689000,0 days 00:00:25.839000,1,92.037,8942.36,0.896999999999025,True,False,False,26.0,0.0,0.0,30.509,35.689,25.839,0,0,0,0.0,92.51520000000001,0.8322834252824713,-0.5745638871009635,0,0,92.05,91.456,-0.5939999999999941,0.17199999999999704,-0.012999999999991019,-0.11566666666666947,0.0,-0.020000000000003126,0.30058160289678276,-0.11566666666666947,0,1,2022,Miami Grand Prix,0.0,19,0.0
VER,53,0 days 00:01:31.456000,HARD,27.0,True,0 days 02:30:33.816000,29.7,1,39.4,0 days 00:00:30.364000,0 days 00:00:35.242000,0 days 00:00:25.850000,1,91.456,9033.816,0.9290000000000873,True,False,False,27.0,0.0,0.0,30.364,35.242,25.85,0,0,0,0.0,92.1308,0.20981110552089668,-3.2162263209312436,1,0,92.037,91.361,-0.6760000000000019,0.15900000000000603,-0.5810000000000031,-0.08499999999999848,0.0,0.011000000000002785,0.21753666357650872,-0.08499999999999848,0,1,2022,Miami Grand Prix,0.0,19,0.0
VER,54,0 days 00:01:31.361000,HARD,28.0,True,0 days 02:32:05.177000,29.5,1,38.5,0 days 00:00:30.370000,0 days 00:00:35.138000,0 days 00:00:25.853000,12,91.361,9125.177,1.34900000000016,True,False,False,28.0,0.0,0.0,30.37,35.138,25.853,0,0,1,0.0,91.9426,0.3096284870613329,-1.8783801371764224,1,1,91.456,91.75,0.29399999999999693,0.0,-0.09499999999999886,-0.1406666666666657,0.0,0.014000000000002899,0.14533994633272534,-0.1406666666666657,0,0,2022,Miami Grand Prix,0.0,19,0.0
VER,55,0 days 00:01:31.750000,HARD,29.0,True,0 days 02:33:36.927000,29.4,1,38.5,0 days 00:00:30.572000,0 days 00:00:35.299000,0 days 00:00:25.879000,1,91.75,9216.927,1.4430000000011205,True,False,False,29.0,0.0,0.0,30.572,35.299,25.879,0,0,0,0.0,91.75640000000001,0.32646025791799255,-0.01960422392860205,0,1,91.361,91.74,0.3789999999999907,0.0,0.3889999999999958,-0.22966666666666433,0.0,0.0400000000000027,0.07935804937118862,-0.22966666666666433,0,0,2022,Miami Grand Prix,0.0,19,0.0
VER,56,0 days 00:01:31.740000,HARD,30.0,True,0 days 02:35:08.667000,29.6,1,39.2,0 days 00:00:30.504000,0 days 00:00:35.334000,0 days 00:00:25.902000,12,91.74,9308.667,2.147000000000844,True,False,False,30.0,0.0,0.0,30.504,35.334,25.902,0,0,1,0.0,91.7308,0.319485054423335,0.028796339210917423,0,0,91.75,91.458,-0.2920000000000016,0.3889999999999958,-0.010000000000005116,-0.09566666666666872,0.0,0.0519999999999996,0.03193430757038685,-0.09566666666666872,0,0,2022,Miami Grand Prix,0.0,19,0.0
VET,2,0 days 00:01:37.864000,HARD,4.0,True,0 days 01:05:47.815000,30.4,20,40.4,0 days 00:00:33.992000,0 days 00:00:36.582000,0 days 00:00:27.290000,1,97.864,3947.815,0.0,True,False,False,4.0,0.0,0.0,33.992,36.582,27.29,0,0,0,0.0,91.553,0.17963574254550785,35.13220648948088,0,0,97.864,97.242,-0.6219999999999999,6.503,0.0,0.0323333333333314,0.0,1.4339999999999975,0.020916500663351215,0.0,0,0,2022,Miami Grand Prix,0.0,19,0.0
VET,3,0 days 00:01:37.242000,HARD,5.0,True,0 days 01:07:25.057000,31.0,20,44.0,0 days 00:00:33.835000,0 days 00:00:36.632000,0 days 00:00:26.775000,1,97.242,4045.057,0.0,True,False,False,5.0,0.0,0.0,33.835,36.632,26.775,0,0,0,0.0,,,0.0,0,0,97.864,96.781,-1.0829999999999984,0.0,-0.6219999999999999,0.0,0.0,0.0,0.0,0.0,0,0,2022,Miami Grand Prix,0.0,19,0.0
VET,4,0 days 00:01:36.781000,HARD,6.0,True,0 days 01:09:01.838000,31.4,20,46.5,0 days 00:00:33.556000,0 days 00:00:36.544000,0 days 00:00:26.681000,1,96.781,4141.838,0.0,True,False,False,6.0,0.0,0.0,33.556,36.544,26.681,0,0,0,0.0,,,0.0,0,0,97.242,97.541,0.2989999999999924,0.0,-0.4609999999999985,-0.31099999999999994,0.0,-0.09399999999999764,0.0,0.0,0,0,2022,Miami Grand Prix,0.0,19,0.0
VET,5,0 days 00:01:37.541000,HARD,7.0,True,0 days 01:10:39.379000,31.3,20,46.4,0 days 00:00:33.427000,0 days 00:00:37.298000,0 days 00:00:26.816000,1,97.541,4239.379,0.0,True,False,False,7.0,0.0,0.0,33.427,37.298,26.816,0,0,0,0.0,97.29566666666666,0.5434908769550091,0.4514028546492856,0,0,96.781,96.504,-0.277000000000001,0.0,0.7599999999999909,-0.3609999999999995,0.0,0.134999999999998,0.8563465030776558,-0.5414999999999992,0,0,2022,Miami Grand Prix,0.0,19,0.0
VET,6,0 days 00:01:36.504000,HARD,8.0,True,0 days 01:12:15.883000,31.4,19,46.0,0 days 00:00:33.093000,0 days 00:00:36.715000,0 days 00:00:26.696000,1,96.504,4335.883,0.0,True,False,False,8.0,0.0,0.0,33.093,36.715,26.696,0,0,0,0.0,97.357,0.4604005502458276,-1.8527345363608734,1,0,97.541,96.301,-1.2399999999999949,0.7599999999999909,-1.036999999999992,-0.10766666666666917,0.0,0.015000000000000568,0.716359023116201,-0.10766666666666917,0,0,2022,Miami Grand Prix,0.0,19,0.0
VET,7,0 days 00:01:36.301000,HARD,9.0,True,0 days 01:13:52.184000,31.5,19,46.3,0 days 00:00:32.981000,0 days 00:00:36.718000,0 days 00:00:26.602000,1,96.301,4432.184,0.0,True,False,False,9.0,0.0,0.0,32.981,36.718,26.602,0,0,0,0.0,97.1864,0.5518136460799017,-1.604527191906015,1,1,96.504,97.097,0.5929999999999893,0.0,-0.20300000000000296,-0.24599999999999986,0.0,-0.07900000000000063,0.6402386273882561,-0.24599999999999986,0,0,2022,Miami Grand Prix,0.0,19,0.0
VET,8,0 days 00:01:37.097000,HARD,10.0,True,0 days 01:15:29.281000,31.7,19,46.7,0 days 00:00:33.358000,0 days 00:00:36.709000,0 days 00:00:27.030000,1,97.097,4529.281,0.0,True,False,False,10.0,0.0,0.0,33.358,36.709,27.03,0,0,0,0.0,96.87379999999999,0.5133689706244404,0.43477501129161455,0,1,96.301,96.932,0.6310000000000002,0.0,0.7959999999999923,-0.16000000000000134,0.0,0.4280000000000008,0.09140733012182208,-0.16000000000000134,0,0,2022,Miami Grand Prix,0.0,19,0.0
VET,9,0 days 00:01:36.932000,HARD,11.0,True,0 days 01:17:06.213000,31.6,19,46.6,0 days 00:00:33.463000,0 days 00:00:36.649000,0 days 00:00:26.820000,1,96.932,4626.213,0.0,True,False,False,11.0,0.0,0.0,33.463,36.649,26.82,0,0,0,0.0,96.8448,0.4909767815284097,0.17760513995904717,0,0,97.097,96.176,-0.9209999999999923,0.7959999999999923,-0.16499999999999204,-0.14800000000000088,0.0,0.21799999999999997,0.21442131423904642,-0.14800000000000088,0,0,2022,Miami Grand Prix,0.0,19,0.0
VET,10,0 days 00:01:36.176000,HARD,12.0,True,0 days 01:18:42.389000,31.3,19,45.0,0 days 00:00:33.028000,0 days 00:00:36.495000,0 days 00:00:26.653000,1,96.176,4722.389,0.0,True,False,False,12.0,0.0,0.0,33.028,36.495,26.653,0,0,0,0.0,96.875,0.4907152942389256,-1.4244512209143825,0,0,96.932,96.347,-0.585000000000008,0.6310000000000002,-0.7560000000000002,0.14266666666666575,0.0,0.05099999999999838,0.19530821795306036,0.14266666666666575,0,0,2022,Miami Grand Prix,0.0,19,0.0
VET,11,0 days 00:01:36.347000,HARD,13.0,True,0 days 01:20:18.736000,31.0,19,44.9,0 days 00:00:33.239000,0 days 00:00:36.354000,0 days 00:00:26.754000,1,96.347,4818.736,0.0,True,False,False,13.0,0.0,0.0,33.239,36.354,26.754,0,0,0,0.0,96.602,0.3986245100341994,-0.6396997514732156,0,0,96.176,96.16,-0.016000000000005343,0.0,0.17099999999999227,-0.041666666666666664,0.0,0.10100000000000264,0.19977312131515637,-0.041666666666666664,0,0,2022,Miami Grand Prix,0.0,19,0.0
VET,12,0 days 00:01:36.160000,HARD,14.0,True,0 days 01:21:54.896000,30.9,18,45.6,0 days 00:00:33.121000,0 days 00:00:36.682000,0 days 00:00:26.357000,1,96.16,4914.896,0.0,True,False,False,14.0,0.0,0.0,33.121,36.682,26.357,0,0,0,0.0,96.5706,0.41415492270406196,-0.9914164422316915,0,0,96.347,96.368,0.021000000000000796,0.17099999999999227,-0.1869999999999976,-0.25,0.0,-0.2959999999999994,0.19128434332166389,-0.25,0,0,2022,Miami Grand Prix,0.0,19,0.0
VET,13,0 days 00:01:36.368000,HARD,15.0,True,0 days 01:23:31.264000,30.6,17,45.2,0 days 00:00:33.099000,0 days 00:00:36.505000,0 days 00:00:26.764000,1,96.368,5011.264,9.099999999999454,True,False,False,15.0,0.0,0.0,33.099,36.505,26.764,0,0,0,0.0,96.5424,0.4410298175860786,-0.39543811562347914,0,0,96.16,96.242,0.08200000000000784,0.0,0.2079999999999984,-0.2573333333333352,0.0,0.40700000000000003,0.26491753433851833,-0.2573333333333352,0,0,2022,Miami Grand Prix,0.0,19,0.0
VET,14,0 days 00:01:36.242000,HARD,16.0,True,0 days 01:25:07.506000,30.3,17,46.5,0 days 00:00:33.117000,0 days 00:00:36.754000,0 days 00:00:26.371000,1,96.242,5107.506,2.876999999999498,True,False,False,16.0,0.0,0.0,33.117,36.754,26.371,0,0,0,0.0,96.3966,0.31407610542672093,-0.49223738236932757,0,0,96.368,96.186,-0.18199999999998795,0.2079999999999984,-0.12599999999999056,0.06399999999999768,0.0,0.013999999999999346,0.25851440965640565,0.06399999999999768,0,0,2022,Miami Grand Prix,0.0,19,0.0
VET,15,0 days 00:01:36.186000,HARD,17.0,True,0 days 01:26:43.692000,30.2,16,45.1,0 days 00:00:33,0 days 00:00:36.612000,0 days 00:00:26.574000,1,96.186,5203.692,2.131999999999607,True,False,False,17.0,0.0,0.0,33.0,36.612,26.574,0,0,0,0.0,96.2586,0.09565981392423219,-0.7589393813529409,0,0,96.242,97.002,0.7599999999999909,0.08200000000000784,-0.055999999999997385,-0.03499999999999659,0.0,0.2170000000000023,0.250458180141915,-0.03499999999999659,0,0,2022,Miami Grand Prix,0.0,19,0.0
VET,16,0 days 00:01:37.002000,HARD,18.0,True,0 days 01:28:20.694000,30.2,15,45.7,0 days 00:00:33.786000,0 days 00:00:36.936000,0 days 00:00:26.280000,1,97.002,5300.694,1.5239999999994325,True,False,False,18.0,0.0,0.0,33.786,36.936,26.28,0,0,0,0.0,96.2606,0.09358311813579591,7.922369063661391,0,0,96.186,95.123,-1.0630000000000024,0.02600000000001046,0.8159999999999883,0.008666666666670153,0.0,-0.09099999999999753,0.2605288851547944,0.008666666666670153,0,0,2022,Miami Grand Prix,0.0,19,0.0
VET,17,0 days 00:01:35.123000,HARD,19.0,True,0 days 01:29:55.817000,30.2,14,45.3,0 days 00:00:32.514000,0 days 00:00:36.376000,0 days 00:00:26.233000,1,95.123,5395.817,1.4179999999996653,True,False,False,19.0,0.0,0.0,32.514,36.376,26.233,0,0,0,0.0,96.3916,0.35051219664943584,-3.619274912903474,1,0,97.002,95.243,-1.7590000000000003,0.8419999999999987,-1.8789999999999907,0.21133333333333346,0.0,-0.0470000000000006,0.2721354442184993,0.21133333333333346,0,0,2022,Miami Grand Prix,0.0,19,0.0
VET,18,0 days 00:01:35.243000,HARD,20.0,True,0 days 01:31:31.060000,30.1,14,43.3,0 days 00:00:32.863000,0 days 00:00:36.287000,0 days 00:00:26.093000,1,95.243,5491.06,0.7359999999998763,True,False,False,20.0,0.0,0.0,32.863,36.287,26.093,0,0,0,0.0,96.1842,0.6767696801719311,-1.3907242413119045,0,1,95.123,96.101,0.9779999999999944,0.0,0.11999999999999034,-0.37299999999999994,0.0,-0.14000000000000057,0.2082210364012243,-0.37299999999999994,0,1,2022,Miami Grand Prix,0.0,19,0.0
VET,19,0 days 00:01:36.101000,HARD,21.0,True,0 days 01:33:07.161000,29.9,13,42.6,0 days 00:00:33.624000,0 days 00:00:36.226000,0 days 00:00:26.251000,12,96.101,5587.161,0.7529999999997017,True,False,False,21.0,0.0,0.0,33.624,36.226,26.251,0,0,1,0.0,95.95920000000001,0.7795862364100801,0.18189135900213513,0,0,95.243,94.846,-0.39699999999999136,0.11999999999999034,0.8580000000000041,-0.31433333333333735,0.0,0.15800000000000125,0.13868417357434912,-0.31433333333333735,0,1,2022,Miami Grand Prix,0.0,19,0.0
VET,20,0 days 00:01:34.846000,HARD,22.0,True,0 days 01:34:42.007000,29.8,13,42.6,0 days 00:00:32.631000,0 days 00:00:36.207000,0 days 00:00:26.008000,21,94.846,5682.007,0.9970000000002983,True,False,False,22.0,0.0,0.0,32.631,36.207,26.008,0,0,1,0.0,95.931,0.769281157965041,-1.410407610749385,0,0,96.101,94.708,-1.3930000000000007,0.9779999999999944,-1.2549999999999955,-0.30033333333333206,0.0,-0.08500000000000085,0.15832024507308037,-0.30033333333333206,0,1,2022,Miami Grand Prix,0.0,19,0.0
VET,21,0 days 00:01:34.708000,HARD,23.0,True,0 days 01:36:16.715000,29.8,13,42.3,0 days 00:00:32.550000,0 days 00:00:36.235000,0 days 00:00:25.923000,1,94.708,5776.715,1.1369999999997162,True,False,False,23.0,0.0,0.0,32.55,36.235,25.923,0,0,0,0.0,95.66299999999998,0.883212035697,-1.081280554840188,0,0,94.846,94.987,0.14099999999999113,0.0,-0.13800000000000523,-0.09233333333333367,0.0,-0.08500000000000085,0.11605386680330865,-0.09233333333333367,0,0,2022,Miami Grand Prix,0.0,19,0.0
VET,22,0 days 00:01:34.987000,HARD,24.0,True,0 days 01:37:51.702000,29.7,13,42.4,0 days 00:00:32.532000,0 days 00:00:36.202000,0 days 00:00:26.253000,1,94.987,5871.702,0.8989999999994325,True,False,False,24.0,0.0,0.0,32.532,36.202,26.253,0,0,0,0.0,95.2042,0.5447180004369736,-0.39873842947317184,0,0,94.708,94.859,0.15099999999999625,0.0,0.27899999999999636,-0.1783333333333322,0.0,0.33000000000000185,0.1154369958029062,-0.1783333333333322,0,1,2022,Miami Grand Prix,0.0,19,0.0
VET,23,0 days 00:01:34.859000,HARD,25.0,True,0 days 01:39:26.561000,29.9,13,42.3,0 days 00:00:32.603000,0 days 00:00:36.119000,0 days 00:00:26.137000,1,94.859,5966.561,0.9850000000005821,True,False,False,25.0,0.0,0.0,32.603,36.119,26.137,0,0,0,0.0,95.17699999999999,0.553117076214482,-0.5749234902968121,0,0,94.987,94.605,-0.3819999999999908,0.27899999999999636,-0.1280000000000001,-0.3713333333333348,0.0,0.2140000000000022,0.20098333264228777,-0.3713333333333348,0,1,2022,Miami Grand Prix,0.0,19,0.0
VET,24,0 days 00:01:34.605000,HARD,26.0,True,0 days 01:41:01.166000,30.0,13,42.5,0 days 00:00:32.661000,0 days 00:00:36.037000,0 days 00:00:25.907000,1,94.605,6061.166,1.043999999999869,True,False,False,26.0,0.0,0.0,32.661,36.037,25.907,0,0,0,0.0,95.1002,0.5681176814710678,-0.8716503924288013,0,0,94.859,95.564,0.7049999999999983,0.15099999999999625,-0.2539999999999907,0.00433333333333034,0.0,-0.015999999999998238,0.18540846798353228,0.00433333333333034,0,0,2022,Miami Grand Prix,0.0,19,0.0
VET,25,0 days 00:01:35.564000,HARD,27.0,True,0 days 01:42:36.730000,30.0,13,43.7,0 days 00:00:32.996000,0 days 00:00:36.108000,0 days 00:00:26.460000,1,95.564,6156.73,0.5750000000007276,True,False,False,27.0,0.0,0.0,32.996,36.108,26.46,0,0,0,0.0,94.801,0.14752118491957095,5.172138499402518,0,0,94.605,94.504,-0.10099999999999909,0.0,0.958999999999989,-0.034333333333331474,0.0,0.5530000000000008,0.18958454578366996,-0.034333333333331474,0,1,2022,Miami Grand Prix,0.0,19,0.0
VET,26,0 days 00:01:34.504000,HARD,28.0,True,0 days 01:44:11.234000,30.2,13,44.5,0 days 00:00:32.346000,0 days 00:00:36.165000,0 days 00:00:25.993000,1,94.504,6251.234,0.8899999999994179,True,False,False,28.0,0.0,0.0,32.346,36.165,25.993,0,0,0,0.0,94.9446,0.37552935970448936,-1.17327710500906,0,0,95.564,95.987,0.4230000000000018,0.958999999999989,-1.059999999999988,0.19233333333333272,0.0,0.08599999999999852,0.259606818092284,0.19233333333333272,0,1,2022,Miami Grand Prix,0.0,19,0.0
VET,27,0 days 00:01:35.987000,HARD,29.0,True,0 days 01:45:47.221000,30.2,14,44.5,0 days 00:00:33.631000,0 days 00:00:36.360000,0 days 00:00:25.996000,1,95.987,6347.221,1.366000000000895,True,False,False,29.0,0.0,0.0,33.631,36.36,25.996,0,0,0,0.0,94.9038,0.4165077430253417,2.6006719398109372,0,0,94.504,95.086,0.5819999999999936,0.0,1.4829999999999899,-0.11833333333332992,0.0,0.08899999999999864,0.22123471698628155,-0.11833333333332992,0,0,2022,Miami Grand Prix,0.0,19,0.0
VET,28,0 days 00:01:35.086000,HARD,30.0,True,0 days 01:47:22.307000,30.1,14,46.4,0 days 00:00:32.803000,0 days 00:00:36.155000,0 days 00:00:26.128000,1,95.086,6442.307,0.8510000000005675,True,False,False,30.0,0.0,0.0,32.803,36.155,26.128,0,0,0,0.0,95.1038,0.6442660164870188,-0.02762833914019878,0,0,95.987,94.448,-1.5390000000000015,1.4829999999999899,-0.9009999999999962,0.4606666666666636,0.0,0.13500000000000156,0.22118024324066596,0.4606666666666636,0,1,2022,Miami Grand Prix,0.0,19,0.0
VET,29,0 days 00:01:34.448000,HARD,31.0,True,0 days 01:48:56.755000,30.0,14,45.6,0 days 00:00:32.532000,0 days 00:00:36.024000,0 days 00:00:25.892000,1,94.448,6536.755,1.0900000000001455,True,False,False,31.0,0.0,0.0,32.532,36.024,25.892,0,0,0,0.0,95.1492,0.6305550729318168,-1.1120360934370315,0,0,95.086,95.288,0.20199999999999818,0.5819999999999936,-0.6380000000000052,-0.15933333333333147,0.0,-0.10099999999999909,0.2214301244185174,-0.15933333333333147,0,0,2022,Miami Grand Prix,0.0,19,0.0
VET,30,0 days 00:01:35.288000,HARD,32.0,True,0 days 01:50:32.043000,29.9,13,43.8,0 days 00:00:32.392000,0 days 00:00:36.466000,0 days 00:00:26.430000,1,95.288,6632.043,0.30900000000019645,True,False,False,32.0,0.0,0.0,32.392,36.466,26.43,0,0,0,0.0,95.11779999999999,0.6672699603609119,0.2550691775603848,0,0,94.448,97.385,2.937000000000012,0.0,0.8400000000000034,-0.018666666666670533,0.0,0.5380000000000003,0.24156945171109723,-0.018666666666670533,0,1,2022,Miami Grand Prix,0.0,19,0.0
VET,31,0 days 00:01:37.385000,HARD,33.0,True,0 days 01:52:09.428000,29.9,14,45.0,0 days 00:00:32.395000,0 days 00:00:38.509000,0 days 00:00:26.481000,1,97.385,6729.428,0.5380000000004657,True,False,False,33.0,0.0,0.0,32.395,38.509,26.481,0,0,0,0.0,95.0626,0.6315922735436658,3.6770557482752997,0,0,95.288,95.724,0.43600000000000705,0.8400000000000034,2.0970000000000084,-0.23299999999999935,0.0,0.5890000000000022,0.2353641858907171,-0.23299999999999935,0,1,2022,Miami Grand Prix,0.0,19,0.0
VET,32,0 days 00:01:35.724000,HARD,34.0,True,0 days 01:53:45.152000,29.8,14,44.3,0 days 00:00:32.856000,0 days 00:00:36.217000,0 days 00:00:26.651000,1,95.724,6825.152,0.4110000000000582,True,False,False,34.0,0.0,0.0,32.856,36.217,26.651,0,0,0,0.0,95.63879999999999,1.1199454004548788,0.07607513720348298,0,0,97.385,94.835,-2.5500000000000114,2.937000000000012,-1.6610000000000014,0.7663333333333355,0.0,0.7590000000000003,0.3000883203325319,0.7663333333333355,0,1,2022,Miami Grand Prix,0.0,19,0.0
VET,33,0 days 00:01:34.835000,HARD,35.0,True,0 days 01:55:19.987000,29.9,14,44.3,0 days 00:00:32.439000,0 days 00:00:36.351000,0 days 00:00:26.045000,1,94.835,6919.987,0.7409999999999854,True,False,False,35.0,0.0,0.0,32.439,36.351,26.045,0,0,0,0.0,95.5862,1.105587264760246,-0.6794578989320342,0,0,95.724,94.472,-1.2520000000000095,1.2760000000000105,-0.88900000000001,0.42533333333333684,0.0,-0.384999999999998,0.3548210816735667,0.42533333333333684,0,1,2022,Miami Grand Prix,0.0,19,0.0
VET,34,0 days 00:01:34.472000,HARD,36.0,True,0 days 01:56:54.459000,29.8,14,43.0,0 days 00:00:32.329000,0 days 00:00:36.085000,0 days 00:00:26.058000,1,94.472,7014.459,0.5780000000004293,True,False,False,36.0,0.0,0.0,32.329,36.085,26.058,0,0,0,0.0,95.536,1.1391657034865674,-0.9340168833590182,0,0,94.835,97.375,2.5400000000000063,0.38700000000000045,-0.36299999999999955,-0.151000000000001,0.0,0.012999999999998124,0.4946898017950235,-0.151000000000001,0,1,2022,Miami Grand Prix,0.0,19,0.0
VET,35,0 days 00:01:37.375000,HARD,37.0,True,0 days 01:58:31.834000,29.5,15,41.8,0 days 00:00:34.708000,0 days 00:00:36.389000,0 days 00:00:26.278000,1,97.375,7111.834,3.667000000000371,True,False,False,37.0,0.0,0.0,34.708,36.389,26.278,0,0,0,0.0,95.5408,1.1334715258885184,1.6182144483622403,0,0,94.472,93.971,-0.5009999999999906,0.0,2.903000000000006,-0.9710000000000036,0.0,0.232999999999997,0.4749738940194503,-0.9710000000000036,0,0,2022,Miami Grand Prix,0.0,19,0.0
VET,36,0 days 00:01:33.971000,HARD,38.0,True,0 days 02:00:05.805000,29.4,15,41.0,0 days 00:00:31.925000,0 days 00:00:35.946000,0 days 00:00:26.100000,1,93.971,7205.805,3.757999999999811,True,False,False,38.0,0.0,0.0,31.925,35.946,26.1,0,0,0,0.0,95.9582,1.375527062620007,-1.444682590406417,0,0,97.375,94.137,-3.2379999999999995,2.903000000000006,-3.4039999999999964,0.5503333333333321,0.0,0.054999999999999716,0.4564397002890963,0.5503333333333321,0,0,2022,Miami Grand Prix,0.0,19,0.0
VET,37,0 days 00:01:34.137000,HARD,39.0,True,0 days 02:01:39.942000,29.6,15,41.7,0 days 00:00:31.999000,0 days 00:00:36.004000,0 days 00:00:26.134000,1,94.137,7299.942,3.3140000000003056,True,False,False,39.0,0.0,0.0,31.999,36.004,26.134,0,0,0,0.0,95.2754,1.3370139490671158,-0.8514496058880374,0,0,93.971,93.944,-0.027000000000001023,0.0,0.16599999999999682,-0.2879999999999967,0.0,0.07600000000000051,0.4155309856075712,-0.2879999999999967,0,0,2022,Miami Grand Prix,0.0,19,0.0
VET,38,0 days 00:01:33.944000,HARD,40.0,True,0 days 02:03:13.886000,29.7,15,42.9,0 days 00:00:31.830000,0 days 00:00:36.042000,0 days 00:00:26.072000,1,93.944,7393.886,3.2789999999995416,True,False,False,40.0,0.0,0.0,31.83,36.042,26.072,0,0,0,0.0,94.958,1.3911707299968812,-0.7288825002825275,0,0,94.137,93.596,-0.5409999999999968,0.16599999999999682,-0.19299999999999784,-0.11166666666666458,0.0,-0.028000000000002245,0.22992998934458125,-0.11166666666666458,0,0,2022,Miami Grand Prix,0.0,19,0.0
VET,39,0 days 00:01:33.596000,HARD,41.0,True,0 days 02:04:47.482000,29.8,15,42.7,0 days 00:00:31.583000,0 days 00:00:35.946000,0 days 00:00:26.067000,1,93.596,7487.482,3.3890000000001237,True,False,False,41.0,0.0,0.0,31.583,35.946,26.067,0,0,0,0.0,94.7798,1.465922474075644,-0.8075461157974612,0,0,93.944,95.944,2.0,0.0,-0.347999999999999,-1.1436666666666657,0.0,-0.004999999999999005,0.0996027108064831,-1.1436666666666657,0,0,2022,Miami Grand Prix,0.0,19,0.0
VET,47,0 days 00:01:35.944000,MEDIUM,8.0,True,0 days 02:21:30.465000,29.6,12,40.7,0 days 00:00:32.745000,0 days 00:00:36.188000,0 days 00:00:27.011000,12,95.944,8490.465,0.5169999999998254,False,True,False,8.0,0.0,0.0,32.745,36.188,27.011,0,0,1,0.0,94.6046,1.5611599213405576,0.8579518226741716,0,0,93.596,94.937,1.340999999999994,0.0,2.347999999999999,-0.125,0.0,0.9439999999999991,0.1024534040430078,-0.125,0,1,2022,Miami Grand Prix,0.0,19,0.0
VET,48,0 days 00:01:34.937000,MEDIUM,9.0,True,0 days 02:23:05.402000,29.6,12,39.8,0 days 00:00:32.385000,0 days 00:00:36.382000,0 days 00:00:26.170000,1,94.937,8585.402,1.201999999999316,False,True,False,9.0,0.0,0.0,32.385,36.382,26.17,0,0,0,0.0,94.3184,0.9298125079821514,0.6652954167528528,0,0,95.944,93.786,-2.1580000000000013,2.347999999999999,-1.007000000000005,0.602333333333334,0.0,0.10300000000000153,0.41339847604944047,0.602333333333334,0,0,2022,Miami Grand Prix,0.0,19,0.0
VET,49,0 days 00:01:33.786000,MEDIUM,10.0,True,0 days 02:24:39.188000,29.6,11,39.6,0 days 00:00:31.987000,0 days 00:00:35.880000,0 days 00:00:25.919000,1,93.786,8679.188,1.5270000000000437,False,True,False,10.0,0.0,0.0,31.987,35.88,25.919,0,0,0,0.0,94.5116,0.9398873868714567,-0.7720073810281235,0,0,94.937,93.479,-1.4579999999999984,1.340999999999994,-1.1509999999999962,0.33099999999999835,0.0,-0.1479999999999997,0.4094844319385044,0.33099999999999835,0,0,2022,Miami Grand Prix,0.0,19,0.0
VET,50,0 days 00:01:33.479000,MEDIUM,11.0,True,0 days 02:26:12.667000,29.7,11,39.5,0 days 00:00:31.771000,0 days 00:00:35.714000,0 days 00:00:25.994000,1,93.479,8772.667,2.4980000000014115,False,True,False,11.0,0.0,0.0,31.771,35.714,25.994,0,0,0,0.0,94.4414,0.9867982569907868,-0.9752753343270121,0,0,93.786,94.298,0.5120000000000005,0.18999999999999773,-0.30700000000000216,0.06333333333333258,0.0,0.07499999999999929,0.44001897686349806,0.06333333333333258,0,0,2022,Miami Grand Prix,0.0,19,0.0
VET,51,0 days 00:01:34.298000,MEDIUM,12.0,True,0 days 02:27:46.965000,29.6,11,38.6,0 days 00:00:31.958000,0 days 00:00:36.079000,0 days 00:00:26.261000,1,94.298,8866.965,2.076999999999316,False,True,False,12.0,0.0,0.0,31.958,36.079,26.261,0,0,0,0.0,94.3484,1.0642656153423635,-0.047356599023245766,0,0,93.479,94.217,0.7379999999999995,0.0,0.8190000000000026,-0.8216666666666678,0.0,0.34199999999999875,0.4305539455167023,-0.8216666666666678,0,0,2022,Miami Grand Prix,0.0,19,0.0
VET,52,0 days 00:01:34.217000,MEDIUM,13.0,True,0 days 02:29:21.182000,29.7,11,39.2,0 days 00:00:32.373000,0 days 00:00:35.624000,0 days 00:00:26.220000,1,94.217,8961.182,1.422999999998865,False,True,False,13.0,0.0,0.0,32.373,35.624,26.22,0,0,0,0.0,94.4888,0.9834275265621033,-0.27638030526780744,0,0,94.298,93.631,-0.6670000000000016,0.8190000000000026,-0.08100000000000307,-0.2129999999999986,0.0,0.3009999999999984,0.41829021026077035,-0.2129999999999986,0,0,2022,Miami Grand Prix,0.0,19,0.0
ZHO,2,0 days 00:01:37.487000,MEDIUM,2.0,True,0 days 01:05:38.832000,30.4,14,40.4,0 days 00:00:33.346000,0 days 00:00:37.351000,0 days 00:00:26.790000,1,97.487,3938.832,0.8020000000001346,False,True,False,2.0,0.0,0.0,33.346,37.351,26.79,0,0,0,0.0,93.8822,0.3605228148121494,9.998812424335144,0,0,97.487,96.727,-0.7599999999999909,4.007999999999996,0.0,0.050666666666667005,0.0,0.7620000000000005,0.20204380713102715,0.0,0,1,2022,Miami Grand Prix,0.0,19,0.0
ZHO,3,0 days 00:01:36.727000,MEDIUM,3.0,True,0 days 01:07:15.559000,31.0,14,44.0,0 days 00:00:33.214000,0 days 00:00:36.851000,0 days 00:00:26.662000,1,96.727,4035.559,0.5649999999995998,False,True,False,3.0,0.0,0.0,33.214,36.851,26.662,0,0,0,0.0,,,0.0,0,0,97.487,95.731,-1.7560000000000002,0.0,-0.7599999999999909,0.0,0.0,0.0,0.0,0.0,0,1,2022,Miami Grand Prix,0.0,19,0.0
ZHO,4,0 days 00:01:35.731000,MEDIUM,4.0,True,0 days 01:08:51.290000,31.3,14,46.5,0 days 00:00:32.737000,0 days 00:00:36.503000,0 days 00:00:26.491000,1,95.731,4131.29,0.7700000000004366,False,True,False,4.0,0.0,0.0,32.737,36.503,26.491,0,0,0,0.0,,,0.0,0,0,96.727,95.883,-0.8440000000000083,0.0,-0.9960000000000093,-0.37999999999999545,0.0,-0.17099999999999937,0.0,0.0,0,1,2022,Miami Grand Prix,0.0,19,0.0
