Driver,LapNumber,LapTime,Compound,TyreLife,IsAccurate,Time,Position,Sector1Time,Sector2Time,Sector3Time,TrackStatus,LapTimeSec,RaceTimeSec,GapBehindSec,compound_HARD,compound_MEDIUM,TyreAge,AirTemp,TrackTemp,GapToLeaderSec,GapAheadSec,Sector1Sec,Sector2Sec,Sector3Sec,IsSC,IsVSC,IsYellow,AEBI,LapTime_roll_mean,LapTime_roll_std,LapTime_z,LapSpikeFast,PrevLapSpikeFast,PrevLapTimeSec,NextLapTimeSec,DeltaNextLapSec,PushIndex,TyreDegRate,TyreDegSmooth,DeltaGapAhead,ERSProxy,ERSVolatility,PushTrend,IsDRSRange,IsUnderAttack,Season,RaceName,RaceKey
ALB,2,0 days 00:01:29.169000,HARD,2.0,True,0 days 01:05:24.480000,19,0 days 00:00:31.368000,0 days 00:00:18.851000,0 days 00:00:38.950000,12,89.169,3924.48,0.0,True,False,2.0,0.0,0.0,0.0,0.0,31.368,18.851,38.95,0,0,1,0.0,,,0.0,0,0,89.169,88.217,-0.9519999999999982,0.0,0.0,0.0,0.0,0.0,0.0,0.0,0,0,2022,Australian Grand Prix,2022_Australian Grand Prix
ALB,7,0 days 00:01:28.217000,HARD,7.0,True,0 days 01:15:22.803000,18,0 days 00:00:31.117000,0 days 00:00:18.795000,0 days 00:00:38.305000,1,88.217,4522.803,0.6210000000000946,True,False,7.0,0.0,0.0,0.0,0.0,31.117,18.795,38.305,0,0,0,0.0,,,0.0,0,0,89.169,86.992,-2.1769999999999925,0.0,-0.9519999999999982,0.0,0.0,0.0,0.0,0.0,0,1,2022,Australian Grand Prix,2022_Australian Grand Prix
ALB,8,0 days 00:01:26.992000,HARD,8.0,True,0 days 01:16:49.795000,18,0 days 00:00:30.383000,0 days 00:00:18.622000,0 days 00:00:37.987000,1,86.992,4609.795,0.5969999999997526,True,False,8.0,0.0,0.0,0.0,0.0,30.383,18.622,37.987,0,0,0,0.0,,,0.0,0,0,88.217,86.75,-1.4669999999999987,0.0,-1.2249999999999943,-0.4759999999999991,0.0,-0.31799999999999784,0.0,0.0,0,1,2022,Australian Grand Prix,2022_Australian Grand Prix
ALB,9,0 days 00:01:26.750000,HARD,9.0,True,0 days 01:18:16.545000,18,0 days 00:00:30.616000,0 days 00:00:18.650000,0 days 00:00:37.484000,1,86.75,4696.545,0.3580000000001746,True,False,9.0,0.0,0.0,0.0,0.0,30.616,18.65,37.484,0,0,0,0.0,88.12599999999999,1.0913491650246476,-1.2608247150387606,0,0,86.992,85.709,-1.2830000000000013,0.0,-0.24200000000000443,-0.7256666666666641,0.0,-0.5030000000000001,0.18359738560229974,-1.0884999999999962,0,1,2022,Australian Grand Prix,2022_Australian Grand Prix
ALB,10,0 days 00:01:25.709000,HARD,10.0,True,0 days 01:19:42.254000,17,0 days 00:00:29.928000,0 days 00:00:18.567000,0 days 00:00:37.214000,1,85.709,4782.254,0.649000000000342,True,False,10.0,0.0,0.0,0.0,0.0,29.928,18.567,37.214,0,0,0,0.0,87.782,1.1257764727807515,-1.841395738960088,1,0,86.75,87.213,0.46299999999999386,0.0,-1.0409999999999968,-0.8063333333333323,0.0,-0.2700000000000031,0.24874535171536344,-0.8063333333333323,0,1,2022,Australian Grand Prix,2022_Australian Grand Prix
ALB,11,0 days 00:01:27.213000,HARD,11.0,True,0 days 01:21:09.467000,17,0 days 00:00:29.775000,0 days 00:00:18.670000,0 days 00:00:38.768000,1,87.213,4869.467,0.44500000000061846,True,False,11.0,0.0,0.0,0.0,0.0,29.775,18.67,38.768,0,0,0,0.0,87.3674,1.3453606579649957,-0.11476476518464307,0,1,85.709,87.173,1.4639999999999986,0.0,1.5039999999999907,-0.8359999999999985,0.0,1.554000000000002,0.21735730951592125,-0.8359999999999985,0,1,2022,Australian Grand Prix,2022_Australian Grand Prix
ALB,12,0 days 00:01:27.173000,HARD,12.0,True,0 days 01:22:36.640000,17,0 days 00:00:30.202000,0 days 00:00:18.748000,0 days 00:00:38.223000,1,87.173,4956.64,0.5229999999992287,True,False,12.0,0.0,0.0,0.0,0.0,30.202,18.748,38.223,0,0,0,0.0,86.9762,0.901785839321072,0.2182336331075691,0,0,87.213,86.246,-0.9669999999999987,1.5039999999999907,-0.03999999999999204,0.07366666666666315,0.0,1.0090000000000003,0.8365218466961887,0.07366666666666315,0,1,2022,Australian Grand Prix,2022_Australian Grand Prix
ALB,13,0 days 00:01:26.246000,HARD,13.0,True,0 days 01:24:02.886000,16,0 days 00:00:30.222000,0 days 00:00:18.744000,0 days 00:00:37.280000,1,86.246,5042.886,0.808999999999287,True,False,13.0,0.0,0.0,0.0,0.0,30.222,18.744,37.28,0,0,0,0.0,86.7674,0.6192796621882677,-0.8419459443534715,0,0,87.173,85.491,-1.6820000000000022,1.4639999999999986,-0.9270000000000067,0.1410000000000006,0.0,0.0660000000000025,0.9255637741398491,0.1410000000000006,0,1,2022,Australian Grand Prix,2022_Australian Grand Prix
ALB,14,0 days 00:01:25.491000,HARD,14.0,True,0 days 01:25:28.377000,15,0 days 00:00:29.730000,0 days 00:00:18.586000,0 days 00:00:37.175000,1,85.491,5128.377,0.8699999999998909,True,False,14.0,0.0,0.0,0.0,0.0,29.73,18.586,37.175,0,0,0,0.0,86.6182,0.6411198795857271,-1.758173527123142,1,0,86.246,85.328,-0.9179999999999922,0.5369999999999919,-0.7549999999999955,0.1789999999999973,0.0,-0.10500000000000398,0.8766862038380677,0.1789999999999973,0,1,2022,Australian Grand Prix,2022_Australian Grand Prix
ALB,15,0 days 00:01:25.328000,HARD,15.0,True,0 days 01:26:53.705000,15,0 days 00:00:29.673000,0 days 00:00:18.715000,0 days 00:00:36.940000,1,85.328,5213.705,1.0590000000001965,True,False,15.0,0.0,0.0,0.0,0.0,29.673,18.715,36.94,0,0,0,0.0,86.3664,0.8031704675845706,-1.2928762223078831,0,1,85.491,85.558,0.06700000000000728,0.0,-0.1629999999999967,-0.5739999999999981,0.0,-0.23499999999999943,0.7913871997953993,-0.5739999999999981,0,0,2022,Australian Grand Prix,2022_Australian Grand Prix
ALB,16,0 days 00:01:25.558000,HARD,16.0,True,0 days 01:28:19.263000,15,0 days 00:00:29.581000,0 days 00:00:18.695000,0 days 00:00:37.282000,1,85.558,5299.263,1.1080000000001746,True,False,16.0,0.0,0.0,0.0,0.0,29.581,18.695,37.282,0,0,0,0.0,86.2902,0.8940635883425837,-0.8189574092345546,0,0,85.328,85.548,0.21999999999999886,0.0,0.23000000000000398,-0.6149999999999997,0.0,0.34199999999999875,0.7835334708868549,-0.6149999999999997,0,0,2022,Australian Grand Prix,2022_Australian Grand Prix
ALB,17,0 days 00:01:25.548000,HARD,17.0,True,0 days 01:29:44.811000,14,0 days 00:00:29.772000,0 days 00:00:18.697000,0 days 00:00:37.079000,1,85.548,5384.811,1.1019999999998618,True,False,17.0,0.0,0.0,0.0,0.0,29.772,18.697,37.079,0,0,0,0.0,85.9592,0.7638963934985016,-0.538292893512398,0,0,85.558,85.499,-0.05900000000001171,0.23000000000000398,-0.010000000000005116,-0.2293333333333294,0.0,0.1390000000000029,0.4933723745813101,-0.2293333333333294,0,0,2022,Australian Grand Prix,2022_Australian Grand Prix
ALB,18,0 days 00:01:25.499000,HARD,18.0,True,0 days 01:31:10.310000,13,0 days 00:00:29.766000,0 days 00:00:18.590000,0 days 00:00:37.143000,1,85.499,5470.31,0.9529999999995198,True,False,18.0,0.0,0.0,0.0,0.0,29.766,18.59,37.143,0,0,0,0.0,85.63419999999999,0.35418949730336957,-0.38171656988517744,0,0,85.548,85.469,-0.07900000000000773,0.21999999999999886,-0.049000000000006594,0.01900000000000072,0.0,0.20300000000000296,0.22266634231513383,0.01900000000000072,0,1,2022,Australian Grand Prix,2022_Australian Grand Prix
ALB,19,0 days 00:01:25.469000,HARD,19.0,True,0 days 01:32:35.779000,13,0 days 00:00:29.781000,0 days 00:00:18.665000,0 days 00:00:37.023000,1,85.469,5555.779,1.308999999999287,True,False,19.0,0.0,0.0,0.0,0.0,29.781,18.665,37.023,0,0,0,0.0,85.48479999999999,0.09243754648416537,-0.17092621560120333,0,0,85.499,85.553,0.054000000000002046,0.17099999999999227,-0.030000000000001137,0.05699999999999742,0.0,-0.055999999999997385,0.23456171895686762,0.05699999999999742,0,0,2022,Australian Grand Prix,2022_Australian Grand Prix
ALB,20,0 days 00:01:25.553000,HARD,20.0,True,0 days 01:34:01.332000,13,0 days 00:00:29.753000,0 days 00:00:18.656000,0 days 00:00:37.144000,1,85.553,5641.332,1.3919999999998254,True,False,20.0,0.0,0.0,0.0,0.0,29.753,18.656,37.144,0,0,0,0.0,85.4804,0.09259211629513747,0.7840840333380181,0,0,85.469,86.496,1.027000000000001,0.14099999999999113,0.08400000000000318,-0.02966666666667095,0.0,0.12099999999999511,0.2263654125523597,-0.02966666666667095,0,0,2022,Australian Grand Prix,2022_Australian Grand Prix
ALB,21,0 days 00:01:26.496000,HARD,21.0,True,0 days 01:35:27.828000,11,0 days 00:00:30.193000,0 days 00:00:18.763000,0 days 00:00:37.540000,1,86.496,5727.828,0.8459999999995489,True,False,21.0,0.0,0.0,0.0,0.0,30.193,18.763,37.54,0,0,0,0.0,85.52539999999999,0.03941192712888001,24.62706268653315,0,0,85.553,88.593,3.0400000000000063,0.08400000000000318,0.9429999999999978,0.0016666666666651508,0.0,0.5169999999999959,0.1441100274096147,0.0016666666666651508,0,1,2022,Australian Grand Prix,2022_Australian Grand Prix
ALB,22,0 days 00:01:28.593000,HARD,22.0,True,0 days 01:36:56.421000,11,0 days 00:00:32.394000,0 days 00:00:18.733000,0 days 00:00:37.466000,1,88.593,5816.421,0.543999999999869,True,False,22.0,0.0,0.0,0.0,0.0,32.394,18.733,37.466,0,0,0,0.0,85.713,0.43910306307290453,6.558824663725567,0,0,86.496,87.079,0.5829999999999984,1.027000000000001,2.0970000000000084,0.3323333333333333,0.0,0.44299999999999784,0.2090698447887674,0.3323333333333333,0,1,2022,Australian Grand Prix,2022_Australian Grand Prix
ALB,27,0 days 00:01:27.079000,HARD,27.0,True,0 days 01:47:12.654000,10,0 days 00:00:30.601000,0 days 00:00:18.769000,0 days 00:00:37.709000,1,87.079,6432.654,0.39799999999922875,True,False,27.0,0.0,0.0,0.0,0.0,30.601,18.769,37.709,0,0,0,0.0,86.322,1.3401507377903394,0.5648618313251416,0,0,88.593,86.155,-2.4380000000000024,3.1240000000000094,-1.51400000000001,1.0413333333333366,0.0,0.5650000000000048,0.2350144676397588,1.0413333333333366,0,1,2022,Australian Grand Prix,2022_Australian Grand Prix
ALB,28,0 days 00:01:26.155000,HARD,28.0,True,0 days 01:48:38.809000,10,0 days 00:00:30.141000,0 days 00:00:18.545000,0 days 00:00:37.469000,1,86.155,6518.809,0.40499999999974534,True,False,28.0,0.0,0.0,0.0,0.0,30.141,18.545,37.469,0,0,0,0.0,86.63799999999999,1.2826199748951255,-0.3765729596090867,0,0,87.079,84.946,-2.1329999999999956,1.6099999999999994,-0.9239999999999924,0.5086666666666654,0.0,0.0030000000000001137,0.27153268679847775,0.5086666666666654,0,1,2022,Australian Grand Prix,2022_Australian Grand Prix
ALB,29,0 days 00:01:24.946000,HARD,29.0,True,0 days 01:50:03.755000,10,0 days 00:00:29.712000,0 days 00:00:18.537000,0 days 00:00:36.697000,1,84.946,6603.755,0.4669999999996435,True,False,29.0,0.0,0.0,0.0,0.0,29.712,18.537,36.697,0,0,0,0.0,86.77520000000001,1.1568345603412624,-1.5812114045593575,1,0,86.155,84.335,-1.8200000000000074,0.6020000000000039,-1.2090000000000032,-0.11366666666666465,0.0,-0.7689999999999984,0.25178006275319087,-0.11366666666666465,0,1,2022,Australian Grand Prix,2022_Australian Grand Prix
ALB,30,0 days 00:01:24.335000,HARD,30.0,True,0 days 01:51:28.090000,10,0 days 00:00:29.235000,0 days 00:00:18.372000,0 days 00:00:36.728000,1,84.335,6688.09,0.43099999999958527,True,False,30.0,0.0,0.0,0.0,0.0,29.235,18.372,36.728,0,0,0,0.0,86.65379999999999,1.3352504259501188,-1.736603078295232,1,1,84.946,84.411,-0.5349999999999966,0.0,-0.6110000000000042,-1.2156666666666684,0.0,0.030999999999998806,0.561007308330292,-1.2156666666666684,0,1,2022,Australian Grand Prix,2022_Australian Grand Prix
ALB,31,0 days 00:01:24.411000,HARD,31.0,True,0 days 01:52:52.501000,10,0 days 00:00:29.334000,0 days 00:00:18.366000,0 days 00:00:36.711000,1,84.411,6772.501,0.5,True,False,31.0,0.0,0.0,0.0,0.0,29.334,18.366,36.711,0,0,0,0.0,86.2216,1.699229472437436,-1.0655417819482638,0,1,84.335,84.626,0.291000000000011,0.0,0.07600000000000762,-0.9146666666666666,0.0,0.013999999999995794,0.5227090969172054,-0.9146666666666666,0,1,2022,Australian Grand Prix,2022_Australian Grand Prix
ALB,32,0 days 00:01:24.626000,HARD,32.0,True,0 days 01:54:17.127000,10,0 days 00:00:29.372000,0 days 00:00:18.466000,0 days 00:00:36.788000,1,84.626,6857.127,0.42599999999947613,True,False,32.0,0.0,0.0,0.0,0.0,29.372,18.466,36.788,0,0,0,0.0,85.38520000000001,1.1944070495438512,-0.63562920219698,0,0,84.411,84.71,0.2989999999999924,0.07600000000000762,0.2150000000000034,-0.5813333333333333,0.0,0.09099999999999397,0.4761524965806657,-0.5813333333333333,0,1,2022,Australian Grand Prix,2022_Australian Grand Prix
ALB,33,0 days 00:01:24.710000,HARD,33.0,True,0 days 01:55:41.837000,10,0 days 00:00:29.272000,0 days 00:00:18.436000,0 days 00:00:37.002000,1,84.71,6941.837,0.2569999999996071,True,False,33.0,0.0,0.0,0.0,0.0,29.272,18.436,37.002,0,0,0,0.0,84.8946,0.7433735938275502,-0.24832735724377533,0,0,84.626,85.132,0.5060000000000002,0.291000000000011,0.08399999999998897,-0.1066666666666644,0.0,0.2910000000000039,0.36104985805287143,-0.1066666666666644,0,1,2022,Australian Grand Prix,2022_Australian Grand Prix
ALB,34,0 days 00:01:25.132000,HARD,34.0,True,0 days 01:57:06.969000,10,0 days 00:00:29.523000,0 days 00:00:18.428000,0 days 00:00:37.181000,1,85.132,7026.969,0.3890000000001237,True,False,34.0,0.0,0.0,0.0,0.0,29.523,18.428,37.181,0,0,0,0.0,84.6056,0.24407027676491583,2.1567558613744215,0,0,84.71,85.37,0.6600000000000108,0.375,0.42200000000001125,0.125,0.0,0.46999999999999886,0.4068437046336094,0.125,0,1,2022,Australian Grand Prix,2022_Australian Grand Prix
ALB,35,0 days 00:01:25.370000,HARD,35.0,True,0 days 01:58:32.339000,10,0 days 00:00:29.929000,0 days 00:00:18.311000,0 days 00:00:37.130000,1,85.37,7112.339,0.3469999999997526,True,False,35.0,0.0,0.0,0.0,0.0,29.929,18.311,37.13,0,0,0,0.0,84.6428,0.3132837372097417,2.3212184790593016,0,0,85.132,84.527,-0.605000000000004,0.7970000000000113,0.23799999999999955,0.24033333333333454,0.0,0.34200000000000585,0.1962760810695,0.24033333333333454,0,1,2022,Australian Grand Prix,2022_Australian Grand Prix
ALB,36,0 days 00:01:24.527000,HARD,36.0,True,0 days 01:59:56.866000,10,0 days 00:00:29.299000,0 days 00:00:18.378000,0 days 00:00:36.850000,1,84.527,7196.866,0.46900000000005093,True,False,36.0,0.0,0.0,0.0,0.0,29.299,18.378,36.85,0,0,0,0.0,84.8498,0.3912865957327043,-0.8249707593370053,0,0,85.37,84.525,-0.8449999999999989,0.9590000000000032,-0.8430000000000035,0.24799999999999991,0.0,-0.15200000000000102,0.18652694175373535,0.24799999999999991,0,1,2022,Australian Grand Prix,2022_Australian Grand Prix
ALB,37,0 days 00:01:24.525000,HARD,37.0,True,0 days 02:01:21.391000,10,0 days 00:00:29.350000,0 days 00:00:18.337000,0 days 00:00:36.838000,1,84.525,7281.391,0.4930000000003929,True,False,37.0,0.0,0.0,0.0,0.0,29.35,18.337,36.838,0,0,0,0.0,84.873,0.3610346243784487,-0.9638964700383241,0,0,84.527,84.231,-0.2960000000000065,0.0,-0.001999999999995339,-0.06099999999999758,0.0,-0.012000000000000455,0.24329878750211875,-0.06099999999999758,0,1,2022,Australian Grand Prix,2022_Australian Grand Prix
ALB,38,0 days 00:01:24.231000,HARD,38.0,True,0 days 02:02:45.622000,10,0 days 00:00:29.217000,0 days 00:00:18.393000,0 days 00:00:36.621000,1,84.231,7365.622,0.4290000000000873,True,False,38.0,0.0,0.0,0.0,0.0,29.217,18.393,36.621,0,0,0,0.0,84.8528,0.38060438778354677,-1.6337173715233964,1,0,84.525,83.366,-1.159000000000006,0.0,-0.29400000000001114,-0.20233333333333312,0.0,-0.21699999999999875,0.25954228942505864,-0.20233333333333312,0,1,2022,Australian Grand Prix,2022_Australian Grand Prix
ALB,41,0 days 00:01:23.366000,HARD,41.0,True,0 days 02:07:28.749000,7,0 days 00:00:28.817000,0 days 00:00:18.385000,0 days 00:00:36.164000,1,83.366,7648.749,1.7550000000001091,True,False,41.0,0.0,0.0,0.0,0.0,28.817,18.385,36.164,0,0,0,0.0,84.757,0.474287360152152,-2.932821147824329,1,1,84.231,83.238,-0.992999999999995,0.0,-0.8649999999999949,-0.37966666666667,0.0,-0.45700000000000074,0.30456887562586016,-0.37966666666667,0,0,2022,Australian Grand Prix,2022_Australian Grand Prix
ALB,42,0 days 00:01:23.238000,HARD,42.0,True,0 days 02:08:51.987000,7,0 days 00:00:28.858000,0 days 00:00:18.309000,0 days 00:00:36.071000,1,83.238,7731.987,1.7479999999995925,True,False,42.0,0.0,0.0,0.0,0.0,28.858,18.309,36.071,0,0,0,0.0,84.4038,0.7194266467125905,-1.620457075543574,1,1,83.366,83.245,-0.12099999999999511,0.0,-0.1280000000000001,-0.38700000000000045,0.0,-0.09300000000000352,0.294510950560419,-0.38700000000000045,0,0,2022,Australian Grand Prix,2022_Australian Grand Prix
ALB,43,0 days 00:01:23.245000,HARD,43.0,True,0 days 02:10:15.232000,7,0 days 00:00:28.868000,0 days 00:00:18.356000,0 days 00:00:36.021000,1,83.245,7815.232,1.6229999999995925,True,False,43.0,0.0,0.0,0.0,0.0,28.868,18.356,36.021,0,0,0,0.0,83.9774,0.6298335494399735,-1.1628469151114982,0,1,83.238,83.071,-0.1670000000000016,0.0,0.007000000000005002,-0.42900000000000205,0.0,-0.04999999999999716,0.16917653501594143,-0.42900000000000205,0,0,2022,Australian Grand Prix,2022_Australian Grand Prix
ALB,44,0 days 00:01:23.071000,HARD,44.0,True,0 days 02:11:38.303000,7,0 days 00:00:28.764000,0 days 00:00:18.241000,0 days 00:00:36.066000,1,83.071,7898.303,1.480000000000473,True,False,44.0,0.0,0.0,0.0,0.0,28.764,18.241,36.066,0,0,0,0.0,83.721,0.6108203500213236,-1.064142673009035,0,0,83.245,83.962,0.7169999999999987,0.007000000000005002,-0.1740000000000066,-0.32866666666666333,0.0,0.045000000000001705,0.18012689971239798,-0.32866666666666333,0,0,2022,Australian Grand Prix,2022_Australian Grand Prix
ALB,45,0 days 00:01:23.962000,HARD,45.0,True,0 days 02:13:02.265000,7,0 days 00:00:29.525000,0 days 00:00:18.416000,0 days 00:00:36.021000,1,83.962,7982.265,0.7429999999994834,True,False,45.0,0.0,0.0,0.0,0.0,29.525,18.416,36.021,0,0,0,0.0,83.4302,0.4598007177029985,1.1565880163404016,0,0,83.071,82.964,-0.10699999999999932,0.0,0.8910000000000053,-0.0983333333333339,0.0,0.0,0.19359442140723085,-0.0983333333333339,0,1,2022,Australian Grand Prix,2022_Australian Grand Prix
ALB,46,0 days 00:01:22.964000,HARD,46.0,True,0 days 02:14:25.229000,7,0 days 00:00:28.771000,0 days 00:00:18.286000,0 days 00:00:35.907000,1,82.964,8065.229,0.6480000000001382,True,False,46.0,0.0,0.0,0.0,0.0,28.771,18.286,35.907,0,0,0,0.0,83.3764,0.34377507181324074,-1.1996215950877487,0,0,83.962,82.936,-1.0259999999999962,0.8910000000000053,-0.9980000000000047,0.2413333333333346,0.0,-0.11400000000000432,0.20026107959361578,0.2413333333333346,0,1,2022,Australian Grand Prix,2022_Australian Grand Prix
ALB,47,0 days 00:01:22.936000,HARD,47.0,True,0 days 02:15:48.165000,7,0 days 00:00:28.703000,0 days 00:00:18.274000,0 days 00:00:35.959000,1,82.936,8148.165,0.7950000000000728,True,False,47.0,0.0,0.0,0.0,0.0,28.703,18.274,35.959,0,0,0,0.0,83.296,0.3906308999557081,-0.9215860804683352,0,0,82.964,83.029,0.06499999999999773,0.0,-0.027999999999991587,-0.09366666666666863,0.0,0.05200000000000671,0.06553853828092678,-0.09366666666666863,0,1,2022,Australian Grand Prix,2022_Australian Grand Prix
ALB,48,0 days 00:01:23.029000,HARD,48.0,True,0 days 02:17:11.194000,7,0 days 00:00:28.778000,0 days 00:00:18.383000,0 days 00:00:35.868000,1,83.029,8231.194,0.8919999999998254,True,False,48.0,0.0,0.0,0.0,0.0,28.778,18.383,35.868,0,0,0,0.0,83.2356,0.42378213742465665,-0.4875146490494535,0,0,82.936,83.025,0.08899999999999864,0.0,0.09299999999998931,-0.044999999999996966,0.0,-0.03899999999999437,0.06951115018470513,-0.044999999999996966,0,1,2022,Australian Grand Prix,2022_Australian Grand Prix
ALB,49,0 days 00:01:23.025000,HARD,49.0,True,0 days 02:18:34.219000,7,0 days 00:00:28.867000,0 days 00:00:18.307000,0 days 00:00:35.851000,1,83.025,8314.219,0.8870000000006257,True,False,49.0,0.0,0.0,0.0,0.0,28.867,18.307,35.851,0,0,0,0.0,83.19239999999999,0.43348275628935296,-0.38617453075398855,0,0,83.029,83.127,0.09799999999999898,0.09299999999998931,-0.003999999999990678,-0.31100000000000233,0.0,-0.017000000000003013,0.06822536185320384,-0.31100000000000233,0,1,2022,Australian Grand Prix,2022_Australian Grand Prix
ALB,50,0 days 00:01:23.127000,HARD,50.0,True,0 days 02:19:57.346000,7,0 days 00:00:28.656000,0 days 00:00:18.310000,0 days 00:00:36.161000,1,83.127,8397.346,0.6959999999999127,True,False,50.0,0.0,0.0,0.0,0.0,28.656,18.31,36.161,0,0,0,0.0,83.1832,0.43717582275351763,-0.12855239717062286,0,0,83.025,82.997,-0.028000000000005798,0.08899999999999864,0.10199999999998965,0.020333333333335684,0.0,0.3100000000000023,0.06067371753898547,0.020333333333335684,0,1,2022,Australian Grand Prix,2022_Australian Grand Prix
ALB,51,0 days 00:01:22.997000,HARD,51.0,True,0 days 02:21:20.343000,7,0 days 00:00:28.684000,0 days 00:00:18.345000,0 days 00:00:35.968000,1,82.997,8480.343,0.6790000000000873,True,False,51.0,0.0,0.0,0.0,0.0,28.684,18.345,35.968,0,0,0,0.0,83.0162,0.07361181970464811,-0.26082767790599165,0,0,83.127,82.706,-0.42099999999999227,0.1909999999999883,-0.12999999999999545,0.06366666666666276,0.0,0.11700000000000443,0.16297024268252394,0.06366666666666276,0,1,2022,Australian Grand Prix,2022_Australian Grand Prix
ALB,52,0 days 00:01:22.706000,HARD,52.0,True,0 days 02:22:43.049000,7,0 days 00:00:28.739000,0 days 00:00:18.188000,0 days 00:00:35.779000,1,82.706,8563.049,0.8489999999983411,True,False,52.0,0.0,0.0,0.0,0.0,28.739,18.188,35.779,0,0,0,0.0,83.0228,0.06910282194113979,-4.584472690128974,1,0,82.997,82.594,-0.4030000000000058,0.06099999999999284,-0.2909999999999968,-0.010666666666665492,0.0,-0.07199999999999562,0.1401046037787489,-0.010666666666665492,0,1,2022,Australian Grand Prix,2022_Australian Grand Prix
ALB,53,0 days 00:01:22.594000,HARD,53.0,True,0 days 02:24:05.643000,7,0 days 00:00:28.523000,0 days 00:00:18.245000,0 days 00:00:35.826000,1,82.594,8645.643,1.4650000000001455,True,False,53.0,0.0,0.0,0.0,0.0,28.523,18.245,35.826,0,0,0,0.0,82.9768,0.15917663145145766,-2.404875618421046,1,1,82.706,82.589,-0.11700000000000443,0.0,-0.11200000000000898,-0.10633333333333421,0.0,0.046999999999997044,0.1572440777899128,-0.10633333333333421,0,0,2022,Australian Grand Prix,2022_Australian Grand Prix
ALB,54,0 days 00:01:22.589000,HARD,54.0,True,0 days 02:25:28.232000,7,0 days 00:00:28.575000,0 days 00:00:18.250000,0 days 00:00:35.764000,1,82.589,8728.232,1.819999999999709,True,False,54.0,0.0,0.0,0.0,0.0,28.575,18.25,35.764,0,0,0,0.0,82.88980000000001,0.2276591750846919,-1.3212733459484263,0,1,82.594,82.758,0.16400000000000148,0.0,-0.0049999999999954525,-0.17766666666666708,0.0,-0.015000000000000568,0.1481772587140159,-0.17766666666666708,0,0,2022,Australian Grand Prix,2022_Australian Grand Prix
ALB,55,0 days 00:01:22.758000,HARD,55.0,True,0 days 02:26:50.990000,7,0 days 00:00:28.584000,0 days 00:00:18.298000,0 days 00:00:35.876000,1,82.758,8810.99,2.231999999999971,True,False,55.0,0.0,0.0,0.0,0.0,28.584,18.298,35.876,0,0,0,0.0,82.8026,0.24571182307787082,-0.1815134470996458,0,0,82.589,82.658,0.06900000000000261,0.0,0.16899999999999693,-0.13600000000000043,0.0,0.11199999999999477,0.1478624360681248,-0.13600000000000043,0,0,2022,Australian Grand Prix,2022_Australian Grand Prix
ALO,2,0 days 00:01:27.059000,HARD,2.0,True,0 days 01:05:17.815000,10,0 days 00:00:30.424000,0 days 00:00:18.987000,0 days 00:00:37.648000,12,87.059,3917.815,0.6539999999999964,True,False,2.0,0.0,0.0,0.0,0.0,30.424,18.987,37.648,0,0,1,0.0,82.661,0.07265672715079323,60.53121538040516,0,0,87.059,87.049,-0.009999999999990905,4.469999999999999,0.0,0.02133333333333572,0.0,1.8840000000000003,0.07440228491114761,0.0,0,1,2022,Australian Grand Prix,2022_Australian Grand Prix
ALO,7,0 days 00:01:27.049000,HARD,7.0,True,0 days 01:15:18.214000,10,0 days 00:00:30.399000,0 days 00:00:18.654000,0 days 00:00:37.996000,1,87.049,4518.214,0.5020000000004075,True,False,7.0,0.0,0.0,0.0,0.0,30.399,18.654,37.996,0,0,0,0.0,,,0.0,0,0,87.059,85.943,-1.1159999999999997,0.0,-0.009999999999990905,0.0,0.0,0.0,0.0,0.0,0,1,2022,Australian Grand Prix,2022_Australian Grand Prix
ALO,8,0 days 00:01:25.943000,HARD,8.0,True,0 days 01:16:44.157000,10,0 days 00:00:29.894000,0 days 00:00:18.722000,0 days 00:00:37.327000,1,85.943,4604.157,0.5819999999994252,True,False,8.0,0.0,0.0,0.0,0.0,29.894,18.722,37.327,0,0,0,0.0,,,0.0,0,0,87.049,85.402,-1.6470000000000056,0.0,-1.1060000000000088,-0.0049999999999954525,0.0,-0.32100000000000506,0.0,0.0,0,1,2022,Australian Grand Prix,2022_Australian Grand Prix
ALO,9,0 days 00:01:25.402000,HARD,9.0,True,0 days 01:18:09.559000,10,0 days 00:00:29.992000,0 days 00:00:18.690000,0 days 00:00:36.720000,1,85.402,4689.559,0.7460000000000946,True,False,9.0,0.0,0.0,0.0,0.0,29.992,18.69,36.72,0,0,0,0.0,86.68366666666667,0.6414556362939968,-1.9980597162907197,1,0,85.943,85.246,-0.6970000000000027,0.0,-0.5409999999999968,-0.3719999999999999,0.0,-0.6069999999999993,1.1912543808943599,-0.5579999999999998,0,1,2022,Australian Grand Prix,2022_Australian Grand Prix
ALO,10,0 days 00:01:25.246000,HARD,10.0,True,0 days 01:19:34.805000,10,0 days 00:00:29.599000,0 days 00:00:18.742000,0 days 00:00:36.905000,1,85.246,4774.805,0.7139999999999418,True,False,10.0,0.0,0.0,0.0,0.0,29.599,18.742,36.905,0,0,0,0.0,86.36325,0.8276337253479538,-1.3499329060452245,0,1,85.402,85.29,-0.11199999999999477,0.0,-0.1560000000000059,-0.5523333333333321,0.0,0.18500000000000227,1.1243460321449095,-0.5523333333333321,0,1,2022,Australian Grand Prix,2022_Australian Grand Prix
ALO,11,0 days 00:01:25.290000,HARD,11.0,True,0 days 01:21:00.095000,10,0 days 00:00:29.563000,0 days 00:00:18.573000,0 days 00:00:37.154000,1,85.29,4860.095,0.9470000000001164,True,False,11.0,0.0,0.0,0.0,0.0,29.563,18.573,37.154,0,0,0,0.0,86.13980000000001,0.8737177461858026,-0.9726253171688304,0,0,85.246,85.245,-0.000999999999990564,0.0,0.04400000000001114,-0.6010000000000039,0.0,0.4340000000000046,0.9740116529077059,-0.6010000000000039,0,1,2022,Australian Grand Prix,2022_Australian Grand Prix
ALO,12,0 days 00:01:25.245000,HARD,12.0,True,0 days 01:22:25.340000,10,0 days 00:00:29.689000,0 days 00:00:18.618000,0 days 00:00:36.938000,1,85.245,4945.34,1.66399999999976,True,False,12.0,0.0,0.0,0.0,0.0,29.689,18.618,36.938,0,0,0,0.0,85.78599999999999,0.759093209032985,-0.7126924514173522,0,0,85.29,85.963,0.6729999999999876,0.04400000000001114,-0.045000000000001705,-0.21766666666666387,0.0,0.21800000000000352,0.4107842499415012,-0.21766666666666387,0,0,2022,Australian Grand Prix,2022_Australian Grand Prix
ALO,13,0 days 00:01:25.963000,HARD,13.0,True,0 days 01:23:51.303000,10,0 days 00:00:29.872000,0 days 00:00:18.680000,0 days 00:00:37.411000,1,85.963,5031.303,2.036000000000058,True,False,13.0,0.0,0.0,0.0,0.0,29.872,18.68,37.411,0,0,0,0.0,85.42519999999999,0.29644510453031175,1.814163876485988,0,0,85.245,85.597,0.35199999999998965,0.0,0.7179999999999893,-0.052333333333332156,0.0,0.5060000000000002,0.43009847709565546,-0.052333333333332156,0,0,2022,Australian Grand Prix,2022_Australian Grand Prix
ALO,14,0 days 00:01:25.597000,HARD,14.0,True,0 days 01:25:16.900000,10,0 days 00:00:29.675000,0 days 00:00:18.699000,0 days 00:00:37.223000,1,85.597,5116.9,2.438000000000102,True,False,14.0,0.0,0.0,0.0,0.0,29.675,18.699,37.223,0,0,0,0.0,85.42920000000001,0.3051846981747085,0.5498309745003184,0,0,85.963,85.544,-0.41899999999999693,0.7179999999999893,-0.36599999999999966,0.23899999999999957,0.0,0.2849999999999966,0.4433539218276979,0.23899999999999957,0,0,2022,Australian Grand Prix,2022_Australian Grand Prix
ALO,15,0 days 00:01:25.544000,HARD,15.0,True,0 days 01:26:42.444000,10,0 days 00:00:29.834000,0 days 00:00:18.701000,0 days 00:00:37.009000,1,85.544,5202.444,2.67699999999968,True,False,15.0,0.0,0.0,0.0,0.0,29.834,18.701,37.009,0,0,0,0.0,85.4682,0.3131943486079997,0.24202224700699745,0,0,85.597,85.547,-0.04999999999999716,0.35199999999998965,-0.05299999999999727,0.10233333333332932,0.0,0.07099999999999795,0.13900467618033524,0.10233333333332932,0,0,2022,Australian Grand Prix,2022_Australian Grand Prix
ALO,16,0 days 00:01:25.547000,HARD,16.0,True,0 days 01:28:07.991000,10,0 days 00:00:29.839000,0 days 00:00:18.567000,0 days 00:00:37.141000,1,85.547,5287.991,2.1909999999998035,True,False,16.0,0.0,0.0,0.0,0.0,29.839,18.567,37.141,0,0,0,0.0,85.5278,0.28765204675091616,0.06674730882976669,0,0,85.544,86.209,0.6650000000000063,0.2989999999999924,0.0030000000000001137,0.09966666666666413,0.0,0.1319999999999979,0.17301936307824137,0.09966666666666413,0,0,2022,Australian Grand Prix,2022_Australian Grand Prix
ALO,17,0 days 00:01:26.209000,HARD,17.0,True,0 days 01:29:34.200000,9,0 days 00:00:30.148000,0 days 00:00:18.800000,0 days 00:00:37.261000,1,86.209,5374.2,1.2660000000005311,True,False,17.0,0.0,0.0,0.0,0.0,30.148,18.8,37.261,0,0,0,0.0,85.5792,0.25572680735502484,2.4627844320038506,0,0,85.547,85.065,-0.4819999999999993,0.3019999999999925,0.6620000000000061,-0.1386666666666656,0.0,0.25200000000000244,0.16842001068756662,-0.1386666666666656,0,0,2022,Australian Grand Prix,2022_Australian Grand Prix
ALO,18,0 days 00:01:25.065000,HARD,18.0,True,0 days 01:30:59.265000,9,0 days 00:00:29.674000,0 days 00:00:18.596000,0 days 00:00:36.795000,1,85.065,5459.265,1.139999999999418,True,False,18.0,0.0,0.0,0.0,0.0,29.674,18.596,36.795,0,0,0,0.0,85.77199999999999,0.30028486475345456,-2.3544310186278214,1,0,86.209,86.034,-0.17499999999999716,0.6650000000000063,-1.1440000000000055,0.20400000000000298,0.0,-0.21399999999999864,0.1678740599378002,0.20400000000000298,0,0,2022,Australian Grand Prix,2022_Australian Grand Prix
ALO,19,0 days 00:01:26.034000,HARD,19.0,True,0 days 01:32:25.299000,8,0 days 00:00:30.082000,0 days 00:00:18.683000,0 days 00:00:37.269000,1,86.034,5545.299,0.7330000000001746,True,False,19.0,0.0,0.0,0.0,0.0,30.082,18.683,37.269,0,0,0,0.0,85.5924,0.4070538047973458,1.084868866954484,0,1,85.065,84.792,-0.27299999999999613,0.0,0.9690000000000083,-0.1596666666666664,0.0,0.47399999999999665,0.19852883921485937,-0.1596666666666664,0,1,2022,Australian Grand Prix,2022_Australian Grand Prix
ALO,20,0 days 00:01:24.792000,HARD,20.0,True,0 days 01:33:50.091000,7,0 days 00:00:29.465000,0 days 00:00:18.559000,0 days 00:00:36.768000,1,84.792,5630.091,1.7309999999997672,True,False,20.0,0.0,0.0,0.0,0.0,29.465,18.559,36.768,0,0,0,0.0,85.6798,0.45264964376435857,-1.9613403262991889,1,0,86.034,84.639,-1.3950000000000102,0.9690000000000083,-1.2420000000000044,0.16233333333333633,0.0,-0.027000000000001023,0.2520892699025471,0.16233333333333633,0,0,2022,Australian Grand Prix,2022_Australian Grand Prix
ALO,21,0 days 00:01:24.639000,HARD,21.0,True,0 days 01:35:14.730000,5,0 days 00:00:29.386000,0 days 00:00:18.579000,0 days 00:00:36.674000,1,84.639,5714.73,3.772000000000844,True,False,21.0,0.0,0.0,0.0,0.0,29.386,18.579,36.674,0,0,0,0.0,85.52940000000001,0.6074975720116027,-1.4656848702318894,0,1,84.792,84.626,-0.16599999999999682,0.0,-0.1530000000000058,-0.4723333333333339,0.0,-0.0940000000000012,0.2626743230694603,-0.4723333333333339,0,0,2022,Australian Grand Prix,2022_Australian Grand Prix
ALO,22,0 days 00:01:24.626000,HARD,22.0,True,0 days 01:36:39.356000,5,0 days 00:00:29.249000,0 days 00:00:18.585000,0 days 00:00:36.792000,1,84.626,5799.356,5.5460000000002765,True,False,22.0,0.0,0.0,0.0,0.0,29.249,18.585,36.792,0,0,0,0.0,85.3478,0.7252280331040611,-0.9952731652010376,0,0,84.639,87.228,2.5889999999999986,0.0,-0.012999999999991019,-0.14200000000000065,0.0,0.1180000000000021,0.27971628483161165,-0.14200000000000065,0,0,2022,Australian Grand Prix,2022_Australian Grand Prix
ALO,27,0 days 00:01:27.228000,HARD,27.0,True,0 days 01:47:09.552000,4,0 days 00:00:31.101000,0 days 00:00:18.655000,0 days 00:00:37.472000,1,87.228,6429.552,0.5820000000003347,True,False,27.0,0.0,0.0,0.0,0.0,31.101,18.655,37.472,0,0,0,0.0,85.0312,0.5877871213287695,3.7374075073877817,0,0,84.626,84.873,0.2469999999999999,0.0,2.6019999999999897,-0.46933333333333377,0.0,0.7980000000000018,0.26492980202310024,-0.46933333333333377,0,1,2022,Australian Grand Prix,2022_Australian Grand Prix
ALO,28,0 days 00:01:24.873000,HARD,28.0,True,0 days 01:48:34.425000,4,0 days 00:00:29.618000,0 days 00:00:18.473000,0 days 00:00:36.782000,1,84.873,6514.425,0.5410000000001673,True,False,28.0,0.0,0.0,0.0,0.0,29.618,18.473,36.782,0,0,0,0.0,85.4638,1.1479382387567694,-0.5146618346295746,0,0,87.228,84.205,-3.022999999999996,2.6019999999999897,-2.3549999999999898,0.8119999999999976,0.0,0.10799999999999699,0.37513224334892914,0.8119999999999976,0,1,2022,Australian Grand Prix,2022_Australian Grand Prix
ALO,29,0 days 00:01:24.205000,HARD,29.0,True,0 days 01:49:58.630000,4,0 days 00:00:29.369000,0 days 00:00:18.415000,0 days 00:00:36.421000,1,84.205,6598.63,0.3540000000002692,True,False,29.0,0.0,0.0,0.0,0.0,29.369,18.415,36.421,0,0,0,0.0,85.2316,1.1208681010716504,-0.9158972398433681,0,0,84.873,85.427,0.554000000000002,0.2469999999999999,-0.6680000000000064,0.07800000000000296,0.0,-0.3609999999999971,0.3566774453199988,0.07800000000000296,0,1,2022,Australian Grand Prix,2022_Australian Grand Prix
ALO,30,0 days 00:01:25.427000,HARD,30.0,True,0 days 01:51:24.057000,5,0 days 00:00:30.173000,0 days 00:00:18.473000,0 days 00:00:36.781000,1,85.427,6684.057,0.06700000000000728,True,False,30.0,0.0,0.0,0.0,0.0,30.173,18.473,36.781,0,0,0,0.0,85.1142,1.2059360264955825,0.2593835768461104,0,0,84.205,85.16,0.9549999999999983,0.0,1.2220000000000084,-0.1403333333333355,0.0,0.35999999999999943,0.4291843426780617,-0.1403333333333355,0,1,2022,Australian Grand Prix,2022_Australian Grand Prix
ALO,31,0 days 00:01:25.160000,HARD,31.0,True,0 days 01:52:49.217000,6,0 days 00:00:29.945000,0 days 00:00:18.528000,0 days 00:00:36.687000,1,85.16,6769.217,1.2650000000003274,True,False,31.0,0.0,0.0,0.0,0.0,29.945,18.528,36.687,0,0,0,0.0,85.27180000000001,1.179509092800887,-0.0947851955380301,0,0,85.427,84.131,-1.2960000000000065,1.2220000000000084,-0.2670000000000101,-0.6003333333333293,0.0,0.26599999999999824,0.42219876835443226,-0.6003333333333293,0,0,2022,Australian Grand Prix,2022_Australian Grand Prix
ALO,32,0 days 00:01:24.131000,HARD,32.0,True,0 days 01:54:13.348000,6,0 days 00:00:29.270000,0 days 00:00:18.400000,0 days 00:00:36.461000,1,84.131,6853.348,1.5510000000003856,True,False,32.0,0.0,0.0,0.0,0.0,29.27,18.4,36.461,0,0,0,0.0,85.3786,1.1295327795154884,-1.1045274848377238,0,0,85.16,84.259,-0.9009999999999962,0.9549999999999983,-1.0289999999999964,0.09566666666666397,0.0,0.03999999999999915,0.41979066211625005,0.09566666666666397,0,0,2022,Australian Grand Prix,2022_Australian Grand Prix
ALO,33,0 days 00:01:24.259000,HARD,33.0,True,0 days 01:55:37.607000,6,0 days 00:00:29.300000,0 days 00:00:18.437000,0 days 00:00:36.522000,1,84.259,6937.607,2.8029999999998836,True,False,33.0,0.0,0.0,0.0,0.0,29.3,18.437,36.522,0,0,0,0.0,84.75919999999999,0.5747435950055556,-0.8703011296631454,0,0,84.131,84.205,0.07399999999999807,0.0,0.1280000000000001,-0.02466666666666602,0.0,0.06099999999999994,0.278310617835538,-0.02466666666666602,0,0,2022,Australian Grand Prix,2022_Australian Grand Prix
ALO,34,0 days 00:01:24.205000,HARD,34.0,True,0 days 01:57:01.812000,6,0 days 00:00:29.170000,0 days 00:00:18.482000,0 days 00:00:36.553000,1,84.205,7021.812,2.556999999999789,True,False,34.0,0.0,0.0,0.0,0.0,29.17,18.482,36.553,0,0,0,0.0,84.63640000000001,0.6089275819010791,-0.7084586292727532,0,0,84.259,84.151,-0.10800000000000409,0.1280000000000001,-0.054000000000002046,-0.3893333333333355,0.0,0.09199999999999875,0.27803183270985166,-0.3893333333333355,0,0,2022,Australian Grand Prix,2022_Australian Grand Prix
ALO,35,0 days 00:01:24.151000,HARD,35.0,True,0 days 01:58:25.963000,6,0 days 00:00:29.221000,0 days 00:00:18.440000,0 days 00:00:36.490000,1,84.151,7105.963,2.2710000000006403,True,False,35.0,0.0,0.0,0.0,0.0,29.221,18.44,36.49,0,0,0,0.0,84.63640000000001,0.6089275819010791,-0.7971391252874245,0,0,84.205,84.166,-0.03900000000000148,0.07399999999999807,-0.054000000000002046,-0.31833333333333275,0.0,0.029000000000003467,0.14141145639586553,-0.31833333333333275,0,0,2022,Australian Grand Prix,2022_Australian Grand Prix
ALO,36,0 days 00:01:24.166000,HARD,36.0,True,0 days 01:59:50.129000,6,0 days 00:00:29.142000,0 days 00:00:18.544000,0 days 00:00:36.480000,1,84.166,7190.129,1.5560000000004948,True,False,36.0,0.0,0.0,0.0,0.0,29.142,18.544,36.48,0,0,0,0.0,84.3812,0.43820680049476946,-0.4910923330195528,0,0,84.151,84.467,0.3160000000000025,0.01999999999999602,0.015000000000000568,0.00666666666666534,0.0,-0.010000000000005116,0.09715091353147208,0.00666666666666534,0,0,2022,Australian Grand Prix,2022_Australian Grand Prix
ALO,37,0 days 00:01:24.467000,HARD,37.0,True,0 days 02:01:14.596000,6,0 days 00:00:29.216000,0 days 00:00:18.544000,0 days 00:00:36.707000,1,84.467,7274.596,0.8740000000007058,True,False,37.0,0.0,0.0,0.0,0.0,29.216,18.544,36.707,0,0,0,0.0,84.1824,0.05068333059142314,5.615258442549133,0,0,84.166,84.3,0.13400000000000034,0.03499999999999659,0.30100000000000193,-0.031000000000001176,0.0,0.22700000000000387,0.037872153358369645,-0.031000000000001176,0,1,2022,Australian Grand Prix,2022_Australian Grand Prix
ALO,38,0 days 00:01:24.300000,HARD,38.0,True,0 days 02:02:38.896000,6,0 days 00:00:29.243000,0 days 00:00:18.514000,0 days 00:00:36.543000,1,84.3,7358.896,0.07600000000002183,True,False,38.0,0.0,0.0,0.0,0.0,29.243,18.514,36.543,0,0,0,0.0,84.2496,0.12850214005941188,0.39221136688224967,0,0,84.467,83.771,-0.695999999999998,0.3160000000000025,-0.1670000000000016,0.08733333333333348,0.0,0.06300000000000239,0.09057427890963425,0.08733333333333348,0,1,2022,Australian Grand Prix,2022_Australian Grand Prix
ALO,41,0 days 00:01:23.771000,MEDIUM,2.0,True,0 days 02:07:36.031000,13,0 days 00:00:29.126000,0 days 00:00:18.352000,0 days 00:00:36.293000,1,83.771,7656.031,0.51299999999992,False,True,2.0,0.0,0.0,0.0,0.0,29.126,18.352,36.293,0,0,0,0.0,84.2578,0.13054386235993634,-3.7290148399148357,1,0,84.3,83.618,-0.6820000000000022,0.1490000000000009,-0.5289999999999964,0.04966666666666697,0.0,-0.1869999999999976,0.09047485838618481,0.04966666666666697,0,1,2022,Australian Grand Prix,2022_Australian Grand Prix
ALO,42,0 days 00:01:23.618000,MEDIUM,3.0,True,0 days 02:08:59.649000,13,0 days 00:00:29.150000,0 days 00:00:18.265000,0 days 00:00:36.203000,1,83.618,7739.649,0.6179999999994834,False,True,3.0,0.0,0.0,0.0,0.0,29.15,18.265,36.203,0,0,0,0.0,84.171,0.2572362727140857,-2.149774579476444,1,1,83.771,83.881,0.10999999999999943,0.0,-0.1530000000000058,-0.13166666666666535,0.0,-0.0899999999999963,0.14868691939777373,-0.13166666666666535,0,1,2022,Australian Grand Prix,2022_Australian Grand Prix
ALO,43,0 days 00:01:23.881000,MEDIUM,4.0,True,0 days 02:10:23.530000,13,0 days 00:00:29.199000,0 days 00:00:18.494000,0 days 00:00:36.188000,1,83.881,7823.53,0.4679999999998472,False,True,4.0,0.0,0.0,0.0,0.0,29.199,18.494,36.188,0,0,0,0.0,84.0644,0.3582154379696933,-0.511982400980503,0,1,83.618,83.53,-0.08799999999999386,0.0,0.26300000000000523,-0.28300000000000125,0.0,-0.015000000000000568,0.1570550858775351,-0.28300000000000125,0,1,2022,Australian Grand Prix,2022_Australian Grand Prix
ALO,44,0 days 00:01:23.530000,MEDIUM,5.0,True,0 days 02:11:47.060000,13,0 days 00:00:29.017000,0 days 00:00:18.405000,0 days 00:00:36.108000,1,83.53,7907.06,0.5319999999992433,False,True,5.0,0.0,0.0,0.0,0.0,29.017,18.405,36.108,0,0,0,0.0,84.00739999999999,0.3606733979652642,-1.3236351854426653,0,0,83.881,84.146,0.26500000000000057,0.26300000000000523,-0.3509999999999991,-0.13966666666666563,0.0,-0.0800000000000054,0.15715533716676602,-0.13966666666666563,0,1,2022,Australian Grand Prix,2022_Australian Grand Prix
ALO,45,0 days 00:01:24.146000,MEDIUM,6.0,True,0 days 02:13:11.206000,12,0 days 00:00:29.368000,0 days 00:00:18.447000,0 days 00:00:36.331000,1,84.146,7991.206,0.7359999999998763,False,True,6.0,0.0,0.0,0.0,0.0,29.368,18.447,36.331,0,0,0,0.0,83.82000000000001,0.30059357943871373,1.0845208357700789,0,0,83.53,83.834,0.30400000000000205,0.0,0.6159999999999997,-0.08033333333333322,0.0,0.22300000000000608,0.09296074440321433,-0.08033333333333322,0,1,2022,Australian Grand Prix,2022_Australian Grand Prix
ALO,46,0 days 00:01:23.834000,MEDIUM,7.0,True,0 days 02:14:35.040000,12,0 days 00:00:29.102000,0 days 00:00:18.365000,0 days 00:00:36.367000,1,83.834,8075.04,0.6549999999997453,False,True,7.0,0.0,0.0,0.0,0.0,29.102,18.365,36.367,0,0,0,0.0,83.7892,0.2411217534768984,0.18579825069288705,0,0,84.146,83.811,-0.33499999999999375,0.6159999999999997,-0.3119999999999976,0.17600000000000193,0.0,0.25900000000000034,0.15409639840048298,0.17600000000000193,0,1,2022,Australian Grand Prix,2022_Australian Grand Prix
ALO,47,0 days 00:01:23.811000,MEDIUM,8.0,True,0 days 02:15:58.851000,12,0 days 00:00:29.147000,0 days 00:00:18.365000,0 days 00:00:36.299000,1,83.811,8158.851,0.6300000000001091,False,True,8.0,0.0,0.0,0.0,0.0,29.147,18.365,36.299,0,0,0,0.0,83.80179999999999,0.24157855865075514,0.03808284994911916,0,0,83.834,83.691,-0.14300000000000068,0.30400000000000205,-0.022999999999996135,-0.01566666666666568,0.0,0.1910000000000025,0.16874033305644637,-0.01566666666666568,0,1,2022,Australian Grand Prix,2022_Australian Grand Prix
ALO,48,0 days 00:01:23.691000,MEDIUM,9.0,True,0 days 02:17:22.542000,12,0 days 00:00:29.094000,0 days 00:00:18.321000,0 days 00:00:36.276000,1,83.691,8242.542,0.6700000000000728,False,True,9.0,0.0,0.0,0.0,0.0,29.094,18.321,36.276,0,0,0,0.0,83.8404,0.21925624278406033,-0.681394509469635,0,0,83.811,84.618,0.806999999999988,0.2810000000000059,-0.12000000000000455,0.09366666666666863,0.0,-0.022999999999996135,0.1525608075489928,0.09366666666666863,0,1,2022,Australian Grand Prix,2022_Australian Grand Prix
ALO,49,0 days 00:01:24.618000,MEDIUM,10.0,True,0 days 02:18:47.160000,12,0 days 00:00:29.222000,0 days 00:00:18.503000,0 days 00:00:36.893000,1,84.618,8327.16,0.30600000000049477,False,True,10.0,0.0,0.0,0.0,0.0,29.222,18.503,36.893,0,0,0,0.0,83.8024,0.22679572306323703,3.596187745447814,0,0,83.691,84.95,1.2590000000000003,0.16100000000000136,0.9269999999999925,-0.1516666666666661,0.0,0.6169999999999973,0.15430489298787808,-0.1516666666666661,0,1,2022,Australian Grand Prix,2022_Australian Grand Prix
ALO,50,0 days 00:01:24.950000,MEDIUM,11.0,True,0 days 02:20:12.110000,12,0 days 00:00:29.573000,0 days 00:00:18.456000,0 days 00:00:36.921000,1,84.95,8412.11,0.3459999999995489,False,True,11.0,0.0,0.0,0.0,0.0,29.573,18.456,36.921,0,0,0,0.0,84.02,0.37416507052343756,2.485533988244774,0,0,84.618,85.328,0.710000000000008,0.9269999999999925,0.33200000000000784,0.2613333333333306,0.0,0.644999999999996,0.23100389607103738,0.2613333333333306,0,1,2022,Australian Grand Prix,2022_Australian Grand Prix
ALO,51,0 days 00:01:25.328000,MEDIUM,12.0,True,0 days 02:21:37.438000,12,0 days 00:00:29.391000,0 days 00:00:18.613000,0 days 00:00:37.324000,1,85.328,8497.438,0.06799999999930151,False,True,12.0,0.0,0.0,0.0,0.0,29.391,18.613,37.324,0,0,0,0.0,84.1808,0.5656277044132751,2.0281891976808084,0,0,84.95,86.95,2.0,1.2590000000000003,0.3780000000000001,0.37966666666666526,0.0,1.0479999999999947,0.2873416085428596,0.37966666666666526,0,1,2022,Australian Grand Prix,2022_Australian Grand Prix
ALO,52,0 days 00:01:26.950000,MEDIUM,13.0,True,0 days 02:23:04.388000,14,0 days 00:00:31.262000,0 days 00:00:18.624000,0 days 00:00:37.064000,1,86.95,8584.388,0.12399999999979627,False,True,13.0,0.0,0.0,0.0,0.0,31.262,18.624,37.064,0,0,0,0.0,84.4796,0.7122375306032914,3.468505791751072,0,0,85.328,81.322,-4.006,1.6370000000000005,1.6219999999999999,0.5456666666666669,0.0,0.17099999999999937,0.41950303932152455,0.5456666666666669,0,1,2022,Australian Grand Prix,2022_Australian Grand Prix
ALO,55,0 days 00:01:21.322000,MEDIUM,2.0,True,0 days 02:27:39.462000,17,0 days 00:00:28.208000,0 days 00:00:18.139000,0 days 00:00:34.975000,1,81.322,8859.462,0.0,False,True,2.0,0.0,0.0,0.0,0.0,28.208,18.139,34.975,0,0,0,0.0,85.1074,1.1952316930202085,-3.1670846933741688,1,0,86.95,90.367,3.4170000000000016,3.2590000000000003,-5.628,0.777333333333336,0.0,-1.945999999999998,0.4232124761866042,0.777333333333336,0,0,2022,Australian Grand Prix,2022_Australian Grand Prix
ALO,56,0 days 00:01:30.367000,MEDIUM,3.0,True,0 days 02:29:09.829000,17,0 days 00:00:29.891000,0 days 00:00:19.493000,0 days 00:00:40.983000,1,90.367,8949.829,0.0,False,True,3.0,0.0,0.0,0.0,0.0,29.891,19.493,40.983,0,0,0,0.0,84.6336,2.056389262761285,2.788090807428789,0,1,81.322,80.846,-0.4759999999999991,0.0,9.045000000000002,-1.2093333333333334,0.0,6.007999999999996,1.1888997014046194,-1.2093333333333334,0,0,2022,Australian Grand Prix,2022_Australian Grand Prix
BOT,2,0 days 00:01:27.593000,MEDIUM,2.0,True,0 days 01:05:19.323000,12,0 days 00:00:30.622000,0 days 00:00:18.840000,0 days 00:00:38.131000,12,87.593,3919.323,0.56899999999996,False,True,2.0,0.0,0.0,0.0,0.0,30.622,18.84,38.131,0,0,1,0.0,84.9626,3.9840676199080667,0.6602297578625701,0,0,87.593,87.279,-0.31400000000000716,6.747,0.0,-2.0346666666666664,0.0,3.3460000000000036,2.9942849229824455,0.0,0,1,2022,Australian Grand Prix,2022_Australian Grand Prix
BOT,7,0 days 00:01:27.279000,MEDIUM,7.0,True,0 days 01:15:19.122000,12,0 days 00:00:30.599000,0 days 00:00:18.585000,0 days 00:00:38.095000,1,87.279,4519.122,0.6469999999999345,False,True,7.0,0.0,0.0,0.0,0.0,30.599,18.585,38.095,0,0,0,0.0,,,0.0,0,0,87.593,86.21,-1.3830000000000098,0.0,-0.31400000000000716,0.0,0.0,0.0,0.0,0.0,0,1,2022,Australian Grand Prix,2022_Australian Grand Prix
BOT,8,0 days 00:01:26.210000,MEDIUM,8.0,True,0 days 01:16:45.332000,12,0 days 00:00:30.222000,0 days 00:00:18.548000,0 days 00:00:37.440000,1,86.21,4605.332,0.5839999999998327,False,True,8.0,0.0,0.0,0.0,0.0,30.222,18.548,37.44,0,0,0,0.0,,,0.0,0,0,87.279,85.47,-1.8089999999999975,0.0,-1.0690000000000026,-0.15700000000000358,0.0,-0.6550000000000011,0.0,0.0,0,1,2022,Australian Grand Prix,2022_Australian Grand Prix
BOT,9,0 days 00:01:25.470000,MEDIUM,9.0,True,0 days 01:18:10.802000,12,0 days 00:00:30.133000,0 days 00:00:18.542000,0 days 00:00:36.795000,1,85.47,4690.802,0.8960000000006403,False,True,9.0,0.0,0.0,0.0,0.0,30.133,18.542,36.795,0,0,0,0.0,87.02733333333333,0.7250340221902304,-2.1479451800466376,1,0,86.21,85.239,-0.9709999999999894,0.0,-0.7399999999999949,-0.46100000000000324,0.0,-0.644999999999996,2.1460328515658866,-0.6915000000000049,0,1,2022,Australian Grand Prix,2022_Australian Grand Prix
BOT,10,0 days 00:01:25.239000,MEDIUM,10.0,True,0 days 01:19:36.041000,12,0 days 00:00:29.613000,0 days 00:00:18.458000,0 days 00:00:37.168000,1,85.239,4776.041,0.7789999999995416,False,True,10.0,0.0,0.0,0.0,0.0,29.613,18.458,37.168,0,0,0,0.0,86.638,0.9781468874015513,-1.430255535256516,0,1,85.47,85.584,0.11400000000000432,0.0,-0.23099999999999454,-0.7076666666666682,0.0,0.37299999999999756,1.914352545031001,-0.7076666666666682,0,1,2022,Australian Grand Prix,2022_Australian Grand Prix
BOT,11,0 days 00:01:25.584000,MEDIUM,11.0,True,0 days 01:21:01.625000,12,0 days 00:00:29.895000,0 days 00:00:18.757000,0 days 00:00:36.932000,1,85.584,4861.625,1.800000000000182,False,True,11.0,0.0,0.0,0.0,0.0,29.895,18.757,36.932,0,0,0,0.0,86.3582,1.0530995679421817,-0.7351631541477369,0,0,85.239,85.619,0.37999999999999545,0.0,0.34499999999999886,-0.6799999999999974,0.0,0.13700000000000045,1.6590345686573271,-0.6799999999999974,0,0,2022,Australian Grand Prix,2022_Australian Grand Prix
BOT,12,0 days 00:01:25.619000,MEDIUM,12.0,True,0 days 01:22:27.244000,12,0 days 00:00:29.579000,0 days 00:00:18.436000,0 days 00:00:37.604000,1,85.619,4947.244,2.3690000000005966,False,True,12.0,0.0,0.0,0.0,0.0,29.579,18.436,37.604,0,0,0,0.0,85.9564,0.8221181788526603,-0.410403283468168,0,0,85.584,86.369,0.7849999999999966,0.34499999999999886,0.03499999999999659,-0.20866666666666353,0.0,0.8089999999999975,0.4685424207048903,-0.20866666666666353,0,0,2022,Australian Grand Prix,2022_Australian Grand Prix
BOT,13,0 days 00:01:26.369000,MEDIUM,13.0,True,0 days 01:23:53.613000,12,0 days 00:00:30.459000,0 days 00:00:18.748000,0 days 00:00:37.162000,1,86.369,5033.613,1.7429999999994834,False,True,13.0,0.0,0.0,0.0,0.0,30.459,18.748,37.162,0,0,0,0.0,85.6244,0.35950006954105285,2.0712096132570466,0,0,85.619,86.132,0.5130000000000052,0.37999999999999545,0.75,0.04966666666666697,0.0,0.22999999999999687,0.6436918517427398,0.04966666666666697,0,0,2022,Australian Grand Prix,2022_Australian Grand Prix
BOT,14,0 days 00:01:26.132000,MEDIUM,14.0,True,0 days 01:25:19.745000,12,0 days 00:00:30.468000,0 days 00:00:18.761000,0 days 00:00:36.903000,1,86.132,5119.745,1.2340000000003783,False,True,14.0,0.0,0.0,0.0,0.0,30.468,18.761,36.903,0,0,0,0.0,85.6562,0.42526662225011536,1.1188275192690076,0,0,86.369,85.459,-0.9099999999999966,1.1299999999999955,-0.23699999999999477,0.37666666666666515,0.0,-0.029000000000003467,0.5286446821826517,0.37666666666666515,0,0,2022,Australian Grand Prix,2022_Australian Grand Prix
BOT,15,0 days 00:01:25.459000,MEDIUM,15.0,True,0 days 01:26:45.204000,12,0 days 00:00:29.805000,0 days 00:00:18.497000,0 days 00:00:37.157000,1,85.459,5205.204,0.8760000000002037,False,True,15.0,0.0,0.0,0.0,0.0,29.805,18.497,37.157,0,0,0,0.0,85.7886,0.45482776960078086,-0.7246699125018276,0,0,86.132,84.978,-1.1540000000000106,0.8930000000000007,-0.6730000000000018,0.18266666666666728,0.0,0.2539999999999978,0.31782070417139213,0.18266666666666728,0,1,2022,Australian Grand Prix,2022_Australian Grand Prix
BOT,16,0 days 00:01:24.978000,MEDIUM,16.0,True,0 days 01:28:10.182000,11,0 days 00:00:29.513000,0 days 00:00:18.659000,0 days 00:00:36.806000,1,84.978,5290.182,2.0380000000004657,False,True,16.0,0.0,0.0,0.0,0.0,29.513,18.659,36.806,0,0,0,0.0,85.8326,0.39508518068895104,-2.1630778418713406,1,0,85.459,85.284,-0.17499999999999716,0.0,-0.48100000000000875,-0.0533333333333322,0.0,-0.09700000000000131,0.31581117776291506,-0.0533333333333322,0,0,2022,Australian Grand Prix,2022_Australian Grand Prix
BOT,17,0 days 00:01:25.284000,MEDIUM,17.0,True,0 days 01:29:35.466000,10,0 days 00:00:29.732000,0 days 00:00:18.550000,0 days 00:00:37.002000,1,85.284,5375.466,3.05199999999968,False,True,17.0,0.0,0.0,0.0,0.0,29.732,18.55,37.002,0,0,0,0.0,85.7114,0.5521460857418293,-0.7740705060432754,0,1,84.978,84.939,-0.03900000000000148,0.0,0.3060000000000116,-0.46366666666666845,0.0,0.19600000000000506,0.3569906161231686,-0.46366666666666845,0,0,2022,Australian Grand Prix,2022_Australian Grand Prix
BOT,18,0 days 00:01:24.939000,MEDIUM,18.0,True,0 days 01:31:00.405000,10,0 days 00:00:29.668000,0 days 00:00:18.421000,0 days 00:00:36.850000,1,84.939,5460.405,4.829000000000633,False,True,18.0,0.0,0.0,0.0,0.0,29.668,18.421,36.85,0,0,0,0.0,85.64439999999999,0.5854804010383462,-1.204822567500081,0,0,85.284,86.061,0.777000000000001,0.3060000000000116,-0.3450000000000131,-0.28266666666666634,0.0,0.044000000000004036,0.1617859697254365,-0.28266666666666634,0,0,2022,Australian Grand Prix,2022_Australian Grand Prix
BOT,19,0 days 00:01:26.061000,MEDIUM,19.0,True,0 days 01:32:26.466000,10,0 days 00:00:30.061000,0 days 00:00:18.591000,0 days 00:00:37.409000,1,86.061,5546.466,4.7590000000000146,False,True,19.0,0.0,0.0,0.0,0.0,30.061,18.591,37.409,0,0,0,0.0,85.3584,0.483402834083569,1.4534461746216012,0,0,84.939,85.919,0.980000000000004,0.0,1.122000000000014,-0.17333333333333675,0.0,0.6030000000000015,0.14835194639774682,-0.17333333333333675,0,0,2022,Australian Grand Prix,2022_Australian Grand Prix
BOT,20,0 days 00:01:25.919000,MEDIUM,20.0,True,0 days 01:33:52.385000,9,0 days 00:00:30.060000,0 days 00:00:18.484000,0 days 00:00:37.375000,1,85.919,5632.385,4.448999999999614,False,True,20.0,0.0,0.0,0.0,0.0,30.06,18.484,37.375,0,0,0,0.0,85.3442,0.45521829928071644,1.2626908911795265,0,0,86.061,86.117,0.055999999999997385,1.122000000000014,-0.14200000000001012,0.3610000000000042,0.0,0.5249999999999986,0.26357446765572673,0.3610000000000042,0,0,2022,Australian Grand Prix,2022_Australian Grand Prix
BOT,21,0 days 00:01:26.117000,MEDIUM,21.0,True,0 days 01:35:18.502000,6,0 days 00:00:29.940000,0 days 00:00:18.618000,0 days 00:00:37.559000,1,86.117,5718.502,3.782999999999447,False,True,21.0,0.0,0.0,0.0,0.0,29.94,18.618,37.559,0,0,0,0.0,85.4362,0.5253072434300016,1.2960034503897397,0,0,85.919,87.078,1.159000000000006,0.980000000000004,0.1980000000000075,0.21166666666666364,0.0,0.7089999999999961,0.3024511530809551,0.21166666666666364,0,0,2022,Australian Grand Prix,2022_Australian Grand Prix
BOT,27,0 days 00:01:27.078000,HARD,5.0,True,0 days 01:47:13.450000,12,0 days 00:00:30.960000,0 days 00:00:18.802000,0 days 00:00:37.316000,1,87.078,6433.45,0.7780000000002474,True,False,5.0,0.0,0.0,0.0,0.0,30.96,18.802,37.316,0,0,0,0.0,85.664,0.5238959820422637,2.6990090561258233,0,0,86.117,86.979,0.8619999999999948,1.1780000000000115,0.9609999999999985,0.3926666666666705,0.0,-0.0589999999999975,0.28261334009561156,0.3926666666666705,0,1,2022,Australian Grand Prix,2022_Australian Grand Prix
BOT,28,0 days 00:01:26.979000,HARD,6.0,True,0 days 01:48:40.429000,13,0 days 00:00:30.014000,0 days 00:00:18.541000,0 days 00:00:38.424000,1,86.979,6520.429,1.1589999999996508,True,False,6.0,0.0,0.0,0.0,0.0,30.014,18.541,38.424,0,0,0,0.0,86.0228,0.7597987891540954,1.2584910816514447,0,0,87.078,85.096,-1.9819999999999993,2.13900000000001,-0.09900000000000375,0.33899999999999864,0.0,1.107999999999997,0.3476331399622277,0.33899999999999864,0,0,2022,Australian Grand Prix,2022_Australian Grand Prix
BOT,29,0 days 00:01:25.096000,HARD,7.0,True,0 days 01:50:05.525000,13,0 days 00:00:29.884000,0 days 00:00:18.635000,0 days 00:00:36.577000,1,85.096,6605.525,0.9580000000005384,True,False,7.0,0.0,0.0,0.0,0.0,29.884,18.635,36.577,0,0,0,0.0,86.4308,0.5514872618656043,-2.420364153987092,1,0,86.979,84.192,-2.787000000000006,1.0600000000000023,-1.8829999999999956,0.3533333333333341,0.0,-0.7390000000000043,0.4204939952008801,0.3533333333333341,0,1,2022,Australian Grand Prix,2022_Australian Grand Prix
BOT,30,0 days 00:01:24.192000,HARD,8.0,True,0 days 01:51:29.717000,13,0 days 00:00:29.280000,0 days 00:00:18.488000,0 days 00:00:36.424000,1,84.192,6689.717,1.3130000000001019,True,False,8.0,0.0,0.0,0.0,0.0,29.28,18.488,36.424,0,0,0,0.0,86.23780000000001,0.8178090853004897,-2.5015618397640087,1,1,85.096,84.555,-0.5409999999999968,0.0,-0.9040000000000106,-0.3403333333333336,0.0,-0.1529999999999987,0.7208995769176171,-0.3403333333333336,0,0,2022,Australian Grand Prix,2022_Australian Grand Prix
BOT,31,0 days 00:01:24.555000,HARD,9.0,True,0 days 01:52:54.272000,13,0 days 00:00:29.587000,0 days 00:00:18.430000,0 days 00:00:36.538000,1,84.555,6774.272,1.6400000000003274,True,False,9.0,0.0,0.0,0.0,0.0,29.587,18.43,36.538,0,0,0,0.0,85.8924,1.241209611628929,-1.0774972957587892,0,1,84.192,84.411,0.2190000000000083,0.0,0.36300000000001376,-0.9620000000000033,0.0,0.11399999999999721,0.7337173842836209,-0.9620000000000033,0,0,2022,Australian Grand Prix,2022_Australian Grand Prix
BOT,32,0 days 00:01:24.411000,HARD,10.0,True,0 days 01:54:18.683000,13,0 days 00:00:29.253000,0 days 00:00:18.419000,0 days 00:00:36.739000,1,84.411,6858.683,1.594000000000051,True,False,10.0,0.0,0.0,0.0,0.0,29.253,18.419,36.739,0,0,0,0.0,85.58,1.3613072761136773,-0.8587333811491201,0,0,84.555,84.375,-0.18000000000000682,0.36300000000001376,-0.14400000000000546,-0.8079999999999975,0.0,0.3149999999999977,0.6706308224351154,-0.8079999999999975,0,0,2022,Australian Grand Prix,2022_Australian Grand Prix
BOT,33,0 days 00:01:24.375000,HARD,11.0,True,0 days 01:55:43.058000,13,0 days 00:00:29.359000,0 days 00:00:18.407000,0 days 00:00:36.609000,1,84.375,6943.058,1.7849999999998545,True,False,11.0,0.0,0.0,0.0,0.0,29.359,18.407,36.609,0,0,0,0.0,85.04660000000001,1.1305539792509036,-0.5940450543060396,0,0,84.411,85.078,0.6670000000000016,0.2190000000000083,-0.036000000000001364,-0.22833333333333408,0.0,0.18500000000000227,0.6756866877481009,-0.22833333333333408,0,0,2022,Australian Grand Prix,2022_Australian Grand Prix
BOT,34,0 days 00:01:25.078000,HARD,12.0,True,0 days 01:57:08.136000,13,0 days 00:00:29.666000,0 days 00:00:18.379000,0 days 00:00:37.033000,1,85.078,7028.136,1.102999999999156,True,False,12.0,0.0,0.0,0.0,0.0,29.666,18.379,37.033,0,0,0,0.0,84.5258,0.34399229642547485,1.6052685067022483,0,0,84.375,85.377,1.0019999999999953,0.18300000000000693,0.703000000000003,0.06100000000000231,0.0,0.49500000000000455,0.41848512518368036,0.06100000000000231,0,0,2022,Australian Grand Prix,2022_Australian Grand Prix
BOT,35,0 days 00:01:25.377000,HARD,13.0,True,0 days 01:58:33.513000,13,0 days 00:00:29.905000,0 days 00:00:18.300000,0 days 00:00:37.172000,1,85.377,7113.513,0.6580000000003565,True,False,13.0,0.0,0.0,0.0,0.0,29.905,18.3,37.172,0,0,0,0.0,84.5222,0.3365467278106752,2.5399147558518718,0,0,85.078,84.871,-0.20700000000000784,0.8860000000000099,0.2989999999999924,0.17433333333333204,0.0,0.5629999999999953,0.24088005313848643,0.17433333333333204,0,1,2022,Australian Grand Prix,2022_Australian Grand Prix
BOT,36,0 days 00:01:24.871000,HARD,14.0,True,0 days 01:59:58.384000,13,0 days 00:00:29.574000,0 days 00:00:18.381000,0 days 00:00:36.916000,1,84.871,7198.384,0.5959999999995489,True,False,14.0,0.0,0.0,0.0,0.0,29.574,18.381,36.916,0,0,0,0.0,84.75919999999999,0.4454943321750106,0.25095717706254045,0,0,85.377,84.405,-0.9719999999999942,1.0019999999999953,-0.5060000000000002,0.321999999999998,0.0,0.30699999999999505,0.19321180088182915,0.321999999999998,0,1,2022,Australian Grand Prix,2022_Australian Grand Prix
BOT,37,0 days 00:01:24.405000,HARD,15.0,True,0 days 02:01:22.789000,13,0 days 00:00:29.456000,0 days 00:00:18.275000,0 days 00:00:36.674000,1,84.405,7282.789,0.8510000000005675,True,False,15.0,0.0,0.0,0.0,0.0,29.456,18.275,36.674,0,0,0,0.0,84.82239999999999,0.43147746175212465,-0.9673738190287552,0,0,84.871,84.579,-0.2920000000000016,0.4959999999999951,-0.465999999999994,0.1653333333333317,0.0,-0.24199999999999733,0.15333623185666023,0.1653333333333317,0,1,2022,Australian Grand Prix,2022_Australian Grand Prix
BOT,38,0 days 00:01:24.579000,HARD,16.0,True,0 days 02:02:47.368000,13,0 days 00:00:29.844000,0 days 00:00:18.402000,0 days 00:00:36.333000,1,84.579,7367.368,0.7609999999995125,True,False,16.0,0.0,0.0,0.0,0.0,29.844,18.402,36.333,0,0,0,0.0,84.8212,0.4329136172495116,-0.5594649610211223,0,0,84.405,83.241,-1.1640000000000015,0.030000000000001137,0.17399999999999238,-0.22433333333333394,0.0,-0.3410000000000011,0.3189275779859725,-0.22433333333333394,0,1,2022,Australian Grand Prix,2022_Australian Grand Prix
BOT,41,0 days 00:01:23.241000,HARD,19.0,True,0 days 02:07:34.661000,11,0 days 00:00:29.044000,0 days 00:00:18.278000,0 days 00:00:35.919000,1,83.241,7654.661,1.0050000000001091,True,False,19.0,0.0,0.0,0.0,0.0,29.044,18.278,35.919,0,0,0,0.0,84.862,0.3875886995257421,-4.182268476824709,1,0,84.579,83.397,-1.181999999999988,0.17399999999999238,-1.3379999999999939,-0.2660000000000006,0.0,-0.4140000000000015,0.4209463148668709,-0.2660000000000006,0,0,2022,Australian Grand Prix,2022_Australian Grand Prix
BOT,42,0 days 00:01:23.397000,HARD,20.0,True,0 days 02:08:58.058000,11,0 days 00:00:29.295000,0 days 00:00:18.294000,0 days 00:00:35.808000,1,83.397,7738.058,1.0,True,False,20.0,0.0,0.0,0.0,0.0,29.295,18.294,35.808,0,0,0,0.0,84.49459999999999,0.7916708912168446,-1.386434706867787,0,1,83.241,83.792,0.5510000000000019,0.0,0.1560000000000059,-0.5433333333333318,0.0,-0.1109999999999971,0.43423300197013764,-0.5433333333333318,0,1,2022,Australian Grand Prix,2022_Australian Grand Prix
BOT,43,0 days 00:01:23.792000,HARD,21.0,True,0 days 02:10:21.850000,11,0 days 00:00:29.286000,0 days 00:00:18.360000,0 days 00:00:36.146000,1,83.792,7821.85,0.806999999999789,True,False,21.0,0.0,0.0,0.0,0.0,29.286,18.36,36.146,0,0,0,0.0,84.0986,0.7329712136230824,-0.4182974642134674,0,0,83.397,84.113,0.715999999999994,0.1560000000000059,0.394999999999996,-0.3359999999999985,0.0,0.33800000000000097,0.28482046976999165,-0.3359999999999985,0,1,2022,Australian Grand Prix,2022_Australian Grand Prix
BOT,44,0 days 00:01:24.113000,HARD,22.0,True,0 days 02:11:45.963000,11,0 days 00:00:29.645000,0 days 00:00:18.240000,0 days 00:00:36.228000,1,84.113,7905.963,0.6869999999998981,True,False,22.0,0.0,0.0,0.0,0.0,29.645,18.24,36.228,0,0,0,0.0,83.8828,0.5944621098102933,0.3872408286433236,0,0,83.792,84.205,0.4129999999999967,0.5510000000000019,0.32099999999999795,-0.26233333333333064,0.0,0.4200000000000017,0.29758444179761834,-0.26233333333333064,0,1,2022,Australian Grand Prix,2022_Australian Grand Prix
BOT,45,0 days 00:01:24.205000,HARD,23.0,True,0 days 02:13:10.168000,11,0 days 00:00:29.583000,0 days 00:00:18.235000,0 days 00:00:36.387000,1,84.205,7990.168,1.0380000000004657,True,False,23.0,0.0,0.0,0.0,0.0,29.583,18.235,36.387,0,0,0,0.0,83.8244,0.542399115043625,0.7016973100507171,0,0,84.113,84.004,-0.10899999999999466,0.8719999999999999,0.09199999999999875,0.29066666666666663,0.0,0.5790000000000006,0.38350658403735455,0.29066666666666663,0,0,2022,Australian Grand Prix,2022_Australian Grand Prix
BOT,46,0 days 00:01:24.004000,HARD,24.0,True,0 days 02:14:34.172000,11,0 days 00:00:29.800000,0 days 00:00:18.231000,0 days 00:00:35.973000,1,84.004,8074.172,0.8680000000003929,True,False,24.0,0.0,0.0,0.0,0.0,29.8,18.231,35.973,0,0,0,0.0,83.74960000000002,0.42551357205159934,0.5978657714098489,0,0,84.205,83.914,-0.2909999999999968,0.9639999999999986,-0.2009999999999934,0.2693333333333309,0.0,-0.17300000000000182,0.41162276419070903,0.2693333333333309,0,1,2022,Australian Grand Prix,2022_Australian Grand Prix
BOT,47,0 days 00:01:23.914000,HARD,25.0,True,0 days 02:15:58.086000,11,0 days 00:00:29.718000,0 days 00:00:18.203000,0 days 00:00:35.993000,1,83.914,8158.086,0.7649999999994179,True,False,25.0,0.0,0.0,0.0,0.0,29.718,18.203,35.993,0,0,0,0.0,83.90220000000001,0.32165929179818015,0.03668477889765899,0,0,84.004,83.4,-0.6039999999999992,0.6069999999999993,-0.09000000000000341,0.07066666666666777,0.0,0.020000000000003126,0.33405583365659075,0.07066666666666777,0,1,2022,Australian Grand Prix,2022_Australian Grand Prix
BOT,48,0 days 00:01:23.400000,HARD,26.0,True,0 days 02:17:21.486000,11,0 days 00:00:29.174000,0 days 00:00:18.048000,0 days 00:00:36.178000,1,83.4,8241.486,1.0559999999986758,True,False,26.0,0.0,0.0,0.0,0.0,29.174,18.048,36.178,0,0,0,0.0,84.0056,0.16225997658112207,-3.7322820621585944,1,0,83.914,83.615,-0.2990000000000066,0.12199999999999989,-0.5139999999999958,-0.06633333333333269,0.0,0.2049999999999983,0.306530096401642,-0.06633333333333269,0,0,2022,Australian Grand Prix,2022_Australian Grand Prix
BOT,49,0 days 00:01:23.615000,HARD,27.0,True,0 days 02:18:45.101000,11,0 days 00:00:29.341000,0 days 00:00:18.292000,0 days 00:00:35.982000,1,83.615,8325.101,2.058999999999287,True,False,27.0,0.0,0.0,0.0,0.0,29.341,18.292,35.982,0,0,0,0.0,83.9272,0.3145261515360915,-0.9926042666890282,0,1,83.4,84.62,1.2199999999999989,0.0,0.2149999999999892,-0.26833333333333087,0.0,0.009000000000000341,0.3012784426406907,-0.26833333333333087,0,0,2022,Australian Grand Prix,2022_Australian Grand Prix
BOT,50,0 days 00:01:24.620000,HARD,28.0,True,0 days 02:20:09.721000,11,0 days 00:00:30.009000,0 days 00:00:18.200000,0 days 00:00:36.411000,1,84.62,8409.721,2.389000000001033,True,False,28.0,0.0,0.0,0.0,0.0,30.009,18.2,36.411,0,0,0,0.0,83.8276,0.31978633491771635,2.477904505218748,0,0,83.615,82.797,-0.8179999999999978,0.2149999999999892,1.0050000000000097,-0.12966666666667,0.0,0.42900000000000205,0.2853751916337504,-0.12966666666667,0,0,2022,Australian Grand Prix,2022_Australian Grand Prix
BOT,51,0 days 00:01:22.797000,HARD,29.0,True,0 days 02:21:32.518000,10,0 days 00:00:28.719000,0 days 00:00:18.465000,0 days 00:00:35.613000,1,82.797,8492.518,2.1080000000001746,True,False,29.0,0.0,0.0,0.0,0.0,28.719,18.465,35.613,0,0,0,0.0,83.9106,0.4637011968931158,-2.4015465292333342,1,0,84.62,82.685,-1.9350000000000023,1.2199999999999989,-1.8230000000000075,0.23533333333333437,0.0,-0.3689999999999998,0.22828490970714632,0.23533333333333437,0,0,2022,Australian Grand Prix,2022_Australian Grand Prix
BOT,52,0 days 00:01:22.685000,HARD,30.0,True,0 days 02:22:55.203000,10,0 days 00:00:28.928000,0 days 00:00:18.217000,0 days 00:00:35.540000,1,82.685,8575.203,3.4179999999996653,True,False,30.0,0.0,0.0,0.0,0.0,28.928,18.217,35.54,0,0,0,0.0,83.6692,0.670836567280068,-1.467123362088738,0,1,82.797,82.539,-0.25799999999999557,0.0,-0.11199999999999477,-0.20100000000000287,0.0,-0.0730000000000004,0.2938625529052651,-0.20100000000000287,0,0,2022,Australian Grand Prix,2022_Australian Grand Prix
BOT,53,0 days 00:01:22.539000,HARD,31.0,True,0 days 02:24:17.742000,9,0 days 00:00:28.656000,0 days 00:00:18.068000,0 days 00:00:35.815000,1,82.539,8657.742,2.2510000000002037,True,False,31.0,0.0,0.0,0.0,0.0,28.656,18.068,35.815,0,0,0,0.0,83.4234,0.7756805399132415,-1.1401600974789414,0,0,82.685,81.651,-1.034000000000006,0.0,-0.1460000000000008,-0.30999999999999756,0.0,0.2749999999999986,0.2998152764620239,-0.30999999999999756,0,0,2022,Australian Grand Prix,2022_Australian Grand Prix
BOT,54,0 days 00:01:21.651000,HARD,32.0,True,0 days 02:25:39.393000,9,0 days 00:00:28.144000,0 days 00:00:18.191000,0 days 00:00:35.316000,1,81.651,8739.393,4.130999999999403,True,False,32.0,0.0,0.0,0.0,0.0,28.144,18.191,35.316,0,0,0,0.0,83.2512,0.8717902270615853,-1.8355333087336378,1,0,82.539,82.361,-0.17799999999999727,0.0,-0.8880000000000052,-0.6936666666666677,0.0,-0.22399999999999665,0.31086524411712513,-0.6936666666666677,0,0,2022,Australian Grand Prix,2022_Australian Grand Prix
BOT,55,0 days 00:01:22.361000,HARD,33.0,True,0 days 02:27:01.754000,9,0 days 00:00:28.543000,0 days 00:00:18.284000,0 days 00:00:35.534000,1,82.361,8821.754,4.951999999999316,True,False,33.0,0.0,0.0,0.0,0.0,28.543,18.284,35.534,0,0,0,0.0,82.85839999999999,1.0836169987592819,-0.4590182698956338,0,1,81.651,81.894,0.2430000000000092,0.0,0.710000000000008,-0.3820000000000003,0.0,0.21799999999999642,0.33579874925317904,-0.3820000000000003,0,0,2022,Australian Grand Prix,2022_Australian Grand Prix
BOT,56,0 days 00:01:21.894000,HARD,34.0,True,0 days 02:28:23.648000,9,0 days 00:00:28.473000,0 days 00:00:18.180000,0 days 00:00:35.241000,1,81.894,8903.648,6.088999999999942,True,False,34.0,0.0,0.0,0.0,0.0,28.473,18.18,35.241,0,0,0,0.0,82.4066,0.4528960145552597,-1.131827138075748,0,0,82.361,82.201,-0.1600000000000108,0.710000000000008,-0.46699999999999875,-0.10799999999999936,0.0,-0.07500000000000284,0.2778620161159106,-0.10799999999999936,0,0,2022,Australian Grand Prix,2022_Australian Grand Prix
BOT,57,0 days 00:01:22.201000,HARD,35.0,True,0 days 02:29:45.849000,8,0 days 00:00:28.558000,0 days 00:00:18.230000,0 days 00:00:35.413000,1,82.201,8985.849,7.190000000000509,True,False,35.0,0.0,0.0,0.0,0.0,28.558,18.23,35.413,0,0,0,0.0,82.226,0.43809930381139073,-0.05706468780596057,0,0,81.894,82.757,0.8629999999999995,0.2430000000000092,0.30699999999998795,-0.21499999999999866,0.0,0.17199999999999704,0.21292651314479089,-0.21499999999999866,0,0,2022,Australian Grand Prix,2022_Australian Grand Prix
GAS,2,0 days 00:01:26.622000,MEDIUM,2.0,True,0 days 01:05:16.704000,9,0 days 00:00:30.388000,0 days 00:00:18.886000,0 days 00:00:37.348000,12,86.622,3916.704,1.1109999999998763,False,True,2.0,0.0,0.0,0.0,0.0,30.388,18.886,37.348,0,0,1,0.0,82.1728,0.42647063204870456,10.432605824759088,0,0,86.622,86.503,-0.11899999999999977,4.971000000000004,0.0,0.13200000000000026,0.0,2.1069999999999993,0.24763743658824985,0.0,0,0,2022,Australian Grand Prix,2022_Australian Grand Prix
GAS,7,0 days 00:01:26.503000,MEDIUM,7.0,True,0 days 01:15:17.184000,9,0 days 00:00:30.085000,0 days 00:00:18.735000,0 days 00:00:37.683000,1,86.503,4517.184,1.0299999999997453,False,True,7.0,0.0,0.0,0.0,0.0,30.085,18.735,37.683,0,0,0,0.0,,,0.0,0,0,86.622,86.125,-0.4969999999999999,0.0,-0.11899999999999977,0.0,0.0,0.0,0.0,0.0,0,0,2022,Australian Grand Prix,2022_Australian Grand Prix
GAS,8,0 days 00:01:26.125000,MEDIUM,8.0,True,0 days 01:16:43.309000,9,0 days 00:00:30.032000,0 days 00:00:18.702000,0 days 00:00:37.391000,1,86.125,4603.309,0.8479999999999563,False,True,8.0,0.0,0.0,0.0,0.0,30.032,18.702,37.391,0,0,0,0.0,,,0.0,0,0,86.503,85.603,-0.9000000000000057,0.0,-0.3780000000000001,-0.059499999999999886,0.0,0.04299999999999926,0.0,0.0,0,1,2022,Australian Grand Prix,2022_Australian Grand Prix
GAS,9,0 days 00:01:25.603000,MEDIUM,9.0,True,0 days 01:18:08.912000,9,0 days 00:00:29.961000,0 days 00:00:18.782000,0 days 00:00:36.860000,1,85.603,4688.912,0.6469999999999345,False,True,9.0,0.0,0.0,0.0,0.0,29.961,18.782,36.86,0,0,0,0.0,86.41666666666667,0.2595040140986924,-3.135468518638136,1,0,86.125,85.297,-0.828000000000003,0.0,-0.5220000000000056,-0.16566666666666663,0.0,-0.48799999999999955,1.2042559251809115,-0.24849999999999994,0,1,2022,Australian Grand Prix,2022_Australian Grand Prix
GAS,10,0 days 00:01:25.297000,MEDIUM,10.0,True,0 days 01:19:34.209000,9,0 days 00:00:29.756000,0 days 00:00:18.691000,0 days 00:00:36.850000,1,85.297,4774.209,0.5960000000004584,False,True,10.0,0.0,0.0,0.0,0.0,29.756,18.691,36.85,0,0,0,0.0,86.21325,0.45870279048639423,-1.997480763150453,1,1,85.603,85.314,-0.2890000000000015,0.0,-0.3059999999999974,-0.3396666666666685,0.0,-0.00999999999999801,1.1530945321178134,-0.3396666666666685,0,1,2022,Australian Grand Prix,2022_Australian Grand Prix
GAS,11,0 days 00:01:25.314000,MEDIUM,11.0,True,0 days 01:20:59.523000,9,0 days 00:00:29.628000,0 days 00:00:18.728000,0 days 00:00:36.958000,1,85.314,4859.523,0.5720000000001164,False,True,11.0,0.0,0.0,0.0,0.0,29.628,18.728,36.958,0,0,0,0.0,86.03,0.5707092079159102,-1.2545793725926804,0,1,85.297,85.377,0.0799999999999983,0.0,0.016999999999995907,-0.402000000000001,0.0,0.10799999999999699,1.0165777392801787,-0.402000000000001,0,1,2022,Australian Grand Prix,2022_Australian Grand Prix
GAS,12,0 days 00:01:25.377000,MEDIUM,12.0,True,0 days 01:22:24.900000,9,0 days 00:00:29.781000,0 days 00:00:18.728000,0 days 00:00:36.868000,1,85.377,4944.9,0.4400000000005093,False,True,12.0,0.0,0.0,0.0,0.0,29.781,18.728,36.868,0,0,0,0.0,85.7684,0.5298243105030279,-0.7387354491688006,0,0,85.314,85.399,0.08500000000000796,0.016999999999995907,0.06300000000000239,-0.2703333333333357,0.0,0.018000000000000682,0.23857661243298653,-0.2703333333333357,0,1,2022,Australian Grand Prix,2022_Australian Grand Prix
GAS,13,0 days 00:01:25.399000,MEDIUM,13.0,True,0 days 01:23:50.299000,9,0 days 00:00:29.717000,0 days 00:00:18.685000,0 days 00:00:36.997000,1,85.399,5030.299,1.0039999999999054,False,True,13.0,0.0,0.0,0.0,0.0,29.717,18.685,36.997,0,0,0,0.0,85.5432,0.34743229556276006,-0.4150448931825039,0,0,85.377,85.773,0.3960000000000008,0.0799999999999983,0.02200000000000557,-0.07533333333333303,0.0,0.14699999999999847,0.24001708272537498,-0.07533333333333303,0,0,2022,Australian Grand Prix,2022_Australian Grand Prix
GAS,14,0 days 00:01:25.773000,MEDIUM,14.0,True,0 days 01:25:16.072000,9,0 days 00:00:29.859000,0 days 00:00:18.776000,0 days 00:00:37.138000,1,85.773,5116.072,0.8279999999995198,False,True,14.0,0.0,0.0,0.0,0.0,29.859,18.776,37.138,0,0,0,0.0,85.398,0.12219247112653528,3.068928850875536,0,0,85.399,85.716,0.31699999999999307,0.10200000000000387,0.3739999999999952,0.034000000000001286,0.0,0.269999999999996,0.2557909302535948,0.034000000000001286,0,1,2022,Australian Grand Prix,2022_Australian Grand Prix
GAS,15,0 days 00:01:25.716000,MEDIUM,15.0,True,0 days 01:26:41.788000,9,0 days 00:00:29.881000,0 days 00:00:18.800000,0 days 00:00:37.035000,1,85.716,5201.788,0.6560000000008586,False,True,15.0,0.0,0.0,0.0,0.0,29.881,18.8,37.035,0,0,0,0.0,85.43199999999999,0.19528440797976826,1.454289172074756,0,0,85.773,85.813,0.04000000000000625,0.4759999999999991,-0.05700000000000216,0.15300000000000105,0.0,0.1669999999999945,0.11155626383130327,0.15300000000000105,0,1,2022,Australian Grand Prix,2022_Australian Grand Prix
GAS,16,0 days 00:01:25.813000,MEDIUM,16.0,True,0 days 01:28:07.601000,9,0 days 00:00:29.878000,0 days 00:00:18.804000,0 days 00:00:37.131000,1,85.813,5287.601,0.3900000000003274,False,True,16.0,0.0,0.0,0.0,0.0,29.878,18.804,37.131,0,0,0,0.0,85.5158,0.21205117306916194,1.401548483313836,0,0,85.716,86.06,0.3440000000000083,0.402000000000001,0.09700000000000841,0.11299999999999955,0.0,0.13400000000000034,0.09160513086066487,0.11299999999999955,0,1,2022,Australian Grand Prix,2022_Australian Grand Prix
GAS,17,0 days 00:01:26.060000,MEDIUM,17.0,True,0 days 01:29:33.661000,8,0 days 00:00:29.964000,0 days 00:00:18.781000,0 days 00:00:37.315000,1,86.06,5373.661,0.5389999999997599,False,True,17.0,0.0,0.0,0.0,0.0,29.964,18.781,37.315,0,0,0,0.0,85.6156,0.21075293592262842,2.1086301742584013,0,0,85.813,85.194,-0.6189999999999998,0.43600000000000705,0.2469999999999999,0.13800000000000048,0.0,0.28000000000000114,0.08991495982315462,0.13800000000000048,0,1,2022,Australian Grand Prix,2022_Australian Grand Prix
GAS,18,0 days 00:01:25.194000,MEDIUM,18.0,True,0 days 01:30:58.855000,8,0 days 00:00:29.538000,0 days 00:00:18.791000,0 days 00:00:36.865000,1,85.194,5458.855,0.410000000000764,False,True,18.0,0.0,0.0,0.0,0.0,29.538,18.791,36.865,0,0,0,0.0,85.7522,0.2371343501056022,-2.353939864686066,1,0,86.06,87.177,1.1170000000000044,0.6610000000000014,-0.8659999999999997,0.09566666666666872,0.0,-0.1699999999999946,0.06991637862475351,0.09566666666666872,0,1,2022,Australian Grand Prix,2022_Australian Grand Prix
GAS,19,0 days 00:01:27.177000,MEDIUM,19.0,True,0 days 01:32:26.032000,9,0 days 00:00:30.958000,0 days 00:00:18.926000,0 days 00:00:37.293000,1,87.177,5546.032,0.43400000000019645,False,True,19.0,0.0,0.0,0.0,0.0,30.958,18.926,37.293,0,0,0,0.0,85.71119999999999,0.3175542473342257,4.615904250391782,0,1,85.194,85.79,0.5960000000000036,0.0,1.983000000000004,-0.17399999999999713,0.0,0.42799999999999727,0.1825464324493874,-0.17399999999999713,0,1,2022,Australian Grand Prix,2022_Australian Grand Prix
GAS,20,0 days 00:01:25.790000,MEDIUM,20.0,True,0 days 01:33:51.822000,8,0 days 00:00:29.849000,0 days 00:00:18.750000,0 days 00:00:37.191000,1,85.79,5631.822,0.5630000000001019,False,True,20.0,0.0,0.0,0.0,0.0,29.849,18.75,37.191,0,0,0,0.0,85.992,0.7338034477978477,-0.2752780742666206,0,0,87.177,86.977,-0.20000000000000284,1.983000000000004,-1.3870000000000005,0.4546666666666681,0.0,0.3260000000000005,0.22110223879463242,0.4546666666666681,0,1,2022,Australian Grand Prix,2022_Australian Grand Prix
GAS,27,0 days 00:01:26.977000,HARD,6.0,True,0 days 01:47:14.760000,14,0 days 00:00:30.583000,0 days 00:00:18.872000,0 days 00:00:37.522000,1,86.977,6434.76,0.6059999999997672,True,False,6.0,0.0,0.0,0.0,0.0,30.583,18.872,37.522,0,0,0,0.0,86.0068,0.7275649111935011,1.333489266831855,0,0,85.79,86.828,1.0379999999999967,0.5960000000000036,1.1869999999999976,-0.08999999999999868,0.0,0.6569999999999965,0.23211807340230667,-0.08999999999999868,0,1,2022,Australian Grand Prix,2022_Australian Grand Prix
GAS,28,0 days 00:01:26.828000,HARD,7.0,True,0 days 01:48:41.588000,14,0 days 00:00:29.822000,0 days 00:00:18.532000,0 days 00:00:38.474000,1,86.828,6521.588,0.1820000000006985,True,False,7.0,0.0,0.0,0.0,0.0,29.822,18.532,38.474,0,0,0,0.0,86.23960000000001,0.829179293036194,0.7096173348051867,0,0,86.977,84.895,-2.082000000000008,1.7830000000000013,-0.1490000000000009,0.5943333333333337,0.0,1.2829999999999941,0.30237427139225626,0.5943333333333337,0,1,2022,Australian Grand Prix,2022_Australian Grand Prix
GAS,29,0 days 00:01:24.895000,HARD,8.0,True,0 days 01:50:06.483000,14,0 days 00:00:29.836000,0 days 00:00:18.511000,0 days 00:00:36.548000,1,84.895,6606.483,0.9479999999994106,True,False,8.0,0.0,0.0,0.0,0.0,29.836,18.511,36.548,0,0,0,0.0,86.39320000000001,0.8582171636596418,-1.7457119985940746,1,0,86.828,84.547,-2.281000000000006,1.6340000000000003,-1.933000000000007,-0.11633333333333458,0.0,-0.6430000000000007,0.5296184475639001,-0.11633333333333458,0,1,2022,Australian Grand Prix,2022_Australian Grand Prix
GAS,30,0 days 00:01:24.547000,HARD,9.0,True,0 days 01:51:31.030000,14,0 days 00:00:29.352000,0 days 00:00:18.584000,0 days 00:00:36.611000,1,84.547,6691.03,1.4270000000005894,True,False,9.0,0.0,0.0,0.0,0.0,29.352,18.584,36.611,0,0,0,0.0,86.33340000000001,0.9662801353644856,-1.8487392368116682,1,1,84.895,84.882,-0.012999999999991019,0.0,-0.347999999999999,-0.2983333333333367,0.0,0.06299999999999528,0.6962985710167711,-0.2983333333333367,0,0,2022,Australian Grand Prix,2022_Australian Grand Prix
GAS,31,0 days 00:01:24.882000,HARD,10.0,True,0 days 01:52:55.912000,14,0 days 00:00:29.389000,0 days 00:00:18.804000,0 days 00:00:36.689000,1,84.882,6775.912,1.376999999999498,True,False,10.0,0.0,0.0,0.0,0.0,29.389,18.804,36.689,0,0,0,0.0,85.8074,1.098973748549084,-0.8420583305304172,0,1,84.547,84.365,-0.18200000000000216,0.0,0.33500000000000796,-0.8100000000000023,0.0,0.14099999999999824,0.7129012554344378,-0.8100000000000023,0,0,2022,Australian Grand Prix,2022_Australian Grand Prix
GAS,32,0 days 00:01:24.365000,HARD,11.0,True,0 days 01:54:20.277000,14,0 days 00:00:29.418000,0 days 00:00:18.631000,0 days 00:00:36.316000,1,84.365,6860.277,1.0029999999997017,True,False,11.0,0.0,0.0,0.0,0.0,29.418,18.631,36.316,0,0,0,0.0,85.6258,1.1749619993855247,-1.073055980243931,0,0,84.882,84.566,-0.3160000000000025,0.33500000000000796,-0.5170000000000101,-0.648666666666666,0.0,-0.23199999999999932,0.7184074053070426,-0.648666666666666,0,0,2022,Australian Grand Prix,2022_Australian Grand Prix
GAS,33,0 days 00:01:24.566000,HARD,12.0,True,0 days 01:55:44.843000,14,0 days 00:00:29.321000,0 days 00:00:18.605000,0 days 00:00:36.640000,1,84.566,6944.843,0.5870000000004438,True,False,12.0,0.0,0.0,0.0,0.0,29.321,18.605,36.64,0,0,0,0.0,85.1034,0.9901400406003392,-0.5427515078313124,0,0,84.365,84.396,0.03100000000000591,0.0,0.20100000000000762,-0.17666666666666705,0.0,0.32399999999999807,0.7180360715172996,-0.17666666666666705,0,1,2022,Australian Grand Prix,2022_Australian Grand Prix
GAS,34,0 days 00:01:24.396000,HARD,13.0,True,0 days 01:57:09.239000,14,0 days 00:00:29.356000,0 days 00:00:18.560000,0 days 00:00:36.480000,1,84.396,7029.239,0.39400000000023283,True,False,13.0,0.0,0.0,0.0,0.0,29.356,18.56,36.48,0,0,0,0.0,84.651,0.23061548083345418,-1.1057366967664728,0,0,84.566,84.932,0.36599999999999966,0.20100000000000762,-0.1700000000000017,0.006333333333335152,0.0,0.16399999999999437,0.3781590935043067,0.006333333333335152,0,1,2022,Australian Grand Prix,2022_Australian Grand Prix
GAS,35,0 days 00:01:24.932000,HARD,14.0,True,0 days 01:58:34.171000,14,0 days 00:00:29.672000,0 days 00:00:18.606000,0 days 00:00:36.654000,1,84.932,7114.171,1.081000000000131,True,False,14.0,0.0,0.0,0.0,0.0,29.672,18.606,36.654,0,0,0,0.0,84.55120000000001,0.20519673486692894,1.855780016416656,0,0,84.396,84.809,0.4129999999999967,0.03100000000000591,0.5360000000000014,-0.1620000000000014,0.0,0.33800000000000097,0.2044663786542895,-0.1620000000000014,0,0,2022,Australian Grand Prix,2022_Australian Grand Prix
GAS,36,0 days 00:01:24.809000,HARD,15.0,True,0 days 01:59:58.980000,14,0 days 00:00:29.622000,0 days 00:00:18.632000,0 days 00:00:36.555000,1,84.809,7198.98,0.7620000000006257,True,False,15.0,0.0,0.0,0.0,0.0,29.622,18.632,36.555,0,0,0,0.0,84.6282,0.2663497700394113,0.6788066682889874,0,0,84.932,84.66,-0.27200000000000557,0.5670000000000073,-0.12300000000000466,0.18900000000000242,0.0,0.07500000000000284,0.23009563229231356,0.18900000000000242,0,1,2022,Australian Grand Prix,2022_Australian Grand Prix
GAS,37,0 days 00:01:24.660000,HARD,16.0,True,0 days 02:01:23.640000,14,0 days 00:00:29.631000,0 days 00:00:18.566000,0 days 00:00:36.463000,1,84.66,7283.64,0.6589999999996508,True,False,16.0,0.0,0.0,0.0,0.0,29.631,18.566,36.463,0,0,0,0.0,84.61359999999999,0.25048812347104715,0.1852383233066486,0,0,84.809,84.489,-0.3199999999999932,0.4440000000000026,-0.1490000000000009,0.08099999999999834,0.0,-0.016999999999995907,0.2324074009148578,0.08099999999999834,0,1,2022,Australian Grand Prix,2022_Australian Grand Prix
GAS,38,0 days 00:01:24.489000,HARD,17.0,True,0 days 02:02:48.129000,14,0 days 00:00:29.428000,0 days 00:00:18.497000,0 days 00:00:36.564000,1,84.489,7368.129,0.6670000000003711,True,False,17.0,0.0,0.0,0.0,0.0,29.428,18.497,36.564,0,0,0,0.0,84.6726,0.2085205025891819,-0.880488957777544,0,0,84.66,83.686,-0.9739999999999895,0.2639999999999958,-0.17099999999999227,0.0879999999999986,0.0,0.10099999999999909,0.15470843545197935,0.0879999999999986,0,1,2022,Australian Grand Prix,2022_Australian Grand Prix
GAS,41,0 days 00:01:23.686000,HARD,20.0,True,0 days 02:07:33.473000,10,0 days 00:00:28.987000,0 days 00:00:18.529000,0 days 00:00:36.170000,1,83.686,7653.473,1.1880000000001019,True,False,20.0,0.0,0.0,0.0,0.0,28.987,18.529,36.17,0,0,0,0.0,84.6572,0.2208408929524714,-4.397736248100638,1,0,84.489,84.056,-0.43300000000000693,0.09300000000000352,-0.8029999999999973,-0.14766666666666595,0.0,-0.29299999999999926,0.13216542664403372,-0.14766666666666595,0,0,2022,Australian Grand Prix,2022_Australian Grand Prix
GAS,42,0 days 00:01:24.056000,HARD,21.0,True,0 days 02:08:57.529000,10,0 days 00:00:29.348000,0 days 00:00:18.467000,0 days 00:00:36.241000,1,84.056,7737.529,0.5289999999995416,True,False,21.0,0.0,0.0,0.0,0.0,29.348,18.467,36.241,0,0,0,0.0,84.51520000000001,0.49225674195488595,-0.9328465429978698,0,1,83.686,83.759,0.07299999999999329,0.0,0.36999999999999034,-0.37433333333333013,0.0,0.07099999999999795,0.22797192809642092,-0.37433333333333013,0,1,2022,Australian Grand Prix,2022_Australian Grand Prix
GAS,43,0 days 00:01:23.759000,HARD,22.0,True,0 days 02:10:21.288000,10,0 days 00:00:29.194000,0 days 00:00:18.446000,0 days 00:00:36.119000,1,83.759,7821.288,0.5620000000008076,True,False,22.0,0.0,0.0,0.0,0.0,29.194,18.446,36.119,0,0,0,0.0,84.34,0.46177212995159744,-1.258196331729468,0,0,84.056,84.208,0.15200000000000102,0.36999999999999034,-0.29699999999999704,-0.20133333333333306,0.0,-0.05100000000000193,0.1629502991712493,-0.20133333333333306,0,1,2022,Australian Grand Prix,2022_Australian Grand Prix
GAS,44,0 days 00:01:24.208000,HARD,23.0,True,0 days 02:11:45.496000,10,0 days 00:00:29.546000,0 days 00:00:18.401000,0 days 00:00:36.261000,1,84.208,7905.496,0.4669999999996435,True,False,23.0,0.0,0.0,0.0,0.0,29.546,18.401,36.261,0,0,0,0.0,84.13000000000001,0.4330225167355983,0.18012920110483588,0,0,83.759,84.487,0.7279999999999944,0.07299999999999329,0.44899999999999807,-0.24333333333333465,0.0,0.142000000000003,0.15559305897114933,-0.24333333333333465,0,1,2022,Australian Grand Prix,2022_Australian Grand Prix
GAS,45,0 days 00:01:24.487000,HARD,24.0,True,0 days 02:13:09.983000,10,0 days 00:00:29.592000,0 days 00:00:18.578000,0 days 00:00:36.317000,1,84.487,7989.983,0.18499999999949068,True,False,24.0,0.0,0.0,0.0,0.0,29.592,18.578,36.317,0,0,0,0.0,84.0396,0.32952890616762504,1.3576957639413216,0,0,84.208,83.82,-0.38800000000000523,0.5219999999999914,0.27899999999999636,0.17399999999999713,0.0,0.1980000000000004,0.17583799361912605,0.17399999999999713,0,1,2022,Australian Grand Prix,2022_Australian Grand Prix
GAS,46,0 days 00:01:23.820000,HARD,25.0,True,0 days 02:14:33.803000,10,0 days 00:00:29.415000,0 days 00:00:18.457000,0 days 00:00:35.948000,1,83.82,8073.803,0.36899999999968713,True,False,25.0,0.0,0.0,0.0,0.0,29.415,18.457,35.948,0,0,0,0.0,84.03920000000001,0.32884753306057946,-0.6665703037511748,0,0,84.487,83.828,-0.6589999999999918,0.8009999999999877,-0.6670000000000016,0.1436666666666658,0.0,-0.17099999999999937,0.19491100533320305,0.1436666666666658,0,1,2022,Australian Grand Prix,2022_Australian Grand Prix
GAS,47,0 days 00:01:23.828000,HARD,26.0,True,0 days 02:15:57.631000,10,0 days 00:00:29.480000,0 days 00:00:18.422000,0 days 00:00:35.926000,1,83.828,8157.631,0.45499999999992724,True,False,26.0,0.0,0.0,0.0,0.0,29.48,18.422,35.926,0,0,0,0.0,84.066,0.2967616889021058,-0.8019903137783724,0,0,83.82,83.399,-0.42099999999999227,0.06099999999999284,0.008000000000009777,0.020333333333330945,0.0,-0.021999999999998465,0.1492538106716206,0.020333333333330945,0,1,2022,Australian Grand Prix,2022_Australian Grand Prix
GAS,48,0 days 00:01:23.399000,HARD,27.0,True,0 days 02:17:21.030000,10,0 days 00:00:29.142000,0 days 00:00:18.404000,0 days 00:00:35.853000,1,83.399,8241.03,0.45600000000013097,True,False,27.0,0.0,0.0,0.0,0.0,29.142,18.404,35.853,0,0,0,0.0,84.0204,0.31560148922340275,-1.9689387446461883,1,0,83.828,83.59,-0.23799999999999955,0.06900000000000261,-0.42900000000000205,-0.12666666666666515,0.0,-0.0730000000000004,0.14987561509465103,-0.12666666666666515,0,1,2022,Australian Grand Prix,2022_Australian Grand Prix
GAS,49,0 days 00:01:23.590000,HARD,28.0,True,0 days 02:18:44.620000,10,0 days 00:00:29.307000,0 days 00:00:18.379000,0 days 00:00:35.904000,1,83.59,8324.62,0.48099999999976717,True,False,28.0,0.0,0.0,0.0,0.0,29.307,18.379,35.904,0,0,0,0.0,83.94839999999999,0.41542303739685377,-0.8627350140372916,0,1,83.399,83.762,0.36299999999999955,0.0,0.1910000000000025,-0.36266666666666464,0.0,0.05100000000000193,0.1527471767333195,-0.36266666666666464,0,1,2022,Australian Grand Prix,2022_Australian Grand Prix
GAS,50,0 days 00:01:23.762000,HARD,29.0,True,0 days 02:20:08.382000,9,0 days 00:00:29.329000,0 days 00:00:18.518000,0 days 00:00:35.915000,1,83.762,8408.382,1.2780000000002474,True,False,29.0,0.0,0.0,0.0,0.0,29.329,18.518,35.915,0,0,0,0.0,83.82480000000001,0.41078546712368774,-0.15287785237324583,0,0,83.59,83.261,-0.32900000000000773,0.1910000000000025,0.17199999999999704,-0.07666666666666326,0.0,0.06199999999999761,0.13856514713303567,-0.07666666666666326,0,0,2022,Australian Grand Prix,2022_Australian Grand Prix
GAS,51,0 days 00:01:23.261000,HARD,30.0,True,0 days 02:21:31.643000,9,0 days 00:00:29.059000,0 days 00:00:18.549000,0 days 00:00:35.653000,1,83.261,8491.643,0.875,True,False,30.0,0.0,0.0,0.0,0.0,29.059,18.549,35.653,0,0,0,0.0,83.6798,0.1839081292385618,-2.27722396902176,1,0,83.762,82.731,-1.031000000000006,0.36299999999999955,-0.5010000000000048,-0.022000000000000835,0.0,-0.20000000000000284,0.09593904314719692,-0.022000000000000835,0,1,2022,Australian Grand Prix,2022_Australian Grand Prix
GAS,52,0 days 00:01:22.731000,HARD,31.0,True,0 days 02:22:54.374000,9,0 days 00:00:28.793000,0 days 00:00:18.382000,0 days 00:00:35.556000,1,82.731,8574.374,0.8289999999997235,True,False,31.0,0.0,0.0,0.0,0.0,28.793,18.382,35.556,0,0,0,0.0,83.568,0.23902405736667776,-3.5017395705738243,1,1,83.261,85.619,2.358000000000004,0.0,-0.5300000000000011,-0.04600000000000174,0.0,-0.09700000000000131,0.10680964375935345,-0.04600000000000174,0,1,2022,Australian Grand Prix,2022_Australian Grand Prix
GAS,53,0 days 00:01:25.619000,HARD,32.0,True,0 days 02:24:19.993000,10,0 days 00:00:28.695000,0 days 00:00:18.454000,0 days 00:00:38.470000,1,85.619,8659.993,2.4139999999988504,True,False,32.0,0.0,0.0,0.0,0.0,28.695,18.454,38.47,0,0,0,0.0,83.3486,0.3939597695197202,5.763024998130797,0,1,82.731,83.531,0.8000000000000114,0.0,2.8880000000000052,-0.28633333333333627,0.0,2.9140000000000015,0.10951392605509118,-0.28633333333333627,0,0,2022,Australian Grand Prix,2022_Australian Grand Prix
GAS,54,0 days 00:01:23.531000,HARD,33.0,True,0 days 02:25:43.524000,10,0 days 00:00:29.287000,0 days 00:00:18.541000,0 days 00:00:35.703000,1,83.531,8743.524,2.753000000000611,True,False,33.0,0.0,0.0,0.0,0.0,29.287,18.541,35.703,0,0,0,0.0,83.79260000000001,1.0939964807987368,-0.23912325550536034,0,0,85.619,83.182,-2.4369999999999976,2.8880000000000052,-2.087999999999994,0.6189999999999998,0.0,0.14700000000000557,1.3282196730962854,0.6189999999999998,0,0,2022,Australian Grand Prix,2022_Australian Grand Prix
GAS,55,0 days 00:01:23.182000,HARD,34.0,True,0 days 02:27:06.706000,10,0 days 00:00:28.862000,0 days 00:00:18.464000,0 days 00:00:35.856000,1,83.182,8826.706,3.371999999999389,True,False,34.0,0.0,0.0,0.0,0.0,28.862,18.464,35.856,0,0,0,0.0,83.7808,1.0970420228961246,-0.5458314152991162,0,0,83.531,83.031,-0.5,0.8000000000000114,-0.34900000000000375,0.09000000000000341,0.0,0.30000000000000426,1.3199434457581896,0.09000000000000341,0,0,2022,Australian Grand Prix,2022_Australian Grand Prix
GAS,56,0 days 00:01:23.031000,HARD,35.0,True,0 days 02:28:29.737000,10,0 days 00:00:29.105000,0 days 00:00:18.413000,0 days 00:00:35.513000,1,83.031,8909.737,3.286000000000058,True,False,35.0,0.0,0.0,0.0,0.0,29.105,18.413,35.513,0,0,0,0.0,83.66479999999999,1.1297049172239733,-0.5610314608149337,0,0,83.182,83.302,0.12000000000000455,0.4510000000000076,-0.15099999999999625,0.15033333333333587,0.0,-0.19000000000000483,1.3014217994178525,0.15033333333333587,0,0,2022,Australian Grand Prix,2022_Australian Grand Prix
GAS,57,0 days 00:01:23.302000,HARD,36.0,True,0 days 02:29:53.039000,10,0 days 00:00:28.998000,0 days 00:00:18.523000,0 days 00:00:35.781000,1,83.302,8993.039,2.727999999999156,True,False,36.0,0.0,0.0,0.0,0.0,28.998,18.523,35.781,0,0,0,0.0,83.61880000000001,1.1546645400288453,-0.274365401393626,0,0,83.031,83.333,0.3019999999999925,0.30000000000001137,0.2710000000000008,-0.8626666666666646,0.0,0.2680000000000007,1.299867185523199,-0.8626666666666646,0,0,2022,Australian Grand Prix,2022_Australian Grand Prix
HAM,2,0 days 00:01:25.455000,MEDIUM,2.0,True,0 days 01:05:10.372000,3,0 days 00:00:29.888000,0 days 00:00:18.867000,0 days 00:00:36.700000,12,85.455,3910.372,0.8040000000000873,False,True,2.0,0.0,0.0,0.0,0.0,29.888,18.867,36.7,0,0,1,0.0,83.2758,0.18561438521848578,11.740469346892855,0,0,85.455,84.838,-0.6170000000000044,2.4239999999999924,0.0,0.050333333333332085,0.0,1.1870000000000047,0.22920558457420123,0.0,0,1,2022,Australian Grand Prix,2022_Australian Grand Prix
HAM,7,0 days 00:01:24.838000,MEDIUM,7.0,True,0 days 01:15:12.223000,3,0 days 00:00:29.667000,0 days 00:00:18.690000,0 days 00:00:36.481000,1,84.838,4512.223,0.7229999999999563,False,True,7.0,0.0,0.0,0.0,0.0,29.667,18.69,36.481,0,0,0,0.0,,,0.0,0,0,85.455,84.842,-0.6129999999999995,0.0,-0.6170000000000044,0.0,0.0,0.0,0.0,0.0,0,1,2022,Australian Grand Prix,2022_Australian Grand Prix
HAM,8,0 days 00:01:24.842000,MEDIUM,8.0,True,0 days 01:16:37.065000,3,0 days 00:00:29.441000,0 days 00:00:18.686000,0 days 00:00:36.715000,1,84.842,4597.065,0.5710000000008222,False,True,8.0,0.0,0.0,0.0,0.0,29.441,18.686,36.715,0,0,0,0.0,,,0.0,0,0,84.838,85.168,0.3300000000000125,0.0,0.0040000000000048885,-0.3085000000000022,0.0,0.23400000000000176,0.0,0.0,0,1,2022,Australian Grand Prix,2022_Australian Grand Prix
HAM,9,0 days 00:01:25.168000,MEDIUM,9.0,True,0 days 01:18:02.233000,3,0 days 00:00:29.535000,0 days 00:00:18.802000,0 days 00:00:36.831000,1,85.168,4682.233,0.5289999999995416,False,True,9.0,0.0,0.0,0.0,0.0,29.535,18.802,36.831,0,0,0,0.0,85.045,0.35507604819250266,0.3464046663415631,0,0,84.842,86.606,1.7639999999999958,0.0040000000000048885,0.3260000000000076,-0.20433333333333317,0.0,0.3500000000000014,0.6287466368366007,-0.3064999999999998,0,1,2022,Australian Grand Prix,2022_Australian Grand Prix
HAM,10,0 days 00:01:26.606000,MEDIUM,10.0,True,0 days 01:19:28.839000,4,0 days 00:00:30.785000,0 days 00:00:18.845000,0 days 00:00:36.976000,1,86.606,4768.839,0.569999999999709,False,True,10.0,0.0,0.0,0.0,0.0,30.785,18.845,36.976,0,0,0,0.0,85.07575,0.2963695609651404,5.163317025596925,0,0,85.168,84.686,-0.4819999999999993,0.3300000000000125,1.4379999999999882,-0.09566666666666397,0.0,0.49499999999999744,0.5170798616590433,-0.09566666666666397,0,1,2022,Australian Grand Prix,2022_Australian Grand Prix
HAM,11,0 days 00:01:24.686000,MEDIUM,11.0,True,0 days 01:20:53.525000,4,0 days 00:00:29.280000,0 days 00:00:18.670000,0 days 00:00:36.736000,1,84.686,4853.525,0.9660000000003492,False,True,11.0,0.0,0.0,0.0,0.0,29.28,18.67,36.736,0,0,0,0.0,85.3818,0.7308961622556241,-0.9519820132215193,0,0,86.606,85.046,-1.559999999999988,1.7680000000000007,-1.9199999999999875,0.5893333333333336,0.0,0.02099999999999369,0.44841353681618645,0.5893333333333336,0,1,2022,Australian Grand Prix,2022_Australian Grand Prix
HAM,12,0 days 00:01:25.046000,MEDIUM,12.0,True,0 days 01:22:18.571000,4,0 days 00:00:29.510000,0 days 00:00:18.780000,0 days 00:00:36.756000,1,85.046,4938.571,0.9480000000003201,False,True,12.0,0.0,0.0,0.0,0.0,29.51,18.78,36.756,0,0,0,0.0,85.228,0.7901493529706896,-0.23033620076474226,0,0,84.686,85.275,0.5889999999999986,0.0,0.35999999999999943,-0.051999999999997236,0.0,0.020000000000003126,0.21255705116509394,-0.051999999999997236,0,1,2022,Australian Grand Prix,2022_Australian Grand Prix
HAM,13,0 days 00:01:25.275000,MEDIUM,13.0,True,0 days 01:23:43.846000,4,0 days 00:00:29.637000,0 days 00:00:18.765000,0 days 00:00:36.873000,1,85.275,5023.846,1.0090000000000146,False,True,13.0,0.0,0.0,0.0,0.0,29.637,18.765,36.873,0,0,0,0.0,85.2696,0.7696939651575792,0.00701577541783531,0,0,85.046,84.529,-0.5170000000000101,0.35999999999999943,0.2289999999999992,-0.04066666666666663,0.0,0.13700000000000045,0.20751024071115154,-0.04066666666666663,0,0,2022,Australian Grand Prix,2022_Australian Grand Prix
HAM,14,0 days 00:01:24.529000,MEDIUM,14.0,True,0 days 01:25:08.375000,4,0 days 00:00:29.479000,0 days 00:00:18.725000,0 days 00:00:36.325000,1,84.529,5108.375,1.6329999999998108,False,True,14.0,0.0,0.0,0.0,0.0,29.479,18.725,36.325,0,0,0,0.0,85.3562,0.7330424271486563,-1.128447644180156,0,0,85.275,84.771,-0.5040000000000049,0.5889999999999986,-0.7460000000000093,-0.44366666666666293,0.0,-0.41099999999999426,0.21084899810053637,-0.44366666666666293,0,0,2022,Australian Grand Prix,2022_Australian Grand Prix
HAM,15,0 days 00:01:24.771000,MEDIUM,15.0,True,0 days 01:26:33.146000,4,0 days 00:00:29.240000,0 days 00:00:18.771000,0 days 00:00:36.760000,1,84.771,5193.146,1.8389999999999418,False,True,15.0,0.0,0.0,0.0,0.0,29.24,18.771,36.76,0,0,0,0.0,85.2284,0.8241027241794544,-0.5550278946783223,0,0,84.529,84.552,0.023000000000010346,0.0,0.24200000000000443,-0.052333333333336896,0.0,0.43499999999999517,0.3239703690154366,-0.052333333333336896,0,0,2022,Australian Grand Prix,2022_Australian Grand Prix
HAM,16,0 days 00:01:24.552000,MEDIUM,16.0,True,0 days 01:27:57.698000,4,0 days 00:00:29.240000,0 days 00:00:18.694000,0 days 00:00:36.618000,1,84.552,5277.698,1.806999999999789,False,True,16.0,0.0,0.0,0.0,0.0,29.24,18.694,36.618,0,0,0,0.0,84.8614,0.29772856765854905,-1.0392015869798323,0,0,84.771,84.436,-0.33499999999999375,0.24200000000000443,-0.2189999999999941,-0.09166666666666856,0.0,0.29299999999999926,0.30397170920991606,-0.09166666666666856,0,0,2022,Australian Grand Prix,2022_Australian Grand Prix
HAM,17,0 days 00:01:24.436000,MEDIUM,17.0,True,0 days 01:29:22.134000,4,0 days 00:00:29.204000,0 days 00:00:18.698000,0 days 00:00:36.534000,1,84.436,5362.134,1.8919999999998254,False,True,17.0,0.0,0.0,0.0,0.0,29.204,18.698,36.534,0,0,0,0.0,84.8346,0.32246751774405524,-1.2360934917989455,0,0,84.552,84.465,-0.0870000000000033,0.023000000000010346,-0.11599999999999966,-0.24099999999999966,0.0,0.20899999999999608,0.32335305781760826,-0.24099999999999966,0,0,2022,Australian Grand Prix,2022_Australian Grand Prix
HAM,18,0 days 00:01:24.465000,MEDIUM,18.0,True,0 days 01:30:46.599000,3,0 days 00:00:29.283000,0 days 00:00:18.660000,0 days 00:00:36.522000,1,84.465,5446.599,1.931999999999789,False,True,18.0,0.0,0.0,0.0,0.0,29.283,18.66,36.522,0,0,0,0.0,84.7126,0.337532665085941,-0.7335586318347844,0,0,84.436,84.408,-0.028000000000005798,0.0,0.028999999999996362,-0.030999999999996437,0.0,-0.012000000000000455,0.32346993677928937,-0.030999999999996437,0,0,2022,Australian Grand Prix,2022_Australian Grand Prix
HAM,19,0 days 00:01:24.408000,MEDIUM,19.0,True,0 days 01:32:11.007000,3,0 days 00:00:29.216000,0 days 00:00:18.643000,0 days 00:00:36.549000,1,84.408,5531.007,2.1850000000004,False,True,19.0,0.0,0.0,0.0,0.0,29.216,18.643,36.549,0,0,0,0.0,84.5506,0.1318191943535766,-1.0817847939315106,0,0,84.465,85.227,0.7620000000000005,0.028999999999996362,-0.05700000000000216,-0.10199999999999913,0.0,0.027000000000001023,0.32976537113529286,-0.10199999999999913,0,0,2022,Australian Grand Prix,2022_Australian Grand Prix
HAM,20,0 days 00:01:25.227000,MEDIUM,20.0,True,0 days 01:33:36.234000,2,0 days 00:00:29.731000,0 days 00:00:18.714000,0 days 00:00:36.782000,1,85.227,5616.234,1.6859999999996944,False,True,20.0,0.0,0.0,0.0,0.0,29.731,18.714,36.782,0,0,0,0.0,84.52640000000001,0.14700782292119027,4.765732775837245,0,0,84.408,84.159,-0.24899999999999523,0.0,0.8190000000000026,-0.04800000000000182,0.0,0.259999999999998,0.18598870933473155,-0.04800000000000182,0,0,2022,Australian Grand Prix,2022_Australian Grand Prix
HAM,21,0 days 00:01:24.159000,MEDIUM,21.0,True,0 days 01:35:00.393000,2,0 days 00:00:28.947000,0 days 00:00:18.679000,0 days 00:00:36.533000,1,84.159,5700.393,2.1959999999999127,False,True,21.0,0.0,0.0,0.0,0.0,28.947,18.679,36.533,0,0,0,0.0,84.61760000000001,0.34491636667461845,-1.3295976773193563,0,0,85.227,86.868,1.6409999999999911,0.8190000000000026,-1.0679999999999978,0.2636666666666656,0.0,0.011000000000002785,0.1389758971908427,0.2636666666666656,0,0,2022,Australian Grand Prix,2022_Australian Grand Prix
HAM,27,0 days 00:01:26.868000,HARD,5.0,True,0 days 01:47:10.518000,6,0 days 00:00:30.554000,0 days 00:00:18.919000,0 days 00:00:37.395000,1,86.868,6430.518,0.3220000000001164,True,False,5.0,0.0,0.0,0.0,0.0,30.554,18.919,37.395,0,0,0,0.0,84.539,0.403419756581188,5.773143139387333,0,0,84.159,85.042,0.8829999999999956,0.0,2.708999999999989,-0.10199999999999913,0.0,0.8620000000000019,0.12576764289752532,-0.10199999999999913,0,1,2022,Australian Grand Prix,2022_Australian Grand Prix
HAM,28,0 days 00:01:25.042000,HARD,6.0,True,0 days 01:48:35.560000,6,0 days 00:00:29.566000,0 days 00:00:18.689000,0 days 00:00:36.787000,1,85.042,6515.56,0.9089999999996508,True,False,6.0,0.0,0.0,0.0,0.0,29.566,18.689,36.787,0,0,0,0.0,85.0254,1.1047281566068607,0.015026321091501134,0,0,86.868,84.684,-2.1839999999999975,2.708999999999989,-1.8259999999999934,0.819999999999998,0.0,0.2539999999999978,0.37015442723274317,0.819999999999998,0,1,2022,Australian Grand Prix,2022_Australian Grand Prix
HAM,29,0 days 00:01:24.684000,HARD,7.0,True,0 days 01:50:00.244000,6,0 days 00:00:29.586000,0 days 00:00:18.592000,0 days 00:00:36.506000,1,84.684,6600.244,0.8940000000002328,True,False,7.0,0.0,0.0,0.0,0.0,29.586,18.592,36.506,0,0,0,0.0,85.1408,1.0608179391394115,-0.4306111191620498,0,0,85.042,83.88,-1.1620000000000061,0.8829999999999956,-0.3580000000000041,-0.061666666666667425,0.0,-0.027000000000001023,0.3450111592398136,-0.061666666666667425,0,1,2022,Australian Grand Prix,2022_Australian Grand Prix
HAM,30,0 days 00:01:23.880000,HARD,8.0,True,0 days 01:51:24.124000,6,0 days 00:00:29.246000,0 days 00:00:18.538000,0 days 00:00:36.096000,1,83.88,6684.124,1.2359999999998763,True,False,8.0,0.0,0.0,0.0,0.0,29.246,18.538,36.096,0,0,0,0.0,85.196,1.0195310196359832,-1.2907895636857343,0,0,84.684,83.647,-1.036999999999992,0.5249999999999915,-0.804000000000002,0.17499999999999716,0.0,-0.4100000000000037,0.3557000140567896,0.17499999999999716,0,0,2022,Australian Grand Prix,2022_Australian Grand Prix
HAM,31,0 days 00:01:23.647000,HARD,9.0,True,0 days 01:52:47.771000,5,0 days 00:00:29.149000,0 days 00:00:18.510000,0 days 00:00:35.988000,1,83.647,6767.771,1.4459999999999127,True,False,9.0,0.0,0.0,0.0,0.0,29.149,18.51,35.988,0,0,0,0.0,84.9266,1.1753496501041703,-1.0886973079768885,0,0,83.88,83.199,-0.6809999999999974,0.0,-0.23299999999998988,-0.9959999999999999,0.0,-0.10799999999999699,0.4693852362399156,-0.9959999999999999,0,0,2022,Australian Grand Prix,2022_Australian Grand Prix
HAM,32,0 days 00:01:23.199000,HARD,10.0,True,0 days 01:54:10.970000,5,0 days 00:00:28.826000,0 days 00:00:18.435000,0 days 00:00:35.938000,1,83.199,6850.97,2.3779999999997017,True,False,10.0,0.0,0.0,0.0,0.0,28.826,18.435,35.938,0,0,0,0.0,84.82419999999999,1.276863814194762,-1.2728060596069946,0,0,83.647,83.11,-0.5370000000000061,0.0,-0.4480000000000075,-0.4649999999999987,0.0,-0.04999999999999716,0.48032405727800187,-0.4649999999999987,0,0,2022,Australian Grand Prix,2022_Australian Grand Prix
HAM,33,0 days 00:01:23.110000,HARD,11.0,True,0 days 01:55:34.080000,5,0 days 00:00:28.869000,0 days 00:00:18.502000,0 days 00:00:35.739000,1,83.11,6934.08,3.5270000000000437,True,False,11.0,0.0,0.0,0.0,0.0,28.869,18.502,35.739,0,0,0,0.0,84.0904,0.7571937004492403,-1.2947809779959016,0,0,83.199,83.311,0.11200000000000898,0.0,-0.08899999999999864,-0.49499999999999983,0.0,-0.19900000000000517,0.2367766880417077,-0.49499999999999983,0,0,2022,Australian Grand Prix,2022_Australian Grand Prix
HAM,34,0 days 00:01:23.311000,HARD,12.0,True,0 days 01:56:57.391000,5,0 days 00:00:28.657000,0 days 00:00:18.496000,0 days 00:00:36.158000,1,83.311,7017.391,4.4210000000002765,True,False,12.0,0.0,0.0,0.0,0.0,28.657,18.496,36.158,0,0,0,0.0,83.704,0.6329466802188141,-0.6209053815783087,0,0,83.11,83.069,-0.04099999999999682,0.0,0.20100000000000762,-0.2566666666666653,0.0,0.41900000000000404,0.15532771806731946,-0.2566666666666653,0,0,2022,Australian Grand Prix,2022_Australian Grand Prix
HAM,35,0 days 00:01:23.069000,HARD,13.0,True,0 days 01:58:20.460000,5,0 days 00:00:28.827000,0 days 00:00:18.466000,0 days 00:00:35.776000,1,83.069,7100.46,5.502999999999702,True,False,13.0,0.0,0.0,0.0,0.0,28.827,18.466,35.776,0,0,0,0.0,83.42940000000002,0.32384764936621324,-1.1128689700398762,0,0,83.311,82.964,-0.3470000000000084,0.20100000000000762,-0.24200000000000443,-0.1119999999999995,0.0,0.03700000000000614,0.30545261498308024,-0.1119999999999995,0,0,2022,Australian Grand Prix,2022_Australian Grand Prix
HAM,36,0 days 00:01:22.964000,HARD,14.0,True,0 days 01:59:43.424000,5,0 days 00:00:28.632000,0 days 00:00:18.432000,0 days 00:00:35.900000,1,82.964,7183.424,6.704999999999927,True,False,14.0,0.0,0.0,0.0,0.0,28.632,18.432,35.9,0,0,0,0.0,83.2672,0.2317395089319532,-1.3083655928909128,0,0,83.069,83.285,0.21599999999999397,0.0,-0.10500000000000398,-0.043333333333331815,0.0,0.16100000000000136,0.23913113557209792,-0.043333333333331815,0,0,2022,Australian Grand Prix,2022_Australian Grand Prix
HAM,37,0 days 00:01:23.285000,HARD,15.0,True,0 days 02:01:06.709000,5,0 days 00:00:28.920000,0 days 00:00:18.507000,0 days 00:00:35.858000,1,83.285,7266.709,7.886999999999716,True,False,15.0,0.0,0.0,0.0,0.0,28.92,18.507,35.858,0,0,0,0.0,83.13059999999999,0.1315268033521033,1.1739052122073836,0,0,82.964,82.784,-0.1799999999999926,0.0,0.32099999999999795,-0.048666666666666934,0.0,0.08199999999999363,0.23338123317867937,-0.048666666666666934,0,0,2022,Australian Grand Prix,2022_Australian Grand Prix
HAM,38,0 days 00:01:22.784000,HARD,16.0,True,0 days 02:02:29.493000,5,0 days 00:00:28.642000,0 days 00:00:18.440000,0 days 00:00:35.702000,1,82.784,7349.493,9.402999999999338,True,False,16.0,0.0,0.0,0.0,0.0,28.642,18.44,35.702,0,0,0,0.0,83.1478,0.1473760496146592,-2.468515073861847,1,0,83.285,82.696,-0.5889999999999986,0.32099999999999795,-0.5009999999999906,-0.008666666666670153,0.0,-0.07400000000000517,0.22314569231782463,-0.008666666666670153,0,0,2022,Australian Grand Prix,2022_Australian Grand Prix
HAM,41,0 days 00:01:22.696000,HARD,19.0,True,0 days 02:07:11.990000,4,0 days 00:00:28.657000,0 days 00:00:18.435000,0 days 00:00:35.604000,1,82.696,7631.99,10.815999999999804,True,False,19.0,0.0,0.0,0.0,0.0,28.657,18.435,35.604,0,0,0,0.0,83.0826,0.22166709273146898,-1.7440567981298638,1,1,82.784,82.049,-0.7349999999999994,0.0,-0.08800000000000807,-0.09499999999999886,0.0,-0.09799999999999898,0.18501756673354275,-0.09499999999999886,0,0,2022,Australian Grand Prix,2022_Australian Grand Prix
HAM,42,0 days 00:01:22.049000,HARD,20.0,True,0 days 02:08:34.039000,4,0 days 00:00:28.411000,0 days 00:00:18.240000,0 days 00:00:35.398000,1,82.049,7714.039,11.980000000000473,True,False,20.0,0.0,0.0,0.0,0.0,28.411,18.24,35.398,0,0,0,0.0,82.9596,0.23355577492329285,-3.898854568246313,1,1,82.696,82.443,-0.2530000000000001,0.0,-0.6469999999999914,-0.08933333333333356,0.0,-0.20599999999999596,0.10812169070080285,-0.08933333333333356,0,0,2022,Australian Grand Prix,2022_Australian Grand Prix
HAM,43,0 days 00:01:22.443000,HARD,21.0,True,0 days 02:09:56.482000,4,0 days 00:00:28.552000,0 days 00:00:18.374000,0 days 00:00:35.517000,1,82.443,7796.482,12.548999999999978,True,False,21.0,0.0,0.0,0.0,0.0,28.552,18.374,35.517,0,0,0,0.0,82.7556,0.4547903912793413,-0.6873496142270037,0,1,82.049,81.965,-0.08400000000000318,0.0,0.39399999999999125,-0.41199999999999665,0.0,0.11899999999999977,0.14706801147768148,-0.41199999999999665,0,0,2022,Australian Grand Prix,2022_Australian Grand Prix
HAM,44,0 days 00:01:21.965000,HARD,22.0,True,0 days 02:11:18.447000,4,0 days 00:00:28.567000,0 days 00:00:18.197000,0 days 00:00:35.201000,1,81.965,7878.447,13.269000000000233,True,False,22.0,0.0,0.0,0.0,0.0,28.567,18.197,35.201,0,0,0,0.0,82.6514,0.4547903912793431,-1.5092667153083905,1,0,82.443,82.082,-0.3610000000000042,0.39399999999999125,-0.47799999999999443,-0.1136666666666694,0.0,-0.19700000000000273,0.1342899847345262,-0.1136666666666694,0,0,2022,Australian Grand Prix,2022_Australian Grand Prix
HAM,45,0 days 00:01:22.082000,HARD,23.0,True,0 days 02:12:40.529000,4,0 days 00:00:28.494000,0 days 00:00:18.278000,0 days 00:00:35.310000,1,82.082,7960.529,13.871999999999389,True,False,23.0,0.0,0.0,0.0,0.0,28.494,18.278,35.31,0,0,0,0.0,82.3874,0.37032188701185964,-0.8246879558329356,0,1,81.965,82.036,0.07099999999999795,0.0,0.11699999999999022,-0.24366666666666484,0.0,0.10900000000000176,0.13124290457011298,-0.24366666666666484,0,0,2022,Australian Grand Prix,2022_Australian Grand Prix
HAM,46,0 days 00:01:22.036000,HARD,24.0,True,0 days 02:14:02.565000,4,0 days 00:00:28.395000,0 days 00:00:18.273000,0 days 00:00:35.368000,1,82.036,8042.565,14.81500000000051,True,False,24.0,0.0,0.0,0.0,0.0,28.395,18.273,35.368,0,0,0,0.0,82.247,0.3106324194285408,-0.6792594294831414,0,0,82.082,82.424,0.34200000000001296,0.11699999999999022,-0.04599999999999227,0.01099999999999568,0.0,0.1670000000000016,0.15967560865705174,0.01099999999999568,0,0,2022,Australian Grand Prix,2022_Australian Grand Prix
HAM,47,0 days 00:01:22.424000,HARD,25.0,True,0 days 02:15:24.989000,4,0 days 00:00:28.699000,0 days 00:00:18.348000,0 days 00:00:35.377000,1,82.424,8124.989,14.989000000000487,True,False,25.0,0.0,0.0,0.0,0.0,28.699,18.348,35.377,0,0,0,0.0,82.115,0.1882617858197336,1.6413315036535807,0,0,82.036,82.321,0.2849999999999966,0.07099999999999795,0.38800000000000523,-0.1356666666666655,0.0,0.17600000000000193,0.18382274070419038,-0.1356666666666655,0,0,2022,Australian Grand Prix,2022_Australian Grand Prix
HAM,48,0 days 00:01:22.321000,HARD,26.0,True,0 days 02:16:47.310000,4,0 days 00:00:28.615000,0 days 00:00:18.165000,0 days 00:00:35.541000,1,82.321,8207.31,15.364999999999782,True,False,26.0,0.0,0.0,0.0,0.0,28.615,18.165,35.541,0,0,0,0.0,82.19,0.22625759655762198,0.5789860848567703,0,0,82.424,81.972,-0.4520000000000124,0.4590000000000032,-0.10300000000000864,0.15300000000000105,0.0,0.23099999999999454,0.15471005138645813,0.15300000000000105,0,0,2022,Australian Grand Prix,2022_Australian Grand Prix
HAM,49,0 days 00:01:21.972000,HARD,27.0,True,0 days 02:18:09.282000,4,0 days 00:00:28.510000,0 days 00:00:18.114000,0 days 00:00:35.348000,1,81.972,8289.282,15.835000000000946,True,False,27.0,0.0,0.0,0.0,0.0,28.51,18.114,35.348,0,0,0,0.0,82.16560000000001,0.19681539573934068,-0.9836628850743905,0,0,82.321,81.917,-0.40399999999999636,0.35599999999999454,-0.34900000000000375,0.0796666666666681,0.0,-0.020000000000003126,0.1700564612121519,0.0796666666666681,0,0,2022,Australian Grand Prix,2022_Australian Grand Prix
HAM,50,0 days 00:01:21.917000,HARD,28.0,True,0 days 02:19:31.199000,4,0 days 00:00:28.353000,0 days 00:00:18.164000,0 days 00:00:35.400000,1,81.917,8371.199,16.37699999999859,True,False,28.0,0.0,0.0,0.0,0.0,28.353,18.164,35.4,0,0,0,0.0,82.167,0.19504871186458417,-1.2817310999396228,0,0,81.972,81.886,-0.08599999999999852,0.0,-0.05499999999999261,-0.02133333333333572,0.0,0.0519999999999996,0.09564674589341746,-0.02133333333333572,0,0,2022,Australian Grand Prix,2022_Australian Grand Prix
HAM,51,0 days 00:01:21.886000,HARD,29.0,True,0 days 02:20:53.085000,4,0 days 00:00:28.257000,0 days 00:00:18.195000,0 days 00:00:35.434000,1,81.886,8453.085,17.230000000001382,True,False,29.0,0.0,0.0,0.0,0.0,28.257,18.195,35.434,0,0,0,0.0,82.13399999999999,0.22472538797393246,-1.1035691260159612,0,0,81.917,81.894,-0.022999999999996135,0.0,-0.03100000000000591,-0.16900000000000168,0.0,0.08599999999999852,0.10232643842135802,-0.16900000000000168,0,0,2022,Australian Grand Prix,2022_Australian Grand Prix
HAM,52,0 days 00:01:21.894000,HARD,30.0,True,0 days 02:22:14.979000,4,0 days 00:00:28.319000,0 days 00:00:18.272000,0 days 00:00:35.303000,1,81.894,8534.979,17.91700000000128,True,False,30.0,0.0,0.0,0.0,0.0,28.319,18.272,35.303,0,0,0,0.0,82.104,0.24970282337217592,-0.8409997018215285,0,0,81.886,81.932,0.04600000000000648,0.0,0.008000000000009777,-0.14500000000000077,0.0,-0.045000000000001705,0.09963934965664868,-0.14500000000000077,0,0,2022,Australian Grand Prix,2022_Australian Grand Prix
HAM,53,0 days 00:01:21.932000,HARD,31.0,True,0 days 02:23:36.911000,4,0 days 00:00:28.449000,0 days 00:00:18.057000,0 days 00:00:35.426000,1,81.932,8616.911,18.420000000000073,True,False,31.0,0.0,0.0,0.0,0.0,28.449,18.057,35.426,0,0,0,0.0,81.998,0.18366137318455977,-0.3593569995454605,0,0,81.894,82.108,0.21399999999999864,0.008000000000009777,0.0379999999999967,-0.02599999999999625,0.0,0.12300000000000466,0.10886092044438944,-0.02599999999999625,0,0,2022,Australian Grand Prix,2022_Australian Grand Prix
HAM,54,0 days 00:01:22.108000,HARD,32.0,True,0 days 02:24:59.019000,4,0 days 00:00:28.511000,0 days 00:00:18.227000,0 days 00:00:35.370000,1,82.108,8699.019,18.620999999999185,True,False,32.0,0.0,0.0,0.0,0.0,28.511,18.227,35.37,0,0,0,0.0,81.9202,0.034237406444446374,5.485228570240397,0,0,81.932,82.105,0.17300000000000182,0.04600000000000648,0.17600000000000193,0.005000000000000189,0.0,0.06700000000000017,0.07065904046900351,0.005000000000000189,0,0,2022,Australian Grand Prix,2022_Australian Grand Prix
HAM,55,0 days 00:01:22.105000,HARD,33.0,True,0 days 02:26:21.124000,4,0 days 00:00:28.464000,0 days 00:00:18.300000,0 days 00:00:35.341000,1,82.105,8781.124,18.764000000001033,True,False,33.0,0.0,0.0,0.0,0.0,28.464,18.3,35.341,0,0,0,0.0,81.9474,0.09161768388275651,1.7201919249746969,0,0,82.108,82.407,0.2989999999999924,0.2220000000000084,-0.0030000000000001137,0.0740000000000028,0.0,0.03800000000000381,0.06270007974476727,0.0740000000000028,0,0,2022,Australian Grand Prix,2022_Australian Grand Prix
HAM,56,0 days 00:01:22.407000,HARD,34.0,True,0 days 02:27:43.531000,4,0 days 00:00:28.507000,0 days 00:00:18.477000,0 days 00:00:35.423000,1,82.407,8863.531,20.216999999998734,True,False,34.0,0.0,0.0,0.0,0.0,28.507,18.477,35.423,0,0,0,0.0,81.98500000000001,0.11227199116448469,3.7587290972841965,0,0,82.105,82.623,0.5180000000000007,0.2190000000000083,0.3019999999999925,0.07033333333333285,0.0,0.08200000000000074,0.06326689497675815,0.07033333333333285,0,0,2022,Australian Grand Prix,2022_Australian Grand Prix
HAM,57,0 days 00:01:22.623000,HARD,35.0,True,0 days 02:29:06.154000,4,0 days 00:00:28.505000,0 days 00:00:18.315000,0 days 00:00:35.803000,1,82.623,8946.154,22.564000000000306,True,False,35.0,0.0,0.0,0.0,0.0,28.505,18.315,35.803,0,0,0,0.0,82.0892,0.2027404744988749,2.6329227122478778,0,0,82.407,82.526,0.11899999999999977,0.512999999999991,0.21600000000000819,0.15833333333333144,0.0,0.4619999999999962,0.06278136666241173,0.15833333333333144,0,0,2022,Australian Grand Prix,2022_Australian Grand Prix
LAT,2,0 days 00:01:28.794000,MEDIUM,2.0,True,0 days 01:05:23.255000,17,0 days 00:00:31.139000,0 days 00:00:18.867000,0 days 00:00:38.788000,12,88.794,3923.255,0.5349999999998545,False,True,2.0,0.0,0.0,0.0,0.0,31.139,18.867,38.788,0,0,1,0.0,82.3538,0.23836463663893342,27.018269533644727,0,0,88.794,87.957,-0.8370000000000033,6.688999999999993,0.0,0.14033333333333076,0.0,3.364999999999995,0.22307554774111674,0.0,0,1,2022,Australian Grand Prix,2022_Australian Grand Prix
LAT,7,0 days 00:01:27.957000,MEDIUM,7.0,True,0 days 01:15:22.152000,17,0 days 00:00:30.966000,0 days 00:00:18.827000,0 days 00:00:38.164000,1,87.957,4522.152,0.6509999999998399,False,True,7.0,0.0,0.0,0.0,0.0,30.966,18.827,38.164,0,0,0,0.0,,,0.0,0,0,88.794,87.094,-1.7000000000000028,0.0,-0.8370000000000033,0.0,0.0,0.0,0.0,0.0,0,1,2022,Australian Grand Prix,2022_Australian Grand Prix
LAT,8,0 days 00:01:27.094000,MEDIUM,8.0,True,0 days 01:16:49.246000,17,0 days 00:00:30.484000,0 days 00:00:18.740000,0 days 00:00:37.870000,1,87.094,4609.246,0.5489999999999782,False,True,8.0,0.0,0.0,0.0,0.0,30.484,18.74,37.87,0,0,0,0.0,,,0.0,0,0,87.957,86.511,-1.445999999999998,0.0,-0.8629999999999995,-0.41850000000000165,0.0,-0.29400000000000404,0.0,0.0,0,1,2022,Australian Grand Prix,2022_Australian Grand Prix
LAT,9,0 days 00:01:26.511000,MEDIUM,9.0,True,0 days 01:18:15.757000,17,0 days 00:00:30.073000,0 days 00:00:18.785000,0 days 00:00:37.653000,1,86.511,4695.757,0.7880000000004657,False,True,9.0,0.0,0.0,0.0,0.0,30.073,18.785,37.653,0,0,0,0.0,87.94833333333332,0.8500331366089952,-1.6909144731312793,1,0,87.094,85.891,-1.2029999999999887,0.0,-0.5829999999999984,-0.5666666666666677,0.0,-0.21699999999999875,2.0329757335820138,-0.8500000000000014,0,1,2022,Australian Grand Prix,2022_Australian Grand Prix
LAT,10,0 days 00:01:25.891000,MEDIUM,10.0,True,0 days 01:19:41.648000,16,0 days 00:00:29.750000,0 days 00:00:18.626000,0 days 00:00:37.515000,1,85.891,4781.648,0.6059999999997672,False,True,10.0,0.0,0.0,0.0,0.0,29.75,18.626,37.515,0,0,0,0.0,87.589,0.9990925883020026,-1.6995421844594116,1,1,86.511,87.274,0.7630000000000052,0.0,-0.6199999999999903,-0.7610000000000005,0.0,-0.13799999999999812,1.7720441115653205,-0.7610000000000005,0,1,2022,Australian Grand Prix,2022_Australian Grand Prix
LAT,11,0 days 00:01:27.274000,MEDIUM,11.0,True,0 days 01:21:08.922000,16,0 days 00:00:29.949000,0 days 00:00:18.824000,0 days 00:00:38.501000,1,87.274,4868.922,0.5450000000000728,False,True,11.0,0.0,0.0,0.0,0.0,29.949,18.824,38.501,0,0,0,0.0,87.2494,1.1512081914232497,0.021368854203159728,0,1,85.891,87.517,1.6259999999999906,0.0,1.3829999999999956,-0.6886666666666628,0.0,0.9859999999999971,1.5811754172134074,-0.6886666666666628,0,1,2022,Australian Grand Prix,2022_Australian Grand Prix
LAT,12,0 days 00:01:27.517000,MEDIUM,12.0,True,0 days 01:22:36.439000,16,0 days 00:00:30.303000,0 days 00:00:18.830000,0 days 00:00:38.384000,1,87.517,4956.439,0.20100000000002183,False,True,12.0,0.0,0.0,0.0,0.0,30.303,18.83,38.384,0,0,0,0.0,86.94539999999999,0.7832396185076367,0.7297894367104599,0,0,87.274,85.446,-1.828000000000003,1.3829999999999956,0.242999999999995,0.060000000000002274,0.0,0.8689999999999998,0.5248931319802146,0.060000000000002274,0,1,2022,Australian Grand Prix,2022_Australian Grand Prix
LAT,15,0 days 00:01:25.446000,HARD,3.0,True,0 days 01:27:19.129000,19,0 days 00:00:29.444000,0 days 00:00:18.832000,0 days 00:00:37.170000,1,85.446,5239.129,0.0,True,False,3.0,0.0,0.0,0.0,0.0,29.444,18.832,37.17,0,0,0,0.0,86.85740000000001,0.6554634238460509,-2.1532856733917636,1,0,87.517,85.269,-2.2479999999999905,1.6259999999999906,-2.070999999999998,0.3353333333333334,0.0,-0.34499999999999886,0.6302854115398826,0.3353333333333334,0,0,2022,Australian Grand Prix,2022_Australian Grand Prix
LAT,16,0 days 00:01:25.269000,HARD,4.0,True,0 days 01:28:44.398000,19,0 days 00:00:29.399000,0 days 00:00:18.696000,0 days 00:00:37.174000,1,85.269,5324.398,0.0,True,False,4.0,0.0,0.0,0.0,0.0,29.399,18.696,37.174,0,0,0,0.0,86.5278,0.8819607134107438,-1.4272744588950297,0,1,85.446,85.538,0.09199999999999875,0.0,-0.1769999999999925,-0.1483333333333358,0.0,0.003999999999997783,0.6414261453978921,-0.1483333333333358,0,0,2022,Australian Grand Prix,2022_Australian Grand Prix
LAT,17,0 days 00:01:25.538000,HARD,5.0,True,0 days 01:30:09.936000,19,0 days 00:00:29.498000,0 days 00:00:18.758000,0 days 00:00:37.282000,1,85.538,5409.936,0.0,True,False,5.0,0.0,0.0,0.0,0.0,29.498,18.758,37.282,0,0,0,0.0,86.2794,1.047282340154737,-0.7079275297342034,0,0,85.269,85.414,0.14499999999999602,0.0,0.26899999999999125,-0.6683333333333318,0.0,0.11199999999999477,0.609665236010713,-0.6683333333333318,0,0,2022,Australian Grand Prix,2022_Australian Grand Prix
LAT,18,0 days 00:01:25.414000,HARD,6.0,True,0 days 01:31:35.350000,19,0 days 00:00:29.517000,0 days 00:00:18.734000,0 days 00:00:37.163000,1,85.414,5495.35,0.0,True,False,6.0,0.0,0.0,0.0,0.0,29.517,18.734,37.163,0,0,0,0.0,86.2088,1.0909971127367775,-0.7285078857873704,0,0,85.538,85.51,-0.027999999999991587,0.26899999999999125,-0.12399999999999523,-0.6596666666666664,0.0,-0.007000000000005002,0.5766642870856487,-0.6596666666666664,0,0,2022,Australian Grand Prix,2022_Australian Grand Prix
LAT,19,0 days 00:01:25.510000,HARD,7.0,True,0 days 01:33:00.860000,19,0 days 00:00:29.452000,0 days 00:00:18.813000,0 days 00:00:37.245000,1,85.51,5580.86,0.0,True,False,7.0,0.0,0.0,0.0,0.0,29.452,18.813,37.245,0,0,0,0.0,85.8368,0.9442238611685156,-0.3461043651190547,0,0,85.414,85.546,0.132000000000005,0.14499999999999602,0.09600000000000364,-0.010666666666665492,0.0,0.08200000000000074,0.4490704844453708,-0.010666666666665492,0,0,2022,Australian Grand Prix,2022_Australian Grand Prix
LAT,20,0 days 00:01:25.546000,HARD,8.0,True,0 days 01:34:26.406000,19,0 days 00:00:29.573000,0 days 00:00:18.794000,0 days 00:00:37.179000,1,85.546,5666.406,0.0,True,False,8.0,0.0,0.0,0.0,0.0,29.573,18.794,37.179,0,0,0,0.0,85.4354,0.10529862297285673,1.0503461192319197,0,0,85.51,85.375,-0.13500000000000512,0.24099999999999966,0.036000000000001364,0.08033333333333322,0.0,0.016000000000005343,0.18276679129425907,0.08033333333333322,0,0,2022,Australian Grand Prix,2022_Australian Grand Prix
LAT,21,0 days 00:01:25.375000,HARD,9.0,True,0 days 01:35:51.781000,19,0 days 00:00:29.528000,0 days 00:00:18.697000,0 days 00:00:37.150000,1,85.375,5751.781,0.0,True,False,9.0,0.0,0.0,0.0,0.0,29.528,18.697,37.15,0,0,0,0.0,85.45540000000001,0.1166953298122092,-0.6889735872840368,0,0,85.546,85.083,-0.46300000000000807,0.277000000000001,-0.17100000000000648,0.0026666666666699257,0.0,-0.012999999999998124,0.05248618865949199,0.0026666666666699257,0,0,2022,Australian Grand Prix,2022_Australian Grand Prix
LAT,22,0 days 00:01:25.083000,HARD,10.0,True,0 days 01:37:16.864000,19,0 days 00:00:29.506000,0 days 00:00:18.596000,0 days 00:00:36.981000,1,85.083,5836.864,0.0,True,False,10.0,0.0,0.0,0.0,0.0,29.506,18.596,36.981,0,0,0,0.0,85.4766,0.07736795202136869,-5.087377780030882,1,0,85.375,88.212,2.8370000000000033,0.0,-0.2920000000000016,-0.013000000000000492,0.0,-0.16899999999999693,0.05595087130688573,-0.013000000000000492,0,0,2022,Australian Grand Prix,2022_Australian Grand Prix
LAT,27,0 days 00:01:28.212000,HARD,4.0,True,0 days 01:47:17.842000,18,0 days 00:00:31.195000,0 days 00:00:18.876000,0 days 00:00:38.141000,1,88.212,6437.842,0.0,True,False,4.0,0.0,0.0,0.0,0.0,31.195,18.876,38.141,0,0,0,0.0,85.3856,0.18281766873029537,15.460212459932949,0,1,85.083,86.491,1.4080000000000013,0.0,3.129000000000005,-0.14233333333333556,0.0,1.1599999999999966,0.092334717197811,-0.14233333333333556,0,0,2022,Australian Grand Prix,2022_Australian Grand Prix
LAT,28,0 days 00:01:26.491000,HARD,5.0,True,0 days 01:48:44.333000,18,0 days 00:00:30.257000,0 days 00:00:18.635000,0 days 00:00:37.599000,1,86.491,6524.333,0.0,True,False,5.0,0.0,0.0,0.0,0.0,30.257,18.635,37.599,0,0,0,0.0,85.9452,1.2802010388997436,0.4263392884519781,0,0,88.212,85.914,-2.298000000000002,3.129000000000005,-1.7210000000000036,0.8886666666666656,0.0,0.617999999999995,0.5361330991460953,0.8886666666666656,0,0,2022,Australian Grand Prix,2022_Australian Grand Prix
LAT,29,0 days 00:01:25.914000,HARD,6.0,True,0 days 01:50:10.247000,18,0 days 00:00:29.890000,0 days 00:00:18.719000,0 days 00:00:37.305000,1,85.914,6610.247,0.0,True,False,6.0,0.0,0.0,0.0,0.0,29.89,18.719,37.305,0,0,0,0.0,86.1414,1.2719753535348015,-0.17877704891691615,0,0,86.491,85.188,-1.3029999999999973,1.4080000000000013,-0.5769999999999982,0.3719999999999999,0.0,0.32399999999999807,0.5560578207344951,0.3719999999999999,0,0,2022,Australian Grand Prix,2022_Australian Grand Prix
LAT,30,0 days 00:01:25.188000,HARD,7.0,True,0 days 01:51:35.435000,18,0 days 00:00:29.600000,0 days 00:00:18.549000,0 days 00:00:37.039000,1,85.188,6695.435,0.0,True,False,7.0,0.0,0.0,0.0,0.0,29.6,18.549,37.039,0,0,0,0.0,86.215,1.2391337700183884,-0.8288047867380457,0,0,85.914,85.115,-0.7990000000000066,0.8310000000000031,-0.7259999999999991,0.277000000000001,0.0,-0.26599999999999824,0.5300825407424742,0.277000000000001,0,0,2022,Australian Grand Prix,2022_Australian Grand Prix
LAT,31,0 days 00:01:25.115000,HARD,8.0,True,0 days 01:53:00.550000,18,0 days 00:00:29.565000,0 days 00:00:18.488000,0 days 00:00:37.062000,1,85.115,6780.55,0.0,True,False,8.0,0.0,0.0,0.0,0.0,29.565,18.488,37.062,0,0,0,0.0,86.17760000000001,1.2731796024127886,-0.8346033803764182,0,0,85.188,84.995,-0.19299999999999784,0.10500000000000398,-0.0730000000000075,-1.0080000000000002,0.0,0.022999999999996135,0.5865234863157626,-1.0080000000000002,0,0,2022,Australian Grand Prix,2022_Australian Grand Prix
LAT,32,0 days 00:01:24.995000,HARD,9.0,True,0 days 01:54:25.545000,18,0 days 00:00:29.482000,0 days 00:00:18.577000,0 days 00:00:36.936000,1,84.995,6865.545,0.0,True,False,9.0,0.0,0.0,0.0,0.0,29.482,18.577,36.936,0,0,0,0.0,86.184,1.2663638892514222,-0.9389086423672733,0,0,85.115,84.957,-0.15800000000000125,0.0,-0.11999999999999034,-0.4586666666666683,0.0,-0.10300000000000153,0.5505925898520594,-0.4586666666666683,0,0,2022,Australian Grand Prix,2022_Australian Grand Prix
LAT,33,0 days 00:01:24.957000,HARD,10.0,True,0 days 01:55:50.502000,18,0 days 00:00:29.365000,0 days 00:00:18.598000,0 days 00:00:36.994000,1,84.957,6950.502,0.0,True,False,10.0,0.0,0.0,0.0,0.0,29.365,18.598,36.994,0,0,0,0.0,85.54060000000001,0.6414493744638045,-0.9098145905713243,0,0,84.995,85.279,0.2839999999999918,0.0,-0.038000000000010914,-0.3063333333333323,0.0,0.05799999999999983,0.3527572819942892,-0.3063333333333323,0,0,2022,Australian Grand Prix,2022_Australian Grand Prix
LAT,34,0 days 00:01:25.279000,HARD,11.0,True,0 days 01:57:15.781000,18,0 days 00:00:29.708000,0 days 00:00:18.542000,0 days 00:00:37.029000,1,85.279,7035.781,0.0,True,False,11.0,0.0,0.0,0.0,0.0,29.708,18.542,37.029,0,0,0,0.0,85.2338,0.3913204569148085,0.1155063559834141,0,0,84.957,84.916,-0.04099999999999682,0.0,0.32200000000000273,-0.07700000000000291,0.0,0.09300000000000352,0.21793049350652927,-0.07700000000000291,0,0,2022,Australian Grand Prix,2022_Australian Grand Prix
LAT,35,0 days 00:01:24.916000,HARD,12.0,True,0 days 01:58:40.697000,18,0 days 00:00:29.443000,0 days 00:00:18.411000,0 days 00:00:37.062000,1,84.916,7120.697,0.0,True,False,12.0,0.0,0.0,0.0,0.0,29.443,18.411,37.062,0,0,0,0.0,85.10679999999999,0.13346610056495362,-1.4295764931495822,0,0,85.279,84.604,-0.6749999999999972,0.32200000000000273,-0.36299999999999955,0.05466666666666716,0.0,0.12599999999999767,0.14688601022561626,0.05466666666666716,0,0,2022,Australian Grand Prix,2022_Australian Grand Prix
LAT,36,0 days 00:01:24.604000,HARD,13.0,True,0 days 02:00:05.301000,18,0 days 00:00:29.242000,0 days 00:00:18.440000,0 days 00:00:36.922000,1,84.604,7205.301,0.0,True,False,13.0,0.0,0.0,0.0,0.0,29.242,18.44,36.922,0,0,0,0.0,85.0524,0.1468563924383722,-3.0533229950352765,1,0,84.916,84.515,-0.40099999999999625,0.0,-0.3119999999999976,-0.02633333333333591,0.0,-0.07200000000000273,0.08840984108118295,-0.02633333333333591,0,0,2022,Australian Grand Prix,2022_Australian Grand Prix
LAT,37,0 days 00:01:24.515000,HARD,14.0,True,0 days 02:01:29.816000,18,0 days 00:00:29.329000,0 days 00:00:18.493000,0 days 00:00:36.693000,1,84.515,7289.816,0.0,True,False,14.0,0.0,0.0,0.0,0.0,29.329,18.493,36.693,0,0,0,0.0,84.9502,0.24040944241025483,-1.8102450371201848,1,1,84.604,84.573,-0.03100000000000591,0.0,-0.08899999999999864,-0.11766666666666481,0.0,-0.2289999999999992,0.10198186113226271,-0.11766666666666481,0,0,2022,Australian Grand Prix,2022_Australian Grand Prix
LAT,38,0 days 00:01:24.573000,HARD,15.0,True,0 days 02:02:54.389000,18,0 days 00:00:29.178000,0 days 00:00:18.465000,0 days 00:00:36.930000,1,84.573,7374.389,0.0,True,False,15.0,0.0,0.0,0.0,0.0,29.178,18.465,36.93,0,0,0,0.0,84.85419999999999,0.3051633988538021,-0.9214735484536788,0,1,84.515,84.389,-0.12600000000000477,0.0,0.057999999999992724,-0.25466666666666526,0.0,0.23700000000000188,0.14611536537955175,-0.25466666666666526,0,0,2022,Australian Grand Prix,2022_Australian Grand Prix
LAT,41,0 days 00:01:24.389000,HARD,18.0,True,0 days 02:07:41.318000,16,0 days 00:00:29.337000,0 days 00:00:18.510000,0 days 00:00:36.542000,1,84.389,7661.318,0.3099999999994907,True,False,18.0,0.0,0.0,0.0,0.0,29.337,18.51,36.542,0,0,0,0.0,84.77739999999999,0.32074647309051185,-1.2109252402921575,0,0,84.573,85.529,0.9560000000000031,0.057999999999992724,-0.1839999999999975,-0.11433333333333451,0.0,-0.15099999999999625,0.1826978379729769,-0.11433333333333451,0,1,2022,Australian Grand Prix,2022_Australian Grand Prix
LAT,42,0 days 00:01:25.529000,HARD,19.0,True,0 days 02:09:06.847000,17,0 days 00:00:30.178000,0 days 00:00:18.585000,0 days 00:00:36.766000,1,85.529,7746.847,0.0,True,False,19.0,0.0,0.0,0.0,0.0,30.178,18.585,36.766,0,0,0,0.0,84.59939999999999,0.19515711619102866,4.763341548304459,0,0,84.389,84.005,-0.38400000000000034,0.0,1.1400000000000006,-0.07166666666666781,0.0,0.22399999999999665,0.1942207506936365,-0.07166666666666781,0,0,2022,Australian Grand Prix,2022_Australian Grand Prix
LAT,43,0 days 00:01:24.005000,HARD,20.0,True,0 days 02:10:30.852000,17,0 days 00:00:29.145000,0 days 00:00:18.361000,0 days 00:00:36.499000,1,84.005,7830.852,0.0,True,False,20.0,0.0,0.0,0.0,0.0,29.145,18.361,36.499,0,0,0,0.0,84.722,0.4585607920439766,-1.5635876691595505,1,0,85.529,84.35,-1.179000000000002,1.1400000000000006,-1.524000000000001,0.3379999999999986,0.0,-0.04299999999999926,0.21607568118601284,0.3379999999999986,0,0,2022,Australian Grand Prix,2022_Australian Grand Prix
LAT,44,0 days 00:01:24.350000,HARD,21.0,True,0 days 02:11:55.202000,17,0 days 00:00:29.396000,0 days 00:00:18.414000,0 days 00:00:36.540000,1,84.35,7915.202,0.0,True,False,21.0,0.0,0.0,0.0,0.0,29.396,18.414,36.54,0,0,0,0.0,84.6022,0.5633641806149902,-0.4476677940807147,0,1,84.005,84.382,0.37700000000000955,0.0,0.34499999999999886,-0.1893333333333326,0.0,0.04099999999999682,0.21397850359323323,-0.1893333333333326,0,0,2022,Australian Grand Prix,2022_Australian Grand Prix
LAT,45,0 days 00:01:24.382000,HARD,22.0,True,0 days 02:13:19.584000,17,0 days 00:00:29.168000,0 days 00:00:18.483000,0 days 00:00:36.731000,1,84.382,7999.584,0.0,True,False,22.0,0.0,0.0,0.0,0.0,29.168,18.483,36.731,0,0,0,0.0,84.5692,0.5744721055020858,-0.32586438611562896,0,0,84.35,83.997,-0.35299999999999443,0.34499999999999886,0.03200000000001069,-0.013000000000000492,0.0,0.23199999999999932,0.16859952550348228,-0.013000000000000492,0,0,2022,Australian Grand Prix,2022_Australian Grand Prix
LAT,46,0 days 00:01:23.997000,HARD,23.0,True,0 days 02:14:43.581000,17,0 days 00:00:29.061000,0 days 00:00:18.393000,0 days 00:00:36.543000,1,83.997,8083.581,0.0,True,False,23.0,0.0,0.0,0.0,0.0,29.061,18.393,36.543,0,0,0,0.0,84.531,0.5804752363365715,-0.9199358845523288,0,0,84.382,84.05,-0.33200000000000784,0.37700000000000955,-0.3850000000000051,-0.38233333333333047,0.0,0.04399999999999693,0.16730899557405499,-0.38233333333333047,0,0,2022,Australian Grand Prix,2022_Australian Grand Prix
LAT,47,0 days 00:01:24.050000,HARD,24.0,True,0 days 02:16:07.631000,17,0 days 00:00:29.107000,0 days 00:00:18.394000,0 days 00:00:36.549000,1,84.05,8167.631,0.0,True,False,24.0,0.0,0.0,0.0,0.0,29.107,18.394,36.549,0,0,0,0.0,84.4526,0.6289008665918632,-0.6401644859893021,0,0,83.997,83.9,-0.0969999999999942,0.0,0.05299999999999727,-0.0026666666666651886,0.0,0.009000000000000341,0.12233683010442832,-0.0026666666666651886,0,0,2022,Australian Grand Prix,2022_Australian Grand Prix
LAT,48,0 days 00:01:23.900000,HARD,25.0,True,0 days 02:17:31.531000,17,0 days 00:00:28.960000,0 days 00:00:18.396000,0 days 00:00:36.544000,1,83.9,8251.531,0.0,True,False,25.0,0.0,0.0,0.0,0.0,28.96,18.396,36.544,0,0,0,0.0,84.1568,0.1923712556490427,-1.3349187701331942,0,0,84.05,83.882,-0.16799999999999216,0.05299999999999727,-0.14999999999999147,-0.09999999999999905,0.0,0.0009999999999976694,0.10410715633423012,-0.09999999999999905,0,0,2022,Australian Grand Prix,2022_Australian Grand Prix
LAT,49,0 days 00:01:23.882000,HARD,26.0,True,0 days 02:18:55.413000,17,0 days 00:00:28.950000,0 days 00:00:18.436000,0 days 00:00:36.496000,1,83.882,8335.413,0.0,True,False,26.0,0.0,0.0,0.0,0.0,28.95,18.436,36.496,0,0,0,0.0,84.1358,0.21721233850770896,-1.1684419114662346,0,0,83.9,84.267,0.3669999999999902,0.0,-0.018000000000000682,-0.16066666666666643,0.0,-0.046999999999997044,0.09504893476520382,-0.16066666666666643,0,0,2022,Australian Grand Prix,2022_Australian Grand Prix
LAT,50,0 days 00:01:24.267000,HARD,27.0,True,0 days 02:20:19.680000,17,0 days 00:00:29.299000,0 days 00:00:18.386000,0 days 00:00:36.582000,1,84.267,8419.68,0.0,True,False,27.0,0.0,0.0,0.0,0.0,29.299,18.386,36.582,0,0,0,0.0,84.04220000000001,0.20214648154243398,1.1120648664508086,0,0,83.882,84.266,0.38400000000000034,0.0,0.3849999999999909,-0.03833333333333163,0.0,0.08599999999999852,0.1079661984141321,-0.03833333333333163,0,0,2022,Australian Grand Prix,2022_Australian Grand Prix
LAT,51,0 days 00:01:24.266000,HARD,28.0,True,0 days 02:21:43.946000,17,0 days 00:00:29.297000,0 days 00:00:18.553000,0 days 00:00:36.416000,1,84.266,8503.946,0.0,True,False,28.0,0.0,0.0,0.0,0.0,29.297,18.553,36.416,0,0,0,0.0,84.0192,0.15482151013339338,1.5940937392185743,0,0,84.267,83.998,-0.26899999999999125,0.3849999999999909,-0.000999999999990564,0.07233333333333292,0.0,-0.0800000000000054,0.04973228327756252,0.07233333333333292,0,0,2022,Australian Grand Prix,2022_Australian Grand Prix
LAT,52,0 days 00:01:23.998000,HARD,29.0,True,0 days 02:23:07.944000,17,0 days 00:00:29.005000,0 days 00:00:18.454000,0 days 00:00:36.539000,1,83.998,8587.944,0.0,True,False,29.0,0.0,0.0,0.0,0.0,29.005,18.454,36.539,0,0,0,0.0,84.07300000000001,0.18829763673500108,-0.3983055831207982,0,0,84.266,84.26,-0.006000000000000227,0.38400000000000034,-0.2680000000000007,0.12199999999999989,0.0,0.12300000000000466,0.06303729055091088,0.12199999999999989,0,0,2022,Australian Grand Prix,2022_Australian Grand Prix
LAT,53,0 days 00:01:24.260000,HARD,30.0,True,0 days 02:24:32.204000,16,0 days 00:00:29.103000,0 days 00:00:18.391000,0 days 00:00:36.766000,1,84.26,8672.204,0.0,True,False,30.0,0.0,0.0,0.0,0.0,29.103,18.391,36.766,0,0,0,0.0,84.0626,0.19129767379658827,1.0318996362177528,0,0,83.998,85.83,1.8319999999999936,0.11599999999999966,0.26200000000000045,0.03866666666666655,0.0,0.3500000000000014,0.08625137680060692,0.03866666666666655,0,0,2022,Australian Grand Prix,2022_Australian Grand Prix
LAT,54,0 days 00:01:25.830000,HARD,31.0,True,0 days 02:25:58.034000,16,0 days 00:00:29.178000,0 days 00:00:19.598000,0 days 00:00:37.054000,1,85.83,8758.034,0.0,True,False,31.0,0.0,0.0,0.0,0.0,29.178,19.598,37.054,0,0,0,0.0,84.1346,0.18233705054099256,9.298165101221908,0,0,84.26,84.202,-0.058000000000006935,0.3780000000000001,1.5699999999999932,-0.002333333333330264,0.0,0.6380000000000052,0.17052067323348336,-0.002333333333330264,0,0,2022,Australian Grand Prix,2022_Australian Grand Prix
LAT,55,0 days 00:01:24.202000,HARD,32.0,True,0 days 02:27:22.236000,16,0 days 00:00:29.170000,0 days 00:00:18.391000,0 days 00:00:36.641000,1,84.202,8842.236,17.22599999999875,True,False,32.0,0.0,0.0,0.0,0.0,29.17,18.391,36.641,0,0,0,0.0,84.5242,0.7390231390152795,-0.43598093617111167,0,0,85.83,83.924,-1.9059999999999917,1.8319999999999936,-1.6280000000000001,0.521333333333331,0.0,0.10199999999999676,0.2779078984124088,0.521333333333331,0,0,2022,Australian Grand Prix,2022_Australian Grand Prix
LAT,56,0 days 00:01:23.924000,HARD,33.0,True,0 days 02:28:46.160000,16,0 days 00:00:28.893000,0 days 00:00:18.325000,0 days 00:00:36.706000,1,83.924,8926.16,23.66899999999987,True,False,33.0,0.0,0.0,0.0,0.0,28.893,18.325,36.706,0,0,0,0.0,84.5112,0.7452242615481581,-0.787950728791523,0,0,84.202,84.492,0.29000000000000625,0.20399999999999352,-0.2779999999999916,0.06799999999999784,0.0,0.06500000000000483,0.2760159415686018,0.06799999999999784,0,0,2022,Australian Grand Prix,2022_Australian Grand Prix
LEC,2,0 days 00:01:24.746000,MEDIUM,2.0,True,0 days 01:05:08.062000,1,0 days 00:00:29.566000,0 days 00:00:18.608000,0 days 00:00:36.572000,12,84.746,3908.062,0.7319999999999709,False,True,2.0,0.0,0.0,0.0,0.0,29.566,18.608,36.572,0,0,1,0.0,84.54159999999999,0.7480794075497584,0.2732330257151359,0,0,84.746,83.957,-0.7890000000000015,0.8219999999999885,0.0,-0.44599999999999795,0.0,-0.06700000000000017,0.26376845906969293,0.0,0,1,2022,Australian Grand Prix,2022_Australian Grand Prix
LEC,7,0 days 00:01:23.957000,MEDIUM,7.0,True,0 days 01:15:10.355000,1,0 days 00:00:29.295000,0 days 00:00:18.446000,0 days 00:00:36.216000,1,83.957,4510.355,0.6460000000006403,False,True,7.0,0.0,0.0,0.0,0.0,29.295,18.446,36.216,0,0,0,0.0,,,0.0,0,0,84.746,83.589,-1.1569999999999965,0.0,-0.7890000000000015,0.0,0.0,0.0,0.0,0.0,0,1,2022,Australian Grand Prix,2022_Australian Grand Prix
LEC,8,0 days 00:01:23.589000,MEDIUM,8.0,True,0 days 01:16:33.944000,1,0 days 00:00:29.198000,0 days 00:00:18.450000,0 days 00:00:35.941000,1,83.589,4593.944,1.0229999999992287,False,True,8.0,0.0,0.0,0.0,0.0,29.198,18.45,35.941,0,0,0,0.0,,,0.0,0,0,83.957,83.39,-0.5669999999999931,0.0,-0.367999999999995,-0.39450000000000074,0.0,-0.2749999999999986,0.0,0.0,0,0,2022,Australian Grand Prix,2022_Australian Grand Prix
LEC,9,0 days 00:01:23.390000,MEDIUM,9.0,True,0 days 01:17:57.334000,1,0 days 00:00:28.887000,0 days 00:00:18.477000,0 days 00:00:36.026000,1,83.39,4677.334,1.4130000000004657,False,True,9.0,0.0,0.0,0.0,0.0,28.887,18.477,36.026,0,0,0,0.0,84.09733333333332,0.5911280177197874,-1.1965823174171069,0,0,83.589,83.36,-0.2289999999999992,0.0,-0.19899999999999807,-0.3856666666666655,0.0,0.08500000000000085,0.14339804740651024,-0.5784999999999982,0,0,2022,Australian Grand Prix,2022_Australian Grand Prix
LEC,10,0 days 00:01:23.360000,MEDIUM,10.0,True,0 days 01:19:20.694000,1,0 days 00:00:28.936000,0 days 00:00:18.476000,0 days 00:00:35.948000,1,83.36,4760.694,1.806999999999789,False,True,10.0,0.0,0.0,0.0,0.0,28.936,18.476,35.948,0,0,0,0.0,83.9205,0.5983602593755626,-0.9367266478975924,0,0,83.39,83.356,-0.034000000000006025,0.0,-0.030000000000001137,-0.4519999999999982,0.0,0.006999999999997897,0.15365193349472225,-0.4519999999999982,0,0,2022,Australian Grand Prix,2022_Australian Grand Prix
LEC,11,0 days 00:01:23.356000,MEDIUM,11.0,True,0 days 01:20:44.050000,1,0 days 00:00:28.983000,0 days 00:00:18.444000,0 days 00:00:35.929000,1,83.356,4844.05,3.0850000000000364,False,True,11.0,0.0,0.0,0.0,0.0,28.983,18.444,35.929,0,0,0,0.0,83.80839999999999,0.5756372989999786,-0.7859115467081886,0,0,83.36,83.325,-0.03499999999999659,0.0,-0.0040000000000048885,-0.19899999999999807,0.0,-0.012000000000000455,0.13682835963351983,-0.19899999999999807,0,0,2022,Australian Grand Prix,2022_Australian Grand Prix
LEC,12,0 days 00:01:23.325000,MEDIUM,12.0,True,0 days 01:22:07.375000,1,0 days 00:00:29.002000,0 days 00:00:18.408000,0 days 00:00:35.915000,1,83.325,4927.375,4.314000000000306,False,True,12.0,0.0,0.0,0.0,0.0,29.002,18.408,35.915,0,0,0,0.0,83.5304,0.2571892299455523,-0.7986337532231855,0,0,83.356,83.585,0.2289999999999992,0.0,-0.0309999999999917,-0.07766666666666804,0.0,-0.014000000000002899,0.13732989477895857,-0.07766666666666804,0,0,2022,Australian Grand Prix,2022_Australian Grand Prix
LEC,13,0 days 00:01:23.585000,MEDIUM,13.0,True,0 days 01:23:30.960000,1,0 days 00:00:29.028000,0 days 00:00:18.407000,0 days 00:00:36.150000,1,83.585,5010.96,5.386999999999716,False,True,13.0,0.0,0.0,0.0,0.0,29.028,18.407,36.15,0,0,0,0.0,83.404,0.10595046012162138,1.7083455776617302,0,0,83.325,83.905,0.5799999999999983,0.0,0.2599999999999909,-0.021666666666665908,0.0,0.23499999999999943,0.13647600521703362,-0.021666666666665908,0,0,2022,Australian Grand Prix,2022_Australian Grand Prix
LEC,14,0 days 00:01:23.905000,MEDIUM,14.0,True,0 days 01:24:54.865000,1,0 days 00:00:29.224000,0 days 00:00:18.483000,0 days 00:00:36.198000,1,83.905,5094.865,6.007000000000517,False,True,14.0,0.0,0.0,0.0,0.0,29.224,18.483,36.198,0,0,0,0.0,83.4032,0.10420508624814168,4.815503907410774,0,0,83.585,83.575,-0.009999999999990905,0.2599999999999909,0.3200000000000074,0.07499999999999811,0.0,0.28300000000000125,0.10573410045959696,0.07499999999999811,0,0,2022,Australian Grand Prix,2022_Australian Grand Prix
LEC,15,0 days 00:01:23.575000,MEDIUM,15.0,True,0 days 01:26:18.440000,1,0 days 00:00:28.977000,0 days 00:00:18.419000,0 days 00:00:36.179000,1,83.575,5178.44,6.988000000000284,False,True,15.0,0.0,0.0,0.0,0.0,28.977,18.419,36.179,0,0,0,0.0,83.50619999999999,0.24597703144803526,0.279700911889998,0,0,83.905,83.715,-0.18999999999999773,0.5799999999999983,-0.3299999999999983,0.1830000000000022,0.0,0.2640000000000029,0.14654589724724593,0.1830000000000022,0,0,2022,Australian Grand Prix,2022_Australian Grand Prix
LEC,16,0 days 00:01:23.715000,MEDIUM,16.0,True,0 days 01:27:42.155000,1,0 days 00:00:28.944000,0 days 00:00:18.465000,0 days 00:00:36.306000,1,83.715,5262.155,7.845000000000255,False,True,16.0,0.0,0.0,0.0,0.0,28.944,18.465,36.306,0,0,0,0.0,83.5492,0.2324504248221333,0.7132703677649608,0,0,83.575,84.044,0.4689999999999941,0.25,0.14000000000000057,0.08333333333333333,0.0,0.1559999999999988,0.15086649727491022,0.08333333333333333,0,0,2022,Australian Grand Prix,2022_Australian Grand Prix
LEC,17,0 days 00:01:24.044000,MEDIUM,17.0,True,0 days 01:29:06.199000,1,0 days 00:00:29.208000,0 days 00:00:18.422000,0 days 00:00:36.414000,1,84.044,5346.199,8.309000000000196,False,True,17.0,0.0,0.0,0.0,0.0,29.208,18.422,36.414,0,0,0,0.0,83.62100000000001,0.21243822631530904,1.9911670669484627,0,0,83.715,83.883,0.16799999999999216,0.39000000000000057,0.3289999999999935,0.043333333333336554,0.0,0.23499999999999943,0.12122994679533793,0.043333333333336554,0,0,2022,Australian Grand Prix,2022_Australian Grand Prix
LEC,18,0 days 00:01:23.883000,MEDIUM,18.0,True,0 days 01:30:30.082000,1,0 days 00:00:29.112000,0 days 00:00:18.482000,0 days 00:00:36.289000,1,83.883,5430.082,14.947000000000116,False,True,18.0,0.0,0.0,0.0,0.0,29.112,18.482,36.289,0,0,0,0.0,83.7648,0.2052076996606146,0.5760017786637062,0,0,84.044,84.061,0.017000000000010118,0.4689999999999941,-0.16100000000000136,0.04633333333333193,0.0,0.10999999999999943,0.048438620954772395,0.04633333333333193,0,0,2022,Australian Grand Prix,2022_Australian Grand Prix
LEC,19,0 days 00:01:24.061000,MEDIUM,19.0,True,0 days 01:31:54.143000,1,0 days 00:00:29.232000,0 days 00:00:18.486000,0 days 00:00:36.343000,1,84.061,5514.143,16.340000000000146,False,True,19.0,0.0,0.0,0.0,0.0,29.232,18.486,36.343,0,0,0,0.0,83.8244,0.18188127996031614,1.300848553801868,0,0,83.883,84.098,0.2150000000000034,0.3079999999999927,0.17800000000001148,0.10266666666666424,0.0,0.054000000000002046,0.07379905148442067,0.10266666666666424,0,0,2022,Australian Grand Prix,2022_Australian Grand Prix
LEC,20,0 days 00:01:24.098000,MEDIUM,20.0,True,0 days 01:33:18.241000,1,0 days 00:00:29.154000,0 days 00:00:18.464000,0 days 00:00:36.480000,1,84.098,5598.241,17.993000000000393,False,True,20.0,0.0,0.0,0.0,0.0,29.154,18.464,36.48,0,0,0,0.0,83.85560000000001,0.2103207074921654,1.1525256019263765,0,0,84.061,84.03,-0.03100000000000591,0.4860000000000042,0.03699999999999193,0.11533333333333455,0.0,0.1909999999999954,0.08677672499005726,0.11533333333333455,0,0,2022,Australian Grand Prix,2022_Australian Grand Prix
LEC,21,0 days 00:01:24.030000,MEDIUM,21.0,True,0 days 01:34:42.271000,1,0 days 00:00:29.133000,0 days 00:00:18.513000,0 days 00:00:36.384000,1,84.03,5682.271,18.1220000000003,False,True,21.0,0.0,0.0,0.0,0.0,29.133,18.513,36.384,0,0,0,0.0,83.9602,0.1598865222587875,0.436559623750053,0,0,84.098,85.197,1.0990000000000038,0.38299999999999557,-0.06799999999999784,0.018000000000000682,0.0,0.09499999999999886,0.07027588491082688,0.018000000000000682,0,0,2022,Australian Grand Prix,2022_Australian Grand Prix
LEC,27,0 days 00:01:25.197000,HARD,5.0,True,0 days 01:47:06.421000,1,0 days 00:00:30.675000,0 days 00:00:18.604000,0 days 00:00:35.918000,1,85.197,6426.421,1.2229999999999563,True,False,5.0,0.0,0.0,0.0,0.0,30.675,18.604,35.918,0,0,0,0.0,84.0232,0.08239963592160422,14.245208572484035,0,0,84.03,83.532,-0.49800000000000466,0.14700000000000557,1.1670000000000016,0.049000000000001855,0.0,-0.42500000000000426,0.07399662154449885,0.049000000000001855,0,0,2022,Australian Grand Prix,2022_Australian Grand Prix
LEC,28,0 days 00:01:23.532000,HARD,6.0,True,0 days 01:48:29.953000,1,0 days 00:00:28.955000,0 days 00:00:18.571000,0 days 00:00:36.006000,1,83.532,6509.953,1.8779999999997017,True,False,6.0,0.0,0.0,0.0,0.0,28.955,18.571,36.006,0,0,0,0.0,84.2538,0.5335379086813095,-1.3528560731214025,0,0,85.197,82.857,-2.3400000000000034,1.3140000000000072,-1.6650000000000063,0.3786666666666652,0.0,0.08800000000000097,0.24546995742860359,0.3786666666666652,0,0,2022,Australian Grand Prix,2022_Australian Grand Prix
LEC,29,0 days 00:01:22.857000,HARD,7.0,True,0 days 01:49:52.810000,1,0 days 00:00:28.640000,0 days 00:00:18.340000,0 days 00:00:35.877000,1,82.857,6592.81,2.469000000000051,True,False,7.0,0.0,0.0,0.0,0.0,28.64,18.34,35.877,0,0,0,0.0,84.1836,0.6118646092069902,-2.168126706526375,1,0,83.532,82.642,-0.8900000000000006,0.0,-0.6749999999999972,-0.1886666666666675,0.0,-0.04099999999999682,0.24330495268284308,-0.1886666666666675,0,0,2022,Australian Grand Prix,2022_Australian Grand Prix
LEC,30,0 days 00:01:22.642000,HARD,8.0,True,0 days 01:51:15.452000,1,0 days 00:00:28.702000,0 days 00:00:18.347000,0 days 00:00:35.593000,1,82.642,6675.452,2.9520000000002256,True,False,8.0,0.0,0.0,0.0,0.0,28.702,18.347,35.593,0,0,0,0.0,83.9428,0.8591313636458695,-1.5140874318449327,1,1,82.857,82.45,-0.4069999999999965,0.0,-0.2150000000000034,-0.3910000000000006,0.0,-0.2839999999999989,0.2417970223141723,-0.3910000000000006,0,0,2022,Australian Grand Prix,2022_Australian Grand Prix
LEC,31,0 days 00:01:22.450000,HARD,9.0,True,0 days 01:52:37.902000,1,0 days 00:00:28.629000,0 days 00:00:18.266000,0 days 00:00:35.555000,1,82.45,6757.902,3.4830000000001746,True,False,9.0,0.0,0.0,0.0,0.0,28.629,18.266,35.555,0,0,0,0.0,83.6516,1.024259879132242,-1.17313977095149,0,1,82.642,82.394,-0.24799999999999045,0.0,-0.19199999999999307,-0.8516666666666689,0.0,-0.03800000000000381,0.23207391064055577,-0.8516666666666689,0,0,2022,Australian Grand Prix,2022_Australian Grand Prix
LEC,32,0 days 00:01:22.394000,HARD,10.0,True,0 days 01:54:00.296000,1,0 days 00:00:28.624000,0 days 00:00:18.229000,0 days 00:00:35.541000,1,82.394,6840.296,3.7460000000000946,True,False,10.0,0.0,0.0,0.0,0.0,28.624,18.229,35.541,0,0,0,0.0,83.3356,1.1177890230271406,-0.8423772112647875,0,0,82.45,82.023,-0.4270000000000067,0.0,-0.055999999999997385,-0.3606666666666645,0.0,-0.014000000000002899,0.2086564161486548,-0.3606666666666645,0,0,2022,Australian Grand Prix,2022_Australian Grand Prix
LEC,33,0 days 00:01:22.023000,HARD,11.0,True,0 days 01:55:22.319000,1,0 days 00:00:28.495000,0 days 00:00:18.175000,0 days 00:00:35.353000,1,82.023,6922.319,4.474999999999454,True,False,11.0,0.0,0.0,0.0,0.0,28.495,18.175,35.353,0,0,0,0.0,82.775,0.46050190010458075,-1.6330008623834757,1,0,82.394,82.445,0.05099999999998772,0.0,-0.3710000000000093,-0.1543333333333313,0.0,-0.18799999999999528,0.13694597474916842,-0.1543333333333313,0,0,2022,Australian Grand Prix,2022_Australian Grand Prix
LEC,34,0 days 00:01:22.445000,HARD,12.0,True,0 days 01:56:44.764000,1,0 days 00:00:28.533000,0 days 00:00:18.315000,0 days 00:00:35.597000,1,82.445,7004.764,4.489999999999782,True,False,12.0,0.0,0.0,0.0,0.0,28.533,18.315,35.597,0,0,0,0.0,82.47319999999999,0.3103573746504437,-0.0908629931277127,0,1,82.023,82.124,0.10099999999999909,0.0,0.42199999999999704,-0.20633333333333326,0.0,0.24399999999999977,0.11776671855834127,-0.20633333333333326,0,0,2022,Australian Grand Prix,2022_Australian Grand Prix
LEC,35,0 days 00:01:22.124000,HARD,13.0,True,0 days 01:58:06.888000,1,0 days 00:00:28.484000,0 days 00:00:18.232000,0 days 00:00:35.408000,1,82.124,7086.888,5.212000000000444,True,False,13.0,0.0,0.0,0.0,0.0,28.484,18.232,35.408,0,0,0,0.0,82.3908,0.2262911840967547,-1.1790119047939955,0,0,82.445,81.986,-0.458999999999989,0.42199999999999704,-0.32099999999999795,-0.0016666666666698877,0.0,0.054999999999999716,0.20093282459568282,-0.0016666666666698877,0,0,2022,Australian Grand Prix,2022_Australian Grand Prix
LEC,36,0 days 00:01:21.986000,HARD,14.0,True,0 days 01:59:28.874000,1,0 days 00:00:28.447000,0 days 00:00:18.205000,0 days 00:00:35.334000,1,81.986,7168.874,5.561000000000604,True,False,14.0,0.0,0.0,0.0,0.0,28.447,18.205,35.334,0,0,0,0.0,82.2872,0.19952869467800288,-1.509557311974939,1,0,82.124,81.995,-0.12899999999999068,0.10099999999999909,-0.13799999999999102,-0.09000000000000341,0.0,-0.01899999999999835,0.1572011450339966,-0.09000000000000341,0,0,2022,Australian Grand Prix,2022_Australian Grand Prix
LEC,37,0 days 00:01:21.995000,HARD,15.0,True,0 days 02:00:50.869000,1,0 days 00:00:28.410000,0 days 00:00:18.255000,0 days 00:00:35.330000,1,81.995,7250.869,5.243000000000393,True,False,15.0,0.0,0.0,0.0,0.0,28.41,18.255,35.33,0,0,0,0.0,82.1944,0.21237066652413128,-0.9389243969686354,0,1,81.986,81.291,-0.6950000000000074,0.0,0.009000000000000341,-0.012333333333330643,0.0,-0.0040000000000048885,0.15592081323543533,-0.012333333333330643,0,0,2022,Australian Grand Prix,2022_Australian Grand Prix
LEC,38,0 days 00:01:21.291000,HARD,16.0,True,0 days 02:02:12.160000,1,0 days 00:00:28.214000,0 days 00:00:18.153000,0 days 00:00:34.924000,1,81.291,7332.16,7.257999999999811,True,False,16.0,0.0,0.0,0.0,0.0,28.214,18.153,34.924,0,0,0,0.0,82.1146,0.19266888695349788,-4.274691222972504,1,0,81.995,81.961,-0.034000000000006025,0.009000000000000341,-0.7040000000000077,-0.14999999999999622,0.0,-0.4059999999999988,0.15550980676471665,-0.14999999999999622,0,0,2022,Australian Grand Prix,2022_Australian Grand Prix
LEC,41,0 days 00:01:21.961000,HARD,19.0,True,0 days 02:06:54.344000,1,0 days 00:00:28.619000,0 days 00:00:18.264000,0 days 00:00:35.078000,1,81.961,7614.344,12.009000000000015,True,False,19.0,0.0,0.0,0.0,0.0,28.619,18.264,35.078,0,0,0,0.0,81.9682,0.4216772462439652,-0.017074670412336655,0,1,81.291,81.545,0.2540000000000049,0.0,0.6700000000000017,-0.2776666666666661,0.0,0.15400000000000347,0.2368512191228909,-0.2776666666666661,0,0,2022,Australian Grand Prix,2022_Australian Grand Prix
LEC,42,0 days 00:01:21.545000,HARD,20.0,True,0 days 02:08:15.889000,1,0 days 00:00:28.343000,0 days 00:00:18.141000,0 days 00:00:35.061000,1,81.545,7695.889,12.653000000000247,True,False,20.0,0.0,0.0,0.0,0.0,28.343,18.141,35.061,0,0,0,0.0,81.8714,0.33057117236669453,-0.9873819234241179,0,0,81.961,81.559,-0.402000000000001,0.6700000000000017,-0.4159999999999968,-0.008333333333335228,0.0,0.13700000000000045,0.21346779616607287,-0.008333333333335228,0,0,2022,Australian Grand Prix,2022_Australian Grand Prix
LEC,43,0 days 00:01:21.559000,HARD,21.0,True,0 days 02:09:37.448000,1,0 days 00:00:28.342000,0 days 00:00:18.094000,0 days 00:00:35.123000,1,81.559,7777.448,13.128999999999905,True,False,21.0,0.0,0.0,0.0,0.0,28.342,18.094,35.123,0,0,0,0.0,81.7556,0.32124414391531686,-0.6119955919004375,0,0,81.545,81.953,0.40800000000000125,0.2540000000000049,0.013999999999995794,-0.15000000000000094,0.0,0.19899999999999807,0.22577045865214534,-0.15000000000000094,0,0,2022,Australian Grand Prix,2022_Australian Grand Prix
LEC,44,0 days 00:01:21.953000,HARD,22.0,True,0 days 02:10:59.401000,1,0 days 00:00:28.450000,0 days 00:00:18.195000,0 days 00:00:35.308000,1,81.953,7859.401,13.105999999999767,True,False,22.0,0.0,0.0,0.0,0.0,28.45,18.195,35.308,0,0,0,0.0,81.6702,0.3007876327242831,0.9401982303548941,0,0,81.559,81.427,-0.1319999999999908,0.2680000000000007,0.39400000000000546,0.08933333333333356,0.0,0.2469999999999999,0.2478194907588987,0.08933333333333356,0,0,2022,Australian Grand Prix,2022_Australian Grand Prix
LEC,45,0 days 00:01:21.427000,HARD,23.0,True,0 days 02:12:20.828000,1,0 days 00:00:28.284000,0 days 00:00:18.092000,0 days 00:00:35.051000,1,81.427,7940.828,13.4399999999996,True,False,23.0,0.0,0.0,0.0,0.0,28.284,18.092,35.051,0,0,0,0.0,81.6618,0.28983650563701713,-0.8101118921646452,0,0,81.953,81.626,-0.3269999999999982,0.6620000000000061,-0.5259999999999962,-0.0026666666666651886,0.0,-0.00999999999999801,0.26740362749970265,-0.0026666666666651886,0,0,2022,Australian Grand Prix,2022_Australian Grand Prix
LEC,46,0 days 00:01:21.626000,HARD,24.0,True,0 days 02:13:42.454000,1,0 days 00:00:28.328000,0 days 00:00:18.137000,0 days 00:00:35.161000,1,81.626,8022.454,13.784999999999854,True,False,24.0,0.0,0.0,0.0,0.0,28.328,18.137,35.161,0,0,0,0.0,81.68900000000001,0.24997999919969116,-0.252020162419779,0,0,81.427,81.728,0.3009999999999877,0.0,0.19899999999999807,-0.039333333333331666,0.0,0.10999999999999943,0.09681063991111613,-0.039333333333331666,0,0,2022,Australian Grand Prix,2022_Australian Grand Prix
LEC,47,0 days 00:01:21.728000,HARD,25.0,True,0 days 02:15:04.182000,1,0 days 00:00:28.268000,0 days 00:00:18.152000,0 days 00:00:35.308000,1,81.728,8104.182,14.217999999999847,True,False,25.0,0.0,0.0,0.0,0.0,28.268,18.152,35.308,0,0,0,0.0,81.622,0.1984313483295287,0.5341897885205299,0,0,81.626,81.489,-0.13700000000000045,0.19899999999999807,0.10199999999998965,0.02233333333333576,0.0,0.2569999999999979,0.09782791012793735,0.02233333333333576,0,0,2022,Australian Grand Prix,2022_Australian Grand Prix
LEC,48,0 days 00:01:21.489000,HARD,26.0,True,0 days 02:16:25.671000,1,0 days 00:00:28.294000,0 days 00:00:18.199000,0 days 00:00:34.996000,1,81.489,8185.671,14.615999999999985,True,False,26.0,0.0,0.0,0.0,0.0,28.294,18.199,34.996,0,0,0,0.0,81.6586,0.19755328395112964,-0.8585025599572315,0,0,81.728,80.966,-0.7620000000000005,0.3009999999999877,-0.2389999999999901,-0.07500000000000284,0.0,-0.054999999999999716,0.11168840584411478,-0.07500000000000284,0,0,2022,Australian Grand Prix,2022_Australian Grand Prix
LEC,49,0 days 00:01:20.966000,HARD,27.0,True,0 days 02:17:46.637000,1,0 days 00:00:28.124000,0 days 00:00:18.040000,0 days 00:00:34.802000,1,80.966,8266.637,15.573999999998705,True,False,27.0,0.0,0.0,0.0,0.0,28.124,18.04,34.802,0,0,0,0.0,81.64460000000001,0.20855047350671527,-3.2538885603545102,1,0,81.489,81.017,-0.4720000000000084,0.06199999999999761,-0.5230000000000103,0.020666666666665872,0.0,-0.19400000000000261,0.14318065511793027,0.020666666666665872,0,0,2022,Australian Grand Prix,2022_Australian Grand Prix
LEC,50,0 days 00:01:21.017000,HARD,28.0,True,0 days 02:19:07.654000,1,0 days 00:00:28.140000,0 days 00:00:18.057000,0 days 00:00:34.820000,1,81.017,8347.654,18.53099999999904,True,False,28.0,0.0,0.0,0.0,0.0,28.14,18.057,34.82,0,0,0,0.0,81.4472,0.2934820267067037,-1.4658478572860851,0,1,80.966,81.504,0.5380000000000109,0.0,0.05100000000000193,-0.2200000000000036,0.0,0.018000000000000682,0.17071701731227604,-0.2200000000000036,0,0,2022,Australian Grand Prix,2022_Australian Grand Prix
LEC,51,0 days 00:01:21.504000,HARD,29.0,True,0 days 02:20:29.158000,1,0 days 00:00:28.337000,0 days 00:00:18.059000,0 days 00:00:35.108000,1,81.504,8429.158,19.452000000001135,True,False,29.0,0.0,0.0,0.0,0.0,28.337,18.059,35.108,0,0,0,0.0,81.36519999999999,0.35198394849747516,0.39433616388621545,0,0,81.017,81.27,0.2530000000000001,0.05100000000000193,0.487000000000009,-0.23699999999999952,0.0,0.3059999999999974,0.169878485983364,-0.23699999999999952,0,0,2022,Australian Grand Prix,2022_Australian Grand Prix
LEC,52,0 days 00:01:21.270000,HARD,30.0,True,0 days 02:21:50.428000,1,0 days 00:00:28.208000,0 days 00:00:18.017000,0 days 00:00:35.045000,1,81.27,8510.428,20.09100000000035,True,False,30.0,0.0,0.0,0.0,0.0,28.208,18.017,35.045,0,0,0,0.0,81.3408,0.3331076402604302,-0.212543909063907,0,0,81.504,81.559,0.05499999999999261,0.5380000000000109,-0.23400000000000887,0.005000000000000189,0.0,0.2430000000000021,0.2113203728938594,0.005000000000000189,0,0,2022,Australian Grand Prix,2022_Australian Grand Prix
LEC,53,0 days 00:01:21.559000,HARD,31.0,True,0 days 02:23:11.987000,1,0 days 00:00:28.335000,0 days 00:00:17.946000,0 days 00:00:35.278000,1,81.559,8591.987,20.285000000001673,True,False,31.0,0.0,0.0,0.0,0.0,28.335,17.946,35.278,0,0,0,0.0,81.2492,0.2534653822514439,1.2222576402668923,0,0,81.27,82.074,0.804000000000002,0.30400000000000205,0.2890000000000015,0.10133333333333401,0.0,0.4579999999999984,0.20823376287240303,0.10133333333333401,0,0,2022,Australian Grand Prix,2022_Australian Grand Prix
LEC,54,0 days 00:01:22.074000,HARD,32.0,True,0 days 02:24:34.061000,1,0 days 00:00:28.538000,0 days 00:00:18.131000,0 days 00:00:35.405000,1,82.074,8674.061,20.170000000000073,True,False,32.0,0.0,0.0,0.0,0.0,28.538,18.131,35.405,0,0,0,0.0,81.2632,0.2713258188965259,2.9882891473340063,0,0,81.559,82.127,0.5679999999999978,0.5930000000000035,0.5150000000000006,0.1806666666666672,0.0,0.35999999999999943,0.2560745985059824,0.1806666666666672,0,0,2022,Australian Grand Prix,2022_Australian Grand Prix
LEC,55,0 days 00:01:22.127000,HARD,33.0,True,0 days 02:25:56.188000,1,0 days 00:00:28.567000,0 days 00:00:18.203000,0 days 00:00:35.357000,1,82.127,8756.188,19.953999999999724,True,False,33.0,0.0,0.0,0.0,0.0,28.567,18.203,35.357,0,0,0,0.0,81.48479999999999,0.3930670426274368,1.6338179759545575,0,0,82.074,81.629,-0.4449999999999932,1.0570000000000022,0.05299999999999727,0.18999999999999773,0.0,0.3119999999999976,0.16486964547787342,0.18999999999999773,0,0,2022,Australian Grand Prix,2022_Australian Grand Prix
LEC,56,0 days 00:01:21.629000,HARD,34.0,True,0 days 02:27:17.817000,1,0 days 00:00:28.427000,0 days 00:00:18.011000,0 days 00:00:35.191000,1,81.629,8837.817,20.116000000001804,True,False,34.0,0.0,0.0,0.0,0.0,28.427,18.011,35.191,0,0,0,0.0,81.7068,0.37588921240158785,-0.2069758786183981,0,0,82.127,82.1,-0.027000000000001023,0.8569999999999993,-0.49799999999999045,0.28566666666666646,0.0,-0.08699999999999619,0.07997624647356152,0.28566666666666646,0,0,2022,Australian Grand Prix,2022_Australian Grand Prix
LEC,57,0 days 00:01:22.100000,HARD,35.0,True,0 days 02:28:39.917000,1,0 days 00:00:28.554000,0 days 00:00:18.049000,0 days 00:00:35.497000,1,82.1,8919.917,19.70600000000013,True,False,35.0,0.0,0.0,0.0,0.0,28.554,18.049,35.497,0,0,0,0.0,81.73179999999999,0.36296377229675,1.0144263094636636,0,0,81.629,80.26,-1.3689999999999998,0.35900000000000887,0.4709999999999894,0.023333333333335798,0.0,0.3059999999999974,0.20770580155594853,0.023333333333335798,0,0,2022,Australian Grand Prix,2022_Australian Grand Prix
MAG,2,0 days 00:01:28.121000,HARD,2.0,True,0 days 01:05:21.451000,15,0 days 00:00:30.939000,0 days 00:00:18.948000,0 days 00:00:38.234000,12,88.121,3921.451,0.6460000000001855,True,False,2.0,0.0,0.0,0.0,0.0,30.939,18.948,38.234,0,0,1,0.0,81.638,0.7971238925034649,8.13298918896953,0,0,88.121,87.251,-0.8699999999999903,7.86099999999999,0.0,-0.6223333333333301,0.0,3.896000000000001,0.5136801534028735,0.0,0,1,2022,Australian Grand Prix,2022_Australian Grand Prix
MAG,7,0 days 00:01:27.251000,HARD,7.0,True,0 days 01:15:20.496000,15,0 days 00:00:30.494000,0 days 00:00:18.737000,0 days 00:00:38.020000,1,87.251,4520.496,0.4459999999999127,True,False,7.0,0.0,0.0,0.0,0.0,30.494,18.737,38.02,0,0,0,0.0,,,0.0,0,0,88.121,86.461,-1.6599999999999966,0.0,-0.8699999999999903,0.0,0.0,0.0,0.0,0.0,0,1,2022,Australian Grand Prix,2022_Australian Grand Prix
MAG,8,0 days 00:01:26.461000,HARD,8.0,True,0 days 01:16:46.957000,15,0 days 00:00:30.203000,0 days 00:00:18.732000,0 days 00:00:37.526000,1,86.461,4606.957,0.7479999999995925,True,False,8.0,0.0,0.0,0.0,0.0,30.203,18.732,37.526,0,0,0,0.0,,,0.0,0,0,87.251,85.466,-1.7850000000000108,0.0,-0.7900000000000063,-0.43499999999999517,0.0,-0.4939999999999998,0.0,0.0,0,1,2022,Australian Grand Prix,2022_Australian Grand Prix
MAG,9,0 days 00:01:25.466000,HARD,9.0,True,0 days 01:18:12.423000,15,0 days 00:00:29.846000,0 days 00:00:18.725000,0 days 00:00:36.895000,1,85.466,4692.423,1.46100000000024,True,False,9.0,0.0,0.0,0.0,0.0,29.846,18.725,36.895,0,0,0,0.0,87.27766666666666,0.8303212229814086,-2.1818864994942224,1,0,86.461,85.36,-1.100999999999999,0.0,-0.9950000000000045,-0.5533333333333322,0.0,-0.6310000000000002,2.4046812678606706,-0.8299999999999983,0,0,2022,Australian Grand Prix,2022_Australian Grand Prix
MAG,10,0 days 00:01:25.360000,HARD,10.0,True,0 days 01:19:37.783000,15,0 days 00:00:29.660000,0 days 00:00:18.693000,0 days 00:00:37.007000,1,85.36,4777.783,3.8649999999997817,True,False,10.0,0.0,0.0,0.0,0.0,29.66,18.693,37.007,0,0,0,0.0,86.82475,1.131439901187872,-1.2945893091291802,0,1,85.466,85.99,0.5240000000000009,0.0,-0.10599999999999454,-0.8850000000000003,0.0,0.11199999999999477,2.1526265158328486,-0.8850000000000003,0,0,2022,Australian Grand Prix,2022_Australian Grand Prix
MAG,11,0 days 00:01:25.990000,HARD,11.0,True,0 days 01:21:03.773000,14,0 days 00:00:29.492000,0 days 00:00:18.640000,0 days 00:00:37.858000,1,85.99,4863.773,0.45499999999992724,True,False,11.0,0.0,0.0,0.0,0.0,29.492,18.64,37.858,0,0,0,0.0,86.5318,1.178649948033775,-0.45967846594643336,0,0,85.36,85.84,0.480000000000004,0.0,0.6299999999999955,-0.6303333333333351,0.0,0.9629999999999939,1.882233991829922,-0.6303333333333351,0,1,2022,Australian Grand Prix,2022_Australian Grand Prix
MAG,12,0 days 00:01:25.840000,HARD,12.0,True,0 days 01:22:29.613000,13,0 days 00:00:29.918000,0 days 00:00:18.688000,0 days 00:00:37.234000,1,85.84,4949.613,1.5789999999997235,True,False,12.0,0.0,0.0,0.0,0.0,29.918,18.688,37.234,0,0,0,0.0,86.10560000000001,0.7772742759155408,-0.34170692152028276,0,0,85.99,85.743,-0.2469999999999999,0.6299999999999955,-0.14999999999999147,-0.15700000000000122,0.0,0.33899999999999864,0.628810384774295,-0.15700000000000122,0,0,2022,Australian Grand Prix,2022_Australian Grand Prix
MAG,13,0 days 00:01:25.743000,HARD,13.0,True,0 days 01:23:55.356000,13,0 days 00:00:29.795000,0 days 00:00:18.780000,0 days 00:00:37.168000,1,85.743,5035.356,0.7250000000003638,True,False,13.0,0.0,0.0,0.0,0.0,29.795,18.78,37.168,0,0,0,0.0,85.82339999999999,0.4407491349963408,-0.18241669379717526,0,0,85.84,85.623,-0.21699999999999875,0.480000000000004,-0.09700000000000841,0.12466666666666981,0.0,0.16100000000000136,0.6481370996941905,0.12466666666666981,0,1,2022,Australian Grand Prix,2022_Australian Grand Prix
MAG,14,0 days 00:01:25.623000,HARD,14.0,True,0 days 01:25:20.979000,13,0 days 00:00:29.794000,0 days 00:00:18.804000,0 days 00:00:37.025000,1,85.623,5120.979,0.5419999999994616,True,False,14.0,0.0,0.0,0.0,0.0,29.794,18.804,37.025,0,0,0,0.0,85.67979999999999,0.26166046701788914,-0.21707520684084852,0,0,85.743,85.101,-0.6419999999999959,0.38299999999999557,-0.11999999999999034,0.12766666666666518,0.0,-0.14300000000000068,0.5702387219402046,0.12766666666666518,0,1,2022,Australian Grand Prix,2022_Australian Grand Prix
MAG,15,0 days 00:01:25.101000,HARD,15.0,True,0 days 01:26:46.080000,13,0 days 00:00:29.693000,0 days 00:00:18.701000,0 days 00:00:36.707000,1,85.101,5206.08,1.0349999999998545,True,False,15.0,0.0,0.0,0.0,0.0,29.693,18.701,36.707,0,0,0,0.0,85.7112,0.23793423461120533,-2.56457420260308,1,0,85.623,88.155,2.5319999999999965,0.26300000000000523,-0.5220000000000056,-0.12233333333333007,0.0,-0.31799999999999784,0.415655867274839,-0.12233333333333007,0,0,2022,Australian Grand Prix,2022_Australian Grand Prix
MAG,16,0 days 00:01:28.155000,HARD,16.0,True,0 days 01:28:14.235000,14,0 days 00:00:29.715000,0 days 00:00:18.813000,0 days 00:00:39.627000,1,88.155,5294.235,5.028000000000247,True,False,16.0,0.0,0.0,0.0,0.0,29.715,18.813,39.627,0,0,0,0.0,85.6594,0.3398665914738006,7.342881185167548,0,1,85.101,85.421,0.3200000000000074,0.0,3.054000000000002,-0.24633333333333476,0.0,2.9200000000000017,0.4972381723077958,-0.24633333333333476,0,0,2022,Australian Grand Prix,2022_Australian Grand Prix
MAG,17,0 days 00:01:25.421000,HARD,17.0,True,0 days 01:29:39.656000,13,0 days 00:00:29.773000,0 days 00:00:18.740000,0 days 00:00:36.908000,1,85.421,5379.656,5.154999999999745,True,False,17.0,0.0,0.0,0.0,0.0,29.773,18.74,36.908,0,0,0,0.0,86.0924,1.187783145191085,-0.5652546954536719,0,0,88.155,85.974,-2.1809999999999974,3.054000000000002,-2.7339999999999947,0.804000000000002,0.0,0.2010000000000005,1.3264311893196727,0.804000000000002,0,0,2022,Australian Grand Prix,2022_Australian Grand Prix
MAG,18,0 days 00:01:25.974000,HARD,18.0,True,0 days 01:31:05.630000,12,0 days 00:00:29.711000,0 days 00:00:18.703000,0 days 00:00:37.560000,1,85.974,5465.63,4.680000000000291,True,False,18.0,0.0,0.0,0.0,0.0,29.711,18.703,37.56,0,0,0,0.0,86.0086,1.2242625535398939,-0.028261911548264997,0,0,85.421,85.595,0.17399999999999238,0.3200000000000074,0.5529999999999973,-0.06733333333333273,0.0,0.8530000000000015,1.3344181128866623,-0.06733333333333273,0,0,2022,Australian Grand Prix,2022_Australian Grand Prix
MAG,19,0 days 00:01:25.595000,HARD,19.0,True,0 days 01:32:31.225000,11,0 days 00:00:29.784000,0 days 00:00:18.775000,0 days 00:00:37.036000,1,85.595,5551.225,0.7059999999992215,True,False,19.0,0.0,0.0,0.0,0.0,29.784,18.775,37.036,0,0,0,0.0,86.0548,1.2160650476023156,-0.37810477400577974,0,0,85.974,85.609,-0.3650000000000091,0.8730000000000047,-0.3790000000000049,0.29100000000000154,0.0,0.1280000000000001,1.3179291710862164,0.29100000000000154,0,1,2022,Australian Grand Prix,2022_Australian Grand Prix
MAG,20,0 days 00:01:25.609000,HARD,20.0,True,0 days 01:33:56.834000,11,0 days 00:00:29.785000,0 days 00:00:18.912000,0 days 00:00:36.912000,1,85.609,5636.834,1.5470000000004802,True,False,20.0,0.0,0.0,0.0,0.0,29.785,18.912,36.912,0,0,0,0.0,86.0492,1.2186124076177884,-0.3612305251844037,0,0,85.595,85.451,-0.14400000000000546,0.4939999999999998,0.013999999999995794,-0.853333333333334,0.0,0.003999999999997783,1.2794712579812026,-0.853333333333334,0,0,2022,Australian Grand Prix,2022_Australian Grand Prix
MAG,21,0 days 00:01:25.451000,HARD,21.0,True,0 days 01:35:22.285000,8,0 days 00:00:29.752000,0 days 00:00:18.735000,0 days 00:00:36.964000,1,85.451,5722.285,5.543000000000575,True,False,21.0,0.0,0.0,0.0,0.0,29.752,18.735,36.964,0,0,0,0.0,86.15079999999999,1.1383260517092757,-0.6147623512166815,0,0,85.609,85.019,-0.5899999999999892,0.18799999999998818,-0.15800000000000125,0.06266666666666272,0.0,0.0519999999999996,1.2184993639719321,0.06266666666666272,0,0,2022,Australian Grand Prix,2022_Australian Grand Prix
MAG,22,0 days 00:01:25.019000,HARD,22.0,True,0 days 01:36:47.304000,7,0 days 00:00:29.551000,0 days 00:00:18.680000,0 days 00:00:36.788000,1,85.019,5807.304,4.068999999999505,True,False,22.0,0.0,0.0,0.0,0.0,29.551,18.68,36.788,0,0,0,0.0,85.61,0.22007044326763156,-2.685503747003719,1,0,85.451,86.745,1.2940000000000111,0.029999999999986926,-0.43199999999998795,-0.17433333333333678,0.0,-0.12400000000000233,0.3466212630523425,-0.17433333333333678,0,0,2022,Australian Grand Prix,2022_Australian Grand Prix
MAG,27,0 days 00:01:26.745000,HARD,27.0,True,0 days 01:47:10.840000,7,0 days 00:00:30.542000,0 days 00:00:18.971000,0 days 00:00:37.232000,1,86.745,6430.84,0.30500000000029104,True,False,27.0,0.0,0.0,0.0,0.0,30.542,18.971,37.232,0,0,0,0.0,85.5296,0.34458786978071065,3.52711196936056,0,1,85.019,85.629,0.6099999999999994,0.0,1.725999999999999,-0.1919999999999978,0.0,0.4440000000000026,0.38580279936776185,-0.1919999999999978,0,1,2022,Australian Grand Prix,2022_Australian Grand Prix
MAG,28,0 days 00:01:25.629000,HARD,28.0,True,0 days 01:48:36.469000,7,0 days 00:00:30.135000,0 days 00:00:18.726000,0 days 00:00:36.768000,1,85.629,6516.469,0.5039999999999054,True,False,28.0,0.0,0.0,0.0,0.0,30.135,18.726,36.768,0,0,0,0.0,85.68379999999999,0.6394882328862778,-0.08569352363631565,0,0,86.745,84.669,-2.0760000000000076,1.725999999999999,-1.1159999999999997,0.37866666666667,0.0,-0.01999999999999602,0.2126104418884483,0.37866666666667,0,1,2022,Australian Grand Prix,2022_Australian Grand Prix
MAG,29,0 days 00:01:24.669000,HARD,29.0,True,0 days 01:50:01.138000,7,0 days 00:00:29.610000,0 days 00:00:18.596000,0 days 00:00:36.463000,1,84.669,6601.138,0.7899999999999636,True,False,29.0,0.0,0.0,0.0,0.0,29.61,18.596,36.463,0,0,0,0.0,85.69059999999999,0.6384879012166277,-1.6000303185907692,1,0,85.629,84.222,-1.4070000000000107,0.6099999999999994,-0.960000000000008,0.05933333333333716,0.0,-0.3049999999999997,0.21810823001436933,0.05933333333333716,0,1,2022,Australian Grand Prix,2022_Australian Grand Prix
MAG,30,0 days 00:01:24.222000,HARD,30.0,True,0 days 01:51:25.360000,7,0 days 00:00:29.166000,0 days 00:00:18.700000,0 days 00:00:36.356000,1,84.222,6685.36,1.094000000000051,True,False,30.0,0.0,0.0,0.0,0.0,29.166,18.7,36.356,0,0,0,0.0,85.5026,0.7891380107433738,-1.6227833187171814,1,1,84.669,85.122,0.45300000000000296,0.0,-0.44700000000000273,-0.11666666666666951,0.0,-0.10699999999999932,0.27757845737737114,-0.11666666666666951,0,0,2022,Australian Grand Prix,2022_Australian Grand Prix
MAG,31,0 days 00:01:25.122000,HARD,31.0,True,0 days 01:52:50.482000,7,0 days 00:00:29.558000,0 days 00:00:18.666000,0 days 00:00:36.898000,1,85.122,6770.482,0.43099999999958527,True,False,31.0,0.0,0.0,0.0,0.0,29.558,18.666,36.898,0,0,0,0.0,85.2568,0.9780261755188379,-0.1378286219471455,0,1,84.222,84.417,0.1950000000000074,0.0,0.9000000000000057,-0.8410000000000034,0.0,0.5420000000000016,0.2805695992084693,-0.8410000000000034,0,1,2022,Australian Grand Prix,2022_Australian Grand Prix
MAG,32,0 days 00:01:24.417000,HARD,32.0,True,0 days 01:54:14.899000,7,0 days 00:00:29.348000,0 days 00:00:18.554000,0 days 00:00:36.515000,1,84.417,6854.899,0.21299999999973807,True,False,32.0,0.0,0.0,0.0,0.0,29.348,18.554,36.515,0,0,0,0.0,85.2774,0.97283621437527,-0.8844243124239828,0,0,85.122,85.511,0.3889999999999958,0.9000000000000057,-0.7049999999999983,-0.16900000000000168,0.0,0.15899999999999892,0.36551019137638396,-0.16900000000000168,0,1,2022,Australian Grand Prix,2022_Australian Grand Prix
MAG,33,0 days 00:01:25.511000,HARD,33.0,True,0 days 01:55:40.410000,7,0 days 00:00:29.588000,0 days 00:00:18.776000,0 days 00:00:37.147000,1,85.511,6940.41,0.007000000000516593,True,False,33.0,0.0,0.0,0.0,0.0,29.588,18.776,37.147,0,0,0,0.0,84.81179999999999,0.56748629939408,1.232100229990678,0,0,84.417,85.523,1.1059999999999945,0.1950000000000074,1.093999999999994,-0.08399999999999845,0.0,0.7909999999999968,0.3199401506532128,-0.08399999999999845,0,1,2022,Australian Grand Prix,2022_Australian Grand Prix
MAG,34,0 days 00:01:25.523000,HARD,34.0,True,0 days 01:57:05.933000,8,0 days 00:00:29.832000,0 days 00:00:18.728000,0 days 00:00:36.963000,1,85.523,7025.933,0.1540000000004511,True,False,34.0,0.0,0.0,0.0,0.0,29.832,18.728,36.963,0,0,0,0.0,84.78819999999999,0.525937924093693,1.397123056425774,0,0,85.511,85.61,0.09900000000000375,1.2890000000000015,0.012000000000000455,0.42966666666666714,0.0,0.4480000000000004,0.4516414507106269,0.42966666666666714,0,1,2022,Australian Grand Prix,2022_Australian Grand Prix
MAG,35,0 days 00:01:25.610000,HARD,35.0,True,0 days 01:58:31.543000,9,0 days 00:00:30.325000,0 days 00:00:18.700000,0 days 00:00:36.585000,1,85.61,7111.543,0.7960000000002765,True,False,35.0,0.0,0.0,0.0,0.0,30.325,18.7,36.585,0,0,0,0.0,84.95899999999999,0.6095699303607314,1.0679660652138165,0,0,85.523,84.703,-0.8199999999999932,1.301000000000002,0.0870000000000033,0.1336666666666654,0.0,0.07000000000000028,0.3481742379901188,0.1336666666666654,0,1,2022,Australian Grand Prix,2022_Australian Grand Prix
MAG,36,0 days 00:01:24.703000,HARD,36.0,True,0 days 01:59:56.246000,9,0 days 00:00:29.304000,0 days 00:00:18.667000,0 days 00:00:36.732000,1,84.703,7196.246,0.6199999999998909,True,False,36.0,0.0,0.0,0.0,0.0,29.304,18.667,36.732,0,0,0,0.0,85.2366,0.4953850017915246,-1.0771420169570463,0,0,85.61,84.304,-1.3059999999999974,1.1929999999999978,-0.9069999999999965,0.39766666666666595,0.0,0.14699999999999847,0.29253632253106626,0.39766666666666595,0,1,2022,Australian Grand Prix,2022_Australian Grand Prix
MAG,37,0 days 00:01:24.304000,HARD,37.0,True,0 days 02:01:20.550000,9,0 days 00:00:29.208000,0 days 00:00:18.691000,0 days 00:00:36.405000,1,84.304,7280.55,0.8409999999994398,True,False,37.0,0.0,0.0,0.0,0.0,29.208,18.691,36.405,0,0,0,0.0,85.1528,0.5518398318352777,-1.538127462051998,1,0,84.703,84.174,-0.5289999999999964,0.28600000000000136,-0.3990000000000009,-0.2693333333333309,0.0,-0.17999999999999972,0.29855066571689287,-0.2693333333333309,0,1,2022,Australian Grand Prix,2022_Australian Grand Prix
MAG,38,0 days 00:01:24.174000,HARD,38.0,True,0 days 02:02:44.724000,9,0 days 00:00:29.282000,0 days 00:00:18.605000,0 days 00:00:36.287000,1,84.174,7364.724,0.8980000000001382,True,False,38.0,0.0,0.0,0.0,0.0,29.282,18.605,36.287,0,0,0,0.0,85.1302,0.5904690508400825,-1.6193905483099815,1,1,84.304,83.182,-1.1219999999999999,0.0,-0.12999999999999545,-0.4063333333333314,0.0,-0.1180000000000021,0.3740517343897761,-0.4063333333333314,0,1,2022,Australian Grand Prix,2022_Australian Grand Prix
MAG,41,0 days 00:01:23.182000,MEDIUM,4.0,True,0 days 02:07:41.628000,17,0 days 00:00:29.059000,0 days 00:00:18.421000,0 days 00:00:35.702000,1,83.182,7661.628,0.0,False,True,4.0,0.0,0.0,0.0,0.0,29.059,18.421,35.702,0,0,0,0.0,84.8628,0.6720139135464266,-2.501138690908773,1,1,84.174,83.334,-0.8400000000000034,0.0,-0.9920000000000044,-0.4786666666666643,0.0,-0.5850000000000009,0.2482937776103151,-0.4786666666666643,0,0,2022,Australian Grand Prix,2022_Australian Grand Prix
MAG,42,0 days 00:01:23.334000,MEDIUM,5.0,True,0 days 02:09:04.962000,16,0 days 00:00:29.152000,0 days 00:00:18.408000,0 days 00:00:35.774000,1,83.334,7744.962,1.8849999999993088,False,True,5.0,0.0,0.0,0.0,0.0,29.152,18.408,35.774,0,0,0,0.0,84.3946,0.8802810914702014,-1.2048424194010947,0,1,83.182,83.59,0.40800000000000125,0.0,0.15200000000000102,-0.5070000000000002,0.0,0.07200000000000273,0.2856338565366515,-0.5070000000000002,0,0,2022,Australian Grand Prix,2022_Australian Grand Prix
MAG,43,0 days 00:01:23.590000,MEDIUM,6.0,True,0 days 02:10:28.552000,16,0 days 00:00:29.043000,0 days 00:00:18.514000,0 days 00:00:36.033000,1,83.59,7828.552,2.300000000000182,False,True,6.0,0.0,0.0,0.0,0.0,29.043,18.514,36.033,0,0,0,0.0,83.9394,0.6540678863848567,-0.5341953140845905,0,0,83.334,83.071,-0.26300000000000523,0.15200000000000102,0.2560000000000002,-0.323333333333333,0.0,0.33100000000000307,0.28599073411563647,-0.323333333333333,0,0,2022,Australian Grand Prix,2022_Australian Grand Prix
MAG,44,0 days 00:01:23.071000,MEDIUM,7.0,True,0 days 02:11:51.623000,16,0 days 00:00:28.897000,0 days 00:00:18.407000,0 days 00:00:35.767000,1,83.071,7911.623,3.579000000000633,False,True,7.0,0.0,0.0,0.0,0.0,28.897,18.407,35.767,0,0,0,0.0,83.7168,0.5006148219938644,-1.290013742357639,0,0,83.59,84.061,0.47100000000000364,0.40800000000000125,-0.5190000000000055,-0.19466666666666774,0.0,0.06500000000000483,0.3380880062942215,-0.19466666666666774,0,0,2022,Australian Grand Prix,2022_Australian Grand Prix
MAG,45,0 days 00:01:24.061000,MEDIUM,8.0,True,0 days 02:13:15.684000,15,0 days 00:00:28.920000,0 days 00:00:18.454000,0 days 00:00:36.687000,1,84.061,7995.684,0.29899999999997817,False,True,8.0,0.0,0.0,0.0,0.0,28.92,18.454,36.687,0,0,0,0.0,83.4702,0.4389353027496696,1.3459842402718343,0,0,83.071,84.454,1.3829999999999956,0.0,0.9900000000000091,-0.0370000000000014,0.0,0.9199999999999946,0.34061488517092403,-0.0370000000000014,0,1,2022,Australian Grand Prix,2022_Australian Grand Prix
MAG,46,0 days 00:01:24.454000,MEDIUM,9.0,True,0 days 02:14:40.138000,15,0 days 00:00:29.716000,0 days 00:00:18.574000,0 days 00:00:36.164000,1,84.454,8080.138,1.373000000000502,False,True,9.0,0.0,0.0,0.0,0.0,29.716,18.574,36.164,0,0,0,0.0,83.44760000000001,0.3942756649857342,2.5525288253242793,0,0,84.061,83.435,-0.6260000000000048,0.9900000000000091,0.39299999999998647,0.24233333333333462,0.0,0.39699999999999847,0.5428243730710686,0.24233333333333462,0,0,2022,Australian Grand Prix,2022_Australian Grand Prix
MAG,47,0 days 00:01:23.435000,MEDIUM,10.0,True,0 days 02:16:03.573000,15,0 days 00:00:29.070000,0 days 00:00:18.591000,0 days 00:00:35.774000,1,83.435,8163.573,2.03899999999976,False,True,10.0,0.0,0.0,0.0,0.0,29.07,18.591,35.774,0,0,0,0.0,83.702,0.5568918207335626,-0.4794467974916415,0,0,84.454,83.217,-1.2369999999999948,1.3829999999999956,-1.0189999999999912,0.2879999999999967,0.0,0.006999999999997897,0.34847309795735704,0.2879999999999967,0,0,2022,Australian Grand Prix,2022_Australian Grand Prix
MAG,48,0 days 00:01:23.217000,MEDIUM,11.0,True,0 days 02:17:26.790000,15,0 days 00:00:28.917000,0 days 00:00:18.512000,0 days 00:00:35.788000,1,83.217,8246.79,2.621999999999389,False,True,11.0,0.0,0.0,0.0,0.0,28.917,18.512,35.788,0,0,0,0.0,83.7222,0.5418345688491489,-0.9323879077576053,0,0,83.435,83.475,0.03999999999999204,0.3640000000000043,-0.21800000000000352,0.12133333333333478,0.0,0.013999999999995794,0.3626858144455039,0.12133333333333478,0,0,2022,Australian Grand Prix,2022_Australian Grand Prix
MAG,49,0 days 00:01:23.475000,MEDIUM,12.0,True,0 days 02:18:50.265000,15,0 days 00:00:28.954000,0 days 00:00:18.470000,0 days 00:00:36.051000,1,83.475,8330.265,3.0680000000011205,False,True,12.0,0.0,0.0,0.0,0.0,28.954,18.47,36.051,0,0,0,0.0,83.6476,0.5882735758131105,-0.2934009057969932,0,0,83.217,84.063,0.8460000000000036,0.1460000000000008,0.25799999999999557,-0.2813333333333361,0.0,0.277000000000001,0.3920450229246622,-0.2813333333333361,0,0,2022,Australian Grand Prix,2022_Australian Grand Prix
MAG,50,0 days 00:01:24.063000,MEDIUM,13.0,True,0 days 02:20:14.328000,14,0 days 00:00:29.180000,0 days 00:00:18.512000,0 days 00:00:36.371000,1,84.063,8414.328,1.515000000001237,False,True,13.0,0.0,0.0,0.0,0.0,29.18,18.512,36.371,0,0,0,0.0,83.7284,0.5120896405903406,0.6534012279847716,0,0,83.475,83.771,0.2960000000000065,0.25799999999999557,0.5880000000000081,-0.3263333333333331,0.0,0.5970000000000013,0.3739445146007623,-0.3263333333333331,0,0,2022,Australian Grand Prix,2022_Australian Grand Prix
MAG,51,0 days 00:01:23.771000,MEDIUM,14.0,True,0 days 02:21:38.099000,14,0 days 00:00:29.074000,0 days 00:00:18.501000,0 days 00:00:36.196000,1,83.771,8498.099,1.8960000000006403,False,True,14.0,0.0,0.0,0.0,0.0,29.074,18.501,36.196,0,0,0,0.0,83.7288,0.5124150661328601,0.08235511168411334,0,0,84.063,84.45,0.38700000000000045,0.8460000000000036,-0.2920000000000016,0.20933333333333337,0.0,0.40800000000000125,0.2535444734164034,0.20933333333333337,0,0,2022,Australian Grand Prix,2022_Australian Grand Prix
MAG,52,0 days 00:01:24.450000,MEDIUM,15.0,True,0 days 02:23:02.549000,13,0 days 00:00:29.852000,0 days 00:00:18.507000,0 days 00:00:36.091000,1,84.45,8582.549,1.8389999999999418,False,True,15.0,0.0,0.0,0.0,0.0,29.852,18.507,36.091,0,0,0,0.0,83.5922,0.3289547081285552,2.607653816174505,0,0,83.771,84.333,0.5619999999999976,0.554000000000002,0.679000000000002,0.18466666666666734,0.0,0.03999999999999915,0.25509076815910353,0.18466666666666734,0,0,2022,Australian Grand Prix,2022_Australian Grand Prix
MAG,53,0 days 00:01:24.333000,MEDIUM,16.0,True,0 days 02:24:26.882000,13,0 days 00:00:29.113000,0 days 00:00:18.608000,0 days 00:00:36.612000,1,84.333,8666.882,1.356999999999971,False,True,16.0,0.0,0.0,0.0,0.0,29.113,18.608,36.612,0,0,0,0.0,83.7952,0.48422845847796697,1.11063278207651,0,0,84.45,84.002,-0.4480000000000075,1.233000000000004,-0.11700000000000443,0.32500000000000284,0.0,0.5210000000000008,0.24719364878572694,0.32500000000000284,0,0,2022,Australian Grand Prix,2022_Australian Grand Prix
MAG,54,0 days 00:01:24.002000,MEDIUM,17.0,True,0 days 02:25:50.884000,13,0 days 00:00:29.021000,0 days 00:00:18.675000,0 days 00:00:36.306000,1,84.002,8750.884,1.018000000000029,False,True,17.0,0.0,0.0,0.0,0.0,29.021,18.675,36.306,0,0,0,0.0,84.0184,0.4011643054908454,-0.04088100505337372,0,0,84.333,83.451,-0.882000000000005,0.8580000000000041,-0.33100000000000307,0.08999999999999868,0.0,0.2149999999999963,0.21983698505938604,0.08999999999999868,0,0,2022,Australian Grand Prix,2022_Australian Grand Prix
MAG,55,0 days 00:01:23.451000,MEDIUM,18.0,True,0 days 02:27:14.335000,13,0 days 00:00:28.940000,0 days 00:00:18.551000,0 days 00:00:35.960000,1,83.451,8834.335,0.5730000000003201,False,True,18.0,0.0,0.0,0.0,0.0,28.94,18.551,35.96,0,0,0,0.0,84.1238,0.2707262454952492,-2.4851672536189917,1,0,84.002,85.492,1.490000000000009,0.23099999999999454,-0.5510000000000019,0.07699999999999818,0.0,-0.13100000000000023,0.2278962483236638,0.07699999999999818,0,1,2022,Australian Grand Prix,2022_Australian Grand Prix
MAG,56,0 days 00:01:25.492000,MEDIUM,19.0,True,0 days 02:28:39.827000,14,0 days 00:00:29.942000,0 days 00:00:18.613000,0 days 00:00:36.937000,1,85.492,8919.827,2.889000000001033,False,True,19.0,0.0,0.0,0.0,0.0,29.942,18.613,36.937,0,0,0,0.0,84.0014,0.4084192698685411,3.649680879356607,0,1,83.451,84.285,0.8340000000000032,0.0,2.041000000000011,-0.3330000000000031,0.0,0.9769999999999968,0.26510809116283257,-0.3330000000000031,0,0,2022,Australian Grand Prix,2022_Australian Grand Prix
MSC,2,0 days 00:01:27.769000,MEDIUM,4.0,True,0 days 01:05:19.892000,13,0 days 00:00:30.445000,0 days 00:00:19.023000,0 days 00:00:38.301000,12,87.769,3919.892,0.9760000000001128,False,True,4.0,0.0,0.0,0.0,0.0,30.445,19.023,38.301,0,0,1,0.0,84.3126,0.7468248121212661,4.628126896564288,0,0,87.769,87.48,-0.2890000000000015,4.318000000000012,0.0,0.09433333333333375,0.0,2.405999999999999,0.4564326894515764,0.0,0,1,2022,Australian Grand Prix,2022_Australian Grand Prix
MSC,7,0 days 00:01:27.480000,MEDIUM,9.0,True,0 days 01:15:19.769000,13,0 days 00:00:30.457000,0 days 00:00:18.744000,0 days 00:00:38.279000,1,87.48,4519.769,0.3170000000000073,False,True,9.0,0.0,0.0,0.0,0.0,30.457,18.744,38.279,0,0,0,0.0,,,0.0,0,0,87.769,86.147,-1.6219999999999999,0.0,-0.2890000000000015,0.0,0.0,0.0,0.0,0.0,0,1,2022,Australian Grand Prix,2022_Australian Grand Prix
MSC,8,0 days 00:01:26.147000,MEDIUM,10.0,True,0 days 01:16:45.916000,13,0 days 00:00:29.924000,0 days 00:00:18.844000,0 days 00:00:37.379000,1,86.147,4605.916,0.45499999999992724,False,True,10.0,0.0,0.0,0.0,0.0,29.924,18.844,37.379,0,0,0,0.0,,,0.0,0,0,87.48,85.782,-1.6980000000000075,0.0,-1.3329999999999984,-0.14450000000000074,0.0,-0.9000000000000057,0.0,0.0,0,1,2022,Australian Grand Prix,2022_Australian Grand Prix
MSC,9,0 days 00:01:25.782000,MEDIUM,11.0,True,0 days 01:18:11.698000,13,0 days 00:00:29.871000,0 days 00:00:18.788000,0 days 00:00:37.123000,1,85.782,4691.698,0.34799999999995634,False,True,11.0,0.0,0.0,0.0,0.0,29.871,18.788,37.123,0,0,0,0.0,87.132,0.8651872629668123,-1.5603558417754853,1,0,86.147,85.122,-1.0250000000000057,0.0,-0.3650000000000091,-0.5406666666666666,0.0,-0.2560000000000002,1.7092138543786748,-0.8109999999999999,0,1,2022,Australian Grand Prix,2022_Australian Grand Prix
MSC,10,0 days 00:01:25.122000,MEDIUM,12.0,True,0 days 01:19:36.820000,13,0 days 00:00:29.313000,0 days 00:00:18.848000,0 days 00:00:36.961000,1,85.122,4776.82,0.3640000000004875,False,True,12.0,0.0,0.0,0.0,0.0,29.313,18.848,36.961,0,0,0,0.0,86.7945,0.9770658456146512,-1.7117577157226957,1,1,85.782,86.605,0.8230000000000075,0.0,-0.6599999999999966,-0.6623333333333363,0.0,-0.16199999999999903,1.4461151406440644,-0.6623333333333363,0,1,2022,Australian Grand Prix,2022_Australian Grand Prix
MSC,11,0 days 00:01:26.605000,MEDIUM,13.0,True,0 days 01:21:03.425000,13,0 days 00:00:29.592000,0 days 00:00:18.803000,0 days 00:00:38.210000,1,86.605,4863.425,0.34799999999995634,False,True,13.0,0.0,0.0,0.0,0.0,29.592,18.803,38.21,0,0,0,0.0,86.46000000000001,1.1293557898200206,0.12839177990410258,0,1,85.122,88.732,3.6099999999999994,0.0,1.483000000000004,-0.7860000000000014,0.0,1.2490000000000023,1.270223130005119,-0.7860000000000014,0,1,2022,Australian Grand Prix,2022_Australian Grand Prix
MSC,12,0 days 00:01:28.732000,MEDIUM,14.0,True,0 days 01:22:32.157000,15,0 days 00:00:29.662000,0 days 00:00:18.841000,0 days 00:00:40.229000,1,88.732,4952.157,4.282000000000153,False,True,14.0,0.0,0.0,0.0,0.0,29.662,18.841,40.229,0,0,0,0.0,86.22720000000001,0.8857684234606662,2.8278271539798436,0,0,86.605,86.67,0.06499999999999773,1.483000000000004,2.1269999999999953,0.15266666666666615,0.0,3.2680000000000007,0.7843514518377611,0.15266666666666615,0,0,2022,Australian Grand Prix,2022_Australian Grand Prix
MSC,13,0 days 00:01:26.670000,MEDIUM,15.0,True,0 days 01:23:58.827000,15,0 days 00:00:29.981000,0 days 00:00:18.965000,0 days 00:00:37.724000,1,86.67,5038.827,4.0590000000001965,False,True,15.0,0.0,0.0,0.0,0.0,29.981,18.965,37.724,0,0,0,0.0,86.4776,1.3719837098158256,0.1402349012043547,0,0,88.732,85.008,-3.7240000000000038,3.6099999999999994,-2.0619999999999976,0.9833333333333343,0.0,0.7629999999999981,1.665449248701384,0.9833333333333343,0,0,2022,Australian Grand Prix,2022_Australian Grand Prix
MSC,16,0 days 00:01:25.008000,HARD,2.0,True,0 days 01:28:37.212000,18,0 days 00:00:29.213000,0 days 00:00:18.893000,0 days 00:00:36.902000,1,85.008,5317.212,7.185999999999694,True,False,2.0,0.0,0.0,0.0,0.0,29.213,18.893,36.902,0,0,0,0.0,86.5822,1.360365098052724,-1.1571893473695936,0,0,86.67,84.518,-2.152000000000001,1.5480000000000018,-1.6620000000000061,0.5160000000000006,0.0,-0.8219999999999956,1.4305562903989484,0.5160000000000006,0,0,2022,Australian Grand Prix,2022_Australian Grand Prix
MSC,17,0 days 00:01:24.518000,HARD,3.0,True,0 days 01:30:01.730000,18,0 days 00:00:29.199000,0 days 00:00:18.781000,0 days 00:00:36.538000,1,84.518,5401.73,8.206000000000131,True,False,3.0,0.0,0.0,0.0,0.0,29.199,18.781,36.538,0,0,0,0.0,86.4274,1.5099952980059252,-1.2645072488116533,0,0,85.008,84.347,-0.6610000000000014,0.0,-0.4899999999999949,-0.5323333333333361,0.0,-0.3640000000000043,1.567864694417218,-0.5323333333333361,0,0,2022,Australian Grand Prix,2022_Australian Grand Prix
MSC,18,0 days 00:01:24.347000,HARD,4.0,True,0 days 01:31:26.077000,18,0 days 00:00:29.129000,0 days 00:00:18.740000,0 days 00:00:36.478000,1,84.347,5486.077,9.273000000000138,True,False,4.0,0.0,0.0,0.0,0.0,29.129,18.74,36.478,0,0,0,0.0,86.3066,1.657492021096935,-1.1822681346623543,0,0,84.518,84.868,0.3499999999999943,0.0,-0.17100000000000648,-1.4046666666666663,0.0,-0.05999999999999517,1.602966531154035,-1.4046666666666663,0,0,2022,Australian Grand Prix,2022_Australian Grand Prix
MSC,19,0 days 00:01:24.868000,HARD,5.0,True,0 days 01:32:50.945000,18,0 days 00:00:29.526000,0 days 00:00:18.659000,0 days 00:00:36.683000,1,84.868,5570.945,9.914999999999964,True,False,5.0,0.0,0.0,0.0,0.0,29.526,18.659,36.683,0,0,0,0.0,85.85499999999999,1.8520526450400943,-0.5329222161385307,0,0,84.347,85.01,0.6630000000000109,0.0,0.5210000000000008,-0.7743333333333359,0.0,0.2049999999999983,1.6219223162654857,-0.7743333333333359,0,0,2022,Australian Grand Prix,2022_Australian Grand Prix
MSC,20,0 days 00:01:25.010000,HARD,6.0,True,0 days 01:34:15.955000,18,0 days 00:00:29.497000,0 days 00:00:18.778000,0 days 00:00:36.735000,1,85.01,5655.955,10.451000000000022,True,False,6.0,0.0,0.0,0.0,0.0,29.497,18.778,36.735,0,0,0,0.0,85.0822,0.926193392332301,-0.07795348206726478,0,0,84.868,84.808,-0.05999999999998806,0.5210000000000008,0.14200000000001012,-0.046666666666666856,0.0,0.2569999999999979,0.5959272606619014,-0.046666666666666856,0,0,2022,Australian Grand Prix,2022_Australian Grand Prix
MSC,21,0 days 00:01:24.808000,HARD,7.0,True,0 days 01:35:40.763000,18,0 days 00:00:29.249000,0 days 00:00:18.737000,0 days 00:00:36.822000,1,84.808,5740.763,11.018000000000029,True,False,7.0,0.0,0.0,0.0,0.0,29.249,18.737,36.822,0,0,0,0.0,84.75019999999999,0.3017949635100204,0.19152075743005365,0,0,85.01,84.949,-0.06100000000000705,0.6630000000000109,-0.20199999999999818,0.16400000000000148,0.0,0.3440000000000012,0.4463526632607878,0.16400000000000148,0,0,2022,Australian Grand Prix,2022_Australian Grand Prix
MSC,22,0 days 00:01:24.949000,HARD,8.0,True,0 days 01:37:05.712000,17,0 days 00:00:29.402000,0 days 00:00:18.626000,0 days 00:00:36.921000,1,84.949,5825.712,11.151999999999134,True,False,8.0,0.0,0.0,0.0,0.0,29.402,18.626,36.921,0,0,0,0.0,84.71020000000001,0.27074009677182054,0.8820267217428228,0,0,84.808,87.457,2.6489999999999867,0.46100000000001273,0.14099999999999113,0.15366666666667092,0.0,0.23799999999999955,0.2886698806595525,0.15366666666667092,0,0,2022,Australian Grand Prix,2022_Australian Grand Prix
MSC,27,0 days 00:01:27.457000,HARD,13.0,True,0 days 01:47:15.841000,16,0 days 00:00:30.946000,0 days 00:00:18.762000,0 days 00:00:37.749000,1,87.457,6435.841,0.7590000000000146,True,False,13.0,0.0,0.0,0.0,0.0,30.946,18.762,37.749,0,0,0,0.0,84.79639999999999,0.26274188855228,10.12628787385229,0,0,84.949,86.162,1.213000000000008,0.6020000000000039,2.5079999999999956,0.027000000000001023,0.0,1.014000000000003,0.15248180219291477,0.027000000000001023,0,1,2022,Australian Grand Prix,2022_Australian Grand Prix
MSC,28,0 days 00:01:26.162000,HARD,14.0,True,0 days 01:48:42.003000,16,0 days 00:00:29.725000,0 days 00:00:18.753000,0 days 00:00:37.684000,1,86.162,6522.003,0.5160000000005311,True,False,14.0,0.0,0.0,0.0,0.0,29.725,18.753,37.684,0,0,0,0.0,85.41839999999999,1.142206767621365,0.6510204816493559,0,0,87.457,85.836,-1.6209999999999951,2.6489999999999867,-1.2949999999999875,0.8156666666666629,0.0,0.8619999999999948,0.3406527557499,0.8156666666666629,0,1,2022,Australian Grand Prix,2022_Australian Grand Prix
MSC,29,0 days 00:01:25.836000,HARD,15.0,True,0 days 01:50:07.839000,16,0 days 00:00:30.342000,0 days 00:00:18.730000,0 days 00:00:36.764000,1,85.836,6607.839,0.5380000000004657,True,False,15.0,0.0,0.0,0.0,0.0,30.342,18.73,36.764,0,0,0,0.0,85.6772,1.1328789432238837,0.14017384730277996,0,0,86.162,84.853,-1.3090000000000117,1.3539999999999992,-0.3260000000000076,0.4513333333333331,0.0,-0.15699999999999648,0.3667505964548659,0.4513333333333331,0,1,2022,Australian Grand Prix,2022_Australian Grand Prix
MSC,30,0 days 00:01:24.853000,HARD,16.0,True,0 days 01:51:32.692000,16,0 days 00:00:29.293000,0 days 00:00:18.624000,0 days 00:00:36.936000,1,84.853,6692.692,0.46299999999973807,True,False,16.0,0.0,0.0,0.0,0.0,29.293,18.624,36.936,0,0,0,0.0,85.8424,1.069727208217159,-0.9249086985914555,0,0,85.836,84.597,-1.2390000000000043,1.0279999999999916,-0.9830000000000041,0.2956666666666668,0.0,0.17199999999999704,0.4774800519393438,0.2956666666666668,0,1,2022,Australian Grand Prix,2022_Australian Grand Prix
MSC,31,0 days 00:01:24.597000,HARD,17.0,True,0 days 01:52:57.289000,15,0 days 00:00:29.445000,0 days 00:00:18.497000,0 days 00:00:36.655000,1,84.597,6777.289,0.8789999999999054,True,False,17.0,0.0,0.0,0.0,0.0,29.445,18.497,36.655,0,0,0,0.0,85.8514,1.058984088643491,-1.184531489615516,0,0,84.853,83.991,-0.8619999999999948,0.0,-0.2560000000000002,-0.8679999999999998,0.0,-0.10900000000000176,0.4938594941883763,-0.8679999999999998,0,1,2022,Australian Grand Prix,2022_Australian Grand Prix
MSC,32,0 days 00:01:23.991000,HARD,18.0,True,0 days 01:54:21.280000,15,0 days 00:00:29.134000,0 days 00:00:18.451000,0 days 00:00:36.406000,1,83.991,6861.28,2.1060000000006767,True,False,18.0,0.0,0.0,0.0,0.0,29.134,18.451,36.406,0,0,0,0.0,85.78099999999999,1.1423880689153254,-1.5668931151386771,1,0,84.597,84.15,-0.4469999999999885,0.0,-0.6059999999999945,-0.5216666666666706,0.0,-0.24900000000000233,0.5482356245265344,-0.5216666666666706,0,0,2022,Australian Grand Prix,2022_Australian Grand Prix
MSC,33,0 days 00:01:24.150000,HARD,19.0,True,0 days 01:55:45.430000,15,0 days 00:00:29.259000,0 days 00:00:18.526000,0 days 00:00:36.365000,1,84.15,6945.43,2.4659999999994398,True,False,19.0,0.0,0.0,0.0,0.0,29.259,18.526,36.365,0,0,0,0.0,85.0878,0.896199587145658,-1.0464186922768315,0,1,83.991,84.203,0.2120000000000033,0.0,0.15900000000000603,-0.6149999999999997,0.0,-0.04099999999999682,0.45201957922196007,-0.6149999999999997,0,0,2022,Australian Grand Prix,2022_Australian Grand Prix
MSC,34,0 days 00:01:24.203000,HARD,20.0,True,0 days 01:57:09.633000,15,0 days 00:00:29.189000,0 days 00:00:18.499000,0 days 00:00:36.515000,1,84.203,7029.633,3.3200000000006185,True,False,20.0,0.0,0.0,0.0,0.0,29.189,18.499,36.515,0,0,0,0.0,84.68539999999999,0.7294911240035865,-0.661282891767731,0,0,84.15,85.619,1.468999999999994,0.15900000000000603,0.05299999999999727,-0.2343333333333296,0.0,0.14999999999999858,0.15835466522966582,-0.2343333333333296,0,0,2022,Australian Grand Prix,2022_Australian Grand Prix
MSC,35,0 days 00:01:25.619000,HARD,21.0,True,0 days 01:58:35.252000,15,0 days 00:00:29.533000,0 days 00:00:18.644000,0 days 00:00:37.442000,1,85.619,7115.252,1.946999999999207,True,False,21.0,0.0,0.0,0.0,0.0,29.533,18.644,37.442,0,0,0,0.0,84.3588,0.35500732386811,3.549785920665059,0,0,84.203,84.49,0.28699999999999193,0.2120000000000033,1.4159999999999968,-0.13133333333333042,0.0,1.0769999999999982,0.1778069177506873,-0.13133333333333042,0,0,2022,Australian Grand Prix,2022_Australian Grand Prix
MSC,36,0 days 00:01:24.490000,HARD,22.0,True,0 days 01:59:59.742000,15,0 days 00:00:29.343000,0 days 00:00:18.553000,0 days 00:00:36.594000,1,84.49,7199.742,1.13799999999992,True,False,22.0,0.0,0.0,0.0,0.0,29.343,18.553,36.594,0,0,0,0.0,84.512,0.6577689563973124,-0.0334463944916198,0,0,85.619,84.557,-1.0619999999999976,1.6280000000000001,-1.1290000000000049,0.5426666666666667,0.0,0.2289999999999992,0.529356968406008,0.5426666666666667,0,0,2022,Australian Grand Prix,2022_Australian Grand Prix
MSC,37,0 days 00:01:24.557000,HARD,23.0,True,0 days 02:01:24.299000,15,0 days 00:00:29.322000,0 days 00:00:18.597000,0 days 00:00:36.638000,1,84.557,7284.299,0.47299999999995634,True,False,23.0,0.0,0.0,0.0,0.0,29.322,18.597,36.638,0,0,0,0.0,84.4906,0.6560505315903709,0.10121171587047938,0,0,84.49,84.497,0.007000000000005002,0.4989999999999952,0.06700000000000728,0.11333333333332973,0.0,0.12299999999999756,0.5066164229473806,0.11333333333332973,0,1,2022,Australian Grand Prix,2022_Australian Grand Prix
MSC,38,0 days 00:01:24.497000,HARD,24.0,True,0 days 02:02:48.796000,15,0 days 00:00:29.119000,0 days 00:00:18.524000,0 days 00:00:36.854000,1,84.497,7368.796,0.40499999999974534,True,False,24.0,0.0,0.0,0.0,0.0,29.119,18.524,36.854,0,0,0,0.0,84.6038,0.5942109894641933,-0.17973413803118932,0,0,84.557,83.801,-0.7560000000000002,0.4069999999999965,-0.060000000000002274,0.11799999999999973,0.0,0.259999999999998,0.44118907511405914,0.11799999999999973,0,1,2022,Australian Grand Prix,2022_Australian Grand Prix
MSC,41,0 days 00:01:23.801000,HARD,27.0,True,0 days 02:07:35.666000,12,0 days 00:00:29.055000,0 days 00:00:18.618000,0 days 00:00:36.128000,1,83.801,7655.666,0.3649999999997817,True,False,27.0,0.0,0.0,0.0,0.0,29.055,18.618,36.128,0,0,0,0.0,84.6732,0.5462913142271444,-1.596584051924606,1,0,84.497,83.392,-1.105000000000004,0.29399999999999693,-0.695999999999998,-0.37399999999999994,0.0,-0.4660000000000011,0.40037944502683925,-0.37399999999999994,0,1,2022,Australian Grand Prix,2022_Australian Grand Prix
MSC,42,0 days 00:01:23.392000,HARD,28.0,True,0 days 02:08:59.058000,12,0 days 00:00:28.991000,0 days 00:00:18.499000,0 days 00:00:35.902000,1,83.392,7739.058,0.5910000000003492,True,False,28.0,0.0,0.0,0.0,0.0,28.991,18.499,35.902,0,0,0,0.0,84.5928,0.6521236079149544,-1.8413686997766248,1,1,83.801,83.599,-0.20199999999999818,0.0,-0.409000000000006,-0.22966666666666433,0.0,-0.2259999999999991,0.5507061830050572,-0.22966666666666433,0,1,2022,Australian Grand Prix,2022_Australian Grand Prix
MSC,43,0 days 00:01:23.599000,HARD,29.0,True,0 days 02:10:22.657000,12,0 days 00:00:28.882000,0 days 00:00:18.460000,0 days 00:00:36.257000,1,83.599,7822.657,0.8729999999995925,True,False,29.0,0.0,0.0,0.0,0.0,28.882,18.46,36.257,0,0,0,0.0,84.1474,0.5239248991983471,-1.046714902916626,0,1,83.392,83.993,0.6009999999999991,0.0,0.20700000000000784,-0.3883333333333354,0.0,0.3549999999999969,0.31706545065648434,-0.3883333333333354,0,1,2022,Australian Grand Prix,2022_Australian Grand Prix
MSC,44,0 days 00:01:23.993000,HARD,30.0,True,0 days 02:11:46.650000,12,0 days 00:00:29.073000,0 days 00:00:18.576000,0 days 00:00:36.344000,1,83.993,7906.65,0.410000000000764,True,False,30.0,0.0,0.0,0.0,0.0,29.073,18.576,36.344,0,0,0,0.0,83.9692,0.5297595681061267,0.04492604085487026,0,0,83.599,85.292,1.6929999999999978,0.20700000000000784,0.39399999999999125,-0.29933333333333206,0.0,0.44200000000000017,0.3451676404299788,-0.29933333333333206,0,1,2022,Australian Grand Prix,2022_Australian Grand Prix
MSC,45,0 days 00:01:25.292000,HARD,31.0,True,0 days 02:13:11.942000,13,0 days 00:00:30.231000,0 days 00:00:18.615000,0 days 00:00:36.446000,1,85.292,7991.942,0.45499999999992724,True,False,31.0,0.0,0.0,0.0,0.0,30.231,18.615,36.446,0,0,0,0.0,83.8564,0.42249828402016637,3.397883622958064,0,0,83.993,83.753,-0.23999999999999488,0.6009999999999991,1.2990000000000066,0.06399999999999768,0.0,0.5439999999999969,0.39704407815757614,0.06399999999999768,0,1,2022,Australian Grand Prix,2022_Australian Grand Prix
MSC,46,0 days 00:01:23.753000,HARD,32.0,True,0 days 02:14:35.695000,13,0 days 00:00:29.131000,0 days 00:00:18.590000,0 days 00:00:36.032000,1,83.753,8075.695,1.01299999999992,True,False,32.0,0.0,0.0,0.0,0.0,29.131,18.59,36.032,0,0,0,0.0,84.0154,0.7480296117133276,-0.3507882520840109,0,0,85.292,83.786,-1.5060000000000002,1.9000000000000057,-1.5390000000000015,0.6333333333333352,0.0,-0.22500000000000142,0.44758150095820437,0.6333333333333352,0,0,2022,Australian Grand Prix,2022_Australian Grand Prix
MSC,47,0 days 00:01:23.786000,HARD,33.0,True,0 days 02:15:59.481000,13,0 days 00:00:29.047000,0 days 00:00:18.596000,0 days 00:00:36.143000,1,83.786,8159.481,0.38000000000010914,True,False,33.0,0.0,0.0,0.0,0.0,29.047,18.596,36.143,0,0,0,0.0,84.0058,0.7517677167849071,-0.29237754573981073,0,0,83.753,83.731,-0.02200000000000557,0.3610000000000042,0.03300000000000125,0.05133333333333212,0.0,0.1110000000000042,0.3743681343276951,0.05133333333333212,0,1,2022,Australian Grand Prix,2022_Australian Grand Prix
MSC,48,0 days 00:01:23.731000,HARD,34.0,True,0 days 02:17:23.212000,13,0 days 00:00:28.963000,0 days 00:00:18.496000,0 days 00:00:36.272000,1,83.731,8243.212,0.21000000000094587,True,False,34.0,0.0,0.0,0.0,0.0,28.963,18.496,36.272,0,0,0,0.0,84.0846,0.6894079343900769,-0.5129038735430744,0,0,83.786,84.254,0.4680000000000035,0.1869999999999976,-0.05500000000000682,-0.06899999999999788,0.0,0.240000000000002,0.307881957899451,-0.06899999999999788,0,1,2022,Australian Grand Prix,2022_Australian Grand Prix
MSC,49,0 days 00:01:24.254000,HARD,35.0,True,0 days 02:18:47.466000,13,0 days 00:00:29.250000,0 days 00:00:18.569000,0 days 00:00:36.435000,1,84.254,8327.466,0.1749999999992724,True,False,35.0,0.0,0.0,0.0,0.0,29.25,18.569,36.435,0,0,0,0.0,84.111,0.6683700322426153,0.2139533388715614,0,0,83.731,88.377,4.646000000000001,0.0,0.5230000000000103,-0.5203333333333356,0.0,0.4030000000000058,0.30188458059331136,-0.5203333333333356,0,1,2022,Australian Grand Prix,2022_Australian Grand Prix
MSC,50,0 days 00:01:28.377000,HARD,36.0,True,0 days 02:20:15.843000,15,0 days 00:00:32.805000,0 days 00:00:18.725000,0 days 00:00:36.847000,1,88.377,8415.843,1.4689999999991414,True,False,36.0,0.0,0.0,0.0,0.0,32.805,18.725,36.847,0,0,0,0.0,84.1632,0.667041003237429,6.3171528879763885,0,0,84.254,84.152,-0.10200000000000387,0.5230000000000103,4.1229999999999905,0.1670000000000016,0.0,0.7040000000000006,0.2952224584952846,0.1670000000000016,0,0,2022,Australian Grand Prix,2022_Australian Grand Prix
MSC,51,0 days 00:01:24.152000,HARD,37.0,True,0 days 02:21:39.995000,15,0 days 00:00:29.293000,0 days 00:00:18.523000,0 days 00:00:36.336000,1,84.152,8499.995,1.1229999999995925,True,False,37.0,0.0,0.0,0.0,0.0,29.293,18.523,36.336,0,0,0,0.0,84.7802,2.022266723258828,-0.3106415156689446,0,0,88.377,84.517,-3.8599999999999994,4.646000000000001,-4.224999999999994,1.5303333333333313,0.0,0.06400000000000006,0.3444245926178915,1.5303333333333313,0,0,2022,Australian Grand Prix,2022_Australian Grand Prix
MSC,52,0 days 00:01:24.517000,HARD,38.0,True,0 days 02:23:04.512000,15,0 days 00:00:29.059000,0 days 00:00:18.616000,0 days 00:00:36.842000,1,84.517,8584.512,0.547999999998865,True,False,38.0,0.0,0.0,0.0,0.0,29.059,18.616,36.842,0,0,0,0.0,84.85999999999999,1.9790089691560266,-0.17331907300362867,0,0,84.152,83.727,-0.42499999999999716,0.4210000000000065,0.3649999999999949,0.1403333333333355,0.0,0.5060000000000002,0.25920320214071396,0.1403333333333355,0,1,2022,Australian Grand Prix,2022_Australian Grand Prix
MSC,53,0 days 00:01:23.727000,HARD,39.0,True,0 days 02:24:28.239000,14,0 days 00:00:29.029000,0 days 00:00:18.563000,0 days 00:00:36.135000,1,83.727,8668.239,2.128000000000611,True,False,39.0,0.0,0.0,0.0,0.0,29.029,18.563,36.135,0,0,0,0.0,85.00619999999999,1.9054662683973187,-0.6713317476230737,0,0,84.517,83.663,-0.8539999999999992,0.7860000000000014,-0.789999999999992,0.08766666666666367,0.0,-0.2010000000000005,0.2453462858899639,0.08766666666666367,0,0,2022,Australian Grand Prix,2022_Australian Grand Prix
MSC,54,0 days 00:01:23.663000,HARD,40.0,True,0 days 02:25:51.902000,14,0 days 00:00:29.092000,0 days 00:00:18.565000,0 days 00:00:36.006000,1,83.663,8751.902,2.043999999999869,True,False,40.0,0.0,0.0,0.0,0.0,29.092,18.565,36.006,0,0,0,0.0,85.0054,1.9061362228340337,-0.7042518703118312,0,0,83.727,83.006,-0.7210000000000036,0.0,-0.06400000000000716,-1.5499999999999972,0.0,-0.12899999999999778,0.36153934778942176,-1.5499999999999972,0,0,2022,Australian Grand Prix,2022_Australian Grand Prix
MSC,55,0 days 00:01:23.006000,HARD,41.0,True,0 days 02:27:14.908000,14,0 days 00:00:28.851000,0 days 00:00:18.411000,0 days 00:00:35.744000,1,83.006,8834.908,4.466000000000349,True,False,41.0,0.0,0.0,0.0,0.0,28.851,18.411,35.744,0,0,0,0.0,84.8872,1.9812244193932202,-0.9495138367899547,0,0,83.663,83.338,-0.32500000000000284,0.0,-0.6569999999999965,-0.16300000000000145,0.0,-0.26200000000000045,0.39829725080647976,-0.16300000000000145,0,0,2022,Australian Grand Prix,2022_Australian Grand Prix
MSC,56,0 days 00:01:23.338000,HARD,42.0,True,0 days 02:28:38.246000,13,0 days 00:00:28.827000,0 days 00:00:18.489000,0 days 00:00:36.022000,1,83.338,8918.246,1.581000000000131,True,False,42.0,0.0,0.0,0.0,0.0,28.827,18.489,36.022,0,0,0,0.0,83.813,0.5682609435814031,-0.8358835942628265,0,0,83.006,84.171,1.1650000000000063,0.0,0.33199999999999363,-0.5036666666666653,0.0,0.2779999999999987,0.31053228495600893,-0.5036666666666653,0,0,2022,Australian Grand Prix,2022_Australian Grand Prix
NOR,2,0 days 00:01:25.942000,MEDIUM,2.0,True,0 days 01:05:13.613000,6,0 days 00:00:30.068000,0 days 00:00:18.846000,0 days 00:00:37.028000,12,85.942,3913.613,0.9280000000003383,False,True,2.0,0.0,0.0,0.0,0.0,30.068,18.846,37.028,0,0,1,0.0,83.581,0.4375539966678749,5.3959054607655785,0,0,85.942,86.038,0.09600000000000364,2.935999999999993,0.0,0.16933333333333658,0.0,1.283999999999999,0.5297892977401496,0.0,0,1,2022,Australian Grand Prix,2022_Australian Grand Prix
NOR,7,0 days 00:01:26.038000,MEDIUM,7.0,True,0 days 01:15:14.713000,6,0 days 00:00:30.145000,0 days 00:00:18.769000,0 days 00:00:37.124000,1,86.038,4514.713,0.6760000000003856,False,True,7.0,0.0,0.0,0.0,0.0,30.145,18.769,37.124,0,0,0,0.0,,,0.0,0,0,85.942,85.165,-0.7769999999999868,0.0,0.09600000000000364,0.0,0.0,0.0,0.0,0.0,0,1,2022,Australian Grand Prix,2022_Australian Grand Prix
NOR,8,0 days 00:01:25.165000,MEDIUM,8.0,True,0 days 01:16:39.878000,6,0 days 00:00:29.462000,0 days 00:00:18.696000,0 days 00:00:37.007000,1,85.165,4599.878,0.7820000000001528,False,True,8.0,0.0,0.0,0.0,0.0,29.462,18.696,37.007,0,0,0,0.0,,,0.0,0,0,86.038,85.007,-1.0309999999999917,0.0,-0.8729999999999905,0.04800000000000182,0.0,-0.021000000000000796,0.0,0.0,0,1,2022,Australian Grand Prix,2022_Australian Grand Prix
NOR,9,0 days 00:01:25.007000,MEDIUM,9.0,True,0 days 01:18:04.885000,6,0 days 00:00:29.483000,0 days 00:00:18.633000,0 days 00:00:36.891000,1,85.007,4684.885,0.7439999999996871,False,True,9.0,0.0,0.0,0.0,0.0,29.483,18.633,36.891,0,0,0,0.0,85.71499999999999,0.4787264354513921,-1.478923969035488,0,0,85.165,85.106,-0.05900000000001171,0.0,-0.15800000000000125,-0.2589999999999956,0.0,-0.11599999999999966,0.7474536774944649,-0.3884999999999934,0,1,2022,Australian Grand Prix,2022_Australian Grand Prix
NOR,10,0 days 00:01:25.106000,MEDIUM,10.0,True,0 days 01:19:29.991000,6,0 days 00:00:29.510000,0 days 00:00:18.759000,0 days 00:00:36.837000,1,85.106,4769.991,0.6430000000000291,False,True,10.0,0.0,0.0,0.0,0.0,29.51,18.759,36.837,0,0,0,0.0,85.538,0.5273537712010774,-0.8191844329018417,0,0,85.007,85.324,0.31699999999999307,0.0,0.09899999999998954,-0.3116666666666627,0.0,-0.05399999999999494,0.6667460161110821,-0.3116666666666627,0,1,2022,Australian Grand Prix,2022_Australian Grand Prix
NOR,11,0 days 00:01:25.324000,MEDIUM,11.0,True,0 days 01:20:55.315000,6,0 days 00:00:29.549000,0 days 00:00:18.641000,0 days 00:00:37.134000,1,85.324,4855.315,0.5470000000004802,False,True,11.0,0.0,0.0,0.0,0.0,29.549,18.641,37.134,0,0,0,0.0,85.4516,0.49588436151990334,-0.25731805618733866,0,0,85.106,85.052,-0.053999999999987836,0.09899999999998954,0.21800000000000352,-0.31066666666666737,0.0,0.29699999999999704,0.5971890822846637,-0.31066666666666737,0,1,2022,Australian Grand Prix,2022_Australian Grand Prix
NOR,12,0 days 00:01:25.052000,MEDIUM,12.0,True,0 days 01:22:20.367000,6,0 days 00:00:29.363000,0 days 00:00:18.581000,0 days 00:00:37.108000,1,85.052,4940.367,0.45100000000002183,False,True,12.0,0.0,0.0,0.0,0.0,29.363,18.581,37.108,0,0,0,0.0,85.328,0.4132220952466227,-0.667921689510024,0,0,85.324,85.347,0.022999999999996135,0.31699999999999307,-0.27199999999999136,0.05299999999999727,0.0,0.2709999999999937,0.16029254505434576,0.05299999999999727,0,1,2022,Australian Grand Prix,2022_Australian Grand Prix
NOR,13,0 days 00:01:25.347000,MEDIUM,13.0,True,0 days 01:23:45.714000,6,0 days 00:00:29.516000,0 days 00:00:18.767000,0 days 00:00:37.064000,1,85.347,5025.714,0.6000000000003638,False,True,13.0,0.0,0.0,0.0,0.0,29.516,18.767,37.064,0,0,0,0.0,85.1308,0.12313285507945751,1.7558270687420263,0,0,85.052,85.174,0.12199999999999989,0.045000000000001705,0.2949999999999875,0.015000000000000568,0.0,0.22699999999999676,0.19367317831852401,0.015000000000000568,0,1,2022,Australian Grand Prix,2022_Australian Grand Prix
NOR,14,0 days 00:01:25.174000,MEDIUM,14.0,True,0 days 01:25:10.888000,6,0 days 00:00:29.488000,0 days 00:00:18.732000,0 days 00:00:36.954000,1,85.174,5110.888,0.8130000000001019,False,True,14.0,0.0,0.0,0.0,0.0,29.488,18.732,36.954,0,0,0,0.0,85.16720000000001,0.15779321911925157,0.04309437400386192,0,0,85.347,85.069,-0.2779999999999916,0.3399999999999892,-0.1729999999999876,0.08033333333333322,0.0,-0.10999999999999943,0.19456746901781574,0.08033333333333322,0,1,2022,Australian Grand Prix,2022_Australian Grand Prix
NOR,15,0 days 00:01:25.069000,MEDIUM,15.0,True,0 days 01:26:35.957000,6,0 days 00:00:29.376000,0 days 00:00:18.758000,0 days 00:00:36.935000,1,85.069,5195.957,0.7280000000000655,False,True,15.0,0.0,0.0,0.0,0.0,29.376,18.758,36.935,0,0,0,0.0,85.20060000000001,0.13076620358492688,-1.006376237836847,0,0,85.174,85.333,0.15899999999999181,0.12199999999999989,-0.10500000000000398,-0.04999999999999716,0.0,-0.01899999999999835,0.1927192258182838,-0.04999999999999716,0,1,2022,Australian Grand Prix,2022_Australian Grand Prix
NOR,16,0 days 00:01:25.333000,MEDIUM,16.0,True,0 days 01:28:01.290000,6,0 days 00:00:29.428000,0 days 00:00:18.701000,0 days 00:00:37.204000,1,85.333,5281.29,0.6019999999998618,False,True,16.0,0.0,0.0,0.0,0.0,29.428,18.701,37.204,0,0,0,0.0,85.1932,0.13828846661965094,1.0109302924335717,0,0,85.069,85.02,-0.049000000000006594,0.016999999999995907,0.2639999999999958,0.005666666666665303,0.0,0.26899999999999835,0.18501945843613055,0.005666666666665303,0,1,2022,Australian Grand Prix,2022_Australian Grand Prix
NOR,17,0 days 00:01:25.020000,MEDIUM,17.0,True,0 days 01:29:26.310000,6,0 days 00:00:29.378000,0 days 00:00:18.704000,0 days 00:00:36.938000,1,85.02,5366.31,0.7579999999998108,False,True,17.0,0.0,0.0,0.0,0.0,29.378,18.704,36.938,0,0,0,0.0,85.19500000000001,0.14045817882919498,-1.2459224621787328,0,0,85.333,85.414,0.08100000000000307,0.2809999999999917,-0.3130000000000024,-0.0046666666666652645,0.0,0.0030000000000001137,0.17915300723124675,-0.0046666666666652645,0,1,2022,Australian Grand Prix,2022_Australian Grand Prix
NOR,18,0 days 00:01:25.414000,MEDIUM,18.0,True,0 days 01:30:51.724000,5,0 days 00:00:29.752000,0 days 00:00:18.733000,0 days 00:00:36.929000,1,85.414,5451.724,0.7069999999994252,False,True,18.0,0.0,0.0,0.0,0.0,29.752,18.733,36.929,0,0,0,0.0,85.1886,0.14906810524057595,1.5120605419666546,0,0,85.02,85.317,0.29699999999999704,0.0,0.39400000000000546,-0.05133333333333686,0.0,-0.006000000000000227,0.1650605949341015,-0.05133333333333686,0,1,2022,Australian Grand Prix,2022_Australian Grand Prix
NOR,19,0 days 00:01:25.317000,MEDIUM,19.0,True,0 days 01:32:17.041000,5,0 days 00:00:29.579000,0 days 00:00:18.768000,0 days 00:00:36.970000,1,85.317,5537.041,0.7539999999999054,False,True,19.0,0.0,0.0,0.0,0.0,29.579,18.768,36.97,0,0,0,0.0,85.202,0.16859863581896228,0.6820933007042803,0,0,85.414,85.03,-0.38400000000000034,0.39400000000000546,-0.09700000000000841,0.11499999999999962,0.0,0.04099999999999682,0.14240189605479206,0.11499999999999962,0,1,2022,Australian Grand Prix,2022_Australian Grand Prix
NOR,22,0 days 00:01:25.030000,HARD,2.0,True,0 days 01:36:51.373000,8,0 days 00:00:29.577000,0 days 00:00:18.777000,0 days 00:00:36.676000,1,85.03,5811.373,4.428000000000793,True,False,2.0,0.0,0.0,0.0,0.0,29.577,18.777,36.676,0,0,0,0.0,85.23060000000001,0.17468056560480064,-1.1483819010172451,0,0,85.317,86.589,1.2720000000000056,0.29699999999999704,-0.28699999999999193,-0.005333333333335115,0.0,-0.2530000000000001,0.12026969693152081,-0.005333333333335115,0,0,2022,Australian Grand Prix,2022_Australian Grand Prix
NOR,27,0 days 00:01:26.589000,HARD,7.0,True,0 days 01:47:11.145000,8,0 days 00:00:30.457000,0 days 00:00:19.029000,0 days 00:00:37.103000,1,86.589,6431.145,0.7749999999996362,True,False,7.0,0.0,0.0,0.0,0.0,30.457,19.029,37.103,0,0,0,0.0,85.2228,0.18430599556176527,7.412672582005865,0,0,85.03,85.828,0.7980000000000018,0.010000000000005116,1.5589999999999975,0.0033333333333350388,0.0,0.4269999999999996,0.185413591734802,0.0033333333333350388,0,1,2022,Australian Grand Prix,2022_Australian Grand Prix
NOR,28,0 days 00:01:25.828000,HARD,8.0,True,0 days 01:48:36.973000,8,0 days 00:00:30.276000,0 days 00:00:18.662000,0 days 00:00:36.890000,1,85.828,6516.973,0.8280000000004293,True,False,8.0,0.0,0.0,0.0,0.0,30.276,18.662,36.89,0,0,0,0.0,85.474,0.6470560253950192,0.5470932749353302,0,0,86.589,84.955,-1.6340000000000003,1.5690000000000026,-0.7609999999999957,0.3916666666666657,0.0,0.21399999999999864,0.24447658374576495,0.3916666666666657,0,1,2022,Australian Grand Prix,2022_Australian Grand Prix
NOR,29,0 days 00:01:24.955000,HARD,9.0,True,0 days 01:50:01.928000,8,0 days 00:00:29.743000,0 days 00:00:18.662000,0 days 00:00:36.550000,1,84.955,6601.928,0.8140000000003056,True,False,9.0,0.0,0.0,0.0,0.0,29.743,18.662,36.55,0,0,0,0.0,85.6356,0.6048456827985074,-1.1252456938288622,0,0,85.828,84.526,-1.3020000000000067,0.7980000000000018,-0.8730000000000047,0.17033333333333664,0.0,-0.12600000000000477,0.2540005905504946,0.17033333333333664,0,1,2022,Australian Grand Prix,2022_Australian Grand Prix
NOR,30,0 days 00:01:24.526000,HARD,10.0,True,0 days 01:51:26.454000,8,0 days 00:00:29.155000,0 days 00:00:18.589000,0 days 00:00:36.782000,1,84.526,6686.454,0.7539999999999054,True,False,10.0,0.0,0.0,0.0,0.0,29.155,18.589,36.782,0,0,0,0.0,85.5438,0.6773711685626999,-1.5025735479111952,1,0,84.955,84.459,-0.4959999999999951,0.0,-0.42900000000000205,-0.02500000000000095,0.0,0.23199999999999932,0.2698746005092002,-0.02500000000000095,0,1,2022,Australian Grand Prix,2022_Australian Grand Prix
NOR,31,0 days 00:01:24.459000,HARD,11.0,True,0 days 01:52:50.913000,8,0 days 00:00:29.279000,0 days 00:00:18.526000,0 days 00:00:36.654000,1,84.459,6770.913,0.8550000000004729,True,False,11.0,0.0,0.0,0.0,0.0,29.279,18.526,36.654,0,0,0,0.0,85.3856,0.8207723801395901,-1.1289366241130154,0,1,84.526,84.199,-0.3269999999999982,0.0,-0.06699999999999307,-0.6876666666666674,0.0,0.10400000000000631,0.2797439901052397,-0.6876666666666674,0,1,2022,Australian Grand Prix,2022_Australian Grand Prix
NOR,32,0 days 00:01:24.199000,HARD,12.0,True,0 days 01:54:15.112000,8,0 days 00:00:29.467000,0 days 00:00:18.501000,0 days 00:00:36.231000,1,84.199,6855.112,0.8940000000002328,True,False,12.0,0.0,0.0,0.0,0.0,29.467,18.501,36.231,0,0,0,0.0,85.2714,0.9167329491187797,-1.1698063225837567,0,0,84.459,85.305,0.8460000000000036,0.0,-0.2600000000000051,-0.45633333333333326,0.0,-0.3189999999999955,0.2023615576140895,-0.45633333333333326,0,1,2022,Australian Grand Prix,2022_Australian Grand Prix
NOR,33,0 days 00:01:25.305000,HARD,13.0,True,0 days 01:55:40.417000,8,0 days 00:00:29.734000,0 days 00:00:18.606000,0 days 00:00:36.965000,1,85.305,6940.417,0.407999999999447,True,False,13.0,0.0,0.0,0.0,0.0,29.734,18.606,36.965,0,0,0,0.0,84.7934,0.6389736301288588,0.8006590192099625,0,0,84.199,83.952,-0.2469999999999999,0.0,1.1060000000000088,-0.25200000000000006,0.0,0.7340000000000018,0.23762786031944935,-0.25200000000000006,0,1,2022,Australian Grand Prix,2022_Australian Grand Prix
NOR,34,0 days 00:01:23.952000,HARD,14.0,True,0 days 01:57:04.369000,7,0 days 00:00:28.913000,0 days 00:00:18.605000,0 days 00:00:36.434000,1,83.952,7024.369,1.5640000000003056,True,False,14.0,0.0,0.0,0.0,0.0,28.913,18.605,36.434,0,0,0,0.0,84.6888,0.4386857645286198,-1.67956213667365,1,0,85.305,83.865,-1.440000000000012,1.1060000000000088,-1.3530000000000086,0.2596666666666702,0.0,0.20299999999999585,0.4009077200553765,0.2596666666666702,0,0,2022,Australian Grand Prix,2022_Australian Grand Prix
NOR,35,0 days 00:01:23.865000,HARD,15.0,True,0 days 01:58:28.234000,7,0 days 00:00:29.107000,0 days 00:00:18.499000,0 days 00:00:36.259000,1,83.865,7108.234,1.4309999999995853,True,False,15.0,0.0,0.0,0.0,0.0,29.107,18.499,36.259,0,0,0,0.0,84.4882,0.5100467625621008,-1.2218487514154812,0,1,83.952,83.451,-0.5010000000000048,0.0,-0.0870000000000033,-0.16900000000000168,0.0,0.027999999999998693,0.3756137643910285,-0.16900000000000168,0,0,2022,Australian Grand Prix,2022_Australian Grand Prix
NOR,36,0 days 00:01:23.451000,HARD,16.0,True,0 days 01:59:51.685000,7,0 days 00:00:28.922000,0 days 00:00:18.413000,0 days 00:00:36.116000,1,83.451,7191.685,1.227999999999156,True,False,16.0,0.0,0.0,0.0,0.0,28.922,18.413,36.116,0,0,0,0.0,84.356,0.5788255350276921,-1.5635108426180684,1,0,83.865,83.785,-0.0799999999999983,0.0,-0.4140000000000015,-0.1113333333333344,0.0,-0.14300000000000068,0.3810597066077695,-0.1113333333333344,0,0,2022,Australian Grand Prix,2022_Australian Grand Prix
NOR,37,0 days 00:01:23.785000,HARD,17.0,True,0 days 02:01:15.470000,7,0 days 00:00:29.033000,0 days 00:00:18.531000,0 days 00:00:36.221000,1,83.785,7275.47,0.9160000000001673,True,False,17.0,0.0,0.0,0.0,0.0,29.033,18.531,36.221,0,0,0,0.0,84.1544,0.6973806707961699,-0.5296963559059796,0,1,83.451,83.502,0.05100000000000193,0.0,0.3340000000000032,-0.6180000000000044,0.0,0.10499999999999687,0.40384316262628445,-0.6180000000000044,0,1,2022,Australian Grand Prix,2022_Australian Grand Prix
NOR,38,0 days 00:01:23.502000,HARD,18.0,True,0 days 02:02:38.972000,7,0 days 00:00:29.167000,0 days 00:00:18.433000,0 days 00:00:35.902000,1,83.502,7358.972,1.235000000000582,True,False,18.0,0.0,0.0,0.0,0.0,29.167,18.433,35.902,0,0,0,0.0,84.07159999999999,0.7151131379020563,-0.7965173198622005,0,0,83.785,83.282,-0.5030000000000001,0.3340000000000032,-0.28300000000000125,-0.0556666666666672,0.0,-0.21399999999999864,0.331797076539262,-0.0556666666666672,0,0,2022,Australian Grand Prix,2022_Australian Grand Prix
NOR,41,0 days 00:01:23.282000,HARD,21.0,True,0 days 02:07:22.806000,5,0 days 00:00:28.742000,0 days 00:00:18.617000,0 days 00:00:35.923000,1,83.282,7642.806,1.6330000000007203,True,False,21.0,0.0,0.0,0.0,0.0,28.742,18.617,35.923,0,0,0,0.0,83.71099999999998,0.2227969927987404,-1.9255197056789592,1,0,83.502,83.213,-0.2890000000000015,0.05100000000000193,-0.21999999999999886,-0.12099999999999984,0.0,0.021000000000000796,0.1726085165917354,-0.12099999999999984,0,0,2022,Australian Grand Prix,2022_Australian Grand Prix
NOR,42,0 days 00:01:23.213000,HARD,22.0,True,0 days 02:08:46.019000,5,0 days 00:00:28.789000,0 days 00:00:18.543000,0 days 00:00:35.881000,1,83.213,7726.019,1.6239999999997963,True,False,22.0,0.0,0.0,0.0,0.0,28.789,18.543,35.881,0,0,0,0.0,83.577,0.24224677500469574,-1.502599982984081,1,1,83.282,83.012,-0.269999999999996,0.0,-0.06900000000000261,-0.05633333333333231,0.0,-0.021000000000000796,0.13252660110332487,-0.05633333333333231,0,0,2022,Australian Grand Prix,2022_Australian Grand Prix
NOR,43,0 days 00:01:23.012000,HARD,23.0,True,0 days 02:10:09.031000,5,0 days 00:00:28.762000,0 days 00:00:18.441000,0 days 00:00:35.809000,1,83.012,7809.031,1.4639999999999418,True,False,23.0,0.0,0.0,0.0,0.0,28.762,18.441,35.809,0,0,0,0.0,83.44659999999999,0.22319565407998246,-1.9471705297821325,1,1,83.213,82.685,-0.5279999999999916,0.0,-0.2009999999999934,-0.19066666666666757,0.0,-0.07200000000000273,0.12791716069394213,-0.19066666666666757,0,0,2022,Australian Grand Prix,2022_Australian Grand Prix
NOR,44,0 days 00:01:22.685000,HARD,24.0,True,0 days 02:11:31.716000,5,0 days 00:00:28.584000,0 days 00:00:18.416000,0 days 00:00:35.685000,1,82.685,7891.716,1.699999999999818,True,False,24.0,0.0,0.0,0.0,0.0,28.584,18.416,35.685,0,0,0,0.0,83.3588,0.2956259460876251,-2.27923160641753,1,1,83.012,82.685,-0.3269999999999982,0.0,-0.3269999999999982,-0.16333333333333164,0.0,-0.12399999999999523,0.11867476564122567,-0.16333333333333164,0,0,2022,Australian Grand Prix,2022_Australian Grand Prix
NOR,45,0 days 00:01:22.685000,HARD,25.0,True,0 days 02:12:54.401000,5,0 days 00:00:28.583000,0 days 00:00:18.446000,0 days 00:00:35.656000,1,82.685,7974.401,1.9549999999999272,True,False,25.0,0.0,0.0,0.0,0.0,28.583,18.446,35.656,0,0,0,0.0,83.1388,0.3081958792719924,-1.4724401931393398,0,1,82.685,82.979,0.29399999999999693,0.0,0.0,-0.19899999999999807,0.0,-0.029000000000003467,0.09167606012476721,-0.19899999999999807,0,0,2022,Australian Grand Prix,2022_Australian Grand Prix
NOR,46,0 days 00:01:22.979000,HARD,26.0,True,0 days 02:14:17.380000,5,0 days 00:00:28.611000,0 days 00:00:18.529000,0 days 00:00:35.839000,1,82.979,8057.38,2.132999999999811,True,False,26.0,0.0,0.0,0.0,0.0,28.611,18.529,35.839,0,0,0,0.0,82.97540000000001,0.28304646261746796,0.012718759905001686,0,0,82.685,82.598,-0.0870000000000033,0.0,0.29399999999999693,-0.1759999999999972,0.0,0.18299999999999983,0.05513166059534169,-0.1759999999999972,0,0,2022,Australian Grand Prix,2022_Australian Grand Prix
NOR,47,0 days 00:01:22.598000,HARD,27.0,True,0 days 02:15:39.978000,5,0 days 00:00:28.617000,0 days 00:00:18.461000,0 days 00:00:35.520000,1,82.598,8139.978,2.6359999999995125,True,False,27.0,0.0,0.0,0.0,0.0,28.617,18.461,35.52,0,0,0,0.0,82.9148,0.22809471716870608,-1.3888967001620003,0,0,82.979,82.697,-0.2819999999999965,0.29399999999999693,-0.3810000000000002,-0.011000000000000417,0.0,-0.13599999999999568,0.11676600532689273,-0.011000000000000417,0,0,2022,Australian Grand Prix,2022_Australian Grand Prix
NOR,48,0 days 00:01:22.697000,HARD,28.0,True,0 days 02:17:02.675000,5,0 days 00:00:28.660000,0 days 00:00:18.424000,0 days 00:00:35.613000,1,82.697,8222.675,2.9980000000014115,True,False,28.0,0.0,0.0,0.0,0.0,28.66,18.424,35.613,0,0,0,0.0,82.7918,0.18967261267850452,-0.49980858417698093,0,0,82.598,82.442,-0.1560000000000059,0.0,0.09900000000000375,-0.029000000000001098,0.0,0.09299999999999642,0.12946930138067364,-0.029000000000001098,0,0,2022,Australian Grand Prix,2022_Australian Grand Prix
NOR,49,0 days 00:01:22.442000,HARD,29.0,True,0 days 02:18:25.117000,5,0 days 00:00:28.624000,0 days 00:00:18.422000,0 days 00:00:35.396000,1,82.442,8305.117,3.6779999999998836,True,False,29.0,0.0,0.0,0.0,0.0,28.624,18.422,35.396,0,0,0,0.0,82.7288,0.14539325981728854,-1.972581124877638,1,0,82.697,82.459,-0.23799999999999955,0.09900000000000375,-0.25500000000000966,0.004000000000000152,0.0,-0.12400000000000233,0.13857958002533918,0.004000000000000152,0,0,2022,Australian Grand Prix,2022_Australian Grand Prix
NOR,50,0 days 00:01:22.459000,HARD,30.0,True,0 days 02:19:47.576000,5,0 days 00:00:28.624000,0 days 00:00:18.468000,0 days 00:00:35.367000,1,82.459,8387.576,4.225000000000364,True,False,30.0,0.0,0.0,0.0,0.0,28.624,18.468,35.367,0,0,0,0.0,82.6802,0.19562898558317937,-1.130711787624867,0,1,82.442,82.739,0.29700000000001125,0.0,0.017000000000010118,-0.17900000000000205,0.0,-0.029000000000003467,0.13857958002534074,-0.17900000000000205,0,0,2022,Australian Grand Prix,2022_Australian Grand Prix
NOR,51,0 days 00:01:22.739000,HARD,31.0,True,0 days 02:21:10.315000,5,0 days 00:00:28.718000,0 days 00:00:18.510000,0 days 00:00:35.511000,1,82.739,8470.315,4.418999999999869,True,False,31.0,0.0,0.0,0.0,0.0,28.718,18.51,35.511,0,0,0,0.0,82.635,0.2189600420175079,0.4749725065895056,0,0,82.459,82.581,0.12199999999999989,0.017000000000010118,0.28000000000000114,-0.04633333333333193,0.0,0.14400000000000546,0.13857958002534074,-0.04633333333333193,0,0,2022,Australian Grand Prix,2022_Australian Grand Prix
NOR,52,0 days 00:01:22.581000,HARD,32.0,True,0 days 02:22:32.896000,5,0 days 00:00:28.696000,0 days 00:00:18.420000,0 days 00:00:35.465000,1,82.581,8552.896,4.510000000000218,True,False,32.0,0.0,0.0,0.0,0.0,28.696,18.42,35.465,0,0,0,0.0,82.587,0.1348462086983366,-0.044495133069872066,0,0,82.739,82.435,-0.30400000000000205,0.29700000000001125,-0.15800000000000125,0.014000000000000531,0.0,0.09800000000000608,0.12605276672885937,0.014000000000000531,0,0,2022,Australian Grand Prix,2022_Australian Grand Prix
NOR,53,0 days 00:01:22.435000,HARD,33.0,True,0 days 02:23:55.331000,5,0 days 00:00:28.675000,0 days 00:00:18.428000,0 days 00:00:35.332000,1,82.435,8635.331,4.636000000000422,True,False,33.0,0.0,0.0,0.0,0.0,28.675,18.428,35.332,0,0,0,0.0,82.5836,0.13471377064099918,-1.1030795091914418,0,0,82.581,82.309,-0.27200000000000557,0.13900000000001,-0.1460000000000008,0.04633333333333667,0.0,-0.03499999999999659,0.11020571673012602,0.04633333333333667,0,0,2022,Australian Grand Prix,2022_Australian Grand Prix
NOR,54,0 days 00:01:22.309000,HARD,34.0,True,0 days 02:25:17.640000,5,0 days 00:00:28.691000,0 days 00:00:18.393000,0 days 00:00:35.225000,1,82.309,8717.64,4.778000000000247,True,False,34.0,0.0,0.0,0.0,0.0,28.691,18.393,35.225,0,0,0,0.0,82.5312,0.1304653210639569,-1.7031345815726284,1,0,82.435,82.248,-0.1869999999999976,0.0,-0.12600000000000477,-0.008000000000000304,0.0,-0.10699999999999932,0.10862642404130259,-0.008000000000000304,0,0,2022,Australian Grand Prix,2022_Australian Grand Prix
NOR,55,0 days 00:01:22.248000,HARD,35.0,True,0 days 02:26:39.888000,5,0 days 00:00:28.601000,0 days 00:00:18.467000,0 days 00:00:35.180000,1,82.248,8799.888,5.009999999998399,True,False,35.0,0.0,0.0,0.0,0.0,28.601,18.467,35.18,0,0,0,0.0,82.50460000000001,0.162759945933648,-1.5765549596865405,1,1,82.309,83.86,1.551000000000002,0.0,-0.06099999999999284,-0.14333333333333562,0.0,-0.045000000000001705,0.10349734296106669,-0.14333333333333562,0,0,2022,Australian Grand Prix,2022_Australian Grand Prix
NOR,56,0 days 00:01:23.860000,HARD,36.0,True,0 days 02:28:03.748000,5,0 days 00:00:28.741000,0 days 00:00:18.665000,0 days 00:00:36.454000,1,83.86,8883.748,3.904000000000451,True,False,36.0,0.0,0.0,0.0,0.0,28.741,18.665,36.454,0,0,0,0.0,82.4624,0.20051383992215607,6.970092441212918,0,1,82.248,84.97,2.721999999999994,0.0,1.6119999999999948,-0.11099999999999947,0.0,1.274000000000001,0.105396869023708,-0.11099999999999947,0,0,2022,Australian Grand Prix,2022_Australian Grand Prix
NOR,57,0 days 00:01:24.970000,HARD,37.0,True,0 days 02:29:28.718000,5,0 days 00:00:29.363000,0 days 00:00:18.993000,0 days 00:00:36.614000,1,84.97,8968.718,1.6229999999995925,True,False,37.0,0.0,0.0,0.0,0.0,29.363,18.993,36.614,0,0,0,0.0,82.6866,0.6682576598889864,3.4169454943162605,0,0,83.86,84.744,0.8840000000000003,1.6119999999999948,1.1099999999999994,0.47499999999999903,0.0,1.4339999999999975,0.5844942258055248,0.47499999999999903,0,0,2022,Australian Grand Prix,2022_Australian Grand Prix
OCO,2,0 days 00:01:26.734000,MEDIUM,2.0,True,0 days 01:05:15.623000,8,0 days 00:00:30.304000,0 days 00:00:18.725000,0 days 00:00:37.705000,12,86.734,3915.623,1.081000000000131,False,True,2.0,0.0,0.0,0.0,0.0,30.304,18.725,37.705,0,0,1,0.0,83.6262,1.2984980554472172,2.3933805576086415,0,0,86.734,86.228,-0.5060000000000002,4.48599999999999,0.0,0.8319999999999984,0.0,1.2509999999999977,0.7920893257707748,0.0,0,0,2022,Australian Grand Prix,2022_Australian Grand Prix
OCO,7,0 days 00:01:26.228000,MEDIUM,7.0,True,0 days 01:15:16.140000,8,0 days 00:00:30.159000,0 days 00:00:18.602000,0 days 00:00:37.467000,1,86.228,4516.14,1.043999999999869,False,True,7.0,0.0,0.0,0.0,0.0,30.159,18.602,37.467,0,0,0,0.0,,,0.0,0,0,86.734,85.686,-1.0479999999999876,0.0,-0.5060000000000002,0.0,0.0,0.0,0.0,0.0,0,0,2022,Australian Grand Prix,2022_Australian Grand Prix
OCO,8,0 days 00:01:25.686000,MEDIUM,8.0,True,0 days 01:16:41.826000,8,0 days 00:00:29.857000,0 days 00:00:18.649000,0 days 00:00:37.180000,1,85.686,4601.826,1.4830000000001746,False,True,8.0,0.0,0.0,0.0,0.0,29.857,18.649,37.18,0,0,0,0.0,,,0.0,0,0,86.228,85.204,-1.024000000000001,0.0,-0.5419999999999874,-0.2530000000000001,0.0,-0.28699999999999903,0.0,0.0,0,0,2022,Australian Grand Prix,2022_Australian Grand Prix
OCO,9,0 days 00:01:25.204000,MEDIUM,9.0,True,0 days 01:18:07.030000,8,0 days 00:00:29.655000,0 days 00:00:18.611000,0 days 00:00:36.938000,1,85.204,4687.03,1.8820000000005166,False,True,9.0,0.0,0.0,0.0,0.0,29.655,18.611,36.938,0,0,0,0.0,86.21600000000001,0.5241030433035011,-1.9309179996765997,1,0,85.686,85.172,-0.51400000000001,0.0,-0.48200000000001353,-0.3493333333333292,0.0,-0.24199999999999733,0.8178033585974873,-0.5239999999999938,0,0,2022,Australian Grand Prix,2022_Australian Grand Prix
OCO,10,0 days 00:01:25.172000,MEDIUM,10.0,True,0 days 01:19:32.202000,8,0 days 00:00:29.490000,0 days 00:00:18.628000,0 days 00:00:37.054000,1,85.172,4772.202,2.006999999999607,False,True,10.0,0.0,0.0,0.0,0.0,29.49,18.628,37.054,0,0,0,0.0,85.963,0.662690475762751,-1.1936190860289078,0,1,85.204,85.595,0.39100000000000534,0.0,-0.031999999999996476,-0.5100000000000003,0.0,0.11599999999999966,0.724709826988244,-0.5100000000000003,0,0,2022,Australian Grand Prix,2022_Australian Grand Prix
OCO,11,0 days 00:01:25.595000,MEDIUM,11.0,True,0 days 01:20:57.797000,8,0 days 00:00:29.701000,0 days 00:00:18.558000,0 days 00:00:37.336000,1,85.595,4857.797,1.7260000000005675,False,True,11.0,0.0,0.0,0.0,0.0,29.701,18.558,37.336,0,0,0,0.0,85.8048,0.674170008232342,-0.3111974686475479,0,0,85.172,85.462,0.29000000000000625,0.0,0.4230000000000018,-0.35199999999999915,0.0,0.39799999999999613,0.6282796351943918,-0.35199999999999915,0,0,2022,Australian Grand Prix,2022_Australian Grand Prix
OCO,12,0 days 00:01:25.462000,MEDIUM,12.0,True,0 days 01:22:23.259000,8,0 days 00:00:29.587000,0 days 00:00:18.590000,0 days 00:00:37.285000,1,85.462,4943.259,1.6409999999996217,False,True,12.0,0.0,0.0,0.0,0.0,29.587,18.59,37.285,0,0,0,0.0,85.577,0.42987207399411287,-0.2675214487219047,0,0,85.595,85.623,0.028000000000005798,0.4230000000000018,-0.13299999999999557,-0.03033333333333606,0.0,0.3469999999999942,0.27961938416354243,-0.03033333333333606,0,0,2022,Australian Grand Prix,2022_Australian Grand Prix
OCO,13,0 days 00:01:25.623000,MEDIUM,13.0,True,0 days 01:23:48.882000,8,0 days 00:00:29.709000,0 days 00:00:18.652000,0 days 00:00:37.262000,1,85.623,5028.882,1.417000000000371,False,True,13.0,0.0,0.0,0.0,0.0,29.709,18.652,37.262,0,0,0,0.0,85.4238,0.22980034812854636,0.8668394178784083,0,0,85.462,85.785,0.3229999999999933,0.29000000000000625,0.16100000000000136,0.08600000000000325,0.0,0.2079999999999984,0.3206077042118575,0.08600000000000325,0,0,2022,Australian Grand Prix,2022_Australian Grand Prix
OCO,14,0 days 00:01:25.785000,MEDIUM,14.0,True,0 days 01:25:14.667000,8,0 days 00:00:29.663000,0 days 00:00:18.693000,0 days 00:00:37.429000,1,85.785,5114.667,1.4049999999997453,False,True,14.0,0.0,0.0,0.0,0.0,29.663,18.693,37.429,0,0,0,0.0,85.4112,0.21293825396109783,1.7554384571421027,0,0,85.623,85.835,0.21199999999998909,0.4510000000000076,0.16199999999999193,0.15033333333333587,0.0,0.1670000000000016,0.25362925698743516,0.15033333333333587,0,0,2022,Australian Grand Prix,2022_Australian Grand Prix
OCO,15,0 days 00:01:25.835000,MEDIUM,15.0,True,0 days 01:26:40.502000,8,0 days 00:00:29.765000,0 days 00:00:18.751000,0 days 00:00:37.319000,1,85.835,5200.502,1.2859999999991487,False,True,15.0,0.0,0.0,0.0,0.0,29.765,18.751,37.319,0,0,0,0.0,85.5274,0.229484857888273,1.3403934483108764,0,0,85.785,86.32,0.5349999999999966,0.6129999999999995,0.04999999999999716,0.06333333333333258,0.0,0.05700000000000216,0.12029422263766197,0.06333333333333258,0,0,2022,Australian Grand Prix,2022_Australian Grand Prix
OCO,16,0 days 00:01:26.320000,MEDIUM,16.0,True,0 days 01:28:06.822000,8,0 days 00:00:30.001000,0 days 00:00:18.885000,0 days 00:00:37.434000,1,86.32,5286.822,0.7789999999995416,False,True,16.0,0.0,0.0,0.0,0.0,30.001,18.885,37.434,0,0,0,0.0,85.66,0.15087080565834463,4.3746038017096796,0,0,85.835,84.6,-1.2349999999999994,0.37299999999999045,0.48499999999999943,0.12433333333333015,0.0,0.17199999999999704,0.13797572250218193,0.12433333333333015,0,1,2022,Australian Grand Prix,2022_Australian Grand Prix
OCO,19,0 days 00:01:24.600000,HARD,2.0,True,0 days 01:32:43.433000,16,0 days 00:00:29.334000,0 days 00:00:18.665000,0 days 00:00:36.601000,1,84.6,5563.433,7.511999999999716,True,False,2.0,0.0,0.0,0.0,0.0,29.334,18.665,36.601,0,0,0,0.0,85.80499999999999,0.32299303398060025,-3.7307306140613967,1,0,86.32,84.367,-1.9529999999999887,0.8579999999999899,-1.7199999999999989,0.2323333333333295,0.0,-0.7180000000000035,0.10430100670654802,0.2323333333333295,0,0,2022,Australian Grand Prix,2022_Australian Grand Prix
OCO,20,0 days 00:01:24.367000,HARD,3.0,True,0 days 01:34:07.800000,16,0 days 00:00:29.367000,0 days 00:00:18.593000,0 days 00:00:36.407000,1,84.367,5647.8,7.501999999999498,True,False,3.0,0.0,0.0,0.0,0.0,29.367,18.593,36.407,0,0,0,0.0,85.6326,0.6330610555072882,-1.9991752596214185,1,1,84.6,84.507,-0.09299999999998931,0.0,-0.23299999999998988,-0.39500000000000074,0.0,-0.19400000000000261,0.3927183469103538,-0.39500000000000074,0,0,2022,Australian Grand Prix,2022_Australian Grand Prix
OCO,21,0 days 00:01:24.507000,HARD,4.0,True,0 days 01:35:32.307000,14,0 days 00:00:29.333000,0 days 00:00:18.525000,0 days 00:00:36.649000,1,84.507,5732.307,7.998000000000502,True,False,4.0,0.0,0.0,0.0,0.0,29.333,18.525,36.649,0,0,0,0.0,85.3814,0.8498836979257859,-1.0288466552941804,0,1,84.367,85.239,0.8719999999999999,0.0,0.14000000000000057,-0.4893333333333298,0.0,0.24200000000000443,0.3743764148554249,-0.4893333333333298,0,0,2022,Australian Grand Prix,2022_Australian Grand Prix
OCO,22,0 days 00:01:25.239000,HARD,5.0,True,0 days 01:36:57.546000,13,0 days 00:00:29.675000,0 days 00:00:18.553000,0 days 00:00:37.011000,1,85.239,5817.546,7.563000000000102,True,False,5.0,0.0,0.0,0.0,0.0,29.675,18.553,37.011,0,0,0,0.0,85.1258,0.8894148076122952,0.127274696835665,0,0,84.507,86.917,2.4099999999999966,0.14000000000000057,0.7319999999999993,-0.6043333333333294,0.0,0.6040000000000063,0.3891210608538193,-0.6043333333333294,0,0,2022,Australian Grand Prix,2022_Australian Grand Prix
OCO,27,0 days 00:01:26.917000,HARD,10.0,True,0 days 01:47:13.052000,11,0 days 00:00:30.557000,0 days 00:00:18.652000,0 days 00:00:37.708000,1,86.917,6433.052,0.39800000000013824,True,False,10.0,0.0,0.0,0.0,0.0,30.557,18.652,37.708,0,0,0,0.0,85.00659999999999,0.8066971550712344,2.3681749563518846,0,0,85.239,86.162,0.9230000000000018,0.8719999999999999,1.6779999999999973,0.21300000000000333,0.0,1.301000000000002,0.5009682624677971,0.21300000000000333,0,1,2022,Australian Grand Prix,2022_Australian Grand Prix
OCO,28,0 days 00:01:26.162000,HARD,11.0,True,0 days 01:48:39.214000,11,0 days 00:00:30.045000,0 days 00:00:18.681000,0 days 00:00:37.436000,1,86.162,6519.214,0.7349999999996726,True,False,11.0,0.0,0.0,0.0,0.0,30.045,18.681,37.436,0,0,0,0.0,85.126,1.0555055660677612,0.9815201674962009,0,0,86.917,85.008,-1.909000000000006,2.549999999999997,-0.7549999999999955,0.8499999999999991,0.0,0.786999999999999,0.768780853039411,0.8499999999999991,0,1,2022,Australian Grand Prix,2022_Australian Grand Prix
OCO,29,0 days 00:01:25.008000,HARD,12.0,True,0 days 01:50:04.222000,11,0 days 00:00:29.734000,0 days 00:00:18.503000,0 days 00:00:36.771000,1,85.008,6604.222,0.6970000000001164,True,False,12.0,0.0,0.0,0.0,0.0,29.734,18.503,36.771,0,0,0,0.0,85.4384,1.0914461965667444,-0.39433918167828436,0,0,86.162,84.299,-1.8629999999999995,1.7950000000000017,-1.1540000000000106,0.5516666666666671,0.0,-0.240000000000002,0.5637965058423129,0.5516666666666671,0,1,2022,Australian Grand Prix,2022_Australian Grand Prix
OCO,30,0 days 00:01:24.299000,HARD,13.0,True,0 days 01:51:28.521000,11,0 days 00:00:29.358000,0 days 00:00:18.460000,0 days 00:00:36.481000,1,84.299,6688.521,0.9350000000004002,True,False,13.0,0.0,0.0,0.0,0.0,29.358,18.46,36.481,0,0,0,0.0,85.5666,0.9643895996950669,-1.3144065431655354,0,0,85.008,84.48,-0.5279999999999916,0.5009999999999906,-0.708999999999989,-0.07700000000000291,0.0,-0.28999999999999915,0.579099041615509,-0.07700000000000291,0,1,2022,Australian Grand Prix,2022_Australian Grand Prix
OCO,31,0 days 00:01:24.480000,HARD,14.0,True,0 days 01:52:53.001000,11,0 days 00:00:29.421000,0 days 00:00:18.416000,0 days 00:00:36.643000,1,84.48,6773.001,0.6920000000000073,True,False,14.0,0.0,0.0,0.0,0.0,29.421,18.416,36.643,0,0,0,0.0,85.525,1.02415745859707,-1.0203509150160197,0,0,84.299,84.552,0.2530000000000001,0.0,0.18099999999999739,-0.872666666666665,0.0,0.16199999999999903,0.6862283147757761,-0.872666666666665,0,1,2022,Australian Grand Prix,2022_Australian Grand Prix
OCO,32,0 days 00:01:24.552000,HARD,15.0,True,0 days 01:54:17.553000,11,0 days 00:00:29.391000,0 days 00:00:18.400000,0 days 00:00:36.761000,1,84.552,6857.553,0.7160000000003492,True,False,15.0,0.0,0.0,0.0,0.0,29.391,18.4,36.761,0,0,0,0.0,85.37320000000001,1.128118655106816,-0.7279376121319873,0,0,84.48,84.541,0.06099999999999284,0.18099999999999739,0.07200000000000273,-0.5606666666666674,0.0,0.28000000000000114,0.6870651351946198,-0.5606666666666674,0,1,2022,Australian Grand Prix,2022_Australian Grand Prix
OCO,33,0 days 00:01:24.541000,HARD,16.0,True,0 days 01:55:42.094000,11,0 days 00:00:29.323000,0 days 00:00:18.442000,0 days 00:00:36.776000,1,84.541,6942.094,0.6019999999998618,True,False,16.0,0.0,0.0,0.0,0.0,29.323,18.442,36.776,0,0,0,0.0,84.9002,0.7521656732396287,-0.47755436439009835,0,0,84.552,85.264,0.7119999999999891,0.2530000000000001,-0.01100000000000989,-0.15199999999999628,0.0,0.2950000000000017,0.4381759920397282,-0.15199999999999628,0,1,2022,Australian Grand Prix,2022_Australian Grand Prix
OCO,34,0 days 00:01:25.264000,HARD,17.0,True,0 days 01:57:07.358000,11,0 days 00:00:29.654000,0 days 00:00:18.350000,0 days 00:00:37.260000,1,85.264,7027.358,0.5180000000000291,True,False,17.0,0.0,0.0,0.0,0.0,29.654,18.35,37.26,0,0,0,0.0,84.576,0.2619016991163459,2.626939811086787,0,0,84.541,85.328,0.7870000000000061,0.24199999999999022,0.722999999999999,0.0806666666666634,0.0,0.6169999999999973,0.2849557860440816,0.0806666666666634,0,1,2022,Australian Grand Prix,2022_Australian Grand Prix
OCO,35,0 days 00:01:25.328000,HARD,18.0,True,0 days 01:58:32.686000,11,0 days 00:00:29.877000,0 days 00:00:18.398000,0 days 00:00:37.053000,1,85.328,7112.686,0.5870000000004438,True,False,18.0,0.0,0.0,0.0,0.0,29.877,18.398,37.053,0,0,0,0.0,84.62719999999999,0.3701293017311997,1.8933923813169475,0,0,85.264,84.649,-0.6149999999999949,0.9649999999999892,0.06400000000000716,0.2613333333333306,0.0,0.2919999999999945,0.3278867182427483,0.2613333333333306,0,1,2022,Australian Grand Prix,2022_Australian Grand Prix
OCO,36,0 days 00:01:24.649000,HARD,19.0,True,0 days 01:59:57.335000,11,0 days 00:00:29.318000,0 days 00:00:18.365000,0 days 00:00:36.966000,1,84.649,7197.335,0.831000000000131,True,False,19.0,0.0,0.0,0.0,0.0,29.318,18.365,36.966,0,0,0,0.0,84.833,0.4241520953620486,-0.4338066509914053,0,0,85.328,84.549,-0.7789999999999964,0.847999999999999,-0.679000000000002,0.25866666666666543,0.0,0.18999999999999773,0.1701167246334109,0.25866666666666543,0,1,2022,Australian Grand Prix,2022_Australian Grand Prix
OCO,37,0 days 00:01:24.549000,HARD,20.0,True,0 days 02:01:21.884000,11,0 days 00:00:29.327000,0 days 00:00:18.413000,0 days 00:00:36.809000,1,84.549,7281.884,0.7969999999995707,True,False,20.0,0.0,0.0,0.0,0.0,29.327,18.413,36.809,0,0,0,0.0,84.8668,0.39470077273805143,-0.8051669060473401,0,0,84.649,84.167,-0.4819999999999993,0.10800000000000409,-0.09999999999999432,0.036000000000001364,0.0,-0.15700000000000358,0.16357169681824496,0.036000000000001364,0,1,2022,Australian Grand Prix,2022_Australian Grand Prix
OCO,38,0 days 00:01:24.167000,HARD,21.0,True,0 days 02:02:46.051000,11,0 days 00:00:29.120000,0 days 00:00:18.394000,0 days 00:00:36.653000,1,84.167,7366.051,1.188999999999396,True,False,21.0,0.0,0.0,0.0,0.0,29.12,18.394,36.653,0,0,0,0.0,84.8662,0.3953007715651663,-1.7687797502432647,1,0,84.549,83.54,-1.0090000000000003,0.008000000000009777,-0.382000000000005,-0.23833333333332973,0.0,-0.1559999999999988,0.27735050026996566,-0.23833333333332973,0,0,2022,Australian Grand Prix,2022_Australian Grand Prix
OCO,41,0 days 00:01:23.540000,HARD,24.0,True,0 days 02:07:30.504000,8,0 days 00:00:29.062000,0 days 00:00:18.369000,0 days 00:00:36.109000,1,83.54,7650.504,2.61200000000008,True,False,24.0,0.0,0.0,0.0,0.0,29.062,18.369,36.109,0,0,0,0.0,84.7914,0.4950255548959288,-2.5279502999861823,1,1,84.167,83.231,-0.936000000000007,0.0,-0.6269999999999953,-0.38700000000000045,0.0,-0.5439999999999969,0.32690931464245454,-0.38700000000000045,0,0,2022,Australian Grand Prix,2022_Australian Grand Prix
OCO,42,0 days 00:01:23.231000,HARD,25.0,True,0 days 02:08:53.735000,8,0 days 00:00:29.065000,0 days 00:00:18.258000,0 days 00:00:35.908000,1,83.231,7733.735,3.3320000000003347,True,False,25.0,0.0,0.0,0.0,0.0,29.065,18.258,35.908,0,0,0,0.0,84.44660000000002,0.6573464079159915,-1.8492532785778548,1,1,83.54,83.12,-0.4200000000000017,0.0,-0.3090000000000117,-0.36966666666666487,0.0,-0.2010000000000005,0.3309682764253971,-0.36966666666666487,0,0,2022,Australian Grand Prix,2022_Australian Grand Prix
OCO,43,0 days 00:01:23.120000,HARD,26.0,True,0 days 02:10:16.855000,8,0 days 00:00:28.936000,0 days 00:00:18.233000,0 days 00:00:35.951000,1,83.12,7816.855,4.14600000000064,True,False,26.0,0.0,0.0,0.0,0.0,28.936,18.233,35.951,0,0,0,0.0,84.0272,0.6224453389656804,-1.457477377061713,0,1,83.231,82.928,-0.30299999999999727,0.0,-0.11099999999999,-0.43933333333333735,0.0,0.04299999999999926,0.2601620648749525,-0.43933333333333735,0,0,2022,Australian Grand Prix,2022_Australian Grand Prix
OCO,44,0 days 00:01:22.928000,HARD,27.0,True,0 days 02:11:39.783000,8,0 days 00:00:28.856000,0 days 00:00:18.147000,0 days 00:00:35.925000,1,82.928,7899.783,5.480999999999767,True,False,27.0,0.0,0.0,0.0,0.0,28.856,18.147,35.925,0,0,0,0.0,83.72139999999999,0.6161495759960639,-1.2876743422526669,0,0,83.12,83.225,0.10499999999998977,0.0,-0.19200000000000728,-0.34899999999999903,0.0,0.016999999999995907,0.2127945018086683,-0.34899999999999903,0,0,2022,Australian Grand Prix,2022_Australian Grand Prix
OCO,45,0 days 00:01:23.225000,HARD,28.0,True,0 days 02:13:03.008000,8,0 days 00:00:28.918000,0 days 00:00:18.350000,0 days 00:00:35.957000,1,83.225,7983.008,6.677999999999884,True,False,28.0,0.0,0.0,0.0,0.0,28.918,18.35,35.957,0,0,0,0.0,83.3972,0.48414739491208925,-0.35567680795075124,0,0,82.928,82.869,-0.0589999999999975,0.0,0.29699999999999704,-0.20400000000000298,0.0,0.04899999999999949,0.23524179050500146,-0.20400000000000298,0,0,2022,Australian Grand Prix,2022_Australian Grand Prix
OCO,46,0 days 00:01:22.869000,HARD,29.0,True,0 days 02:14:25.877000,8,0 days 00:00:28.813000,0 days 00:00:18.255000,0 days 00:00:35.801000,1,82.869,8065.877,7.692000000000007,True,False,29.0,0.0,0.0,0.0,0.0,28.813,18.255,35.801,0,0,0,0.0,83.2088,0.22202634978799288,-1.5304489774500318,1,0,83.225,83.083,-0.1419999999999959,0.29699999999999704,-0.35599999999999454,-0.002000000000000076,0.0,-0.12399999999999523,0.2549396006900438,-0.002000000000000076,0,0,2022,Australian Grand Prix,2022_Australian Grand Prix
OCO,47,0 days 00:01:23.083000,HARD,30.0,True,0 days 02:15:48.960000,8,0 days 00:00:28.898000,0 days 00:00:18.353000,0 days 00:00:35.832000,1,83.083,8148.96,8.21100000000024,True,False,30.0,0.0,0.0,0.0,0.0,28.898,18.353,35.832,0,0,0,0.0,83.0746,0.16800684509921465,0.04999796285106183,0,1,82.869,83.126,0.257000000000005,0.0,0.21399999999999864,-0.08366666666666826,0.0,0.030999999999998806,0.11289906996959577,-0.08366666666666826,0,0,2022,Australian Grand Prix,2022_Australian Grand Prix
OCO,48,0 days 00:01:23.126000,HARD,31.0,True,0 days 02:17:12.086000,8,0 days 00:00:28.802000,0 days 00:00:18.270000,0 days 00:00:36.054000,1,83.126,8232.086,8.677000000001499,True,False,31.0,0.0,0.0,0.0,0.0,28.802,18.27,36.054,0,0,0,0.0,83.045,0.1450293073836954,0.5585078041206264,0,0,83.083,83.02,-0.06300000000000239,0.21399999999999864,0.043000000000006366,0.05166666666666705,0.0,0.2530000000000001,0.0721540019680103,0.05166666666666705,0,0,2022,Australian Grand Prix,2022_Australian Grand Prix
OCO,49,0 days 00:01:23.020000,HARD,32.0,True,0 days 02:18:35.106000,8,0 days 00:00:28.704000,0 days 00:00:18.454000,0 days 00:00:35.862000,1,83.02,8315.106,9.404000000000451,True,False,32.0,0.0,0.0,0.0,0.0,28.704,18.454,35.862,0,0,0,0.0,83.0462,0.1458276379846921,-0.17966415942877145,0,0,83.126,82.936,-0.18999999999999773,0.257000000000005,-0.10600000000000875,-0.03299999999999651,0.0,0.06099999999999994,0.13492664673814317,-0.03299999999999651,0,0,2022,Australian Grand Prix,2022_Australian Grand Prix
OCO,50,0 days 00:01:22.936000,HARD,33.0,True,0 days 02:19:58.042000,8,0 days 00:00:28.676000,0 days 00:00:18.260000,0 days 00:00:36,1,82.936,8398.042,10.340000000000146,True,False,33.0,0.0,0.0,0.0,0.0,28.676,18.26,36.0,0,0,0,0.0,83.06460000000001,0.13236804750464967,-0.9715335568086286,0,0,83.02,82.98,-0.03999999999999204,0.15099999999999625,-0.08399999999998897,0.050333333333332085,0.0,0.16799999999999926,0.1340596881989497,0.050333333333332085,0,0,2022,Australian Grand Prix,2022_Australian Grand Prix
OCO,51,0 days 00:01:22.980000,HARD,34.0,True,0 days 02:21:21.022000,8,0 days 00:00:28.792000,0 days 00:00:18.331000,0 days 00:00:35.857000,1,82.98,8481.022,10.620999999999185,True,False,34.0,0.0,0.0,0.0,0.0,28.792,18.331,35.857,0,0,0,0.0,83.0068,0.10510803965538128,-0.25497573818200586,0,0,82.936,82.876,-0.060000000000002274,0.06700000000000728,0.04399999999999693,-0.04899999999999712,0.0,-0.005000000000002558,0.14320160613624253,-0.04899999999999712,0,0,2022,Australian Grand Prix,2022_Australian Grand Prix
OCO,52,0 days 00:01:22.876000,HARD,35.0,True,0 days 02:22:43.898000,8,0 days 00:00:28.840000,0 days 00:00:18.309000,0 days 00:00:35.727000,1,82.876,8563.898,10.476000000000568,True,False,35.0,0.0,0.0,0.0,0.0,28.84,18.309,35.727,0,0,0,0.0,83.029,0.07657675887758347,-1.9979952434991304,1,0,82.98,83.21,0.22999999999998977,0.04399999999999693,-0.1039999999999992,-0.048666666666666934,0.0,-0.13000000000000256,0.10645092766152944,-0.048666666666666934,0,0,2022,Australian Grand Prix,2022_Australian Grand Prix
OCO,53,0 days 00:01:23.210000,HARD,36.0,True,0 days 02:24:07.108000,8,0 days 00:00:28.617000,0 days 00:00:18.182000,0 days 00:00:36.411000,1,83.21,8647.108,10.634000000000015,True,False,36.0,0.0,0.0,0.0,0.0,28.617,18.182,36.411,0,0,0,0.0,82.9876,0.09404679686304065,2.3647801670892843,0,1,82.876,82.944,0.06799999999999784,0.0,0.333999999999989,-0.04799999999999708,0.0,0.6840000000000046,0.14899429519280372,-0.04799999999999708,0,0,2022,Australian Grand Prix,2022_Australian Grand Prix
OCO,54,0 days 00:01:22.944000,HARD,37.0,True,0 days 02:25:30.052000,8,0 days 00:00:28.888000,0 days 00:00:18.288000,0 days 00:00:35.768000,1,82.944,8730.052,9.34100000000035,True,False,37.0,0.0,0.0,0.0,0.0,28.888,18.288,35.768,0,0,0,0.0,83.0044,0.12676277056058885,-0.47648059231343426,0,0,83.21,83.17,-0.03999999999999204,0.333999999999989,-0.26599999999999113,0.0913333333333289,0.0,0.04100000000000392,0.3145112080673784,0.0913333333333289,0,0,2022,Australian Grand Prix,2022_Australian Grand Prix
OCO,55,0 days 00:01:23.170000,HARD,38.0,True,0 days 02:26:53.222000,8,0 days 00:00:28.705000,0 days 00:00:18.318000,0 days 00:00:36.147000,1,83.17,8813.222,8.532000000001062,True,False,38.0,0.0,0.0,0.0,0.0,28.705,18.318,36.147,0,0,0,0.0,82.98920000000001,0.1289620099106592,1.401963261314268,0,0,82.944,83.059,0.11499999999999488,0.06799999999999784,0.2259999999999991,-0.012000000000000455,0.0,0.4200000000000017,0.3161381027336021,-0.012000000000000455,0,0,2022,Australian Grand Prix,2022_Australian Grand Prix
OCO,56,0 days 00:01:23.059000,HARD,39.0,True,0 days 02:28:16.281000,8,0 days 00:00:28.907000,0 days 00:00:18.199000,0 days 00:00:35.953000,1,83.059,8896.281,7.36699999999837,True,False,39.0,0.0,0.0,0.0,0.0,28.907,18.199,35.953,0,0,0,0.0,83.036,0.14614376483516464,0.15737927667278725,0,0,83.17,83.102,-0.06799999999999784,0.29399999999999693,-0.1110000000000042,0.09799999999999898,0.0,0.18500000000000227,0.3386893857209016,0.09799999999999898,0,0,2022,Australian Grand Prix,2022_Australian Grand Prix
OCO,57,0 days 00:01:23.102000,HARD,40.0,True,0 days 02:29:39.383000,7,0 days 00:00:28.820000,0 days 00:00:18.292000,0 days 00:00:35.990000,1,83.102,8979.383,6.466000000000349,True,False,40.0,0.0,0.0,0.0,0.0,28.82,18.292,35.99,0,0,0,0.0,83.0518,0.1428082630669372,0.3515202756613181,0,0,83.059,82.469,-0.5900000000000034,0.18299999999999272,0.043000000000006366,-0.050333333333332085,0.0,0.2220000000000013,0.3197897746958167,-0.050333333333332085,0,0,2022,Australian Grand Prix,2022_Australian Grand Prix
PER,2,0 days 00:01:25.290000,MEDIUM,2.0,True,0 days 01:05:11.176000,4,0 days 00:00:29.696000,0 days 00:00:18.609000,0 days 00:00:36.985000,12,85.29,3911.176,1.2290000000002692,False,True,2.0,0.0,0.0,0.0,0.0,29.696,18.609,36.985,0,0,1,0.0,82.94879999999999,0.280523974020402,8.345810757086108,0,0,85.29,85.125,-0.16500000000000625,2.821000000000012,0.0,-0.23366666666666921,0.0,1.5150000000000006,0.34104032019689634,0.0,0,0,2022,Australian Grand Prix,2022_Australian Grand Prix
PER,7,0 days 00:01:25.125000,MEDIUM,7.0,True,0 days 01:15:12.946000,4,0 days 00:00:29.784000,0 days 00:00:18.529000,0 days 00:00:36.812000,1,85.125,4512.946,1.1040000000002692,False,True,7.0,0.0,0.0,0.0,0.0,29.784,18.529,36.812,0,0,0,0.0,,,0.0,0,0,85.29,84.69,-0.6000000000000085,0.0,-0.16500000000000625,0.0,0.0,0.0,0.0,0.0,0,0,2022,Australian Grand Prix,2022_Australian Grand Prix
PER,8,0 days 00:01:24.690000,MEDIUM,8.0,True,0 days 01:16:37.636000,4,0 days 00:00:29.431000,0 days 00:00:18.511000,0 days 00:00:36.748000,1,84.69,4597.636,1.4349999999994907,False,True,8.0,0.0,0.0,0.0,0.0,29.431,18.511,36.748,0,0,0,0.0,,,0.0,0,0,85.125,85.126,0.0010000000000047748,0.0,-0.4350000000000023,-0.08250000000000313,0.0,-0.06400000000000006,0.0,0.0,0,0,2022,Australian Grand Prix,2022_Australian Grand Prix
PER,9,0 days 00:01:25.126000,MEDIUM,9.0,True,0 days 01:18:02.762000,4,0 days 00:00:29.638000,0 days 00:00:18.505000,0 days 00:00:36.983000,1,85.126,4682.762,1.4700000000002547,False,True,9.0,0.0,0.0,0.0,0.0,29.638,18.505,36.983,0,0,0,0.0,85.03500000000001,0.3099596747965881,0.2935865772207723,0,0,84.69,84.294,-0.3960000000000008,0.0,0.43600000000000705,-0.20000000000000284,0.0,0.23499999999999943,0.8937339275944122,-0.30000000000000426,0,0,2022,Australian Grand Prix,2022_Australian Grand Prix
PER,10,0 days 00:01:24.294000,MEDIUM,10.0,True,0 days 01:19:27.056000,3,0 days 00:00:29.627000,0 days 00:00:18.613000,0 days 00:00:36.054000,1,84.294,4767.056,1.7830000000003565,False,True,10.0,0.0,0.0,0.0,0.0,29.627,18.613,36.054,0,0,0,0.0,85.05775,0.25713858131366446,-2.9701882778467974,1,0,85.126,84.501,-0.625,0.43600000000000705,-0.8320000000000078,-0.05466666666666716,0.0,-0.6939999999999955,0.7402470308394807,-0.05466666666666716,0,0,2022,Australian Grand Prix,2022_Australian Grand Prix
PER,11,0 days 00:01:24.501000,MEDIUM,11.0,True,0 days 01:20:51.557000,3,0 days 00:00:29.403000,0 days 00:00:18.452000,0 days 00:00:36.646000,1,84.501,4851.557,1.9679999999998472,False,True,11.0,0.0,0.0,0.0,0.0,29.403,18.452,36.646,0,0,0,0.0,84.905,0.4077413395769541,-0.9908242328804838,0,1,84.294,84.46,0.16599999999999682,0.0,0.20700000000000784,-0.277000000000001,0.0,0.5919999999999987,0.8123067770245417,-0.277000000000001,0,0,2022,Australian Grand Prix,2022_Australian Grand Prix
PER,12,0 days 00:01:24.460000,MEDIUM,12.0,True,0 days 01:22:16.017000,3,0 days 00:00:29.454000,0 days 00:00:18.407000,0 days 00:00:36.599000,1,84.46,4936.017,2.5540000000000873,False,True,12.0,0.0,0.0,0.0,0.0,29.454,18.407,36.599,0,0,0,0.0,84.74719999999999,0.3726589593717199,-0.7706778349947634,0,0,84.501,84.608,0.10699999999999932,0.20700000000000784,-0.04100000000001103,-0.06299999999999766,0.0,0.5449999999999946,0.471823271999165,-0.06299999999999766,0,0,2022,Australian Grand Prix,2022_Australian Grand Prix
PER,13,0 days 00:01:24.608000,MEDIUM,13.0,True,0 days 01:23:40.625000,3,0 days 00:00:29.456000,0 days 00:00:18.514000,0 days 00:00:36.638000,1,84.608,5020.625,3.220999999999549,False,True,13.0,0.0,0.0,0.0,0.0,29.456,18.514,36.638,0,0,0,0.0,84.6142,0.318906255818259,-0.019441449914754775,0,0,84.46,84.561,0.1010000000000133,0.16599999999999682,0.14800000000001035,-0.22200000000000367,0.0,0.5839999999999961,0.5275051658514794,-0.22200000000000367,0,0,2022,Australian Grand Prix,2022_Australian Grand Prix
PER,14,0 days 00:01:24.561000,MEDIUM,14.0,True,0 days 01:25:05.186000,3,0 days 00:00:29.429000,0 days 00:00:18.526000,0 days 00:00:36.606000,1,84.561,5105.186,3.1890000000003056,False,True,14.0,0.0,0.0,0.0,0.0,29.429,18.526,36.606,0,0,0,0.0,84.59779999999999,0.31613003653563515,-0.11640779346140075,0,0,84.608,84.699,0.09099999999999397,0.31400000000000716,-0.046999999999997044,0.10466666666666906,0.0,0.007000000000005002,0.5492898142146787,0.10466666666666906,0,0,2022,Australian Grand Prix,2022_Australian Grand Prix
PER,15,0 days 00:01:24.699000,MEDIUM,15.0,True,0 days 01:26:29.885000,3,0 days 00:00:29.400000,0 days 00:00:18.550000,0 days 00:00:36.749000,1,84.699,5189.885,3.2609999999995125,False,True,15.0,0.0,0.0,0.0,0.0,29.4,18.55,36.749,0,0,0,0.0,84.4848,0.12069258469363657,1.7747569210130985,0,0,84.561,84.913,0.35199999999998965,0.2670000000000101,0.13799999999999102,0.020000000000000757,0.0,0.15000000000000568,0.5604459831241505,0.020000000000000757,0,0,2022,Australian Grand Prix,2022_Australian Grand Prix
PER,16,0 days 00:01:24.913000,MEDIUM,16.0,True,0 days 01:27:54.798000,3,0 days 00:00:29.451000,0 days 00:00:18.606000,0 days 00:00:36.856000,1,84.913,5274.798,2.9000000000005457,False,True,16.0,0.0,0.0,0.0,0.0,29.451,18.606,36.856,0,0,0,0.0,84.5658,0.09345961694776565,3.7149734969922896,0,0,84.699,85.267,0.5679999999999978,0.23900000000000432,0.21399999999999864,0.0796666666666681,0.0,0.25,0.276458495980857,0.0796666666666681,0,0,2022,Australian Grand Prix,2022_Australian Grand Prix
PER,17,0 days 00:01:25.267000,MEDIUM,17.0,True,0 days 01:29:20.065000,3,0 days 00:00:29.432000,0 days 00:00:18.699000,0 days 00:00:37.136000,1,85.267,5360.065,2.0690000000004147,False,True,17.0,0.0,0.0,0.0,0.0,29.432,18.699,37.136,0,0,0,0.0,84.6482,0.17127375747619386,3.6129294359995754,0,0,84.913,84.964,0.05100000000000193,0.45300000000000296,0.3539999999999992,0.1016666666666642,0.0,0.5300000000000011,0.2506345945794349,0.1016666666666642,0,0,2022,Australian Grand Prix,2022_Australian Grand Prix
PER,18,0 days 00:01:24.964000,MEDIUM,18.0,True,0 days 01:30:45.029000,2,0 days 00:00:29.490000,0 days 00:00:18.569000,0 days 00:00:36.905000,1,84.964,5445.029,1.569999999999709,False,True,18.0,0.0,0.0,0.0,0.0,29.49,18.569,36.905,0,0,0,0.0,84.8096,0.2892158363575441,0.5338573500834093,0,0,85.267,85.454,0.1869999999999976,0.7059999999999889,-0.30299999999999727,0.23533333333332962,0.0,0.1559999999999988,0.24714206440830438,0.23533333333332962,0,0,2022,Australian Grand Prix,2022_Australian Grand Prix
PER,19,0 days 00:01:25.454000,MEDIUM,19.0,True,0 days 01:32:10.483000,2,0 days 00:00:29.663000,0 days 00:00:18.705000,0 days 00:00:37.086000,1,85.454,5530.483,0.5239999999994325,False,True,19.0,0.0,0.0,0.0,0.0,29.663,18.705,37.086,0,0,0,0.0,84.8808,0.2703852806644362,2.119937884900526,0,0,84.964,83.645,-1.3190000000000026,0.4029999999999916,0.4899999999999949,0.08833333333333353,0.0,0.22999999999999687,0.19452197819269568,0.08833333333333353,0,1,2022,Australian Grand Prix,2022_Australian Grand Prix
PER,22,0 days 00:01:23.645000,HARD,2.0,True,0 days 01:36:44.902000,6,0 days 00:00:29.065000,0 days 00:00:18.445000,0 days 00:00:36.135000,1,83.645,5804.902,2.4020000000000437,True,False,2.0,0.0,0.0,0.0,0.0,29.065,18.445,36.135,0,0,0,0.0,85.0594,0.2996786612356028,-4.719722098891856,1,0,85.454,86.867,1.413000000000011,0.7549999999999955,-1.8089999999999975,0.18033333333333226,0.0,-0.7700000000000031,0.1555352050180281,0.18033333333333226,0,0,2022,Australian Grand Prix,2022_Australian Grand Prix
PER,27,0 days 00:01:26.867000,HARD,7.0,True,0 days 01:47:10.134000,5,0 days 00:00:30.534000,0 days 00:00:18.661000,0 days 00:00:37.672000,1,86.867,6430.134,0.38400000000001455,True,False,7.0,0.0,0.0,0.0,0.0,30.534,18.661,37.672,0,0,0,0.0,84.84859999999999,0.7084640428419767,2.8489801569932593,0,1,83.645,84.832,1.1869999999999976,0.0,3.2220000000000084,-0.5406666666666666,0.0,1.536999999999999,0.4955231578846758,-0.5406666666666666,0,1,2022,Australian Grand Prix,2022_Australian Grand Prix
PER,28,0 days 00:01:24.832000,HARD,8.0,True,0 days 01:48:34.966000,5,0 days 00:00:29.549000,0 days 00:00:18.254000,0 days 00:00:37.029000,1,84.832,6514.966,0.5940000000000509,True,False,8.0,0.0,0.0,0.0,0.0,29.549,18.254,37.029,0,0,0,0.0,85.2394,1.1525898229638942,-0.3534648596431099,0,0,86.867,84.018,-2.8490000000000038,3.2220000000000084,-2.035000000000011,0.6343333333333353,0.0,0.8940000000000055,0.8286898092772721,0.6343333333333353,0,1,2022,Australian Grand Prix,2022_Australian Grand Prix
PER,29,0 days 00:01:24.018000,HARD,9.0,True,0 days 01:49:58.984000,5,0 days 00:00:29.449000,0 days 00:00:18.233000,0 days 00:00:36.336000,1,84.018,6598.984,1.2599999999993088,True,False,9.0,0.0,0.0,0.0,0.0,29.449,18.233,36.336,0,0,0,0.0,85.1524,1.166321267918902,-0.9726308103976699,0,0,84.832,83.115,-1.7169999999999987,1.1869999999999976,-0.813999999999993,-0.2073333333333333,0.0,0.2010000000000005,0.8651154836205414,-0.2073333333333333,0,0,2022,Australian Grand Prix,2022_Australian Grand Prix
PER,30,0 days 00:01:23.115000,HARD,10.0,True,0 days 01:51:22.099000,4,0 days 00:00:29.171000,0 days 00:00:18.289000,0 days 00:00:35.655000,1,83.115,6682.099,1.957999999999629,True,False,10.0,0.0,0.0,0.0,0.0,29.171,18.289,35.655,0,0,0,0.0,84.9632,1.2760884373741428,-1.448332220455754,0,0,84.018,82.805,-1.2129999999999939,0.37300000000000466,-0.9030000000000058,0.12433333333333489,0.0,-0.6809999999999974,0.8620488965250189,0.12433333333333489,0,0,2022,Australian Grand Prix,2022_Australian Grand Prix
PER,31,0 days 00:01:22.805000,HARD,11.0,True,0 days 01:52:44.904000,4,0 days 00:00:28.930000,0 days 00:00:18.196000,0 days 00:00:35.679000,1,82.805,6764.904,2.8669999999992797,True,False,11.0,0.0,0.0,0.0,0.0,28.93,18.196,35.679,0,0,0,0.0,84.49539999999999,1.4658087528733268,-1.1532200204742977,0,0,83.115,82.718,-0.39699999999999136,0.0,-0.30999999999998806,-1.25066666666667,0.0,0.02400000000000091,0.9974611270621034,-1.25066666666667,0,0,2022,Australian Grand Prix,2022_Australian Grand Prix
PER,32,0 days 00:01:22.718000,HARD,12.0,True,0 days 01:54:07.622000,4,0 days 00:00:28.755000,0 days 00:00:18.244000,0 days 00:00:35.719000,1,82.718,6847.622,3.3479999999999563,True,False,12.0,0.0,0.0,0.0,0.0,28.755,18.244,35.719,0,0,0,0.0,84.3274,1.6269244911796246,-0.9892284545013368,0,0,82.805,82.635,-0.1700000000000017,0.0,-0.0870000000000033,-0.6756666666666623,0.0,0.06400000000000006,0.849443641450096,-0.6756666666666623,0,0,2022,Australian Grand Prix,2022_Australian Grand Prix
PER,33,0 days 00:01:22.635000,HARD,13.0,True,0 days 01:55:30.257000,4,0 days 00:00:28.831000,0 days 00:00:18.133000,0 days 00:00:35.671000,1,82.635,6930.257,3.82300000000032,True,False,13.0,0.0,0.0,0.0,0.0,28.831,18.133,35.671,0,0,0,0.0,83.4976,0.9062688894584262,-0.951814643571709,0,0,82.718,82.769,0.05100000000000193,0.0,-0.08299999999999841,-0.4333333333333324,0.0,0.015999999999998238,0.5607292573069477,-0.4333333333333324,0,0,2022,Australian Grand Prix,2022_Australian Grand Prix
PER,34,0 days 00:01:22.769000,HARD,14.0,True,0 days 01:56:53.026000,4,0 days 00:00:28.628000,0 days 00:00:18.173000,0 days 00:00:35.968000,1,82.769,7013.026,4.364999999999782,True,False,14.0,0.0,0.0,0.0,0.0,28.628,18.173,35.968,0,0,0,0.0,83.0582,0.5664333146984541,-0.510563189868082,0,0,82.635,83.205,0.5699999999999932,0.0,0.13400000000000034,-0.1599999999999966,0.0,0.29700000000000415,0.34670405247126734,-0.1599999999999966,0,0,2022,Australian Grand Prix,2022_Australian Grand Prix
PER,35,0 days 00:01:23.205000,HARD,15.0,True,0 days 01:58:16.231000,4,0 days 00:00:28.753000,0 days 00:00:18.202000,0 days 00:00:36.250000,1,83.205,7096.231,4.229000000000269,True,False,15.0,0.0,0.0,0.0,0.0,28.753,18.202,36.25,0,0,0,0.0,82.8084,0.18289833241533593,2.1684178021884337,0,0,82.769,83.525,0.7560000000000002,0.13400000000000034,0.43599999999999284,-0.012000000000000455,0.0,0.5790000000000006,0.36783760003566784,-0.012000000000000455,0,0,2022,Australian Grand Prix,2022_Australian Grand Prix
PER,36,0 days 00:01:23.525000,HARD,16.0,True,0 days 01:59:39.756000,3,0 days 00:00:28.922000,0 days 00:00:18.079000,0 days 00:00:36.524000,1,83.525,7179.756,0.48700000000008004,True,False,16.0,0.0,0.0,0.0,0.0,28.922,18.079,36.524,0,0,0,0.0,82.8264,0.22106288698085202,3.1601867212586896,0,0,83.205,82.236,-0.9689999999999941,0.5699999999999932,0.3200000000000074,0.16233333333333158,0.0,0.8530000000000015,0.24305246347239612,0.16233333333333158,0,1,2022,Australian Grand Prix,2022_Australian Grand Prix
PER,37,0 days 00:01:22.236000,HARD,17.0,True,0 days 02:01:01.992000,3,0 days 00:00:28.722000,0 days 00:00:18.167000,0 days 00:00:35.347000,1,82.236,7261.992,1.9340000000001965,True,False,17.0,0.0,0.0,0.0,0.0,28.722,18.167,35.347,0,0,0,0.0,82.97040000000001,0.38058481314983567,-1.929661864124031,1,0,83.525,82.406,-1.1189999999999998,0.8900000000000006,-1.2890000000000015,0.29666666666666686,0.0,-0.6210000000000022,0.3538766734329923,0.29666666666666686,0,0,2022,Australian Grand Prix,2022_Australian Grand Prix
PER,38,0 days 00:01:22.406000,HARD,18.0,True,0 days 02:02:24.398000,3,0 days 00:00:28.769000,0 days 00:00:18.143000,0 days 00:00:35.494000,1,82.406,7344.398,3.1159999999999854,True,False,18.0,0.0,0.0,0.0,0.0,28.769,18.143,35.494,0,0,0,0.0,82.874,0.5021334483982351,-0.9320231533925318,0,1,82.236,82.279,0.042999999999992156,0.0,0.1700000000000017,-0.17766666666666708,0.0,0.14699999999999847,0.5666305674776132,-0.17766666666666708,0,0,2022,Australian Grand Prix,2022_Australian Grand Prix
PER,41,0 days 00:01:22.279000,HARD,21.0,True,0 days 02:07:06.353000,2,0 days 00:00:28.744000,0 days 00:00:18.288000,0 days 00:00:35.247000,1,82.279,7626.353,3.8590000000003783,True,False,21.0,0.0,0.0,0.0,0.0,28.744,18.288,35.247,0,0,0,0.0,82.82820000000001,0.5385087743020597,-1.0198533918259922,0,0,82.406,82.189,-0.21700000000001296,0.1700000000000017,-0.12700000000000955,-0.2663333333333308,0.0,-0.10000000000000142,0.5575177127231041,-0.2663333333333308,0,0,2022,Australian Grand Prix,2022_Australian Grand Prix
PER,42,0 days 00:01:22.189000,HARD,22.0,True,0 days 02:08:28.542000,2,0 days 00:00:28.687000,0 days 00:00:18.269000,0 days 00:00:35.233000,1,82.189,7708.542,4.1299999999992,True,False,22.0,0.0,0.0,0.0,0.0,28.687,18.269,35.233,0,0,0,0.0,82.7302,0.5937303259901057,-0.9115249403801253,0,0,82.279,82.035,-0.24399999999999977,0.042999999999992156,-0.09000000000000341,-0.41533333333333644,0.0,-0.014000000000002899,0.5772493395405505,-0.41533333333333644,0,0,2022,Australian Grand Prix,2022_Australian Grand Prix
PER,43,0 days 00:01:22.035000,HARD,23.0,True,0 days 02:09:50.577000,2,0 days 00:00:28.598000,0 days 00:00:18.234000,0 days 00:00:35.203000,1,82.035,7790.577,4.162999999999556,True,False,23.0,0.0,0.0,0.0,0.0,28.598,18.234,35.203,0,0,0,0.0,82.52700000000002,0.5637095883523175,-0.8727898374730491,0,0,82.189,81.93,-0.25899999999998613,0.0,-0.15399999999999636,-0.01566666666667042,0.0,-0.02999999999999403,0.5317447696028627,-0.01566666666667042,0,0,2022,Australian Grand Prix,2022_Australian Grand Prix
PER,44,0 days 00:01:21.930000,HARD,24.0,True,0 days 02:11:12.507000,2,0 days 00:00:28.673000,0 days 00:00:18.129000,0 days 00:00:35.128000,1,81.93,7872.507,4.463999999999942,True,False,24.0,0.0,0.0,0.0,0.0,28.673,18.129,35.128,0,0,0,0.0,82.229,0.13519800294520118,-2.2115711289107125,1,0,82.035,81.761,-0.2740000000000009,0.0,-0.10499999999998977,-0.12366666666666977,0.0,-0.07500000000000284,0.29238724322377757,-0.12366666666666977,0,0,2022,Australian Grand Prix,2022_Australian Grand Prix
PER,45,0 days 00:01:21.761000,HARD,25.0,True,0 days 02:12:34.268000,2,0 days 00:00:28.438000,0 days 00:00:18.112000,0 days 00:00:35.211000,1,81.761,7954.268,4.824999999999818,True,False,25.0,0.0,0.0,0.0,0.0,28.438,18.112,35.211,0,0,0,0.0,82.1678,0.18956450089712545,-2.1459714138185073,1,1,81.93,81.971,0.04099999999999682,0.0,-0.16900000000001114,-0.11633333333332985,0.0,0.08299999999999841,0.0965572369115852,-0.11633333333332985,0,0,2022,Australian Grand Prix,2022_Australian Grand Prix
PER,46,0 days 00:01:21.971000,HARD,26.0,True,0 days 02:13:56.239000,2,0 days 00:00:28.532000,0 days 00:00:18.220000,0 days 00:00:35.219000,1,81.971,8036.239,4.949000000000524,True,False,26.0,0.0,0.0,0.0,0.0,28.532,18.22,35.219,0,0,0,0.0,82.03880000000001,0.20571874003208768,-0.32957619704179636,0,1,81.761,82.161,0.4000000000000057,0.0,0.21000000000000796,-0.14266666666666575,0.0,0.09100000000000108,0.07055281709471295,-0.14266666666666575,0,0,2022,Australian Grand Prix,2022_Australian Grand Prix
PER,47,0 days 00:01:22.161000,HARD,27.0,True,0 days 02:15:18.400000,2,0 days 00:00:28.578000,0 days 00:00:18.214000,0 days 00:00:35.369000,1,82.161,8118.4,5.267000000000735,True,False,27.0,0.0,0.0,0.0,0.0,28.578,18.214,35.369,0,0,0,0.0,81.97720000000001,0.15589162902605122,1.179024179478398,0,0,81.971,81.887,-0.08400000000000318,0.21000000000000796,0.18999999999999773,-0.021333333333330984,0.0,0.24099999999999966,0.07294861204985353,-0.021333333333330984,0,0,2022,Australian Grand Prix,2022_Australian Grand Prix
PER,48,0 days 00:01:21.887000,HARD,28.0,True,0 days 02:16:40.287000,2,0 days 00:00:28.472000,0 days 00:00:18.115000,0 days 00:00:35.300000,1,81.887,8200.287,5.717000000000553,True,False,28.0,0.0,0.0,0.0,0.0,28.472,18.115,35.3,0,0,0,0.0,81.9716,0.1466076396385836,-0.5770504198045215,0,0,82.161,81.924,-0.23699999999999477,0.4000000000000057,-0.2740000000000009,0.07699999999999818,0.0,0.08899999999999864,0.12304064369142378,0.07699999999999818,0,0,2022,Australian Grand Prix,2022_Australian Grand Prix
PER,49,0 days 00:01:21.924000,HARD,29.0,True,0 days 02:18:02.211000,2,0 days 00:00:28.438000,0 days 00:00:18.138000,0 days 00:00:35.348000,1,81.924,8282.211,5.680000000000291,True,False,29.0,0.0,0.0,0.0,0.0,28.438,18.138,35.348,0,0,0,0.0,81.94200000000001,0.14554380783942933,-0.12367410381250377,0,0,81.887,83.974,2.0870000000000033,0.12600000000000477,0.03700000000000614,0.04200000000000159,0.0,0.12899999999999778,0.11179087619300701,0.04200000000000159,0,0,2022,Australian Grand Prix,2022_Australian Grand Prix
PER,50,0 days 00:01:23.974000,HARD,30.0,True,0 days 02:19:26.185000,2,0 days 00:00:28.349000,0 days 00:00:18.087000,0 days 00:00:37.538000,1,83.974,8366.185,3.8630000000011933,True,False,30.0,0.0,0.0,0.0,0.0,28.349,18.087,37.538,0,0,0,0.0,81.9408,0.14569214117583998,13.955454176118403,0,0,81.924,82.425,0.5009999999999906,0.16300000000001091,2.049999999999997,-0.01566666666666568,0.0,2.2379999999999995,0.06647405508918523,-0.01566666666666568,0,0,2022,Australian Grand Prix,2022_Australian Grand Prix
PER,51,0 days 00:01:22.425000,HARD,31.0,True,0 days 02:20:48.610000,2,0 days 00:00:28.771000,0 days 00:00:18.149000,0 days 00:00:35.505000,1,82.425,8448.61,3.2150000000001455,True,False,31.0,0.0,0.0,0.0,0.0,28.771,18.149,35.505,0,0,0,0.0,82.38340000000001,0.8954056622561338,0.04645938902728146,0,0,83.974,81.909,-2.0649999999999977,2.0870000000000033,-1.5490000000000066,0.6043333333333342,0.0,0.2050000000000054,0.9414057573650164,0.6043333333333342,0,0,2022,Australian Grand Prix,2022_Australian Grand Prix
PER,52,0 days 00:01:21.909000,HARD,32.0,True,0 days 02:22:10.519000,2,0 days 00:00:28.263000,0 days 00:00:18.111000,0 days 00:00:35.535000,1,81.909,8530.519,3.350000000000364,True,False,32.0,0.0,0.0,0.0,0.0,28.263,18.111,35.535,0,0,0,0.0,82.4742,0.8656556474720968,-0.6529155116708328,0,0,82.425,81.753,-0.671999999999997,0.5379999999999967,-0.5159999999999911,0.17933333333333223,0.0,0.1869999999999976,0.928572991207476,0.17933333333333223,0,0,2022,Australian Grand Prix,2022_Australian Grand Prix
PER,53,0 days 00:01:21.753000,HARD,33.0,True,0 days 02:23:32.272000,2,0 days 00:00:28.388000,0 days 00:00:17.981000,0 days 00:00:35.384000,1,81.753,8612.272,3.091999999998734,True,False,33.0,0.0,0.0,0.0,0.0,28.388,17.981,35.384,0,0,0,0.0,82.4238,0.8952785600026065,-0.7492640056051905,0,0,81.909,81.959,0.04999999999999716,0.02200000000000557,-0.1560000000000059,-0.005000000000000189,0.0,-0.12100000000000222,0.9338066180960595,-0.005000000000000189,0,0,2022,Australian Grand Prix,2022_Australian Grand Prix
PER,54,0 days 00:01:21.959000,HARD,34.0,True,0 days 02:24:54.231000,2,0 days 00:00:28.325000,0 days 00:00:18.140000,0 days 00:00:35.494000,1,81.959,8694.231,2.8989999999994325,True,False,34.0,0.0,0.0,0.0,0.0,28.325,18.14,35.494,0,0,0,0.0,82.397,0.9171044106318244,-0.4775901139743176,0,0,81.753,81.911,0.15800000000000125,0.0,0.20600000000000307,-0.7403333333333345,0.0,0.10999999999999943,0.9650273571251751,-0.7403333333333345,0,0,2022,Australian Grand Prix,2022_Australian Grand Prix
PER,55,0 days 00:01:21.911000,HARD,35.0,True,0 days 02:26:16.142000,2,0 days 00:00:28.345000,0 days 00:00:18.064000,0 days 00:00:35.502000,1,81.911,8776.142,3.3029999999998836,True,False,35.0,0.0,0.0,0.0,0.0,28.345,18.064,35.502,0,0,0,0.0,82.40400000000001,0.9127146322922333,-0.5401469227702271,0,0,81.959,81.791,-0.16800000000000637,0.20600000000000307,-0.04800000000000182,-0.15533333333333132,0.0,0.1180000000000021,0.967024663594471,-0.15533333333333132,0,0,2022,Australian Grand Prix,2022_Australian Grand Prix
PER,56,0 days 00:01:21.791000,HARD,36.0,True,0 days 02:27:37.933000,2,0 days 00:00:28.451000,0 days 00:00:18.112000,0 days 00:00:35.228000,1,81.791,8857.933,3.4499999999989086,True,False,36.0,0.0,0.0,0.0,0.0,28.451,18.112,35.228,0,0,0,0.0,81.99140000000001,0.25453251265882,-0.7873257443878532,0,0,81.911,81.69,-0.22100000000000364,0.15800000000000125,-0.12000000000000455,0.000666666666665113,0.0,-0.1559999999999988,0.13024860843786565,0.000666666666665113,0,0,2022,Australian Grand Prix,2022_Australian Grand Prix
PER,57,0 days 00:01:21.690000,HARD,37.0,True,0 days 02:28:59.623000,2,0 days 00:00:28.288000,0 days 00:00:18.134000,0 days 00:00:35.268000,1,81.69,8939.623,4.251000000000204,True,False,37.0,0.0,0.0,0.0,0.0,28.288,18.134,35.268,0,0,0,0.0,81.86460000000001,0.0879022184045235,-1.9862979930325317,1,0,81.791,81.094,-0.6970000000000027,0.0379999999999967,-0.10099999999999909,0.012666666666665568,0.0,0.03999999999999915,0.15504934698346828,0.012666666666665568,0,0,2022,Australian Grand Prix,2022_Australian Grand Prix
RIC,2,0 days 00:01:26.362000,MEDIUM,2.0,True,0 days 01:05:14.541000,7,0 days 00:00:30.177000,0 days 00:00:18.842000,0 days 00:00:37.343000,12,86.362,3914.541,1.08199999999988,False,True,2.0,0.0,0.0,0.0,0.0,30.177,18.842,37.343,0,0,1,0.0,81.689,0.348788617934234,13.39779958324535,0,0,86.362,86.058,-0.30399999999998784,5.268000000000001,0.0,-0.27233333333333576,0.0,2.4440000000000026,0.19415406253797554,0.0,0,0,2022,Australian Grand Prix,2022_Australian Grand Prix
RIC,7,0 days 00:01:26.058000,MEDIUM,7.0,True,0 days 01:15:15.389000,7,0 days 00:00:30.081000,0 days 00:00:18.704000,0 days 00:00:37.273000,1,86.058,4515.389,0.7510000000002037,False,True,7.0,0.0,0.0,0.0,0.0,30.081,18.704,37.273,0,0,0,0.0,,,0.0,0,0,86.362,85.271,-1.090999999999994,0.0,-0.30399999999998784,0.0,0.0,0.0,0.0,0.0,0,1,2022,Australian Grand Prix,2022_Australian Grand Prix
RIC,8,0 days 00:01:25.271000,MEDIUM,8.0,True,0 days 01:16:40.660000,7,0 days 00:00:29.673000,0 days 00:00:18.740000,0 days 00:00:36.858000,1,85.271,4600.66,1.1660000000001673,False,True,8.0,0.0,0.0,0.0,0.0,29.673,18.74,36.858,0,0,0,0.0,,,0.0,0,0,86.058,84.969,-1.0890000000000128,0.0,-0.7870000000000061,-0.15199999999999392,0.0,-0.41500000000000625,0.0,0.0,0,0,2022,Australian Grand Prix,2022_Australian Grand Prix
RIC,9,0 days 00:01:24.969000,MEDIUM,9.0,True,0 days 01:18:05.629000,7,0 days 00:00:29.605000,0 days 00:00:18.742000,0 days 00:00:36.622000,1,84.969,4685.629,1.40099999999984,False,True,9.0,0.0,0.0,0.0,0.0,29.605,18.742,36.622,0,0,0,0.0,85.897,0.5630372989420893,-1.6482034169737307,1,0,85.271,85.005,-0.26600000000000534,0.0,-0.3020000000000067,-0.36366666666666464,0.0,-0.2359999999999971,1.5448431419834652,-0.545499999999997,0,0,2022,Australian Grand Prix,2022_Australian Grand Prix
RIC,10,0 days 00:01:25.005000,MEDIUM,10.0,True,0 days 01:19:30.634000,7,0 days 00:00:29.496000,0 days 00:00:18.775000,0 days 00:00:36.734000,1,85.005,4770.634,1.568000000000211,False,True,10.0,0.0,0.0,0.0,0.0,29.496,18.775,36.734,0,0,0,0.0,85.66499999999999,0.6531743003721714,-1.0104500431568357,0,1,84.969,85.228,0.25900000000000034,0.0,0.036000000000001364,-0.46433333333333354,0.0,0.11200000000000188,1.3413108948587096,-0.46433333333333354,0,0,2022,Australian Grand Prix,2022_Australian Grand Prix
RIC,11,0 days 00:01:25.228000,MEDIUM,11.0,True,0 days 01:20:55.862000,7,0 days 00:00:29.677000,0 days 00:00:18.685000,0 days 00:00:36.866000,1,85.228,4855.862,1.9349999999994907,False,True,11.0,0.0,0.0,0.0,0.0,29.677,18.685,36.866,0,0,0,0.0,85.53299999999999,0.6380419265220814,-0.4780250126547713,0,0,85.005,84.956,-0.04899999999999238,0.036000000000001364,0.22299999999999898,-0.3510000000000038,0.0,0.24399999999999977,1.1713022667100086,-0.3510000000000038,0,0,2022,Australian Grand Prix,2022_Australian Grand Prix
RIC,12,0 days 00:01:24.956000,MEDIUM,12.0,True,0 days 01:22:20.818000,7,0 days 00:00:29.532000,0 days 00:00:18.647000,0 days 00:00:36.777000,1,84.956,4940.818,2.4409999999998035,False,True,12.0,0.0,0.0,0.0,0.0,29.532,18.647,36.777,0,0,0,0.0,85.3062,0.4407331392123946,-0.7945851329124479,0,0,85.228,85.496,0.2680000000000007,0.25900000000000034,-0.27199999999999136,-0.014333333333335455,0.0,0.15500000000000114,0.26579879608455925,-0.014333333333335455,0,0,2022,Australian Grand Prix,2022_Australian Grand Prix
RIC,13,0 days 00:01:25.496000,MEDIUM,13.0,True,0 days 01:23:46.314000,7,0 days 00:00:29.754000,0 days 00:00:18.664000,0 days 00:00:37.078000,1,85.496,5026.314,2.5679999999993015,False,True,13.0,0.0,0.0,0.0,0.0,29.754,18.664,37.078,0,0,0,0.0,85.08579999999999,0.1512768984346611,2.7115838852101737,0,0,84.956,85.387,0.4309999999999974,0.0,0.539999999999992,-0.00433333333333034,0.0,0.3440000000000012,0.2828895544200974,-0.00433333333333034,0,0,2022,Australian Grand Prix,2022_Australian Grand Prix
RIC,14,0 days 00:01:25.387000,MEDIUM,14.0,True,0 days 01:25:11.701000,7,0 days 00:00:29.701000,0 days 00:00:18.708000,0 days 00:00:36.978000,1,85.387,5111.701,2.9660000000003492,False,True,14.0,0.0,0.0,0.0,0.0,29.701,18.708,36.978,0,0,0,0.0,85.1308,0.23204460778050623,1.104098054466965,0,0,85.496,84.984,-0.5120000000000005,0.539999999999992,-0.10899999999999466,0.16366666666666654,0.0,0.2010000000000005,0.21994590243966752,0.16366666666666654,0,0,2022,Australian Grand Prix,2022_Australian Grand Prix
RIC,15,0 days 00:01:24.984000,MEDIUM,15.0,True,0 days 01:26:36.685000,7,0 days 00:00:29.431000,0 days 00:00:18.673000,0 days 00:00:36.880000,1,84.984,5196.685,3.8170000000000073,False,True,15.0,0.0,0.0,0.0,0.0,29.431,18.673,36.88,0,0,0,0.0,85.21439999999998,0.23446385648966497,-0.9826674501114193,0,0,85.387,85.207,-0.18000000000000682,0.4309999999999974,-0.4030000000000058,0.05300000000000201,0.0,0.10300000000000153,0.08918351865675679,0.05300000000000201,0,0,2022,Australian Grand Prix,2022_Australian Grand Prix
RIC,16,0 days 00:01:25.207000,MEDIUM,16.0,True,0 days 01:28:01.892000,7,0 days 00:00:29.523000,0 days 00:00:18.685000,0 days 00:00:36.999000,1,85.207,5281.892,4.930000000000291,False,True,16.0,0.0,0.0,0.0,0.0,29.523,18.685,36.999,0,0,0,0.0,85.21020000000001,0.23929103618816705,-0.013372836906037034,0,0,84.984,85.176,0.19200000000000728,0.027999999999991587,0.22299999999999898,0.009333333333330529,0.0,0.11899999999999977,0.09174039459256814,0.009333333333330529,0,0,2022,Australian Grand Prix,2022_Australian Grand Prix
RIC,17,0 days 00:01:25.176000,MEDIUM,17.0,True,0 days 01:29:27.068000,7,0 days 00:00:29.584000,0 days 00:00:18.687000,0 days 00:00:36.905000,1,85.176,5367.068,6.592999999999847,False,True,17.0,0.0,0.0,0.0,0.0,29.584,18.687,36.905,0,0,0,0.0,85.20599999999999,0.2390847130203161,-0.12547853696291195,0,0,85.207,85.363,0.1560000000000059,0.25099999999999056,-0.0309999999999917,-0.09633333333333383,0.0,0.02499999999999858,0.09684420478273427,-0.09633333333333383,0,0,2022,Australian Grand Prix,2022_Australian Grand Prix
RIC,18,0 days 00:01:25.363000,MEDIUM,18.0,True,0 days 01:30:52.431000,6,0 days 00:00:29.737000,0 days 00:00:18.676000,0 days 00:00:36.950000,1,85.363,5452.431,6.423999999999978,False,True,18.0,0.0,0.0,0.0,0.0,29.737,18.676,36.95,0,0,0,0.0,85.25,0.1983469183022652,0.569708876584593,0,0,85.176,85.364,0.1880000000000024,0.19200000000000728,0.1869999999999976,-0.07033333333333285,0.0,0.07000000000000028,0.1211189497972977,-0.07033333333333285,0,0,2022,Australian Grand Prix,2022_Australian Grand Prix
RIC,19,0 days 00:01:25.364000,MEDIUM,19.0,True,0 days 01:32:17.795000,6,0 days 00:00:29.602000,0 days 00:00:18.705000,0 days 00:00:37.057000,1,85.364,5537.795,7.503999999999905,False,True,19.0,0.0,0.0,0.0,0.0,29.602,18.705,37.057,0,0,0,0.0,85.2234,0.16285054497915313,0.8633683112206029,0,0,85.363,85.734,0.3709999999999951,0.3790000000000049,0.0010000000000047748,0.12633333333333496,0.0,0.15200000000000102,0.06525181989799378,0.12633333333333496,0,0,2022,Australian Grand Prix,2022_Australian Grand Prix
RIC,20,0 days 00:01:25.734000,MEDIUM,20.0,True,0 days 01:33:43.529000,4,0 days 00:00:29.725000,0 days 00:00:18.771000,0 days 00:00:37.238000,1,85.734,5623.529,2.746999999999389,False,True,20.0,0.0,0.0,0.0,0.0,29.725,18.771,37.238,0,0,0,0.0,85.2188,0.15730448181793003,3.275176867473518,0,0,85.364,86.812,1.4479999999999933,0.38000000000000966,0.36999999999999034,0.052333333333336896,0.0,0.3329999999999984,0.04849432956542676,0.052333333333336896,0,0,2022,Australian Grand Prix,2022_Australian Grand Prix
RIC,27,0 days 00:01:26.812000,HARD,6.0,True,0 days 01:47:11.920000,9,0 days 00:00:30.512000,0 days 00:00:18.806000,0 days 00:00:37.494000,1,86.812,6431.92,0.7340000000003783,True,False,6.0,0.0,0.0,0.0,0.0,30.512,18.806,37.494,0,0,0,0.0,85.36880000000001,0.2217987826837673,6.506798561007671,0,0,85.734,85.881,0.14700000000000557,0.5579999999999927,1.078000000000003,0.18599999999999758,0.0,0.5439999999999969,0.11827806220935508,0.18599999999999758,0,1,2022,Australian Grand Prix,2022_Australian Grand Prix
RIC,28,0 days 00:01:25.881000,HARD,7.0,True,0 days 01:48:37.801000,9,0 days 00:00:30.185000,0 days 00:00:18.641000,0 days 00:00:37.055000,1,85.881,6517.801,1.0079999999998108,True,False,7.0,0.0,0.0,0.0,0.0,30.185,18.641,37.055,0,0,0,0.0,85.6898,0.6592080096600709,0.2900450194750966,0,0,86.812,84.941,-1.8709999999999951,1.6359999999999957,-0.9309999999999974,0.4829999999999994,0.0,-0.0020000000000024443,0.21376318672774236,0.4829999999999994,0,0,2022,Australian Grand Prix,2022_Australian Grand Prix
RIC,29,0 days 00:01:24.941000,HARD,8.0,True,0 days 01:50:02.742000,9,0 days 00:00:29.641000,0 days 00:00:18.707000,0 days 00:00:36.593000,1,84.941,6602.742,1.01299999999992,True,False,8.0,0.0,0.0,0.0,0.0,29.641,18.707,36.593,0,0,0,0.0,85.8308,0.5940081649270411,-1.4979592075292152,0,0,85.881,84.466,-1.4150000000000063,0.5180000000000007,-0.9399999999999977,0.17233333333333198,0.0,-0.4619999999999962,0.22031295921937902,0.17233333333333198,0,0,2022,Australian Grand Prix,2022_Australian Grand Prix
RIC,30,0 days 00:01:24.466000,HARD,9.0,True,0 days 01:51:27.208000,9,0 days 00:00:29.324000,0 days 00:00:18.486000,0 days 00:00:36.656000,1,84.466,6687.208,0.8820000000005166,True,False,9.0,0.0,0.0,0.0,0.0,29.324,18.486,36.656,0,0,0,0.0,85.7464,0.6979744264656057,-1.834451165329472,1,0,84.941,84.56,-0.3810000000000002,0.0,-0.4750000000000085,-0.2643333333333307,0.0,0.06299999999999528,0.38063499576365595,-0.2643333333333307,0,1,2022,Australian Grand Prix,2022_Australian Grand Prix
RIC,31,0 days 00:01:24.560000,HARD,10.0,True,0 days 01:52:51.768000,9,0 days 00:00:29.395000,0 days 00:00:18.501000,0 days 00:00:36.664000,1,84.56,6771.768,0.7330000000001746,True,False,10.0,0.0,0.0,0.0,0.0,29.395,18.501,36.664,0,0,0,0.0,85.5668,0.9056195117156003,-1.1117251637972356,0,1,84.466,84.238,-0.22799999999999443,0.0,0.0940000000000083,-0.7820000000000012,0.0,0.07099999999999795,0.3804361970160021,-0.7820000000000012,0,1,2022,Australian Grand Prix,2022_Australian Grand Prix
RIC,32,0 days 00:01:24.238000,HARD,11.0,True,0 days 01:54:16.006000,9,0 days 00:00:29.266000,0 days 00:00:18.612000,0 days 00:00:36.360000,1,84.238,6856.006,1.1210000000000946,True,False,11.0,0.0,0.0,0.0,0.0,29.266,18.612,36.36,0,0,0,0.0,85.33200000000001,0.9988270621083575,-1.095284700927863,0,0,84.56,84.819,0.25900000000000034,0.0940000000000083,-0.32200000000000273,-0.44033333333333263,0.0,-0.2330000000000041,0.3568034472927614,-0.44033333333333263,0,0,2022,Australian Grand Prix,2022_Australian Grand Prix
RIC,33,0 days 00:01:24.819000,HARD,12.0,True,0 days 01:55:40.825000,9,0 days 00:00:29.393000,0 days 00:00:18.605000,0 days 00:00:36.821000,1,84.819,6940.825,1.0120000000006257,True,False,12.0,0.0,0.0,0.0,0.0,29.393,18.605,36.821,0,0,0,0.0,84.8172,0.6465220027192009,0.0027841279839391497,0,0,84.238,85.262,1.024000000000001,0.0,0.5810000000000031,-0.2343333333333343,0.0,0.4609999999999985,0.2309508605742766,-0.2343333333333343,0,0,2022,Australian Grand Prix,2022_Australian Grand Prix
RIC,34,0 days 00:01:25.262000,HARD,13.0,True,0 days 01:57:06.087000,9,0 days 00:00:29.862000,0 days 00:00:18.685000,0 days 00:00:36.715000,1,85.262,7026.087,0.8819999999996071,True,False,13.0,0.0,0.0,0.0,0.0,29.862,18.685,36.715,0,0,0,0.0,84.6048,0.2805025846584349,2.3429374128593814,0,0,84.819,83.578,-1.2409999999999997,0.5810000000000031,0.44299999999999784,0.11766666666666954,0.0,0.355000000000004,0.34902148930975446,0.11766666666666954,0,1,2022,Australian Grand Prix,2022_Australian Grand Prix
RIC,35,0 days 00:01:23.578000,HARD,14.0,True,0 days 01:58:29.665000,8,0 days 00:00:29.093000,0 days 00:00:18.458000,0 days 00:00:36.027000,1,83.578,7109.665,1.8779999999997017,True,False,14.0,0.0,0.0,0.0,0.0,29.093,18.458,36.027,0,0,0,0.0,84.66900000000001,0.3914715826213416,-2.786920043326105,1,0,85.262,83.248,-2.013999999999996,1.024000000000001,-1.6839999999999975,0.2339999999999994,0.0,-0.3329999999999984,0.2734168977952923,0.2339999999999994,0,0,2022,Australian Grand Prix,2022_Australian Grand Prix
RIC,36,0 days 00:01:23.248000,HARD,15.0,True,0 days 01:59:52.913000,8,0 days 00:00:28.916000,0 days 00:00:18.448000,0 days 00:00:35.884000,1,83.248,7192.913,3.3330000000005384,True,False,15.0,0.0,0.0,0.0,0.0,28.916,18.448,35.884,0,0,0,0.0,84.4914,0.6333172980426697,-1.9633128667775945,1,1,83.578,83.473,-0.10500000000000398,0.0,-0.3299999999999983,-0.21999999999999886,0.0,-0.14300000000000068,0.3493410940613782,-0.21999999999999886,0,0,2022,Australian Grand Prix,2022_Australian Grand Prix
RIC,37,0 days 00:01:23.473000,HARD,16.0,True,0 days 02:01:16.386000,8,0 days 00:00:29.094000,0 days 00:00:18.390000,0 days 00:00:35.989000,1,83.473,7276.386,4.16399999999976,True,False,16.0,0.0,0.0,0.0,0.0,29.094,18.39,35.989,0,0,0,0.0,84.229,0.8368739451076754,-0.903361855652861,0,1,83.248,83.821,0.5729999999999933,0.0,0.22499999999999432,-0.523666666666666,0.0,0.10499999999999687,0.3612074196358662,-0.523666666666666,0,0,2022,Australian Grand Prix,2022_Australian Grand Prix
RIC,38,0 days 00:01:23.821000,HARD,17.0,True,0 days 02:02:40.207000,8,0 days 00:00:29.099000,0 days 00:00:18.592000,0 days 00:00:36.130000,1,83.821,7360.207,4.516999999999825,True,False,17.0,0.0,0.0,0.0,0.0,29.099,18.592,36.13,0,0,0,0.0,84.076,0.902197594765192,-0.2826431831336929,0,0,83.473,83.376,-0.0969999999999942,0.22499999999999432,0.347999999999999,-0.5963333333333338,0.0,0.24600000000000222,0.3321535789360098,-0.5963333333333338,0,0,2022,Australian Grand Prix,2022_Australian Grand Prix
RIC,41,0 days 00:01:23.376000,HARD,20.0,True,0 days 02:07:24.439000,6,0 days 00:00:28.942000,0 days 00:00:18.416000,0 days 00:00:36.018000,1,83.376,7644.439,4.309999999999491,True,False,20.0,0.0,0.0,0.0,0.0,28.942,18.416,36.018,0,0,0,0.0,83.8764,0.8015012788512025,-0.6243283862469016,0,0,83.821,83.204,-0.6170000000000044,0.5729999999999933,-0.4449999999999932,0.08099999999999834,0.0,0.13400000000000034,0.28210104572652794,0.08099999999999834,0,0,2022,Australian Grand Prix,2022_Australian Grand Prix
RIC,42,0 days 00:01:23.204000,HARD,21.0,True,0 days 02:08:47.643000,6,0 days 00:00:28.939000,0 days 00:00:18.425000,0 days 00:00:35.840000,1,83.204,7727.643,4.344000000000051,True,False,21.0,0.0,0.0,0.0,0.0,28.939,18.425,35.84,0,0,0,0.0,83.4992,0.2172157913231541,-1.3590172160219989,0,0,83.376,82.852,-0.5240000000000009,0.1280000000000001,-0.17200000000001125,0.04266666666666671,0.0,-0.1489999999999938,0.23495680454074963,0.04266666666666671,0,0,2022,Australian Grand Prix,2022_Australian Grand Prix
RIC,43,0 days 00:01:22.852000,HARD,22.0,True,0 days 02:10:10.495000,6,0 days 00:00:28.757000,0 days 00:00:18.359000,0 days 00:00:35.736000,1,82.852,7810.495,4.73700000000008,True,False,22.0,0.0,0.0,0.0,0.0,28.757,18.359,35.736,0,0,0,0.0,83.4244,0.245809479068951,-2.3286327368988085,1,0,83.204,82.921,-0.28299999999998704,0.0,-0.35199999999998965,-0.08966666666666849,0.0,-0.10400000000000631,0.17656245353981614,-0.08966666666666849,0,0,2022,Australian Grand Prix,2022_Australian Grand Prix
RIC,44,0 days 00:01:22.921000,HARD,23.0,True,0 days 02:11:33.416000,6,0 days 00:00:28.929000,0 days 00:00:18.321000,0 days 00:00:35.671000,1,82.921,7893.416,4.886999999999716,True,False,23.0,0.0,0.0,0.0,0.0,28.929,18.321,35.671,0,0,0,0.0,83.3452,0.3559672737768909,-1.1916825822192696,0,1,82.852,82.94,0.08799999999999386,0.0,0.06900000000000261,-0.322999999999998,0.0,-0.06499999999999773,0.1671445482209938,-0.322999999999998,0,0,2022,Australian Grand Prix,2022_Australian Grand Prix
RIC,45,0 days 00:01:22.940000,HARD,24.0,True,0 days 02:12:56.356000,6,0 days 00:00:28.802000,0 days 00:00:18.318000,0 days 00:00:35.820000,1,82.94,7976.356,5.90900000000056,True,False,24.0,0.0,0.0,0.0,0.0,28.802,18.318,35.82,0,0,0,0.0,83.2348,0.3903597059125808,-0.7552008968518599,0,0,82.921,83.157,0.23599999999999,0.06900000000000261,0.018999999999991246,-0.1516666666666661,0.0,0.1490000000000009,0.16951784566823686,-0.1516666666666661,0,0,2022,Australian Grand Prix,2022_Australian Grand Prix
RIC,46,0 days 00:01:23.157000,HARD,25.0,True,0 days 02:14:19.513000,6,0 days 00:00:28.837000,0 days 00:00:18.405000,0 days 00:00:35.915000,1,83.157,8059.513,5.716000000000349,True,False,25.0,0.0,0.0,0.0,0.0,28.837,18.405,35.915,0,0,0,0.0,83.0586,0.22224266017164132,0.4427592790871125,0,0,82.94,83.101,0.16100000000000136,0.08799999999999386,0.21699999999999875,-0.0879999999999986,0.0,0.24399999999999977,0.1388830443214722,-0.0879999999999986,0,0,2022,Australian Grand Prix,2022_Australian Grand Prix
RIC,47,0 days 00:01:23.101000,HARD,26.0,True,0 days 02:15:42.614000,6,0 days 00:00:28.744000,0 days 00:00:18.381000,0 days 00:00:35.976000,1,83.101,8142.614,5.551000000000386,True,False,26.0,0.0,0.0,0.0,0.0,28.744,18.381,35.976,0,0,0,0.0,83.01480000000001,0.15565570982193286,0.5537863024658851,0,0,83.157,83.059,-0.09799999999999898,0.3049999999999926,-0.055999999999997385,0.1016666666666642,0.0,0.3049999999999997,0.17164935187759936,0.1016666666666642,0,0,2022,Australian Grand Prix,2022_Australian Grand Prix
RIC,48,0 days 00:01:23.059000,HARD,27.0,True,0 days 02:17:05.673000,6,0 days 00:00:28.785000,0 days 00:00:18.365000,0 days 00:00:35.909000,1,83.059,8225.673,5.520999999998821,True,False,27.0,0.0,0.0,0.0,0.0,28.785,18.365,35.909,0,0,0,0.0,82.9942,0.12886698568745852,0.502844073323409,0,0,83.101,83.122,0.021000000000000796,0.24899999999999523,-0.04200000000000159,0.059999999999997534,0.0,0.08899999999999864,0.18291719438040963,0.059999999999997534,0,0,2022,Australian Grand Prix,2022_Australian Grand Prix
RIC,49,0 days 00:01:23.122000,HARD,28.0,True,0 days 02:18:28.795000,6,0 days 00:00:28.832000,0 days 00:00:18.406000,0 days 00:00:35.884000,1,83.122,8308.795,5.423999999999069,True,False,28.0,0.0,0.0,0.0,0.0,28.832,18.406,35.884,0,0,0,0.0,83.0356,0.10226827465137954,0.8448367814410185,0,0,83.059,83.006,-0.05299999999999727,0.13799999999999102,0.06300000000000239,0.03966666666666659,0.0,-0.02499999999999858,0.14374560862857647,0.03966666666666659,0,0,2022,Australian Grand Prix,2022_Australian Grand Prix
RIC,50,0 days 00:01:23.006000,HARD,29.0,True,0 days 02:19:51.801000,6,0 days 00:00:28.810000,0 days 00:00:18.384000,0 days 00:00:35.812000,1,83.006,8391.801,5.545000000000073,True,False,29.0,0.0,0.0,0.0,0.0,28.81,18.384,35.812,0,0,0,0.0,83.07579999999999,0.08379558461022264,-0.8329794502259644,0,0,83.122,82.933,-0.18899999999999295,0.18200000000000216,-0.11599999999999966,-0.01166666666666553,0.0,-0.07200000000000273,0.12959475298020362,-0.01166666666666553,0,0,2022,Australian Grand Prix,2022_Australian Grand Prix
RIC,51,0 days 00:01:22.933000,HARD,30.0,True,0 days 02:21:14.734000,6,0 days 00:00:28.750000,0 days 00:00:18.440000,0 days 00:00:35.743000,1,82.933,8474.734,5.609000000000378,True,False,30.0,0.0,0.0,0.0,0.0,28.75,18.44,35.743,0,0,0,0.0,83.089,0.058408047392189265,-2.6708648373828896,1,0,83.006,82.672,-0.3340000000000032,0.0,-0.07299999999999329,-0.03166666666666629,0.0,-0.06899999999999551,0.16413013129830925,-0.03166666666666629,0,0,2022,Australian Grand Prix,2022_Australian Grand Prix
RIC,52,0 days 00:01:22.672000,HARD,31.0,True,0 days 02:22:37.406000,6,0 days 00:00:28.666000,0 days 00:00:18.407000,0 days 00:00:35.599000,1,82.672,8557.406,5.643000000000029,True,False,31.0,0.0,0.0,0.0,0.0,28.666,18.407,35.599,0,0,0,0.0,83.0442,0.07635902042437147,-4.874342257554835,1,1,82.933,82.561,-0.3719999999999999,0.0,-0.2610000000000099,-0.04199999999999685,0.0,-0.14400000000000546,0.15899622637031327,-0.04199999999999685,0,0,2022,Australian Grand Prix,2022_Australian Grand Prix
RIC,53,0 days 00:01:22.561000,HARD,32.0,True,0 days 02:23:59.967000,6,0 days 00:00:28.728000,0 days 00:00:18.325000,0 days 00:00:35.508000,1,82.561,8639.967,5.675999999999476,True,False,32.0,0.0,0.0,0.0,0.0,28.728,18.325,35.508,0,0,0,0.0,82.95840000000001,0.17451446931465384,-2.2771750764315293,1,1,82.672,82.451,-0.22100000000000364,0.0,-0.11099999999999,-0.15000000000000094,0.0,-0.09099999999999397,0.08581783031515239,-0.15000000000000094,0,0,2022,Australian Grand Prix,2022_Australian Grand Prix
RIC,54,0 days 00:01:22.451000,HARD,33.0,True,0 days 02:25:22.418000,6,0 days 00:00:28.618000,0 days 00:00:18.335000,0 days 00:00:35.498000,1,82.451,8722.418,5.814000000000306,True,False,33.0,0.0,0.0,0.0,0.0,28.618,18.335,35.498,0,0,0,0.0,82.8588,0.23453507200455292,-1.7387591395801665,1,1,82.561,82.48,-0.08100000000000307,0.0,-0.11000000000001364,-0.14833333333333107,0.0,-0.010000000000005116,0.043089441862250964,-0.14833333333333107,0,0,2022,Australian Grand Prix,2022_Australian Grand Prix
RIC,55,0 days 00:01:22.480000,HARD,34.0,True,0 days 02:26:44.898000,6,0 days 00:00:28.611000,0 days 00:00:18.362000,0 days 00:00:35.507000,1,82.48,8804.898,6.092000000000553,True,False,34.0,0.0,0.0,0.0,0.0,28.611,18.362,35.507,0,0,0,0.0,82.72460000000001,0.23822531351682813,-1.026759064303748,0,1,82.451,82.754,0.3030000000000115,0.0,0.029000000000010573,-0.16066666666667118,0.0,0.009000000000000341,0.04812172066749163,-0.16066666666667118,0,0,2022,Australian Grand Prix,2022_Australian Grand Prix
RIC,56,0 days 00:01:22.754000,HARD,35.0,True,0 days 02:28:07.652000,6,0 days 00:00:28.632000,0 days 00:00:18.401000,0 days 00:00:35.721000,1,82.754,8887.652,5.995999999999185,True,False,35.0,0.0,0.0,0.0,0.0,28.632,18.401,35.721,0,0,0,0.0,82.6194,0.1951366188089705,0.6897731487895312,0,0,82.48,82.689,0.20899999999998897,0.029000000000010573,0.2740000000000009,-0.06399999999999768,0.0,0.22299999999999898,0.06195562928419104,-0.06399999999999768,0,0,2022,Australian Grand Prix,2022_Australian Grand Prix
RIC,57,0 days 00:01:22.689000,HARD,36.0,True,0 days 02:29:30.341000,6,0 days 00:00:28.603000,0 days 00:00:18.319000,0 days 00:00:35.767000,1,82.689,8970.341,9.041999999999462,True,False,36.0,0.0,0.0,0.0,0.0,28.603,18.319,35.767,0,0,0,0.0,82.5836,0.12813781643293015,0.8225518659057005,0,0,82.754,83.578,0.8239999999999981,0.3030000000000115,-0.06500000000001194,0.06433333333333262,0.0,0.26900000000000546,0.1404396667612115,0.06433333333333262,0,0,2022,Australian Grand Prix,2022_Australian Grand Prix
RUS,2,0 days 00:01:25.459000,MEDIUM,2.0,True,0 days 01:05:12.405000,5,0 days 00:00:29.915000,0 days 00:00:18.799000,0 days 00:00:36.745000,12,85.459,3912.405,1.207999999999629,False,True,2.0,0.0,0.0,0.0,0.0,29.915,18.799,36.745,0,0,1,0.0,82.7904,0.4592007186407609,5.811402055073177,0,0,85.459,85.734,0.2749999999999915,3.0080000000000098,0.0,0.36599999999999966,0.0,1.024000000000001,0.3114045600179957,0.0,0,0,2022,Australian Grand Prix,2022_Australian Grand Prix
RUS,7,0 days 00:01:25.734000,MEDIUM,7.0,True,0 days 01:15:14.050000,5,0 days 00:00:30.063000,0 days 00:00:18.775000,0 days 00:00:36.896000,1,85.734,4514.05,0.6629999999995562,False,True,7.0,0.0,0.0,0.0,0.0,30.063,18.775,36.896,0,0,0,0.0,,,0.0,0,0,85.459,85.021,-0.4380000000000024,0.0,0.2749999999999915,0.0,0.0,0.0,0.0,0.0,0,1,2022,Australian Grand Prix,2022_Australian Grand Prix
RUS,8,0 days 00:01:25.021000,MEDIUM,8.0,True,0 days 01:16:39.071000,5,0 days 00:00:29.413000,0 days 00:00:18.702000,0 days 00:00:36.906000,1,85.021,4599.071,0.806999999999789,False,True,8.0,0.0,0.0,0.0,0.0,29.413,18.702,36.906,0,0,0,0.0,,,0.0,0,0,85.734,85.161,-0.5729999999999933,0.0,-0.7129999999999939,0.13749999999999574,0.0,0.16100000000000136,0.0,0.0,0,1,2022,Australian Grand Prix,2022_Australian Grand Prix
RUS,9,0 days 00:01:25.161000,MEDIUM,9.0,True,0 days 01:18:04.232000,5,0 days 00:00:29.525000,0 days 00:00:18.790000,0 days 00:00:36.846000,1,85.161,4684.232,0.6530000000002474,False,True,9.0,0.0,0.0,0.0,0.0,29.525,18.79,36.846,0,0,0,0.0,85.40466666666667,0.3595918983143646,-0.6776200126000888,0,0,85.021,85.177,0.1560000000000059,0.0,0.14000000000000057,-0.1460000000000008,0.0,0.10099999999999909,0.5506459842766497,-0.2190000000000012,0,1,2022,Australian Grand Prix,2022_Australian Grand Prix
RUS,10,0 days 00:01:25.177000,MEDIUM,10.0,True,0 days 01:19:29.409000,5,0 days 00:00:29.735000,0 days 00:00:18.663000,0 days 00:00:36.779000,1,85.177,4769.409,0.5820000000003347,False,True,10.0,0.0,0.0,0.0,0.0,29.735,18.663,36.779,0,0,0,0.0,85.34375,0.31787982530089764,-0.5245693080463714,0,0,85.161,85.082,-0.07900000000000773,0.14000000000000057,0.016000000000005343,-0.09933333333333394,0.0,-0.06699999999999307,0.47302184586620005,-0.09933333333333394,0,1,2022,Australian Grand Prix,2022_Australian Grand Prix
RUS,11,0 days 00:01:25.082000,MEDIUM,11.0,True,0 days 01:20:54.491000,5,0 days 00:00:29.545000,0 days 00:00:18.618000,0 days 00:00:36.919000,1,85.082,4854.491,0.8239999999996144,False,True,11.0,0.0,0.0,0.0,0.0,29.545,18.618,36.919,0,0,0,0.0,85.3104,0.2852136041636101,-0.8008033160612781,0,0,85.177,85.028,-0.1490000000000009,0.1560000000000059,-0.09500000000001307,-0.18566666666666265,0.0,0.13999999999999346,0.4449704484569726,-0.18566666666666265,0,1,2022,Australian Grand Prix,2022_Australian Grand Prix
RUS,12,0 days 00:01:25.028000,MEDIUM,12.0,True,0 days 01:22:19.519000,5,0 days 00:00:29.422000,0 days 00:00:18.689000,0 days 00:00:36.917000,1,85.028,4939.519,0.8479999999999563,False,True,12.0,0.0,0.0,0.0,0.0,29.422,18.689,36.917,0,0,0,0.0,85.235,0.2859396789534413,-0.7239289096134812,0,0,85.082,85.336,0.2540000000000049,0.06099999999999284,-0.053999999999987836,0.020333333333330945,0.0,0.13799999999999812,0.09716738135814593,0.020333333333330945,0,1,2022,Australian Grand Prix,2022_Australian Grand Prix
RUS,13,0 days 00:01:25.336000,MEDIUM,13.0,True,0 days 01:23:44.855000,5,0 days 00:00:29.649000,0 days 00:00:18.695000,0 days 00:00:36.992000,1,85.336,5024.855,0.8590000000003783,False,True,13.0,0.0,0.0,0.0,0.0,29.649,18.695,36.992,0,0,0,0.0,85.09380000000002,0.07281277360463212,3.326339432076993,0,0,85.028,85.153,0.125,0.007000000000005002,0.3079999999999927,-0.04433333333333186,0.0,0.21299999999999386,0.09288326006336832,-0.04433333333333186,0,1,2022,Australian Grand Prix,2022_Australian Grand Prix
RUS,14,0 days 00:01:25.153000,MEDIUM,14.0,True,0 days 01:25:10.008000,5,0 days 00:00:29.617000,0 days 00:00:18.675000,0 days 00:00:36.861000,1,85.153,5110.008,0.8800000000001091,False,True,14.0,0.0,0.0,0.0,0.0,29.617,18.675,36.861,0,0,0,0.0,85.1568,0.11696452453628903,-0.032488483282119215,0,0,85.336,84.977,-0.35899999999999466,0.3079999999999927,-0.18299999999999272,0.05299999999999727,0.0,-0.05600000000000449,0.10437672154268378,0.05299999999999727,0,1,2022,Australian Grand Prix,2022_Australian Grand Prix
RUS,15,0 days 00:01:24.977000,MEDIUM,15.0,True,0 days 01:26:34.985000,5,0 days 00:00:29.450000,0 days 00:00:18.780000,0 days 00:00:36.747000,1,84.977,5194.985,0.9720000000006621,False,True,15.0,0.0,0.0,0.0,0.0,29.45,18.78,36.747,0,0,0,0.0,85.15520000000001,0.1169474240845009,-1.5237616509727028,1,0,85.153,84.52,-0.6330000000000098,0.125,-0.17600000000000193,0.02366666666667072,0.0,-0.11399999999999721,0.12703660889680235,0.02366666666667072,0,1,2022,Australian Grand Prix,2022_Australian Grand Prix
RUS,16,0 days 00:01:24.520000,MEDIUM,16.0,True,0 days 01:27:59.505000,5,0 days 00:00:29.269000,0 days 00:00:18.649000,0 days 00:00:36.602000,1,84.52,5279.505,1.7849999999998545,False,True,16.0,0.0,0.0,0.0,0.0,29.269,18.649,36.602,0,0,0,0.0,85.1152,0.13963058404231665,-4.262676433549998,1,1,84.977,84.521,-0.45600000000000307,0.0,-0.45700000000000784,-0.017000000000000643,0.0,-0.14500000000000313,0.14101134706114707,-0.017000000000000643,0,0,2022,Australian Grand Prix,2022_Australian Grand Prix
RUS,17,0 days 00:01:24.521000,MEDIUM,17.0,True,0 days 01:29:24.026000,5,0 days 00:00:29.185000,0 days 00:00:18.662000,0 days 00:00:36.674000,1,84.521,5364.026,2.2840000000005602,False,True,17.0,0.0,0.0,0.0,0.0,29.185,18.662,36.674,0,0,0,0.0,85.00280000000001,0.30330628084494726,-1.5884933165835333,1,1,84.52,84.505,-0.015000000000000568,0.0,0.0010000000000047748,-0.27200000000000085,0.0,0.07200000000000273,0.1591467875893179,-0.27200000000000085,0,0,2022,Australian Grand Prix,2022_Australian Grand Prix
RUS,18,0 days 00:01:24.505000,MEDIUM,18.0,True,0 days 01:30:48.531000,4,0 days 00:00:29.199000,0 days 00:00:18.562000,0 days 00:00:36.744000,1,84.505,5448.531,3.193000000000211,False,True,18.0,0.0,0.0,0.0,0.0,29.199,18.562,36.744,0,0,0,0.0,84.9014,0.3701571287980122,-1.0708965711053693,0,1,84.521,84.661,0.14000000000000057,0.0010000000000047748,-0.016000000000005343,-0.21066666666666833,0.0,0.142000000000003,0.1479273470322497,-0.21066666666666833,0,0,2022,Australian Grand Prix,2022_Australian Grand Prix
RUS,19,0 days 00:01:24.661000,MEDIUM,19.0,True,0 days 01:32:13.192000,4,0 days 00:00:29.306000,0 days 00:00:18.649000,0 days 00:00:36.706000,1,84.661,5533.192,3.84900000000016,False,True,19.0,0.0,0.0,0.0,0.0,29.306,18.649,36.706,0,0,0,0.0,84.7352,0.3074934145636022,-0.24130598082989876,0,0,84.505,84.728,0.22299999999999898,0.0,0.1560000000000059,-0.15733333333333613,0.0,0.10400000000000631,0.12294795646939614,-0.15733333333333613,0,0,2022,Australian Grand Prix,2022_Australian Grand Prix
RUS,20,0 days 00:01:24.728000,MEDIUM,20.0,True,0 days 01:33:37.920000,3,0 days 00:00:29.430000,0 days 00:00:18.600000,0 days 00:00:36.698000,1,84.728,5617.92,5.609000000000378,False,True,20.0,0.0,0.0,0.0,0.0,29.43,18.6,36.698,0,0,0,0.0,84.6368,0.2004649595315355,0.4549423510878158,0,0,84.661,84.669,0.007999999999995566,0.1560000000000059,0.06699999999999307,0.04700000000000178,0.0,0.02400000000000091,0.1318036418313267,0.04700000000000178,0,0,2022,Australian Grand Prix,2022_Australian Grand Prix
RUS,21,0 days 00:01:24.669000,MEDIUM,21.0,True,0 days 01:35:02.589000,3,0 days 00:00:29.248000,0 days 00:00:18.669000,0 days 00:00:36.752000,1,84.669,5702.589,6.8159999999998035,False,True,21.0,0.0,0.0,0.0,0.0,29.248,18.669,36.752,0,0,0,0.0,84.587,0.10115087740587377,0.8106701800614529,0,0,84.728,84.665,-0.06299999999998818,0.22299999999999898,-0.0589999999999975,0.06899999999999788,0.0,0.054000000000002046,0.11180697652651511,0.06899999999999788,0,0,2022,Australian Grand Prix,2022_Australian Grand Prix
RUS,22,0 days 00:01:24.665000,MEDIUM,22.0,True,0 days 01:36:27.254000,2,0 days 00:00:29.206000,0 days 00:00:18.678000,0 days 00:00:36.781000,1,84.665,5787.254,4.6840000000001965,False,True,22.0,0.0,0.0,0.0,0.0,29.206,18.678,36.781,0,0,0,0.0,84.61679999999998,0.09838800739916262,0.4898971050859284,0,0,84.669,86.678,2.0090000000000003,0.16400000000000148,-0.003999999999990678,0.05466666666666716,0.0,0.08299999999999841,0.0455324060422918,0.05466666666666716,0,0,2022,Australian Grand Prix,2022_Australian Grand Prix
RUS,27,0 days 00:01:26.678000,HARD,4.0,True,0 days 01:47:08.650000,3,0 days 00:00:31.077000,0 days 00:00:18.864000,0 days 00:00:36.737000,1,86.678,6428.65,0.9020000000000437,True,False,4.0,0.0,0.0,0.0,0.0,31.077,18.864,36.737,0,0,0,0.0,84.6456,0.08324542029431967,24.41455629407974,0,0,84.665,84.52,-0.14500000000001023,0.1600000000000108,2.012999999999991,0.0013333333333349628,0.0,0.03900000000000148,0.04536298050172768,0.0013333333333349628,0,1,2022,Australian Grand Prix,2022_Australian Grand Prix
RUS,28,0 days 00:01:24.520000,HARD,5.0,True,0 days 01:48:33.170000,3,0 days 00:00:29.366000,0 days 00:00:18.762000,0 days 00:00:36.392000,1,84.52,6513.17,1.2550000000001091,True,False,5.0,0.0,0.0,0.0,0.0,29.366,18.762,36.392,0,0,0,0.0,85.08019999999999,0.8936183189706728,-0.6268895658330608,0,0,86.678,83.907,-2.771000000000001,2.016999999999996,-2.1580000000000013,0.6500000000000009,0.0,-0.34499999999999886,0.032537670475928315,0.6500000000000009,0,0,2022,Australian Grand Prix,2022_Australian Grand Prix
RUS,29,0 days 00:01:23.907000,HARD,6.0,True,0 days 01:49:57.077000,3,0 days 00:00:29.087000,0 days 00:00:18.497000,0 days 00:00:36.323000,1,83.907,6597.077,1.5529999999998836,True,False,6.0,0.0,0.0,0.0,0.0,29.087,18.497,36.323,0,0,0,0.0,85.05199999999999,0.9121861103963231,-1.2552263040954668,0,0,84.52,83.854,-0.6659999999999968,0.0,-0.6129999999999995,-0.04966666666666697,0.0,-0.06900000000000261,0.17799016826780042,-0.04966666666666697,0,0,2022,Australian Grand Prix,2022_Australian Grand Prix
RUS,30,0 days 00:01:23.854000,HARD,7.0,True,0 days 01:51:20.931000,3,0 days 00:00:28.976000,0 days 00:00:18.516000,0 days 00:00:36.362000,1,83.854,6680.931,1.1680000000005748,True,False,7.0,0.0,0.0,0.0,0.0,28.976,18.516,36.362,0,0,0,0.0,84.8878,1.0487581704091649,-0.9857372549447413,0,0,83.907,83.234,-0.6730000000000018,0.0,-0.05299999999999727,-0.2526666666666699,0.0,0.03900000000000148,0.1759141836237202,-0.2526666666666699,0,0,2022,Australian Grand Prix,2022_Australian Grand Prix
RUS,31,0 days 00:01:23.234000,HARD,8.0,True,0 days 01:52:44.165000,3,0 days 00:00:28.797000,0 days 00:00:18.380000,0 days 00:00:36.057000,1,83.234,6764.165,0.7390000000004875,True,False,8.0,0.0,0.0,0.0,0.0,28.797,18.38,36.057,0,0,0,0.0,84.72479999999999,1.1497389703754441,-1.2966421408793132,0,0,83.854,82.765,-1.0889999999999986,0.0,-0.6200000000000045,-0.9413333333333327,0.0,-0.26599999999999824,0.17386431491251994,-0.9413333333333327,0,1,2022,Australian Grand Prix,2022_Australian Grand Prix
RUS,32,0 days 00:01:22.765000,HARD,9.0,True,0 days 01:54:06.930000,3,0 days 00:00:28.558000,0 days 00:00:18.404000,0 days 00:00:35.803000,1,82.765,6846.93,0.6920000000000073,True,False,9.0,0.0,0.0,0.0,0.0,28.558,18.404,35.803,0,0,0,0.0,84.4386,1.332005555543969,-1.256451216013527,0,0,83.234,82.634,-0.5999999999999943,0.0,-0.4689999999999941,-0.42866666666666714,0.0,-0.2540000000000049,0.17684965366095556,-0.42866666666666714,0,1,2022,Australian Grand Prix,2022_Australian Grand Prix
RUS,33,0 days 00:01:22.634000,HARD,10.0,True,0 days 01:55:29.564000,3,0 days 00:00:28.606000,0 days 00:00:18.423000,0 days 00:00:35.605000,1,82.634,6929.564,0.6929999999993015,True,False,10.0,0.0,0.0,0.0,0.0,28.606,18.423,35.605,0,0,0,0.0,83.65599999999999,0.6746602848841899,-1.5148364634735016,1,0,82.765,82.895,0.12999999999999545,0.0,-0.13100000000000023,-0.3806666666666653,0.0,-0.1980000000000004,0.15840928003119023,-0.3806666666666653,0,1,2022,Australian Grand Prix,2022_Australian Grand Prix
RUS,34,0 days 00:01:22.895000,HARD,11.0,True,0 days 01:56:52.459000,3,0 days 00:00:28.469000,0 days 00:00:18.455000,0 days 00:00:35.971000,1,82.895,7012.459,0.5670000000000073,True,False,11.0,0.0,0.0,0.0,0.0,28.469,18.455,35.971,0,0,0,0.0,83.2788,0.5931388538951272,-0.6470660242194614,0,1,82.634,83.254,0.6200000000000045,0.0,0.2609999999999957,-0.4066666666666663,0.0,0.36599999999999966,0.13120327739809023,-0.4066666666666663,0,1,2022,Australian Grand Prix,2022_Australian Grand Prix
RUS,35,0 days 00:01:23.254000,HARD,12.0,True,0 days 01:58:15.713000,3,0 days 00:00:28.625000,0 days 00:00:18.444000,0 days 00:00:36.185000,1,83.254,7095.713,0.5180000000000291,True,False,12.0,0.0,0.0,0.0,0.0,28.625,18.444,36.185,0,0,0,0.0,83.07639999999999,0.4886443491948199,0.36345452534682693,0,0,82.895,84.53,1.6350000000000051,0.2609999999999957,0.35900000000000887,-0.11299999999999955,0.0,0.5800000000000054,0.2694249431659963,-0.11299999999999955,0,1,2022,Australian Grand Prix,2022_Australian Grand Prix
RUS,36,0 days 00:01:24.530000,HARD,13.0,True,0 days 01:59:40.243000,4,0 days 00:00:28.788000,0 days 00:00:18.519000,0 days 00:00:37.223000,1,84.53,7180.243,3.1809999999995853,True,False,13.0,0.0,0.0,0.0,0.0,28.788,18.519,37.223,0,0,0,0.0,82.9564,0.27837618432623196,5.652782416745395,0,0,83.254,83.683,0.42900000000000205,0.6200000000000045,1.2759999999999962,0.16300000000000145,0.0,1.618000000000002,0.39825720332468806,0.16300000000000145,0,0,2022,Australian Grand Prix,2022_Australian Grand Prix
RUS,37,0 days 00:01:23.683000,HARD,14.0,True,0 days 02:01:03.926000,4,0 days 00:00:29.079000,0 days 00:00:18.508000,0 days 00:00:36.096000,1,83.683,7263.926,2.782999999999447,True,False,14.0,0.0,0.0,0.0,0.0,29.079,18.508,36.096,0,0,0,0.0,83.21560000000001,0.770260540336863,0.606807665099379,0,0,84.53,83.588,-0.9420000000000073,1.8960000000000008,-0.8469999999999942,0.6320000000000002,0.0,0.125,0.7582696090441734,0.6320000000000002,0,0,2022,Australian Grand Prix,2022_Australian Grand Prix
RUS,38,0 days 00:01:23.588000,HARD,15.0,True,0 days 02:02:27.514000,4,0 days 00:00:28.944000,0 days 00:00:18.783000,0 days 00:00:35.861000,1,83.588,7347.514,1.9790000000002692,True,False,15.0,0.0,0.0,0.0,0.0,28.944,18.783,35.861,0,0,0,0.0,83.3992,0.7449971140883964,0.253423800481459,0,0,83.683,82.369,-1.3140000000000072,1.0490000000000066,-0.09500000000001307,0.2626666666666703,0.0,-0.23499999999999943,0.6895819023147298,0.2626666666666703,0,0,2022,Australian Grand Prix,2022_Australian Grand Prix
RUS,41,0 days 00:01:22.369000,HARD,18.0,True,0 days 02:07:10.212000,3,0 days 00:00:28.474000,0 days 00:00:18.484000,0 days 00:00:35.411000,1,82.369,7630.212,1.7779999999993379,True,False,18.0,0.0,0.0,0.0,0.0,28.474,18.484,35.411,0,0,0,0.0,83.59,0.6099536867664975,-2.0017913269330347,1,0,83.588,82.46,-1.1280000000000001,0.6929999999999978,-1.218999999999994,0.11133333333332966,0.0,-0.44999999999999574,0.6990541466867937,0.11133333333332966,0,0,2022,Australian Grand Prix,2022_Australian Grand Prix
RUS,42,0 days 00:01:22.460000,HARD,19.0,True,0 days 02:08:32.672000,3,0 days 00:00:28.673000,0 days 00:00:18.356000,0 days 00:00:35.431000,1,82.46,7712.672,1.3670000000001892,True,False,19.0,0.0,0.0,0.0,0.0,28.673,18.356,35.431,0,0,0,0.0,83.4848,0.7811297587469317,-1.311945920027386,0,1,82.369,82.068,-0.30100000000000193,0.0,0.09099999999999397,-0.7203333333333338,0.0,0.01999999999999602,0.8202233232480044,-0.7203333333333338,0,0,2022,Australian Grand Prix,2022_Australian Grand Prix
RUS,43,0 days 00:01:22.068000,HARD,20.0,True,0 days 02:09:54.740000,3,0 days 00:00:28.301000,0 days 00:00:18.299000,0 days 00:00:35.468000,1,82.068,7794.74,1.7420000000001892,True,False,20.0,0.0,0.0,0.0,0.0,28.301,18.299,35.468,0,0,0,0.0,83.326,0.9098782885639378,-1.3826025038859853,0,0,82.46,82.231,-0.2289999999999992,0.09099999999999397,-0.3919999999999959,-0.40766666666667106,0.0,0.05700000000000216,0.8153614535897563,-0.40766666666667106,0,0,2022,Australian Grand Prix,2022_Australian Grand Prix
RUS,44,0 days 00:01:22.231000,HARD,21.0,True,0 days 02:11:16.971000,3,0 days 00:00:28.480000,0 days 00:00:18.311000,0 days 00:00:35.440000,1,82.231,7876.971,1.4760000000005675,True,False,21.0,0.0,0.0,0.0,0.0,28.48,18.311,35.44,0,0,0,0.0,82.8336,0.747022958147895,-0.806668648436247,0,0,82.068,82.122,0.054000000000002046,0.0,0.1629999999999967,-0.5066666666666654,0.0,0.028999999999996362,0.23996937304581004,-0.5066666666666654,0,0,2022,Australian Grand Prix,2022_Australian Grand Prix
RUS,45,0 days 00:01:22.122000,HARD,22.0,True,0 days 02:12:39.093000,3,0 days 00:00:28.336000,0 days 00:00:18.322000,0 days 00:00:35.464000,1,82.122,7959.093,1.436000000000604,True,False,22.0,0.0,0.0,0.0,0.0,28.336,18.322,35.464,0,0,0,0.0,82.5432,0.6025277586966612,-0.699054929703329,0,0,82.231,82.095,-0.13599999999999568,0.1629999999999967,-0.10899999999999466,-0.04600000000000174,0.0,0.03300000000000125,0.2208884333775739,-0.04600000000000174,0,0,2022,Australian Grand Prix,2022_Australian Grand Prix
RUS,46,0 days 00:01:22.095000,HARD,23.0,True,0 days 02:14:01.188000,3,0 days 00:00:28.424000,0 days 00:00:18.342000,0 days 00:00:35.329000,1,82.095,8041.188,1.376999999999498,True,False,23.0,0.0,0.0,0.0,0.0,28.424,18.342,35.329,0,0,0,0.0,82.25,0.16441563186027888,-0.9427327453372609,0,0,82.122,82.479,0.3569999999999993,0.054000000000002046,-0.027000000000001023,-0.11266666666666462,0.0,-0.1109999999999971,0.21721809316905216,-0.11266666666666462,0,0,2022,Australian Grand Prix,2022_Australian Grand Prix
RUS,47,0 days 00:01:22.479000,HARD,24.0,True,0 days 02:15:23.667000,3,0 days 00:00:28.521000,0 days 00:00:18.356000,0 days 00:00:35.602000,1,82.479,8123.667,1.321999999999207,True,False,24.0,0.0,0.0,0.0,0.0,28.521,18.356,35.602,0,0,0,0.0,82.1952,0.16045155031975442,1.768758229100505,0,0,82.095,82.337,0.24200000000000443,0.027000000000001023,0.38400000000000034,0.009000000000000341,0.0,0.27299999999999613,0.06660180177742815,0.009000000000000341,0,0,2022,Australian Grand Prix,2022_Australian Grand Prix
RUS,48,0 days 00:01:22.337000,HARD,25.0,True,0 days 02:16:46.004000,3,0 days 00:00:28.573000,0 days 00:00:18.315000,0 days 00:00:35.449000,1,82.337,8206.004,1.3059999999986758,True,False,25.0,0.0,0.0,0.0,0.0,28.573,18.315,35.449,0,0,0,0.0,82.199,0.16832260691901282,0.8198542223529304,0,0,82.479,81.887,-0.5919999999999987,0.41100000000000136,-0.1419999999999959,0.08266666666666822,0.0,0.11999999999999744,0.13805506147910468,0.08266666666666822,0,0,2022,Australian Grand Prix,2022_Australian Grand Prix
RUS,49,0 days 00:01:21.887000,HARD,26.0,True,0 days 02:18:07.891000,3,0 days 00:00:28.314000,0 days 00:00:18.224000,0 days 00:00:35.349000,1,81.887,8287.891,1.3909999999996217,True,False,26.0,0.0,0.0,0.0,0.0,28.314,18.224,35.349,0,0,0,0.0,82.25280000000001,0.1586984561992085,-2.3050003683768137,1,0,82.337,82.157,-0.18000000000000682,0.24200000000000443,-0.45000000000000284,0.07166666666666781,0.0,0.01999999999999602,0.14099007057236096,0.07166666666666781,0,0,2022,Australian Grand Prix,2022_Australian Grand Prix
RUS,50,0 days 00:01:22.157000,HARD,27.0,True,0 days 02:19:30.048000,3,0 days 00:00:28.509000,0 days 00:00:18.286000,0 days 00:00:35.362000,1,82.157,8370.048,1.15099999999984,True,False,27.0,0.0,0.0,0.0,0.0,28.509,18.286,35.362,0,0,0,0.0,82.184,0.22935125898937622,-0.11772335638781774,0,1,81.887,81.777,-0.10999999999999943,0.0,0.269999999999996,-0.0693333333333328,0.0,0.01300000000000523,0.14168097966911206,-0.0693333333333328,0,0,2022,Australian Grand Prix,2022_Australian Grand Prix
RUS,51,0 days 00:01:21.777000,HARD,28.0,True,0 days 02:20:51.825000,3,0 days 00:00:28.331000,0 days 00:00:18.243000,0 days 00:00:35.203000,1,81.777,8451.825,1.2599999999983993,True,False,28.0,0.0,0.0,0.0,0.0,28.331,18.243,35.203,0,0,0,0.0,82.191,0.22751263701168792,-1.819679141509547,1,0,82.157,82.044,-0.11299999999999955,0.269999999999996,-0.37999999999999545,-0.10733333333333424,0.0,-0.1459999999999937,0.14315550984855321,-0.10733333333333424,0,0,2022,Australian Grand Prix,2022_Australian Grand Prix
RUS,52,0 days 00:01:22.044000,HARD,29.0,True,0 days 02:22:13.869000,3,0 days 00:00:28.378000,0 days 00:00:18.322000,0 days 00:00:35.344000,1,82.044,8533.869,1.109999999998763,True,False,29.0,0.0,0.0,0.0,0.0,28.378,18.322,35.344,0,0,0,0.0,82.1274,0.2953824639344944,-0.28234580648122937,0,1,81.777,81.495,-0.2819999999999965,0.0,0.2669999999999959,-0.18666666666666742,0.0,0.14099999999999824,0.15421900012643971,-0.18666666666666742,0,0,2022,Australian Grand Prix,2022_Australian Grand Prix
RUS,53,0 days 00:01:21.495000,HARD,30.0,True,0 days 02:23:35.364000,3,0 days 00:00:28.206000,0 days 00:00:18.107000,0 days 00:00:35.182000,1,81.495,8615.364,1.5470000000004802,True,False,30.0,0.0,0.0,0.0,0.0,28.206,18.107,35.182,0,0,0,0.0,82.0404,0.22050578223714298,-2.4734045269318616,1,0,82.044,81.766,-0.2779999999999916,0.2669999999999959,-0.5489999999999924,0.052333333333332156,0.0,-0.021000000000000796,0.1137818087393552,0.052333333333332156,0,0,2022,Australian Grand Prix,2022_Australian Grand Prix
RUS,54,0 days 00:01:21.766000,HARD,31.0,True,0 days 02:24:57.130000,3,0 days 00:00:28.280000,0 days 00:00:18.255000,0 days 00:00:35.231000,1,81.766,8697.13,1.8890000000010332,True,False,31.0,0.0,0.0,0.0,0.0,28.28,18.255,35.231,0,0,0,0.0,81.872,0.2560214834735821,-0.4140277548658618,0,1,81.495,82.315,0.8199999999999932,0.0,0.2710000000000008,-0.22066666666666399,0.0,0.04899999999999949,0.10270978531765809,-0.22066666666666399,0,0,2022,Australian Grand Prix,2022_Australian Grand Prix
RUS,55,0 days 00:01:22.315000,HARD,32.0,True,0 days 02:26:19.445000,3,0 days 00:00:28.391000,0 days 00:00:18.322000,0 days 00:00:35.602000,1,82.315,8779.445,1.6790000000000873,True,False,32.0,0.0,0.0,0.0,0.0,28.391,18.322,35.602,0,0,0,0.0,81.8478,0.2599378771937897,1.7973525253177427,0,0,81.766,81.938,0.17199999999999704,0.2710000000000008,0.5489999999999924,-0.0036666666666652268,0.0,0.4199999999999946,0.10481984544922499,-0.0036666666666652268,0,0,2022,Australian Grand Prix,2022_Australian Grand Prix
RUS,56,0 days 00:01:21.938000,HARD,33.0,True,0 days 02:27:41.383000,3,0 days 00:00:28.440000,0 days 00:00:18.198000,0 days 00:00:35.300000,1,81.938,8861.383,2.1480000000010477,True,False,33.0,0.0,0.0,0.0,0.0,28.44,18.198,35.3,0,0,0,0.0,81.8794,0.3114278407593217,0.18816557908605805,0,0,82.315,82.491,0.17600000000000193,0.8199999999999932,-0.37699999999999534,0.0903333333333336,0.0,0.117999999999995,0.21283162359010083,0.0903333333333336,0,0,2022,Australian Grand Prix,2022_Australian Grand Prix
RUS,57,0 days 00:01:22.491000,HARD,34.0,True,0 days 02:29:03.874000,3,0 days 00:00:28.533000,0 days 00:00:18.567000,0 days 00:00:35.391000,1,82.491,8943.874,2.280000000000655,True,False,34.0,0.0,0.0,0.0,0.0,28.533,18.567,35.391,0,0,0,0.0,81.91159999999999,0.3064772422220177,1.8905155756402912,0,0,81.938,81.879,-0.0589999999999975,0.44299999999999784,0.5529999999999973,0.14766666666666595,0.0,0.1599999999999966,0.16813476737426852,0.14766666666666595,0,0,2022,Australian Grand Prix,2022_Australian Grand Prix
STR,2,0 days 00:01:28.934000,HARD,3.0,True,0 days 01:05:23.790000,18,0 days 00:00:31.273000,0 days 00:00:18.931000,0 days 00:00:38.730000,12,88.934,3923.79,0.6900000000000546,True,False,3.0,0.0,0.0,0.0,0.0,31.273,18.931,38.73,0,0,1,0.0,82.0778,0.3095491883368663,22.148983936403525,0,0,88.934,88.274,-0.6599999999999966,7.167999999999992,0.0,-0.14533333333333096,0.0,3.495999999999995,0.18022818869421842,0.0,0,1,2022,Australian Grand Prix,2022_Australian Grand Prix
STR,7,0 days 00:01:28.274000,HARD,3.0,True,0 days 01:15:23.424000,19,0 days 00:00:30.936000,0 days 00:00:18.979000,0 days 00:00:38.359000,1,88.274,4523.424,0.0,True,False,3.0,0.0,0.0,0.0,0.0,30.936,18.979,38.359,0,0,0,0.0,,,0.0,0,0,88.934,86.968,-1.965999999999994,0.0,-0.6599999999999966,0.0,0.0,0.0,0.0,0.0,0,0,2022,Australian Grand Prix,2022_Australian Grand Prix
STR,8,0 days 00:01:26.968000,HARD,4.0,True,0 days 01:16:50.392000,19,0 days 00:00:30.486000,0 days 00:00:18.768000,0 days 00:00:37.714000,1,86.968,4610.392,0.0,True,False,4.0,0.0,0.0,0.0,0.0,30.486,18.768,37.714,0,0,0,0.0,,,0.0,0,0,88.274,86.511,-1.7630000000000052,0.0,-1.3059999999999974,-0.3299999999999983,0.0,-0.6450000000000031,0.0,0.0,0,0,2022,Australian Grand Prix,2022_Australian Grand Prix
STR,9,0 days 00:01:26.511000,HARD,5.0,True,0 days 01:18:16.903000,19,0 days 00:00:30.371000,0 days 00:00:18.814000,0 days 00:00:37.326000,1,86.511,4696.903,0.0,True,False,5.0,0.0,0.0,0.0,0.0,30.371,18.814,37.326,0,0,0,0.0,88.05866666666667,1.0005325248752923,-1.5468429343259729,1,0,86.968,86.0,-0.9680000000000035,0.0,-0.45700000000000784,-0.6553333333333313,0.0,-0.3879999999999981,2.2280754774767675,-0.982999999999997,0,0,2022,Australian Grand Prix,2022_Australian Grand Prix
STR,10,0 days 00:01:26,HARD,6.0,True,0 days 01:19:42.903000,18,0 days 00:00:29.911000,0 days 00:00:18.755000,0 days 00:00:37.334000,1,86.0,4782.903,4.335000000000036,True,False,6.0,0.0,0.0,0.0,0.0,29.911,18.755,37.334,0,0,0,0.0,87.67175,1.1252532677875984,-1.4856655366901461,0,1,86.511,87.009,0.49800000000000466,0.0,-0.5109999999999957,-0.8076666666666673,0.0,0.008000000000002672,1.9383835834701704,-0.8076666666666673,0,0,2022,Australian Grand Prix,2022_Australian Grand Prix
STR,11,0 days 00:01:27.009000,HARD,7.0,True,0 days 01:21:09.912000,18,0 days 00:00:29.679000,0 days 00:00:18.669000,0 days 00:00:38.661000,1,87.009,4869.912,3.3099999999994907,True,False,7.0,0.0,0.0,0.0,0.0,29.679,18.669,38.661,0,0,0,0.0,87.3374,1.2282490789738063,-0.26737247812502163,0,0,86.0,87.251,1.2510000000000048,0.0,1.0090000000000003,-0.7580000000000003,0.0,1.3350000000000009,1.7005499698626891,-0.7580000000000003,0,0,2022,Australian Grand Prix,2022_Australian Grand Prix
STR,12,0 days 00:01:27.251000,HARD,8.0,True,0 days 01:22:37.163000,18,0 days 00:00:30.356000,0 days 00:00:18.805000,0 days 00:00:38.090000,1,87.251,4957.163,2.209000000000742,True,False,8.0,0.0,0.0,0.0,0.0,30.356,18.805,38.09,0,0,0,0.0,86.95240000000001,0.844389305948394,0.35362835352896177,0,0,87.009,86.532,-0.47700000000000387,1.0090000000000003,0.24200000000000443,0.013666666666665606,0.0,0.7640000000000029,0.7631575852993936,0.013666666666665606,0,0,2022,Australian Grand Prix,2022_Australian Grand Prix
STR,13,0 days 00:01:26.532000,HARD,9.0,True,0 days 01:24:03.695000,17,0 days 00:00:30.427000,0 days 00:00:18.722000,0 days 00:00:37.383000,1,86.532,5043.695,2.100000000000364,True,False,9.0,0.0,0.0,0.0,0.0,30.427,18.722,37.383,0,0,0,0.0,86.74780000000001,0.49628691298483474,-0.4348291166940565,0,0,87.251,85.552,-1.698999999999998,1.2510000000000048,-0.7190000000000083,0.2466666666666697,0.0,0.04899999999999949,0.8218665950140581,0.2466666666666697,0,0,2022,Australian Grand Prix,2022_Australian Grand Prix
STR,14,0 days 00:01:25.552000,HARD,10.0,True,0 days 01:25:29.247000,16,0 days 00:00:29.670000,0 days 00:00:18.771000,0 days 00:00:37.111000,1,85.552,5129.247,2.621999999999389,True,False,10.0,0.0,0.0,0.0,0.0,29.67,18.771,37.111,0,0,0,0.0,86.6606,0.48612374967699307,-2.2804892802225964,1,0,86.532,85.517,-1.0150000000000006,0.5319999999999965,-0.9799999999999898,0.17733333333333215,0.0,-0.27200000000000557,0.6880707085757974,0.17733333333333215,0,0,2022,Australian Grand Prix,2022_Australian Grand Prix
STR,15,0 days 00:01:25.517000,HARD,11.0,True,0 days 01:26:54.764000,16,0 days 00:00:29.719000,0 days 00:00:18.786000,0 days 00:00:37.012000,1,85.517,5214.764,2.680000000000291,True,False,11.0,0.0,0.0,0.0,0.0,29.719,18.786,37.012,0,0,0,0.0,86.4688,0.701416923092125,-1.3569675447864766,0,1,85.552,85.607,0.05499999999999261,0.0,-0.0350000000000108,-0.4856666666666645,0.0,-0.09899999999999665,0.658118302435058,-0.4856666666666645,0,0,2022,Australian Grand Prix,2022_Australian Grand Prix
STR,16,0 days 00:01:25.607000,HARD,12.0,True,0 days 01:28:20.371000,16,0 days 00:00:29.613000,0 days 00:00:18.742000,0 days 00:00:37.252000,1,85.607,5300.371,2.626999999999498,True,False,12.0,0.0,0.0,0.0,0.0,29.613,18.742,37.252,0,0,0,0.0,86.37219999999999,0.8073776687523792,-0.9477596787912622,0,0,85.517,85.542,0.025000000000005684,0.0,0.09000000000000341,-0.578000000000003,0.0,0.240000000000002,0.6746408674250338,-0.578000000000003,0,0,2022,Australian Grand Prix,2022_Australian Grand Prix
STR,17,0 days 00:01:25.542000,HARD,13.0,True,0 days 01:29:45.913000,15,0 days 00:00:29.713000,0 days 00:00:18.657000,0 days 00:00:37.172000,1,85.542,5385.913,2.274000000000342,True,False,13.0,0.0,0.0,0.0,0.0,29.713,18.657,37.172,0,0,0,0.0,86.09179999999999,0.7736812651215171,-0.7106285556929403,0,0,85.607,85.35,-0.257000000000005,0.09000000000000341,-0.06499999999999773,-0.3083333333333324,0.0,0.1599999999999966,0.3982641083502276,-0.3083333333333324,0,0,2022,Australian Grand Prix,2022_Australian Grand Prix
STR,18,0 days 00:01:25.350000,HARD,14.0,True,0 days 01:31:11.263000,14,0 days 00:00:29.638000,0 days 00:00:18.633000,0 days 00:00:37.079000,1,85.35,5471.263,2.2910000000001673,True,False,14.0,0.0,0.0,0.0,0.0,29.638,18.633,37.079,0,0,0,0.0,85.75,0.4383862452222156,-0.9124373868008744,0,0,85.542,85.825,0.28300000000000125,0.025000000000005684,-0.19200000000000728,-0.0033333333333350388,0.0,0.06700000000000017,0.2050421907803382,-0.0033333333333350388,0,0,2022,Australian Grand Prix,2022_Australian Grand Prix
STR,19,0 days 00:01:25.825000,HARD,15.0,True,0 days 01:32:37.088000,14,0 days 00:00:29.610000,0 days 00:00:18.823000,0 days 00:00:37.392000,1,85.825,5557.088,1.969000000000051,True,False,15.0,0.0,0.0,0.0,0.0,29.61,18.823,37.392,0,0,0,0.0,85.5136,0.09718693327827299,3.2041344396409963,0,0,85.35,85.636,0.28600000000000136,0.0,0.4750000000000085,-0.0556666666666672,0.0,0.3130000000000024,0.20593129922379608,-0.0556666666666672,0,0,2022,Australian Grand Prix,2022_Australian Grand Prix
STR,20,0 days 00:01:25.636000,HARD,16.0,True,0 days 01:34:02.724000,14,0 days 00:00:29.767000,0 days 00:00:18.718000,0 days 00:00:37.151000,1,85.636,5642.724,1.7309999999997672,True,False,16.0,0.0,0.0,0.0,0.0,29.767,18.718,37.151,0,0,0,0.0,85.5682,0.17202528883869664,0.3941280985934887,0,0,85.825,85.95,0.125,0.4750000000000085,-0.18900000000000716,0.07266666666666784,0.0,0.07200000000000273,0.16023950823688865,0.07266666666666784,0,0,2022,Australian Grand Prix,2022_Australian Grand Prix
STR,21,0 days 00:01:25.950000,HARD,17.0,True,0 days 01:35:28.674000,12,0 days 00:00:29.946000,0 days 00:00:18.717000,0 days 00:00:37.287000,1,85.95,5728.674,1.2860000000000582,True,False,17.0,0.0,0.0,0.0,0.0,29.946,18.717,37.287,0,0,0,0.0,85.592,0.1714015752554142,2.0886622510121633,0,0,85.636,87.127,1.4909999999999997,0.28600000000000136,0.31400000000000716,0.03133333333333136,0.0,0.2079999999999984,0.10684240731095565,0.03133333333333136,0,0,2022,Australian Grand Prix,2022_Australian Grand Prix
STR,22,0 days 00:01:27.127000,HARD,18.0,True,0 days 01:36:55.801000,10,0 days 00:00:31.029000,0 days 00:00:18.713000,0 days 00:00:37.385000,1,87.127,5815.801,0.6199999999998909,True,False,18.0,0.0,0.0,0.0,0.0,31.029,18.713,37.385,0,0,0,0.0,85.6606,0.2355436265324106,6.225598296111051,0,0,85.95,87.035,1.0849999999999937,0.6000000000000085,1.1769999999999925,0.20000000000000284,0.0,0.23399999999999466,0.10250121950494077,0.20000000000000284,0,1,2022,Australian Grand Prix,2022_Australian Grand Prix
STR,27,0 days 00:01:27.035000,HARD,8.0,True,0 days 01:47:14.228000,13,0 days 00:00:30.740000,0 days 00:00:18.748000,0 days 00:00:37.547000,1,87.035,6434.228,0.5320000000001528,True,False,8.0,0.0,0.0,0.0,0.0,30.74,18.748,37.547,0,0,0,0.0,85.9776,0.6811279615461705,1.5524248888559613,0,0,87.127,85.721,-1.4059999999999917,1.777000000000001,-0.09199999999999875,0.4339999999999975,0.0,0.3959999999999937,0.10702196036328183,0.4339999999999975,0,1,2022,Australian Grand Prix,2022_Australian Grand Prix
STR,28,0 days 00:01:25.721000,HARD,9.0,True,0 days 01:48:39.949000,12,0 days 00:00:29.765000,0 days 00:00:18.467000,0 days 00:00:37.489000,1,85.721,6519.949,0.48000000000047294,True,False,9.0,0.0,0.0,0.0,0.0,29.765,18.467,37.489,0,0,0,0.0,86.31460000000001,0.709244175161163,-0.8369473036068633,0,0,87.035,84.97,-2.0649999999999977,1.399000000000001,-1.313999999999993,0.46633333333333366,0.0,0.20199999999999818,0.12128808680162888,0.46633333333333366,0,1,2022,Australian Grand Prix,2022_Australian Grand Prix
STR,29,0 days 00:01:24.970000,HARD,10.0,True,0 days 01:50:04.919000,12,0 days 00:00:29.628000,0 days 00:00:18.586000,0 days 00:00:36.756000,1,84.97,6604.919,0.6059999999997672,True,False,10.0,0.0,0.0,0.0,0.0,29.628,18.586,36.756,0,0,0,0.0,86.2938,0.7284570680555162,-1.8172656400103977,1,0,85.721,84.537,-1.1839999999999975,0.08500000000000796,-0.7510000000000048,-0.07633333333333307,0.0,-0.6289999999999978,0.11566676272810301,-0.07633333333333307,0,1,2022,Australian Grand Prix,2022_Australian Grand Prix
STR,30,0 days 00:01:24.537000,HARD,11.0,True,0 days 01:51:29.456000,12,0 days 00:00:29.375000,0 days 00:00:18.589000,0 days 00:00:36.573000,1,84.537,6689.456,0.2609999999995125,True,False,11.0,0.0,0.0,0.0,0.0,29.375,18.589,36.573,0,0,0,0.0,86.1606,0.9156463837093658,-1.7731736059751,1,1,84.97,84.237,-0.7330000000000041,0.0,-0.4329999999999927,-0.7189999999999989,0.0,-0.18299999999999983,0.40543088190220244,-0.7189999999999989,0,1,2022,Australian Grand Prix,2022_Australian Grand Prix
STR,31,0 days 00:01:24.237000,HARD,12.0,True,0 days 01:52:53.693000,12,0 days 00:00:29.284000,0 days 00:00:18.458000,0 days 00:00:36.495000,1,84.237,6773.693,0.5789999999997235,True,False,12.0,0.0,0.0,0.0,0.0,29.284,18.458,36.495,0,0,0,0.0,85.878,1.1775020169834254,-1.3936281860510005,0,1,84.537,84.576,0.03899999999998727,0.0,-0.30000000000001137,-0.8326666666666634,0.0,-0.07800000000000296,0.4127426559007407,-0.8326666666666634,0,1,2022,Australian Grand Prix,2022_Australian Grand Prix
STR,32,0 days 00:01:24.576000,HARD,13.0,True,0 days 01:54:18.269000,12,0 days 00:00:29.336000,0 days 00:00:18.502000,0 days 00:00:36.738000,1,84.576,6858.269,0.4139999999997599,True,False,13.0,0.0,0.0,0.0,0.0,29.336,18.502,36.738,0,0,0,0.0,85.3,1.118984360927377,-0.6470152982298847,0,0,84.237,84.427,0.19000000000001194,0.0,0.33899999999999864,-0.49466666666666964,0.0,0.2430000000000021,0.3923586369636811,-0.49466666666666964,0,1,2022,Australian Grand Prix,2022_Australian Grand Prix
STR,33,0 days 00:01:24.427000,HARD,14.0,True,0 days 01:55:42.696000,12,0 days 00:00:29.211000,0 days 00:00:18.552000,0 days 00:00:36.664000,1,84.427,6942.696,0.36200000000008004,True,False,14.0,0.0,0.0,0.0,0.0,29.211,18.552,36.664,0,0,0,0.0,84.8082,0.5729569791878483,-0.6653204583358664,0,0,84.576,85.18,0.6040000000000134,0.33899999999999864,-0.1489999999999867,-0.13133333333333516,0.0,0.16900000000000404,0.3519453082511535,-0.13133333333333516,0,1,2022,Australian Grand Prix,2022_Australian Grand Prix
STR,34,0 days 00:01:25.180000,HARD,15.0,True,0 days 01:57:07.876000,12,0 days 00:00:29.419000,0 days 00:00:18.572000,0 days 00:00:37.189000,1,85.18,7027.876,0.2600000000002183,True,False,15.0,0.0,0.0,0.0,0.0,29.419,18.572,37.189,0,0,0,0.0,84.54939999999999,0.2694165919167966,2.340613083676607,0,0,84.427,85.397,0.9699999999999989,0.19000000000001194,0.7530000000000001,-0.03666666666666648,0.0,0.6940000000000026,0.34537197338521874,-0.03666666666666648,0,1,2022,Australian Grand Prix,2022_Australian Grand Prix
STR,35,0 days 00:01:25.397000,HARD,16.0,True,0 days 01:58:33.273000,12,0 days 00:00:29.734000,0 days 00:00:18.497000,0 days 00:00:37.166000,1,85.397,7113.273,0.23999999999978172,True,False,16.0,0.0,0.0,0.0,0.0,29.734,18.497,37.166,0,0,0,0.0,84.5914,0.3543561767488514,2.2734188166020837,0,0,85.18,84.893,-0.28700000000000614,0.943000000000012,0.21699999999999875,0.31433333333333735,0.0,0.5019999999999953,0.3413260904179478,0.31433333333333735,0,1,2022,Australian Grand Prix,2022_Australian Grand Prix
STR,36,0 days 00:01:24.893000,HARD,17.0,True,0 days 01:59:58.166000,12,0 days 00:00:29.364000,0 days 00:00:18.434000,0 days 00:00:37.095000,1,84.893,7198.166,0.2179999999998472,True,False,17.0,0.0,0.0,0.0,0.0,29.364,18.434,37.095,0,0,0,0.0,84.7634,0.5000962907281594,0.2591500924977744,0,0,85.397,84.515,-0.882000000000005,1.1600000000000108,-0.5040000000000049,0.2736666666666707,0.0,0.4309999999999974,0.2996472926625573,0.2736666666666707,0,1,2022,Australian Grand Prix,2022_Australian Grand Prix
STR,37,0 days 00:01:24.515000,HARD,18.0,True,0 days 02:01:22.681000,12,0 days 00:00:29.278000,0 days 00:00:18.465000,0 days 00:00:36.772000,1,84.515,7282.681,0.10800000000017462,True,False,18.0,0.0,0.0,0.0,0.0,29.278,18.465,36.772,0,0,0,0.0,84.8946,0.40435664950642286,-0.9387752135728554,0,0,84.893,84.559,-0.3340000000000032,0.465999999999994,-0.3780000000000001,0.15533333333333132,0.0,-0.3230000000000004,0.20946765860151173,0.15533333333333132,0,1,2022,Australian Grand Prix,2022_Australian Grand Prix
STR,38,0 days 00:01:24.559000,HARD,19.0,True,0 days 02:02:47.240000,12,0 days 00:00:29.340000,0 days 00:00:18.502000,0 days 00:00:36.717000,1,84.559,7367.24,0.12800000000061118,True,False,19.0,0.0,0.0,0.0,0.0,29.34,18.502,36.717,0,0,0,0.0,84.8824,0.41709207616551325,-0.7753683622406503,0,0,84.515,84.11,-0.40500000000000114,0.08799999999999386,0.04399999999999693,-0.22166666666666876,0.0,-0.054999999999999716,0.39317464312948736,-0.22166666666666876,0,1,2022,Australian Grand Prix,2022_Australian Grand Prix
STR,41,0 days 00:01:24.110000,HARD,22.0,True,0 days 02:07:33.116000,9,0 days 00:00:29.093000,0 days 00:00:18.533000,0 days 00:00:36.484000,1,84.11,7653.116,0.3569999999999709,True,False,22.0,0.0,0.0,0.0,0.0,29.093,18.533,36.484,0,0,0,0.0,84.9088,0.3839195228170349,-2.0806443864556616,1,0,84.559,83.951,-0.6080000000000041,0.04399999999999693,-0.44899999999999807,-0.27933333333333604,0.0,-0.232999999999997,0.42271586201608263,-0.27933333333333604,0,1,2022,Australian Grand Prix,2022_Australian Grand Prix
STR,42,0 days 00:01:23.951000,HARD,23.0,True,0 days 02:08:57.067000,9,0 days 00:00:29.088000,0 days 00:00:18.445000,0 days 00:00:36.418000,1,83.951,7737.067,0.46200000000044383,True,False,23.0,0.0,0.0,0.0,0.0,29.088,18.445,36.418,0,0,0,0.0,84.69480000000001,0.4809180803422322,-1.5466251538530567,1,1,84.11,83.934,-0.17600000000000193,0.0,-0.15900000000000603,-0.2610000000000004,0.0,-0.0660000000000025,0.3803522051993364,-0.2610000000000004,0,1,2022,Australian Grand Prix,2022_Australian Grand Prix
STR,43,0 days 00:01:23.934000,HARD,24.0,True,0 days 02:10:21.001000,9,0 days 00:00:29.107000,0 days 00:00:18.483000,0 days 00:00:36.344000,1,83.934,7821.001,0.28699999999935244,True,False,24.0,0.0,0.0,0.0,0.0,29.107,18.483,36.344,0,0,0,0.0,84.40559999999999,0.3765299456883293,-1.252490022109316,0,1,83.951,84.263,0.3120000000000118,0.0,-0.016999999999995907,-0.1880000000000024,0.0,-0.07399999999999807,0.2914004118047865,-0.1880000000000024,0,1,2022,Australian Grand Prix,2022_Australian Grand Prix
STR,44,0 days 00:01:24.263000,HARD,25.0,True,0 days 02:11:45.264000,9,0 days 00:00:29.361000,0 days 00:00:18.452000,0 days 00:00:36.450000,1,84.263,7905.264,0.2319999999999709,True,False,25.0,0.0,0.0,0.0,0.0,29.361,18.452,36.45,0,0,0,0.0,84.2138,0.30331946854769176,0.16220521628753667,0,0,83.934,84.422,0.48799999999999955,0.0,0.32900000000000773,-0.20833333333333334,0.0,0.10600000000000165,0.12111440872167054,-0.20833333333333334,0,1,2022,Australian Grand Prix,2022_Australian Grand Prix
STR,45,0 days 00:01:24.422000,HARD,26.0,True,0 days 02:13:09.686000,9,0 days 00:00:29.537000,0 days 00:00:18.595000,0 days 00:00:36.290000,1,84.422,7989.686,0.2970000000004802,True,False,26.0,0.0,0.0,0.0,0.0,29.537,18.595,36.29,0,0,0,0.0,84.1634,0.2583646647667854,1.0009108646239544,0,0,84.263,83.883,-0.38000000000000966,0.32900000000000773,0.15899999999999181,0.05100000000000193,0.0,-0.054000000000002046,0.12004707410012064,0.05100000000000193,0,1,2022,Australian Grand Prix,2022_Australian Grand Prix
STR,46,0 days 00:01:23.883000,HARD,27.0,True,0 days 02:14:33.569000,9,0 days 00:00:29.041000,0 days 00:00:18.518000,0 days 00:00:36.324000,1,83.883,8073.569,0.23399999999946886,True,False,27.0,0.0,0.0,0.0,0.0,29.041,18.518,36.324,0,0,0,0.0,84.136,0.20834466635854448,-1.2143339420295376,0,0,84.422,83.602,-0.8199999999999932,0.48799999999999955,-0.5390000000000015,0.15700000000000122,0.0,0.03399999999999892,0.12006748102629555,0.15700000000000122,0,1,2022,Australian Grand Prix,2022_Australian Grand Prix
STR,47,0 days 00:01:23.602000,HARD,28.0,True,0 days 02:15:57.171000,9,0 days 00:00:29.080000,0 days 00:00:18.397000,0 days 00:00:36.125000,1,83.602,8157.171,0.4600000000000364,True,False,28.0,0.0,0.0,0.0,0.0,29.08,18.397,36.125,0,0,0,0.0,84.0906,0.23804264323867133,-2.0525734101771866,1,0,83.883,83.592,-0.2909999999999968,0.0,-0.2809999999999917,-0.017000000000000643,0.0,-0.16499999999999915,0.07835304716474081,-0.017000000000000643,0,1,2022,Australian Grand Prix,2022_Australian Grand Prix
STR,48,0 days 00:01:23.592000,HARD,29.0,True,0 days 02:17:20.763000,9,0 days 00:00:28.829000,0 days 00:00:18.407000,0 days 00:00:36.356000,1,83.592,8240.763,0.2669999999998254,True,False,29.0,0.0,0.0,0.0,0.0,28.829,18.407,36.356,0,0,0,0.0,84.02080000000001,0.3246300971876307,-1.320888000573066,0,1,83.602,83.747,0.14499999999999602,0.0,-0.010000000000005116,-0.2203333333333338,0.0,0.23100000000000165,0.10407593381757368,-0.2203333333333338,0,1,2022,Australian Grand Prix,2022_Australian Grand Prix
STR,49,0 days 00:01:23.747000,HARD,30.0,True,0 days 02:18:44.510000,9,0 days 00:00:29.026000,0 days 00:00:18.448000,0 days 00:00:36.273000,1,83.747,8324.51,0.11000000000058208,True,False,30.0,0.0,0.0,0.0,0.0,29.026,18.448,36.273,0,0,0,0.0,83.9524,0.3789726903090114,-0.5419915610080394,0,0,83.592,85.15,1.558000000000007,0.0,0.15500000000000114,-0.2766666666666661,0.0,0.14800000000000324,0.15105727390629092,-0.2766666666666661,0,1,2022,Australian Grand Prix,2022_Australian Grand Prix
STR,50,0 days 00:01:25.150000,HARD,31.0,True,0 days 02:20:09.660000,10,0 days 00:00:30.261000,0 days 00:00:18.421000,0 days 00:00:36.468000,1,85.15,8409.66,0.06099999999969441,True,False,31.0,0.0,0.0,0.0,0.0,30.261,18.421,36.468,0,0,0,0.0,83.8492,0.3416675284542675,3.8072099092499,0,0,83.747,84.966,1.218999999999994,0.15500000000000114,1.4030000000000058,-0.04533333333333189,0.0,0.3430000000000035,0.1573489752111539,-0.04533333333333189,0,1,2022,Australian Grand Prix,2022_Australian Grand Prix
STR,51,0 days 00:01:24.966000,HARD,32.0,True,0 days 02:21:34.626000,11,0 days 00:00:29.787000,0 days 00:00:18.524000,0 days 00:00:36.655000,1,84.966,8494.626,2.811999999999898,True,False,32.0,0.0,0.0,0.0,0.0,29.787,18.524,36.655,0,0,0,0.0,83.9948,0.6566831047012357,1.4789477497549641,0,0,85.15,83.995,-1.1550000000000011,1.558000000000007,-0.1840000000000117,0.5160000000000006,0.0,0.3819999999999979,0.19457569221256915,0.5160000000000006,0,0,2022,Australian Grand Prix,2022_Australian Grand Prix
STR,52,0 days 00:01:23.995000,HARD,33.0,True,0 days 02:22:58.621000,11,0 days 00:00:29.086000,0 days 00:00:18.419000,0 days 00:00:36.490000,1,83.995,8578.621,2.94800000000032,True,False,33.0,0.0,0.0,0.0,0.0,29.086,18.419,36.49,0,0,0,0.0,84.2114,0.7779915166632934,-0.2781521332367545,0,0,84.966,83.786,-1.1799999999999926,1.3739999999999952,-0.9709999999999894,0.4579999999999984,0.0,0.21699999999999875,0.21778360819859668,0.4579999999999984,0,0,2022,Australian Grand Prix,2022_Australian Grand Prix
STR,53,0 days 00:01:23.786000,HARD,34.0,True,0 days 02:24:22.407000,11,0 days 00:00:29.127000,0 days 00:00:18.427000,0 days 00:00:36.232000,1,83.786,8662.407,2.4760000000005675,True,False,34.0,0.0,0.0,0.0,0.0,29.127,18.427,36.232,0,0,0,0.0,84.29,0.7186191620045016,-0.7013450609835641,0,0,83.995,83.87,-0.125,0.4030000000000058,-0.20900000000000318,0.08266666666666822,0.0,-0.2360000000000042,0.09607132766855993,0.08266666666666822,0,0,2022,Australian Grand Prix,2022_Australian Grand Prix
STR,54,0 days 00:01:23.870000,HARD,35.0,True,0 days 02:25:46.277000,11,0 days 00:00:29.092000,0 days 00:00:18.434000,0 days 00:00:36.344000,1,83.87,8746.277,1.3119999999998981,True,False,35.0,0.0,0.0,0.0,0.0,29.092,18.434,36.344,0,0,0,0.0,84.3288,0.6754514786422865,-0.6792493828309069,0,0,83.786,83.801,0.015000000000000568,0.03900000000000148,0.08400000000000318,-0.4546666666666681,0.0,0.11200000000000188,0.24617006316772325,-0.4546666666666681,0,0,2022,Australian Grand Prix,2022_Australian Grand Prix
STR,55,0 days 00:01:23.801000,HARD,36.0,True,0 days 02:27:10.078000,11,0 days 00:00:29.213000,0 days 00:00:18.345000,0 days 00:00:36.243000,1,83.801,8830.078,0.05199999999967986,True,False,36.0,0.0,0.0,0.0,0.0,29.213,18.345,36.243,0,0,0,0.0,84.35340000000001,0.6507532558505195,-0.8488624452259278,0,0,83.87,84.933,1.0630000000000024,0.08400000000000318,-0.06900000000000261,-0.3653333333333298,0.0,0.011000000000002785,0.24752636223239097,-0.3653333333333298,0,1,2022,Australian Grand Prix,2022_Australian Grand Prix
STR,56,0 days 00:01:24.933000,HARD,37.0,True,0 days 02:28:35.011000,12,0 days 00:00:29.770000,0 days 00:00:18.477000,0 days 00:00:36.686000,1,84.933,8915.011,3.234999999998763,True,False,37.0,0.0,0.0,0.0,0.0,29.77,18.477,36.686,0,0,0,0.0,84.0836,0.5001332822358894,1.6983472809541613,0,0,83.801,84.295,0.4939999999999998,0.015000000000000568,1.132000000000005,-0.06466666666666754,0.0,0.4540000000000006,0.23137350755866626,-0.06466666666666754,0,0,2022,Australian Grand Prix,2022_Australian Grand Prix
STR,57,0 days 00:01:24.295000,HARD,38.0,True,0 days 02:29:59.306000,12,0 days 00:00:29.380000,0 days 00:00:18.425000,0 days 00:00:36.490000,1,84.295,8999.306,3.110999999998967,True,False,38.0,0.0,0.0,0.0,0.0,29.38,18.425,36.49,0,0,0,0.0,84.077,0.4855836694124417,0.44894425766785867,0,0,84.933,84.46,-0.4730000000000132,1.1470000000000056,-0.6380000000000052,0.3823333333333352,0.0,0.2469999999999999,0.25460420263617134,0.3823333333333352,0,0,2022,Australian Grand Prix,2022_Australian Grand Prix
TSU,2,0 days 00:01:27.259000,MEDIUM,2.0,True,0 days 01:05:18.469000,11,0 days 00:00:30.544000,0 days 00:00:18.863000,0 days 00:00:37.852000,12,87.259,3918.469,0.8539999999998145,False,True,2.0,0.0,0.0,0.0,0.0,30.544,18.863,37.852,0,0,1,0.0,84.2718,0.46266586215114025,6.456495376838858,0,0,87.259,87.185,-0.07399999999999807,3.4579999999999984,0.0,0.21966666666666393,0.0,1.4239999999999995,0.16613157436200904,0.0,0,1,2022,Australian Grand Prix,2022_Australian Grand Prix
TSU,7,0 days 00:01:27.185000,MEDIUM,7.0,True,0 days 01:15:18.716000,11,0 days 00:00:30.429000,0 days 00:00:18.905000,0 days 00:00:37.851000,1,87.185,4518.716,0.40599999999994907,False,True,7.0,0.0,0.0,0.0,0.0,30.429,18.905,37.851,0,0,0,0.0,,,0.0,0,0,87.259,86.023,-1.2360000000000042,0.0,-0.07399999999999807,0.0,0.0,0.0,0.0,0.0,0,1,2022,Australian Grand Prix,2022_Australian Grand Prix
TSU,8,0 days 00:01:26.023000,MEDIUM,8.0,True,0 days 01:16:44.739000,11,0 days 00:00:29.997000,0 days 00:00:18.654000,0 days 00:00:37.372000,1,86.023,4604.739,0.5930000000007567,False,True,8.0,0.0,0.0,0.0,0.0,29.997,18.654,37.372,0,0,0,0.0,,,0.0,0,0,87.185,85.566,-1.6189999999999998,0.0,-1.1620000000000061,-0.036999999999999034,0.0,-0.4789999999999992,0.0,0.0,0,1,2022,Australian Grand Prix,2022_Australian Grand Prix
TSU,9,0 days 00:01:25.566000,MEDIUM,9.0,True,0 days 01:18:10.305000,11,0 days 00:00:30.171000,0 days 00:00:18.667000,0 days 00:00:36.728000,1,85.566,4690.305,0.4969999999993888,False,True,9.0,0.0,0.0,0.0,0.0,30.171,18.667,36.728,0,0,0,0.0,86.82233333333333,0.6932310822037198,-1.812286502416422,1,0,86.023,85.214,-0.8089999999999975,0.0,-0.45699999999999363,-0.4120000000000014,0.0,-0.6439999999999984,0.9898338244372127,-0.6180000000000021,0,1,2022,Australian Grand Prix,2022_Australian Grand Prix
TSU,10,0 days 00:01:25.214000,MEDIUM,10.0,True,0 days 01:19:35.519000,11,0 days 00:00:29.632000,0 days 00:00:18.705000,0 days 00:00:36.877000,1,85.214,4775.519,0.5219999999999345,False,True,10.0,0.0,0.0,0.0,0.0,29.632,18.705,36.877,0,0,0,0.0,86.50825,0.8455607114020087,-1.5306411267075466,1,1,85.566,85.523,-0.043000000000006366,0.0,-0.35200000000000387,-0.5643333333333326,0.0,0.1490000000000009,0.9397344926449519,-0.5643333333333326,0,1,2022,Australian Grand Prix,2022_Australian Grand Prix
TSU,11,0 days 00:01:25.523000,MEDIUM,11.0,True,0 days 01:21:01.042000,11,0 days 00:00:29.678000,0 days 00:00:18.688000,0 days 00:00:37.157000,1,85.523,4861.042,0.5829999999996289,False,True,11.0,0.0,0.0,0.0,0.0,29.678,18.688,37.157,0,0,0,0.0,86.24940000000001,0.9334057531427626,-0.7782253297177941,0,1,85.214,85.962,0.7480000000000047,0.0,0.3089999999999975,-0.6570000000000012,0.0,0.42899999999999494,0.8145019950865675,-0.6570000000000012,0,1,2022,Australian Grand Prix,2022_Australian Grand Prix
TSU,12,0 days 00:01:25.962000,MEDIUM,12.0,True,0 days 01:22:27.004000,11,0 days 00:00:29.755000,0 days 00:00:18.760000,0 days 00:00:37.447000,1,85.962,4947.004,0.23999999999978172,False,True,12.0,0.0,0.0,0.0,0.0,29.755,18.76,37.447,0,0,0,0.0,85.9022,0.7730800087959958,0.07735292507840565,0,0,85.523,86.335,0.8119999999999976,0.3089999999999975,0.43900000000000716,-0.16666666666666666,0.0,0.7190000000000012,0.44469483918750186,-0.16666666666666666,0,1,2022,Australian Grand Prix,2022_Australian Grand Prix
TSU,13,0 days 00:01:26.335000,MEDIUM,13.0,True,0 days 01:23:53.339000,11,0 days 00:00:30.184000,0 days 00:00:18.736000,0 days 00:00:37.415000,1,86.335,5033.339,0.27400000000034197,False,True,13.0,0.0,0.0,0.0,0.0,30.184,18.736,37.415,0,0,0,0.0,85.6576,0.33521082918071154,2.0208177690906473,0,0,85.962,85.999,0.03699999999999193,0.7480000000000047,0.37299999999999045,0.13200000000000026,0.0,0.5379999999999967,0.5833791220124342,0.13200000000000026,0,1,2022,Australian Grand Prix,2022_Australian Grand Prix
TSU,14,0 days 00:01:25.999000,MEDIUM,14.0,True,0 days 01:25:19.338000,11,0 days 00:00:29.909000,0 days 00:00:18.836000,0 days 00:00:37.254000,1,85.999,5119.338,0.4070000000001528,False,True,14.0,0.0,0.0,0.0,0.0,29.909,18.836,37.254,0,0,0,0.0,85.72,0.43455436944071735,0.6420370375266886,0,0,86.335,85.783,-0.5519999999999925,1.1209999999999951,-0.3359999999999985,0.37366666666666504,0.0,0.09700000000000131,0.534716466924293,0.37366666666666504,0,1,2022,Australian Grand Prix,2022_Australian Grand Prix
TSU,15,0 days 00:01:25.783000,MEDIUM,15.0,True,0 days 01:26:45.121000,11,0 days 00:00:29.726000,0 days 00:00:18.798000,0 days 00:00:37.259000,1,85.783,5205.121,0.08299999999962893,False,True,15.0,0.0,0.0,0.0,0.0,29.726,18.798,37.259,0,0,0,0.0,85.80659999999999,0.43931116534868453,-0.05372046481280788,0,0,85.999,87.099,1.1000000000000085,0.7849999999999966,-0.21599999999999397,0.15866666666666637,0.0,0.005000000000002558,0.2624553295324741,0.15866666666666637,0,1,2022,Australian Grand Prix,2022_Australian Grand Prix
TSU,16,0 days 00:01:27.099000,MEDIUM,16.0,True,0 days 01:28:12.220000,12,0 days 00:00:30.445000,0 days 00:00:18.881000,0 days 00:00:37.773000,1,87.099,5292.22,1.3849999999993088,False,True,16.0,0.0,0.0,0.0,0.0,30.445,18.881,37.773,0,0,0,0.0,85.9204,0.29858298678929723,3.9473113075652644,0,0,85.783,86.298,0.5150000000000006,0.2600000000000051,1.3160000000000025,-0.059666666666667346,0.0,0.5190000000000055,0.30020459690017925,-0.059666666666667346,0,0,2022,Australian Grand Prix,2022_Australian Grand Prix
TSU,17,0 days 00:01:26.298000,MEDIUM,17.0,True,0 days 01:29:38.518000,11,0 days 00:00:29.877000,0 days 00:00:18.861000,0 days 00:00:37.560000,1,86.298,5378.518,0.5979999999999563,False,True,17.0,0.0,0.0,0.0,0.0,29.877,18.861,37.56,0,0,0,0.0,86.2356,0.5222602799371368,0.1194806543731559,0,0,87.099,84.979,-2.1200000000000045,1.3160000000000025,-0.8010000000000019,0.25466666666667,0.0,0.3060000000000045,0.30814898993830836,0.25466666666667,0,1,2022,Australian Grand Prix,2022_Australian Grand Prix
TSU,20,0 days 00:01:24.979000,HARD,2.0,True,0 days 01:34:15.302000,17,0 days 00:00:29.559000,0 days 00:00:18.788000,0 days 00:00:36.632000,1,84.979,5655.302,0.6530000000002474,True,False,2.0,0.0,0.0,0.0,0.0,29.559,18.788,36.632,0,0,0,0.0,86.3028,0.4993698028515705,-2.6509412312091354,1,0,86.298,85.003,-1.2950000000000017,0.5150000000000006,-1.3190000000000026,0.09966666666666886,0.0,-0.6270000000000024,0.24115866146584855,0.09966666666666886,0,1,2022,Australian Grand Prix,2022_Australian Grand Prix
TSU,21,0 days 00:01:25.003000,HARD,3.0,True,0 days 01:35:40.305000,17,0 days 00:00:29.502000,0 days 00:00:18.720000,0 days 00:00:36.781000,1,85.003,5740.305,0.4579999999996289,True,False,3.0,0.0,0.0,0.0,0.0,29.502,18.72,36.781,0,0,0,0.0,86.0316,0.7715476654102603,-1.3331645549767204,0,1,84.979,84.804,-0.17499999999999716,0.0,0.02400000000000091,-0.2680000000000007,0.0,0.1490000000000009,0.4323077607445911,-0.2680000000000007,0,1,2022,Australian Grand Prix,2022_Australian Grand Prix
TSU,22,0 days 00:01:24.804000,HARD,4.0,True,0 days 01:37:05.109000,16,0 days 00:00:29.541000,0 days 00:00:18.620000,0 days 00:00:36.643000,1,84.804,5825.109,0.6030000000000655,True,False,4.0,0.0,0.0,0.0,0.0,29.541,18.62,36.643,0,0,0,0.0,85.8324,0.8999576656710174,-1.1427204181134671,0,0,85.003,87.282,2.2789999999999964,0.02400000000000091,-0.19899999999999807,-0.6986666666666679,0.0,0.011000000000002785,0.43404239424277735,-0.6986666666666679,0,1,2022,Australian Grand Prix,2022_Australian Grand Prix
TSU,27,0 days 00:01:27.282000,HARD,9.0,True,0 days 01:47:15.366000,15,0 days 00:00:30.990000,0 days 00:00:18.715000,0 days 00:00:37.577000,1,87.282,6435.366,0.4750000000003638,True,False,9.0,0.0,0.0,0.0,0.0,30.99,18.715,37.577,0,0,0,0.0,85.6366,1.0128145437344525,1.624581726416637,0,0,84.804,86.404,1.5999999999999943,0.0,2.4779999999999944,-0.49799999999999994,0.0,0.9450000000000003,0.4338246189418053,-0.49799999999999994,0,1,2022,Australian Grand Prix,2022_Australian Grand Prix
TSU,28,0 days 00:01:26.404000,HARD,10.0,True,0 days 01:48:41.770000,15,0 days 00:00:30.097000,0 days 00:00:18.470000,0 days 00:00:37.837000,1,86.404,6521.77,0.23299999999926513,True,False,10.0,0.0,0.0,0.0,0.0,30.097,18.47,37.837,0,0,0,0.0,85.6732,1.0799540267993006,0.6766954720895859,0,0,87.282,85.661,-1.6209999999999951,2.4779999999999944,-0.8780000000000001,0.7676666666666657,0.0,1.1940000000000026,0.5655043766408897,0.7676666666666657,0,1,2022,Australian Grand Prix,2022_Australian Grand Prix
TSU,29,0 days 00:01:25.661000,HARD,11.0,True,0 days 01:50:07.431000,15,0 days 00:00:30.484000,0 days 00:00:18.537000,0 days 00:00:36.640000,1,85.661,6607.431,0.4080000000003565,True,False,11.0,0.0,0.0,0.0,0.0,30.484,18.537,36.64,0,0,0,0.0,85.6944,1.096203585106353,-0.030468792890108887,0,0,86.404,85.026,-1.3780000000000001,1.5999999999999943,-0.742999999999995,0.46699999999999875,0.0,-0.0030000000000001137,0.7373932465109794,0.46699999999999875,0,1,2022,Australian Grand Prix,2022_Australian Grand Prix
TSU,30,0 days 00:01:25.026000,HARD,12.0,True,0 days 01:51:32.457000,15,0 days 00:00:29.546000,0 days 00:00:18.538000,0 days 00:00:36.942000,1,85.026,6692.457,0.23499999999967258,True,False,12.0,0.0,0.0,0.0,0.0,29.546,18.538,36.942,0,0,0,0.0,85.8308,1.0250539985776457,-0.785129369883667,0,0,85.661,85.711,0.04999999999999716,0.8569999999999993,-0.6350000000000051,0.28566666666666646,0.0,0.3019999999999996,0.5671571210872701,0.28566666666666646,0,1,2022,Australian Grand Prix,2022_Australian Grand Prix
TSU,31,0 days 00:01:25.711000,HARD,13.0,True,0 days 01:52:58.168000,16,0 days 00:00:29.406000,0 days 00:00:18.572000,0 days 00:00:37.733000,1,85.711,6778.168,0.08400000000074215,True,False,13.0,0.0,0.0,0.0,0.0,29.406,18.572,37.733,0,0,0,0.0,85.83539999999999,1.020451762701217,-0.12190679123400952,0,0,85.026,85.218,0.19200000000000728,0.2219999999999942,0.6850000000000023,-0.7520000000000001,0.0,1.0929999999999964,0.5501078985071933,-0.7520000000000001,0,1,2022,Australian Grand Prix,2022_Australian Grand Prix
TSU,32,0 days 00:01:25.218000,HARD,14.0,True,0 days 01:54:23.386000,16,0 days 00:00:29.679000,0 days 00:00:18.659000,0 days 00:00:36.880000,1,85.218,6863.386,0.20499999999992724,True,False,14.0,0.0,0.0,0.0,0.0,29.679,18.659,36.88,0,0,0,0.0,86.0168,0.8591342735568328,-0.9297731735144871,0,0,85.711,84.51,-1.2009999999999934,0.6850000000000023,-0.492999999999995,-0.2309999999999993,0.0,0.240000000000002,0.527003510424741,-0.2309999999999993,0,1,2022,Australian Grand Prix,2022_Australian Grand Prix
TSU,33,0 days 00:01:24.510000,HARD,15.0,True,0 days 01:55:47.896000,16,0 days 00:00:29.300000,0 days 00:00:18.644000,0 days 00:00:36.566000,1,84.51,6947.896,0.21200000000044383,True,False,15.0,0.0,0.0,0.0,0.0,29.3,18.644,36.566,0,0,0,0.0,85.60400000000001,0.5333333854166833,-2.0512497996825885,1,0,85.218,86.119,0.9009999999999962,0.19200000000000728,-0.7079999999999984,-0.14766666666666595,0.0,-0.31400000000000006,0.5412584410427238,-0.14766666666666595,0,1,2022,Australian Grand Prix,2022_Australian Grand Prix
TSU,34,0 days 00:01:26.119000,HARD,16.0,True,0 days 01:57:14.015000,17,0 days 00:00:30.636000,0 days 00:00:18.620000,0 days 00:00:36.863000,1,86.119,7034.015,1.7659999999996217,True,False,16.0,0.0,0.0,0.0,0.0,30.636,18.62,36.863,0,0,0,0.0,85.2252,0.4942587379096283,1.8083645901338092,0,1,84.51,84.758,0.24799999999999045,0.0,1.6089999999999947,-0.17199999999999704,0.0,0.29699999999999704,0.5231235991618028,-0.17199999999999704,0,0,2022,Australian Grand Prix,2022_Australian Grand Prix
TSU,35,0 days 00:01:24.758000,HARD,17.0,True,0 days 01:58:38.773000,17,0 days 00:00:29.403000,0 days 00:00:18.553000,0 days 00:00:36.802000,1,84.758,7118.773,1.9239999999999782,True,False,17.0,0.0,0.0,0.0,0.0,29.403,18.553,36.802,0,0,0,0.0,85.31680000000001,0.621323345770958,-0.8993706800227218,0,0,86.119,84.884,-1.2349999999999994,1.6089999999999947,-1.3610000000000042,0.13600000000000043,0.0,0.2359999999999971,0.5016655260230651,0.13600000000000043,0,0,2022,Australian Grand Prix,2022_Australian Grand Prix
TSU,36,0 days 00:01:24.884000,HARD,18.0,True,0 days 02:00:03.657000,17,0 days 00:00:29.382000,0 days 00:00:18.586000,0 days 00:00:36.916000,1,84.884,7203.657,1.6440000000002328,True,False,18.0,0.0,0.0,0.0,0.0,29.382,18.586,36.916,0,0,0,0.0,85.26320000000001,0.6628534528838314,-0.5720721501113888,0,0,84.758,84.45,-0.3079999999999927,0.24799999999999045,0.12600000000000477,-0.15333333333333599,0.0,0.3499999999999943,0.5032417907924567,-0.15333333333333599,0,0,2022,Australian Grand Prix,2022_Australian Grand Prix
TSU,37,0 days 00:01:24.450000,HARD,19.0,True,0 days 02:01:28.107000,17,0 days 00:00:29.192000,0 days 00:00:18.581000,0 days 00:00:36.677000,1,84.45,7288.107,1.7089999999998327,True,False,19.0,0.0,0.0,0.0,0.0,29.192,18.581,36.677,0,0,0,0.0,85.0978,0.6252960898646487,-1.0359892065536924,0,0,84.884,84.949,0.06499999999999773,0.3739999999999952,-0.4339999999999975,0.12466666666666508,0.0,-0.125,0.2700485141599548,0.12466666666666508,0,0,2022,Australian Grand Prix,2022_Australian Grand Prix
TSU,38,0 days 00:01:24.949000,HARD,20.0,True,0 days 02:02:53.056000,17,0 days 00:00:29.333000,0 days 00:00:18.660000,0 days 00:00:36.956000,1,84.949,7373.056,1.3330000000005384,True,False,20.0,0.0,0.0,0.0,0.0,29.333,18.66,36.956,0,0,0,0.0,84.9442,0.6802964059878752,0.007055747991249234,0,0,84.45,84.103,-0.3470000000000084,0.0,0.4989999999999952,-0.5563333333333323,0.0,0.27900000000000347,0.292061123739533,-0.5563333333333323,0,0,2022,Australian Grand Prix,2022_Australian Grand Prix
TSU,41,0 days 00:01:24.103000,HARD,23.0,True,0 days 02:07:39.604000,15,0 days 00:00:29.265000,0 days 00:00:18.565000,0 days 00:00:36.273000,1,84.103,7659.604,1.7139999999999418,True,False,23.0,0.0,0.0,0.0,0.0,29.265,18.565,36.273,0,0,0,0.0,85.032,0.6372130726844983,-1.4579110815888352,0,0,84.949,83.596,-1.3529999999999944,0.4989999999999952,-0.8460000000000036,0.0636666666666675,0.0,-0.40399999999999636,0.1902611363363511,0.0636666666666675,0,0,2022,Australian Grand Prix,2022_Australian Grand Prix
TSU,42,0 days 00:01:23.596000,HARD,24.0,True,0 days 02:09:03.200000,15,0 days 00:00:28.965000,0 days 00:00:18.534000,0 days 00:00:36.097000,1,83.596,7743.2,1.7620000000006257,True,False,24.0,0.0,0.0,0.0,0.0,28.965,18.534,36.097,0,0,0,0.0,84.62879999999998,0.3509924500612794,-2.942513435316529,1,0,84.103,83.852,-0.25099999999999056,0.0,-0.5069999999999908,-0.2603333333333353,0.0,-0.17600000000000193,0.32105248792058677,-0.2603333333333353,0,0,2022,Australian Grand Prix,2022_Australian Grand Prix
TSU,43,0 days 00:01:23.852000,HARD,25.0,True,0 days 02:10:27.052000,15,0 days 00:00:29.128000,0 days 00:00:18.551000,0 days 00:00:36.173000,1,83.852,7827.052,1.5,True,False,25.0,0.0,0.0,0.0,0.0,29.128,18.551,36.173,0,0,0,0.0,84.3964,0.5640738426837539,-0.965121866686543,0,1,83.596,83.986,0.39000000000000057,0.0,0.2560000000000002,-0.2846666666666664,0.0,0.07600000000000051,0.31976663365648234,-0.2846666666666664,0,0,2022,Australian Grand Prix,2022_Australian Grand Prix
TSU,44,0 days 00:01:23.986000,HARD,26.0,True,0 days 02:11:51.038000,15,0 days 00:00:29.074000,0 days 00:00:18.628000,0 days 00:00:36.284000,1,83.986,7911.038,0.5850000000000364,True,False,26.0,0.0,0.0,0.0,0.0,29.074,18.628,36.284,0,0,0,0.0,84.19,0.5287556146274155,-0.38581150602767766,0,0,83.852,84.945,1.0929999999999893,0.2560000000000002,0.13400000000000034,-0.36566666666666475,0.0,0.1869999999999976,0.2592942344133402,-0.36566666666666475,0,1,2022,Australian Grand Prix,2022_Australian Grand Prix
TSU,45,0 days 00:01:24.945000,HARD,27.0,True,0 days 02:13:15.983000,16,0 days 00:00:29.039000,0 days 00:00:18.530000,0 days 00:00:37.376000,1,84.945,7995.983,3.600999999999658,True,False,27.0,0.0,0.0,0.0,0.0,29.039,18.53,37.376,0,0,0,0.0,84.0972,0.5121735057575851,1.6552984300622167,0,0,83.986,85.528,1.5420000000000016,0.39000000000000057,0.958999999999989,-0.03899999999999674,0.0,1.2789999999999964,0.2795036672389108,-0.03899999999999674,0,0,2022,Australian Grand Prix,2022_Australian Grand Prix
TSU,46,0 days 00:01:25.528000,HARD,28.0,True,0 days 02:14:41.511000,16,0 days 00:00:30.241000,0 days 00:00:18.571000,0 days 00:00:36.716000,1,85.528,8081.511,2.069999999999709,True,False,28.0,0.0,0.0,0.0,0.0,30.241,18.571,36.716,0,0,0,0.0,84.0964,0.5105108226081131,2.804250050344088,0,0,84.945,84.101,-0.8439999999999941,1.3489999999999895,0.5830000000000126,0.44966666666666316,0.0,0.5429999999999993,0.6491704706777699,0.44966666666666316,0,0,2022,Australian Grand Prix,2022_Australian Grand Prix
TSU,47,0 days 00:01:24.101000,HARD,29.0,True,0 days 02:16:05.612000,16,0 days 00:00:29.224000,0 days 00:00:18.552000,0 days 00:00:36.325000,1,84.101,8165.612,2.019000000000233,True,False,29.0,0.0,0.0,0.0,0.0,29.224,18.552,36.325,0,0,0,0.0,84.38140000000001,0.8194197947328432,-0.34219334436683174,0,0,85.528,83.8,-1.7280000000000086,1.9320000000000022,-1.4270000000000067,0.5586666666666673,0.0,0.04100000000000392,0.5642594261507725,0.5586666666666673,0,0,2022,Australian Grand Prix,2022_Australian Grand Prix
TSU,48,0 days 00:01:23.800000,HARD,30.0,True,0 days 02:17:29.412000,16,0 days 00:00:29.083000,0 days 00:00:18.481000,0 days 00:00:36.236000,1,83.8,8249.412,2.1190000000005966,True,False,30.0,0.0,0.0,0.0,0.0,29.083,18.481,36.236,0,0,0,0.0,84.48240000000001,0.7239753448840763,-0.9425735348892054,0,0,84.101,83.921,-0.1799999999999926,0.24899999999999523,-0.30100000000000193,0.03833333333333163,0.0,-0.08900000000000574,0.5169963249385802,0.03833333333333163,0,0,2022,Australian Grand Prix,2022_Australian Grand Prix
TSU,49,0 days 00:01:23.921000,HARD,31.0,True,0 days 02:18:53.333000,16,0 days 00:00:29.091000,0 days 00:00:18.557000,0 days 00:00:36.273000,1,83.921,8333.333,2.0799999999999272,True,False,31.0,0.0,0.0,0.0,0.0,29.091,18.557,36.273,0,0,0,0.0,84.47200000000001,0.7355756249360217,-0.7490732173839044,0,0,83.8,83.979,0.17900000000000205,0.0,0.12100000000000932,-0.3816666666666653,0.0,0.03700000000000614,0.5491258507846807,-0.3816666666666653,0,0,2022,Australian Grand Prix,2022_Australian Grand Prix
TSU,50,0 days 00:01:23.979000,HARD,32.0,True,0 days 02:20:17.312000,16,0 days 00:00:29.192000,0 days 00:00:18.531000,0 days 00:00:36.256000,1,83.979,8417.312,2.368000000000393,True,False,32.0,0.0,0.0,0.0,0.0,29.192,18.531,36.256,0,0,0,0.0,84.459,0.7468008435988921,-0.6427416413817185,0,0,83.921,83.806,-0.1150000000000091,0.12100000000000932,0.057999999999992724,-0.5356666666666664,0.0,0.020000000000003126,0.5669472638614619,-0.5356666666666664,0,0,2022,Australian Grand Prix,2022_Australian Grand Prix
TSU,51,0 days 00:01:23.806000,HARD,33.0,True,0 days 02:21:41.118000,16,0 days 00:00:29.113000,0 days 00:00:18.472000,0 days 00:00:36.221000,1,83.806,8501.118,2.82799999999952,True,False,33.0,0.0,0.0,0.0,0.0,29.113,18.472,36.221,0,0,0,0.0,84.2658,0.7138660238448217,-0.6440984507478835,0,0,83.979,83.942,-0.03700000000000614,0.17900000000000205,-0.17300000000000182,-0.04066666666666663,0.0,-0.015000000000000568,0.2476283505578474,-0.04066666666666663,0,0,2022,Australian Grand Prix,2022_Australian Grand Prix
TSU,52,0 days 00:01:23.942000,HARD,34.0,True,0 days 02:23:05.060000,16,0 days 00:00:29.058000,0 days 00:00:18.432000,0 days 00:00:36.452000,1,83.942,8585.06,2.8840000000000146,True,False,34.0,0.0,0.0,0.0,0.0,29.058,18.432,36.452,0,0,0,0.0,83.92139999999999,0.12612414519040216,0.16333113670584745,0,0,83.806,85.307,1.5010000000000048,0.006000000000000227,0.13599999999999568,0.002000000000000076,0.0,0.23100000000000165,0.053825644445754404,0.002000000000000076,0,0,2022,Australian Grand Prix,2022_Australian Grand Prix
TSU,53,0 days 00:01:25.307000,HARD,35.0,True,0 days 02:24:30.367000,15,0 days 00:00:29.864000,0 days 00:00:18.462000,0 days 00:00:36.981000,1,85.307,8670.367,1.8369999999995343,True,False,35.0,0.0,0.0,0.0,0.0,29.864,18.462,36.981,0,0,0,0.0,83.8896,0.08176368387009618,17.335324595353672,0,0,83.942,83.579,-0.36299999999999955,0.1419999999999959,1.365000000000009,0.006999999999995528,0.0,0.7600000000000051,0.11885369157077447,0.006999999999995528,0,0,2022,Australian Grand Prix,2022_Australian Grand Prix
TSU,54,0 days 00:01:23.579000,HARD,36.0,True,0 days 02:25:53.946000,15,0 days 00:00:28.807000,0 days 00:00:18.493000,0 days 00:00:36.279000,1,83.579,8753.946,4.087999999999738,True,False,36.0,0.0,0.0,0.0,0.0,28.807,18.493,36.279,0,0,0,0.0,84.191,0.6272013233404578,-0.975763247342198,0,0,85.307,85.428,0.12099999999999511,1.5010000000000048,-1.7280000000000086,0.44266666666666765,0.0,0.058000000000006935,0.32385845673689134,0.44266666666666765,0,0,2022,Australian Grand Prix,2022_Australian Grand Prix
TSU,55,0 days 00:01:25.428000,HARD,37.0,True,0 days 02:27:19.374000,15,0 days 00:00:29.036000,0 days 00:00:18.467000,0 days 00:00:37.925000,1,85.428,8839.374,2.8620000000009895,True,False,37.0,0.0,0.0,0.0,0.0,29.036,18.467,37.925,0,0,0,0.0,84.12259999999999,0.6804001028806674,1.9185770173655523,0,0,83.579,83.342,-0.23699999999999477,0.0,1.8490000000000038,-0.07566666666666795,0.0,1.6459999999999937,0.3212346494386944,-0.07566666666666795,0,0,2022,Australian Grand Prix,2022_Australian Grand Prix
TSU,56,0 days 00:01:23.342000,HARD,38.0,True,0 days 02:28:42.716000,15,0 days 00:00:28.946000,0 days 00:00:18.419000,0 days 00:00:35.977000,1,83.342,8922.716,3.4439999999995052,True,False,38.0,0.0,0.0,0.0,0.0,28.946,18.419,35.977,0,0,0,0.0,84.4124,0.8825113597002746,-1.2129022343276625,0,0,85.428,83.808,-1.6199999999999903,1.8490000000000038,-2.0859999999999985,0.49533333333333474,0.0,-0.3020000000000067,0.6905407301528241,0.49533333333333474,0,0,2022,Australian Grand Prix,2022_Australian Grand Prix
VER,2,0 days 00:01:24.831000,MEDIUM,2.0,True,0 days 01:05:08.794000,2,0 days 00:00:29.719000,0 days 00:00:18.536000,0 days 00:00:36.576000,12,84.831,3908.794,1.5779999999999745,False,True,2.0,0.0,0.0,0.0,0.0,29.719,18.536,36.576,0,0,1,0.0,84.2928,0.9957211959178238,0.5405127481532698,0,0,84.831,84.167,-0.6640000000000015,1.4890000000000043,0.0,0.0763333333333378,0.0,0.5990000000000038,0.7504212150519186,0.0,0,0,2022,Australian Grand Prix,2022_Australian Grand Prix
VER,7,0 days 00:01:24.167000,MEDIUM,7.0,True,0 days 01:15:11.001000,2,0 days 00:00:29.265000,0 days 00:00:18.606000,0 days 00:00:36.296000,1,84.167,4511.001,1.2219999999997526,False,True,7.0,0.0,0.0,0.0,0.0,29.265,18.606,36.296,0,0,0,0.0,,,0.0,0,0,84.831,83.966,-0.8650000000000091,0.0,-0.6640000000000015,0.0,0.0,0.0,0.0,0.0,0,0,2022,Australian Grand Prix,2022_Australian Grand Prix
VER,8,0 days 00:01:23.966000,MEDIUM,8.0,True,0 days 01:16:34.967000,2,0 days 00:00:29.356000,0 days 00:00:18.449000,0 days 00:00:36.161000,1,83.966,4594.967,2.0979999999999563,False,True,8.0,0.0,0.0,0.0,0.0,29.356,18.449,36.161,0,0,0,0.0,,,0.0,0,0,84.167,83.78,-0.38700000000000045,0.0,-0.20100000000000762,-0.33200000000000074,0.0,-0.134999999999998,0.0,0.0,0,0,2022,Australian Grand Prix,2022_Australian Grand Prix
VER,9,0 days 00:01:23.780000,MEDIUM,9.0,True,0 days 01:17:58.747000,2,0 days 00:00:29.161000,0 days 00:00:18.447000,0 days 00:00:36.172000,1,83.78,4678.747,3.4859999999998763,False,True,9.0,0.0,0.0,0.0,0.0,29.161,18.447,36.172,0,0,0,0.0,84.32133333333333,0.45268127124206486,-1.1958377068439765,0,0,83.966,83.754,-0.21199999999998909,0.0,-0.18599999999999284,-0.2883333333333364,0.0,0.01099999999999568,0.39067932288941837,-0.43250000000000455,0,0,2022,Australian Grand Prix,2022_Australian Grand Prix
VER,10,0 days 00:01:23.754000,MEDIUM,10.0,True,0 days 01:19:22.501000,2,0 days 00:00:29.252000,0 days 00:00:18.483000,0 days 00:00:36.019000,1,83.754,4762.501,4.5549999999993815,False,True,10.0,0.0,0.0,0.0,0.0,29.252,18.483,36.019,0,0,0,0.0,84.186,0.4581200715969523,-0.9429842235335845,0,0,83.78,84.634,0.8539999999999992,0.0,-0.02599999999999625,-0.350333333333334,0.0,-0.142000000000003,0.32697642626546414,-0.350333333333334,0,0,2022,Australian Grand Prix,2022_Australian Grand Prix
VER,11,0 days 00:01:24.634000,MEDIUM,11.0,True,0 days 01:20:47.135000,2,0 days 00:00:29.144000,0 days 00:00:18.337000,0 days 00:00:37.153000,1,84.634,4847.135,4.421999999999571,False,True,11.0,0.0,0.0,0.0,0.0,29.144,18.337,37.153,0,0,0,0.0,84.0996,0.4412825625378771,1.2110154476229396,0,0,83.754,84.554,0.7999999999999972,0.0,0.8799999999999955,-0.13766666666666558,0.0,1.1340000000000003,0.3062405916922204,-0.13766666666666558,0,0,2022,Australian Grand Prix,2022_Australian Grand Prix
VER,12,0 days 00:01:24.554000,MEDIUM,12.0,True,0 days 01:22:11.689000,2,0 days 00:00:29.347000,0 days 00:00:18.431000,0 days 00:00:36.776000,1,84.554,4931.689,4.32799999999952,False,True,12.0,0.0,0.0,0.0,0.0,29.347,18.431,36.776,0,0,0,0.0,84.0602,0.36117751868021064,1.367194729628844,0,0,84.634,84.658,0.02400000000000091,0.8799999999999955,-0.0799999999999983,0.2226666666666688,0.0,0.757000000000005,0.541705916526671,0.2226666666666688,0,0,2022,Australian Grand Prix,2022_Australian Grand Prix
VER,13,0 days 00:01:24.658000,MEDIUM,13.0,True,0 days 01:23:36.347000,2,0 days 00:00:29.370000,0 days 00:00:18.524000,0 days 00:00:36.764000,1,84.658,5016.347,4.278000000000247,False,True,13.0,0.0,0.0,0.0,0.0,29.37,18.524,36.764,0,0,0,0.0,84.13759999999999,0.42552179732652473,1.2229690776585052,0,0,84.554,84.525,-0.028999999999996362,0.7999999999999972,0.1039999999999992,0.2580000000000003,0.0,0.7450000000000045,0.5851046914869186,0.2580000000000003,0,0,2022,Australian Grand Prix,2022_Australian Grand Prix
VER,14,0 days 00:01:24.525000,MEDIUM,14.0,True,0 days 01:25:00.872000,2,0 days 00:00:29.339000,0 days 00:00:18.561000,0 days 00:00:36.625000,1,84.525,5100.872,4.313999999999396,False,True,14.0,0.0,0.0,0.0,0.0,29.339,18.561,36.625,0,0,0,0.0,84.276,0.4663346437913414,0.533951322971885,0,0,84.658,84.556,-0.10200000000000387,0.9039999999999964,-0.13299999999999557,0.3013333333333321,0.0,-0.1390000000000029,0.5429802022173583,0.3013333333333321,0,0,2022,Australian Grand Prix,2022_Australian Grand Prix
VER,15,0 days 00:01:24.556000,MEDIUM,15.0,True,0 days 01:26:25.428000,2,0 days 00:00:29.267000,0 days 00:00:18.549000,0 days 00:00:36.740000,1,84.556,5185.428,4.457000000000335,False,True,15.0,0.0,0.0,0.0,0.0,29.267,18.549,36.74,0,0,0,0.0,84.42500000000001,0.37909497490734406,0.34555984297076,0,0,84.525,84.572,0.046999999999997044,0.7710000000000008,0.0309999999999917,-0.03633333333333155,0.0,0.11500000000000199,0.5797219160942626,-0.03633333333333155,0,0,2022,Australian Grand Prix,2022_Australian Grand Prix
VER,16,0 days 00:01:24.572000,MEDIUM,16.0,True,0 days 01:27:50,2,0 days 00:00:29.241000,0 days 00:00:18.610000,0 days 00:00:36.721000,1,84.572,5270.0,4.7979999999997744,False,True,16.0,0.0,0.0,0.0,0.0,29.241,18.61,36.721,0,0,0,0.0,84.5854,0.05729572409877567,-0.23387434596171963,0,0,84.556,84.508,-0.04800000000000182,0.0309999999999917,0.016000000000005343,0.000666666666665113,0.0,0.09599999999999653,0.5201122955670263,0.000666666666665113,0,0,2022,Australian Grand Prix,2022_Australian Grand Prix
VER,17,0 days 00:01:24.508000,MEDIUM,17.0,True,0 days 01:29:14.508000,2,0 days 00:00:29.283000,0 days 00:00:18.576000,0 days 00:00:36.649000,1,84.508,5354.508,5.556999999999789,False,True,17.0,0.0,0.0,0.0,0.0,29.283,18.576,36.649,0,0,0,0.0,84.57300000000001,0.050447993022544955,-1.2884556174705257,0,0,84.572,83.217,-1.355000000000004,0.046999999999997044,-0.06400000000000716,-0.028666666666666174,0.0,0.02400000000000091,0.41059128095954844,-0.028666666666666174,0,0,2022,Australian Grand Prix,2022_Australian Grand Prix
VER,20,0 days 00:01:23.217000,HARD,2.0,True,0 days 01:33:46.276000,5,0 days 00:00:28.832000,0 days 00:00:18.376000,0 days 00:00:36.009000,1,83.217,5626.276,3.8150000000005093,True,False,2.0,0.0,0.0,0.0,0.0,28.832,18.376,36.009,0,0,0,0.0,84.5638,0.058354091544662964,-23.079786941232562,1,0,84.508,83.129,-1.3789999999999907,0.0,-1.2909999999999968,-0.005666666666670039,0.0,-0.6400000000000006,0.33760435423732565,-0.005666666666670039,0,0,2022,Australian Grand Prix,2022_Australian Grand Prix
VER,21,0 days 00:01:23.129000,HARD,3.0,True,0 days 01:35:09.405000,4,0 days 00:00:28.886000,0 days 00:00:18.348000,0 days 00:00:35.895000,1,83.129,5709.405,5.324999999999818,True,False,3.0,0.0,0.0,0.0,0.0,28.886,18.348,35.895,0,0,0,0.0,84.27560000000001,0.5923092942036303,-1.9358129464127847,1,1,83.217,82.533,-0.6839999999999975,0.0,-0.08799999999999386,-0.44633333333333286,0.0,-0.11399999999999721,0.31334916626664244,-0.44633333333333286,0,0,2022,Australian Grand Prix,2022_Australian Grand Prix
VER,22,0 days 00:01:22.533000,HARD,4.0,True,0 days 01:36:31.938000,3,0 days 00:00:28.436000,0 days 00:00:18.391000,0 days 00:00:35.706000,1,82.533,5791.938,7.417999999999665,True,False,4.0,0.0,0.0,0.0,0.0,28.436,18.391,35.706,0,0,0,0.0,83.9964,0.7526701136620175,-1.944278075397484,1,1,83.129,86.331,3.201999999999998,0.0,-0.5960000000000036,-0.48099999999999926,0.0,-0.18900000000000006,0.312946001731928,-0.48099999999999926,0,0,2022,Australian Grand Prix,2022_Australian Grand Prix
VER,27,0 days 00:01:26.331000,HARD,9.0,True,0 days 01:47:07.644000,2,0 days 00:00:31.242000,0 days 00:00:18.616000,0 days 00:00:36.473000,1,86.331,6427.644,1.0059999999994034,True,False,9.0,0.0,0.0,0.0,0.0,31.242,18.616,36.473,0,0,0,0.0,83.5918,0.9049766295324922,3.0268184952080563,0,1,82.533,84.187,1.6539999999999964,0.0,3.798000000000002,-0.6583333333333314,0.0,0.7669999999999959,0.28837614325737776,-0.6583333333333314,0,0,2022,Australian Grand Prix,2022_Australian Grand Prix
VER,28,0 days 00:01:24.187000,HARD,10.0,True,0 days 01:48:31.831000,2,0 days 00:00:29.330000,0 days 00:00:18.426000,0 days 00:00:36.431000,1,84.187,6511.831,1.3389999999999418,True,False,10.0,0.0,0.0,0.0,0.0,29.33,18.426,36.431,0,0,0,0.0,83.9436,1.5165371080194519,0.1604972266836692,0,0,86.331,83.448,-2.8830000000000098,3.798000000000002,-2.1440000000000055,1.0380000000000014,0.0,0.7249999999999943,0.5105294310811065,1.0380000000000014,0,0,2022,Australian Grand Prix,2022_Australian Grand Prix
VER,29,0 days 00:01:23.448000,HARD,11.0,True,0 days 01:49:55.279000,2,0 days 00:00:29.181000,0 days 00:00:18.371000,0 days 00:00:35.896000,1,83.448,6595.279,1.7979999999997744,True,False,11.0,0.0,0.0,0.0,0.0,29.181,18.371,35.896,0,0,0,0.0,83.8794,1.4932872463126448,-0.2888928443373914,0,0,84.187,83.125,-1.0619999999999976,1.6539999999999964,-0.7390000000000043,0.35266666666666424,0.0,0.18999999999999773,0.6148070429004507,0.35266666666666424,0,0,2022,Australian Grand Prix,2022_Australian Grand Prix
VER,30,0 days 00:01:23.125000,HARD,12.0,True,0 days 01:51:18.404000,2,0 days 00:00:29.010000,0 days 00:00:18.366000,0 days 00:00:35.749000,1,83.125,6678.404,2.526999999999134,True,False,12.0,0.0,0.0,0.0,0.0,29.01,18.366,35.749,0,0,0,0.0,83.9256,1.4710784479421903,-0.5442265850063385,0,0,83.448,82.981,-0.46699999999999875,0.914999999999992,-0.3229999999999933,0.30499999999999733,0.0,-0.14699999999999847,0.4523280888912351,0.30499999999999733,0,0,2022,Australian Grand Prix,2022_Australian Grand Prix
VER,31,0 days 00:01:22.981000,HARD,13.0,True,0 days 01:52:41.385000,2,0 days 00:00:28.803000,0 days 00:00:18.335000,0 days 00:00:35.843000,1,82.981,6761.385,2.7799999999997453,True,False,13.0,0.0,0.0,0.0,0.0,28.803,18.335,35.843,0,0,0,0.0,83.9248,1.4716209430420604,-0.6413336290587403,0,0,83.125,82.657,-0.4680000000000035,0.5919999999999987,-0.14400000000000546,-1.0686666666666678,0.0,0.0940000000000012,0.45961962534251877,-1.0686666666666678,0,0,2022,Australian Grand Prix,2022_Australian Grand Prix
VER,32,0 days 00:01:22.657000,HARD,14.0,True,0 days 01:54:04.042000,2,0 days 00:00:28.760000,0 days 00:00:18.280000,0 days 00:00:35.617000,1,82.657,6844.042,2.88799999999992,True,False,14.0,0.0,0.0,0.0,0.0,28.76,18.28,35.617,0,0,0,0.0,84.0144,1.3762433651066273,-0.9863081155670683,0,0,82.981,82.752,-0.2289999999999992,0.0,-0.32399999999999807,-0.402000000000001,0.0,-0.132000000000005,0.4030294033938435,-0.402000000000001,0,0,2022,Australian Grand Prix,2022_Australian Grand Prix
VER,33,0 days 00:01:22.752000,HARD,15.0,True,0 days 01:55:26.794000,2,0 days 00:00:28.769000,0 days 00:00:18.398000,0 days 00:00:35.585000,1,82.752,6926.794,2.7700000000004366,True,False,15.0,0.0,0.0,0.0,0.0,28.769,18.398,35.585,0,0,0,0.0,83.27959999999999,0.5814695176877013,-0.9073562481797347,0,0,82.657,82.46,-0.19700000000000273,0.0,0.09499999999999886,-0.2636666666666656,0.0,-0.031999999999996476,0.3546173994603178,-0.2636666666666656,0,0,2022,Australian Grand Prix,2022_Australian Grand Prix
VER,34,0 days 00:01:22.460000,HARD,16.0,True,0 days 01:56:49.254000,2,0 days 00:00:28.583000,0 days 00:00:18.342000,0 days 00:00:35.535000,1,82.46,7009.254,3.2049999999999272,True,False,16.0,0.0,0.0,0.0,0.0,28.583,18.342,35.535,0,0,0,0.0,82.99260000000001,0.31447146134419535,-1.6936354024732152,1,0,82.752,82.846,0.0940000000000083,0.09499999999999886,-0.2920000000000016,-0.12433333333333489,0.0,-0.05000000000000426,0.14564271351495695,-0.12433333333333489,0,0,2022,Australian Grand Prix,2022_Australian Grand Prix
VER,35,0 days 00:01:22.846000,HARD,17.0,True,0 days 01:58:12.100000,2,0 days 00:00:28.673000,0 days 00:00:18.374000,0 days 00:00:35.799000,1,82.846,7092.1,3.6129999999993743,True,False,17.0,0.0,0.0,0.0,0.0,28.673,18.374,35.799,0,0,0,0.0,82.79499999999999,0.26297053066826565,0.19393808070590263,0,1,82.46,82.335,-0.125,0.0,0.3860000000000099,-0.17366666666666694,0.0,0.2640000000000029,0.09635247791312924,-0.17366666666666694,0,0,2022,Australian Grand Prix,2022_Australian Grand Prix
VER,36,0 days 00:01:22.335000,HARD,18.0,True,0 days 01:59:34.435000,2,0 days 00:00:28.842000,0 days 00:00:18.274000,0 days 00:00:35.219000,1,82.335,7174.435,5.320999999999913,True,False,18.0,0.0,0.0,0.0,0.0,28.842,18.274,35.219,0,0,0,0.0,82.7392,0.19668934897433435,-2.055017224408762,1,0,82.846,81.677,-1.168999999999997,0.3860000000000099,-0.5110000000000099,0.06300000000000239,0.0,-0.3159999999999954,0.15438005052467327,0.06300000000000239,0,0,2022,Australian Grand Prix,2022_Australian Grand Prix
VER,37,0 days 00:01:21.677000,HARD,19.0,True,0 days 02:00:56.112000,2,0 days 00:00:28.416000,0 days 00:00:18.142000,0 days 00:00:35.119000,1,81.677,7256.112,5.880000000000109,True,False,19.0,0.0,0.0,0.0,0.0,28.416,18.142,35.119,0,0,0,0.0,82.60999999999999,0.2098773451326845,-4.445453602484516,1,1,82.335,83.306,0.9710000000000036,0.0,-0.657999999999987,-0.13900000000000054,0.0,-0.10000000000000142,0.20996952159777832,-0.13900000000000054,0,0,2022,Australian Grand Prix,2022_Australian Grand Prix
VET,2,0 days 00:01:28.340000,HARD,3.0,True,0 days 01:05:22.097000,16,0 days 00:00:31.113000,0 days 00:00:18.658000,0 days 00:00:38.569000,12,88.34,3922.097,1.1579999999999018,True,False,3.0,0.0,0.0,0.0,0.0,31.113,18.658,38.569,0,0,1,0.0,82.5248,0.6067187981263957,9.584670885355596,0,0,88.34,87.194,-1.1460000000000008,6.662999999999997,0.0,0.15333333333333124,0.0,3.450000000000003,0.6839766077871389,0.0,0,0,2022,Australian Grand Prix,2022_Australian Grand Prix
VET,7,0 days 00:01:27.194000,HARD,8.0,True,0 days 01:15:20.942000,16,0 days 00:00:30.766000,0 days 00:00:18.752000,0 days 00:00:37.676000,1,87.194,4520.942,1.2100000000000364,True,False,8.0,0.0,0.0,0.0,0.0,30.766,18.752,37.676,0,0,0,0.0,,,0.0,0,0,88.34,86.763,-1.5769999999999982,0.0,-1.1460000000000008,0.0,0.0,0.0,0.0,0.0,0,0,2022,Australian Grand Prix,2022_Australian Grand Prix
VET,8,0 days 00:01:26.763000,HARD,9.0,True,0 days 01:16:47.705000,16,0 days 00:00:30.315000,0 days 00:00:18.656000,0 days 00:00:37.792000,1,86.763,4607.705,1.5410000000001673,True,False,9.0,0.0,0.0,0.0,0.0,30.315,18.656,37.792,0,0,0,0.0,,,0.0,0,0,87.194,86.179,-1.0150000000000006,0.0,-0.4309999999999974,-0.5730000000000004,0.0,0.11599999999999966,0.0,0.0,0,0,2022,Australian Grand Prix,2022_Australian Grand Prix
VET,9,0 days 00:01:26.179000,HARD,10.0,True,0 days 01:18:13.884000,16,0 days 00:00:30.252000,0 days 00:00:18.760000,0 days 00:00:37.167000,1,86.179,4693.884,1.8729999999995925,True,False,10.0,0.0,0.0,0.0,0.0,30.252,18.76,37.167,0,0,0,0.0,87.43233333333335,0.8150670729046312,-1.5377057606644278,1,0,86.763,93.354,6.590999999999994,0.0,-0.5840000000000032,-0.5256666666666661,0.0,-0.5090000000000003,1.9592308014456439,-0.7884999999999991,0,0,2022,Australian Grand Prix,2022_Australian Grand Prix
VET,10,0 days 00:01:33.354000,HARD,11.0,True,0 days 01:19:47.238000,19,0 days 00:00:29.652000,0 days 00:00:18.651000,0 days 00:00:45.051000,1,93.354,4787.238,0.0,True,False,11.0,0.0,0.0,0.0,0.0,29.652,18.651,45.051,0,0,0,0.0,87.119,0.9141119552148185,6.8208275413428545,0,1,86.179,85.984,-0.1950000000000074,0.0,7.174999999999997,-0.7203333333333338,0.0,7.884,1.810959667321907,-0.7203333333333338,0,0,2022,Australian Grand Prix,2022_Australian Grand Prix
VET,11,0 days 00:01:25.984000,HARD,12.0,True,0 days 01:21:13.222000,19,0 days 00:00:29.873000,0 days 00:00:18.796000,0 days 00:00:37.315000,1,85.984,4873.222,0.0,True,False,12.0,0.0,0.0,0.0,0.0,29.873,18.796,37.315,0,0,0,0.0,88.36600000000001,2.8985764609545823,-0.8217827033672798,0,0,93.354,86.15,-7.2039999999999935,7.174999999999997,-7.3700000000000045,2.0533333333333323,0.0,0.14799999999999613,3.549344897301473,2.0533333333333323,0,0,2022,Australian Grand Prix,2022_Australian Grand Prix
VET,12,0 days 00:01:26.150000,HARD,13.0,True,0 days 01:22:39.372000,19,0 days 00:00:29.731000,0 days 00:00:18.773000,0 days 00:00:37.646000,1,86.15,4959.372,0.0,True,False,13.0,0.0,0.0,0.0,0.0,29.731,18.773,37.646,0,0,0,0.0,87.8948,3.089097068724128,-0.5648252421930667,0,0,85.984,86.423,0.43900000000000716,0.0,0.16600000000001103,-0.2596666666666702,0.0,0.4789999999999992,3.563040583546587,-0.2596666666666702,0,0,2022,Australian Grand Prix,2022_Australian Grand Prix
VET,13,0 days 00:01:26.423000,HARD,14.0,True,0 days 01:24:05.795000,18,0 days 00:00:29.892000,0 days 00:00:18.781000,0 days 00:00:37.750000,1,86.423,5045.795,0.0,True,False,14.0,0.0,0.0,0.0,0.0,29.892,18.781,37.75,0,0,0,0.0,87.686,3.1821887907539366,-0.39689662777699947,0,0,86.15,86.074,-0.07600000000000762,0.16600000000001103,0.27299999999999613,-0.009666666666665455,0.0,0.4350000000000023,3.5178456901916557,-0.009666666666665455,0,0,2022,Australian Grand Prix,2022_Australian Grand Prix
VET,14,0 days 00:01:26.074000,HARD,15.0,True,0 days 01:25:31.869000,17,0 days 00:00:29.359000,0 days 00:00:18.729000,0 days 00:00:37.986000,1,86.074,5131.869,0.0,True,False,15.0,0.0,0.0,0.0,0.0,29.359,18.729,37.986,0,0,0,0.0,87.618,3.2103513047640138,-0.480944249842306,0,0,86.423,85.575,-0.847999999999999,0.43900000000000716,-0.34900000000000375,-2.3103333333333325,0.0,0.6709999999999994,3.4864205569609648,-2.3103333333333325,0,0,2022,Australian Grand Prix,2022_Australian Grand Prix
VET,15,0 days 00:01:25.575000,HARD,16.0,True,0 days 01:26:57.444000,17,0 days 00:00:29.595000,0 days 00:00:18.734000,0 days 00:00:37.246000,1,85.575,5217.444,21.68499999999949,True,False,16.0,0.0,0.0,0.0,0.0,29.595,18.734,37.246,0,0,0,0.0,87.59700000000001,3.222438207320663,-0.6274751818068911,0,0,86.074,85.554,-0.519999999999996,0.09000000000000341,-0.4989999999999952,0.030000000000001137,0.0,-0.3999999999999986,3.337324122706694,0.030000000000001137,0,0,2022,Australian Grand Prix,2022_Australian Grand Prix
VET,16,0 days 00:01:25.554000,HARD,17.0,True,0 days 01:28:22.998000,17,0 days 00:00:29.606000,0 days 00:00:18.682000,0 days 00:00:37.266000,1,85.554,5302.998,14.214000000000851,True,False,17.0,0.0,0.0,0.0,0.0,29.606,18.682,37.266,0,0,0,0.0,86.04119999999999,0.30793619468980377,-1.5821459393260442,1,0,85.575,85.189,-0.3860000000000099,0.0,-0.021000000000000796,-0.19166666666666762,0.0,0.01999999999999602,0.41696318782357894,-0.19166666666666762,0,0,2022,Australian Grand Prix,2022_Australian Grand Prix
VET,17,0 days 00:01:25.189000,HARD,18.0,True,0 days 01:29:48.187000,16,0 days 00:00:29.513000,0 days 00:00:18.708000,0 days 00:00:36.968000,1,85.189,5388.187,13.542999999999665,True,False,18.0,0.0,0.0,0.0,0.0,29.513,18.708,36.968,0,0,0,0.0,85.9552,0.3796086142331829,-2.018394660373426,1,1,85.554,85.367,-0.1869999999999976,0.0,-0.3650000000000091,-0.2896666666666666,0.0,-0.2779999999999987,0.42979704512711747,-0.2896666666666666,0,0,2022,Australian Grand Prix,2022_Australian Grand Prix
VET,18,0 days 00:01:25.367000,HARD,19.0,True,0 days 01:31:13.554000,15,0 days 00:00:29.641000,0 days 00:00:18.758000,0 days 00:00:36.968000,1,85.367,5473.554,12.523000000000138,True,False,19.0,0.0,0.0,0.0,0.0,29.641,18.758,36.968,0,0,0,0.0,85.763,0.48497989649060913,-0.8165286909117659,0,1,85.189,85.503,0.31400000000000716,0.0,0.17800000000001148,-0.2950000000000017,0.0,0.0,0.45744103445143747,-0.2950000000000017,0,0,2022,Australian Grand Prix,2022_Australian Grand Prix
VET,19,0 days 00:01:25.503000,HARD,20.0,True,0 days 01:32:39.057000,15,0 days 00:00:29.519000,0 days 00:00:18.562000,0 days 00:00:37.422000,1,85.503,5559.057,4.376000000000204,True,False,20.0,0.0,0.0,0.0,0.0,29.519,18.562,37.422,0,0,0,0.0,85.5518,0.3312894504810642,-0.1473032115243563,0,0,85.367,85.398,0.0309999999999917,0.17800000000001148,0.13599999999999568,-0.0693333333333328,0.0,0.4539999999999935,0.41469603325809706,-0.0693333333333328,0,0,2022,Australian Grand Prix,2022_Australian Grand Prix
VET,20,0 days 00:01:25.398000,HARD,21.0,True,0 days 01:34:04.455000,15,0 days 00:00:29.553000,0 days 00:00:18.662000,0 days 00:00:37.183000,1,85.398,5644.455,3.3450000000002547,True,False,21.0,0.0,0.0,0.0,0.0,29.553,18.662,37.183,0,0,0,0.0,85.4376,0.16085024090765207,-0.246191735719827,0,0,85.503,85.505,0.001999999999995339,0.31400000000000716,-0.10500000000000398,-0.017000000000000643,0.0,0.2149999999999963,0.32995333003320226,-0.017000000000000643,0,0,2022,Australian Grand Prix,2022_Australian Grand Prix
VET,21,0 days 00:01:25.505000,HARD,22.0,True,0 days 01:35:29.960000,13,0 days 00:00:29.668000,0 days 00:00:18.606000,0 days 00:00:37.231000,1,85.505,5729.96,2.3469999999997526,True,False,22.0,0.0,0.0,0.0,0.0,29.668,18.606,37.231,0,0,0,0.0,85.40220000000001,0.14134602930415402,0.727293157834513,0,0,85.398,87.005,1.6069999999999993,0.20900000000000318,0.10699999999999932,0.06966666666666772,0.0,0.2629999999999981,0.27214003748070564,0.06966666666666772,0,0,2022,Australian Grand Prix,2022_Australian Grand Prix
ZHO,2,0 days 00:01:28.015000,MEDIUM,2.0,True,0 days 01:05:20.868000,14,0 days 00:00:30.962000,0 days 00:00:18.738000,0 days 00:00:38.315000,12,88.015,3920.868,0.5830000000000837,False,True,2.0,0.0,0.0,0.0,0.0,30.962,18.738,38.315,0,0,1,0.0,85.7556,0.7011588978256236,3.2223794164299493,0,0,88.015,87.25,-0.7650000000000006,2.647999999999996,0.0,0.5006666666666651,0.0,1.131999999999998,0.18751613263930336,0.0,0,1,2022,Australian Grand Prix,2022_Australian Grand Prix
ZHO,7,0 days 00:01:27.250000,MEDIUM,7.0,True,0 days 01:15:20.086000,14,0 days 00:00:30.390000,0 days 00:00:18.714000,0 days 00:00:38.146000,1,87.25,4520.086,0.4099999999998545,False,True,7.0,0.0,0.0,0.0,0.0,30.39,18.714,38.146,0,0,0,0.0,,,0.0,0,0,88.015,86.285,-1.730000000000004,0.0,-0.7650000000000006,0.0,0.0,0.0,0.0,0.0,0,1,2022,Australian Grand Prix,2022_Australian Grand Prix
ZHO,8,0 days 00:01:26.285000,MEDIUM,8.0,True,0 days 01:16:46.371000,14,0 days 00:00:30.067000,0 days 00:00:18.615000,0 days 00:00:37.603000,1,86.285,4606.371,0.5860000000002401,False,True,8.0,0.0,0.0,0.0,0.0,30.067,18.615,37.603,0,0,0,0.0,,,0.0,0,0,87.25,85.675,-1.5750000000000028,0.0,-0.9650000000000034,-0.3825000000000003,0.0,-0.5429999999999993,0.0,0.0,0,1,2022,Australian Grand Prix,2022_Australian Grand Prix
ZHO,9,0 days 00:01:25.675000,MEDIUM,9.0,True,0 days 01:18:12.046000,14,0 days 00:00:29.835000,0 days 00:00:18.662000,0 days 00:00:37.178000,1,85.675,4692.046,0.37699999999949796,False,True,9.0,0.0,0.0,0.0,0.0,29.835,18.662,37.178,0,0,0,0.0,87.18333333333334,0.8669246410924796,-1.7398667217863033,1,0,86.285,85.138,-1.1469999999999914,0.0,-0.6099999999999994,-0.576666666666668,0.0,-0.42500000000000426,0.8545854745625687,-0.865000000000002,0,1,2022,Australian Grand Prix,2022_Australian Grand Prix
ZHO,10,0 days 00:01:25.138000,MEDIUM,10.0,True,0 days 01:19:37.184000,14,0 days 00:00:29.556000,0 days 00:00:18.584000,0 days 00:00:36.998000,1,85.138,4777.184,0.5990000000001601,False,True,10.0,0.0,0.0,0.0,0.0,29.556,18.584,36.998,0,0,0,0.0,86.80625,1.0343143864415638,-1.6129041825855455,1,1,85.675,87.044,1.3689999999999998,0.0,-0.5369999999999919,-0.7800000000000011,0.0,-0.17999999999999972,0.7638005847950974,-0.7800000000000011,0,1,2022,Australian Grand Prix,2022_Australian Grand Prix
ZHO,11,0 days 00:01:27.044000,MEDIUM,11.0,True,0 days 01:21:04.228000,15,0 days 00:00:29.595000,0 days 00:00:18.494000,0 days 00:00:38.955000,1,87.044,4864.228,4.693999999999505,False,True,11.0,0.0,0.0,0.0,0.0,29.595,18.494,38.955,0,0,0,0.0,86.4726,1.1657470995031403,0.4901577711353832,0,1,85.138,86.964,1.8259999999999934,0.0,1.9059999999999917,-0.7039999999999983,0.0,1.9570000000000007,0.668813651176469,-0.7039999999999983,0,0,2022,Australian Grand Prix,2022_Australian Grand Prix
ZHO,12,0 days 00:01:26.964000,MEDIUM,12.0,True,0 days 01:22:31.192000,14,0 days 00:00:29.941000,0 days 00:00:18.859000,0 days 00:00:38.164000,1,86.964,4951.192,0.9650000000001455,False,True,12.0,0.0,0.0,0.0,0.0,29.941,18.859,38.164,0,0,0,0.0,86.2784,0.8936997818059386,0.7671479997618122,0,0,87.044,84.889,-2.155000000000001,1.9059999999999917,-0.0799999999999983,0.2530000000000001,0.0,1.166000000000004,1.0255275227901013,0.2530000000000001,0,1,2022,Australian Grand Prix,2022_Australian Grand Prix
ZHO,13,0 days 00:01:24.889000,MEDIUM,13.0,True,0 days 01:23:56.081000,14,0 days 00:00:29.439000,0 days 00:00:18.731000,0 days 00:00:36.719000,1,84.889,5036.081,2.7460000000000946,False,True,13.0,0.0,0.0,0.0,0.0,29.439,18.731,36.719,0,0,0,0.0,86.2212,0.8222649816208772,-1.620158987403211,1,0,86.964,85.44,-1.524000000000001,1.8259999999999934,-2.075000000000003,0.42966666666666714,0.0,-0.27899999999999636,1.1087328352673622,0.42966666666666714,0,0,2022,Australian Grand Prix,2022_Australian Grand Prix
ZHO,14,0 days 00:01:25.440000,MEDIUM,14.0,True,0 days 01:25:21.521000,14,0 days 00:00:29.653000,0 days 00:00:18.785000,0 days 00:00:37.002000,1,85.44,5121.521,6.856000000000677,False,True,14.0,0.0,0.0,0.0,0.0,29.653,18.785,37.002,0,0,0,0.0,85.942,1.0106188698020577,-0.49672533830514987,0,1,84.889,85.594,0.7049999999999983,0.0,0.5510000000000019,-0.08300000000000314,0.0,0.28300000000000125,1.0580225422929337,-0.08300000000000314,0,0,2022,Australian Grand Prix,2022_Australian Grand Prix
ZHO,15,0 days 00:01:25.594000,MEDIUM,15.0,True,0 days 01:26:47.115000,14,0 days 00:00:29.892000,0 days 00:00:18.762000,0 days 00:00:36.940000,1,85.594,5207.115,6.5900000000001455,False,True,15.0,0.0,0.0,0.0,0.0,29.892,18.762,36.94,0,0,0,0.0,85.895,1.0313912933508746,-0.29183880253835254,0,0,85.44,86.49,1.0499999999999972,0.5510000000000019,0.15399999999999636,-0.5346666666666664,0.0,0.22099999999999653,0.9543025201685259,-0.5346666666666664,0,0,2022,Australian Grand Prix,2022_Australian Grand Prix
ZHO,16,0 days 00:01:26.490000,MEDIUM,16.0,True,0 days 01:28:13.605000,13,0 days 00:00:29.999000,0 days 00:00:18.881000,0 days 00:00:37.610000,1,86.49,5293.605,0.6300000000001091,False,True,16.0,0.0,0.0,0.0,0.0,29.999,18.881,37.61,0,0,0,0.0,85.9862,0.9657945951391483,0.5216430103622732,0,0,85.594,85.511,-0.08299999999999841,0.7049999999999983,0.8960000000000008,-0.45666666666666816,0.0,0.8909999999999982,0.8880252248669518,-0.45666666666666816,0,1,2022,Australian Grand Prix,2022_Australian Grand Prix
ZHO,17,0 days 00:01:25.511000,MEDIUM,17.0,True,0 days 01:29:39.116000,12,0 days 00:00:29.798000,0 days 00:00:18.715000,0 days 00:00:36.998000,1,85.511,5379.116,0.5399999999999636,False,True,17.0,0.0,0.0,0.0,0.0,29.798,18.715,36.998,0,0,0,0.0,85.8754,0.8373361332224916,-0.4351896276082205,0,0,86.49,86.118,-0.3719999999999999,1.600999999999999,-0.9789999999999992,0.5336666666666664,0.0,0.05799999999999983,0.5741740154343455,0.5336666666666664,0,1,2022,Australian Grand Prix,2022_Australian Grand Prix
ZHO,18,0 days 00:01:26.118000,MEDIUM,18.0,True,0 days 01:31:05.234000,11,0 days 00:00:29.772000,0 days 00:00:18.720000,0 days 00:00:37.626000,1,86.118,5465.234,0.3959999999997308,False,True,18.0,0.0,0.0,0.0,0.0,29.772,18.72,37.626,0,0,0,0.0,85.5848,0.5766330722391882,0.9246781457217936,0,0,85.511,86.697,1.186000000000007,0.6219999999999999,0.6069999999999993,0.023666666666665986,0.0,0.6859999999999999,0.42672028308951826,0.023666666666665986,0,1,2022,Australian Grand Prix,2022_Australian Grand Prix
ZHO,19,0 days 00:01:26.697000,MEDIUM,19.0,True,0 days 01:32:31.931000,12,0 days 00:00:29.718000,0 days 00:00:18.931000,0 days 00:00:38.048000,1,86.697,5551.931,3.848000000000866,False,True,19.0,0.0,0.0,0.0,0.0,29.718,18.931,38.048,0,0,0,0.0,85.83059999999999,0.4549997802197188,1.9041767439571717,0,0,86.118,86.45,0.33200000000000784,0.6779999999999973,0.5790000000000077,0.17466666666666697,0.0,1.0500000000000043,0.347025503385558,0.17466666666666697,0,0,2022,Australian Grand Prix,2022_Australian Grand Prix
ZHO,20,0 days 00:01:26.450000,MEDIUM,20.0,True,0 days 01:33:58.381000,12,0 days 00:00:30.097000,0 days 00:00:18.942000,0 days 00:00:37.411000,1,86.45,5638.381,2.951000000000022,False,True,20.0,0.0,0.0,0.0,0.0,30.097,18.942,37.411,0,0,0,0.0,86.082,0.5268230253130376,0.6985267961310994,0,0,86.697,87.518,0.820999999999998,1.186000000000007,-0.2469999999999999,0.06900000000000261,0.0,0.4130000000000038,0.4272630337391727,0.06900000000000261,0,0,2022,Australian Grand Prix,2022_Australian Grand Prix
ZHO,27,0 days 00:01:27.518000,HARD,6.0,True,0 days 01:47:16.600000,17,0 days 00:00:30.989000,0 days 00:00:18.905000,0 days 00:00:37.624000,1,87.518,6436.6,1.2419999999992797,True,False,6.0,0.0,0.0,0.0,0.0,30.989,18.905,37.624,0,0,0,0.0,86.25319999999999,0.4639242395046506,2.7263072120363505,0,0,86.45,85.919,-0.5310000000000059,0.9390000000000072,1.0679999999999978,0.3130000000000024,0.0,0.21300000000000097,0.3941412183469275,0.3130000000000024,0,0,2022,Australian Grand Prix,2022_Australian Grand Prix
ZHO,28,0 days 00:01:25.919000,HARD,7.0,True,0 days 01:48:42.519000,17,0 days 00:00:29.954000,0 days 00:00:18.592000,0 days 00:00:37.373000,1,85.919,6522.519,1.813999999999396,True,False,7.0,0.0,0.0,0.0,0.0,29.954,18.592,37.373,0,0,0,0.0,86.4588,0.7404712688551459,-0.7289951990096696,0,0,87.518,85.858,-1.6599999999999966,2.007000000000005,-1.5990000000000038,0.46666666666666856,0.0,-0.03800000000000381,0.39405519917899956,0.46666666666666856,0,0,2022,Australian Grand Prix,2022_Australian Grand Prix
ZHO,29,0 days 00:01:25.858000,HARD,8.0,True,0 days 01:50:08.377000,17,0 days 00:00:30.201000,0 days 00:00:18.462000,0 days 00:00:37.195000,1,85.858,6608.377,1.8699999999998909,True,False,8.0,0.0,0.0,0.0,0.0,30.201,18.462,37.195,0,0,0,0.0,86.5404,0.6230885169861018,-1.0951894977952585,0,0,85.919,84.778,-1.1409999999999911,0.0,-0.06099999999999284,-0.25933333333333525,0.0,-0.17799999999999727,0.4213913857686249,-0.25933333333333525,0,0,2022,Australian Grand Prix,2022_Australian Grand Prix
ZHO,30,0 days 00:01:24.778000,HARD,9.0,True,0 days 01:51:33.155000,17,0 days 00:00:29.358000,0 days 00:00:18.633000,0 days 00:00:36.787000,1,84.778,6693.155,2.280000000000655,True,False,9.0,0.0,0.0,0.0,0.0,29.358,18.633,36.787,0,0,0,0.0,86.4884,0.6757745925972233,-2.5310214659393524,1,0,85.858,85.097,-0.7610000000000099,0.0,-1.0799999999999983,-0.19733333333333292,0.0,-0.40800000000000125,0.48094854194601927,-0.19733333333333292,0,0,2022,Australian Grand Prix,2022_Australian Grand Prix
ZHO,31,0 days 00:01:25.097000,HARD,10.0,True,0 days 01:52:58.252000,17,0 days 00:00:29.546000,0 days 00:00:18.445000,0 days 00:00:37.106000,1,85.097,6778.252,2.2979999999997744,True,False,10.0,0.0,0.0,0.0,0.0,29.546,18.445,37.106,0,0,0,0.0,86.1046,0.9965098092843758,-1.0111290331638572,0,1,84.778,85.339,0.5609999999999928,0.0,0.3189999999999884,-0.9133333333333317,0.0,0.3190000000000026,0.32230777216815765,-0.9133333333333317,0,0,2022,Australian Grand Prix,2022_Australian Grand Prix
ZHO,32,0 days 00:01:25.339000,HARD,11.0,True,0 days 01:54:23.591000,17,0 days 00:00:30.075000,0 days 00:00:18.722000,0 days 00:00:36.542000,1,85.339,6863.591,1.9539999999997235,True,False,11.0,0.0,0.0,0.0,0.0,30.075,18.722,36.542,0,0,0,0.0,85.83399999999999,1.060891370499362,-0.4665887703158464,0,0,85.097,84.517,-0.5799999999999983,0.3189999999999884,0.24200000000000443,-0.2740000000000009,0.0,-0.24499999999999744,0.293695931194153,-0.2740000000000009,0,0,2022,Australian Grand Prix,2022_Australian Grand Prix
ZHO,33,0 days 00:01:24.517000,HARD,12.0,True,0 days 01:55:48.108000,17,0 days 00:00:29.582000,0 days 00:00:18.675000,0 days 00:00:36.260000,1,84.517,6948.108,2.394000000000233,True,False,12.0,0.0,0.0,0.0,0.0,29.582,18.675,36.26,0,0,0,0.0,85.3982,0.4902863449047529,-1.797317035560507,1,0,85.339,84.845,-0.4939999999999998,0.5609999999999928,-0.8220000000000027,-0.17300000000000182,0.0,-0.2820000000000036,0.2742617363031168,-0.17300000000000182,0,0,2022,Australian Grand Prix,2022_Australian Grand Prix
ZHO,34,0 days 00:01:24.845000,HARD,13.0,True,0 days 01:57:12.953000,16,0 days 00:00:29.364000,0 days 00:00:18.809000,0 days 00:00:36.672000,1,84.845,7032.953,1.0619999999998981,True,False,13.0,0.0,0.0,0.0,0.0,29.364,18.809,36.672,0,0,0,0.0,85.1178,0.5180933313603802,-0.5265460554832869,0,1,84.517,84.246,-0.2710000000000008,0.0,0.32800000000000296,-0.0870000000000033,0.0,0.41199999999999903,0.2798976598687472,-0.0870000000000033,0,0,2022,Australian Grand Prix,2022_Australian Grand Prix
ZHO,35,0 days 00:01:24.246000,HARD,14.0,True,0 days 01:58:37.199000,16,0 days 00:00:29.465000,0 days 00:00:18.470000,0 days 00:00:36.311000,1,84.246,7117.199,1.5740000000005239,True,False,14.0,0.0,0.0,0.0,0.0,29.465,18.47,36.311,0,0,0,0.0,84.9152,0.31423430748426817,-2.129621063204585,1,0,84.845,83.681,-1.1640000000000015,0.32800000000000296,-0.5990000000000038,-0.08399999999999845,0.0,0.05100000000000193,0.3772249991715828,-0.08399999999999845,0,0,2022,Australian Grand Prix,2022_Australian Grand Prix
ZHO,36,0 days 00:01:23.681000,HARD,15.0,True,0 days 02:00:00.880000,16,0 days 00:00:29.035000,0 days 00:00:18.348000,0 days 00:00:36.298000,1,83.681,7200.88,2.7770000000000437,True,False,15.0,0.0,0.0,0.0,0.0,29.035,18.348,36.298,0,0,0,0.0,84.80879999999999,0.43799908675718985,-2.5748912134723314,1,1,84.246,83.892,-0.3539999999999992,0.0,-0.5649999999999977,-0.3643333333333345,0.0,0.03800000000000381,0.3164845967815818,-0.3643333333333345,0,0,2022,Australian Grand Prix,2022_Australian Grand Prix
ZHO,37,0 days 00:01:23.892000,HARD,16.0,True,0 days 02:01:24.772000,16,0 days 00:00:29.198000,0 days 00:00:18.437000,0 days 00:00:36.257000,1,83.892,7284.772,3.3350000000000364,True,False,16.0,0.0,0.0,0.0,0.0,29.198,18.437,36.257,0,0,0,0.0,84.5256,0.6235453471882904,-1.0161249744818877,0,1,83.681,84.429,0.7480000000000047,0.0,0.21099999999999852,-0.2786666666666662,0.0,-0.04100000000000392,0.2798226223878265,-0.2786666666666662,0,0,2022,Australian Grand Prix,2022_Australian Grand Prix
ZHO,38,0 days 00:01:24.429000,HARD,17.0,True,0 days 02:02:49.201000,16,0 days 00:00:29.390000,0 days 00:00:18.522000,0 days 00:00:36.517000,1,84.429,7369.201,3.8549999999995634,True,False,17.0,0.0,0.0,0.0,0.0,29.39,18.522,36.517,0,0,0,0.0,84.2362,0.4680552317838108,0.4119171988853176,0,0,83.892,83.432,-0.45999999999999375,0.21099999999999852,0.5370000000000061,-0.31766666666666765,0.0,0.2600000000000051,0.24932769601470386,-0.31766666666666765,0,0,2022,Australian Grand Prix,2022_Australian Grand Prix
ZHO,41,0 days 00:01:23.432000,HARD,20.0,True,0 days 02:07:36.544000,14,0 days 00:00:28.982000,0 days 00:00:18.334000,0 days 00:00:36.116000,1,83.432,7656.544,3.0600000000004,True,False,20.0,0.0,0.0,0.0,0.0,28.982,18.334,36.116,0,0,0,0.0,84.21860000000001,0.4563653141948889,-1.7236191610830722,1,0,84.429,83.723,-0.7060000000000031,0.7480000000000047,-0.9969999999999999,0.06100000000000231,0.0,-0.14099999999999824,0.1866748510110568,0.06100000000000231,0,0,2022,Australian Grand Prix,2022_Australian Grand Prix
ZHO,42,0 days 00:01:23.723000,HARD,21.0,True,0 days 02:09:00.267000,14,0 days 00:00:29.114000,0 days 00:00:18.390000,0 days 00:00:36.219000,1,83.723,7740.267,2.9329999999999927,True,False,21.0,0.0,0.0,0.0,0.0,29.114,18.39,36.219,0,0,0,0.0,83.93599999999999,0.40624069220133996,-0.5243197052609081,0,1,83.432,83.731,0.2989999999999924,0.0,0.2909999999999968,-0.08299999999999841,0.0,0.10300000000000153,0.1480111482287757,-0.08299999999999841,0,0,2022,Australian Grand Prix,2022_Australian Grand Prix
ZHO,43,0 days 00:01:23.731000,HARD,22.0,True,0 days 02:10:23.998000,14,0 days 00:00:29.190000,0 days 00:00:18.434000,0 days 00:00:36.107000,1,83.731,7823.998,3.0540000000000873,True,False,22.0,0.0,0.0,0.0,0.0,29.19,18.434,36.107,0,0,0,0.0,83.8314,0.37238729838735746,-0.269611773642106,0,0,83.723,83.594,-0.1290000000000049,0.2909999999999968,0.007999999999995566,-0.05633333333333231,0.0,-0.009000000000000341,0.15134629166253333,-0.05633333333333231,0,0,2022,Australian Grand Prix,2022_Australian Grand Prix
ZHO,44,0 days 00:01:23.594000,HARD,23.0,True,0 days 02:11:47.592000,14,0 days 00:00:29.158000,0 days 00:00:18.445000,0 days 00:00:35.991000,1,83.594,7907.592,3.4459999999999127,True,False,23.0,0.0,0.0,0.0,0.0,29.158,18.445,35.991,0,0,0,0.0,83.8414,0.3679841029178217,-0.672311651612973,0,0,83.731,84.805,1.0740000000000123,0.2989999999999924,-0.13700000000000045,-0.23266666666666916,0.0,-0.11599999999999966,0.15324424948428128,-0.23266666666666916,0,0,2022,Australian Grand Prix,2022_Australian Grand Prix
ZHO,45,0 days 00:01:24.805000,HARD,24.0,True,0 days 02:13:12.397000,14,0 days 00:00:29.526000,0 days 00:00:18.507000,0 days 00:00:36.772000,1,84.805,7992.397,3.287000000000262,True,False,24.0,0.0,0.0,0.0,0.0,29.526,18.507,36.772,0,0,0,0.0,83.7818,0.3816198370109228,2.681202340041659,0,0,83.594,84.311,0.717000000000013,0.16199999999999193,1.2110000000000127,0.05399999999999731,0.0,0.7809999999999988,0.16563906544049484,0.05399999999999731,0,0,2022,Australian Grand Prix,2022_Australian Grand Prix
ZHO,46,0 days 00:01:24.311000,HARD,25.0,True,0 days 02:14:36.708000,14,0 days 00:00:29.333000,0 days 00:00:18.730000,0 days 00:00:36.248000,1,84.311,8076.708,3.430000000000291,True,False,25.0,0.0,0.0,0.0,0.0,29.333,18.73,36.248,0,0,0,0.0,83.857,0.5436749948270898,0.835057717054649,0,0,84.805,83.153,-1.652000000000001,1.3730000000000047,-0.4939999999999998,0.3606666666666693,0.0,0.2569999999999979,0.3800010526301202,0.3606666666666693,0,0,2022,Australian Grand Prix,2022_Australian Grand Prix
ZHO,47,0 days 00:01:23.153000,HARD,26.0,True,0 days 02:15:59.861000,14,0 days 00:00:29.035000,0 days 00:00:18.413000,0 days 00:00:35.705000,1,83.153,8159.861,3.712000000000444,True,False,26.0,0.0,0.0,0.0,0.0,29.035,18.413,35.705,0,0,0,0.0,84.0328,0.5131502703889103,-1.7145075249267612,1,0,84.311,83.561,-0.75,0.717000000000013,-1.1580000000000013,0.1933333333333375,0.0,-0.28600000000000136,0.35132065125750794,0.1933333333333375,0,0,2022,Australian Grand Prix,2022_Australian Grand Prix
ZHO,48,0 days 00:01:23.561000,HARD,27.0,True,0 days 02:17:23.422000,14,0 days 00:00:29.202000,0 days 00:00:18.369000,0 days 00:00:35.990000,1,83.561,8243.422,3.368000000000393,True,False,27.0,0.0,0.0,0.0,0.0,29.202,18.369,35.99,0,0,0,0.0,83.9188,0.6454426388148108,-0.5543482541794962,0,1,83.153,84.219,1.0659999999999883,0.0,0.40800000000000125,-0.1469999999999961,0.0,0.2850000000000037,0.41614817072768656,-0.1469999999999961,0,0,2022,Australian Grand Prix,2022_Australian Grand Prix
ZHO,49,0 days 00:01:24.219000,HARD,28.0,True,0 days 02:18:47.641000,14,0 days 00:00:29.375000,0 days 00:00:18.558000,0 days 00:00:36.286000,1,84.219,8327.641,2.6239999999997963,True,False,28.0,0.0,0.0,0.0,0.0,29.375,18.558,36.286,0,0,0,0.0,83.88480000000001,0.6620718994189596,0.5047790131151593,0,0,83.561,84.815,1.2539999999999907,0.40800000000000125,0.657999999999987,-0.4146666666666666,0.0,0.5810000000000031,0.413170303869966,-0.4146666666666666,0,0,2022,Australian Grand Prix,2022_Australian Grand Prix
ZHO,50,0 days 00:01:24.815000,HARD,29.0,True,0 days 02:20:12.456000,13,0 days 00:00:29.938000,0 days 00:00:18.700000,0 days 00:00:36.177000,1,84.815,8412.456,1.8719999999993888,True,False,29.0,0.0,0.0,0.0,0.0,29.938,18.7,36.177,0,0,0,0.0,84.00980000000001,0.6523719797785694,1.2342651508013711,0,0,84.219,85.05,0.8310000000000031,1.0659999999999883,0.5960000000000036,-0.030666666666670988,0.0,0.4720000000000013,0.4040443045013759,-0.030666666666670988,0,0,2022,Australian Grand Prix,2022_Australian Grand Prix
ZHO,51,0 days 00:01:25.050000,HARD,30.0,True,0 days 02:21:37.506000,13,0 days 00:00:29.454000,0 days 00:00:18.300000,0 days 00:00:37.296000,1,85.05,8497.506,0.5930000000007567,True,False,30.0,0.0,0.0,0.0,0.0,29.454,18.3,37.296,0,0,0,0.0,84.01180000000001,0.6554274940832182,1.5840043473491685,0,0,84.815,84.063,-0.7519999999999953,1.661999999999992,0.23499999999999943,0.5539999999999973,0.0,1.3059999999999974,0.334185128334582,0.5539999999999973,0,1,2022,Australian Grand Prix,2022_Australian Grand Prix
ZHO,52,0 days 00:01:24.063000,HARD,31.0,True,0 days 02:23:01.569000,12,0 days 00:00:29.345000,0 days 00:00:18.617000,0 days 00:00:36.101000,1,84.063,8581.569,0.9800000000013824,True,False,31.0,0.0,0.0,0.0,0.0,29.345,18.617,36.101,0,0,0,0.0,84.1596,0.8058311237475156,-0.11987623355965338,0,0,85.05,83.314,-1.7360000000000042,1.8969999999999914,-0.9869999999999948,0.49633333333333,0.0,-0.07600000000000051,0.5737963924599032,0.49633333333333,0,1,2022,Australian Grand Prix,2022_Australian Grand Prix
ZHO,53,0 days 00:01:23.314000,HARD,32.0,True,0 days 02:24:24.883000,12,0 days 00:00:29.105000,0 days 00:00:18.477000,0 days 00:00:35.732000,1,83.314,8664.883,1.9989999999997963,True,False,32.0,0.0,0.0,0.0,0.0,29.105,18.477,35.732,0,0,0,0.0,84.3416,0.5974787025494402,-1.719893940345053,1,0,84.063,82.706,-1.3569999999999993,0.5019999999999953,-0.7490000000000094,-0.051999999999997236,0.0,-0.3689999999999998,0.5084430154894438,-0.051999999999997236,0,0,2022,Australian Grand Prix,2022_Australian Grand Prix
ZHO,54,0 days 00:01:22.706000,HARD,33.0,True,0 days 02:25:47.589000,12,0 days 00:00:28.757000,0 days 00:00:18.342000,0 days 00:00:35.607000,1,82.706,8747.589,3.2950000000000728,True,False,33.0,0.0,0.0,0.0,0.0,28.757,18.342,35.607,0,0,0,0.0,84.29220000000001,0.682339138552212,-2.3246504712680065,1,1,83.314,82.541,-0.7729999999999961,0.0,-0.6079999999999899,-0.500333333333335,0.0,-0.125,0.647155081877597,-0.500333333333335,0,0,2022,Australian Grand Prix,2022_Australian Grand Prix
ZHO,55,0 days 00:01:22.541000,HARD,34.0,True,0 days 02:27:10.130000,12,0 days 00:00:28.969000,0 days 00:00:18.256000,0 days 00:00:35.316000,1,82.541,8830.13,4.204999999999927,True,False,34.0,0.0,0.0,0.0,0.0,28.969,18.256,35.316,0,0,0,0.0,83.9896,0.9893413465534586,-1.4642064693307797,0,1,82.706,82.893,0.1869999999999976,0.0,-0.16500000000000625,-0.7813333333333313,0.0,-0.2909999999999968,0.6697255408001093,-0.7813333333333313,0,0,2022,Australian Grand Prix,2022_Australian Grand Prix
ZHO,56,0 days 00:01:22.893000,HARD,35.0,True,0 days 02:28:33.023000,11,0 days 00:00:28.659000,0 days 00:00:18.548000,0 days 00:00:35.686000,1,82.893,8913.023,1.9880000000011933,True,False,35.0,0.0,0.0,0.0,0.0,28.659,18.548,35.686,0,0,0,0.0,83.53479999999999,1.036596208752604,-0.6191417589422831,0,0,82.541,82.744,0.20300000000000296,0.0,0.35200000000000387,-0.5073333333333352,0.0,0.36999999999999744,0.6907014550440717,-0.5073333333333352,0,0,2022,Australian Grand Prix,2022_Australian Grand Prix
ZHO,57,0 days 00:01:22.744000,HARD,36.0,True,0 days 02:29:55.767000,11,0 days 00:00:28.878000,0 days 00:00:18.393000,0 days 00:00:35.473000,1,82.744,8995.767,3.5390000000006694,True,False,36.0,0.0,0.0,0.0,0.0,28.878,18.393,35.473,0,0,0,0.0,83.1034,0.6090306232040609,-0.5901181095118327,0,0,82.893,86.097,3.2039999999999935,0.35200000000000387,-0.1490000000000009,-0.14033333333333076,0.0,0.15699999999999648,0.2876311874606073,-0.14033333333333076,0,0,2022,Australian Grand Prix,2022_Australian Grand Prix
