Driver,LapNumber,LapTime,Compound,TyreLife,IsAccurate,Time,Position,Sector1Time,Sector2Time,Sector3Time,TrackStatus,LapTimeSec,RaceTimeSec,GapBehindSec,compound_HARD,compound_MEDIUM,compound_None,compound_SOFT,TyreAge,AirTemp,TrackTemp,GapToLeaderSec,GapAheadSec,Sector1Sec,Sector2Sec,Sector3Sec,IsSC,IsVSC,IsYellow,AEBI,LapTime_roll_mean,LapTime_roll_std,LapTime_z,LapSpikeFast,PrevLapSpikeFast,PrevLapTimeSec,NextLapTimeSec,DeltaNextLapSec,PushIndex,TyreDegRate,TyreDegSmooth,DeltaGapAhead,ERSProxy,ERSVolatility,PushTrend,IsDRSRange,IsUnderAttack,Season,RaceName,RaceKey
ALB,2,0 days 00:01:19.630000,MEDIUM,3.0,True,0 days 01:04:54.526000,10,0 days 00:00:22.646000,0 days 00:00:25.424000,0 days 00:00:31.560000,1,79.63,3894.526,0.4210000000002765,False,True,False,False,3.0,0.0,0.0,0.0,0.0,22.646,25.424,31.56,0,0,0,0.0,,,0.0,0,0,79.63,78.618,-1.0120000000000005,0.0,0.0,0.0,0.0,0.0,0.0,0.0,0,1,2023,Canadian Grand Prix,2023_Canadian Grand Prix
ALB,3,0 days 00:01:18.618000,MEDIUM,4.0,True,0 days 01:06:13.144000,10,0 days 00:00:22.326000,0 days 00:00:25.143000,0 days 00:00:31.149000,1,78.618,3973.144,0.6630000000000109,False,True,False,False,4.0,0.0,0.0,0.0,0.0,22.326,25.143,31.149,0,0,0,0.0,,,0.0,0,0,79.63,78.78,-0.8499999999999943,0.0,-1.0120000000000005,0.0,0.0,0.0,0.0,0.0,0,1,2023,Canadian Grand Prix,2023_Canadian Grand Prix
ALB,4,0 days 00:01:18.780000,MEDIUM,5.0,True,0 days 01:07:31.924000,10,0 days 00:00:22.385000,0 days 00:00:25.238000,0 days 00:00:31.157000,1,78.78,4051.924,0.4619999999999891,False,True,False,False,5.0,0.0,0.0,0.0,0.0,22.385,25.238,31.157,0,0,0,0.0,,,0.0,0,0,78.618,78.422,-0.19599999999999795,0.0,0.16200000000000614,-0.5060000000000002,0.0,0.007999999999999119,0.0,0.0,0,1,2023,Canadian Grand Prix,2023_Canadian Grand Prix
ALB,5,0 days 00:01:18.422000,MEDIUM,6.0,True,0 days 01:08:50.346000,10,0 days 00:00:22.335000,0 days 00:00:25.109000,0 days 00:00:30.978000,1,78.422,4130.346,0.579000000000633,False,True,False,False,6.0,0.0,0.0,0.0,0.0,22.335,25.109,30.978,0,0,0,0.0,79.00933333333333,0.5435819472106594,-1.0804871948878734,0,0,78.78,78.745,-0.03499999999999659,0.16200000000000614,-0.3580000000000041,-0.28333333333333144,0.0,-0.17099999999999937,0.004618802153516497,-0.42499999999999716,0,1,2023,Canadian Grand Prix,2023_Canadian Grand Prix
ALB,6,0 days 00:01:18.745000,MEDIUM,7.0,True,0 days 01:10:09.091000,10,0 days 00:00:22.545000,0 days 00:00:25.143000,0 days 00:00:31.057000,1,78.745,4209.091,0.4329999999999927,False,True,False,False,7.0,0.0,0.0,0.0,0.0,22.545,25.143,31.057,0,0,0,0.0,78.8625,0.5321913816162996,-0.22078523639961534,0,0,78.422,78.467,0.045000000000001705,0.0,0.3230000000000075,-0.4026666666666661,0.0,0.07899999999999707,0.08691518854607586,-0.4026666666666661,0,1,2023,Canadian Grand Prix,2023_Canadian Grand Prix
ALB,9,0 days 00:01:18.467000,MEDIUM,10.0,True,0 days 01:14:20.561000,10,0 days 00:00:22.151000,0 days 00:00:25.082000,0 days 00:00:31.234000,1,78.467,4460.561,0.5990000000001601,False,True,False,False,10.0,0.0,0.0,0.0,0.0,22.151,25.082,31.234,0,0,0,0.0,78.839,0.4638771389064125,-0.8019364801571977,0,0,78.745,79.319,0.5739999999999981,0.3230000000000075,-0.2780000000000058,0.04233333333333652,0.0,0.2560000000000002,0.09237802769057045,0.04233333333333652,0,1,2023,Canadian Grand Prix,2023_Canadian Grand Prix
ALB,10,0 days 00:01:19.319000,MEDIUM,11.0,True,0 days 01:15:39.880000,10,0 days 00:00:22.805000,0 days 00:00:25.401000,0 days 00:00:31.113000,1,79.319,4539.88,0.5399999999999636,False,True,False,False,11.0,0.0,0.0,0.0,0.0,22.805,25.401,31.113,0,0,0,0.0,78.6064,0.1604035535765978,4.442544969302814,0,0,78.467,78.717,0.25,0.045000000000001705,0.8520000000000039,-0.10433333333333412,0.0,0.134999999999998,0.15424428676615515,-0.10433333333333412,0,1,2023,Canadian Grand Prix,2023_Canadian Grand Prix
ALB,11,0 days 00:01:18.717000,MEDIUM,12.0,True,0 days 01:16:58.597000,9,0 days 00:00:22.447000,0 days 00:00:25.288000,0 days 00:00:30.982000,1,78.717,4618.597,0.5460000000002765,False,True,False,False,12.0,0.0,0.0,0.0,0.0,22.447,25.288,30.982,0,0,0,0.0,78.7466,0.3578760958767736,-0.08271019031736097,0,0,79.319,80.042,0.722999999999999,0.8970000000000056,-0.6020000000000039,0.2990000000000019,0.0,-0.07499999999999929,0.15847491915126466,0.2990000000000019,0,1,2023,Canadian Grand Prix,2023_Canadian Grand Prix
ALB,17,0 days 00:01:20.042000,HARD,5.0,True,0 days 01:28:21.247000,12,0 days 00:00:22.751000,0 days 00:00:25.545000,0 days 00:00:31.746000,1,80.042,5301.247,0.5609999999996944,True,False,False,False,5.0,0.0,0.0,0.0,0.0,22.751,25.545,31.746,0,0,0,0.0,78.734,0.35751503464889633,3.658587396987515,0,0,78.717,79.275,0.5580000000000069,0.2950000000000017,1.3250000000000028,-0.009333333333335267,0.0,0.7639999999999993,0.16943494326731948,-0.009333333333335267,0,1,2023,Canadian Grand Prix,2023_Canadian Grand Prix
ALB,18,0 days 00:01:19.275000,HARD,6.0,True,0 days 01:29:40.522000,12,0 days 00:00:22.374000,0 days 00:00:25.319000,0 days 00:00:31.582000,1,79.275,5380.522,0.4930000000003929,True,False,False,False,6.0,0.0,0.0,0.0,0.0,22.374,25.319,31.582,0,0,0,0.0,79.058,0.6324373486757446,0.3431169908835607,0,0,80.042,77.882,-2.1599999999999966,1.5750000000000028,-0.7669999999999959,0.5250000000000009,0.0,0.6000000000000014,0.32041644776758893,0.5250000000000009,0,1,2023,Canadian Grand Prix,2023_Canadian Grand Prix
ALB,19,0 days 00:01:17.882000,HARD,7.0,True,0 days 01:30:58.404000,11,0 days 00:00:22.276000,0 days 00:00:24.791000,0 days 00:00:30.815000,1,77.882,5458.404,0.2539999999999054,True,False,False,False,7.0,0.0,0.0,0.0,0.0,22.276,24.791,30.815,0,0,0,0.0,79.164,0.6109107954521746,-2.0985060495634316,1,0,79.275,78.055,-1.2199999999999989,0.8080000000000069,-1.3930000000000007,-0.014666666666665643,0.0,-0.16699999999999804,0.34227255221533626,-0.014666666666665643,0,1,2023,Canadian Grand Prix,2023_Canadian Grand Prix
ALB,20,0 days 00:01:18.055000,HARD,8.0,True,0 days 01:32:16.459000,11,0 days 00:00:22.129000,0 days 00:00:24.911000,0 days 00:00:31.015000,1,78.055,5536.459,0.7319999999999709,True,False,False,False,8.0,0.0,0.0,0.0,0.0,22.129,24.911,31.015,0,0,0,0.0,79.047,0.8034485048837948,-1.2346777596449272,0,1,77.882,79.16,1.2779999999999916,0.0,0.17300000000000182,-0.27833333333333127,0.0,0.1999999999999993,0.4121362638739761,-0.27833333333333127,0,1,2023,Canadian Grand Prix,2023_Canadian Grand Prix
ALB,21,0 days 00:01:19.160000,HARD,9.0,True,0 days 01:33:35.619000,11,0 days 00:00:22.840000,0 days 00:00:25.281000,0 days 00:00:31.039000,1,79.16,5615.619,0.5460000000002765,True,False,False,False,9.0,0.0,0.0,0.0,0.0,22.84,25.281,31.039,0,0,0,0.0,78.7942,0.8905979452031104,0.4107352840529723,0,0,78.055,78.868,0.8129999999999882,0.17300000000000182,1.1049999999999898,-0.6623333333333316,0.0,0.2240000000000002,0.40855636086101943,-0.6623333333333316,0,1,2023,Canadian Grand Prix,2023_Canadian Grand Prix
ALB,22,0 days 00:01:18.868000,HARD,10.0,True,0 days 01:34:54.487000,12,0 days 00:00:22.078000,0 days 00:00:25.017000,0 days 00:00:31.773000,1,78.868,5694.487,0.581000000000131,True,False,False,False,10.0,0.0,0.0,0.0,0.0,22.078,25.017,31.773,0,0,0,0.0,78.8828,0.9029477836508605,-0.016390759541119602,0,0,79.16,78.718,-0.44199999999999307,1.2779999999999916,-0.2920000000000016,-0.03833333333333636,0.0,0.9579999999999984,0.3661395908666524,-0.03833333333333636,0,1,2023,Canadian Grand Prix,2023_Canadian Grand Prix
ALB,23,0 days 00:01:18.718000,HARD,11.0,True,0 days 01:36:13.205000,12,0 days 00:00:22.445000,0 days 00:00:25.083000,0 days 00:00:31.190000,1,78.718,5773.205,0.5510000000003856,True,False,False,False,11.0,0.0,0.0,0.0,0.0,22.445,25.083,31.19,0,0,0,0.0,78.648,0.6407179566704851,0.10925243981574204,0,0,78.868,78.162,-0.7059999999999889,0.98599999999999,-0.14999999999999147,0.32866666666666333,0.0,0.1750000000000007,0.4292388612416159,0.32866666666666333,0,1,2023,Canadian Grand Prix,2023_Canadian Grand Prix
ALB,24,0 days 00:01:18.162000,HARD,12.0,True,0 days 01:37:31.367000,12,0 days 00:00:22.267000,0 days 00:00:24.891000,0 days 00:00:31.004000,1,78.162,5851.367,0.6620000000002619,True,False,False,False,12.0,0.0,0.0,0.0,0.0,22.267,24.891,31.004,0,0,0,0.0,78.53659999999999,0.5458477809792753,-0.6862719114254483,0,0,78.718,78.775,0.05700000000000216,0.8359999999999985,-0.5559999999999974,0.2209999999999989,0.0,-0.03500000000000014,0.41232087019698505,0.2209999999999989,0,1,2023,Canadian Grand Prix,2023_Canadian Grand Prix
ALB,25,0 days 00:01:18.775000,HARD,13.0,True,0 days 01:38:50.142000,12,0 days 00:00:22.526000,0 days 00:00:25.149000,0 days 00:00:31.100000,1,78.775,5930.142,0.6030000000000655,True,False,False,False,13.0,0.0,0.0,0.0,0.0,22.526,25.149,31.1,0,0,0,0.0,78.5926,0.47115369042383654,0.38713482183683917,0,0,78.162,78.351,0.18899999999999295,0.10699999999999932,0.6129999999999995,-0.3326666666666635,0.0,0.09600000000000009,0.3796357464728519,-0.3326666666666635,0,1,2023,Canadian Grand Prix,2023_Canadian Grand Prix
ALB,26,0 days 00:01:18.351000,HARD,14.0,True,0 days 01:40:08.493000,12,0 days 00:00:22.208000,0 days 00:00:25.128000,0 days 00:00:31.015000,1,78.351,6008.493,0.9169999999994616,True,False,False,False,14.0,0.0,0.0,0.0,0.0,22.208,25.128,31.015,0,0,0,0.0,78.7366,0.36349662997063087,-1.0608076339831585,0,0,78.775,78.603,-0.17200000000001125,0.6129999999999995,-0.4240000000000066,-0.030999999999996437,0.0,0.010999999999999233,0.3895064826161427,-0.030999999999996437,0,1,2023,Canadian Grand Prix,2023_Canadian Grand Prix
ALB,27,0 days 00:01:18.603000,HARD,15.0,True,0 days 01:41:27.096000,12,0 days 00:00:22.595000,0 days 00:00:25.057000,0 days 00:00:30.951000,1,78.603,6087.096,0.8170000000000073,True,False,False,False,15.0,0.0,0.0,0.0,0.0,22.595,25.057,30.951,0,0,0,0.0,78.57480000000001,0.3029202865441741,0.09309379811335838,0,0,78.351,78.563,0.2120000000000033,0.18899999999999295,0.25199999999999534,-0.1223333333333348,0.0,-0.053000000000000824,0.4088233114684136,-0.1223333333333348,0,1,2023,Canadian Grand Prix,2023_Canadian Grand Prix
ALB,28,0 days 00:01:18.563000,HARD,16.0,True,0 days 01:42:45.659000,11,0 days 00:00:22.293000,0 days 00:00:25.039000,0 days 00:00:31.231000,12,78.563,6165.659,0.20200000000022555,True,False,False,False,16.0,0.0,0.0,0.0,0.0,22.293,25.039,31.231,0,0,1,0.0,78.5218,0.2587599273458014,0.15922094438117781,0,0,78.603,78.168,-0.43499999999998806,0.4409999999999883,-0.03999999999999204,0.1469999999999961,0.0,0.28000000000000114,0.09548403007833363,0.1469999999999961,0,1,2023,Canadian Grand Prix,2023_Canadian Grand Prix
ALB,29,0 days 00:01:18.168000,HARD,17.0,True,0 days 01:44:03.827000,11,0 days 00:00:22.054000,0 days 00:00:24.904000,0 days 00:00:31.210000,1,78.168,6243.827,0.8719999999993888,True,False,False,False,17.0,0.0,0.0,0.0,0.0,22.054,24.904,31.21,0,0,0,0.0,78.4908,0.23781547468574016,-1.3573549005864685,0,0,78.563,78.21,-0.35300000000000864,0.40099999999999625,-0.394999999999996,-0.07066666666666777,0.0,0.25900000000000034,0.13591431124057618,-0.07066666666666777,0,1,2023,Canadian Grand Prix,2023_Canadian Grand Prix
ALB,30,0 days 00:01:18.210000,HARD,18.0,True,0 days 01:45:22.037000,11,0 days 00:00:22.110000,0 days 00:00:24.979000,0 days 00:00:31.121000,1,78.21,6322.037,0.9719999999997526,True,False,False,False,18.0,0.0,0.0,0.0,0.0,22.11,24.979,31.121,0,0,0,0.0,78.492,0.23574774654279018,-1.1961938306325457,0,0,78.168,78.12,-0.04800000000000182,0.0,0.04199999999998738,-0.06099999999999758,0.0,0.16999999999999815,0.14773049786689357,-0.06099999999999758,0,1,2023,Canadian Grand Prix,2023_Canadian Grand Prix
ALB,31,0 days 00:01:18.120000,HARD,19.0,True,0 days 01:46:40.157000,11,0 days 00:00:22.044000,0 days 00:00:24.860000,0 days 00:00:31.216000,1,78.12,6400.157,1.3859999999995125,True,False,False,False,19.0,0.0,0.0,0.0,0.0,22.044,24.86,31.216,0,0,0,0.0,78.379,0.1986819065743039,-1.3035912754498278,0,0,78.21,78.008,-0.20199999999999818,0.04199999999998738,-0.0899999999999892,-0.13100000000000023,0.0,0.09500000000000242,0.1486045086799193,-0.13100000000000023,0,0,2023,Canadian Grand Prix,2023_Canadian Grand Prix
ALB,32,0 days 00:01:18.008000,HARD,20.0,True,0 days 01:47:58.165000,11,0 days 00:00:21.941000,0 days 00:00:24.823000,0 days 00:00:31.244000,1,78.008,6478.165,2.2730000000001382,True,False,False,False,20.0,0.0,0.0,0.0,0.0,21.941,24.823,31.244,0,0,0,0.0,78.33279999999999,0.23104263675780537,-1.4058011307258136,0,0,78.12,78.019,-0.10099999999999909,0.0,-0.11200000000000898,-0.14766666666666595,0.0,0.12300000000000111,0.13547582810228587,-0.14766666666666595,0,0,2023,Canadian Grand Prix,2023_Canadian Grand Prix
ALB,33,0 days 00:01:18.019000,HARD,21.0,True,0 days 01:49:16.184000,11,0 days 00:00:22.148000,0 days 00:00:24.783000,0 days 00:00:31.088000,1,78.019,6556.184,2.96100000000024,True,False,False,False,21.0,0.0,0.0,0.0,0.0,22.148,24.783,31.088,0,0,0,0.0,78.2138,0.2092873622558197,-0.9307776537500123,0,0,78.008,78.271,0.26300000000000523,0.0,0.01100000000000989,-0.05333333333333693,0.0,-0.0329999999999977,0.08165353635942509,-0.05333333333333693,0,0,2023,Canadian Grand Prix,2023_Canadian Grand Prix
ALB,34,0 days 00:01:18.271000,HARD,22.0,True,0 days 01:50:34.455000,11,0 days 00:00:22.221000,0 days 00:00:24.895000,0 days 00:00:31.155000,1,78.271,6634.455,4.1840000000001965,True,False,False,False,22.0,0.0,0.0,0.0,0.0,22.221,24.895,31.155,0,0,0,0.0,78.10499999999999,0.08947625383304814,1.8552408364094786,0,0,78.019,78.426,0.4069999999999965,0.01100000000000989,0.25199999999999534,-0.06366666666666276,0.0,0.06700000000000017,0.10703363957186443,-0.06366666666666276,0,0,2023,Canadian Grand Prix,2023_Canadian Grand Prix
ALB,35,0 days 00:01:18.426000,HARD,23.0,True,0 days 01:51:52.881000,10,0 days 00:00:22.068000,0 days 00:00:25.122000,0 days 00:00:31.236000,12,78.426,6712.881,4.6909999999998035,True,False,False,False,23.0,0.0,0.0,0.0,0.0,22.068,25.122,31.236,0,0,1,0.0,78.12559999999999,0.1156386613550859,2.5977471243599672,0,0,78.271,78.005,-0.26600000000000534,0.26300000000000523,0.15500000000000114,0.050333333333332085,0.0,0.1479999999999997,0.07585380676010818,0.050333333333332085,0,0,2023,Canadian Grand Prix,2023_Canadian Grand Prix
ALB,36,0 days 00:01:18.005000,HARD,24.0,True,0 days 01:53:10.886000,8,0 days 00:00:22.040000,0 days 00:00:24.875000,0 days 00:00:31.090000,21,78.005,6790.886,4.311999999999898,True,False,False,False,24.0,0.0,0.0,0.0,0.0,22.04,24.875,31.09,0,0,1,0.0,78.1688,0.178377969491745,-0.9182748321820616,0,0,78.426,78.128,-0.2980000000000018,0.41800000000000637,-0.4210000000000065,0.13933333333333545,0.0,0.0019999999999988916,0.07006425622241284,0.13933333333333545,0,0,2023,Canadian Grand Prix,2023_Canadian Grand Prix
ALB,37,0 days 00:01:18.128000,HARD,25.0,True,0 days 01:54:29.014000,7,0 days 00:00:21.992000,0 days 00:00:24.999000,0 days 00:00:31.137000,1,78.128,6869.014,3.8029999999998836,True,False,False,False,25.0,0.0,0.0,0.0,0.0,21.992,24.999,31.137,0,0,0,0.0,78.1458,0.19305361949468153,-0.09220236350183747,0,0,78.005,77.782,-0.22299999999999898,0.0,0.12300000000000466,-0.004666666666670001,0.0,0.0470000000000006,0.07707982874916083,-0.004666666666670001,0,0,2023,Canadian Grand Prix,2023_Canadian Grand Prix
ALB,38,0 days 00:01:17.782000,HARD,26.0,True,0 days 01:55:46.796000,6,0 days 00:00:21.803000,0 days 00:00:24.820000,0 days 00:00:31.159000,1,77.782,6946.796,4.041000000000167,True,False,False,False,26.0,0.0,0.0,0.0,0.0,21.803,24.82,31.159,0,0,0,0.0,78.1698,0.17855447348077896,-2.1718862173550892,1,0,78.128,78.441,0.3130000000000024,0.12300000000000466,-0.34600000000000364,-0.04766666666666689,0.0,0.06899999999999906,0.06896158350850085,-0.04766666666666689,0,0,2023,Canadian Grand Prix,2023_Canadian Grand Prix
ALB,39,0 days 00:01:18.441000,HARD,27.0,True,0 days 01:57:05.237000,7,0 days 00:00:22.019000,0 days 00:00:24.837000,0 days 00:00:31.585000,1,78.441,7025.237,3.036000000000058,True,False,False,False,27.0,0.0,0.0,0.0,0.0,22.019,24.837,31.585,0,0,0,0.0,78.1224,0.24695201963134003,1.2901291533295518,0,1,77.782,78.091,0.3089999999999975,0.0,0.659000000000006,-0.21466666666666848,0.0,0.495000000000001,0.05288950746603746,-0.21466666666666848,0,0,2023,Canadian Grand Prix,2023_Canadian Grand Prix
ALB,40,0 days 00:01:18.091000,HARD,28.0,True,0 days 01:58:23.328000,7,0 days 00:00:22.003000,0 days 00:00:25.024000,0 days 00:00:31.064000,1,78.091,7103.328,2.589999999999236,True,False,False,False,28.0,0.0,0.0,0.0,0.0,22.003,25.024,31.064,0,0,0,0.0,78.15639999999999,0.28177349059129103,-0.23210132316832702,0,0,78.441,78.003,-0.4380000000000024,0.659000000000006,-0.3500000000000085,0.14533333333333567,0.0,-0.0730000000000004,0.1987956236942863,0.14533333333333567,0,0,2023,Canadian Grand Prix,2023_Canadian Grand Prix
ALB,41,0 days 00:01:18.003000,HARD,29.0,True,0 days 01:59:41.331000,7,0 days 00:00:22.062000,0 days 00:00:24.805000,0 days 00:00:31.136000,1,78.003,7181.331,2.4049999999997453,True,False,False,False,29.0,0.0,0.0,0.0,0.0,22.062,24.805,31.136,0,0,0,0.0,78.0894,0.2380825487094678,-0.3628993408728648,0,0,78.091,77.724,-0.3669999999999902,0.3089999999999975,-0.08799999999999386,-0.01233333333333538,0.0,0.07199999999999918,0.22305156354529396,-0.01233333333333538,0,0,2023,Canadian Grand Prix,2023_Canadian Grand Prix
ALB,42,0 days 00:01:17.724000,HARD,30.0,True,0 days 02:00:59.055000,7,0 days 00:00:21.898000,0 days 00:00:24.836000,0 days 00:00:30.990000,1,77.724,7259.055,2.356999999999971,True,False,False,False,30.0,0.0,0.0,0.0,0.0,21.898,24.836,30.99,0,0,0,0.0,78.089,0.23826141105935697,-1.5319308249587429,1,0,78.003,77.673,-0.3299999999999983,0.22100000000000364,-0.27899999999999636,0.07366666666666788,0.0,-0.07400000000000162,0.21684556716705156,0.07366666666666788,0,0,2023,Canadian Grand Prix,2023_Canadian Grand Prix
ALB,43,0 days 00:01:17.673000,HARD,31.0,True,0 days 02:02:16.728000,7,0 days 00:00:21.910000,0 days 00:00:24.785000,0 days 00:00:30.978000,1,77.673,7336.728,2.0770000000002256,True,False,False,False,31.0,0.0,0.0,0.0,0.0,21.91,24.785,30.978,0,0,0,0.0,78.0082,0.2855410653478573,-1.173911708957332,0,1,77.724,77.554,-0.1700000000000017,0.0,-0.05100000000000193,-0.23899999999999957,0.0,-0.011999999999996902,0.23342600540642514,-0.23899999999999957,0,0,2023,Canadian Grand Prix,2023_Canadian Grand Prix
ALB,44,0 days 00:01:17.554000,HARD,32.0,True,0 days 02:03:34.282000,7,0 days 00:00:21.852000,0 days 00:00:24.719000,0 days 00:00:30.983000,1,77.554,7414.282,1.6199999999998909,True,False,False,False,32.0,0.0,0.0,0.0,0.0,21.852,24.719,30.983,0,0,0,0.0,77.9864,0.3102221784463312,-1.3938397382339538,0,0,77.673,77.655,-0.018000000000000682,0.0,-0.11899999999999977,-0.13933333333333073,0.0,0.004999999999999005,0.23867614040787621,-0.13933333333333073,0,0,2023,Canadian Grand Prix,2023_Canadian Grand Prix
ALB,45,0 days 00:01:17.655000,HARD,33.0,True,0 days 02:04:51.937000,7,0 days 00:00:21.960000,0 days 00:00:24.697000,0 days 00:00:30.998000,1,77.655,7491.937,1.0789999999997235,True,False,False,False,33.0,0.0,0.0,0.0,0.0,21.96,24.697,30.998,0,0,0,0.0,77.809,0.22798355203824403,-0.6754873262706382,0,0,77.554,77.657,0.10299999999999443,0.0,0.10099999999999909,-0.14966666666666603,0.0,0.019999999999999574,0.060854745090256,-0.14966666666666603,0,0,2023,Canadian Grand Prix,2023_Canadian Grand Prix
ALB,46,0 days 00:01:17.657000,HARD,34.0,True,0 days 02:06:09.594000,7,0 days 00:00:21.994000,0 days 00:00:24.756000,0 days 00:00:30.907000,1,77.657,7569.594,0.8090000000001965,True,False,False,False,34.0,0.0,0.0,0.0,0.0,21.994,24.756,30.907,0,0,0,0.0,77.7218,0.1688777664465302,-0.3837094803152917,0,0,77.655,77.452,-0.20300000000000296,0.10099999999999909,0.001999999999995339,-0.02300000000000087,0.0,-0.0710000000000015,0.05292636394085678,-0.02300000000000087,0,1,2023,Canadian Grand Prix,2023_Canadian Grand Prix
ALB,47,0 days 00:01:17.452000,HARD,35.0,True,0 days 02:07:27.046000,7,0 days 00:00:21.891000,0 days 00:00:24.661000,0 days 00:00:30.900000,1,77.452,7647.046,0.7150000000001455,True,False,False,False,35.0,0.0,0.0,0.0,0.0,21.891,24.661,30.9,0,0,0,0.0,77.6526,0.06176811475158038,-3.2476302831450115,1,0,77.657,77.76,0.10300000000000864,0.10299999999999443,-0.2049999999999983,-0.005333333333335115,0.0,-0.0070000000000014495,0.043592430535588256,-0.005333333333335115,0,1,2023,Canadian Grand Prix,2023_Canadian Grand Prix
ALB,48,0 days 00:01:17.760000,HARD,36.0,True,0 days 02:08:44.806000,7,0 days 00:00:21.923000,0 days 00:00:24.876000,0 days 00:00:30.961000,1,77.76,7724.806,0.6660000000001673,True,False,False,False,36.0,0.0,0.0,0.0,0.0,21.923,24.876,30.961,0,0,0,0.0,77.59819999999999,0.09434882087212937,1.7149127938684119,0,1,77.452,77.687,0.23499999999999943,0.0,0.30800000000000693,-0.034000000000001286,0.0,0.06099999999999994,0.034691497517403934,-0.034000000000001286,0,1,2023,Canadian Grand Prix,2023_Canadian Grand Prix
ALB,49,0 days 00:01:17.687000,HARD,37.0,True,0 days 02:10:02.493000,7,0 days 00:00:21.958000,0 days 00:00:24.765000,0 days 00:00:30.964000,1,77.687,7802.493,0.8649999999997817,True,False,False,False,37.0,0.0,0.0,0.0,0.0,21.958,24.765,30.964,0,0,0,0.0,77.6156,0.1169157816548424,0.6106959983450599,0,0,77.76,77.606,-0.15400000000001057,0.30800000000000693,-0.0730000000000075,0.03500000000000133,0.0,0.06400000000000006,0.04801874633932119,0.03500000000000133,0,1,2023,Canadian Grand Prix,2023_Canadian Grand Prix
ALB,50,0 days 00:01:17.606000,HARD,38.0,True,0 days 02:11:20.099000,7,0 days 00:00:21.922000,0 days 00:00:24.737000,0 days 00:00:30.947000,1,77.606,7880.099,0.8890000000001237,True,False,False,False,38.0,0.0,0.0,0.0,0.0,21.922,24.737,30.947,0,0,0,0.0,77.6422,0.11450196504848482,-0.3161517794448282,0,0,77.687,77.611,-0.0759999999999934,0.23499999999999943,-0.08100000000000307,0.010000000000000378,0.0,0.0470000000000006,0.055698294408357746,0.010000000000000378,0,1,2023,Canadian Grand Prix,2023_Canadian Grand Prix
ALB,51,0 days 00:01:17.611000,HARD,39.0,True,0 days 02:12:37.710000,7,0 days 00:00:21.957000,0 days 00:00:24.880000,0 days 00:00:30.774000,1,77.611,7957.71,0.6149999999997817,True,False,False,False,39.0,0.0,0.0,0.0,0.0,21.957,24.88,30.774,0,0,0,0.0,77.6324,0.1152271669354232,-0.185720091616876,0,0,77.606,77.421,-0.18499999999998806,0.15399999999999636,0.005000000000009663,0.05133333333333212,0.0,-0.17299999999999827,0.05776850352917335,0.05133333333333212,0,1,2023,Canadian Grand Prix,2023_Canadian Grand Prix
ALB,52,0 days 00:01:17.421000,HARD,40.0,True,0 days 02:13:55.131000,7,0 days 00:00:21.843000,0 days 00:00:24.632000,0 days 00:00:30.946000,1,77.421,8035.131,0.7759999999998399,True,False,False,False,40.0,0.0,0.0,0.0,0.0,21.843,24.632,30.946,0,0,0,0.0,77.6232,0.11460671882557052,-1.7642944678290247,1,0,77.611,77.522,-0.08899999999999864,0.15900000000000603,-0.18999999999999773,-0.04966666666666697,0.0,0.1720000000000006,0.09998899939493289,-0.04966666666666697,0,1,2023,Canadian Grand Prix,2023_Canadian Grand Prix
ALB,53,0 days 00:01:17.522000,HARD,41.0,True,0 days 02:15:12.653000,7,0 days 00:00:21.836000,0 days 00:00:24.811000,0 days 00:00:30.875000,1,77.522,8112.653,0.8299999999999272,True,False,False,False,41.0,0.0,0.0,0.0,0.0,21.836,24.811,30.875,0,0,0,0.0,77.61699999999999,0.12641400238882838,-0.7514990286264372,0,1,77.421,77.445,0.0239999999999867,0.0,0.10099999999999909,-0.08866666666666372,0.0,0.10099999999999909,0.12618518138038193,-0.08866666666666372,0,1,2023,Canadian Grand Prix,2023_Canadian Grand Prix
ALB,54,0 days 00:01:17.445000,HARD,42.0,True,0 days 02:16:30.098000,7,0 days 00:00:21.749000,0 days 00:00:24.822000,0 days 00:00:30.874000,1,77.445,8190.098,1.0780000000004293,True,False,False,False,42.0,0.0,0.0,0.0,0.0,21.749,24.822,30.874,0,0,0,0.0,77.5694,0.1014509733810411,-1.2262080476327502,0,0,77.522,77.418,-0.1039999999999992,0.10099999999999909,-0.07700000000001239,-0.027999999999996323,0.0,0.09999999999999787,0.12953262137392205,-0.027999999999996323,0,0,2023,Canadian Grand Prix,2023_Canadian Grand Prix
ALB,55,0 days 00:01:17.418000,HARD,43.0,True,0 days 02:17:47.516000,7,0 days 00:00:21.713000,0 days 00:00:24.813000,0 days 00:00:30.892000,1,77.418,8267.516,0.7160000000003492,True,False,False,False,43.0,0.0,0.0,0.0,0.0,21.713,24.813,30.892,0,0,0,0.0,77.52099999999999,0.08817879563681959,-1.1680812745980842,0,0,77.445,77.314,-0.13100000000000023,0.0239999999999867,-0.026999999999986812,-0.05533333333333701,0.0,0.018000000000000682,0.13202386147965747,-0.05533333333333701,0,1,2023,Canadian Grand Prix,2023_Canadian Grand Prix
ALB,56,0 days 00:01:17.314000,HARD,44.0,True,0 days 02:19:04.830000,7,0 days 00:00:21.828000,0 days 00:00:24.627000,0 days 00:00:30.859000,1,77.314,8344.83,0.6309999999994034,True,False,False,False,44.0,0.0,0.0,0.0,0.0,21.828,24.627,30.859,0,0,0,0.0,77.4834,0.0827906999605547,-2.0461235390052286,1,0,77.418,77.148,-0.27000000000001023,0.0,-0.10400000000001342,-0.001000000000000038,0.0,-0.014999999999997016,0.13279043640262567,-0.001000000000000038,0,1,2023,Canadian Grand Prix,2023_Canadian Grand Prix
ALB,57,0 days 00:01:17.148000,HARD,45.0,True,0 days 02:20:21.978000,7,0 days 00:00:21.756000,0 days 00:00:24.534000,0 days 00:00:30.858000,1,77.148,8421.978,0.5400000000008731,True,False,False,False,45.0,0.0,0.0,0.0,0.0,21.756,24.534,30.858,0,0,0,0.0,77.424,0.07448154133714234,-3.705616117028115,1,1,77.314,77.384,0.07000000000000739,0.0,-0.16599999999999682,-0.06933333333333754,0.0,-0.0010000000000012221,0.07426102611733731,-0.06933333333333754,0,1,2023,Canadian Grand Prix,2023_Canadian Grand Prix
ALB,58,0 days 00:01:17.384000,HARD,46.0,True,0 days 02:21:39.362000,7,0 days 00:00:21.793000,0 days 00:00:24.673000,0 days 00:00:30.918000,1,77.384,8499.362,0.4220000000004802,True,False,False,False,46.0,0.0,0.0,0.0,0.0,21.793,24.673,30.918,0,0,0,0.0,77.3694,0.14443960675643822,0.10108030842690399,0,1,77.148,77.084,-0.06399999999999295,0.0,0.2360000000000042,-0.09899999999999902,0.0,0.05999999999999872,0.05592226747906296,-0.09899999999999902,0,1,2023,Canadian Grand Prix,2023_Canadian Grand Prix
ALB,59,0 days 00:01:17.084000,HARD,47.0,True,0 days 02:22:56.446000,7,0 days 00:00:21.645000,0 days 00:00:24.558000,0 days 00:00:30.881000,1,77.084,8576.446,0.4650000000001455,True,False,False,False,47.0,0.0,0.0,0.0,0.0,21.645,24.558,30.881,0,0,0,0.0,77.3418,0.11892098216863557,-2.1678260244641314,1,0,77.384,77.152,-0.23199999999999932,0.2360000000000042,-0.29999999999999716,-0.011333333333335341,0.0,0.022999999999999687,0.047173085546738124,-0.011333333333335341,0,1,2023,Canadian Grand Prix,2023_Canadian Grand Prix
ALB,60,0 days 00:01:17.152000,HARD,48.0,True,0 days 02:24:13.598000,7,0 days 00:00:21.686000,0 days 00:00:24.606000,0 days 00:00:30.860000,1,77.152,8653.598,0.5850000000009459,True,False,False,False,48.0,0.0,0.0,0.0,0.0,21.686,24.606,30.86,0,0,0,0.0,77.2696,0.1468972429964284,-0.8005596129728263,0,1,77.084,77.208,0.12399999999999523,0.0,0.06799999999999784,-0.07666666666666326,0.0,0.0019999999999988916,0.028434134416225033,-0.07666666666666326,0,1,2023,Canadian Grand Prix,2023_Canadian Grand Prix
ALB,61,0 days 00:01:17.208000,HARD,49.0,True,0 days 02:25:30.806000,7,0 days 00:00:21.701000,0 days 00:00:24.618000,0 days 00:00:30.889000,1,77.208,8730.806,0.6119999999991705,True,False,False,False,49.0,0.0,0.0,0.0,0.0,21.701,24.618,30.889,0,0,0,0.0,77.2164,0.12646264270507007,-0.06642277767027768,0,0,77.152,77.014,-0.13800000000000523,0.06799999999999784,0.055999999999997385,0.0013333333333349628,0.0,0.028999999999999915,0.029183899670879476,0.0013333333333349628,0,1,2023,Canadian Grand Prix,2023_Canadian Grand Prix
ALB,62,0 days 00:01:17.014000,HARD,50.0,True,0 days 02:26:47.820000,7,0 days 00:00:21.651000,0 days 00:00:24.488000,0 days 00:00:30.875000,1,77.014,8807.82,0.6350000000002183,True,False,False,False,50.0,0.0,0.0,0.0,0.0,21.651,24.488,30.875,0,0,0,0.0,77.1952,0.11431185415323394,-1.5851374412762753,1,0,77.208,76.952,-0.2560000000000002,0.12399999999999523,-0.19400000000000261,-0.05866666666666731,0.0,0.015000000000000568,0.02460284536390089,-0.05866666666666731,0,1,2023,Canadian Grand Prix,2023_Canadian Grand Prix
ALB,63,0 days 00:01:16.952000,HARD,51.0,True,0 days 02:28:04.772000,7,0 days 00:00:21.507000,0 days 00:00:24.549000,0 days 00:00:30.896000,1,76.952,8884.772,0.46499999999832653,True,False,False,False,51.0,0.0,0.0,0.0,0.0,21.507,24.549,30.896,0,0,0,0.0,77.16839999999999,0.14078636297578648,-1.5370806903876846,1,1,77.014,77.129,0.1150000000000091,0.0,-0.06199999999999761,-0.023333333333335798,0.0,0.036000000000001364,0.021626372788796706,-0.023333333333335798,0,1,2023,Canadian Grand Prix,2023_Canadian Grand Prix
ALB,64,0 days 00:01:17.129000,HARD,52.0,True,0 days 02:29:21.901000,7,0 days 00:00:21.732000,0 days 00:00:24.560000,0 days 00:00:30.837000,1,77.129,8961.901,0.6069999999999709,True,False,False,False,52.0,0.0,0.0,0.0,0.0,21.732,24.56,30.837,0,0,0,0.0,77.082,0.10283968105720911,0.4570220319320655,0,1,76.952,77.18,0.22800000000000864,0.0,0.1770000000000067,-0.06666666666666761,0.0,-0.038000000000000256,0.01313392553656508,-0.06666666666666761,0,1,2023,Canadian Grand Prix,2023_Canadian Grand Prix
ALB,65,0 days 00:01:17.180000,HARD,53.0,True,0 days 02:30:39.081000,7,0 days 00:00:21.677000,0 days 00:00:24.666000,0 days 00:00:30.837000,1,77.18,9039.081,0.5180000000000291,True,False,False,False,53.0,0.0,0.0,0.0,0.0,21.677,24.666,30.837,0,0,0,0.0,77.091,0.10500476179654303,0.8475806094628263,0,0,77.129,77.341,0.21199999999998909,0.1770000000000067,0.05100000000000193,-0.026333333333331172,0.0,0.0,0.02925235033292277,-0.026333333333331172,0,1,2023,Canadian Grand Prix,2023_Canadian Grand Prix
ALB,66,0 days 00:01:17.341000,HARD,54.0,True,0 days 02:31:56.422000,7,0 days 00:00:21.711000,0 days 00:00:24.614000,0 days 00:00:31.016000,1,77.341,9116.422,0.48699999999917054,True,False,False,False,54.0,0.0,0.0,0.0,0.0,21.711,24.614,31.016,0,0,0,0.0,77.0966,0.10971235117318853,2.2276434456700005,0,0,77.18,77.213,0.03299999999998704,0.22800000000000864,0.16099999999998715,0.05533333333333701,0.0,0.1789999999999985,0.02938196725884847,0.05533333333333701,0,1,2023,Canadian Grand Prix,2023_Canadian Grand Prix
ALB,67,0 days 00:01:17.213000,HARD,55.0,True,0 days 02:33:13.635000,7,0 days 00:00:21.648000,0 days 00:00:24.657000,0 days 00:00:30.908000,1,77.213,9193.635,0.5540000000000873,True,False,False,False,55.0,0.0,0.0,0.0,0.0,21.648,24.657,30.908,0,0,0,0.0,77.1232,0.15160046174055206,0.5923464808021486,0,0,77.341,76.917,-0.4239999999999924,0.3889999999999958,-0.1280000000000001,0.12966666666666526,0.0,0.0710000000000015,0.08311618374299866,0.12966666666666526,0,1,2023,Canadian Grand Prix,2023_Canadian Grand Prix
ALB,68,0 days 00:01:16.917000,HARD,56.0,True,0 days 02:34:30.552000,7,0 days 00:00:21.599000,0 days 00:00:24.531000,0 days 00:00:30.787000,1,76.917,9270.552,0.45600000000013097,True,False,False,False,56.0,0.0,0.0,0.0,0.0,21.599,24.531,30.787,0,0,0,0.0,77.16299999999998,0.14155387666873892,-1.7378542063928377,1,0,77.213,77.072,-0.14099999999999113,0.2609999999999957,-0.29599999999999227,0.027999999999996323,0.0,-0.05000000000000071,0.0829475738041803,0.027999999999996323,0,1,2023,Canadian Grand Prix,2023_Canadian Grand Prix
ALB,69,0 days 00:01:17.072000,HARD,57.0,True,0 days 02:35:47.624000,7,0 days 00:00:21.591000,0 days 00:00:24.641000,0 days 00:00:30.840000,1,77.072,9347.624,0.4570000000003347,True,False,False,False,57.0,0.0,0.0,0.0,0.0,21.591,24.641,30.84,0,0,0,0.0,77.15599999999999,0.1548386256718548,-0.5425002943258347,0,1,76.917,77.258,0.340999999999994,0.0,0.15500000000000114,-0.0876666666666684,0.0,0.053000000000000824,0.09457430940799924,-0.0876666666666684,0,1,2023,Canadian Grand Prix,2023_Canadian Grand Prix
ALO,2,0 days 00:01:18.599000,MEDIUM,2.0,True,0 days 01:04:49.212000,3,0 days 00:00:21.897000,0 days 00:00:25.269000,0 days 00:00:31.433000,1,78.599,3889.212,0.7669999999998254,False,True,False,False,2.0,0.0,0.0,0.0,0.0,21.897,25.269,31.433,0,0,0,0.0,77.1602,0.16730720247481312,8.599749315733144,0,0,78.599,77.438,-1.1610000000000014,1.6820000000000022,0.0,0.015000000000000568,0.0,0.6460000000000008,0.0848333660772695,0.0,0,1,2023,Canadian Grand Prix,2023_Canadian Grand Prix
ALO,3,0 days 00:01:17.438000,MEDIUM,3.0,True,0 days 01:06:06.650000,3,0 days 00:00:21.521000,0 days 00:00:24.793000,0 days 00:00:31.124000,1,77.438,3966.65,1.324999999999818,False,True,False,False,3.0,0.0,0.0,0.0,0.0,21.521,24.793,31.124,0,0,0,0.0,,,0.0,0,0,78.599,77.326,-1.2730000000000103,0.0,-1.1610000000000014,0.0,0.0,0.0,0.0,0.0,0,0,2023,Canadian Grand Prix,2023_Canadian Grand Prix
ALO,4,0 days 00:01:17.326000,MEDIUM,4.0,True,0 days 01:07:23.976000,3,0 days 00:00:21.561000,0 days 00:00:24.867000,0 days 00:00:30.898000,1,77.326,4043.976,1.5929999999998472,False,True,False,False,4.0,0.0,0.0,0.0,0.0,21.561,24.867,30.898,0,0,0,0.0,,,0.0,0,0,77.438,77.594,0.1559999999999917,0.0,-0.11200000000000898,-0.5805000000000007,0.0,-0.2259999999999991,0.0,0.0,0,0,2023,Canadian Grand Prix,2023_Canadian Grand Prix
ALO,5,0 days 00:01:17.594000,MEDIUM,5.0,True,0 days 01:08:41.570000,3,0 days 00:00:21.737000,0 days 00:00:24.756000,0 days 00:00:31.101000,1,77.594,4121.57,1.6390000000001237,False,True,False,False,5.0,0.0,0.0,0.0,0.0,21.737,24.756,31.101,0,0,0,0.0,77.78766666666667,0.7048633437293633,-0.27475775040591693,0,0,77.326,77.82,0.4939999999999998,0.0,0.2680000000000007,-0.4243333333333368,0.0,0.2029999999999994,0.4525439205204287,-0.6365000000000052,0,0,2023,Canadian Grand Prix,2023_Canadian Grand Prix
ALO,6,0 days 00:01:17.820000,MEDIUM,6.0,True,0 days 01:09:59.390000,3,0 days 00:00:21.870000,0 days 00:00:24.894000,0 days 00:00:31.056000,1,77.82,4199.39,1.4780000000000655,False,True,False,False,6.0,0.0,0.0,0.0,0.0,21.87,24.894,31.056,0,0,0,0.0,77.73925,0.5836079591643727,0.13836343170441856,0,0,77.594,78.208,0.6140000000000043,0.2680000000000007,0.2259999999999991,-0.33500000000000324,0.0,0.15800000000000125,0.37084082389438555,-0.33500000000000324,0,0,2023,Canadian Grand Prix,2023_Canadian Grand Prix
ALO,7,0 days 00:01:18.208000,MEDIUM,7.0,True,0 days 01:11:17.598000,3,0 days 00:00:21.899000,0 days 00:00:24.945000,0 days 00:00:31.364000,12,78.208,4277.598,0.8999999999996362,False,True,False,False,7.0,0.0,0.0,0.0,0.0,21.899,24.945,31.364,0,0,1,0.0,77.7554,0.5067078053474241,0.8932169491442485,0,0,77.82,77.68,-0.13999999999998636,0.4939999999999998,0.38800000000000523,0.12733333333333027,0.0,0.4660000000000011,0.3211591505780273,0.12733333333333027,0,1,2023,Canadian Grand Prix,2023_Canadian Grand Prix
ALO,9,0 days 00:01:17.680000,MEDIUM,9.0,True,0 days 01:14:08.657000,3,0 days 00:00:21.850000,0 days 00:00:24.756000,0 days 00:00:31.074000,1,77.68,4448.657,0.5929999999998472,False,True,False,False,9.0,0.0,0.0,0.0,0.0,21.85,24.756,31.074,0,0,0,0.0,77.6772,0.34986454521714455,0.008003097308044906,0,0,78.208,77.789,-0.41899999999999693,0.882000000000005,-0.5279999999999916,0.29400000000000165,0.0,0.018000000000000682,0.2560101560485443,0.29400000000000165,0,1,2023,Canadian Grand Prix,2023_Canadian Grand Prix
ALO,10,0 days 00:01:17.789000,MEDIUM,10.0,True,0 days 01:15:26.446000,3,0 days 00:00:21.719000,0 days 00:00:24.831000,0 days 00:00:31.239000,1,77.789,4526.446,0.7719999999999345,False,True,False,False,10.0,0.0,0.0,0.0,0.0,21.719,24.831,31.239,0,0,0,0.0,77.72560000000001,0.324306645013635,0.1954939899468347,0,0,77.68,77.393,-0.28700000000000614,0.3540000000000134,0.10899999999999466,0.02866666666667091,0.0,0.18299999999999983,0.25401614121941146,0.02866666666667091,0,1,2023,Canadian Grand Prix,2023_Canadian Grand Prix
ALO,11,0 days 00:01:17.393000,MEDIUM,11.0,True,0 days 01:16:43.839000,3,0 days 00:00:21.654000,0 days 00:00:24.701000,0 days 00:00:31.038000,1,77.393,4603.839,1.2960000000002765,False,True,False,False,11.0,0.0,0.0,0.0,0.0,21.654,24.701,31.038,0,0,0,0.0,77.8182,0.2356718056959676,-1.804203938372417,1,0,77.789,78.498,0.7090000000000032,0.1950000000000074,-0.3960000000000008,-0.010333333333330566,0.0,-0.036000000000001364,0.1626231840790237,-0.010333333333330566,0,0,2023,Canadian Grand Prix,2023_Canadian Grand Prix
ALO,17,0 days 00:01:18.498000,HARD,5.0,True,0 days 01:28:15.690000,3,0 days 00:00:22.402000,0 days 00:00:24.886000,0 days 00:00:31.210000,1,78.498,5295.69,0.6060000000006767,True,False,False,False,5.0,0.0,0.0,0.0,0.0,22.402,24.886,31.21,0,0,0,0.0,77.77799999999999,0.29351916462132,2.452991445818919,0,1,77.393,77.073,-0.3200000000000074,0.0,1.105000000000004,-0.2716666666666659,0.0,0.1720000000000006,0.19540010235411914,-0.2716666666666659,0,1,2023,Canadian Grand Prix,2023_Canadian Grand Prix
ALO,18,0 days 00:01:17.073000,HARD,6.0,True,0 days 01:29:32.763000,3,0 days 00:00:21.434000,0 days 00:00:24.705000,0 days 00:00:30.934000,1,77.073,5372.763,1.0119999999997162,True,False,False,False,6.0,0.0,0.0,0.0,0.0,21.434,24.705,30.934,0,0,0,0.0,77.9136,0.4385525054084113,-1.9167602274149194,1,0,78.498,76.575,-1.9230000000000018,1.105000000000004,-1.4250000000000114,0.27266666666666595,0.0,-0.1039999999999992,0.19550396415418342,0.27266666666666595,0,0,2023,Canadian Grand Prix,2023_Canadian Grand Prix
ALO,19,0 days 00:01:16.575000,HARD,7.0,True,0 days 01:30:49.338000,3,0 days 00:00:21.334000,0 days 00:00:24.398000,0 days 00:00:30.843000,1,76.575,5449.338,1.4400000000005093,True,False,False,False,7.0,0.0,0.0,0.0,0.0,21.334,24.398,30.843,0,0,0,0.0,77.68660000000001,0.53188466794974,-2.0899267585300083,1,1,77.073,76.767,-0.3059999999999974,0.0,-0.49799999999999045,-0.23866666666666939,0.0,-0.09100000000000108,0.1271330012231285,-0.23866666666666939,0,0,2023,Canadian Grand Prix,2023_Canadian Grand Prix
ALO,20,0 days 00:01:16.767000,HARD,8.0,True,0 days 01:32:06.105000,3,0 days 00:00:21.448000,0 days 00:00:24.517000,0 days 00:00:30.802000,1,76.767,5526.105,1.7290000000002692,True,False,False,False,8.0,0.0,0.0,0.0,0.0,21.448,24.517,30.802,0,0,0,0.0,77.46560000000001,0.7285278306283217,-0.9589201271796342,0,1,76.575,76.8,0.22499999999999432,0.0,0.19199999999999307,-0.27266666666666595,0.0,-0.04100000000000037,0.14176635708093818,-0.27266666666666595,0,0,2023,Canadian Grand Prix,2023_Canadian Grand Prix
ALO,21,0 days 00:01:16.800000,HARD,9.0,True,0 days 01:33:22.905000,3,0 days 00:00:21.328000,0 days 00:00:24.656000,0 days 00:00:30.816000,1,76.8,5602.905,1.9589999999998327,True,False,False,False,9.0,0.0,0.0,0.0,0.0,21.328,24.656,30.816,0,0,0,0.0,77.2612,0.7578866669892096,-0.6085342572817308,0,0,76.767,76.755,-0.012000000000000455,0.19199999999999307,0.03300000000000125,-0.577000000000003,0.0,0.013999999999999346,0.11142037515643206,-0.577000000000003,0,0,2023,Canadian Grand Prix,2023_Canadian Grand Prix
ALO,22,0 days 00:01:16.755000,HARD,10.0,True,0 days 01:34:39.660000,2,0 days 00:00:21.356000,0 days 00:00:24.454000,0 days 00:00:30.945000,1,76.755,5679.66,0.13500000000021828,True,False,False,False,10.0,0.0,0.0,0.0,0.0,21.356,24.454,30.945,0,0,0,0.0,77.1426,0.7782308783388219,-0.49805271261834333,0,0,76.8,77.008,0.2079999999999984,0.22499999999999432,-0.045000000000001705,-0.0909999999999987,0.0,0.14300000000000068,0.11186822605190468,-0.0909999999999987,0,1,2023,Canadian Grand Prix,2023_Canadian Grand Prix
ALO,23,0 days 00:01:17.008000,HARD,11.0,True,0 days 01:35:56.668000,2,0 days 00:00:21.535000,0 days 00:00:24.487000,0 days 00:00:30.986000,1,77.008,5756.668,0.8209999999999127,True,False,False,False,11.0,0.0,0.0,0.0,0.0,21.535,24.487,30.986,0,0,0,0.0,76.79400000000001,0.17894691950412053,1.195885353002999,0,0,76.755,76.929,0.1740000000000066,0.1799999999999926,0.2530000000000001,0.059999999999997534,0.0,0.18400000000000105,0.10021826180891405,0.059999999999997534,0,1,2023,Canadian Grand Prix,2023_Canadian Grand Prix
ALO,24,0 days 00:01:16.929000,HARD,12.0,True,0 days 01:37:13.597000,2,0 days 00:00:21.334000,0 days 00:00:24.622000,0 days 00:00:30.973000,1,76.929,5833.597,1.1329999999998108,True,False,False,False,12.0,0.0,0.0,0.0,0.0,21.334,24.622,30.973,0,0,0,0.0,76.78099999999999,0.15427086568764495,0.9593515881324518,0,0,77.008,76.922,-0.08599999999999852,0.4329999999999927,-0.07899999999999352,0.08033333333333322,0.0,0.15700000000000003,0.11803262260917612,0.08033333333333322,0,0,2023,Canadian Grand Prix,2023_Canadian Grand Prix
ALO,25,0 days 00:01:16.922000,HARD,13.0,True,0 days 01:38:30.519000,2,0 days 00:00:21.319000,0 days 00:00:24.660000,0 days 00:00:30.943000,1,76.922,5910.519,1.2529999999997017,True,False,False,False,13.0,0.0,0.0,0.0,0.0,21.319,24.66,30.943,0,0,0,0.0,76.8518,0.11135843030509376,0.6303968169061802,0,0,76.929,76.979,0.04999999999999716,0.1740000000000066,-0.007000000000005002,0.04300000000000163,0.0,-0.0019999999999988916,0.09881953248219759,0.04300000000000163,0,0,2023,Canadian Grand Prix,2023_Canadian Grand Prix
ALO,26,0 days 00:01:16.979000,HARD,14.0,True,0 days 01:39:47.498000,2,0 days 00:00:21.372000,0 days 00:00:24.619000,0 days 00:00:30.988000,1,76.979,5987.498,1.4239999999999782,True,False,False,False,14.0,0.0,0.0,0.0,0.0,21.372,24.619,30.988,0,0,0,0.0,76.8828,0.10311983320396258,0.9328952250118593,0,0,76.922,76.819,-0.10299999999999443,0.1670000000000016,0.05700000000000216,0.0556666666666672,0.0,0.04499999999999815,0.08653149715566014,0.0556666666666672,0,0,2023,Canadian Grand Prix,2023_Canadian Grand Prix
ALO,27,0 days 00:01:16.819000,HARD,15.0,True,0 days 01:41:04.317000,2,0 days 00:00:21.256000,0 days 00:00:24.583000,0 days 00:00:30.980000,1,76.819,6064.317,1.655999999999949,True,False,False,False,15.0,0.0,0.0,0.0,0.0,21.256,24.583,30.98,0,0,0,0.0,76.9186,0.09813918687258126,-1.0148851154565874,0,0,76.979,77.01,0.03100000000000591,0.22400000000000375,-0.1599999999999966,-0.009666666666665455,0.0,0.036999999999999034,0.07974521929244434,-0.009666666666665455,0,0,2023,Canadian Grand Prix,2023_Canadian Grand Prix
ALO,28,0 days 00:01:17.010000,HARD,16.0,True,0 days 01:42:21.327000,2,0 days 00:00:21.441000,0 days 00:00:24.605000,0 days 00:00:30.964000,1,77.01,6141.327,2.0469999999995707,True,False,False,False,16.0,0.0,0.0,0.0,0.0,21.441,24.605,30.964,0,0,0,0.0,76.9314,0.07221703400175297,1.0883858785740321,0,0,76.819,77.252,0.4329999999999927,0.0,0.1910000000000025,-0.03666666666666648,0.0,0.020999999999997243,0.08132465800727384,-0.03666666666666648,0,0,2023,Canadian Grand Prix,2023_Canadian Grand Prix
ALO,29,0 days 00:01:17.252000,HARD,17.0,True,0 days 01:43:38.579000,2,0 days 00:00:21.386000,0 days 00:00:24.899000,0 days 00:00:30.967000,12,77.252,6218.579,2.5850000000000364,True,False,False,False,17.0,0.0,0.0,0.0,0.0,21.386,24.899,30.967,0,0,1,0.0,76.9318,0.0727509450111184,4.401317398022311,0,0,77.01,77.295,0.2849999999999966,0.1910000000000025,0.24199999999999022,0.029333333333336025,0.0,0.0030000000000001137,0.061593830859916585,0.029333333333336025,0,0,2023,Canadian Grand Prix,2023_Canadian Grand Prix
ALO,30,0 days 00:01:17.295000,HARD,18.0,True,0 days 01:44:55.874000,2,0 days 00:00:21.453000,0 days 00:00:24.599000,0 days 00:00:31.243000,1,77.295,6295.874,2.4660000000003492,True,False,False,False,18.0,0.0,0.0,0.0,0.0,21.453,24.599,31.243,0,0,0,0.0,76.99640000000001,0.16033184337494885,1.862387369311867,0,0,77.252,77.113,-0.1389999999999958,0.4329999999999927,0.043000000000006366,0.0909999999999987,0.0,0.2789999999999999,0.020523157651783065,0.0909999999999987,0,0,2023,Canadian Grand Prix,2023_Canadian Grand Prix
ALO,31,0 days 00:01:17.113000,HARD,19.0,True,0 days 01:46:12.987000,2,0 days 00:00:21.491000,0 days 00:00:24.583000,0 days 00:00:31.039000,1,77.113,6372.987,2.604000000000269,True,False,False,False,19.0,0.0,0.0,0.0,0.0,21.491,24.583,31.039,0,0,0,0.0,77.071,0.19913939841228576,0.21090753680518518,0,0,77.295,77.667,0.3719999999999999,0.4759999999999991,-0.18200000000000216,0.15866666666666637,0.0,0.07500000000000284,0.1140613869808714,0.15866666666666637,0,0,2023,Canadian Grand Prix,2023_Canadian Grand Prix
ALO,32,0 days 00:01:17.667000,HARD,20.0,True,0 days 01:47:30.654000,2,0 days 00:00:21.467000,0 days 00:00:24.854000,0 days 00:00:31.346000,1,77.667,6450.654,2.5359999999991487,True,False,False,False,20.0,0.0,0.0,0.0,0.0,21.467,24.854,31.346,0,0,0,0.0,77.0978,0.19257128550229388,2.955788546123689,0,0,77.113,76.991,-0.12199999999999989,0.29399999999999693,0.554000000000002,0.034333333333331474,0.0,0.37900000000000134,0.11273863579093046,0.034333333333331474,0,0,2023,Canadian Grand Prix,2023_Canadian Grand Prix
ALO,33,0 days 00:01:16.991000,HARD,21.0,True,0 days 01:48:47.645000,2,0 days 00:00:21.380000,0 days 00:00:24.527000,0 days 00:00:31.084000,1,76.991,6527.645,2.8239999999996144,True,False,False,False,21.0,0.0,0.0,0.0,0.0,21.38,24.527,31.084,0,0,0,0.0,77.2674,0.25038630154223834,-1.1038942557860685,0,0,77.667,77.069,-0.597999999999999,0.6569999999999965,-0.6760000000000019,0.13833333333333542,0.0,0.04499999999999815,0.16803809091988695,0.13833333333333542,0,0,2023,Canadian Grand Prix,2023_Canadian Grand Prix
ALO,34,0 days 00:01:17.069000,HARD,22.0,True,0 days 01:50:04.714000,2,0 days 00:00:21.454000,0 days 00:00:24.556000,0 days 00:00:31.059000,1,77.069,6604.714,3.255000000000109,True,False,False,False,22.0,0.0,0.0,0.0,0.0,21.454,24.556,31.059,0,0,0,0.0,77.2636,0.25536405385253763,-0.7620493059386021,0,0,76.991,77.147,0.1560000000000059,0.0,0.07800000000000296,-0.10133333333333401,0.0,0.019999999999999574,0.16366795654617342,-0.10133333333333401,0,0,2023,Canadian Grand Prix,2023_Canadian Grand Prix
ALO,35,0 days 00:01:17.147000,HARD,23.0,True,0 days 01:51:21.861000,2,0 days 00:00:21.393000,0 days 00:00:24.663000,0 days 00:00:31.091000,12,77.147,6681.861,3.757999999999811,True,False,False,False,23.0,0.0,0.0,0.0,0.0,21.393,24.663,31.091,0,0,1,0.0,77.227,0.2701295985263405,-0.29615414392361544,0,0,77.069,77.649,0.5799999999999983,0.07800000000000296,0.07800000000000296,-0.014666666666665643,0.0,0.03200000000000003,0.15982115003966196,-0.014666666666665643,0,0,2023,Canadian Grand Prix,2023_Canadian Grand Prix
ALO,36,0 days 00:01:17.649000,HARD,24.0,True,0 days 01:52:39.510000,2,0 days 00:00:22.057000,0 days 00:00:24.820000,0 days 00:00:30.772000,21,77.649,6759.51,3.983999999999469,True,False,False,False,24.0,0.0,0.0,0.0,0.0,22.057,24.82,30.772,0,0,1,0.0,77.19739999999999,0.26892154989885436,1.679300153408558,0,0,77.147,77.169,0.02199999999999136,0.1560000000000059,0.5019999999999953,-0.173333333333332,0.0,-0.2870000000000026,0.15165322284739022,-0.173333333333332,0,0,2023,Canadian Grand Prix,2023_Canadian Grand Prix
ALO,37,0 days 00:01:17.169000,HARD,25.0,True,0 days 01:53:56.679000,2,0 days 00:00:21.428000,0 days 00:00:24.685000,0 days 00:00:31.056000,1,77.169,6836.679,3.850999999999658,True,False,False,False,25.0,0.0,0.0,0.0,0.0,21.428,24.685,31.056,0,0,0,0.0,77.30460000000001,0.3273511875646714,-0.41423402495896466,0,0,77.649,77.077,-0.5720000000000027,0.6580000000000013,-0.480000000000004,0.21933333333333374,0.0,0.2840000000000025,0.2357513520639927,0.21933333333333374,0,0,2023,Canadian Grand Prix,2023_Canadian Grand Prix
ALO,38,0 days 00:01:17.077000,HARD,26.0,True,0 days 01:55:13.756000,2,0 days 00:00:21.440000,0 days 00:00:24.678000,0 days 00:00:30.959000,1,77.077,6913.756,4.211999999999534,True,False,False,False,26.0,0.0,0.0,0.0,0.0,21.44,24.678,30.959,0,0,0,0.0,77.20500000000001,0.2579185918075754,-0.4962806252273233,0,0,77.169,77.026,-0.14300000000000068,0.17799999999999727,-0.09199999999999875,0.03333333333333144,0.0,0.18700000000000117,0.20292042775433103,0.03333333333333144,0,0,2023,Canadian Grand Prix,2023_Canadian Grand Prix
ALO,39,0 days 00:01:17.026000,HARD,27.0,True,0 days 01:56:30.782000,2,0 days 00:00:21.407000,0 days 00:00:24.609000,0 days 00:00:31.010000,1,77.026,6990.782,4.70299999999952,True,False,False,False,27.0,0.0,0.0,0.0,0.0,21.407,24.609,31.01,0,0,0,0.0,77.2222,0.24248546348183936,-0.8091206672052683,0,0,77.077,77.255,0.17799999999999727,0.007999999999995566,-0.05100000000000193,-0.023333333333335798,0.0,0.2380000000000031,0.21695552539633736,-0.023333333333335798,0,0,2023,Canadian Grand Prix,2023_Canadian Grand Prix
ALO,40,0 days 00:01:17.255000,HARD,28.0,True,0 days 01:57:48.037000,2,0 days 00:00:21.485000,0 days 00:00:24.642000,0 days 00:00:31.128000,1,77.255,7068.037,28.95299999999952,True,False,False,False,28.0,0.0,0.0,0.0,0.0,21.485,24.642,31.128,0,0,0,0.0,77.2136,0.24992558892599084,0.16564930457063143,0,0,77.026,76.258,-0.7680000000000007,0.0,0.2289999999999992,-0.20766666666666822,0.0,0.16900000000000048,0.23153768591743545,-0.20766666666666822,0,0,2023,Canadian Grand Prix,2023_Canadian Grand Prix
ALO,43,0 days 00:01:16.258000,HARD,2.0,True,0 days 02:01:57.196000,2,0 days 00:00:21.284000,0 days 00:00:24.228000,0 days 00:00:30.746000,1,76.258,7317.196,5.395999999999731,True,False,False,False,2.0,0.0,0.0,0.0,0.0,21.284,24.228,30.746,0,0,0,0.0,77.23519999999999,0.2473847206276146,-3.9501226976380823,1,0,77.255,76.368,-0.8870000000000005,0.2289999999999992,-0.9969999999999999,0.028666666666666174,0.0,-0.21300000000000097,0.2309452316026485,0.028666666666666174,0,0,2023,Canadian Grand Prix,2023_Canadian Grand Prix
ALO,44,0 days 00:01:16.368000,HARD,3.0,True,0 days 02:03:13.564000,2,0 days 00:00:21.251000,0 days 00:00:24.215000,0 days 00:00:30.902000,1,76.368,7393.564,5.030999999999949,True,False,False,False,3.0,0.0,0.0,0.0,0.0,21.251,24.215,30.902,0,0,0,0.0,76.957,0.40047159699535495,-1.4707659779598063,0,1,76.258,76.052,-0.20599999999998886,0.0,0.10999999999999943,-0.27300000000000085,0.0,0.15600000000000236,0.19859128883211502,-0.27300000000000085,0,0,2023,Canadian Grand Prix,2023_Canadian Grand Prix
ALO,45,0 days 00:01:16.052000,HARD,4.0,True,0 days 02:04:29.616000,2,0 days 00:00:21.146000,0 days 00:00:24.334000,0 days 00:00:30.572000,1,76.052,7469.616,4.984000000000378,True,False,False,False,4.0,0.0,0.0,0.0,0.0,21.146,24.334,30.572,0,0,0,0.0,76.79679999999999,0.4514329407564477,-1.6498574489312916,1,0,76.368,75.891,-0.47699999999998965,0.10999999999999943,-0.3159999999999883,-0.21933333333333374,0.0,-0.1739999999999995,0.181800165016428,-0.21933333333333374,0,0,2023,Canadian Grand Prix,2023_Canadian Grand Prix
ALO,46,0 days 00:01:15.891000,HARD,5.0,True,0 days 02:05:45.507000,2,0 days 00:00:21.027000,0 days 00:00:24.255000,0 days 00:00:30.609000,1,75.891,7545.507,4.972000000000662,True,False,False,False,5.0,0.0,0.0,0.0,0.0,21.027,24.255,30.609,0,0,0,0.0,76.59179999999999,0.5199174934545059,-1.3479061751579793,0,1,76.052,77.367,1.3149999999999977,0.0,-0.16100000000000136,-0.40099999999999625,0.0,0.037000000000002586,0.21153652166942835,-0.40099999999999625,0,0,2023,Canadian Grand Prix,2023_Canadian Grand Prix
ALO,47,0 days 00:01:17.367000,HARD,6.0,True,0 days 02:07:02.874000,2,0 days 00:00:20.936000,0 days 00:00:25.485000,0 days 00:00:30.946000,1,77.367,7622.874,3.0010000000002037,True,False,False,False,6.0,0.0,0.0,0.0,0.0,20.936,25.485,30.946,0,0,0,0.0,76.3648,0.5306135128321006,1.8887570251478372,0,0,75.891,76.045,0.15399999999999636,0.0,1.475999999999999,-0.12233333333333007,0.0,0.37400000000000233,0.18012912035537265,-0.12233333333333007,0,0,2023,Canadian Grand Prix,2023_Canadian Grand Prix
ALO,48,0 days 00:01:16.045000,HARD,7.0,True,0 days 02:08:18.919000,2,0 days 00:00:21.103000,0 days 00:00:24.236000,0 days 00:00:30.706000,1,76.045,7698.919,3.2669999999998254,True,False,False,False,7.0,0.0,0.0,0.0,0.0,21.103,24.236,30.706,0,0,0,0.0,76.38719999999999,0.5778500670589425,-0.5921951376447374,0,0,77.367,75.895,-1.4720000000000084,1.475999999999999,-1.3220000000000027,0.3330000000000031,0.0,0.13400000000000034,0.24225296695809648,0.3330000000000031,0,0,2023,Canadian Grand Prix,2023_Canadian Grand Prix
ALO,49,0 days 00:01:15.895000,HARD,8.0,True,0 days 02:09:34.814000,2,0 days 00:00:21.055000,0 days 00:00:24.182000,0 days 00:00:30.658000,1,75.895,7774.814,3.4859999999998763,True,False,False,False,8.0,0.0,0.0,0.0,0.0,21.055,24.182,30.658,0,0,0,0.0,76.3446,0.5972807547544342,-0.7527448296653257,0,0,76.045,76.264,0.2189999999999941,0.15399999999999636,-0.15000000000000568,-0.0023333333333350006,0.0,0.04899999999999949,0.1989140517912201,-0.0023333333333350006,0,0,2023,Canadian Grand Prix,2023_Canadian Grand Prix
ALO,50,0 days 00:01:16.264000,HARD,9.0,True,0 days 02:10:51.078000,2,0 days 00:00:21.314000,0 days 00:00:24.289000,0 days 00:00:30.661000,1,76.264,7851.078,3.467999999999847,True,False,False,False,9.0,0.0,0.0,0.0,0.0,21.314,24.289,30.661,0,0,0,0.0,76.25,0.6292503476360056,0.022248696488752984,0,0,75.895,76.185,0.29000000000000625,0.003999999999990678,0.3689999999999998,0.001333333333330226,0.0,0.0030000000000001137,0.1978623258733208,0.001333333333330226,0,0,2023,Canadian Grand Prix,2023_Canadian Grand Prix
ALO,51,0 days 00:01:16.185000,HARD,10.0,True,0 days 02:12:07.263000,2,0 days 00:00:21.096000,0 days 00:00:24.347000,0 days 00:00:30.742000,1,76.185,7927.263,3.3850000000002183,True,False,False,False,10.0,0.0,0.0,0.0,0.0,21.096,24.347,30.742,0,0,0,0.0,76.2924,0.6196424775626923,-0.17332575459069008,0,0,76.264,76.197,-0.06699999999999307,0.37299999999999045,-0.07899999999999352,-0.36766666666666953,0.0,0.08399999999999963,0.15027408292849492,-0.36766666666666953,0,0,2023,Canadian Grand Prix,2023_Canadian Grand Prix
ALO,52,0 days 00:01:16.197000,HARD,11.0,True,0 days 02:13:23.460000,2,0 days 00:00:21.061000,0 days 00:00:24.391000,0 days 00:00:30.745000,1,76.197,8003.46,2.8789999999999054,True,False,False,False,11.0,0.0,0.0,0.0,0.0,21.061,24.391,30.745,0,0,0,0.0,76.3512,0.5850112819425184,-0.26358466026156785,0,0,76.185,75.809,-0.3760000000000048,0.29000000000000625,0.012000000000000455,0.046666666666666856,0.0,0.08699999999999974,0.14521604594534404,0.046666666666666856,0,0,2023,Canadian Grand Prix,2023_Canadian Grand Prix
ALO,53,0 days 00:01:15.809000,HARD,12.0,True,0 days 02:14:39.269000,2,0 days 00:00:20.989000,0 days 00:00:24.189000,0 days 00:00:30.631000,1,75.809,8079.269,3.088999999999942,True,False,False,False,12.0,0.0,0.0,0.0,0.0,20.989,24.189,30.631,0,0,0,0.0,76.1172,0.14756422330648705,-2.088582131184169,1,0,76.197,76.219,0.02199999999999136,0.3020000000000067,-0.38800000000000523,0.1006666666666689,0.0,-0.030000000000001137,0.048737049561908996,0.1006666666666689,0,0,2023,Canadian Grand Prix,2023_Canadian Grand Prix
ALO,54,0 days 00:01:16.219000,HARD,13.0,True,0 days 02:15:55.488000,2,0 days 00:00:21.024000,0 days 00:00:24.573000,0 days 00:00:30.622000,1,76.219,8155.488,2.411000000000058,True,False,False,False,13.0,0.0,0.0,0.0,0.0,21.024,24.573,30.622,0,0,0,0.0,76.07,0.20355343278866908,0.7319945331243516,0,1,75.809,76.187,0.3780000000000001,0.0,0.4099999999999966,-0.1516666666666661,0.0,-0.009000000000000341,0.05119863279424545,-0.1516666666666661,0,0,2023,Canadian Grand Prix,2023_Canadian Grand Prix
ALO,55,0 days 00:01:16.187000,HARD,14.0,True,0 days 02:17:11.675000,2,0 days 00:00:21.159000,0 days 00:00:24.299000,0 days 00:00:30.729000,1,76.187,8231.675,2.3260000000009313,True,False,False,False,14.0,0.0,0.0,0.0,0.0,21.159,24.299,30.729,0,0,0,0.0,76.1348,0.1846055253778862,0.2827651008448751,0,0,76.219,76.164,-0.05499999999999261,0.4099999999999966,-0.031999999999996476,0.011333333333330605,0.0,0.10699999999999932,0.05470374758643126,0.011333333333330605,0,0,2023,Canadian Grand Prix,2023_Canadian Grand Prix
ALO,56,0 days 00:01:16.164000,HARD,15.0,True,0 days 02:18:27.839000,2,0 days 00:00:21.063000,0 days 00:00:24.297000,0 days 00:00:30.804000,1,76.164,8307.839,1.9549999999999272,True,False,False,False,15.0,0.0,0.0,0.0,0.0,21.063,24.297,30.804,0,0,0,0.0,76.1194,0.17404252353964142,0.25625921236337484,0,0,76.187,76.162,-0.024999999999991473,0.3780000000000001,-0.022999999999996135,-0.0033333333333350388,0.0,0.1819999999999986,0.06251159892371966,-0.0033333333333350388,0,0,2023,Canadian Grand Prix,2023_Canadian Grand Prix
ALO,57,0 days 00:01:16.162000,HARD,16.0,True,0 days 02:19:44.001000,2,0 days 00:00:21.109000,0 days 00:00:24.262000,0 days 00:00:30.791000,1,76.162,8384.001,1.602999999999156,True,False,False,False,16.0,0.0,0.0,0.0,0.0,21.109,24.262,30.791,0,0,0,0.0,76.11519999999999,0.1723084443666266,0.27160595739835514,0,0,76.164,75.97,-0.19400000000000261,0.355000000000004,-0.001999999999995339,0.11833333333333466,0.0,0.16900000000000048,0.08719116927762775,0.11833333333333466,0,0,2023,Canadian Grand Prix,2023_Canadian Grand Prix
ALO,58,0 days 00:01:15.970000,HARD,17.0,True,0 days 02:20:59.971000,2,0 days 00:00:20.997000,0 days 00:00:24.303000,0 days 00:00:30.670000,1,75.97,8459.971,1.4350000000013097,True,False,False,False,17.0,0.0,0.0,0.0,0.0,20.997,24.303,30.67,0,0,0,0.0,76.1082,0.16883038826007446,-0.8185730153454822,0,0,76.162,75.912,-0.25,0.35300000000000864,-0.19200000000000728,-0.018999999999995982,0.0,-0.0589999999999975,0.09874563281482372,-0.018999999999995982,0,0,2023,Canadian Grand Prix,2023_Canadian Grand Prix
ALO,59,0 days 00:01:15.912000,HARD,18.0,True,0 days 02:22:15.883000,2,0 days 00:00:21.006000,0 days 00:00:24.209000,0 days 00:00:30.697000,1,75.912,8535.883,1.4950000000008004,True,False,False,False,18.0,0.0,0.0,0.0,0.0,21.006,24.209,30.697,0,0,0,0.0,76.1404,0.09799132614698712,-2.3308185426268566,1,0,75.97,76.19,0.21999999999999886,0.0,-0.057999999999992724,-0.07233333333333292,0.0,0.02699999999999747,0.10755928597754705,-0.07233333333333292,0,0,2023,Canadian Grand Prix,2023_Canadian Grand Prix
ALO,60,0 days 00:01:16.190000,HARD,19.0,True,0 days 02:23:32.073000,2,0 days 00:00:21.008000,0 days 00:00:24.299000,0 days 00:00:30.883000,1,76.19,8612.073,1.4380000000001019,True,False,False,False,19.0,0.0,0.0,0.0,0.0,21.008,24.299,30.883,0,0,0,0.0,76.07900000000001,0.12801171821380314,0.8671081175131136,0,1,75.912,75.853,-0.05900000000001171,0.0,0.2779999999999916,-0.08399999999999845,0.0,0.2129999999999974,0.10130251724414258,-0.08399999999999845,0,0,2023,Canadian Grand Prix,2023_Canadian Grand Prix
ALO,61,0 days 00:01:15.853000,HARD,20.0,True,0 days 02:24:47.926000,2,0 days 00:00:20.940000,0 days 00:00:24.265000,0 days 00:00:30.648000,1,75.853,8687.926,1.8770000000004075,True,False,False,False,20.0,0.0,0.0,0.0,0.0,20.94,24.265,30.648,0,0,0,0.0,76.0796,0.12864991255360372,-1.7613692501002582,1,0,76.19,75.779,-0.41100000000000136,0.2779999999999916,-0.3370000000000033,0.009333333333330529,0.0,-0.022000000000002018,0.11689653544908714,0.009333333333330529,0,0,2023,Canadian Grand Prix,2023_Canadian Grand Prix
ALO,62,0 days 00:01:15.779000,HARD,21.0,True,0 days 02:26:03.705000,2,0 days 00:00:20.901000,0 days 00:00:24.158000,0 days 00:00:30.720000,1,75.779,8763.705,2.125,True,False,False,False,21.0,0.0,0.0,0.0,0.0,20.901,24.158,30.72,0,0,0,0.0,76.0174,0.15089996686565774,-1.5798545549863496,1,1,75.853,75.954,0.10099999999999909,0.0,-0.07399999999999807,-0.03900000000000148,0.0,0.07199999999999918,0.1194855639815948,-0.03900000000000148,0,0,2023,Canadian Grand Prix,2023_Canadian Grand Prix
ALO,63,0 days 00:01:15.954000,HARD,22.0,True,0 days 02:27:19.659000,2,0 days 00:00:21.067000,0 days 00:00:24.120000,0 days 00:00:30.767000,1,75.954,8839.659,2.5390000000006694,True,False,False,False,22.0,0.0,0.0,0.0,0.0,21.067,24.12,30.767,0,0,0,0.0,75.9408,0.15626163956666894,0.08447370728095993,0,1,75.779,75.938,0.15900000000000603,0.0,0.17499999999999716,-0.04433333333333659,0.0,0.11899999999999977,0.10556372483007456,-0.04433333333333659,0,0,2023,Canadian Grand Prix,2023_Canadian Grand Prix
ALO,64,0 days 00:01:15.938000,HARD,23.0,True,0 days 02:28:35.597000,2,0 days 00:00:21.045000,0 days 00:00:24.192000,0 days 00:00:30.701000,1,75.938,8915.597,2.9169999999994616,True,False,False,False,23.0,0.0,0.0,0.0,0.0,21.045,24.192,30.701,0,0,0,0.0,75.9376,0.15567690901371276,0.0025694240882174367,0,0,75.954,76.185,0.23100000000000875,0.17499999999999716,-0.015999999999991132,-0.07866666666666806,0.0,0.053000000000000824,0.09009827967281045,-0.07866666666666806,0,0,2023,Canadian Grand Prix,2023_Canadian Grand Prix
ALO,65,0 days 00:01:16.185000,HARD,24.0,True,0 days 02:29:51.782000,2,0 days 00:00:21.194000,0 days 00:00:24.275000,0 days 00:00:30.716000,1,76.185,8991.782,2.853000000000975,True,False,False,False,24.0,0.0,0.0,0.0,0.0,21.194,24.275,30.716,0,0,0,0.0,75.94279999999999,0.15504096232951883,1.5621678062423745,0,0,75.938,76.284,0.34600000000000364,0.15900000000000603,0.2469999999999999,0.028333333333335986,0.0,0.015000000000000568,0.08683605242063863,0.028333333333335986,0,0,2023,Canadian Grand Prix,2023_Canadian Grand Prix
ALO,66,0 days 00:01:16.284000,HARD,25.0,True,0 days 02:31:08.066000,2,0 days 00:00:21.134000,0 days 00:00:24.243000,0 days 00:00:30.907000,1,76.284,9068.066,3.105999999999767,True,False,False,False,25.0,0.0,0.0,0.0,0.0,21.134,24.243,30.907,0,0,0,0.0,75.94179999999999,0.15305129858993155,2.235851659886087,0,0,76.185,76.81,0.625,0.4060000000000059,0.09900000000000375,0.1353333333333353,0.0,0.20599999999999952,0.0539193842694815,0.1353333333333353,0,0,2023,Canadian Grand Prix,2023_Canadian Grand Prix
ALO,67,0 days 00:01:16.810000,HARD,26.0,True,0 days 02:32:24.876000,2,0 days 00:00:21.406000,0 days 00:00:24.435000,0 days 00:00:30.969000,1,76.81,9144.876,2.9470000000001164,True,False,False,False,26.0,0.0,0.0,0.0,0.0,21.406,24.435,30.969,0,0,0,0.0,76.028,0.2035693984862536,3.8414418169674085,0,0,76.284,76.607,0.3229999999999933,0.5050000000000097,0.5259999999999962,0.11000000000000416,0.0,0.2680000000000007,0.07343364351576125,0.11000000000000416,0,0,2023,Canadian Grand Prix,2023_Canadian Grand Prix
ALO,68,0 days 00:01:16.607000,HARD,27.0,True,0 days 02:33:41.483000,2,0 days 00:00:21.183000,0 days 00:00:24.502000,0 days 00:00:30.922000,1,76.607,9221.483,3.1939999999995052,True,False,False,False,27.0,0.0,0.0,0.0,0.0,21.183,24.502,30.922,0,0,0,0.0,76.2342,0.3545041607654732,1.0516096600813345,0,0,76.81,75.81,-1.0,0.8719999999999999,-0.20300000000000296,0.29066666666666663,0.0,0.20599999999999952,0.10496523233909373,0.29066666666666663,0,0,2023,Canadian Grand Prix,2023_Canadian Grand Prix
ALO,69,0 days 00:01:15.810000,HARD,28.0,True,0 days 02:34:57.293000,2,0 days 00:00:21.084000,0 days 00:00:24.105000,0 days 00:00:30.621000,1,75.81,9297.293,3.774999999999636,True,False,False,False,28.0,0.0,0.0,0.0,0.0,21.084,24.105,30.621,0,0,0,0.0,76.3648,0.3456438918887721,-1.6051202206070934,1,0,76.607,76.346,-0.2609999999999957,0.6689999999999969,-0.796999999999997,0.1406666666666657,0.0,-0.28600000000000136,0.10934943987053569,0.1406666666666657,0,0,2023,Canadian Grand Prix,2023_Canadian Grand Prix
BOT,2,0 days 00:01:20.588000,HARD,2.0,True,0 days 01:04:58.429000,16,0 days 00:00:23.399000,0 days 00:00:25.368000,0 days 00:00:31.821000,1,80.588,3898.429,0.5019999999999527,True,False,False,False,2.0,0.0,0.0,0.0,0.0,23.399,25.368,31.821,0,0,0,0.0,76.3714,0.37793226906420035,11.15702559731335,0,0,80.588,78.791,-1.796999999999997,4.777999999999992,0.0,-0.1546666666666662,0.0,1.2000000000000028,0.28003928295866043,0.0,0,1,2023,Canadian Grand Prix,2023_Canadian Grand Prix
BOT,3,0 days 00:01:18.791000,HARD,3.0,True,0 days 01:06:17.220000,16,0 days 00:00:22.279000,0 days 00:00:25.095000,0 days 00:00:31.417000,1,78.791,3977.22,0.568000000000211,True,False,False,False,3.0,0.0,0.0,0.0,0.0,22.279,25.095,31.417,0,0,0,0.0,,,0.0,0,0,80.588,78.629,-1.958999999999989,0.0,-1.796999999999997,0.0,0.0,0.0,0.0,0.0,0,1,2023,Canadian Grand Prix,2023_Canadian Grand Prix
BOT,4,0 days 00:01:18.629000,HARD,4.0,True,0 days 01:07:35.849000,16,0 days 00:00:22.297000,0 days 00:00:25.041000,0 days 00:00:31.291000,1,78.629,4055.849,1.0909999999998945,True,False,False,False,4.0,0.0,0.0,0.0,0.0,22.297,25.041,31.291,0,0,0,0.0,,,0.0,0,0,78.791,79.448,0.6569999999999965,0.0,-0.16199999999999193,-0.8984999999999985,0.0,-0.12600000000000122,0.0,0.0,0,0,2023,Canadian Grand Prix,2023_Canadian Grand Prix
BOT,5,0 days 00:01:19.448000,HARD,5.0,True,0 days 01:08:55.297000,16,0 days 00:00:22.347000,0 days 00:00:25.419000,0 days 00:00:31.682000,1,79.448,4135.297,0.9840000000003783,True,False,False,False,5.0,0.0,0.0,0.0,0.0,22.347,25.419,31.682,0,0,0,0.0,79.336,1.0872851511907953,0.10300885639552082,0,0,78.629,78.775,0.1460000000000008,0.0,0.8189999999999884,-0.6529999999999964,0.0,0.39099999999999824,0.7319098305119306,-0.9794999999999945,0,1,2023,Canadian Grand Prix,2023_Canadian Grand Prix
BOT,6,0 days 00:01:18.775000,HARD,6.0,True,0 days 01:10:14.072000,16,0 days 00:00:22.168000,0 days 00:00:25.221000,0 days 00:00:31.386000,1,78.775,4214.072,1.443000000000211,True,False,False,False,6.0,0.0,0.0,0.0,0.0,22.168,25.221,31.386,0,0,0,0.0,79.364,0.8895290889004098,-0.6621481043729444,0,0,79.448,78.676,-0.7719999999999914,0.8189999999999884,-0.6729999999999876,-0.38000000000000017,0.0,0.09499999999999886,0.5978296161951179,-0.38000000000000017,0,0,2023,Canadian Grand Prix,2023_Canadian Grand Prix
BOT,9,0 days 00:01:18.676000,HARD,9.0,True,0 days 01:14:24.042000,16,0 days 00:00:22.302000,0 days 00:00:25.226000,0 days 00:00:31.148000,1,78.676,4464.042,0.6899999999995998,True,False,False,False,9.0,0.0,0.0,0.0,0.0,22.302,25.226,31.148,0,0,0,0.0,79.2462,0.8141441518551823,-0.7003673719214105,0,0,78.775,79.076,0.3009999999999877,0.1460000000000008,-0.09900000000000375,-0.005333333333330377,0.0,-0.14300000000000068,0.5317569933719739,-0.005333333333330377,0,1,2023,Canadian Grand Prix,2023_Canadian Grand Prix
BOT,10,0 days 00:01:19.076000,HARD,10.0,True,0 days 01:15:43.118000,15,0 days 00:00:22.391000,0 days 00:00:25.291000,0 days 00:00:31.394000,1,79.076,4543.118,0.6219999999993888,True,False,False,False,10.0,0.0,0.0,0.0,0.0,22.391,25.291,31.394,0,0,0,0.0,78.8638,0.3334946776187032,0.6362920137592475,0,0,78.676,78.722,0.04599999999999227,0.046999999999997044,0.3999999999999915,0.01566666666666568,0.0,0.24599999999999866,0.21726320443185912,0.01566666666666568,0,1,2023,Canadian Grand Prix,2023_Canadian Grand Prix
BOT,11,0 days 00:01:18.722000,HARD,11.0,True,0 days 01:17:01.840000,13,0 days 00:00:22.223000,0 days 00:00:25.227000,0 days 00:00:31.272000,1,78.722,4621.84,3.4349999999994907,True,False,False,False,11.0,0.0,0.0,0.0,0.0,22.223,25.227,31.272,0,0,0,0.0,78.92080000000001,0.3421837225818903,-0.5809744499241739,0,0,79.076,80.209,1.1330000000000098,0.4469999999999885,-0.3539999999999992,-0.12399999999999996,0.0,0.12399999999999878,0.23231078321937582,-0.12399999999999996,0,0,2023,Canadian Grand Prix,2023_Canadian Grand Prix
BOT,17,0 days 00:01:20.209000,HARD,17.0,True,0 days 01:28:19.443000,8,0 days 00:00:23.066000,0 days 00:00:25.590000,0 days 00:00:31.553000,1,80.209,5299.443,0.45100000000002183,True,False,False,False,17.0,0.0,0.0,0.0,0.0,23.066,25.59,31.553,0,0,0,0.0,78.9394,0.32442379690768874,3.9133997323915417,0,0,78.722,78.647,-0.07499999999998863,0.04599999999999227,1.487000000000009,-0.017666666666670494,0.0,0.40500000000000114,0.19784665779335223,-0.017666666666670494,0,1,2023,Canadian Grand Prix,2023_Canadian Grand Prix
BOT,18,0 days 00:01:18.647000,HARD,18.0,True,0 days 01:29:38.090000,8,0 days 00:00:22.006000,0 days 00:00:25.168000,0 days 00:00:31.473000,1,78.647,5378.09,0.6589999999996508,True,False,False,False,18.0,0.0,0.0,0.0,0.0,22.006,25.168,31.473,0,0,0,0.0,79.0916,0.6438923046597105,-0.6904881403031521,0,0,80.209,79.098,-1.1110000000000042,1.5330000000000013,-1.5619999999999976,0.5110000000000005,0.0,0.2010000000000005,0.20229013816792998,0.5110000000000005,0,1,2023,Canadian Grand Prix,2023_Canadian Grand Prix
BOT,19,0 days 00:01:19.098000,HARD,19.0,True,0 days 01:30:57.188000,9,0 days 00:00:21.976000,0 days 00:00:25.032000,0 days 00:00:32.090000,1,79.098,5457.188,0.35099999999965803,True,False,False,False,19.0,0.0,0.0,0.0,0.0,21.976,25.032,32.09,0,0,0,0.0,79.066,0.6619188016667854,0.04834429830277808,0,0,78.647,78.637,-0.010000000000005116,0.0,0.4509999999999934,-0.14299999999999594,0.0,0.818000000000005,0.20123940965924197,-0.14299999999999594,0,1,2023,Canadian Grand Prix,2023_Canadian Grand Prix
BOT,20,0 days 00:01:18.637000,HARD,20.0,True,0 days 01:32:15.825000,8,0 days 00:00:22.082000,0 days 00:00:24.981000,0 days 00:00:31.574000,1,78.637,5535.825,0.1790000000000873,True,False,False,False,20.0,0.0,0.0,0.0,0.0,22.082,24.981,31.574,0,0,0,0.0,79.1504,0.6256702805791479,-0.8205599913180769,0,0,79.098,78.254,-0.8439999999999941,0.4509999999999934,-0.4609999999999985,0.12533333333333493,0.0,0.10100000000000264,0.27647549620174544,0.12533333333333493,0,1,2023,Canadian Grand Prix,2023_Canadian Grand Prix
BOT,21,0 days 00:01:18.254000,HARD,21.0,True,0 days 01:33:34.079000,8,0 days 00:00:21.858000,0 days 00:00:24.989000,0 days 00:00:31.407000,1,78.254,5614.079,0.4099999999998545,True,False,False,False,21.0,0.0,0.0,0.0,0.0,21.858,24.989,31.407,0,0,0,0.0,79.0626,0.668085548414268,-1.2103240399665103,0,0,78.637,77.856,-0.7810000000000059,0.0,-0.38299999999999557,-0.5240000000000009,0.0,-0.06599999999999895,0.29802969650691025,-0.5240000000000009,0,1,2023,Canadian Grand Prix,2023_Canadian Grand Prix
BOT,22,0 days 00:01:17.856000,HARD,22.0,True,0 days 01:34:51.935000,8,0 days 00:00:21.719000,0 days 00:00:24.882000,0 days 00:00:31.255000,1,77.856,5691.935,0.532999999999447,True,False,False,False,22.0,0.0,0.0,0.0,0.0,21.719,24.882,31.255,0,0,0,0.0,78.96900000000001,0.7548797917549498,-1.4744069349273525,0,0,78.254,77.955,-0.2990000000000066,0.0,-0.39800000000001035,-0.13100000000000023,0.0,-0.15200000000000102,0.3399892645363981,-0.13100000000000023,0,1,2023,Canadian Grand Prix,2023_Canadian Grand Prix
BOT,23,0 days 00:01:17.955000,HARD,23.0,True,0 days 01:36:09.890000,8,0 days 00:00:21.749000,0 days 00:00:24.899000,0 days 00:00:31.307000,1,77.955,5769.89,0.4739999999992506,True,False,False,False,23.0,0.0,0.0,0.0,0.0,21.749,24.899,31.307,0,0,0,0.0,78.4984,0.4672315271896984,-1.1630208330941294,0,0,77.856,77.801,-0.05499999999999261,0.0,0.09900000000000375,-0.4140000000000015,0.0,0.0519999999999996,0.3822516187016106,-0.4140000000000015,0,1,2023,Canadian Grand Prix,2023_Canadian Grand Prix
BOT,24,0 days 00:01:17.801000,HARD,24.0,True,0 days 01:37:27.691000,8,0 days 00:00:21.732000,0 days 00:00:24.775000,0 days 00:00:31.294000,1,77.801,5847.691,0.581000000000131,True,False,False,False,24.0,0.0,0.0,0.0,0.0,21.732,24.775,31.294,0,0,0,0.0,78.36,0.5125060975247253,-1.0907187303718453,0,0,77.955,77.974,0.019000000000005457,0.09900000000000375,-0.15399999999999636,-0.22733333333333405,0.0,0.03900000000000148,0.38603341824251647,-0.22733333333333405,0,1,2023,Canadian Grand Prix,2023_Canadian Grand Prix
BOT,25,0 days 00:01:17.974000,HARD,25.0,True,0 days 01:38:45.665000,8,0 days 00:00:21.895000,0 days 00:00:24.869000,0 days 00:00:31.210000,1,77.974,5925.665,0.4279999999998836,True,False,False,False,25.0,0.0,0.0,0.0,0.0,21.895,24.869,31.21,0,0,0,0.0,78.1006,0.34714737504413223,-0.3646866117996768,0,0,77.801,78.074,0.27299999999999613,0.0,0.17300000000000182,-0.151000000000001,0.0,-0.04499999999999815,0.10216506252139322,-0.151000000000001,0,1,2023,Canadian Grand Prix,2023_Canadian Grand Prix
BOT,26,0 days 00:01:18.074000,HARD,26.0,True,0 days 01:40:03.739000,8,0 days 00:00:21.707000,0 days 00:00:25.001000,0 days 00:00:31.366000,1,78.074,6003.739,0.46200000000044383,True,False,False,False,26.0,0.0,0.0,0.0,0.0,21.707,25.001,31.366,0,0,0,0.0,77.968,0.17495285079139733,0.6058775236899809,0,0,77.974,78.115,0.14099999999999113,0.17300000000000182,0.09999999999999432,0.039333333333336405,0.0,0.1559999999999988,0.08335646345665136,0.039333333333336405,0,1,2023,Canadian Grand Prix,2023_Canadian Grand Prix
BOT,27,0 days 00:01:18.115000,HARD,27.0,True,0 days 01:41:21.854000,8,0 days 00:00:21.758000,0 days 00:00:25.058000,0 days 00:00:31.299000,1,78.115,6081.854,0.4489999999996144,True,False,False,False,27.0,0.0,0.0,0.0,0.0,21.758,25.058,31.299,0,0,0,0.0,77.93199999999999,0.10652933868206203,1.7178366285195144,0,0,78.074,78.066,-0.007999999999995566,0.27299999999999613,0.04099999999999682,0.03966666666666659,0.0,0.08899999999999864,0.11531478656269517,0.03966666666666659,0,1,2023,Canadian Grand Prix,2023_Canadian Grand Prix
BOT,28,0 days 00:01:18.066000,HARD,28.0,True,0 days 01:42:39.920000,8,0 days 00:00:21.757000,0 days 00:00:24.955000,0 days 00:00:31.354000,1,78.066,6159.92,0.5199999999995271,True,False,False,False,28.0,0.0,0.0,0.0,0.0,21.757,24.955,31.354,0,0,0,0.0,77.9838,0.12215850359281041,0.6728962584053634,0,0,78.115,77.951,-0.16400000000000148,0.31399999999999295,-0.04899999999999238,0.10466666666666431,0.0,0.14399999999999835,0.0734350052767738,0.10466666666666431,0,1,2023,Canadian Grand Prix,2023_Canadian Grand Prix
BOT,29,0 days 00:01:17.951000,HARD,29.0,True,0 days 01:43:57.871000,8,0 days 00:00:21.708000,0 days 00:00:24.916000,0 days 00:00:31.327000,12,77.951,6237.871,0.5419999999994616,True,False,False,False,29.0,0.0,0.0,0.0,0.0,21.708,24.916,31.327,0,0,1,0.0,78.006,0.12565229802926012,-0.4377158306105886,0,0,78.066,78.248,0.18200000000000216,0.26500000000000057,-0.1150000000000091,0.03066666666666625,0.0,0.028000000000002245,0.0824639315094771,0.03066666666666625,0,1,2023,Canadian Grand Prix,2023_Canadian Grand Prix
BOT,30,0 days 00:01:18.248000,HARD,30.0,True,0 days 01:45:16.119000,8,0 days 00:00:21.799000,0 days 00:00:25.017000,0 days 00:00:31.432000,1,78.248,6316.119,0.8410000000003492,True,False,False,False,30.0,0.0,0.0,0.0,0.0,21.799,25.017,31.432,0,0,0,0.0,78.036,0.07009636224536434,3.024408017892875,0,0,77.951,77.864,-0.08699999999998909,0.0,0.29700000000001125,-0.041000000000001556,0.0,0.13299999999999912,0.08385284729810732,-0.041000000000001556,0,1,2023,Canadian Grand Prix,2023_Canadian Grand Prix
BOT,31,0 days 00:01:17.864000,HARD,31.0,True,0 days 01:46:33.983000,8,0 days 00:00:21.648000,0 days 00:00:24.928000,0 days 00:00:31.288000,1,77.864,6393.983,1.2229999999999563,True,False,False,False,31.0,0.0,0.0,0.0,0.0,21.648,24.928,31.288,0,0,0,0.0,78.0908,0.10693315669161527,-2.1209511344929823,1,0,78.248,78.405,0.15699999999999648,0.29700000000001125,-0.38400000000000034,0.04433333333333659,0.0,-0.03900000000000148,0.05235933536629203,0.04433333333333659,0,0,2023,Canadian Grand Prix,2023_Canadian Grand Prix
BOT,32,0 days 00:01:18.405000,HARD,32.0,True,0 days 01:47:52.388000,8,0 days 00:00:21.814000,0 days 00:00:25.274000,0 days 00:00:31.317000,1,78.405,6472.388,1.2960000000002765,True,False,False,False,32.0,0.0,0.0,0.0,0.0,21.814,25.274,31.317,0,0,0,0.0,78.0488,0.14838699403934638,2.4004799228263294,0,1,77.864,78.009,0.14499999999999602,0.0,0.5409999999999968,-0.06733333333333273,0.0,0.028999999999999915,0.07656043364558429,-0.06733333333333273,0,0,2023,Canadian Grand Prix,2023_Canadian Grand Prix
BOT,33,0 days 00:01:18.009000,HARD,33.0,True,0 days 01:49:10.397000,8,0 days 00:00:21.687000,0 days 00:00:25.025000,0 days 00:00:31.297000,1,78.009,6550.397,1.7600000000002183,True,False,False,False,33.0,0.0,0.0,0.0,0.0,21.687,25.025,31.297,0,0,0,0.0,78.10679999999999,0.22008566513980976,-0.4443724217016348,0,0,78.405,78.247,-0.15800000000000125,0.5409999999999968,-0.3960000000000008,0.1513333333333359,0.0,0.009000000000000341,0.07772708665581078,0.1513333333333359,0,0,2023,Canadian Grand Prix,2023_Canadian Grand Prix
BOT,34,0 days 00:01:18.247000,HARD,34.0,True,0 days 01:50:28.644000,8,0 days 00:00:21.848000,0 days 00:00:24.971000,0 days 00:00:31.428000,1,78.247,6628.644,2.0,True,False,False,False,34.0,0.0,0.0,0.0,0.0,21.848,24.971,31.428,0,0,0,0.0,78.0954,0.22416578686327765,0.6762851821471992,0,0,78.009,78.167,0.15800000000000125,0.14499999999999602,0.23799999999999955,-0.0796666666666681,0.0,0.14000000000000057,0.06284106937345976,-0.0796666666666681,0,0,2023,Canadian Grand Prix,2023_Canadian Grand Prix
BOT,35,0 days 00:01:18.167000,HARD,35.0,True,0 days 01:51:46.811000,8,0 days 00:00:21.784000,0 days 00:00:25.052000,0 days 00:00:31.331000,12,78.167,6706.811,4.760000000000218,True,False,False,False,35.0,0.0,0.0,0.0,0.0,21.784,25.052,31.331,0,0,1,0.0,78.1546,0.21541193096026914,0.05756412815540191,0,0,78.247,77.246,-1.0010000000000048,0.38299999999999557,-0.0799999999999983,0.12766666666666518,0.0,0.03399999999999892,0.0789544172291838,0.12766666666666518,0,0,2023,Canadian Grand Prix,2023_Canadian Grand Prix
BOT,38,0 days 00:01:17.246000,MEDIUM,2.0,True,0 days 01:55:58.450000,10,0 days 00:00:21.641000,0 days 00:00:24.660000,0 days 00:00:30.945000,1,77.246,6958.45,0.831000000000131,False,True,False,False,2.0,0.0,0.0,0.0,0.0,21.641,24.66,30.945,0,0,0,0.0,78.1384,0.20959914121969012,-4.257651032380163,1,0,78.167,77.146,-1.0210000000000008,0.30299999999999727,-0.9210000000000065,-0.07933333333333319,0.0,-0.3520000000000003,0.06559954268133325,-0.07933333333333319,0,1,2023,Canadian Grand Prix,2023_Canadian Grand Prix
BOT,39,0 days 00:01:17.146000,MEDIUM,3.0,True,0 days 01:57:15.596000,10,0 days 00:00:21.571000,0 days 00:00:24.705000,0 days 00:00:30.870000,1,77.146,7035.596,1.5280000000002474,False,True,False,False,3.0,0.0,0.0,0.0,0.0,21.571,24.705,30.87,0,0,0,0.0,78.0148,0.4528865200025642,-1.918361359033327,1,1,77.246,76.993,-0.2530000000000001,0.0,-0.09999999999999432,-0.2543333333333351,0.0,-0.07499999999999929,0.188190063499644,-0.2543333333333351,0,0,2023,Canadian Grand Prix,2023_Canadian Grand Prix
BOT,40,0 days 00:01:16.993000,MEDIUM,4.0,True,0 days 01:58:32.589000,10,0 days 00:00:21.474000,0 days 00:00:24.714000,0 days 00:00:30.805000,1,76.993,7112.589,1.8159999999998035,False,True,False,False,4.0,0.0,0.0,0.0,0.0,21.474,24.714,30.805,0,0,0,0.0,77.763,0.5258245905242821,-1.464366661194504,0,1,77.146,77.131,-0.015000000000000568,0.0,-0.1530000000000058,-0.3669999999999997,0.0,-0.06500000000000128,0.18605026202615257,-0.3669999999999997,0,0,2023,Canadian Grand Prix,2023_Canadian Grand Prix
BOT,41,0 days 00:01:17.131000,MEDIUM,5.0,True,0 days 01:59:49.720000,10,0 days 00:00:21.499000,0 days 00:00:24.739000,0 days 00:00:30.893000,1,77.131,7189.72,1.8149999999995998,False,True,False,False,5.0,0.0,0.0,0.0,0.0,21.499,24.739,30.893,0,0,0,0.0,77.5598,0.5983098695492352,-0.7166854866075534,0,0,76.993,77.289,0.2960000000000065,0.0,0.13800000000000523,-0.39133333333333553,0.0,0.08800000000000097,0.18322472540571597,-0.39133333333333553,0,0,2023,Canadian Grand Prix,2023_Canadian Grand Prix
BOT,42,0 days 00:01:17.289000,MEDIUM,6.0,True,0 days 02:01:07.009000,10,0 days 00:00:21.590000,0 days 00:00:24.710000,0 days 00:00:30.989000,1,77.289,7267.009,1.5760000000000218,False,True,False,False,6.0,0.0,0.0,0.0,0.0,21.59,24.71,30.989,0,0,0,0.0,77.3366,0.4728723929349355,-0.10066140614504479,0,0,77.131,77.022,-0.10899999999999466,0.13800000000000523,0.15800000000000125,-0.03833333333333163,0.0,0.18400000000000105,0.16976012488214076,-0.03833333333333163,0,0,2023,Canadian Grand Prix,2023_Canadian Grand Prix
BOT,43,0 days 00:01:17.022000,MEDIUM,7.0,True,0 days 02:02:24.031000,10,0 days 00:00:21.492000,0 days 00:00:24.645000,0 days 00:00:30.885000,1,77.022,7344.031,1.574999999999818,False,True,False,False,7.0,0.0,0.0,0.0,0.0,21.492,24.645,30.885,0,0,0,0.0,77.161,0.11506302620737718,-1.208033584563274,0,0,77.289,76.993,-0.2960000000000065,0.2960000000000065,-0.2669999999999959,0.04766666666666689,0.0,0.08000000000000185,0.20351535568600274,0.04766666666666689,0,0,2023,Canadian Grand Prix,2023_Canadian Grand Prix
BOT,44,0 days 00:01:16.993000,MEDIUM,8.0,True,0 days 02:03:41.024000,10,0 days 00:00:21.411000,0 days 00:00:24.682000,0 days 00:00:30.900000,1,76.993,7421.024,1.595999999999549,False,True,False,False,8.0,0.0,0.0,0.0,0.0,21.411,24.682,30.9,0,0,0,0.0,77.11619999999999,0.11728043315061774,-1.050473610050341,0,0,77.022,76.931,-0.09100000000000819,0.029000000000010573,-0.029000000000010573,0.00966666666667019,0.0,0.014999999999997016,0.11052284831653646,0.00966666666667019,0,0,2023,Canadian Grand Prix,2023_Canadian Grand Prix
BOT,45,0 days 00:01:16.931000,MEDIUM,9.0,True,0 days 02:04:57.955000,10,0 days 00:00:21.411000,0 days 00:00:24.614000,0 days 00:00:30.906000,1,76.931,7497.955,1.6329999999998108,False,True,False,False,9.0,0.0,0.0,0.0,0.0,21.411,24.614,30.906,0,0,0,0.0,77.0856,0.12710940169788726,-1.2162750979463681,0,0,76.993,76.818,-0.17499999999999716,0.0,-0.06199999999999761,-0.04600000000000174,0.0,0.020999999999997243,0.09247864618386352,-0.04600000000000174,0,0,2023,Canadian Grand Prix,2023_Canadian Grand Prix
BOT,46,0 days 00:01:16.818000,MEDIUM,10.0,True,0 days 02:06:14.773000,10,0 days 00:00:21.431000,0 days 00:00:24.594000,0 days 00:00:30.793000,1,76.818,7574.773,1.5140000000001237,False,True,False,False,10.0,0.0,0.0,0.0,0.0,21.431,24.594,30.793,0,0,0,0.0,77.0732,0.14069896943472565,-1.813801487141644,1,0,76.931,77.045,0.11400000000000432,0.0,-0.11299999999999955,-0.11933333333333469,0.0,-0.0920000000000023,0.06811240709298273,-0.11933333333333469,0,0,2023,Canadian Grand Prix,2023_Canadian Grand Prix
BOT,47,0 days 00:01:17.045000,MEDIUM,11.0,True,0 days 02:07:31.818000,10,0 days 00:00:21.495000,0 days 00:00:24.622000,0 days 00:00:30.928000,1,77.045,7651.818,1.3890000000001237,False,True,False,False,11.0,0.0,0.0,0.0,0.0,21.495,24.622,30.928,0,0,0,0.0,77.0106,0.1741961538036624,0.19747852779101857,0,1,76.818,77.235,0.4170000000000016,0.0,0.22700000000000387,-0.06800000000000257,0.0,0.13500000000000156,0.10091233819509042,-0.06800000000000257,0,0,2023,Canadian Grand Prix,2023_Canadian Grand Prix
BOT,48,0 days 00:01:17.235000,MEDIUM,12.0,True,0 days 02:08:49.053000,10,0 days 00:00:21.568000,0 days 00:00:24.786000,0 days 00:00:30.881000,1,77.235,7729.053,1.2420000000001892,False,True,False,False,12.0,0.0,0.0,0.0,0.0,21.568,24.786,30.881,0,0,0,0.0,76.9618,0.0910313132937516,3.001165094898782,0,0,77.045,77.272,0.22700000000000387,0.22700000000000387,0.18999999999999773,0.01733333333333557,0.0,0.08800000000000097,0.08470360086796948,0.01733333333333557,0,0,2023,Canadian Grand Prix,2023_Canadian Grand Prix
BOT,49,0 days 00:01:17.272000,MEDIUM,13.0,True,0 days 02:10:06.325000,10,0 days 00:00:21.589000,0 days 00:00:24.722000,0 days 00:00:30.961000,1,77.272,7806.325,0.954000000000633,False,True,False,False,13.0,0.0,0.0,0.0,0.0,21.589,24.722,30.961,0,0,0,0.0,77.0044,0.15418106239090823,1.7356217154706899,0,0,77.235,77.201,-0.034000000000006025,0.4170000000000016,0.03700000000000614,0.10133333333333401,0.0,0.16799999999999926,0.08590867243765479,0.10133333333333401,0,1,2023,Canadian Grand Prix,2023_Canadian Grand Prix
BOT,50,0 days 00:01:17.201000,MEDIUM,14.0,True,0 days 02:11:23.526000,10,0 days 00:00:21.596000,0 days 00:00:24.662000,0 days 00:00:30.943000,1,77.201,7883.526,0.2830000000003565,False,True,False,False,14.0,0.0,0.0,0.0,0.0,21.596,24.662,30.943,0,0,0,0.0,77.06020000000001,0.1942928202481877,0.724679377344608,0,0,77.272,77.201,-0.07100000000001216,0.45400000000000773,-0.07100000000001216,0.1513333333333359,0.0,0.062000000000001165,0.10322063747139057,0.1513333333333359,0,1,2023,Canadian Grand Prix,2023_Canadian Grand Prix
BOT,51,0 days 00:01:17.201000,MEDIUM,15.0,True,0 days 02:12:40.727000,10,0 days 00:00:21.507000,0 days 00:00:24.739000,0 days 00:00:30.955000,1,77.201,7960.727,0.2820000000001528,False,True,False,False,15.0,0.0,0.0,0.0,0.0,21.507,24.739,30.955,0,0,0,0.0,77.1142,0.18678249382637155,0.46471164519670577,0,0,77.201,76.625,-0.5759999999999934,0.38299999999999557,0.0,0.051999999999997236,0.0,0.07399999999999807,0.10054451750344309,0.051999999999997236,0,1,2023,Canadian Grand Prix,2023_Canadian Grand Prix
BOT,52,0 days 00:01:16.625000,MEDIUM,16.0,True,0 days 02:13:57.352000,10,0 days 00:00:21.455000,0 days 00:00:24.517000,0 days 00:00:30.653000,1,76.625,8037.352,0.6350000000002183,False,True,False,False,16.0,0.0,0.0,0.0,0.0,21.455,24.517,30.653,0,0,0,0.0,77.1908,0.08662101361681643,-6.531902322257663,1,0,77.201,77.114,-0.08699999999998909,0.1559999999999917,-0.5759999999999934,-0.011333333333335341,0.0,-0.2900000000000027,0.04462958659902603,-0.011333333333335341,0,1,2023,Canadian Grand Prix,2023_Canadian Grand Prix
BOT,53,0 days 00:01:17.114000,MEDIUM,17.0,True,0 days 02:15:14.466000,10,0 days 00:00:21.770000,0 days 00:00:24.622000,0 days 00:00:30.722000,1,77.114,8114.466,0.5399999999999636,False,True,False,False,17.0,0.0,0.0,0.0,0.0,21.77,24.622,30.722,0,0,0,0.0,77.10679999999999,0.2709265583142361,0.026575467701696005,0,1,76.625,77.298,0.6730000000000018,0.0,0.4890000000000043,-0.21566666666666853,0.0,0.06900000000000261,0.1784006726444728,-0.21566666666666853,0,1,2023,Canadian Grand Prix,2023_Canadian Grand Prix
BOT,54,0 days 00:01:17.298000,MEDIUM,18.0,True,0 days 02:16:31.764000,10,0 days 00:00:21.921000,0 days 00:00:24.691000,0 days 00:00:30.686000,1,77.298,8191.764,0.4710000000004584,False,True,False,False,18.0,0.0,0.0,0.0,0.0,21.921,24.691,30.686,0,0,0,0.0,77.0826,0.26186504157675405,0.8225611127893434,0,0,77.114,77.004,-0.10999999999999943,0.4890000000000043,0.1839999999999975,-0.028999999999996362,0.0,0.03300000000000125,0.17679592755490825,-0.028999999999996362,0,1,2023,Canadian Grand Prix,2023_Canadian Grand Prix
BOT,55,0 days 00:01:17.004000,MEDIUM,19.0,True,0 days 02:17:48.768000,9,0 days 00:00:21.644000,0 days 00:00:24.617000,0 days 00:00:30.743000,1,77.004,8268.768,0.558999999999287,False,True,False,False,19.0,0.0,0.0,0.0,0.0,21.644,24.617,30.743,0,0,0,0.0,77.08779999999999,0.2667783724367385,-0.3141184168512533,0,0,77.298,77.129,-0.16899999999999693,0.6730000000000018,-0.29399999999999693,0.032333333333336135,0.0,0.08999999999999986,0.1571060151617386,0.032333333333336135,0,1,2023,Canadian Grand Prix,2023_Canadian Grand Prix
BOT,56,0 days 00:01:17.129000,MEDIUM,20.0,True,0 days 02:19:05.897000,9,0 days 00:00:21.689000,0 days 00:00:24.710000,0 days 00:00:30.730000,1,77.129,8345.897,0.4359999999996944,False,True,False,False,20.0,0.0,0.0,0.0,0.0,21.689,24.71,30.73,0,0,0,0.0,77.0484,0.2603503408870285,0.3095828479632298,0,0,77.004,77.047,0.042999999999992156,0.3790000000000049,0.125,0.12633333333333496,0.0,0.04400000000000048,0.16078774828947756,0.12633333333333496,0,1,2023,Canadian Grand Prix,2023_Canadian Grand Prix
BOT,57,0 days 00:01:17.047000,MEDIUM,21.0,True,0 days 02:20:22.944000,9,0 days 00:00:21.700000,0 days 00:00:24.663000,0 days 00:00:30.684000,1,77.047,8422.944,0.397000000000844,False,True,False,False,21.0,0.0,0.0,0.0,0.0,21.7,24.663,30.684,0,0,0,0.0,77.03400000000002,0.25164558410588433,0.05165995678472477,0,0,77.129,77.323,0.1939999999999884,0.5040000000000049,-0.08200000000000784,0.005000000000000189,0.0,-0.0019999999999988916,0.1576410479538895,0.005000000000000189,0,1,2023,Canadian Grand Prix,2023_Canadian Grand Prix
BOT,58,0 days 00:01:17.323000,MEDIUM,22.0,True,0 days 02:21:40.267000,9,0 days 00:00:21.854000,0 days 00:00:24.792000,0 days 00:00:30.677000,1,77.323,8500.267,0.5,False,True,False,False,22.0,0.0,0.0,0.0,0.0,21.854,24.792,30.677,0,0,0,0.0,77.11840000000001,0.1124424297140376,1.8195978201495786,0,0,77.047,77.052,0.005000000000009663,0.042999999999992156,0.27599999999999625,-0.08366666666666826,0.0,-0.0070000000000014495,0.03513829819441975,-0.08366666666666826,0,1,2023,Canadian Grand Prix,2023_Canadian Grand Prix
BOT,59,0 days 00:01:17.052000,MEDIUM,23.0,True,0 days 02:22:57.319000,9,0 days 00:00:21.805000,0 days 00:00:24.586000,0 days 00:00:30.661000,1,77.052,8577.319,0.3330000000005384,False,True,False,False,23.0,0.0,0.0,0.0,0.0,21.805,24.586,30.661,0,0,0,0.0,77.1602,0.1446364407747857,-0.748082567715251,0,0,77.323,77.238,-0.08499999999999375,0.3189999999999884,-0.2709999999999866,0.10633333333332946,0.0,-0.015999999999998238,0.039323021247101325,0.10633333333332946,0,1,2023,Canadian Grand Prix,2023_Canadian Grand Prix
BOT,60,0 days 00:01:17.238000,MEDIUM,24.0,True,0 days 02:24:14.557000,9,0 days 00:00:21.877000,0 days 00:00:24.630000,0 days 00:00:30.731000,1,77.238,8654.557,0.25,False,True,False,False,24.0,0.0,0.0,0.0,0.0,21.877,24.63,30.731,0,0,0,0.0,77.111,0.1267813077704857,1.0017249564100217,0,0,77.052,77.377,0.32499999999998863,0.04800000000000182,0.18599999999999284,-0.02566666666666606,0.0,0.07000000000000028,0.04463406770618099,-0.02566666666666606,0,1,2023,Canadian Grand Prix,2023_Canadian Grand Prix
BOT,61,0 days 00:01:17.377000,MEDIUM,25.0,True,0 days 02:25:31.934000,9,0 days 00:00:21.872000,0 days 00:00:24.693000,0 days 00:00:30.812000,1,77.377,8731.934,0.20200000000113505,False,True,False,False,25.0,0.0,0.0,0.0,0.0,21.872,24.693,30.812,0,0,0,0.0,77.1578,0.12043961142413932,1.8199992295563583,0,0,77.238,77.146,-0.09199999999999875,0.1910000000000025,0.1389999999999958,0.0636666666666675,0.0,0.1509999999999998,0.037285385877042554,0.0636666666666675,0,1,2023,Canadian Grand Prix,2023_Canadian Grand Prix
BOT,62,0 days 00:01:17.146000,MEDIUM,26.0,True,0 days 02:26:49.080000,9,0 days 00:00:21.737000,0 days 00:00:24.571000,0 days 00:00:30.838000,1,77.146,8809.08,0.27299999999922875,False,True,False,False,26.0,0.0,0.0,0.0,0.0,21.737,24.571,30.838,0,0,0,0.0,77.20739999999999,0.15243129599921312,-0.40280442147725926,0,0,77.377,78.018,0.6410000000000053,0.3299999999999983,-0.23099999999999454,0.018000000000000682,0.0,0.1769999999999996,0.07128604351484187,0.018000000000000682,0,1,2023,Canadian Grand Prix,2023_Canadian Grand Prix
BOT,63,0 days 00:01:18.018000,MEDIUM,27.0,True,0 days 02:28:07.098000,10,0 days 00:00:21.677000,0 days 00:00:24.680000,0 days 00:00:31.661000,1,78.018,8887.098,0.14400000000023283,False,True,False,False,27.0,0.0,0.0,0.0,0.0,21.677,24.68,31.661,0,0,0,0.0,77.2272,0.13136095310251278,6.02005376272561,0,0,77.146,77.359,0.21299999999999386,0.09399999999999409,0.8719999999999999,0.03133333333333136,0.0,0.9299999999999997,0.08833176099229498,0.03133333333333136,0,1,2023,Canadian Grand Prix,2023_Canadian Grand Prix
BOT,64,0 days 00:01:17.359000,MEDIUM,28.0,True,0 days 02:29:24.457000,10,0 days 00:00:22.022000,0 days 00:00:24.667000,0 days 00:00:30.670000,1,77.359,8964.457,0.6430000000000291,False,True,False,False,28.0,0.0,0.0,0.0,0.0,22.022,24.667,30.67,0,0,0,0.0,77.3662,0.38360291969692384,-0.018769408756586635,0,0,78.018,77.495,-0.5229999999999961,0.965999999999994,-0.659000000000006,0.2600000000000004,0.0,-0.14199999999999946,0.38076147389146353,0.2600000000000004,0,1,2023,Canadian Grand Prix,2023_Canadian Grand Prix
BOT,65,0 days 00:01:17.495000,MEDIUM,29.0,True,0 days 02:30:41.952000,10,0 days 00:00:21.735000,0 days 00:00:24.661000,0 days 00:00:31.099000,1,77.495,9041.952,0.7229999999999563,False,True,False,False,29.0,0.0,0.0,0.0,0.0,21.735,24.661,31.099,0,0,0,0.0,77.4276,0.34317823357551014,0.19639940242648343,0,0,77.359,77.296,-0.06299999999998818,0.21299999999999386,0.1360000000000099,-0.006000000000000227,0.0,0.4289999999999985,0.40705491030080915,-0.006000000000000227,0,1,2023,Canadian Grand Prix,2023_Canadian Grand Prix
BOT,66,0 days 00:01:17.296000,MEDIUM,30.0,True,0 days 02:31:59.248000,10,0 days 00:00:21.602000,0 days 00:00:24.612000,0 days 00:00:31.082000,1,77.296,9119.248,0.5370000000002619,False,True,False,False,30.0,0.0,0.0,0.0,0.0,21.602,24.612,31.082,0,0,0,0.0,77.479,0.3265233529167698,-0.5604499597510842,0,0,77.495,77.363,-0.132000000000005,0.34900000000000375,-0.19899999999999807,0.11633333333333458,0.0,0.41199999999999903,0.4018177447550067,0.11633333333333458,0,1,2023,Canadian Grand Prix,2023_Canadian Grand Prix
BOT,67,0 days 00:01:17.363000,MEDIUM,31.0,True,0 days 02:33:16.611000,10,0 days 00:00:21.628000,0 days 00:00:24.578000,0 days 00:00:31.157000,1,77.363,9196.611,0.6179999999985739,False,True,False,False,31.0,0.0,0.0,0.0,0.0,21.628,24.578,31.157,0,0,0,0.0,77.46279999999999,0.33475468630029365,-0.2981287614013012,0,0,77.296,77.137,-0.15900000000000603,0.15000000000000568,0.06699999999999307,-0.24066666666666472,0.0,0.4869999999999983,0.3930174296389407,-0.24066666666666472,0,1,2023,Canadian Grand Prix,2023_Canadian Grand Prix
BOT,68,0 days 00:01:17.137000,MEDIUM,32.0,True,0 days 02:34:33.748000,10,0 days 00:00:21.592000,0 days 00:00:24.496000,0 days 00:00:31.049000,1,77.137,9273.748,0.5240000000012515,False,True,False,False,32.0,0.0,0.0,0.0,0.0,21.592,24.496,31.049,0,0,0,0.0,77.5062,0.2951367479661075,-1.2509455448848548,0,0,77.363,77.054,-0.3089999999999975,0.06699999999999307,-0.2259999999999991,0.0013333333333349628,0.0,-0.03300000000000125,0.3809615466159278,0.0013333333333349628,0,1,2023,Canadian Grand Prix,2023_Canadian Grand Prix
BOT,69,0 days 00:01:17.054000,MEDIUM,33.0,True,0 days 02:35:50.802000,10,0 days 00:00:21.498000,0 days 00:00:24.515000,0 days 00:00:31.041000,1,77.054,9350.802,0.45499999999992724,False,True,False,False,33.0,0.0,0.0,0.0,0.0,21.498,24.515,31.041,0,0,0,0.0,77.33,0.12996153277030523,-2.1237053312367458,1,0,77.137,77.699,0.5619999999999976,0.0,-0.08299999999999841,-0.11933333333333469,0.0,-0.007999999999999119,0.29424700508246404,-0.11933333333333469,0,1,2023,Canadian Grand Prix,2023_Canadian Grand Prix
DEV,2,0 days 00:01:20.694000,MEDIUM,2.0,True,0 days 01:04:58.931000,17,0 days 00:00:23.452000,0 days 00:00:25.520000,0 days 00:00:31.722000,1,80.694,3898.931,0.637000000000171,False,True,False,False,2.0,0.0,0.0,0.0,0.0,23.452,25.52,31.722,0,0,0,0.0,77.30980000000001,0.24989537810853008,13.542467354199035,0,0,80.694,78.857,-1.8370000000000033,3.6400000000000006,0.0,0.1119999999999995,0.0,0.6810000000000009,0.2545276016466579,0.0,0,1,2023,Canadian Grand Prix,2023_Canadian Grand Prix
DEV,3,0 days 00:01:18.857000,MEDIUM,3.0,True,0 days 01:06:17.788000,17,0 days 00:00:22.494000,0 days 00:00:25.176000,0 days 00:00:31.187000,1,78.857,3977.788,0.8849999999997635,False,True,False,False,3.0,0.0,0.0,0.0,0.0,22.494,25.176,31.187,0,0,0,0.0,,,0.0,0,0,80.694,79.152,-1.5420000000000016,0.0,-1.8370000000000033,0.0,0.0,0.0,0.0,0.0,0,1,2023,Canadian Grand Prix,2023_Canadian Grand Prix
DEV,4,0 days 00:01:19.152000,MEDIUM,4.0,True,0 days 01:07:36.940000,17,0 days 00:00:22.257000,0 days 00:00:25.166000,0 days 00:00:31.729000,1,79.152,4056.94,0.17000000000007276,False,True,False,False,4.0,0.0,0.0,0.0,0.0,22.257,25.166,31.729,0,0,0,0.0,,,0.0,0,0,78.857,79.341,0.48399999999999466,0.0,0.2950000000000017,-0.9185000000000016,0.0,0.541999999999998,0.0,0.0,0,1,2023,Canadian Grand Prix,2023_Canadian Grand Prix
DEV,5,0 days 00:01:19.341000,MEDIUM,5.0,True,0 days 01:08:56.281000,17,0 days 00:00:22.356000,0 days 00:00:25.340000,0 days 00:00:31.645000,1,79.341,4136.281,0.3460000000004584,False,True,False,False,5.0,0.0,0.0,0.0,0.0,22.356,25.34,31.645,0,0,0,0.0,79.56766666666667,0.9865223430482091,-0.22976333811792543,0,0,79.152,79.234,0.08199999999999363,0.2950000000000017,0.18899999999999295,-0.5140000000000006,0.0,0.4579999999999984,0.35982542063246914,-0.7710000000000008,0,1,2023,Canadian Grand Prix,2023_Canadian Grand Prix
DEV,6,0 days 00:01:19.234000,MEDIUM,6.0,True,0 days 01:10:15.515000,17,0 days 00:00:22.341000,0 days 00:00:25.368000,0 days 00:00:31.525000,1,79.234,4215.515,0.2779999999993379,False,True,False,False,6.0,0.0,0.0,0.0,0.0,22.341,25.368,31.525,0,0,0,0.0,79.511,0.8134260876072252,-0.34053493515904365,0,0,79.341,78.747,-0.5939999999999941,0.48399999999999466,-0.10699999999999932,-0.4510000000000029,0.0,0.3379999999999974,0.2948721474356866,-0.4510000000000029,0,1,2023,Canadian Grand Prix,2023_Canadian Grand Prix
DEV,9,0 days 00:01:18.747000,MEDIUM,9.0,True,0 days 01:14:24.732000,17,0 days 00:00:22.176000,0 days 00:00:25.350000,0 days 00:00:31.221000,1,78.747,4464.732,3.0709999999999127,False,True,False,False,9.0,0.0,0.0,0.0,0.0,22.176,25.35,31.221,0,0,0,0.0,79.4556,0.7152568070280755,-0.9906931231375053,0,0,79.234,79.008,-0.2259999999999991,0.37699999999999534,-0.48699999999999477,0.12566666666666512,0.0,-0.3039999999999985,0.2580023255709143,0.12566666666666512,0,0,2023,Canadian Grand Prix,2023_Canadian Grand Prix
DEV,10,0 days 00:01:19.008000,MEDIUM,10.0,True,0 days 01:15:43.740000,16,0 days 00:00:22.164000,0 days 00:00:25.528000,0 days 00:00:31.316000,1,79.008,4543.74,3.0039999999999054,False,True,False,False,10.0,0.0,0.0,0.0,0.0,22.164,25.528,31.316,0,0,0,0.0,79.0662,0.25332133743525453,-0.2297477211720252,0,0,78.747,79.948,1.2009999999999934,0.0,0.2609999999999957,-0.13500000000000037,0.0,0.09499999999999886,0.35226296995284495,-0.13500000000000037,0,0,2023,Canadian Grand Prix,2023_Canadian Grand Prix
DEV,17,0 days 00:01:19.948000,HARD,6.0,True,0 days 01:28:23.826000,17,0 days 00:00:22.599000,0 days 00:00:25.702000,0 days 00:00:31.647000,1,79.948,5303.826,0.49099999999998545,True,False,False,False,6.0,0.0,0.0,0.0,0.0,22.599,25.702,31.647,0,0,0,0.0,79.09639999999999,0.23008107266784616,3.701304023514386,0,0,79.008,79.434,0.42600000000000193,0.2609999999999957,0.9399999999999977,-0.11099999999999947,0.0,0.4259999999999984,0.34069223648330915,-0.11099999999999947,0,1,2023,Canadian Grand Prix,2023_Canadian Grand Prix
DEV,18,0 days 00:01:19.434000,HARD,7.0,True,0 days 01:29:43.260000,17,0 days 00:00:22.283000,0 days 00:00:25.409000,0 days 00:00:31.742000,1,79.434,5383.26,0.4070000000001528,True,False,False,False,7.0,0.0,0.0,0.0,0.0,22.283,25.409,31.742,0,0,0,0.0,79.25559999999999,0.4492096392554174,0.39714196760273346,0,0,79.948,78.433,-1.5149999999999864,1.2009999999999934,-0.5139999999999958,0.23799999999999955,0.0,0.5210000000000008,0.316895566393724,0.23799999999999955,0,1,2023,Canadian Grand Prix,2023_Canadian Grand Prix
DEV,19,0 days 00:01:18.433000,HARD,8.0,True,0 days 01:31:01.693000,17,0 days 00:00:22.158000,0 days 00:00:25.197000,0 days 00:00:31.078000,1,78.433,5461.693,0.3930000000000291,True,False,False,False,8.0,0.0,0.0,0.0,0.0,22.158,25.197,31.078,0,0,0,0.0,79.2742,0.4555109219327039,-1.8467175198145156,1,0,79.434,78.4,-1.0339999999999918,0.6869999999999976,-1.0009999999999906,0.2289999999999992,0.0,-0.23799999999999955,0.3305475760007922,0.2289999999999992,0,1,2023,Canadian Grand Prix,2023_Canadian Grand Prix
DEV,20,0 days 00:01:18.400000,HARD,9.0,True,0 days 01:32:20.093000,17,0 days 00:00:22.006000,0 days 00:00:25.222000,0 days 00:00:31.172000,1,78.4,5540.093,0.48400000000037835,True,False,False,False,9.0,0.0,0.0,0.0,0.0,22.006,25.222,31.172,0,0,0,0.0,79.11399999999999,0.5932204480629315,-1.2035997786850396,0,1,78.433,78.822,0.3889999999999958,0.0,-0.03300000000000125,-0.19166666666666288,0.0,0.0940000000000012,0.37450033377822184,-0.19166666666666288,0,1,2023,Canadian Grand Prix,2023_Canadian Grand Prix
DEV,21,0 days 00:01:18.822000,HARD,10.0,True,0 days 01:33:38.915000,17,0 days 00:00:22.204000,0 days 00:00:25.253000,0 days 00:00:31.365000,1,78.822,5618.915,0.4679999999998472,True,False,False,False,10.0,0.0,0.0,0.0,0.0,22.204,25.253,31.365,0,0,0,0.0,79.0446,0.6630737515540681,-0.3357092623230596,0,0,78.4,78.566,0.16599999999999682,0.0,0.42199999999999704,-0.5159999999999959,0.0,0.28699999999999903,0.3025480127186425,-0.5159999999999959,0,1,2023,Canadian Grand Prix,2023_Canadian Grand Prix
DEV,22,0 days 00:01:18.566000,HARD,11.0,True,0 days 01:34:57.481000,17,0 days 00:00:22.063000,0 days 00:00:25.203000,0 days 00:00:31.300000,1,78.566,5697.481,0.3400000000001455,True,False,False,False,11.0,0.0,0.0,0.0,0.0,22.063,25.203,31.3,0,0,0,0.0,79.0074,0.670812790575722,-0.6580077276421221,0,0,78.822,78.364,-0.4579999999999984,0.42199999999999704,-0.2560000000000002,-0.20399999999999827,0.0,0.2220000000000013,0.3013079819719348,-0.20399999999999827,0,1,2023,Canadian Grand Prix,2023_Canadian Grand Prix
DEV,23,0 days 00:01:18.364000,HARD,12.0,True,0 days 01:36:15.845000,17,0 days 00:00:21.997000,0 days 00:00:25.130000,0 days 00:00:31.237000,1,78.364,5775.845,0.40899999999965075,True,False,False,False,12.0,0.0,0.0,0.0,0.0,21.997,25.13,31.237,0,0,0,0.0,78.731,0.42663801987165295,-0.8602140055647084,0,0,78.566,78.68,0.11400000000000432,0.16599999999999682,-0.20199999999999818,0.04433333333333186,0.0,0.06499999999999773,0.2790944284646328,0.04433333333333186,0,1,2023,Canadian Grand Prix,2023_Canadian Grand Prix
DEV,24,0 days 00:01:18.680000,HARD,13.0,True,0 days 01:37:34.525000,17,0 days 00:00:22.170000,0 days 00:00:25.282000,0 days 00:00:31.228000,1,78.68,5854.525,0.3960000000006403,True,False,False,False,13.0,0.0,0.0,0.0,0.0,22.17,25.282,31.228,0,0,0,0.0,78.51700000000001,0.18680203425021377,0.8725815040197303,0,0,78.364,78.297,-0.06700000000000728,0.0,0.3160000000000025,-0.012000000000000455,0.0,-0.008999999999996788,0.20271778412364316,-0.012000000000000455,0,1,2023,Canadian Grand Prix,2023_Canadian Grand Prix
DEV,25,0 days 00:01:18.297000,HARD,14.0,True,0 days 01:38:52.822000,17,0 days 00:00:21.905000,0 days 00:00:25.205000,0 days 00:00:31.187000,1,78.297,5932.822,0.38699999999971624,True,False,False,False,14.0,0.0,0.0,0.0,0.0,21.905,25.205,31.187,0,0,0,0.0,78.56640000000002,0.1916319388828918,-1.4058199357083778,0,0,78.68,78.624,-0.056000000000011596,0.3160000000000025,-0.3830000000000098,-0.04733333333333197,0.0,-0.04100000000000037,0.12035239922826572,-0.04733333333333197,0,1,2023,Canadian Grand Prix,2023_Canadian Grand Prix
DEV,26,0 days 00:01:18.624000,HARD,15.0,True,0 days 01:40:11.446000,17,0 days 00:00:22.140000,0 days 00:00:25.391000,0 days 00:00:31.093000,1,78.624,6011.446,0.4859999999998763,True,False,False,False,15.0,0.0,0.0,0.0,0.0,22.14,25.391,31.093,0,0,0,0.0,78.54580000000001,0.21774801950883035,0.3591307061087181,0,0,78.297,78.572,0.2750000000000057,0.0,0.3269999999999982,-0.08966666666666849,0.0,-0.0940000000000012,0.14380959634182944,-0.08966666666666849,0,1,2023,Canadian Grand Prix,2023_Canadian Grand Prix
DEV,27,0 days 00:01:18.572000,HARD,16.0,True,0 days 01:41:30.018000,16,0 days 00:00:22.164000,0 days 00:00:25.194000,0 days 00:00:31.214000,1,78.572,6090.018,0.41299999999955617,True,False,False,False,16.0,0.0,0.0,0.0,0.0,22.164,25.194,31.214,0,0,0,0.0,78.5062,0.1670664538440275,0.39385525032707314,0,0,78.624,78.202,-0.42199999999999704,0.3269999999999982,-0.0519999999999925,0.08666666666666363,0.0,0.12099999999999866,0.12249204055774464,0.08666666666666363,0,1,2023,Canadian Grand Prix,2023_Canadian Grand Prix
DEV,28,0 days 00:01:18.202000,HARD,17.0,True,0 days 01:42:48.220000,16,0 days 00:00:21.953000,0 days 00:00:25.133000,0 days 00:00:31.116000,12,78.202,6168.22,0.5489999999999782,True,False,False,False,17.0,0.0,0.0,0.0,0.0,21.953,25.133,31.116,0,0,1,0.0,78.5074,0.16762398396416492,-1.8219349807679972,1,0,78.572,78.635,0.06300000000000239,0.2750000000000057,-0.37000000000000455,-0.036000000000001364,0.0,0.022999999999999687,0.08531002285780931,-0.036000000000001364,0,1,2023,Canadian Grand Prix,2023_Canadian Grand Prix
DEV,29,0 days 00:01:18.635000,HARD,18.0,True,0 days 01:44:06.855000,16,0 days 00:00:22.055000,0 days 00:00:25.398000,0 days 00:00:31.182000,1,78.635,6246.855,0.5940000000000509,True,False,False,False,18.0,0.0,0.0,0.0,0.0,22.055,25.398,31.182,0,0,0,0.0,78.475,0.21204244858051088,0.7545658950418129,0,1,78.202,78.585,0.38299999999999557,0.0,0.43300000000000693,-0.03166666666666629,0.0,0.08899999999999864,0.08026207074328452,-0.03166666666666629,0,1,2023,Canadian Grand Prix,2023_Canadian Grand Prix
DEV,30,0 days 00:01:18.585000,HARD,19.0,True,0 days 01:45:25.440000,16,0 days 00:00:22.176000,0 days 00:00:25.183000,0 days 00:00:31.226000,1,78.585,6325.44,0.4900000000006912,True,False,False,False,19.0,0.0,0.0,0.0,0.0,22.176,25.183,31.226,0,0,0,0.0,78.466,0.20187743806581782,0.5894665651602056,0,0,78.635,78.401,-0.23400000000000887,0.43300000000000693,-0.05000000000001137,0.0036666666666699634,0.0,0.10999999999999943,0.08900449426854808,0.0036666666666699634,0,1,2023,Canadian Grand Prix,2023_Canadian Grand Prix
DEV,31,0 days 00:01:18.401000,HARD,20.0,True,0 days 01:46:43.841000,15,0 days 00:00:22.224000,0 days 00:00:25.184000,0 days 00:00:30.993000,1,78.401,6403.841,0.5109999999995125,True,False,False,False,20.0,0.0,0.0,0.0,0.0,22.224,25.184,30.993,0,0,0,0.0,78.52360000000002,0.18167911272355655,-0.6748161533933089,0,0,78.585,78.282,-0.30299999999999727,0.38299999999999557,-0.1839999999999975,0.00433333333333034,0.0,-0.12300000000000111,0.08891962662989562,0.00433333333333034,0,1,2023,Canadian Grand Prix,2023_Canadian Grand Prix
DEV,32,0 days 00:01:18.282000,HARD,21.0,True,0 days 01:48:02.123000,14,0 days 00:00:21.925000,0 days 00:00:25.288000,0 days 00:00:31.069000,1,78.282,6482.123,0.35500000000047294,True,False,False,False,21.0,0.0,0.0,0.0,0.0,21.925,25.288,31.069,0,0,0,0.0,78.479,0.1782091467911159,-1.105442697792118,0,0,78.401,78.256,-0.14499999999999602,0.19899999999999807,-0.11899999999999977,0.06633333333333269,0.0,0.07600000000000051,0.10079682534683342,0.06633333333333269,0,1,2023,Canadian Grand Prix,2023_Canadian Grand Prix
DEV,33,0 days 00:01:18.256000,HARD,22.0,True,0 days 01:49:20.379000,14,0 days 00:00:21.893000,0 days 00:00:25.210000,0 days 00:00:31.153000,1,78.256,6560.379,1.011000000000422,True,False,False,False,22.0,0.0,0.0,0.0,0.0,21.893,25.21,31.153,0,0,0,0.0,78.421,0.1873325919321438,-0.8807864040005012,0,0,78.282,78.404,0.12199999999999989,0.0799999999999983,-0.02599999999999625,-0.11766666666666954,0.0,0.16000000000000014,0.0939813811347763,-0.11766666666666954,0,0,2023,Canadian Grand Prix,2023_Canadian Grand Prix
DEV,34,0 days 00:01:18.404000,HARD,23.0,True,0 days 01:50:38.783000,13,0 days 00:00:22.011000,0 days 00:00:25.216000,0 days 00:00:31.177000,1,78.404,6638.783,0.4749999999994543,True,False,False,False,23.0,0.0,0.0,0.0,0.0,22.011,25.216,31.177,0,0,0,0.0,78.4318,0.17252159285149088,-0.1611392495310996,0,0,78.256,139.671,61.41499999999999,0.0,0.14799999999999613,-0.10966666666666451,0.0,0.18400000000000105,0.10846335786799212,-0.10966666666666451,0,1,2023,Canadian Grand Prix,2023_Canadian Grand Prix
DEV,35,0 days 00:02:19.671000,HARD,24.0,True,0 days 01:52:58.454000,19,0 days 00:01:20.397000,0 days 00:00:27.262000,0 days 00:00:32.012000,12,139.671,6778.454,0.0,True,False,False,False,24.0,0.0,0.0,0.0,0.0,80.397,27.262,32.012,0,0,1,0.0,78.3856,0.13025475039326811,470.504145261234,0,0,78.404,78.82,0.4159999999999968,0.14799999999999613,61.266999999999996,0.001000000000000038,0.0,0.9430000000000014,0.12178998316774746,0.001000000000000038,0,0,2023,Canadian Grand Prix,2023_Canadian Grand Prix
DEV,36,0 days 00:01:18.820000,HARD,25.0,True,0 days 01:54:17.274000,18,0 days 00:00:22.282000,0 days 00:00:25.155000,0 days 00:00:31.383000,1,78.82,6857.274,0.0,True,False,False,False,25.0,0.0,0.0,0.0,0.0,22.282,25.155,31.383,0,0,0,0.0,90.60279999999999,27.430040461144063,-0.42955824351374483,0,0,139.671,78.669,-61.001999999999995,61.41499999999999,-60.851,20.462999999999997,0.0,0.23000000000000043,0.4068445649139247,20.462999999999997,0,0,2023,Canadian Grand Prix,2023_Canadian Grand Prix
DEV,37,0 days 00:01:18.669000,HARD,26.0,True,0 days 01:55:35.943000,18,0 days 00:00:22.052000,0 days 00:00:25.147000,0 days 00:00:31.470000,1,78.669,6935.943,3.2669999999998254,True,False,False,False,26.0,0.0,0.0,0.0,0.0,22.052,25.147,31.47,0,0,0,0.0,90.6866,27.384045625144587,-0.43885407454058567,0,0,78.82,78.352,-0.4679999999999893,0.563999999999993,-0.15099999999999625,0.18799999999999764,0.0,0.29299999999999926,0.3535007779340808,0.18799999999999764,0,0,2023,Canadian Grand Prix,2023_Canadian Grand Prix
DEV,38,0 days 00:01:18.352000,HARD,27.0,True,0 days 01:56:54.295000,18,0 days 00:00:21.925000,0 days 00:00:25.063000,0 days 00:00:31.364000,1,78.352,7014.295,2.3299999999999272,True,False,False,False,27.0,0.0,0.0,0.0,0.0,21.925,25.063,31.364,0,0,0,0.0,90.76399999999998,27.340731857432065,-0.45397468014836656,0,0,78.669,78.438,-0.23099999999999454,0.4129999999999967,-0.31699999999999307,0.08833333333333353,0.0,-0.01899999999999835,0.328722527369209,0.08833333333333353,0,0,2023,Canadian Grand Prix,2023_Canadian Grand Prix
DEV,39,0 days 00:01:18.438000,HARD,28.0,True,0 days 01:58:12.733000,18,0 days 00:00:21.821000,0 days 00:00:25.139000,0 days 00:00:31.478000,1,78.438,7092.733,1.4939999999996871,True,False,False,False,28.0,0.0,0.0,0.0,0.0,21.821,25.139,31.478,0,0,0,0.0,90.7832,27.329783711182213,-0.45171231980693827,0,0,78.352,78.292,-0.060000000000002274,0.0,0.08599999999999852,-20.439666666666664,0.0,0.11400000000000077,0.36406826282992605,-20.439666666666664,0,0,2023,Canadian Grand Prix,2023_Canadian Grand Prix
DEV,40,0 days 00:01:18.292000,HARD,29.0,True,0 days 01:59:31.025000,18,0 days 00:00:22.032000,0 days 00:00:25,0 days 00:00:31.260000,1,78.292,7171.025,0.25500000000010914,True,False,False,False,29.0,0.0,0.0,0.0,0.0,22.032,25.0,31.26,0,0,0,0.0,90.78999999999999,27.32593754109821,-0.45736765595701884,0,0,78.438,79.22,0.7819999999999965,0.08599999999999852,-0.1460000000000008,-0.12733333333333027,0.0,-0.1039999999999992,0.3721595088130896,-0.12733333333333027,0,1,2023,Canadian Grand Prix,2023_Canadian Grand Prix
DEV,41,0 days 00:01:19.220000,HARD,30.0,True,0 days 02:00:50.245000,18,0 days 00:00:21.910000,0 days 00:00:25.084000,0 days 00:00:32.226000,1,79.22,7250.245,0.8249999999998181,True,False,False,False,30.0,0.0,0.0,0.0,0.0,21.91,25.084,32.226,0,0,0,0.0,78.5142,0.22302735258144804,3.1646342559809706,0,0,78.292,78.606,0.31399999999999295,0.0,0.9279999999999973,-0.12566666666666512,0.0,0.9659999999999975,0.16589364062555206,-0.12566666666666512,0,1,2023,Canadian Grand Prix,2023_Canadian Grand Prix
DEV,42,0 days 00:01:18.606000,HARD,31.0,True,0 days 02:02:08.851000,18,0 days 00:00:22.412000,0 days 00:00:24.969000,0 days 00:00:31.225000,1,78.606,7328.851,0.26299999999991996,True,False,False,False,31.0,0.0,0.0,0.0,0.0,22.412,24.969,31.225,0,0,0,0.0,78.5942,0.3780227506374432,0.031215052480561008,0,0,79.22,78.964,-0.2560000000000002,0.9279999999999973,-0.6140000000000043,0.28933333333333167,0.0,-0.03500000000000014,0.427398525968444,0.28933333333333167,0,1,2023,Canadian Grand Prix,2023_Canadian Grand Prix
DEV,43,0 days 00:01:18.964000,HARD,32.0,True,0 days 02:03:27.815000,18,0 days 00:00:21.869000,0 days 00:00:25.183000,0 days 00:00:31.912000,1,78.964,7407.815,0.4220000000004802,True,False,False,False,32.0,0.0,0.0,0.0,0.0,21.869,25.183,31.912,0,0,0,0.0,78.58160000000001,0.3759505286596859,1.0171551064532272,0,0,78.606,78.632,0.02600000000001046,0.31399999999999295,0.3580000000000041,0.055999999999997385,0.0,0.6869999999999976,0.443998085581457,0.055999999999997385,0,1,2023,Canadian Grand Prix,2023_Canadian Grand Prix
DEV,44,0 days 00:01:18.632000,HARD,33.0,True,0 days 02:04:46.447000,19,0 days 00:00:21.966000,0 days 00:00:25.004000,0 days 00:00:31.662000,1,78.632,7486.447,0.0,True,False,False,False,33.0,0.0,0.0,0.0,0.0,21.966,25.004,31.662,0,0,0,0.0,78.704,0.38208637766807724,-0.1884390656359273,0,0,78.964,78.202,-0.7620000000000005,0.671999999999997,-0.33199999999999363,0.223999999999999,0.0,0.4369999999999976,0.4743641006652997,0.223999999999999,0,0,2023,Canadian Grand Prix,2023_Canadian Grand Prix
DEV,45,0 days 00:01:18.202000,HARD,34.0,True,0 days 02:06:04.649000,19,0 days 00:00:22.048000,0 days 00:00:25.097000,0 days 00:00:31.057000,1,78.202,7564.649,0.0,True,False,False,False,34.0,0.0,0.0,0.0,0.0,22.048,25.097,31.057,0,0,0,0.0,78.7428,0.3573726346539667,-1.5132663991568491,1,0,78.632,78.385,-0.2469999999999999,0.3400000000000034,-0.4300000000000068,-0.19599999999999795,0.0,-0.1680000000000028,0.4601235703590925,-0.19599999999999795,0,0,2023,Canadian Grand Prix,2023_Canadian Grand Prix
DEV,46,0 days 00:01:18.385000,HARD,35.0,True,0 days 02:07:23.034000,19,0 days 00:00:22.006000,0 days 00:00:25.080000,0 days 00:00:31.299000,1,78.385,7643.034,0.0,True,False,False,False,35.0,0.0,0.0,0.0,0.0,22.006,25.08,31.299,0,0,0,0.0,78.7248,0.3868089967923659,-0.8784697429941037,0,1,78.202,78.838,0.6359999999999957,0.0,0.18300000000000693,-0.13466666666666546,0.0,0.24200000000000088,0.4778569869741361,-0.13466666666666546,0,0,2023,Canadian Grand Prix,2023_Canadian Grand Prix
DEV,47,0 days 00:01:18.838000,HARD,36.0,True,0 days 02:08:41.872000,19,0 days 00:00:22.020000,0 days 00:00:24.975000,0 days 00:00:31.843000,1,78.838,7721.872,0.0,True,False,False,False,36.0,0.0,0.0,0.0,0.0,22.02,24.975,31.843,0,0,0,0.0,78.5578,0.2869149699815228,0.9765959580918288,0,0,78.385,78.583,0.1979999999999933,0.18300000000000693,0.45299999999998875,-0.19299999999999784,0.0,0.7860000000000014,0.3465678865676966,-0.19299999999999784,0,0,2023,Canadian Grand Prix,2023_Canadian Grand Prix
DEV,48,0 days 00:01:18.583000,HARD,37.0,True,0 days 02:10:00.455000,19,0 days 00:00:22.160000,0 days 00:00:25.095000,0 days 00:00:31.328000,1,78.583,7800.455,0.0,True,False,False,False,37.0,0.0,0.0,0.0,0.0,22.16,25.095,31.328,0,0,0,0.0,78.6042,0.31412768104626393,-0.06748848089221769,0,0,78.838,78.12,-0.7179999999999893,0.6359999999999957,-0.25499999999999545,0.06866666666666295,0.0,0.2710000000000008,0.3808775393745352,0.06866666666666295,0,0,2023,Canadian Grand Prix,2023_Canadian Grand Prix
DEV,49,0 days 00:01:18.120000,HARD,38.0,True,0 days 02:11:18.575000,19,0 days 00:00:21.910000,0 days 00:00:25.007000,0 days 00:00:31.203000,1,78.12,7878.575,0.0,True,False,False,False,38.0,0.0,0.0,0.0,0.0,21.91,25.007,31.203,0,0,0,0.0,78.52799999999999,0.24324164939313656,-1.677344324123381,1,0,78.583,76.656,-1.9269999999999925,0.3810000000000002,-0.46299999999999386,0.12700000000000009,0.0,-0.09600000000000009,0.34542336342523333,0.12700000000000009,0,0,2023,Canadian Grand Prix,2023_Canadian Grand Prix
DEV,52,0 days 00:01:16.656000,HARD,2.0,True,0 days 02:15:30.187000,19,0 days 00:00:21.353000,0 days 00:00:24.603000,0 days 00:00:30.700000,1,76.656,8130.187,0.0,True,False,False,False,2.0,0.0,0.0,0.0,0.0,21.353,24.603,30.7,0,0,0,0.0,78.4256,0.2914983704919796,-6.07070288939638,1,1,78.12,76.821,-1.2990000000000066,0.0,-1.4639999999999986,-0.08833333333333353,0.0,-0.5030000000000001,0.3784824962927625,-0.08833333333333353,0,0,2023,Canadian Grand Prix,2023_Canadian Grand Prix
DEV,53,0 days 00:01:16.821000,HARD,3.0,True,0 days 02:16:47.008000,19,0 days 00:00:21.446000,0 days 00:00:24.616000,0 days 00:00:30.759000,1,76.821,8207.008,0.0,True,False,False,False,3.0,0.0,0.0,0.0,0.0,21.446,24.616,30.759,0,0,0,0.0,78.1164,0.8578095942570406,-1.5101253339582459,1,1,76.656,76.899,0.242999999999995,0.0,0.16499999999999204,-0.7273333333333293,0.0,0.05900000000000105,0.4780235349854655,-0.7273333333333293,0,0,2023,Canadian Grand Prix,2023_Canadian Grand Prix
DEV,54,0 days 00:01:16.899000,HARD,4.0,True,0 days 02:18:03.907000,19,0 days 00:00:21.373000,0 days 00:00:24.818000,0 days 00:00:30.708000,1,76.899,8283.907,0.0,True,False,False,False,4.0,0.0,0.0,0.0,0.0,21.373,24.818,30.708,0,0,0,0.0,77.8036,1.0074776920604176,-0.897885885840293,0,1,76.821,77.039,0.21800000000000352,0.16499999999999204,0.07800000000000296,-0.5873333333333335,0.0,0.007999999999999119,0.47525919244134623,-0.5873333333333335,0,0,2023,Canadian Grand Prix,2023_Canadian Grand Prix
DEV,55,0 days 00:01:17.039000,HARD,5.0,True,0 days 02:19:20.946000,18,0 days 00:00:21.561000,0 days 00:00:24.554000,0 days 00:00:30.924000,1,77.039,8360.946,0.0,True,False,False,False,5.0,0.0,0.0,0.0,0.0,21.561,24.554,30.924,0,0,0,0.0,77.4158,0.8741308254485344,-0.43105675835955004,0,0,76.899,76.903,0.0040000000000048885,0.242999999999995,0.14000000000000057,-0.4070000000000012,0.0,0.2240000000000002,0.2853010690481201,-0.4070000000000012,0,0,2023,Canadian Grand Prix,2023_Canadian Grand Prix
DEV,56,0 days 00:01:16.903000,HARD,6.0,True,0 days 02:20:37.849000,18,0 days 00:00:21.459000,0 days 00:00:24.549000,0 days 00:00:30.895000,1,76.903,8437.849,0.0,True,False,False,False,6.0,0.0,0.0,0.0,0.0,21.459,24.549,30.895,0,0,0,0.0,77.107,0.5829352451167265,-0.3499531066424792,0,0,77.039,76.784,-0.25499999999999545,0.38299999999999557,-0.13599999999999568,0.12766666666666518,0.0,0.18700000000000117,0.2724762374960431,0.12766666666666518,0,0,2023,Canadian Grand Prix,2023_Canadian Grand Prix
DEV,57,0 days 00:01:16.784000,HARD,7.0,True,0 days 02:21:54.633000,18,0 days 00:00:21.413000,0 days 00:00:24.495000,0 days 00:00:30.876000,1,76.784,8514.633,0.0,True,False,False,False,7.0,0.0,0.0,0.0,0.0,21.413,24.495,30.876,0,0,0,0.0,76.8636,0.14007426601367443,-0.5682699775291234,0,0,76.903,77.066,0.1629999999999967,0.2469999999999999,-0.11899999999999977,0.027333333333335947,0.0,0.1680000000000028,0.2922216624413737,0.027333333333335947,0,0,2023,Canadian Grand Prix,2023_Canadian Grand Prix
DEV,58,0 days 00:01:17.066000,HARD,8.0,True,0 days 02:23:11.699000,18,0 days 00:00:21.505000,0 days 00:00:24.835000,0 days 00:00:30.726000,1,77.066,8591.699,0.0,True,False,False,False,8.0,0.0,0.0,0.0,0.0,21.505,24.835,30.726,0,0,0,0.0,76.8892,0.09803672780785933,1.803405763873593,0,0,76.784,76.952,0.16799999999999216,0.0,0.2819999999999965,-0.03833333333333163,0.0,-0.15000000000000213,0.09144779931742539,-0.03833333333333163,0,0,2023,Canadian Grand Prix,2023_Canadian Grand Prix
DEV,59,0 days 00:01:16.952000,HARD,9.0,True,0 days 02:24:28.651000,18,0 days 00:00:21.563000,0 days 00:00:24.732000,0 days 00:00:30.657000,1,76.952,8668.651,0.0,True,False,False,False,9.0,0.0,0.0,0.0,0.0,21.563,24.732,30.657,0,0,0,0.0,76.93820000000001,0.11515945466733485,0.11983384290811118,0,0,77.066,77.573,0.5069999999999908,0.2819999999999965,-0.11400000000000432,0.009000000000000341,0.0,-0.06899999999999906,0.15631634591430438,0.009000000000000341,0,0,2023,Canadian Grand Prix,2023_Canadian Grand Prix
DEV,60,0 days 00:01:17.573000,HARD,10.0,True,0 days 02:25:46.224000,18,0 days 00:00:21.605000,0 days 00:00:24.838000,0 days 00:00:31.130000,1,77.573,8746.224,0.0,True,False,False,False,10.0,0.0,0.0,0.0,0.0,21.605,24.838,31.13,0,0,0,0.0,76.9488,0.11306944768273734,5.520501008826332,0,0,76.952,77.423,0.47100000000000364,0.16799999999999216,0.6209999999999951,0.016333333333330795,0.0,0.472999999999999,0.16934432379031894,0.016333333333330795,0,0,2023,Canadian Grand Prix,2023_Canadian Grand Prix
DEV,61,0 days 00:01:17.423000,HARD,11.0,True,0 days 02:27:03.647000,18,0 days 00:00:21.796000,0 days 00:00:24.644000,0 days 00:00:30.983000,1,77.423,8823.647,0.0,True,False,False,False,11.0,0.0,0.0,0.0,0.0,21.796,24.644,30.983,0,0,0,0.0,77.0556,0.30642992673577013,1.1989690560374247,0,0,77.573,77.123,-0.44999999999998863,0.7889999999999873,-0.14999999999999147,0.26299999999999574,0.0,0.3260000000000005,0.24495244436420738,0.26299999999999574,0,0,2023,Canadian Grand Prix,2023_Canadian Grand Prix
DEV,62,0 days 00:01:17.123000,HARD,12.0,True,0 days 02:28:20.770000,18,0 days 00:00:21.495000,0 days 00:00:24.467000,0 days 00:00:31.161000,1,77.123,8900.77,0.0,True,False,False,False,12.0,0.0,0.0,0.0,0.0,21.495,24.467,31.161,0,0,0,0.0,77.1596,0.3290946672301178,-0.1112141995737673,0,0,77.423,77.105,-0.31799999999999784,0.6389999999999958,-0.29999999999999716,0.11899999999999977,0.0,0.5040000000000013,0.2615287747074882,0.11899999999999977,0,0,2023,Canadian Grand Prix,2023_Canadian Grand Prix
DEV,63,0 days 00:01:17.105000,HARD,13.0,True,0 days 02:29:37.875000,18,0 days 00:00:21.470000,0 days 00:00:24.644000,0 days 00:00:30.991000,1,77.105,8977.875,0.0,True,False,False,False,13.0,0.0,0.0,0.0,0.0,21.47,24.644,30.991,0,0,0,0.0,77.2274,0.2600448038306296,-0.4706881206506229,0,0,77.123,77.185,0.06199999999999761,0.17100000000000648,-0.018000000000000682,0.05700000000000216,0.0,0.007999999999999119,0.3067045809895906,0.05700000000000216,0,0,2023,Canadian Grand Prix,2023_Canadian Grand Prix
DEV,64,0 days 00:01:17.185000,HARD,14.0,True,0 days 02:30:55.060000,18,0 days 00:00:21.562000,0 days 00:00:24.702000,0 days 00:00:30.921000,1,77.185,9055.06,0.0,True,False,False,False,14.0,0.0,0.0,0.0,0.0,21.562,24.702,30.921,0,0,0,0.0,77.2352,0.25451954738155474,-0.19723435986135907,0,0,77.105,76.91,-0.1950000000000074,0.1530000000000058,0.0799999999999983,-0.15599999999999645,0.0,-0.062000000000001165,0.264732506504207,-0.15599999999999645,0,0,2023,Canadian Grand Prix,2023_Canadian Grand Prix
DEV,65,0 days 00:01:16.910000,HARD,15.0,True,0 days 02:32:11.970000,18,0 days 00:00:21.403000,0 days 00:00:24.581000,0 days 00:00:30.926000,1,76.91,9131.97,0.0,True,False,False,False,15.0,0.0,0.0,0.0,0.0,21.403,24.581,30.926,0,0,0,0.0,77.2818,0.20650714273195311,-1.800421985803198,1,0,77.185,76.704,-0.48100000000000875,0.0799999999999983,-0.2750000000000057,-0.07933333333333319,0.0,0.004999999999999005,0.2626446268249178,-0.07933333333333319,0,0,2023,Canadian Grand Prix,2023_Canadian Grand Prix
DEV,66,0 days 00:01:16.704000,HARD,16.0,True,0 days 02:33:28.674000,18,0 days 00:00:21.351000,0 days 00:00:24.533000,0 days 00:00:30.820000,1,76.704,9208.674,0.0,True,False,False,False,16.0,0.0,0.0,0.0,0.0,21.351,24.533,30.82,0,0,0,0.0,77.1492,0.18446192018761626,-2.413506264855027,1,1,76.91,76.846,-0.06399999999999295,0.0,-0.20600000000000307,-0.07100000000000269,0.0,-0.10099999999999909,0.24608575740989258,-0.07100000000000269,0,0,2023,Canadian Grand Prix,2023_Canadian Grand Prix
DEV,67,0 days 00:01:16.846000,HARD,17.0,True,0 days 02:34:45.520000,18,0 days 00:00:21.423000,0 days 00:00:24.516000,0 days 00:00:30.907000,1,76.846,9285.52,0.0,True,False,False,False,17.0,0.0,0.0,0.0,0.0,21.423,24.516,30.907,0,0,0,0.0,77.0054,0.19745201948647081,-0.8072847287890758,0,1,76.704,76.737,0.03300000000000125,0.0,0.14200000000001012,-0.13366666666667015,0.0,0.08699999999999974,0.24651916761177073,-0.13366666666667015,0,0,2023,Canadian Grand Prix,2023_Canadian Grand Prix
DEV,68,0 days 00:01:16.737000,HARD,18.0,True,0 days 02:36:02.257000,18,0 days 00:00:21.440000,0 days 00:00:24.459000,0 days 00:00:30.838000,1,76.737,9362.257,0.0,True,False,False,False,18.0,0.0,0.0,0.0,0.0,21.44,24.459,30.838,0,0,0,0.0,76.95,0.195052557018048,-1.092013369403301,0,0,76.846,76.779,-0.06700000000000728,0.14200000000001012,-0.10900000000000887,-0.11299999999999955,0.0,0.018000000000000682,0.0723000691562596,-0.11299999999999955,0,0,2023,Canadian Grand Prix,2023_Canadian Grand Prix
GAS,2,0 days 00:01:19.340000,SOFT,2.0,True,0 days 01:04:56.332000,13,0 days 00:00:22.273000,0 days 00:00:25.274000,0 days 00:00:31.793000,1,79.34,3896.332,0.7190000000000509,False,False,False,True,2.0,0.0,0.0,0.0,0.0,22.273,25.274,31.793,0,0,0,0.0,76.7952,0.08325683154710448,30.56565993098392,0,0,79.34,78.7,-0.6400000000000006,2.63600000000001,0.0,0.02500000000000095,0.0,0.9549999999999983,0.06803087534347839,0.0,0,1,2023,Canadian Grand Prix,2023_Canadian Grand Prix
GAS,3,0 days 00:01:18.700000,SOFT,3.0,True,0 days 01:06:15.032000,13,0 days 00:00:22.141000,0 days 00:00:25.136000,0 days 00:00:31.423000,1,78.7,3975.032,0.40399999999999636,False,False,False,True,3.0,0.0,0.0,0.0,0.0,22.141,25.136,31.423,0,0,0,0.0,,,0.0,0,0,79.34,78.514,-0.8260000000000076,0.0,-0.6400000000000006,0.0,0.0,0.0,0.0,0.0,0,1,2023,Canadian Grand Prix,2023_Canadian Grand Prix
GAS,4,0 days 00:01:18.514000,SOFT,4.0,True,0 days 01:07:33.546000,13,0 days 00:00:22.119000,0 days 00:00:25.234000,0 days 00:00:31.161000,1,78.514,4053.546,0.5830000000000837,False,False,False,True,4.0,0.0,0.0,0.0,0.0,22.119,25.234,31.161,0,0,0,0.0,,,0.0,0,0,78.7,78.963,0.262999999999991,0.0,-0.18600000000000705,-0.3200000000000003,0.0,-0.2619999999999969,0.0,0.0,0,1,2023,Canadian Grand Prix,2023_Canadian Grand Prix
GAS,5,0 days 00:01:18.963000,SOFT,5.0,True,0 days 01:08:52.509000,13,0 days 00:00:22.273000,0 days 00:00:25.123000,0 days 00:00:31.567000,1,78.963,4132.509,0.4489999999996144,False,False,False,True,5.0,0.0,0.0,0.0,0.0,22.273,25.123,31.567,0,0,0,0.0,78.85133333333333,0.433295895818714,0.2577145727532684,0,0,78.514,78.298,-0.21599999999999397,0.0,0.44899999999999807,-0.2753333333333359,0.0,0.4059999999999988,0.6405411774429473,-0.4130000000000038,0,1,2023,Canadian Grand Prix,2023_Canadian Grand Prix
GAS,6,0 days 00:01:18.298000,SOFT,6.0,True,0 days 01:10:10.807000,13,0 days 00:00:22.006000,0 days 00:00:25.134000,0 days 00:00:31.158000,1,78.298,4210.807,0.5340000000005602,False,False,False,True,6.0,0.0,0.0,0.0,0.0,22.006,25.134,31.158,0,0,0,0.0,78.87925,0.35816325421052225,-1.6228632981381956,1,0,78.963,78.674,-0.28899999999998727,0.44899999999999807,-0.664999999999992,-0.12566666666666984,0.0,-0.0030000000000001137,0.5302687211845185,-0.12566666666666984,0,1,2023,Canadian Grand Prix,2023_Canadian Grand Prix
GAS,9,0 days 00:01:18.674000,SOFT,9.0,True,0 days 01:14:22.430000,13,0 days 00:00:22.154000,0 days 00:00:25.231000,0 days 00:00:31.289000,1,78.674,4462.43,0.420999999999367,False,False,False,True,9.0,0.0,0.0,0.0,0.0,22.154,25.231,31.289,0,0,0,0.0,78.763,0.4046986533212153,-0.21991671894533837,0,1,78.298,79.828,1.5300000000000011,0.0,0.3760000000000048,-0.13400000000000034,0.0,0.13100000000000023,0.4757285990982658,-0.13400000000000034,0,1,2023,Canadian Grand Prix,2023_Canadian Grand Prix
GAS,17,0 days 00:01:19.828000,HARD,7.0,True,0 days 01:28:24.317000,18,0 days 00:00:22.341000,0 days 00:00:25.780000,0 days 00:00:31.707000,1,79.828,5304.317,0.5489999999999782,True,False,False,False,7.0,0.0,0.0,0.0,0.0,22.341,25.78,31.707,0,0,0,0.0,78.6298,0.2456648122951391,4.877377385901304,0,0,78.674,79.35,0.6759999999999877,0.3760000000000048,1.1539999999999964,0.05333333333333693,0.0,0.5489999999999995,0.24282359852370053,0.05333333333333693,0,1,2023,Canadian Grand Prix,2023_Canadian Grand Prix
GAS,18,0 days 00:01:19.350000,HARD,8.0,True,0 days 01:29:43.667000,18,0 days 00:00:22.174000,0 days 00:00:25.473000,0 days 00:00:31.703000,1,79.35,5383.667,0.4289999999991778,True,False,False,False,8.0,0.0,0.0,0.0,0.0,22.174,25.473,31.703,0,0,0,0.0,78.8554,0.5953325121308308,0.8307962187882283,0,0,79.828,78.419,-1.409000000000006,1.5300000000000011,-0.47800000000000864,0.2883333333333364,0.0,0.5449999999999982,0.32297167058427756,0.2883333333333364,0,1,2023,Canadian Grand Prix,2023_Canadian Grand Prix
GAS,19,0 days 00:01:18.419000,HARD,9.0,True,0 days 01:31:02.086000,18,0 days 00:00:22.108000,0 days 00:00:25.257000,0 days 00:00:31.054000,1,78.419,5462.086,0.8629999999993743,True,False,False,False,9.0,0.0,0.0,0.0,0.0,22.108,25.257,31.054,0,0,0,0.0,79.02260000000001,0.592869968880193,-1.0180984561253592,0,0,79.35,78.491,-0.8589999999999947,1.0519999999999925,-0.9309999999999974,0.3506666666666642,0.0,-0.23500000000000298,0.25017753696125417,0.3506666666666642,0,1,2023,Canadian Grand Prix,2023_Canadian Grand Prix
GAS,20,0 days 00:01:18.491000,HARD,10.0,True,0 days 01:32:20.577000,18,0 days 00:00:22.027000,0 days 00:00:25.258000,0 days 00:00:31.206000,1,78.491,5540.577,0.6570000000001528,True,False,False,False,10.0,0.0,0.0,0.0,0.0,22.027,25.258,31.206,0,0,0,0.0,78.91380000000001,0.6533706451930693,-0.6471059009317339,0,0,78.419,78.806,0.38700000000000045,0.12099999999999511,0.07200000000000273,-0.08500000000000323,0.0,0.15200000000000102,0.34495912801374057,-0.08500000000000323,0,1,2023,Canadian Grand Prix,2023_Canadian Grand Prix
GAS,21,0 days 00:01:18.806000,HARD,11.0,True,0 days 01:33:39.383000,18,0 days 00:00:22.008000,0 days 00:00:25.399000,0 days 00:00:31.399000,1,78.806,5619.383,0.5150000000003274,True,False,False,False,11.0,0.0,0.0,0.0,0.0,22.008,25.399,31.399,0,0,0,0.0,78.9524,0.6123057242913921,-0.23909624586545447,0,0,78.491,78.438,-0.05299999999999727,0.07200000000000273,0.3149999999999977,-0.44566666666666777,0.0,0.3450000000000024,0.3290452856370993,-0.44566666666666777,0,1,2023,Canadian Grand Prix,2023_Canadian Grand Prix
GAS,22,0 days 00:01:18.438000,HARD,12.0,True,0 days 01:34:57.821000,18,0 days 00:00:22.028000,0 days 00:00:25.197000,0 days 00:00:31.213000,1,78.438,5697.821,0.5760000000000218,True,False,False,False,12.0,0.0,0.0,0.0,0.0,22.028,25.197,31.213,0,0,0,0.0,78.97879999999999,0.6000239161900179,-0.9012974073332228,0,0,78.806,78.433,-0.37299999999999045,0.38700000000000045,-0.367999999999995,-0.18133333333333232,0.0,0.15900000000000247,0.32712107850152433,-0.18133333333333232,0,1,2023,Canadian Grand Prix,2023_Canadian Grand Prix
GAS,23,0 days 00:01:18.433000,HARD,13.0,True,0 days 01:36:16.254000,18,0 days 00:00:22.026000,0 days 00:00:25.233000,0 days 00:00:31.174000,1,78.433,5776.254,0.6890000000003056,True,False,False,False,13.0,0.0,0.0,0.0,0.0,22.026,25.233,31.174,0,0,0,0.0,78.7008,0.39529065255836343,-0.6774761767493458,0,0,78.438,78.667,0.2289999999999992,0.019000000000005457,-0.0049999999999954525,0.006333333333335152,0.0,-0.03200000000000003,0.28854323766118734,0.006333333333335152,0,1,2023,Canadian Grand Prix,2023_Canadian Grand Prix
GAS,24,0 days 00:01:18.667000,HARD,14.0,True,0 days 01:37:34.921000,18,0 days 00:00:22.137000,0 days 00:00:25.265000,0 days 00:00:31.265000,1,78.667,5854.921,0.5489999999999782,True,False,False,False,14.0,0.0,0.0,0.0,0.0,22.137,25.265,31.265,0,0,0,0.0,78.5174,0.163628542742479,0.914265918968974,0,0,78.433,78.288,-0.14500000000001023,0.014000000000010004,0.23399999999999466,-0.01933333333333091,0.0,0.09100000000000108,0.2198833781803457,-0.01933333333333091,0,1,2023,Canadian Grand Prix,2023_Canadian Grand Prix
GAS,25,0 days 00:01:18.288000,HARD,15.0,True,0 days 01:38:53.209000,18,0 days 00:00:22.036000,0 days 00:00:25.145000,0 days 00:00:31.107000,1,78.288,5933.209,0.6890000000003056,True,False,False,False,15.0,0.0,0.0,0.0,0.0,22.036,25.145,31.107,0,0,0,0.0,78.567,0.16393138808667584,-1.70193154133777,1,0,78.667,78.723,0.055999999999997385,0.23399999999999466,-0.3790000000000049,-0.04633333333333193,0.0,-0.06700000000000017,0.13644595999882242,-0.04633333333333193,0,1,2023,Canadian Grand Prix,2023_Canadian Grand Prix
GAS,26,0 days 00:01:18.723000,HARD,16.0,True,0 days 01:40:11.932000,18,0 days 00:00:22.185000,0 days 00:00:25.319000,0 days 00:00:31.219000,1,78.723,6011.932,0.3820000000005166,True,False,False,False,16.0,0.0,0.0,0.0,0.0,22.185,25.319,31.219,0,0,0,0.0,78.5264,0.20695240998844905,0.9499768570512264,0,1,78.288,78.499,0.21099999999999852,0.0,0.4350000000000023,-0.0500000000000019,0.0,0.11200000000000188,0.16499757573976773,-0.0500000000000019,0,1,2023,Canadian Grand Prix,2023_Canadian Grand Prix
GAS,27,0 days 00:01:18.499000,HARD,17.0,True,0 days 01:41:30.431000,17,0 days 00:00:22.131000,0 days 00:00:25.250000,0 days 00:00:31.118000,1,78.499,6090.431,0.8480000000008658,True,False,False,False,17.0,0.0,0.0,0.0,0.0,22.131,25.25,31.118,0,0,0,0.0,78.50980000000001,0.18056494676439344,-0.059812273608728865,0,0,78.723,78.338,-0.3850000000000051,0.4350000000000023,-0.22400000000000375,0.09666666666666401,0.0,0.010999999999999233,0.09719207786646103,0.09666666666666401,0,1,2023,Canadian Grand Prix,2023_Canadian Grand Prix
GAS,28,0 days 00:01:18.338000,HARD,18.0,True,0 days 01:42:48.769000,17,0 days 00:00:22.199000,0 days 00:00:25.103000,0 days 00:00:31.036000,12,78.338,6168.769,0.7749999999996362,True,False,False,False,18.0,0.0,0.0,0.0,0.0,22.199,25.103,31.036,0,0,1,0.0,78.52199999999999,0.176516288200346,-1.0423967208689402,0,0,78.499,78.68,0.1810000000000116,0.21099999999999852,-0.16100000000000136,-0.056000000000002124,0.0,-0.07099999999999795,0.077158926897671,-0.056000000000002124,0,1,2023,Canadian Grand Prix,2023_Canadian Grand Prix
GAS,29,0 days 00:01:18.680000,HARD,19.0,True,0 days 01:44:07.449000,17,0 days 00:00:22.036000,0 days 00:00:25.221000,0 days 00:00:31.423000,1,78.68,6247.449,0.4850000000005821,True,False,False,False,19.0,0.0,0.0,0.0,0.0,22.036,25.221,31.423,0,0,0,0.0,78.503,0.1928483860446571,0.9178194520073378,0,0,78.338,78.481,0.14300000000000068,0.04999999999999716,0.34200000000001296,0.01666666666666572,0.0,0.3869999999999969,0.08561658717795317,0.01666666666666572,0,1,2023,Canadian Grand Prix,2023_Canadian Grand Prix
GAS,30,0 days 00:01:18.481000,HARD,20.0,True,0 days 01:45:25.930000,17,0 days 00:00:22.029000,0 days 00:00:25.242000,0 days 00:00:31.210000,1,78.481,6325.93,0.8859999999995125,True,False,False,False,20.0,0.0,0.0,0.0,0.0,22.029,25.242,31.21,0,0,0,0.0,78.5056,0.19567907399624893,-0.12571604872004957,0,0,78.68,78.422,-0.2580000000000098,0.3920000000000101,-0.19900000000001228,-0.014333333333330719,0.0,0.1739999999999995,0.18992577497538202,-0.014333333333330719,0,1,2023,Canadian Grand Prix,2023_Canadian Grand Prix
GAS,31,0 days 00:01:18.422000,HARD,21.0,True,0 days 01:46:44.352000,16,0 days 00:00:22.093000,0 days 00:00:25.219000,0 days 00:00:31.110000,1,78.422,6404.352,0.7899999999999636,True,False,False,False,21.0,0.0,0.0,0.0,0.0,22.093,25.219,31.11,0,0,0,0.0,78.5442,0.15729494588202103,-0.7768844657708364,0,0,78.481,78.126,-0.35499999999998977,0.14300000000000068,-0.0589999999999975,-0.006000000000000227,0.0,0.07399999999999807,0.17506941480452665,-0.006000000000000227,0,1,2023,Canadian Grand Prix,2023_Canadian Grand Prix
GAS,32,0 days 00:01:18.126000,HARD,22.0,True,0 days 01:48:02.478000,15,0 days 00:00:21.977000,0 days 00:00:25.162000,0 days 00:00:30.987000,1,78.126,6482.478,0.9719999999997526,True,False,False,False,22.0,0.0,0.0,0.0,0.0,21.977,25.162,30.987,0,0,0,0.0,78.484,0.12630320661024858,-2.8344490184221565,1,0,78.422,78.144,-0.2779999999999916,0.08400000000000318,-0.29599999999999227,0.028000000000001062,0.0,-0.12300000000000111,0.1764638773233759,0.028000000000001062,0,1,2023,Canadian Grand Prix,2023_Canadian Grand Prix
GAS,35,0 days 00:01:18.144000,HARD,2.0,True,0 days 01:52:16.677000,15,0 days 00:00:21.992000,0 days 00:00:24.964000,0 days 00:00:31.188000,21,78.144,6736.677,2.530999999999949,True,False,False,False,2.0,0.0,0.0,0.0,0.0,21.992,24.964,31.188,0,0,1,0.0,78.4094,0.20243715074075266,-1.3110241822158382,0,1,78.126,77.305,-0.820999999999998,0.0,0.018000000000000682,-0.18466666666666734,0.0,0.2010000000000005,0.204202595478117,-0.18466666666666734,0,0,2023,Canadian Grand Prix,2023_Canadian Grand Prix
GAS,36,0 days 00:01:17.305000,HARD,3.0,True,0 days 01:53:33.982000,15,0 days 00:00:21.555000,0 days 00:00:24.712000,0 days 00:00:31.038000,1,77.305,6813.982,1.9340000000001965,True,False,False,False,3.0,0.0,0.0,0.0,0.0,21.555,24.712,31.038,0,0,0,0.0,78.3706,0.2354438361903656,-4.5259201397755415,1,0,78.144,77.423,-0.7210000000000036,0.018000000000000682,-0.8389999999999986,-0.11233333333332969,0.0,0.05100000000000193,0.18666627976150338,-0.11233333333332969,0,0,2023,Canadian Grand Prix,2023_Canadian Grand Prix
GAS,37,0 days 00:01:17.423000,HARD,4.0,True,0 days 01:54:51.405000,15,0 days 00:00:21.434000,0 days 00:00:24.909000,0 days 00:00:31.080000,1,77.423,6891.405,1.9090000000005602,True,False,False,False,4.0,0.0,0.0,0.0,0.0,21.434,24.909,31.08,0,0,0,0.0,78.0956,0.46994286886817044,-1.4312378047568208,0,1,77.305,77.251,-0.054000000000002046,0.0,0.117999999999995,-0.3723333333333301,0.0,0.09299999999999997,0.12792302372911651,-0.3723333333333301,0,0,2023,Canadian Grand Prix,2023_Canadian Grand Prix
GAS,38,0 days 00:01:17.251000,HARD,5.0,True,0 days 01:56:08.656000,15,0 days 00:00:21.403000,0 days 00:00:24.824000,0 days 00:00:31.024000,1,77.251,6968.656,2.0900000000001455,True,False,False,False,5.0,0.0,0.0,0.0,0.0,21.403,24.824,31.024,0,0,0,0.0,77.884,0.490757068212018,-1.2898438779622945,0,0,77.423,77.18,-0.242999999999995,0.117999999999995,-0.17199999999999704,-0.2343333333333343,0.0,-0.013999999999999346,0.11697521104917967,-0.2343333333333343,0,0,2023,Canadian Grand Prix,2023_Canadian Grand Prix
GAS,39,0 days 00:01:17.180000,HARD,6.0,True,0 days 01:57:25.836000,15,0 days 00:00:21.588000,0 days 00:00:24.744000,0 days 00:00:30.848000,1,77.18,7045.836,2.1099999999996726,True,False,False,False,6.0,0.0,0.0,0.0,0.0,21.588,24.744,30.848,0,0,0,0.0,77.6498,0.44731610746770784,-1.050263990401704,0,0,77.251,77.277,0.02599999999999625,0.0,-0.07099999999999795,-0.2976666666666669,0.0,-0.17600000000000193,0.12075098343284883,-0.2976666666666669,0,0,2023,Canadian Grand Prix,2023_Canadian Grand Prix
GAS,40,0 days 00:01:17.277000,HARD,7.0,True,0 days 01:58:43.113000,15,0 days 00:00:21.391000,0 days 00:00:24.874000,0 days 00:00:31.012000,1,77.277,7123.113,2.0909999999994398,True,False,False,False,7.0,0.0,0.0,0.0,0.0,21.391,24.874,31.012,0,0,0,0.0,77.4606,0.3922146096208873,-0.4681110685230856,0,0,77.18,77.126,-0.054000000000002046,0.0,0.0969999999999942,-0.041666666666666664,0.0,0.16400000000000148,0.13965851209289126,-0.041666666666666664,0,0,2023,Canadian Grand Prix,2023_Canadian Grand Prix
GAS,41,0 days 00:01:17.126000,HARD,8.0,True,0 days 02:00:00.239000,15,0 days 00:00:21.468000,0 days 00:00:24.672000,0 days 00:00:30.986000,1,77.126,7200.239,2.1870000000008076,True,False,False,False,8.0,0.0,0.0,0.0,0.0,21.468,24.672,30.986,0,0,0,0.0,77.28720000000001,0.08897302962172284,-1.8117849946817017,1,0,77.277,77.323,0.04599999999999227,0.0969999999999942,-0.15099999999999625,-0.048666666666666934,0.0,0.13800000000000168,0.12897015158555225,-0.048666666666666934,0,0,2023,Canadian Grand Prix,2023_Canadian Grand Prix
GAS,42,0 days 00:01:17.323000,HARD,9.0,True,0 days 02:01:17.562000,15,0 days 00:00:21.610000,0 days 00:00:24.619000,0 days 00:00:31.094000,1,77.323,7277.562,2.081000000000131,True,False,False,False,9.0,0.0,0.0,0.0,0.0,21.61,24.619,31.094,0,0,0,0.0,77.2514,0.1128330625307543,0.634565777034314,0,1,77.126,77.406,0.28000000000000114,0.0,0.19699999999998852,-0.041666666666666664,0.0,0.24600000000000222,0.1390647331281385,-0.041666666666666664,0,0,2023,Canadian Grand Prix,2023_Canadian Grand Prix
GAS,43,0 days 00:01:17.406000,HARD,10.0,True,0 days 02:02:34.968000,14,0 days 00:00:21.936000,0 days 00:00:24.720000,0 days 00:00:30.750000,1,77.406,7354.968,0.6239999999997963,True,False,False,False,10.0,0.0,0.0,0.0,0.0,21.936,24.72,30.75,0,0,0,0.0,77.2314,0.07843022376654062,2.2261826068447226,0,0,77.323,76.924,-0.3989999999999867,0.19699999999998852,0.08300000000001262,0.04766666666666216,0.0,-0.23600000000000065,0.16732841958256983,0.04766666666666216,0,1,2023,Canadian Grand Prix,2023_Canadian Grand Prix
GAS,44,0 days 00:01:16.924000,HARD,11.0,True,0 days 02:03:51.892000,14,0 days 00:00:21.392000,0 days 00:00:24.555000,0 days 00:00:30.977000,1,76.924,7431.892,1.6610000000000582,True,False,False,False,11.0,0.0,0.0,0.0,0.0,21.392,24.555,30.977,0,0,0,0.0,77.2624,0.11169288249512142,-3.0297364741640878,1,0,77.406,76.777,-0.6290000000000049,0.28000000000000114,-0.4819999999999993,0.04300000000000163,0.0,0.2270000000000003,0.2176170949167384,0.04300000000000163,0,0,2023,Canadian Grand Prix,2023_Canadian Grand Prix
GAS,45,0 days 00:01:16.777000,HARD,12.0,True,0 days 02:05:08.669000,14,0 days 00:00:21.280000,0 days 00:00:24.537000,0 days 00:00:30.960000,1,76.777,7508.669,2.417000000000371,True,False,False,False,12.0,0.0,0.0,0.0,0.0,21.28,24.537,30.96,0,0,0,0.0,77.2112,0.1900781418261196,-2.2843236777703946,1,1,76.924,76.752,-0.17200000000001125,0.0,-0.14700000000000557,-0.06733333333333273,0.0,0.21000000000000085,0.1972161251013729,-0.06733333333333273,0,0,2023,Canadian Grand Prix,2023_Canadian Grand Prix
GAS,46,0 days 00:01:16.752000,HARD,13.0,True,0 days 02:06:25.421000,14,0 days 00:00:21.274000,0 days 00:00:24.518000,0 days 00:00:30.960000,1,76.752,7585.421,3.043999999999869,True,False,False,False,13.0,0.0,0.0,0.0,0.0,21.274,24.518,30.96,0,0,0,0.0,77.1112,0.2639691269828272,-1.360765192905947,0,1,76.777,76.95,0.17300000000000182,0.0,-0.025000000000005684,-0.1819999999999974,0.0,0.21000000000000085,0.20151922985164555,-0.1819999999999974,0,0,2023,Canadian Grand Prix,2023_Canadian Grand Prix
GAS,47,0 days 00:01:16.950000,HARD,14.0,True,0 days 02:07:42.371000,14,0 days 00:00:21.466000,0 days 00:00:24.589000,0 days 00:00:30.895000,1,76.95,7662.371,3.6939999999995052,True,False,False,False,14.0,0.0,0.0,0.0,0.0,21.466,24.589,30.895,0,0,0,0.0,77.0364,0.3080378223531675,-0.2804850369995779,0,0,76.752,77.015,0.26300000000000523,0.0,0.1980000000000075,-0.21800000000000352,0.0,-0.06500000000000128,0.2059194017085334,-0.21800000000000352,0,0,2023,Canadian Grand Prix,2023_Canadian Grand Prix
GAS,48,0 days 00:01:17.015000,HARD,15.0,True,0 days 02:08:59.386000,14,0 days 00:00:21.369000,0 days 00:00:24.555000,0 days 00:00:31.091000,1,77.015,7739.386,4.106999999999971,True,False,False,False,15.0,0.0,0.0,0.0,0.0,21.369,24.555,31.091,0,0,0,0.0,76.96180000000001,0.2631771266658411,0.20214522695788198,0,0,76.95,76.872,-0.07800000000000296,0.1980000000000075,0.06499999999999773,0.008666666666665416,0.0,0.1960000000000015,0.20958697478612634,0.008666666666665416,0,0,2023,Canadian Grand Prix,2023_Canadian Grand Prix
GAS,49,0 days 00:01:16.872000,HARD,16.0,True,0 days 02:10:16.258000,14,0 days 00:00:21.415000,0 days 00:00:24.548000,0 days 00:00:30.909000,1,76.872,7816.258,4.439000000000306,True,False,False,False,16.0,0.0,0.0,0.0,0.0,21.415,24.548,30.909,0,0,0,0.0,76.8836,0.11400570161220712,-0.10174929706111577,0,0,77.015,77.012,-0.0030000000000001137,0.26300000000000523,-0.14300000000000068,0.07933333333333319,0.0,0.013999999999999346,0.12380751188841592,0.07933333333333319,0,0,2023,Canadian Grand Prix,2023_Canadian Grand Prix
GAS,50,0 days 00:01:17.012000,HARD,17.0,True,0 days 02:11:33.270000,14,0 days 00:00:21.417000,0 days 00:00:24.662000,0 days 00:00:30.933000,1,77.012,7893.27,4.285999999999149,True,False,False,False,17.0,0.0,0.0,0.0,0.0,21.417,24.662,30.933,0,0,0,0.0,76.8732,0.11174837806470485,1.2420761929952577,0,0,76.872,76.837,-0.03499999999999659,0.12000000000000455,0.14000000000000057,0.040000000000001514,0.0,0.038000000000000256,0.12960709857102856,0.040000000000001514,0,0,2023,Canadian Grand Prix,2023_Canadian Grand Prix
GAS,51,0 days 00:01:16.837000,HARD,18.0,True,0 days 02:12:50.107000,14,0 days 00:00:21.341000,0 days 00:00:24.557000,0 days 00:00:30.939000,1,76.837,7970.107,4.230000000000473,True,False,False,False,18.0,0.0,0.0,0.0,0.0,21.341,24.557,30.939,0,0,0,0.0,76.9202,0.11058571336338864,-0.7523575828153555,0,0,77.012,76.913,-0.09900000000000375,0.2600000000000051,-0.17499999999999716,0.020666666666665872,0.0,0.030000000000001137,0.11988661309754427,0.020666666666665872,0,0,2023,Canadian Grand Prix,2023_Canadian Grand Prix
GAS,52,0 days 00:01:16.913000,HARD,19.0,True,0 days 02:14:07.020000,14,0 days 00:00:21.373000,0 days 00:00:24.612000,0 days 00:00:30.928000,1,76.913,8047.02,4.097999999999956,True,False,False,False,19.0,0.0,0.0,0.0,0.0,21.373,24.612,30.928,0,0,0,0.0,76.93719999999999,0.08078180488258405,-0.2995724103363117,0,0,76.837,76.813,-0.02400000000000091,0.0,0.0759999999999934,-0.059333333333332426,0.0,0.019000000000001904,0.09500947321188663,-0.059333333333332426,0,0,2023,Canadian Grand Prix,2023_Canadian Grand Prix
GAS,53,0 days 00:01:16.813000,HARD,20.0,True,0 days 02:15:23.833000,14,0 days 00:00:21.353000,0 days 00:00:24.667000,0 days 00:00:30.793000,1,76.813,8123.833,4.028000000000247,True,False,False,False,20.0,0.0,0.0,0.0,0.0,21.353,24.667,30.793,0,0,0,0.0,76.9298,0.0810104931480375,-1.441788532092491,0,0,76.913,76.993,0.0799999999999983,0.0759999999999934,-0.09999999999999432,0.013666666666665606,0.0,-0.13500000000000156,0.07693373772279674,0.013666666666665606,0,0,2023,Canadian Grand Prix,2023_Canadian Grand Prix
GAS,54,0 days 00:01:16.993000,HARD,21.0,True,0 days 02:16:40.826000,14,0 days 00:00:21.431000,0 days 00:00:24.610000,0 days 00:00:30.952000,1,76.993,8200.826,3.9870000000009895,True,False,False,False,21.0,0.0,0.0,0.0,0.0,21.431,24.61,30.952,0,0,0,0.0,76.8894,0.07821956277101927,1.3244768486277507,0,0,76.813,77.11,0.29699999999999704,0.0,0.1799999999999926,-0.06633333333333269,0.0,0.15900000000000247,0.07227516862657717,-0.06633333333333269,0,0,2023,Canadian Grand Prix,2023_Canadian Grand Prix
GAS,55,0 days 00:01:17.110000,HARD,22.0,True,0 days 02:17:57.936000,13,0 days 00:00:21.449000,0 days 00:00:24.713000,0 days 00:00:30.948000,1,77.11,8277.936,4.270000000000437,True,False,False,False,22.0,0.0,0.0,0.0,0.0,21.449,24.713,30.948,0,0,0,0.0,76.9136,0.08940805332904198,2.196670128553189,0,0,76.993,76.987,-0.006000000000000227,0.1799999999999926,0.11700000000000443,0.051999999999997236,0.0,0.15500000000000114,0.10457867851527057,0.051999999999997236,0,0,2023,Canadian Grand Prix,2023_Canadian Grand Prix
GAS,56,0 days 00:01:16.987000,HARD,23.0,True,0 days 02:19:14.923000,13,0 days 00:00:21.422000,0 days 00:00:24.531000,0 days 00:00:31.034000,1,76.987,8354.923,3.995999999999185,True,False,False,False,23.0,0.0,0.0,0.0,0.0,21.422,24.531,31.034,0,0,0,0.0,76.9332,0.12139275101952282,0.4431895607287382,0,0,77.11,76.802,-0.3079999999999927,0.29699999999999704,-0.12300000000000466,0.06566666666666758,0.0,0.24099999999999966,0.12082549399857767,0.06566666666666758,0,0,2023,Canadian Grand Prix,2023_Canadian Grand Prix
GAS,57,0 days 00:01:16.802000,HARD,24.0,True,0 days 02:20:31.725000,13,0 days 00:00:21.373000,0 days 00:00:24.499000,0 days 00:00:30.930000,1,76.802,8431.725,4.199999999998909,True,False,False,False,24.0,0.0,0.0,0.0,0.0,21.373,24.499,30.93,0,0,0,0.0,76.9632,0.10964123312005829,-1.4702497902725895,0,0,76.987,76.725,-0.26200000000000045,0.17399999999999238,-0.18499999999998806,0.05799999999999746,0.0,-0.018000000000000682,0.1478418073482607,0.05799999999999746,0,0,2023,Canadian Grand Prix,2023_Canadian Grand Prix
GAS,58,0 days 00:01:16.725000,HARD,25.0,True,0 days 02:21:48.450000,13,0 days 00:00:21.357000,0 days 00:00:24.475000,0 days 00:00:30.893000,1,76.725,8508.45,5.027999999998428,True,False,False,False,25.0,0.0,0.0,0.0,0.0,21.357,24.475,30.893,0,0,0,0.0,76.941,0.1314210789793147,-1.6435719572353074,1,0,76.802,76.556,-0.24600000000000932,0.0,-0.07700000000001239,-0.06366666666666276,0.0,-0.036999999999999034,0.15298300559212558,-0.06366666666666276,0,0,2023,Canadian Grand Prix,2023_Canadian Grand Prix
GAS,59,0 days 00:01:16.556000,HARD,26.0,True,0 days 02:23:05.006000,13,0 days 00:00:21.298000,0 days 00:00:24.440000,0 days 00:00:30.818000,1,76.556,8585.006,6.070999999999913,True,False,False,False,26.0,0.0,0.0,0.0,0.0,21.298,24.44,30.818,0,0,0,0.0,76.9234,0.15637231212746258,-2.34952080071904,1,1,76.725,76.641,-0.08399999999998897,0.0,-0.16899999999999693,-0.12833333333333505,0.0,-0.07499999999999929,0.12153188881935502,-0.12833333333333505,0,0,2023,Canadian Grand Prix,2023_Canadian Grand Prix
GAS,60,0 days 00:01:16.641000,HARD,27.0,True,0 days 02:24:21.647000,13,0 days 00:00:21.280000,0 days 00:00:24.532000,0 days 00:00:30.829000,1,76.641,8661.647,6.532999999999447,True,False,False,False,27.0,0.0,0.0,0.0,0.0,21.28,24.532,30.829,0,0,0,0.0,76.836,0.2178038108025027,-0.8953011395049132,0,1,76.556,76.721,0.16500000000000625,0.0,0.08500000000000796,-0.1436666666666658,0.0,0.010999999999999233,0.13717944452431632,-0.1436666666666658,0,0,2023,Canadian Grand Prix,2023_Canadian Grand Prix
GAS,61,0 days 00:01:16.721000,HARD,28.0,True,0 days 02:25:38.368000,13,0 days 00:00:21.341000,0 days 00:00:24.603000,0 days 00:00:30.777000,1,76.721,8738.368,6.752999999998792,True,False,False,False,28.0,0.0,0.0,0.0,0.0,21.341,24.603,30.777,0,0,0,0.0,76.7422,0.16485660435692223,-0.128596607231423,0,0,76.641,76.66,0.018999999999991246,0.08500000000000796,0.0799999999999983,-0.05366666666666712,0.0,-0.04100000000000037,0.12504319253761853,-0.05366666666666712,0,0,2023,Canadian Grand Prix,2023_Canadian Grand Prix
GAS,62,0 days 00:01:16.660000,HARD,29.0,True,0 days 02:26:55.028000,13,0 days 00:00:21.233000,0 days 00:00:24.509000,0 days 00:00:30.918000,1,76.66,8815.028,7.1010000000005675,True,False,False,False,29.0,0.0,0.0,0.0,0.0,21.233,24.509,30.918,0,0,0,0.0,76.68900000000001,0.09365094767324549,-0.3096605076671893,0,0,76.721,76.736,0.015000000000000568,0.16500000000000625,-0.06100000000000705,-0.001333333333330226,0.0,0.14099999999999824,0.031622776601683576,-0.001333333333330226,0,0,2023,Canadian Grand Prix,2023_Canadian Grand Prix
GAS,63,0 days 00:01:16.736000,HARD,30.0,True,0 days 02:28:11.764000,13,0 days 00:00:21.522000,0 days 00:00:24.451000,0 days 00:00:30.763000,1,76.736,8891.764,7.295000000000073,True,False,False,False,30.0,0.0,0.0,0.0,0.0,21.522,24.451,30.763,0,0,0,0.0,76.6606,0.06913971362463833,1.0905454484430015,0,0,76.66,76.734,0.07399999999999807,0.1039999999999992,0.07600000000000762,0.0346666666666664,0.0,-0.013999999999999346,0.08467112849135681,0.0346666666666664,0,0,2023,Canadian Grand Prix,2023_Canadian Grand Prix
GAS,64,0 days 00:01:16.734000,HARD,31.0,True,0 days 02:29:28.498000,13,0 days 00:00:21.412000,0 days 00:00:24.519000,0 days 00:00:30.803000,1,76.734,8968.498,7.7039999999997235,True,False,False,False,31.0,0.0,0.0,0.0,0.0,21.412,24.519,30.803,0,0,0,0.0,76.66279999999999,0.0718240906666928,0.9913108448586649,0,0,76.736,76.898,0.16199999999999193,0.18000000000000682,-0.0020000000000095497,0.03166666666666629,0.0,0.03999999999999915,0.08277560026964391,0.03166666666666629,0,0,2023,Canadian Grand Prix,2023_Canadian Grand Prix
GAS,65,0 days 00:01:16.898000,HARD,32.0,True,0 days 02:30:45.396000,13,0 days 00:00:21.374000,0 days 00:00:24.663000,0 days 00:00:30.861000,1,76.898,9045.396,7.789999999999054,True,False,False,False,32.0,0.0,0.0,0.0,0.0,21.374,24.663,30.861,0,0,0,0.0,76.6984,0.04461277843955125,4.474054452144032,0,0,76.734,76.627,-0.10699999999999932,0.09299999999998931,0.16400000000000148,0.00433333333333034,0.0,0.09799999999999898,0.07022321553446496,0.00433333333333034,0,0,2023,Canadian Grand Prix,2023_Canadian Grand Prix
GAS,66,0 days 00:01:16.627000,HARD,33.0,True,0 days 02:32:02.023000,13,0 days 00:00:21.432000,0 days 00:00:24.457000,0 days 00:00:30.738000,1,76.627,9122.023,8.173000000000684,True,False,False,False,33.0,0.0,0.0,0.0,0.0,21.432,24.457,30.738,0,0,0,0.0,76.7498,0.08845450808238403,-1.3882842453391473,0,0,76.898,76.425,-0.472999999999999,0.23799999999999955,-0.2710000000000008,0.07933333333333319,0.0,-0.02500000000000213,0.07570799165213608,0.07933333333333319,0,0,2023,Canadian Grand Prix,2023_Canadian Grand Prix
GAS,67,0 days 00:01:16.425000,HARD,34.0,True,0 days 02:33:18.448000,13,0 days 00:00:21.419000,0 days 00:00:24.430000,0 days 00:00:30.576000,1,76.425,9198.448,8.568999999999505,True,False,False,False,34.0,0.0,0.0,0.0,0.0,21.419,24.43,30.576,0,0,0,0.0,76.731,0.10461835403071768,-2.924916978813782,1,0,76.627,76.896,0.26900000000000546,0.0,-0.20199999999999818,-0.03633333333333629,0.0,-0.16199999999999903,0.07138977517824224,-0.03633333333333629,0,0,2023,Canadian Grand Prix,2023_Canadian Grand Prix
GAS,68,0 days 00:01:16.896000,HARD,35.0,True,0 days 02:34:35.344000,13,0 days 00:00:21.694000,0 days 00:00:24.654000,0 days 00:00:30.548000,1,76.896,9275.344,8.33900000000176,True,False,False,False,35.0,0.0,0.0,0.0,0.0,21.694,24.654,30.548,0,0,0,0.0,76.684,0.17416228064680606,1.2172555343939861,0,1,76.425,77.071,0.6460000000000008,0.0,0.47100000000000364,-0.10299999999999916,0.0,-0.028000000000002245,0.09679256169768359,-0.10299999999999916,0,0,2023,Canadian Grand Prix,2023_Canadian Grand Prix
GAS,69,0 days 00:01:17.071000,HARD,36.0,True,0 days 02:35:52.415000,13,0 days 00:00:21.730000,0 days 00:00:24.706000,0 days 00:00:30.635000,1,77.071,9352.415,8.119999999998981,True,False,False,False,36.0,0.0,0.0,0.0,0.0,21.73,24.706,30.635,0,0,0,0.0,76.71599999999998,0.19902889237519594,1.7836606322000523,0,0,76.896,76.903,0.007000000000005002,0.47100000000000364,0.17499999999999716,-0.000666666666665113,0.0,0.0870000000000033,0.09704535022349033,-0.000666666666665113,0,0,2023,Canadian Grand Prix,2023_Canadian Grand Prix
HAM,2,0 days 00:01:18.397000,MEDIUM,2.0,True,0 days 01:04:48.096000,2,0 days 00:00:21.901000,0 days 00:00:25.022000,0 days 00:00:31.474000,1,78.397,3888.096,1.1159999999999854,False,True,False,False,2.0,0.0,0.0,0.0,0.0,21.901,25.022,31.474,0,0,0,0.0,76.7844,0.25622412064459776,6.293708788786512,0,0,78.397,77.732,-0.6650000000000063,1.9720000000000084,0.0,0.1593333333333362,0.0,0.9319999999999986,0.08897583941722707,0.0,0,0,2023,Canadian Grand Prix,2023_Canadian Grand Prix
HAM,3,0 days 00:01:17.732000,MEDIUM,3.0,True,0 days 01:06:05.828000,2,0 days 00:00:21.739000,0 days 00:00:24.703000,0 days 00:00:31.290000,1,77.732,3965.828,0.8220000000001164,False,True,False,False,3.0,0.0,0.0,0.0,0.0,21.739,24.703,31.29,0,0,0,0.0,,,0.0,0,0,78.397,77.558,-0.8389999999999986,0.0,-0.6650000000000063,0.0,0.0,0.0,0.0,0.0,0,1,2023,Canadian Grand Prix,2023_Canadian Grand Prix
HAM,4,0 days 00:01:17.558000,MEDIUM,4.0,True,0 days 01:07:23.386000,2,0 days 00:00:21.431000,0 days 00:00:24.927000,0 days 00:00:31.200000,1,77.558,4043.386,0.5900000000001455,False,True,False,False,4.0,0.0,0.0,0.0,0.0,21.431,24.927,31.2,0,0,0,0.0,,,0.0,0,0,77.732,77.686,-0.04599999999999227,0.0,-0.17399999999999238,-0.3325000000000031,0.0,-0.08999999999999986,0.0,0.0,0,1,2023,Canadian Grand Prix,2023_Canadian Grand Prix
HAM,5,0 days 00:01:17.686000,MEDIUM,5.0,True,0 days 01:08:41.072000,2,0 days 00:00:21.529000,0 days 00:00:24.789000,0 days 00:00:31.368000,1,77.686,4121.072,0.49799999999959255,False,True,False,False,5.0,0.0,0.0,0.0,0.0,21.529,24.789,31.368,0,0,0,0.0,77.89566666666667,0.4427982987019456,-0.4735037765079433,0,0,77.558,77.78,0.2219999999999942,0.0,0.1280000000000001,-0.27966666666666623,0.0,0.16799999999999926,0.5658633521737668,-0.4194999999999993,0,1,2023,Canadian Grand Prix,2023_Canadian Grand Prix
HAM,6,0 days 00:01:17.780000,MEDIUM,6.0,True,0 days 01:09:58.852000,2,0 days 00:00:21.706000,0 days 00:00:24.781000,0 days 00:00:31.293000,1,77.78,4198.852,0.5380000000004657,False,True,False,False,6.0,0.0,0.0,0.0,0.0,21.706,24.781,31.293,0,0,0,0.0,77.84325000000001,0.3764353640843754,-0.16802353347926588,0,0,77.686,77.955,0.26899999999999125,0.1280000000000001,0.09399999999999409,-0.23699999999999952,0.0,0.09299999999999997,0.46544709688642316,-0.23699999999999952,0,1,2023,Canadian Grand Prix,2023_Canadian Grand Prix
HAM,7,0 days 00:01:17.955000,MEDIUM,7.0,True,0 days 01:11:16.807000,2,0 days 00:00:21.758000,0 days 00:00:24.854000,0 days 00:00:31.343000,12,77.955,4276.807,0.7910000000001673,False,True,False,False,7.0,0.0,0.0,0.0,0.0,21.758,24.854,31.343,0,0,1,0.0,77.8306,0.3272274438368554,0.38016371286393674,0,0,77.78,77.616,-0.16400000000000148,0.2219999999999942,0.17499999999999716,0.016000000000000607,0.0,0.14300000000000068,0.4093516825420405,0.016000000000000607,0,1,2023,Canadian Grand Prix,2023_Canadian Grand Prix
HAM,9,0 days 00:01:17.616000,MEDIUM,9.0,True,0 days 01:14:07.885000,2,0 days 00:00:21.583000,0 days 00:00:24.786000,0 days 00:00:31.247000,1,77.616,4447.885,0.7719999999999345,False,True,False,False,9.0,0.0,0.0,0.0,0.0,21.583,24.786,31.247,0,0,0,0.0,77.7422,0.14483162638043182,-0.8713566446357884,0,0,77.955,77.597,-0.3580000000000041,0.39699999999999136,-0.33899999999999864,0.13233333333333044,0.0,-0.045999999999999375,0.10689106604389348,0.13233333333333044,0,1,2023,Canadian Grand Prix,2023_Canadian Grand Prix
HAM,10,0 days 00:01:17.597000,MEDIUM,10.0,True,0 days 01:15:25.482000,2,0 days 00:00:21.530000,0 days 00:00:24.787000,0 days 00:00:31.280000,1,77.597,4525.482,0.9639999999999418,False,True,False,False,10.0,0.0,0.0,0.0,0.0,21.53,24.787,31.28,0,0,0,0.0,77.71900000000001,0.15575300960174568,-0.7832914452951073,0,0,77.616,77.692,0.0759999999999934,0.057999999999992724,-0.019000000000005457,-0.023333333333335798,0.0,0.03300000000000125,0.11529657410348308,-0.023333333333335798,0,1,2023,Canadian Grand Prix,2023_Canadian Grand Prix
HAM,11,0 days 00:01:17.692000,MEDIUM,11.0,True,0 days 01:16:43.174000,2,0 days 00:00:21.657000,0 days 00:00:24.766000,0 days 00:00:31.269000,1,77.692,4603.174,0.6649999999999636,False,True,False,False,11.0,0.0,0.0,0.0,0.0,21.657,24.766,31.269,0,0,0,0.0,77.7268,0.14636837090028199,-0.23775628427068268,0,0,77.597,77.873,0.27600000000001046,0.0,0.09499999999999886,-0.06100000000000231,0.0,0.021999999999998465,0.08653149715565969,-0.06100000000000231,0,1,2023,Canadian Grand Prix,2023_Canadian Grand Prix
HAM,17,0 days 00:01:17.873000,HARD,5.0,True,0 days 01:28:14.806000,2,0 days 00:00:22.070000,0 days 00:00:24.740000,0 days 00:00:31.063000,1,77.873,5294.806,0.8840000000000146,True,False,False,False,5.0,0.0,0.0,0.0,0.0,22.07,24.74,31.063,0,0,0,0.0,77.728,0.14597431280880468,0.9933254502792516,0,0,77.692,77.081,-0.61099999999999,0.09499999999999886,0.1810000000000116,-0.0876666666666684,0.0,-0.18400000000000105,0.07207981686991187,-0.0876666666666684,0,1,2023,Canadian Grand Prix,2023_Canadian Grand Prix
HAM,18,0 days 00:01:17.081000,HARD,6.0,True,0 days 01:29:31.887000,2,0 days 00:00:21.409000,0 days 00:00:24.619000,0 days 00:00:31.053000,1,77.081,5371.887,0.8760000000002037,True,False,False,False,6.0,0.0,0.0,0.0,0.0,21.409,24.619,31.053,0,0,0,0.0,77.7466,0.15955030554656766,-4.171725009988967,1,0,77.873,76.786,-1.0870000000000033,0.27600000000001046,-0.7920000000000016,0.08566666666666833,0.0,-0.00999999999999801,0.12019692175758975,0.08566666666666833,0,1,2023,Canadian Grand Prix,2023_Canadian Grand Prix
HAM,19,0 days 00:01:16.786000,HARD,7.0,True,0 days 01:30:48.673000,2,0 days 00:00:21.311000,0 days 00:00:24.447000,0 days 00:00:31.028000,1,76.786,5448.673,0.6649999999999636,True,False,False,False,7.0,0.0,0.0,0.0,0.0,21.311,24.447,31.028,0,0,0,0.0,77.57180000000001,0.29522991040882857,-2.661654433698295,1,1,77.081,76.799,-0.2819999999999965,0.0,-0.2950000000000017,-0.17199999999999704,0.0,-0.02500000000000213,0.0877496438739219,-0.17199999999999704,0,1,2023,Canadian Grand Prix,2023_Canadian Grand Prix
HAM,20,0 days 00:01:16.799000,HARD,8.0,True,0 days 01:32:05.472000,2,0 days 00:00:21.178000,0 days 00:00:24.638000,0 days 00:00:30.983000,1,76.799,5525.472,0.6329999999998108,True,False,False,False,8.0,0.0,0.0,0.0,0.0,21.178,24.638,30.983,0,0,0,0.0,77.4058,0.4545301970166662,-1.3350048115235416,0,1,76.786,76.848,0.06199999999999761,0.0,0.01300000000000523,-0.3019999999999972,0.0,-0.04499999999999815,0.08771373894664457,-0.3019999999999972,0,1,2023,Canadian Grand Prix,2023_Canadian Grand Prix
HAM,21,0 days 00:01:16.848000,HARD,9.0,True,0 days 01:33:22.320000,2,0 days 00:00:21.253000,0 days 00:00:24.592000,0 days 00:00:31.003000,1,76.848,5602.32,0.5850000000000364,True,False,False,False,9.0,0.0,0.0,0.0,0.0,21.253,24.592,31.003,0,0,0,0.0,77.2462,0.5076117610930763,-0.7844577894383901,0,0,76.799,77.475,0.6759999999999877,0.01300000000000523,0.04899999999999238,-0.3579999999999994,0.0,0.019999999999999574,0.0796511142420497,-0.3579999999999994,0,1,2023,Canadian Grand Prix,2023_Canadian Grand Prix
HAM,22,0 days 00:01:17.475000,HARD,10.0,True,0 days 01:34:39.795000,3,0 days 00:00:21.261000,0 days 00:00:24.594000,0 days 00:00:31.620000,1,77.475,5679.795,2.338999999999942,True,False,False,False,10.0,0.0,0.0,0.0,0.0,21.261,24.594,31.62,0,0,0,0.0,77.0774,0.4604446763727696,0.8635130785573588,0,0,76.848,77.694,0.8460000000000036,0.06199999999999761,0.6269999999999953,-0.07766666666666804,0.0,0.6370000000000005,0.07921300398293257,-0.07766666666666804,0,0,2023,Canadian Grand Prix,2023_Canadian Grand Prix
HAM,23,0 days 00:01:17.694000,HARD,11.0,True,0 days 01:35:57.489000,3,0 days 00:00:22.141000,0 days 00:00:24.737000,0 days 00:00:30.816000,1,77.694,5757.489,1.8330000000005384,True,False,False,False,11.0,0.0,0.0,0.0,0.0,22.141,24.737,30.816,0,0,0,0.0,76.9978,0.2921740919383952,2.3828259219739376,0,0,77.475,77.241,-0.23399999999999466,0.688999999999993,0.2190000000000083,0.22966666666666433,0.0,-0.1670000000000016,0.292546235661989,0.22966666666666433,0,0,2023,Canadian Grand Prix,2023_Canadian Grand Prix
HAM,24,0 days 00:01:17.241000,HARD,12.0,True,0 days 01:37:14.730000,3,0 days 00:00:21.622000,0 days 00:00:24.560000,0 days 00:00:31.059000,1,77.241,5834.73,1.8040000000000873,True,False,False,False,12.0,0.0,0.0,0.0,0.0,21.622,24.56,31.059,0,0,0,0.0,77.1204,0.4313007071638273,0.2796192957647685,0,0,77.694,77.042,-0.652000000000001,0.9080000000000013,-0.45300000000000296,0.298333333333332,0.0,0.2430000000000021,0.3167917296900289,0.298333333333332,0,0,2023,Canadian Grand Prix,2023_Canadian Grand Prix
HAM,25,0 days 00:01:17.042000,HARD,13.0,True,0 days 01:38:31.772000,3,0 days 00:00:21.407000,0 days 00:00:24.568000,0 days 00:00:31.067000,1,77.042,5911.772,1.9719999999997526,True,False,False,False,13.0,0.0,0.0,0.0,0.0,21.407,24.568,31.067,0,0,0,0.0,77.2114,0.38903637362078486,-0.43543486287253824,0,0,77.241,77.15,-0.09099999999999397,0.44199999999999307,-0.19899999999999807,0.13100000000000023,0.0,0.2510000000000012,0.31641080891777434,0.13100000000000023,0,0,2023,Canadian Grand Prix,2023_Canadian Grand Prix
HAM,26,0 days 00:01:17.150000,HARD,14.0,True,0 days 01:39:48.922000,3,0 days 00:00:21.442000,0 days 00:00:24.718000,0 days 00:00:30.990000,1,77.15,5988.922,2.175000000000182,True,False,False,False,14.0,0.0,0.0,0.0,0.0,21.442,24.718,30.99,0,0,0,0.0,77.26,0.33623280625187263,-0.3271542751173371,0,0,77.042,77.051,0.009000000000000341,0.19400000000000261,0.10800000000000409,-0.1443333333333309,0.0,0.1739999999999995,0.30102192611170453,-0.1443333333333309,0,0,2023,Canadian Grand Prix,2023_Canadian Grand Prix
HAM,27,0 days 00:01:17.051000,HARD,15.0,True,0 days 01:41:05.973000,3,0 days 00:00:21.360000,0 days 00:00:24.648000,0 days 00:00:31.043000,1,77.051,6065.973,2.730000000000473,True,False,False,False,15.0,0.0,0.0,0.0,0.0,21.36,24.648,31.043,0,0,0,0.0,77.32039999999999,0.2628332170788227,-1.0249846004784025,0,0,77.15,77.401,0.25099999999999056,0.10800000000000409,-0.09900000000000375,-0.18133333333333232,0.0,0.053000000000000824,0.28590872669437783,-0.18133333333333232,0,0,2023,Canadian Grand Prix,2023_Canadian Grand Prix
HAM,28,0 days 00:01:17.401000,HARD,16.0,True,0 days 01:42:23.374000,3,0 days 00:00:21.519000,0 days 00:00:24.677000,0 days 00:00:31.205000,1,77.401,6143.374,2.76299999999992,True,False,False,False,16.0,0.0,0.0,0.0,0.0,21.519,24.677,31.205,0,0,0,0.0,77.2356,0.26881462013813767,0.6152939148733646,0,0,77.051,77.79,0.7390000000000043,0.009000000000000341,0.3499999999999943,-0.06333333333333258,0.0,0.21499999999999986,0.1743852057945295,-0.06333333333333258,0,0,2023,Canadian Grand Prix,2023_Canadian Grand Prix
HAM,29,0 days 00:01:17.790000,HARD,17.0,True,0 days 01:43:41.164000,3,0 days 00:00:21.509000,0 days 00:00:25.008000,0 days 00:00:31.273000,12,77.79,6221.164,2.51299999999992,True,False,False,False,17.0,0.0,0.0,0.0,0.0,21.509,25.008,31.273,0,0,1,0.0,77.17699999999999,0.14924979061966775,4.107208442001219,0,0,77.401,77.176,-0.22499999999999432,0.35899999999999466,0.38900000000001,0.11966666666666488,0.0,0.28300000000000125,0.08084058386726342,0.11966666666666488,0,0,2023,Canadian Grand Prix,2023_Canadian Grand Prix
HAM,30,0 days 00:01:17.176000,HARD,18.0,True,0 days 01:44:58.340000,3,0 days 00:00:21.516000,0 days 00:00:24.586000,0 days 00:00:31.074000,1,77.176,6298.34,3.0289999999995416,True,False,False,False,18.0,0.0,0.0,0.0,0.0,21.516,24.586,31.074,0,0,0,0.0,77.2868,0.316423292442269,-0.3501638553369546,0,0,77.79,77.251,-0.5390000000000015,0.7480000000000047,-0.6140000000000043,0.2133333333333335,0.0,0.03100000000000236,0.08928157704700361,0.2133333333333335,0,0,2023,Canadian Grand Prix,2023_Canadian Grand Prix
HAM,31,0 days 00:01:17.251000,HARD,19.0,True,0 days 01:46:15.591000,3,0 days 00:00:21.467000,0 days 00:00:24.595000,0 days 00:00:31.189000,1,77.251,6375.591,3.1599999999998545,True,False,False,False,19.0,0.0,0.0,0.0,0.0,21.467,24.595,31.189,0,0,0,0.0,77.3136,0.2954882400367284,-0.2118527627096364,0,0,77.176,77.599,0.4230000000000018,0.125,0.07500000000000284,0.041666666666666664,0.0,0.11499999999999844,0.10729958061427779,0.041666666666666664,0,0,2023,Canadian Grand Prix,2023_Canadian Grand Prix
HAM,32,0 days 00:01:17.599000,HARD,20.0,True,0 days 01:47:33.190000,3,0 days 00:00:21.626000,0 days 00:00:24.798000,0 days 00:00:31.175000,1,77.599,6453.19,2.94800000000032,True,False,False,False,20.0,0.0,0.0,0.0,0.0,21.626,24.798,31.175,0,0,0,0.0,77.33380000000001,0.2847660443241103,0.9312908097222156,0,0,77.251,77.279,0.027999999999991587,0.20000000000000284,0.347999999999999,-0.04999999999999716,0.0,0.10099999999999909,0.10740949678682955,-0.04999999999999716,0,0,2023,Canadian Grand Prix,2023_Canadian Grand Prix
HAM,33,0 days 00:01:17.279000,HARD,21.0,True,0 days 01:48:50.469000,3,0 days 00:00:21.486000,0 days 00:00:24.742000,0 days 00:00:31.051000,1,77.279,6530.469,2.8580000000001746,True,False,False,False,21.0,0.0,0.0,0.0,0.0,21.486,24.742,31.051,0,0,0,0.0,77.44340000000001,0.2523198367152032,-0.6515540043947288,0,0,77.599,77.5,-0.09900000000000375,0.4230000000000018,-0.3200000000000074,-0.0636666666666675,0.0,-0.02300000000000324,0.09961927524329815,-0.0636666666666675,0,0,2023,Canadian Grand Prix,2023_Canadian Grand Prix
HAM,34,0 days 00:01:17.500000,HARD,22.0,True,0 days 01:50:07.969000,3,0 days 00:00:21.594000,0 days 00:00:24.713000,0 days 00:00:31.193000,1,77.5,6607.969,2.8189999999995052,True,False,False,False,22.0,0.0,0.0,0.0,0.0,21.594,24.713,31.193,0,0,0,0.0,77.41900000000001,0.2631130935548252,0.30785241017703585,0,0,77.279,77.65,0.3710000000000093,0.10299999999999443,0.22100000000000364,0.034333333333331474,0.0,0.142000000000003,0.11575318570130252,0.034333333333331474,0,0,2023,Canadian Grand Prix,2023_Canadian Grand Prix
HAM,35,0 days 00:01:17.650000,HARD,23.0,True,0 days 01:51:25.619000,3,0 days 00:00:21.604000,0 days 00:00:24.808000,0 days 00:00:31.238000,12,77.65,6685.619,2.911000000000058,True,False,False,False,23.0,0.0,0.0,0.0,0.0,21.604,24.808,31.238,0,0,1,0.0,77.361,0.17959259450210277,1.6091977556269321,0,0,77.5,77.875,0.375,0.32399999999999807,0.15000000000000568,0.08299999999999841,0.0,0.18700000000000117,0.06761804492885143,0.08299999999999841,0,0,2023,Canadian Grand Prix,2023_Canadian Grand Prix
HAM,36,0 days 00:01:17.875000,HARD,24.0,True,0 days 01:52:43.494000,3,0 days 00:00:22.041000,0 days 00:00:24.802000,0 days 00:00:31.032000,21,77.875,6763.494,3.0700000000006185,True,False,False,False,24.0,0.0,0.0,0.0,0.0,22.041,24.802,31.032,0,0,1,0.0,77.4558,0.18260257391390386,2.2956960080839504,0,0,77.65,77.036,-0.6140000000000043,0.3990000000000009,0.22499999999999432,0.017000000000000643,0.0,-0.01899999999999835,0.07840790776446156,0.017000000000000643,0,0,2023,Canadian Grand Prix,2023_Canadian Grand Prix
HAM,37,0 days 00:01:17.036000,HARD,25.0,True,0 days 01:54:00.530000,3,0 days 00:00:21.334000,0 days 00:00:24.617000,0 days 00:00:31.085000,1,77.036,6840.53,3.4549999999999272,True,False,False,False,25.0,0.0,0.0,0.0,0.0,21.334,24.617,31.085,0,0,0,0.0,77.5806,0.21753459494977068,-2.5035098446100137,1,0,77.875,77.438,-0.4369999999999976,0.5960000000000036,-0.8389999999999986,0.19866666666666788,0.0,0.053000000000000824,0.0950199978951812,0.19866666666666788,0,0,2023,Canadian Grand Prix,2023_Canadian Grand Prix
HAM,38,0 days 00:01:17.438000,HARD,26.0,True,0 days 01:55:17.968000,3,0 days 00:00:21.462000,0 days 00:00:24.908000,0 days 00:00:31.068000,1,77.438,6917.968,3.5830000000005384,True,False,False,False,26.0,0.0,0.0,0.0,0.0,21.462,24.908,31.068,0,0,0,0.0,77.468,0.32486227851195865,-0.09234682505281017,0,1,77.036,77.517,0.48099999999999454,0.0,0.402000000000001,-0.1546666666666662,0.0,0.036000000000001364,0.0944880944881431,-0.1546666666666662,0,0,2023,Canadian Grand Prix,2023_Canadian Grand Prix
HAM,39,0 days 00:01:17.517000,HARD,27.0,True,0 days 01:56:35.485000,3,0 days 00:00:21.559000,0 days 00:00:24.883000,0 days 00:00:31.075000,1,77.517,6995.485,29.25300000000061,True,False,False,False,27.0,0.0,0.0,0.0,0.0,21.559,24.883,31.075,0,0,0,0.0,77.49980000000001,0.3091378333364828,0.05563861211793802,0,0,77.438,76.905,-0.5330000000000013,0.402000000000001,0.07899999999999352,-0.07066666666666777,0.0,0.04299999999999926,0.08330486180289864,-0.07066666666666777,0,0,2023,Canadian Grand Prix,2023_Canadian Grand Prix
HAM,42,0 days 00:01:16.905000,MEDIUM,2.0,True,0 days 02:00:46.311000,3,0 days 00:00:21.411000,0 days 00:00:24.590000,0 days 00:00:30.904000,1,76.905,7246.311,2.6390000000001237,False,True,False,False,2.0,0.0,0.0,0.0,0.0,21.411,24.59,30.904,0,0,0,0.0,77.5032,0.3092340537521286,-1.934457064937299,1,0,77.517,76.281,-1.23599999999999,0.48099999999999454,-0.6119999999999948,-0.11933333333333469,0.0,-0.16400000000000148,0.07629547824084992,-0.11933333333333469,0,0,2023,Canadian Grand Prix,2023_Canadian Grand Prix
HAM,43,0 days 00:01:16.281000,MEDIUM,3.0,True,0 days 02:02:02.592000,3,0 days 00:00:21.094000,0 days 00:00:24.394000,0 days 00:00:30.793000,1,76.281,7322.592,2.6580000000003565,False,True,False,False,3.0,0.0,0.0,0.0,0.0,21.094,24.394,30.793,0,0,0,0.0,77.35419999999999,0.38980469468697043,-2.753173613934564,1,1,76.905,76.003,-0.902000000000001,0.0,-0.6239999999999952,-0.04366666666666674,0.0,-0.11100000000000065,0.09040298667632697,-0.04366666666666674,0,0,2023,Canadian Grand Prix,2023_Canadian Grand Prix
HAM,44,0 days 00:01:16.003000,MEDIUM,4.0,True,0 days 02:03:18.595000,3,0 days 00:00:21.048000,0 days 00:00:24.237000,0 days 00:00:30.718000,1,76.003,7398.595,2.7979999999997744,False,True,False,False,4.0,0.0,0.0,0.0,0.0,21.048,24.237,30.718,0,0,0,0.0,77.0354,0.49501242408657203,-2.0856042187325796,1,1,76.281,76.005,-0.27600000000001046,0.0,-0.2780000000000058,-0.3856666666666655,0.0,-0.07499999999999929,0.10134248862150655,-0.3856666666666655,0,0,2023,Canadian Grand Prix,2023_Canadian Grand Prix
HAM,45,0 days 00:01:16.005000,MEDIUM,5.0,True,0 days 02:04:34.600000,3,0 days 00:00:20.969000,0 days 00:00:24.289000,0 days 00:00:30.747000,1,76.005,7474.6,3.1939999999995052,False,True,False,False,5.0,0.0,0.0,0.0,0.0,20.969,24.289,30.747,0,0,0,0.0,76.8288,0.6768642404501127,-1.2170830585645669,0,1,76.003,75.879,-0.12399999999999523,0.0,0.001999999999995339,-0.5046666666666653,0.0,0.028999999999999915,0.09123979394978993,-0.5046666666666653,0,0,2023,Canadian Grand Prix,2023_Canadian Grand Prix
HAM,46,0 days 00:01:15.879000,MEDIUM,6.0,True,0 days 02:05:50.479000,3,0 days 00:00:20.963000,0 days 00:00:24.332000,0 days 00:00:30.584000,1,75.879,7550.479,3.4459999999999127,False,True,False,False,6.0,0.0,0.0,0.0,0.0,20.963,24.332,30.584,0,0,0,0.0,76.54220000000001,0.6575341816211292,-1.0086167663024077,0,0,76.005,75.396,-0.6089999999999947,0.001999999999995339,-0.12599999999999056,-0.3000000000000019,0.0,-0.13400000000000034,0.08954775262394951,-0.3000000000000019,0,0,2023,Canadian Grand Prix,2023_Canadian Grand Prix
HAM,47,0 days 00:01:15.396000,MEDIUM,7.0,True,0 days 02:07:05.875000,3,0 days 00:00:20.768000,0 days 00:00:24.050000,0 days 00:00:30.578000,1,75.396,7625.875,3.9570000000003347,False,True,False,False,7.0,0.0,0.0,0.0,0.0,20.768,24.05,30.578,0,0,0,0.0,76.21459999999999,0.4130360759064962,-1.9819092029755419,1,0,75.879,76.311,0.43200000000000216,0.0,-0.4830000000000041,-0.13400000000000034,0.0,-0.006000000000000227,0.07455534856735681,-0.13400000000000034,0,0,2023,Canadian Grand Prix,2023_Canadian Grand Prix
HAM,48,0 days 00:01:16.311000,MEDIUM,8.0,True,0 days 02:08:22.186000,3,0 days 00:00:21.135000,0 days 00:00:24.267000,0 days 00:00:30.909000,1,76.311,7702.186,3.605000000000473,False,True,False,False,8.0,0.0,0.0,0.0,0.0,21.135,24.267,30.909,0,0,0,0.0,75.9128,0.32420394815656517,1.228239206413684,0,1,75.396,76.114,0.7180000000000035,0.0,0.9150000000000063,-0.20233333333333312,0.0,0.3309999999999995,0.06916863451015945,-0.20233333333333312,0,0,2023,Canadian Grand Prix,2023_Canadian Grand Prix
HAM,49,0 days 00:01:16.114000,MEDIUM,9.0,True,0 days 02:09:38.300000,3,0 days 00:00:21.017000,0 days 00:00:24.335000,0 days 00:00:30.762000,1,76.114,7778.3,3.4589999999998327,False,True,False,False,9.0,0.0,0.0,0.0,0.0,21.017,24.335,30.762,0,0,0,0.0,75.9188,0.33288316268670565,0.5863919293019728,0,0,76.311,76.246,-0.06500000000001194,0.9150000000000063,-0.19700000000000273,0.10200000000000387,0.0,0.18400000000000105,0.18014854981375766,0.10200000000000387,0,0,2023,Canadian Grand Prix,2023_Canadian Grand Prix
HAM,50,0 days 00:01:16.246000,MEDIUM,10.0,True,0 days 02:10:54.546000,3,0 days 00:00:21.247000,0 days 00:00:24.216000,0 days 00:00:30.783000,1,76.246,7854.546,3.4879999999993743,False,True,False,False,10.0,0.0,0.0,0.0,0.0,21.247,24.216,30.783,0,0,0,0.0,75.941,0.3434363114178511,0.8880831463068741,0,0,76.114,76.102,-0.012000000000000455,0.7180000000000035,0.1319999999999908,0.07833333333333314,0.0,0.20500000000000185,0.18000472216028124,0.07833333333333314,0,0,2023,Canadian Grand Prix,2023_Canadian Grand Prix
HAM,51,0 days 00:01:16.102000,MEDIUM,11.0,True,0 days 02:12:10.648000,3,0 days 00:00:21.143000,0 days 00:00:24.335000,0 days 00:00:30.624000,1,76.102,7930.648,3.5770000000002256,False,True,False,False,11.0,0.0,0.0,0.0,0.0,21.143,24.335,30.624,0,0,0,0.0,75.98920000000001,0.3705087043515827,0.30444628877856234,0,0,76.246,75.691,-0.5549999999999926,0.8499999999999943,-0.14399999999999125,0.28333333333333144,0.0,-0.13800000000000168,0.18449525739162004,0.28333333333333144,0,0,2023,Canadian Grand Prix,2023_Canadian Grand Prix
HAM,52,0 days 00:01:15.691000,MEDIUM,12.0,True,0 days 02:13:26.339000,3,0 days 00:00:20.906000,0 days 00:00:24.159000,0 days 00:00:30.626000,1,75.691,8006.339,4.011000000000422,False,True,False,False,12.0,0.0,0.0,0.0,0.0,20.906,24.159,30.626,0,0,0,0.0,76.03380000000001,0.3673352692027813,-0.9332074231368567,0,0,76.102,76.019,-0.08299999999999841,0.7060000000000031,-0.41100000000000136,-0.06966666666666772,0.0,0.0020000000000024443,0.1858539749373155,-0.06966666666666772,0,0,2023,Canadian Grand Prix,2023_Canadian Grand Prix
HAM,53,0 days 00:01:16.019000,MEDIUM,13.0,True,0 days 02:14:42.358000,3,0 days 00:00:21.121000,0 days 00:00:24.155000,0 days 00:00:30.743000,1,76.019,8082.358,3.9520000000002256,False,True,False,False,13.0,0.0,0.0,0.0,0.0,21.121,24.155,30.743,0,0,0,0.0,76.0928,0.24138081945396314,-0.30574094564322574,0,0,75.691,75.541,-0.15000000000000568,0.0,0.32800000000000296,-0.1410000000000006,0.0,0.11899999999999977,0.18457979304355107,-0.1410000000000006,0,0,2023,Canadian Grand Prix,2023_Canadian Grand Prix
HAM,54,0 days 00:01:15.541000,MEDIUM,14.0,True,0 days 02:15:57.899000,3,0 days 00:00:20.961000,0 days 00:00:24.050000,0 days 00:00:30.530000,1,75.541,8157.899,4.536999999999352,False,True,False,False,14.0,0.0,0.0,0.0,0.0,20.961,24.05,30.53,0,0,0,0.0,76.0344,0.20847134095668396,-2.366752176753766,1,0,76.019,76.102,0.08299999999999841,0.32800000000000296,-0.47800000000000864,-0.07566666666666322,0.0,-0.09399999999999764,0.14266499220201245,-0.07566666666666322,0,0,2023,Canadian Grand Prix,2023_Canadian Grand Prix
HAM,55,0 days 00:01:16.102000,MEDIUM,15.0,True,0 days 02:17:14.001000,3,0 days 00:00:21.109000,0 days 00:00:24.229000,0 days 00:00:30.764000,1,76.102,8234.001,4.479999999999563,False,True,False,False,15.0,0.0,0.0,0.0,0.0,21.109,24.229,30.764,0,0,0,0.0,75.9198,0.29380384612918997,0.6201416434824094,0,1,75.541,75.793,0.25200000000000955,0.0,0.561000000000007,-0.18700000000000236,0.0,0.2339999999999982,0.14344232290366796,-0.18700000000000236,0,0,2023,Canadian Grand Prix,2023_Canadian Grand Prix
HAM,56,0 days 00:01:15.793000,MEDIUM,16.0,True,0 days 02:18:29.794000,3,0 days 00:00:20.989000,0 days 00:00:24.254000,0 days 00:00:30.550000,1,75.793,8309.794,4.899999999999636,False,True,False,False,16.0,0.0,0.0,0.0,0.0,20.989,24.254,30.55,0,0,0,0.0,75.891,0.2588078437766388,-0.37865931175013684,0,0,76.102,75.81,-0.2920000000000016,0.561000000000007,-0.3089999999999975,0.13700000000000045,0.0,0.019999999999999574,0.15311368325528513,0.13700000000000045,0,0,2023,Canadian Grand Prix,2023_Canadian Grand Prix
HAM,57,0 days 00:01:15.810000,MEDIUM,17.0,True,0 days 02:19:45.604000,3,0 days 00:00:20.914000,0 days 00:00:24.255000,0 days 00:00:30.641000,1,75.81,8385.604,5.058000000000902,False,True,False,False,17.0,0.0,0.0,0.0,0.0,20.914,24.255,30.641,0,0,0,0.0,75.8292,0.23125354051414382,-0.08302575587517798,0,0,75.793,75.802,0.009000000000000341,0.25200000000000955,0.016999999999995907,-0.07533333333333303,0.0,0.1109999999999971,0.1248647268046489,-0.07533333333333303,0,0,2023,Canadian Grand Prix,2023_Canadian Grand Prix
HAM,58,0 days 00:01:15.802000,MEDIUM,18.0,True,0 days 02:21:01.406000,3,0 days 00:00:21.030000,0 days 00:00:24.255000,0 days 00:00:30.517000,1,75.802,8461.406,5.559999999999491,False,True,False,False,18.0,0.0,0.0,0.0,0.0,21.03,24.255,30.517,0,0,0,0.0,75.85300000000001,0.21928862259661558,-0.23257020540375745,0,0,75.81,75.972,0.16199999999999193,0.26900000000000546,-0.007999999999995566,0.08966666666666849,0.0,-0.03300000000000125,0.12252958826340526,0.08966666666666849,0,0,2023,Canadian Grand Prix,2023_Canadian Grand Prix
HAM,59,0 days 00:01:15.972000,MEDIUM,19.0,True,0 days 02:22:17.378000,3,0 days 00:00:21.001000,0 days 00:00:24.309000,0 days 00:00:30.662000,1,75.972,8537.378,5.548999999999069,False,True,False,False,19.0,0.0,0.0,0.0,0.0,21.001,24.309,30.662,0,0,0,0.0,75.8096,0.1987317287207309,0.8171820425726015,0,0,75.802,76.133,0.33099999999998886,0.2610000000000099,0.1699999999999875,-0.09999999999999905,0.0,0.14499999999999957,0.12852353870011374,-0.09999999999999905,0,0,2023,Canadian Grand Prix,2023_Canadian Grand Prix
HAM,60,0 days 00:01:16.133000,MEDIUM,20.0,True,0 days 02:23:33.511000,3,0 days 00:00:20.997000,0 days 00:00:24.375000,0 days 00:00:30.761000,1,76.133,8613.511,5.656999999999243,False,True,False,False,20.0,0.0,0.0,0.0,0.0,20.997,24.375,30.761,0,0,0,0.0,75.89580000000001,0.13697883048234089,1.7316544400674139,0,0,75.972,76.292,0.3200000000000074,0.17899999999998784,0.16100000000000136,0.059666666666662614,0.0,0.24399999999999977,0.1049823794738905,0.059666666666662614,0,0,2023,Canadian Grand Prix,2023_Canadian Grand Prix
HAM,61,0 days 00:01:16.292000,MEDIUM,21.0,True,0 days 02:24:49.803000,3,0 days 00:00:21.103000,0 days 00:00:24.422000,0 days 00:00:30.767000,1,76.292,8689.803,5.440000000000509,False,True,False,False,21.0,0.0,0.0,0.0,0.0,21.103,24.422,30.767,0,0,0,0.0,75.902,0.1488337999256484,2.620372524217143,0,0,76.133,76.027,-0.10599999999999454,0.3399999999999892,0.15900000000000603,0.10766666666666443,0.0,0.25,0.10832497403646149,0.10766666666666443,0,0,2023,Canadian Grand Prix,2023_Canadian Grand Prix
HAM,62,0 days 00:01:16.027000,MEDIUM,22.0,True,0 days 02:26:05.830000,3,0 days 00:00:21.063000,0 days 00:00:24.282000,0 days 00:00:30.682000,1,76.027,8765.83,5.612999999999374,False,True,False,False,22.0,0.0,0.0,0.0,0.0,21.063,24.282,30.682,0,0,0,0.0,76.0018,0.211556611809432,0.11911705233159062,0,0,76.292,76.368,0.0759999999999934,0.4899999999999949,-0.26500000000000057,0.16333333333333164,0.0,0.019999999999999574,0.11581580203063895,0.16333333333333164,0,0,2023,Canadian Grand Prix,2023_Canadian Grand Prix
HAM,63,0 days 00:01:16.368000,MEDIUM,23.0,True,0 days 02:27:22.198000,3,0 days 00:00:21.195000,0 days 00:00:24.279000,0 days 00:00:30.894000,1,76.368,8842.198,5.3799999999992,False,True,False,False,23.0,0.0,0.0,0.0,0.0,21.195,24.279,30.894,0,0,0,0.0,76.0452,0.18265732944581678,1.7672436194013,0,0,76.027,76.316,0.2890000000000015,0.22499999999999432,0.340999999999994,0.018333333333335606,0.0,0.21199999999999974,0.12862231532669635,0.018333333333335606,0,0,2023,Canadian Grand Prix,2023_Canadian Grand Prix
HAM,64,0 days 00:01:16.316000,MEDIUM,24.0,True,0 days 02:28:38.514000,3,0 days 00:00:21.167000,0 days 00:00:24.333000,0 days 00:00:30.816000,1,76.316,8918.514,5.010000000000218,False,True,False,False,24.0,0.0,0.0,0.0,0.0,21.167,24.333,30.816,0,0,0,0.0,76.1584,0.16914283904515917,0.9317568564515156,0,0,76.368,76.121,-0.2469999999999999,0.3960000000000008,-0.0519999999999925,0.07833333333333314,0.0,0.13400000000000034,0.09575593976354695,0.07833333333333314,0,0,2023,Canadian Grand Prix,2023_Canadian Grand Prix
HAM,65,0 days 00:01:16.121000,MEDIUM,25.0,True,0 days 02:29:54.635000,3,0 days 00:00:21.236000,0 days 00:00:24.235000,0 days 00:00:30.650000,1,76.121,8994.635,5.155000000000655,False,True,False,False,25.0,0.0,0.0,0.0,0.0,21.236,24.235,30.65,0,0,0,0.0,76.2272,0.14218192571576388,-0.7469303813784727,0,0,76.316,76.537,0.22100000000000364,0.2890000000000015,-0.1950000000000074,0.008000000000000304,0.0,-0.03200000000000003,0.09671607932500167,0.008000000000000304,0,0,2023,Canadian Grand Prix,2023_Canadian Grand Prix
HAM,66,0 days 00:01:16.537000,MEDIUM,26.0,True,0 days 02:31:11.172000,3,0 days 00:00:21.241000,0 days 00:00:24.294000,0 days 00:00:31.002000,1,76.537,9071.172,4.859000000000378,False,True,False,False,26.0,0.0,0.0,0.0,0.0,21.241,24.294,31.002,0,0,0,0.0,76.2248,0.14425567579905907,2.164212938386447,0,0,76.121,76.651,0.5300000000000011,0.09399999999999409,0.416000000000011,0.03133333333333136,0.0,0.3520000000000003,0.12105040272547637,0.03133333333333136,0,0,2023,Canadian Grand Prix,2023_Canadian Grand Prix
HAM,67,0 days 00:01:16.651000,MEDIUM,27.0,True,0 days 02:32:27.823000,3,0 days 00:00:21.400000,0 days 00:00:24.378000,0 days 00:00:30.873000,1,76.651,9147.823,4.924999999999272,False,True,False,False,27.0,0.0,0.0,0.0,0.0,21.4,24.378,30.873,0,0,0,0.0,76.2738,0.202599851925504,1.8617980043672415,0,0,76.537,76.854,0.31699999999999307,0.5100000000000051,0.11399999999999011,0.056333333333337045,0.0,0.22300000000000253,0.15338578812914858,0.056333333333337045,0,0,2023,Canadian Grand Prix,2023_Canadian Grand Prix
HAM,68,0 days 00:01:16.854000,MEDIUM,28.0,True,0 days 02:33:44.677000,3,0 days 00:00:21.545000,0 days 00:00:24.401000,0 days 00:00:30.908000,1,76.854,9224.677,4.345999999999549,False,True,False,False,28.0,0.0,0.0,0.0,0.0,21.545,24.401,30.908,0,0,0,0.0,76.3986,0.2047444748954558,2.2242358443739607,0,0,76.651,76.391,-0.2599999999999909,0.5300000000000011,0.20300000000000296,0.11166666666666458,0.0,0.25800000000000267,0.1409723377120493,0.11166666666666458,0,0,2023,Canadian Grand Prix,2023_Canadian Grand Prix
HAM,69,0 days 00:01:16.391000,MEDIUM,29.0,True,0 days 02:35:01.068000,3,0 days 00:00:21.274000,0 days 00:00:24.267000,0 days 00:00:30.850000,1,76.391,9301.068,4.452000000001135,False,True,False,False,29.0,0.0,0.0,0.0,0.0,21.274,24.267,30.85,0,0,0,0.0,76.4958,0.2858735734554727,-0.36659562034096466,0,0,76.854,77.169,0.3149999999999977,0.7330000000000041,-0.46299999999999386,0.2443333333333347,0.0,-0.022999999999999687,0.1451998622588884,0.2443333333333347,0,0,2023,Canadian Grand Prix,2023_Canadian Grand Prix
HUL,2,0 days 00:01:19.510000,MEDIUM,2.0,True,0 days 01:04:52.336000,6,0 days 00:00:22.414000,0 days 00:00:25.382000,0 days 00:00:31.714000,1,79.51,3892.336,0.6010000000001128,False,True,False,False,2.0,0.0,0.0,0.0,0.0,22.414,25.382,31.714,0,0,0,0.0,76.7204,0.30250917341489486,9.221538535540667,0,0,79.51,78.703,-0.8070000000000022,3.1189999999999998,0.0,0.17266666666666688,0.0,0.8639999999999972,0.13848934977102068,0.0,0,1,2023,Canadian Grand Prix,2023_Canadian Grand Prix
HUL,3,0 days 00:01:18.703000,MEDIUM,3.0,True,0 days 01:06:11.039000,6,0 days 00:00:22.172000,0 days 00:00:25.219000,0 days 00:00:31.312000,1,78.703,3971.039,0.38699999999971624,False,True,False,False,3.0,0.0,0.0,0.0,0.0,22.172,25.219,31.312,0,0,0,0.0,,,0.0,0,0,79.51,78.696,-0.8140000000000072,0.0,-0.8070000000000022,0.0,0.0,0.0,0.0,0.0,0,1,2023,Canadian Grand Prix,2023_Canadian Grand Prix
HUL,4,0 days 00:01:18.696000,MEDIUM,4.0,True,0 days 01:07:29.735000,6,0 days 00:00:22.092000,0 days 00:00:25.025000,0 days 00:00:31.579000,1,78.696,4049.735,0.6309999999998581,False,True,False,False,4.0,0.0,0.0,0.0,0.0,22.092,25.025,31.579,0,0,0,0.0,,,0.0,0,0,78.703,78.471,-0.23199999999999932,0.0,-0.007000000000005002,-0.4035000000000011,0.0,0.26699999999999946,0.0,0.0,0,1,2023,Canadian Grand Prix,2023_Canadian Grand Prix
HUL,5,0 days 00:01:18.471000,MEDIUM,5.0,True,0 days 01:08:48.206000,6,0 days 00:00:22.001000,0 days 00:00:25.054000,0 days 00:00:31.416000,1,78.471,4128.206,0.3419999999996435,False,True,False,False,5.0,0.0,0.0,0.0,0.0,22.001,25.054,31.416,0,0,0,0.0,78.96966666666667,0.4679554822131478,-1.0656284318078117,0,0,78.696,78.726,0.030000000000001137,0.0,-0.22499999999999432,-0.2713333333333357,0.0,0.1039999999999992,0.4423787969602507,-0.4070000000000036,0,1,2023,Canadian Grand Prix,2023_Canadian Grand Prix
HUL,6,0 days 00:01:18.726000,MEDIUM,6.0,True,0 days 01:10:06.932000,6,0 days 00:00:22.095000,0 days 00:00:25.138000,0 days 00:00:31.493000,1,78.726,4206.932,0.23099999999976717,False,True,False,False,6.0,0.0,0.0,0.0,0.0,22.095,25.138,31.493,0,0,0,0.0,78.845,0.45624043368966827,-0.26082738664268146,0,0,78.471,80.594,2.1229999999999905,0.0,0.25499999999999545,-0.3463333333333338,0.0,0.18099999999999739,0.38613242547084686,-0.3463333333333338,0,1,2023,Canadian Grand Prix,2023_Canadian Grand Prix
HUL,7,0 days 00:01:20.594000,MEDIUM,7.0,True,0 days 01:11:27.526000,7,0 days 00:00:23.259000,0 days 00:00:25.652000,0 days 00:00:31.683000,12,80.594,4287.526,0.22299999999995634,False,True,False,False,7.0,0.0,0.0,0.0,0.0,23.259,25.652,31.683,0,0,1,0.0,78.8212,0.398683709223242,4.44663265387479,0,0,78.726,78.866,0.14000000000000057,0.25499999999999545,1.867999999999995,0.007666666666665378,0.0,0.26699999999999946,0.33924578110862247,0.007666666666665378,0,1,2023,Canadian Grand Prix,2023_Canadian Grand Prix
HUL,9,0 days 00:01:18.866000,MEDIUM,9.0,True,0 days 01:14:19.617000,7,0 days 00:00:22.144000,0 days 00:00:25.110000,0 days 00:00:31.612000,1,78.866,4459.617,0.113999999999578,False,True,False,False,9.0,0.0,0.0,0.0,0.0,22.144,25.11,31.612,0,0,0,0.0,79.038,0.8759506264624723,-0.19635809919403704,0,0,80.594,79.083,-1.5109999999999957,2.1229999999999905,-1.7279999999999944,0.6326666666666654,0.0,0.19599999999999795,0.11402061217165936,0.6326666666666654,0,1,2023,Canadian Grand Prix,2023_Canadian Grand Prix
HUL,10,0 days 00:01:19.083000,MEDIUM,10.0,True,0 days 01:15:38.700000,7,0 days 00:00:22.270000,0 days 00:00:25.314000,0 days 00:00:31.499000,1,79.083,4538.7,0.4360000000006039,False,True,False,False,10.0,0.0,0.0,0.0,0.0,22.27,25.314,31.499,0,0,0,0.0,79.07059999999998,0.8633080562580191,0.014363354899942823,0,0,78.866,80.153,1.2870000000000061,0.394999999999996,0.21699999999999875,0.13166666666666535,0.0,0.006000000000000227,0.06805512471518989,0.13166666666666535,0,1,2023,Canadian Grand Prix,2023_Canadian Grand Prix
HUL,17,0 days 00:01:20.153000,HARD,6.0,True,0 days 01:28:23.003000,15,0 days 00:00:22.806000,0 days 00:00:25.524000,0 days 00:00:31.823000,1,80.153,5303.003,0.4470000000001164,True,False,False,False,6.0,0.0,0.0,0.0,0.0,22.806,25.524,31.823,0,0,0,0.0,79.148,0.8383134855172013,1.198835539881564,0,0,79.083,79.371,0.2879999999999967,0.6119999999999948,1.0700000000000074,0.11899999999999977,0.0,0.3240000000000016,0.09951733517332492,0.11899999999999977,0,1,2023,Canadian Grand Prix,2023_Canadian Grand Prix
HUL,18,0 days 00:01:19.371000,HARD,7.0,True,0 days 01:29:42.374000,15,0 days 00:00:22.371000,0 days 00:00:25.158000,0 days 00:00:31.842000,1,79.371,5382.374,0.43400000000019645,True,False,False,False,7.0,0.0,0.0,0.0,0.0,22.371,25.158,31.842,0,0,0,0.0,79.48440000000001,0.8362041018794402,-0.13561282436325847,0,0,80.153,78.199,-1.9540000000000077,1.4270000000000067,-0.7820000000000107,-0.1469999999999961,0.0,0.34299999999999997,0.12014865792009534,-0.1469999999999961,0,1,2023,Canadian Grand Prix,2023_Canadian Grand Prix
HUL,19,0 days 00:01:18.199000,HARD,8.0,True,0 days 01:31:00.573000,15,0 days 00:00:22.184000,0 days 00:00:24.875000,0 days 00:00:31.140000,1,78.199,5460.573,0.5209999999997308,True,False,False,False,8.0,0.0,0.0,0.0,0.0,22.184,24.875,31.14,0,0,0,0.0,79.6134,0.7333882327935175,-1.9285828934184974,1,0,79.371,78.555,-0.8159999999999883,0.5049999999999955,-1.171999999999997,0.1683333333333318,0.0,-0.3589999999999982,0.13625967855532348,0.1683333333333318,0,1,2023,Canadian Grand Prix,2023_Canadian Grand Prix
HUL,20,0 days 00:01:18.555000,HARD,9.0,True,0 days 01:32:19.128000,15,0 days 00:00:22.195000,0 days 00:00:25.084000,0 days 00:00:31.276000,1,78.555,5539.128,0.40900000000056025,True,False,False,False,9.0,0.0,0.0,0.0,0.0,22.195,25.084,31.276,0,0,0,0.0,79.1344,0.7146990975228692,-0.810690823604199,0,1,78.199,78.786,0.5870000000000033,0.0,0.35600000000000875,-0.2946666666666668,0.0,0.13599999999999923,0.29066217504174785,-0.2946666666666668,0,1,2023,Canadian Grand Prix,2023_Canadian Grand Prix
HUL,21,0 days 00:01:18.786000,HARD,10.0,True,0 days 01:33:37.914000,15,0 days 00:00:22.386000,0 days 00:00:25.137000,0 days 00:00:31.263000,1,78.786,5617.914,0.34799999999995634,True,False,False,False,10.0,0.0,0.0,0.0,0.0,22.386,25.137,31.263,0,0,0,0.0,79.07220000000001,0.7562243053486186,-0.3784591396702994,0,0,78.555,78.348,-0.20700000000000784,0.35600000000000875,0.23099999999999454,-0.5326666666666663,0.0,0.12300000000000111,0.28702700221407695,-0.5326666666666663,0,1,2023,Canadian Grand Prix,2023_Canadian Grand Prix
HUL,22,0 days 00:01:18.348000,HARD,11.0,True,0 days 01:34:56.262000,15,0 days 00:00:22.216000,0 days 00:00:24.997000,0 days 00:00:31.135000,1,78.348,5696.262,0.47299999999995634,True,False,False,False,11.0,0.0,0.0,0.0,0.0,22.216,24.997,31.135,0,0,0,0.0,79.0128,0.7667549804207338,-0.8670305599256891,0,0,78.786,78.695,-0.09100000000000819,0.5870000000000033,-0.4380000000000024,-0.19499999999999792,0.0,-0.004999999999999005,0.28321069895044526,-0.19499999999999792,0,1,2023,Canadian Grand Prix,2023_Canadian Grand Prix
HUL,23,0 days 00:01:18.695000,HARD,12.0,True,0 days 01:36:14.957000,15,0 days 00:00:22.353000,0 days 00:00:25.086000,0 days 00:00:31.256000,1,78.695,5774.957,0.3419999999996435,True,False,False,False,12.0,0.0,0.0,0.0,0.0,22.353,25.086,31.256,0,0,0,0.0,78.65180000000001,0.4587893852302986,0.094160853303743,0,0,78.348,78.391,0.043000000000006366,0.1490000000000009,0.3469999999999942,0.04966666666666697,0.0,0.12099999999999866,0.25925431529677495,0.04966666666666697,0,1,2023,Canadian Grand Prix,2023_Canadian Grand Prix
HUL,24,0 days 00:01:18.391000,HARD,13.0,True,0 days 01:37:33.348000,15,0 days 00:00:22.263000,0 days 00:00:24.960000,0 days 00:00:31.168000,1,78.391,5853.348,0.4290000000000873,True,False,False,False,13.0,0.0,0.0,0.0,0.0,22.263,24.96,31.168,0,0,0,0.0,78.5166,0.2424732974989097,-0.5179951825439923,0,0,78.695,78.537,-0.15799999999998704,0.4959999999999951,-0.30399999999998784,0.04666666666666212,0.0,0.0329999999999977,0.21042861022208836,0.04666666666666212,0,1,2023,Canadian Grand Prix,2023_Canadian Grand Prix
HUL,25,0 days 00:01:18.537000,HARD,14.0,True,0 days 01:38:51.885000,15,0 days 00:00:22.276000,0 days 00:00:25.004000,0 days 00:00:31.257000,1,78.537,5931.885,0.2569999999996071,True,False,False,False,14.0,0.0,0.0,0.0,0.0,22.276,25.004,31.257,0,0,0,0.0,78.55499999999999,0.18888223844500163,-0.09529747290255498,0,0,78.391,78.69,0.2989999999999924,0.043000000000006366,0.1460000000000008,-0.13166666666666535,0.0,0.12199999999999989,0.06341766315467619,-0.13166666666666535,0,1,2023,Canadian Grand Prix,2023_Canadian Grand Prix
HUL,26,0 days 00:01:18.690000,HARD,15.0,True,0 days 01:40:10.575000,15,0 days 00:00:22.242000,0 days 00:00:25.169000,0 days 00:00:31.279000,1,78.69,6010.575,0.3029999999998836,True,False,False,False,15.0,0.0,0.0,0.0,0.0,22.242,25.169,31.279,0,0,0,0.0,78.5514,0.18905369607599432,0.7331250479455498,0,0,78.537,78.597,0.05999999999998806,0.18900000000000716,0.1529999999999916,0.06300000000000239,0.0,0.11100000000000065,0.06066465198119898,0.06300000000000239,0,1,2023,Canadian Grand Prix,2023_Canadian Grand Prix
HUL,27,0 days 00:01:18.597000,HARD,16.0,True,0 days 01:41:29.172000,15,0 days 00:00:22.270000,0 days 00:00:25.067000,0 days 00:00:31.260000,1,78.597,6089.172,0.8460000000004584,True,False,False,False,16.0,0.0,0.0,0.0,0.0,22.27,25.067,31.26,0,0,0,0.0,78.5322,0.16224580117831702,0.3993940029842272,0,0,78.69,78.49,-0.20000000000000284,0.34199999999999875,-0.09300000000000352,-0.0016666666666651508,0.0,0.0920000000000023,0.0586838989843038,-0.0016666666666651508,0,1,2023,Canadian Grand Prix,2023_Canadian Grand Prix
HUL,28,0 days 00:01:18.490000,HARD,17.0,True,0 days 01:42:47.662000,15,0 days 00:00:22.183000,0 days 00:00:25.185000,0 days 00:00:31.122000,12,78.49,6167.662,0.5579999999999927,True,False,False,False,17.0,0.0,0.0,0.0,0.0,22.183,25.185,31.122,0,0,1,0.0,78.582,0.125662245722388,-0.7321212466888775,0,0,78.597,78.755,0.15800000000000125,0.20599999999998886,-0.10699999999999932,0.06866666666666295,0.0,-0.13500000000000156,0.03711738137315238,0.06866666666666295,0,1,2023,Canadian Grand Prix,2023_Canadian Grand Prix
HUL,29,0 days 00:01:18.755000,HARD,18.0,True,0 days 01:44:06.417000,15,0 days 00:00:22.248000,0 days 00:00:25.153000,0 days 00:00:31.354000,1,78.755,6246.417,0.43799999999919237,True,False,False,False,18.0,0.0,0.0,0.0,0.0,22.248,25.153,31.354,0,0,0,0.0,78.54100000000001,0.11230983928398201,1.905443025867688,0,0,78.49,78.564,0.07399999999999807,0.09899999999998954,0.26500000000000057,-0.01566666666667042,0.0,0.23199999999999932,0.10610984874176482,-0.01566666666667042,0,1,2023,Canadian Grand Prix,2023_Canadian Grand Prix
HUL,30,0 days 00:01:18.564000,HARD,19.0,True,0 days 01:45:24.981000,15,0 days 00:00:22.231000,0 days 00:00:25.109000,0 days 00:00:31.224000,1,78.564,6324.981,0.45899999999983265,True,False,False,False,19.0,0.0,0.0,0.0,0.0,22.231,25.109,31.224,0,0,0,0.0,78.6138,0.10868624567991506,-0.4581996524810282,0,0,78.755,77.294,-1.4609999999999985,0.26500000000000057,-0.1910000000000025,0.021666666666665908,0.0,0.10200000000000031,0.1342583330747113,0.021666666666665908,0,1,2023,Canadian Grand Prix,2023_Canadian Grand Prix
HUL,33,0 days 00:01:17.294000,HARD,2.0,True,0 days 01:49:37.107000,17,0 days 00:00:21.581000,0 days 00:00:24.829000,0 days 00:00:30.884000,1,77.294,6577.107,0.0,True,False,False,False,2.0,0.0,0.0,0.0,0.0,21.581,24.829,30.884,0,0,0,0.0,78.61919999999999,0.10450693756873408,-12.680497877266884,1,0,78.564,77.692,-0.8719999999999999,0.07399999999999807,-1.269999999999996,-0.011000000000000417,0.0,-0.23799999999999955,0.13315141756661897,-0.011000000000000417,0,0,2023,Canadian Grand Prix,2023_Canadian Grand Prix
HUL,34,0 days 00:01:17.692000,HARD,3.0,True,0 days 01:50:54.799000,16,0 days 00:00:21.561000,0 days 00:00:24.817000,0 days 00:00:31.314000,1,77.692,6654.799,6.006999999999607,True,False,False,False,3.0,0.0,0.0,0.0,0.0,21.561,24.817,31.314,0,0,0,0.0,78.33999999999999,0.5926773996028446,-1.0933435296068712,0,1,77.294,78.484,1.1899999999999977,0.0,0.39799999999999613,-0.398666666666666,0.0,0.4299999999999997,0.19170237348556765,-0.398666666666666,0,0,2023,Canadian Grand Prix,2023_Canadian Grand Prix
HUL,35,0 days 00:01:18.484000,HARD,4.0,True,0 days 01:52:13.283000,14,0 days 00:00:22.392000,0 days 00:00:24.907000,0 days 00:00:31.185000,12,78.484,6733.283,3.3939999999993233,True,False,False,False,4.0,0.0,0.0,0.0,0.0,22.392,24.907,31.185,0,0,1,0.0,78.15899999999999,0.6314895090181533,0.5146562141710261,0,0,77.692,77.306,-0.3859999999999957,0.39799999999999613,0.7920000000000016,-0.3543333333333341,0.0,0.3009999999999984,0.27084165115432296,-0.3543333333333341,0,0,2023,Canadian Grand Prix,2023_Canadian Grand Prix
HUL,36,0 days 00:01:17.306000,HARD,5.0,True,0 days 01:53:30.589000,14,0 days 00:00:21.464000,0 days 00:00:24.702000,0 days 00:00:31.140000,1,77.306,6810.589,3.393000000000029,True,False,False,False,5.0,0.0,0.0,0.0,0.0,21.464,24.702,31.14,0,0,0,0.0,78.1578,0.6307084905088784,-1.3505446855689769,0,0,78.484,77.232,-1.2519999999999953,1.1899999999999977,-1.1779999999999973,-0.0266666666666661,0.0,0.2560000000000002,0.25474850343034344,-0.0266666666666661,0,0,2023,Canadian Grand Prix,2023_Canadian Grand Prix
HUL,37,0 days 00:01:17.232000,HARD,6.0,True,0 days 01:54:47.821000,14,0 days 00:00:21.477000,0 days 00:00:24.712000,0 days 00:00:31.043000,1,77.232,6887.821,3.5839999999998327,True,False,False,False,6.0,0.0,0.0,0.0,0.0,21.477,24.712,31.043,0,0,0,0.0,77.868,0.6205175259410389,-1.0249509053519108,0,0,77.306,77.889,0.5829999999999984,0.012000000000000455,-0.07399999999999807,0.004000000000000152,0.0,-0.09700000000000131,0.2565369369116263,0.004000000000000152,0,0,2023,Canadian Grand Prix,2023_Canadian Grand Prix
HUL,38,0 days 00:01:17.889000,HARD,7.0,True,0 days 01:56:05.710000,14,0 days 00:00:21.801000,0 days 00:00:24.858000,0 days 00:00:31.230000,1,77.889,6965.71,2.9459999999999127,True,False,False,False,7.0,0.0,0.0,0.0,0.0,21.801,24.858,31.23,0,0,0,0.0,77.60159999999999,0.5256907836361462,0.5467092232663668,0,0,77.232,77.588,0.35599999999999454,0.0,0.6569999999999965,-0.15333333333333124,0.0,0.18700000000000117,0.28375570478846746,-0.15333333333333124,0,0,2023,Canadian Grand Prix,2023_Canadian Grand Prix
HUL,39,0 days 00:01:17.588000,HARD,8.0,True,0 days 01:57:23.298000,14,0 days 00:00:22.019000,0 days 00:00:24.759000,0 days 00:00:30.810000,1,77.588,7043.298,2.5380000000004657,True,False,False,False,8.0,0.0,0.0,0.0,0.0,22.019,24.759,30.81,0,0,0,0.0,77.72059999999999,0.5056132909645352,-0.26225576417708796,0,0,77.889,78.104,0.2150000000000034,0.6569999999999965,-0.30100000000000193,-0.19833333333333295,0.0,-0.23300000000000054,0.19585019785540192,-0.19833333333333295,0,0,2023,Canadian Grand Prix,2023_Canadian Grand Prix
HUL,40,0 days 00:01:18.104000,HARD,9.0,True,0 days 01:58:41.402000,14,0 days 00:00:21.887000,0 days 00:00:24.957000,0 days 00:00:31.260000,1,78.104,7121.402,1.71100000000024,True,False,False,False,9.0,0.0,0.0,0.0,0.0,21.887,24.957,31.26,0,0,0,0.0,77.69980000000001,0.5092103691010104,0.7937780228505303,0,0,77.588,78.009,0.4210000000000065,0.35599999999999454,0.5160000000000053,0.09399999999999882,0.0,0.45000000000000284,0.23480034071525557,0.09399999999999882,0,0,2023,Canadian Grand Prix,2023_Canadian Grand Prix
HUL,41,0 days 00:01:18.009000,HARD,10.0,True,0 days 01:59:59.411000,14,0 days 00:00:21.827000,0 days 00:00:24.932000,0 days 00:00:31.250000,1,78.009,7199.411,0.8279999999995198,True,False,False,False,10.0,0.0,0.0,0.0,0.0,21.827,24.932,31.25,0,0,0,0.0,77.62379999999999,0.3730646056650045,1.0325289350711129,0,0,78.104,77.718,-0.3859999999999957,0.8719999999999999,-0.09499999999999886,0.29066666666666663,0.0,0.4400000000000013,0.2753675725280679,0.29066666666666663,0,1,2023,Canadian Grand Prix,2023_Canadian Grand Prix
HUL,42,0 days 00:01:17.718000,HARD,11.0,True,0 days 02:01:17.129000,14,0 days 00:00:21.761000,0 days 00:00:24.681000,0 days 00:00:31.276000,1,77.718,7277.129,0.4329999999999927,True,False,False,False,11.0,0.0,0.0,0.0,0.0,21.761,24.681,31.276,0,0,0,0.0,77.7644,0.3554044175302129,-0.13055549596832705,0,0,78.009,78.463,0.4539999999999935,0.777000000000001,-0.2909999999999968,0.040000000000001514,0.0,0.4660000000000011,0.3095016962796826,0.040000000000001514,0,1,2023,Canadian Grand Prix,2023_Canadian Grand Prix
HUL,43,0 days 00:01:18.463000,HARD,12.0,True,0 days 02:02:35.592000,15,0 days 00:00:21.908000,0 days 00:00:24.800000,0 days 00:00:31.755000,1,78.463,7355.592,1.4340000000001965,True,False,False,False,12.0,0.0,0.0,0.0,0.0,21.908,24.8,31.755,0,0,0,0.0,77.8616,0.21018634589333765,2.8612705427839162,0,0,77.718,77.961,0.242999999999995,0.13000000000000966,0.7449999999999903,0.043333333333336554,0.0,0.504999999999999,0.299705688968362,0.043333333333336554,0,0,2023,Canadian Grand Prix,2023_Canadian Grand Prix
HUL,44,0 days 00:01:17.961000,HARD,13.0,True,0 days 02:03:53.553000,15,0 days 00:00:21.903000,0 days 00:00:24.835000,0 days 00:00:31.223000,1,77.961,7433.553,1.1099999999996726,True,False,False,False,13.0,0.0,0.0,0.0,0.0,21.903,24.835,31.223,0,0,0,0.0,77.9764,0.3434200052413903,-0.04484304864294367,0,0,78.463,77.533,-0.9299999999999926,0.875,-0.5019999999999953,0.11966666666666488,0.0,-0.027000000000001023,0.3132463886463823,0.11966666666666488,0,0,2023,Canadian Grand Prix,2023_Canadian Grand Prix
HUL,45,0 days 00:01:17.533000,HARD,14.0,True,0 days 02:05:11.086000,15,0 days 00:00:21.612000,0 days 00:00:24.754000,0 days 00:00:31.167000,1,77.533,7511.086,1.282999999999447,True,False,False,False,14.0,0.0,0.0,0.0,0.0,21.612,24.754,31.167,0,0,0,0.0,78.051,0.2707886629827739,-1.9129308970846872,1,0,77.961,77.379,-0.5819999999999936,0.242999999999995,-0.42799999999999727,-0.016000000000000607,0.0,-0.055999999999997385,0.2215281020547965,-0.016000000000000607,0,0,2023,Canadian Grand Prix,2023_Canadian Grand Prix
HUL,46,0 days 00:01:17.379000,HARD,15.0,True,0 days 02:06:28.465000,15,0 days 00:00:21.591000,0 days 00:00:24.544000,0 days 00:00:31.244000,1,77.379,7588.465,1.0349999999998545,True,False,False,False,15.0,0.0,0.0,0.0,0.0,21.591,24.544,31.244,0,0,0,0.0,77.93679999999999,0.35128791610300997,-1.5878712999522009,1,1,77.533,77.6,0.06699999999999307,0.0,-0.15399999999999636,-0.061666666666667425,0.0,0.07699999999999818,0.2814823262657885,-0.061666666666667425,0,0,2023,Canadian Grand Prix,2023_Canadian Grand Prix
HUL,47,0 days 00:01:17.600000,HARD,16.0,True,0 days 02:07:46.065000,15,0 days 00:00:21.721000,0 days 00:00:24.658000,0 days 00:00:31.221000,1,77.6,7666.065,0.40200000000004366,True,False,False,False,16.0,0.0,0.0,0.0,0.0,21.721,24.658,31.221,0,0,0,0.0,77.8108,0.42431144222138373,-0.49680489146465573,0,1,77.379,77.959,0.5799999999999983,0.0,0.22099999999998943,-0.3613333333333297,0.0,0.053999999999998494,0.27190531440190696,-0.3613333333333297,0,1,2023,Canadian Grand Prix,2023_Canadian Grand Prix
HUL,48,0 days 00:01:17.959000,HARD,17.0,True,0 days 02:09:04.024000,16,0 days 00:00:21.540000,0 days 00:00:24.773000,0 days 00:00:31.646000,1,77.959,7744.024,6.540999999999258,True,False,False,False,17.0,0.0,0.0,0.0,0.0,21.54,24.773,31.646,0,0,0,0.0,77.78720000000001,0.4339357095238767,0.3959111827613656,0,0,77.6,78.135,0.5350000000000108,0.22099999999998943,0.35900000000000887,-0.12033333333333474,0.0,0.4789999999999992,0.2272516226564724,-0.12033333333333474,0,0,2023,Canadian Grand Prix,2023_Canadian Grand Prix
HUL,49,0 days 00:01:18.135000,HARD,18.0,True,0 days 02:10:22.159000,16,0 days 00:00:22.129000,0 days 00:00:24.764000,0 days 00:00:31.242000,1,78.135,7822.159,5.818000000000211,True,False,False,False,18.0,0.0,0.0,0.0,0.0,22.129,24.764,31.242,0,0,0,0.0,77.6864,0.2623009721674501,1.7102490939820751,0,0,77.959,78.019,0.060000000000002274,0.5799999999999983,0.17600000000000193,0.14200000000000065,0.0,0.021000000000000796,0.21598912009635987,0.14200000000000065,0,0,2023,Canadian Grand Prix,2023_Canadian Grand Prix
HUL,50,0 days 00:01:18.019000,HARD,19.0,True,0 days 02:11:40.178000,16,0 days 00:00:21.775000,0 days 00:00:24.971000,0 days 00:00:31.273000,1,78.019,7900.178,5.0479999999997744,True,False,False,False,19.0,0.0,0.0,0.0,0.0,21.775,24.971,31.273,0,0,0,0.0,77.7212,0.31424067209702683,0.9476812724867737,0,0,78.135,77.666,-0.4690000000000083,0.7560000000000002,-0.11599999999999966,0.25200000000000006,0.0,0.0519999999999996,0.20960558198673923,0.25200000000000006,0,0,2023,Canadian Grand Prix,2023_Canadian Grand Prix
HUL,51,0 days 00:01:17.666000,HARD,20.0,True,0 days 02:12:57.844000,16,0 days 00:00:21.764000,0 days 00:00:24.728000,0 days 00:00:31.174000,1,77.666,7977.844,4.885000000000218,True,False,False,False,20.0,0.0,0.0,0.0,0.0,21.764,24.728,31.174,0,0,0,0.0,77.81840000000001,0.3166288047540729,-0.4813207064922097,0,0,78.019,77.906,-0.11299999999999955,0.6400000000000006,-0.35300000000000864,0.13966666666667038,0.0,-0.06800000000000139,0.19244038037792363,0.13966666666667038,0,0,2023,Canadian Grand Prix,2023_Canadian Grand Prix
HUL,52,0 days 00:01:17.906000,HARD,21.0,True,0 days 02:14:15.750000,16,0 days 00:00:21.705000,0 days 00:00:24.994000,0 days 00:00:31.207000,1,77.906,8055.75,4.332999999999629,True,False,False,False,21.0,0.0,0.0,0.0,0.0,21.705,24.994,31.207,0,0,0,0.0,77.8758,0.23167585113687442,0.1303545442989031,0,0,77.666,77.449,-0.21699999999999875,0.0660000000000025,0.2400000000000091,-0.09766666666666879,0.0,0.03300000000000125,0.2134462461604794,-0.09766666666666879,0,0,2023,Canadian Grand Prix,2023_Canadian Grand Prix
HUL,53,0 days 00:01:17.449000,HARD,22.0,True,0 days 02:15:33.199000,16,0 days 00:00:21.563000,0 days 00:00:24.780000,0 days 00:00:31.106000,1,77.449,8133.199,4.1200000000008,True,False,False,False,22.0,0.0,0.0,0.0,0.0,21.563,24.78,31.106,0,0,0,0.0,77.937,0.17379154179647063,-2.8079617394240177,1,0,77.906,78.491,0.5849999999999937,0.2400000000000091,-0.45700000000000784,-0.07633333333333307,0.0,-0.06799999999999784,0.21496581123518196,-0.07633333333333307,0,0,2023,Canadian Grand Prix,2023_Canadian Grand Prix
HUL,54,0 days 00:01:18.491000,HARD,23.0,True,0 days 02:16:51.690000,16,0 days 00:00:21.658000,0 days 00:00:25.372000,0 days 00:00:31.461000,1,78.491,8211.69,3.032999999999447,True,False,False,False,23.0,0.0,0.0,0.0,0.0,21.658,25.372,31.461,0,0,0,0.0,77.835,0.2767914377288322,2.370015508365103,0,1,77.449,77.896,0.44700000000000273,0.0,1.0420000000000016,-0.19000000000000247,0.0,0.3549999999999969,0.05766714836022313,-0.19000000000000247,0,0,2023,Canadian Grand Prix,2023_Canadian Grand Prix
HUL,55,0 days 00:01:17.896000,HARD,24.0,True,0 days 02:18:09.586000,15,0 days 00:00:21.716000,0 days 00:00:24.936000,0 days 00:00:31.244000,1,77.896,8289.586,2.6599999999998545,True,False,False,False,24.0,0.0,0.0,0.0,0.0,21.716,24.936,31.244,0,0,0,0.0,77.9062,0.3941582169636875,-0.025877933177623533,0,0,78.491,77.498,-0.992999999999995,1.0420000000000016,-0.5949999999999989,0.27500000000000097,0.0,0.13799999999999812,0.17362517098623534,0.27500000000000097,0,0,2023,Canadian Grand Prix,2023_Canadian Grand Prix
HUL,56,0 days 00:01:17.498000,HARD,25.0,True,0 days 02:19:27.084000,15,0 days 00:00:21.656000,0 days 00:00:24.730000,0 days 00:00:31.112000,1,77.498,8367.084,2.4729999999999563,True,False,False,False,25.0,0.0,0.0,0.0,0.0,21.656,24.73,31.112,0,0,0,0.0,77.8816,0.389164875085089,-0.9857004692834341,0,0,77.896,77.588,-0.30800000000000693,0.44700000000000273,-0.39799999999999613,-0.0033333333333350388,0.0,0.005999999999996675,0.1767667955244972,-0.0033333333333350388,0,0,2023,Canadian Grand Prix,2023_Canadian Grand Prix
HUL,57,0 days 00:01:17.588000,HARD,26.0,True,0 days 02:20:44.672000,15,0 days 00:00:21.744000,0 days 00:00:24.646000,0 days 00:00:31.198000,1,77.588,8444.672,2.121999999999389,True,False,False,False,26.0,0.0,0.0,0.0,0.0,21.744,24.646,31.198,0,0,0,0.0,77.848,0.41857436615252885,-0.6211560502136935,0,0,77.498,77.376,-0.12199999999999989,0.049000000000006594,0.0899999999999892,0.01633333333333553,0.0,0.08600000000000207,0.16413317763328492,0.01633333333333553,0,0,2023,Canadian Grand Prix,2023_Canadian Grand Prix
HUL,58,0 days 00:01:17.376000,HARD,27.0,True,0 days 02:22:02.048000,15,0 days 00:00:21.508000,0 days 00:00:24.758000,0 days 00:00:31.110000,1,77.376,8522.048,1.8359999999993306,True,False,False,False,27.0,0.0,0.0,0.0,0.0,21.508,24.758,31.11,0,0,0,0.0,77.78439999999999,0.43151743881330235,-0.9464275676160608,0,0,77.588,77.427,-0.16099999999998715,0.1389999999999958,-0.21199999999998909,-0.30100000000000193,0.0,-0.0019999999999988916,0.16098695599333354,-0.30100000000000193,0,0,2023,Canadian Grand Prix,2023_Canadian Grand Prix
HUL,59,0 days 00:01:17.427000,HARD,28.0,True,0 days 02:23:19.475000,15,0 days 00:00:21.703000,0 days 00:00:24.671000,0 days 00:00:31.053000,1,77.427,8599.475,1.6049999999995634,True,False,False,False,28.0,0.0,0.0,0.0,0.0,21.703,24.671,31.053,0,0,0,0.0,77.7698,0.44667124375763284,-0.7674548222898422,0,0,77.376,77.474,0.09799999999999898,0.0,0.05100000000000193,-0.173333333333332,0.0,-0.05699999999999861,0.14536780936644697,-0.173333333333332,0,0,2023,Canadian Grand Prix,2023_Canadian Grand Prix
HUL,60,0 days 00:01:17.474000,HARD,29.0,True,0 days 02:24:36.949000,15,0 days 00:00:21.535000,0 days 00:00:24.767000,0 days 00:00:31.172000,1,77.474,8676.949,1.3580000000001746,True,False,False,False,29.0,0.0,0.0,0.0,0.0,21.535,24.767,31.172,0,0,0,0.0,77.55699999999999,0.20556264252045267,-0.4037698629590541,0,0,77.427,77.764,0.3369999999999891,0.05100000000000193,0.046999999999997044,-0.023666666666665986,0.0,0.11899999999999977,0.07726706931157606,-0.023666666666665986,0,0,2023,Canadian Grand Prix,2023_Canadian Grand Prix
HUL,61,0 days 00:01:17.764000,HARD,30.0,True,0 days 02:25:54.713000,15,0 days 00:00:21.681000,0 days 00:00:24.758000,0 days 00:00:31.325000,1,77.764,8754.713,2.360000000000582,True,False,False,False,30.0,0.0,0.0,0.0,0.0,21.681,24.758,31.325,0,0,0,0.0,77.47260000000001,0.07964797549210971,3.658598956213885,0,0,77.474,79.143,1.668999999999997,0.09799999999999898,0.28999999999999204,-0.0379999999999967,0.0,0.27199999999999847,0.07110766484704718,-0.0379999999999967,0,0,2023,Canadian Grand Prix,2023_Canadian Grand Prix
HUL,62,0 days 00:01:19.143000,HARD,31.0,True,0 days 02:27:13.856000,15,0 days 00:00:23.180000,0 days 00:00:24.736000,0 days 00:00:31.227000,1,79.143,8833.856,0.4220000000004802,True,False,False,False,31.0,0.0,0.0,0.0,0.0,23.18,24.736,31.227,0,0,0,0.0,77.5258,0.15450954663059066,10.466667175371898,0,0,77.764,77.615,-0.1490000000000009,0.387999999999991,1.3790000000000049,0.12933333333333033,0.0,0.1739999999999995,0.12634199618495698,0.12933333333333033,0,1,2023,Canadian Grand Prix,2023_Canadian Grand Prix
HUL,63,0 days 00:01:17.615000,HARD,32.0,True,0 days 02:28:31.471000,15,0 days 00:00:21.774000,0 days 00:00:24.759000,0 days 00:00:31.082000,1,77.615,8911.471,0.5280000000002474,True,False,False,False,32.0,0.0,0.0,0.0,0.0,21.774,24.759,31.082,0,0,0,0.0,77.83680000000001,0.7455459073725661,-0.29750012414618154,0,0,79.143,77.576,-1.5670000000000073,1.766999999999996,-1.5280000000000058,0.571999999999998,0.0,-0.08999999999999986,0.1327279171839883,0.571999999999998,0,1,2023,Canadian Grand Prix,2023_Canadian Grand Prix
HUL,64,0 days 00:01:17.576000,HARD,33.0,True,0 days 02:29:49.047000,15,0 days 00:00:21.654000,0 days 00:00:24.750000,0 days 00:00:31.172000,1,77.576,8989.047,0.4599999999991269,True,False,False,False,33.0,0.0,0.0,0.0,0.0,21.654,24.75,31.172,0,0,0,0.0,77.8846,0.7156796070868467,-0.4311985376475376,0,0,77.615,78.148,0.5330000000000013,0.18799999999998818,-0.03900000000000148,0.046999999999997044,0.0,0.08999999999999986,0.15396850327258396,0.046999999999997044,0,1,2023,Canadian Grand Prix,2023_Canadian Grand Prix
HUL,65,0 days 00:01:18.148000,HARD,34.0,True,0 days 02:31:07.195000,15,0 days 00:00:21.836000,0 days 00:00:24.939000,0 days 00:00:31.373000,1,78.148,9067.195,1.0360000000000582,True,False,False,False,34.0,0.0,0.0,0.0,0.0,21.836,24.939,31.373,0,0,0,0.0,77.91439999999999,0.6946555261422637,0.33628178458076374,0,0,77.576,79.315,1.7390000000000043,0.10199999999998965,0.5720000000000027,-0.06266666666666747,0.0,0.29100000000000037,0.13301879566437153,-0.06266666666666747,0,0,2023,Canadian Grand Prix,2023_Canadian Grand Prix
HUL,66,0 days 00:01:19.315000,HARD,35.0,True,0 days 02:32:26.510000,15,0 days 00:00:23.162000,0 days 00:00:24.760000,0 days 00:00:31.393000,1,79.315,9146.51,0.40899999999965075,True,False,False,False,35.0,0.0,0.0,0.0,0.0,23.162,24.76,31.393,0,0,0,0.0,78.0492,0.6519100398060959,1.941678947568438,0,0,78.148,78.976,0.828000000000003,0.5720000000000027,1.1670000000000016,-0.33166666666666816,0.0,0.31099999999999994,0.15532803996703198,-0.33166666666666816,0,1,2023,Canadian Grand Prix,2023_Canadian Grand Prix
HUL,67,0 days 00:01:18.976000,HARD,36.0,True,0 days 02:33:45.486000,15,0 days 00:00:22.116000,0 days 00:00:25.874000,0 days 00:00:30.986000,1,78.976,9225.486,0.47299999999995634,True,False,False,False,36.0,0.0,0.0,0.0,0.0,22.116,25.874,30.986,0,0,0,0.0,78.3594,0.827607576089047,0.7450390955986873,0,0,79.315,77.562,-1.7530000000000001,1.7390000000000043,-0.33899999999999864,0.5666666666666677,0.0,-0.18599999999999994,0.16389234271313585,0.5666666666666677,0,1,2023,Canadian Grand Prix,2023_Canadian Grand Prix
HUL,68,0 days 00:01:17.562000,HARD,37.0,True,0 days 02:35:03.048000,15,0 days 00:00:21.506000,0 days 00:00:24.708000,0 days 00:00:31.348000,1,77.562,9303.048,0.3580000000001746,True,False,False,False,37.0,0.0,0.0,0.0,0.0,21.506,24.708,31.348,0,0,0,0.0,78.326,0.7906209584876857,-0.9663290503471968,0,0,78.976,77.964,-1.0120000000000005,1.4000000000000057,-1.4140000000000015,0.46666666666666856,0.0,0.3619999999999983,0.22225368388397973,0.46666666666666856,0,1,2023,Canadian Grand Prix,2023_Canadian Grand Prix
LEC,2,0 days 00:01:19.777000,MEDIUM,2.0,True,0 days 01:04:54.094000,9,0 days 00:00:22.384000,0 days 00:00:25.679000,0 days 00:00:31.714000,1,79.777,3894.094,0.431999999999789,False,True,False,False,2.0,0.0,0.0,0.0,0.0,22.384,25.679,31.714,0,0,0,0.0,78.393,0.728800384193083,1.8990110735635035,0,0,79.777,78.528,-1.2489999999999952,2.2150000000000034,0.0,-0.45033333333333303,0.0,0.727999999999998,0.23785352635603263,0.0,0,1,2023,Canadian Grand Prix,2023_Canadian Grand Prix
LEC,3,0 days 00:01:18.528000,MEDIUM,3.0,True,0 days 01:06:12.622000,9,0 days 00:00:22.226000,0 days 00:00:25.072000,0 days 00:00:31.230000,1,78.528,3972.622,0.5219999999999345,False,True,False,False,3.0,0.0,0.0,0.0,0.0,22.226,25.072,31.23,0,0,0,0.0,,,0.0,0,0,79.777,78.648,-1.1290000000000049,0.0,-1.2489999999999952,0.0,0.0,0.0,0.0,0.0,0,1,2023,Canadian Grand Prix,2023_Canadian Grand Prix
LEC,4,0 days 00:01:18.648000,MEDIUM,4.0,True,0 days 01:07:31.270000,9,0 days 00:00:22.229000,0 days 00:00:25.300000,0 days 00:00:31.119000,1,78.648,4051.27,0.6539999999999964,False,True,False,False,4.0,0.0,0.0,0.0,0.0,22.229,25.3,31.119,0,0,0,0.0,,,0.0,0,0,78.528,78.708,0.1799999999999926,0.0,0.11999999999999034,-0.6244999999999976,0.0,-0.11100000000000065,0.0,0.0,0,1,2023,Canadian Grand Prix,2023_Canadian Grand Prix
LEC,5,0 days 00:01:18.708000,MEDIUM,5.0,True,0 days 01:08:49.978000,9,0 days 00:00:22.429000,0 days 00:00:24.996000,0 days 00:00:31.283000,1,78.708,4129.978,0.3679999999994834,False,True,False,False,5.0,0.0,0.0,0.0,0.0,22.429,24.996,31.283,0,0,0,0.0,78.98433333333334,0.6890865934941225,-0.4010139450430298,0,0,78.648,78.561,-0.08699999999998909,0.11999999999999034,0.060000000000002274,-0.37633333333333496,0.0,0.16400000000000148,0.45574590874009224,-0.5645000000000024,0,1,2023,Canadian Grand Prix,2023_Canadian Grand Prix
LEC,6,0 days 00:01:18.561000,MEDIUM,6.0,True,0 days 01:10:08.539000,9,0 days 00:00:22.261000,0 days 00:00:25.226000,0 days 00:00:31.074000,1,78.561,4208.539,0.5520000000005894,False,True,False,False,6.0,0.0,0.0,0.0,0.0,22.261,25.226,31.074,0,0,0,0.0,78.91525,0.5793533032614909,-0.6114576338923585,0,0,78.708,79.486,0.7780000000000058,0.1799999999999926,-0.14699999999999136,-0.3563333333333342,0.0,-0.04499999999999815,0.3726977103945404,-0.3563333333333342,0,1,2023,Canadian Grand Prix,2023_Canadian Grand Prix
LEC,7,0 days 00:01:19.486000,MEDIUM,7.0,True,0 days 01:11:28.025000,9,0 days 00:00:22.242000,0 days 00:00:25.765000,0 days 00:00:31.479000,12,79.486,4288.025,0.0,False,True,False,False,7.0,0.0,0.0,0.0,0.0,22.242,25.765,31.479,0,0,1,0.0,78.8444,0.5261523543613583,1.2194186620694354,0,0,78.561,78.714,0.1529999999999916,0.03300000000000125,0.9249999999999972,0.011000000000000417,0.0,0.4049999999999976,0.3401789235093781,0.011000000000000417,0,0,2023,Canadian Grand Prix,2023_Canadian Grand Prix
LEC,9,0 days 00:01:18.714000,MEDIUM,9.0,True,0 days 01:14:20.134000,9,0 days 00:00:22.287000,0 days 00:00:25.235000,0 days 00:00:31.192000,1,78.714,4460.134,0.42699999999967986,False,True,False,False,9.0,0.0,0.0,0.0,0.0,22.287,25.235,31.192,0,0,0,0.0,78.78620000000001,0.3975917504174384,-0.18159330500244372,0,0,79.486,79.321,-0.16500000000000625,0.9579999999999984,-0.7720000000000056,0.27933333333333604,0.0,0.11799999999999855,0.20685332968071754,0.27933333333333604,0,1,2023,Canadian Grand Prix,2023_Canadian Grand Prix
LEC,10,0 days 00:01:19.321000,MEDIUM,10.0,True,0 days 01:15:39.455000,9,0 days 00:00:22.883000,0 days 00:00:25.238000,0 days 00:00:31.200000,1,79.321,4539.455,0.4250000000001819,False,True,False,False,10.0,0.0,0.0,0.0,0.0,22.883,25.238,31.2,0,0,0,0.0,78.8234,0.3754807584950299,1.3252343528718475,0,0,78.714,78.254,-0.45999999999999375,0.1529999999999916,0.6069999999999993,0.002000000000000076,0.0,0.12599999999999767,0.20174166649455338,0.002000000000000076,0,1,2023,Canadian Grand Prix,2023_Canadian Grand Prix
LEC,11,0 days 00:01:18.254000,MEDIUM,11.0,True,0 days 01:16:57.709000,8,0 days 00:00:22.417000,0 days 00:00:25.056000,0 days 00:00:30.781000,1,78.254,4617.709,0.88799999999992,False,True,False,False,11.0,0.0,0.0,0.0,0.0,22.417,25.056,30.781,0,0,0,0.0,78.958,0.4153907798687865,-1.6947896634161521,1,0,79.321,78.548,-0.7729999999999961,0.7599999999999909,-1.066999999999993,0.2533333333333303,0.0,-0.41100000000000136,0.16184962156273205,0.2533333333333303,0,1,2023,Canadian Grand Prix,2023_Canadian Grand Prix
LEC,17,0 days 00:01:18.548000,MEDIUM,17.0,True,0 days 01:28:16.296000,4,0 days 00:00:22.429000,0 days 00:00:25.045000,0 days 00:00:31.074000,1,78.548,5296.296,0.7339999999994689,False,True,False,False,17.0,0.0,0.0,0.0,0.0,22.429,25.045,31.074,0,0,0,0.0,78.8672,0.5201179673881676,-0.6137069280703658,0,1,78.254,77.479,-0.7750000000000057,0.0,0.29399999999999693,-0.41066666666666646,0.0,0.2930000000000028,0.29888174919188293,-0.41066666666666646,0,1,2023,Canadian Grand Prix,2023_Canadian Grand Prix
LEC,18,0 days 00:01:17.479000,MEDIUM,18.0,True,0 days 01:29:33.775000,4,0 days 00:00:21.616000,0 days 00:00:24.751000,0 days 00:00:31.112000,1,77.479,5373.775,0.680000000000291,False,True,False,False,18.0,0.0,0.0,0.0,0.0,21.616,24.751,31.112,0,0,0,0.0,78.8646,0.5220601497911901,-2.6541002996574226,1,0,78.548,77.003,-1.5450000000000017,0.29399999999999693,-1.0690000000000026,-0.05533333333333227,0.0,0.3309999999999995,0.313130483983914,-0.05533333333333227,0,1,2023,Canadian Grand Prix,2023_Canadian Grand Prix
LEC,19,0 days 00:01:17.003000,MEDIUM,19.0,True,0 days 01:30:50.778000,4,0 days 00:00:21.611000,0 days 00:00:24.601000,0 days 00:00:30.791000,1,77.003,5450.778,0.5059999999994034,False,True,False,False,19.0,0.0,0.0,0.0,0.0,21.611,24.601,30.791,0,0,0,0.0,78.4632,0.6742267422759274,-2.165740259828515,1,1,77.479,77.056,-0.4230000000000018,0.0,-0.4759999999999991,-0.6139999999999995,0.0,0.010000000000001563,0.29680010107815075,-0.6139999999999995,0,1,2023,Canadian Grand Prix,2023_Canadian Grand Prix
LEC,20,0 days 00:01:17.056000,MEDIUM,20.0,True,0 days 01:32:07.834000,4,0 days 00:00:21.473000,0 days 00:00:24.732000,0 days 00:00:30.851000,1,77.056,5527.834,0.4110000000000582,False,True,False,False,20.0,0.0,0.0,0.0,0.0,21.473,24.732,30.851,0,0,0,0.0,78.12100000000001,0.9085848887143275,-1.1721524463245434,0,1,77.003,77.03,0.027000000000001023,0.0,0.05299999999999727,-0.4170000000000016,0.0,0.05999999999999872,0.2983063861200435,-0.4170000000000016,0,1,2023,Canadian Grand Prix,2023_Canadian Grand Prix
LEC,21,0 days 00:01:17.030000,MEDIUM,21.0,True,0 days 01:33:24.864000,4,0 days 00:00:21.600000,0 days 00:00:24.678000,0 days 00:00:30.752000,1,77.03,5604.864,0.7180000000007567,False,True,False,False,21.0,0.0,0.0,0.0,0.0,21.6,24.678,30.752,0,0,0,0.0,77.668,0.7018343821729268,-0.9090463736255183,0,0,77.056,77.27,0.21399999999999864,0.05299999999999727,-0.02599999999999625,-0.4973333333333348,0.0,-0.03900000000000148,0.2966535015805486,-0.4973333333333348,0,1,2023,Canadian Grand Prix,2023_Canadian Grand Prix
LEC,22,0 days 00:01:17.270000,MEDIUM,22.0,True,0 days 01:34:42.134000,4,0 days 00:00:21.517000,0 days 00:00:24.801000,0 days 00:00:30.952000,1,77.27,5682.134,0.48400000000037835,False,True,False,False,22.0,0.0,0.0,0.0,0.0,21.517,24.801,30.952,0,0,0,0.0,77.4232,0.6584638942266056,-0.23266271900897206,0,0,77.03,77.188,0.15800000000000125,0.027000000000001023,0.23999999999999488,-0.14966666666666603,0.0,0.20000000000000284,0.169429926518311,-0.14966666666666603,0,1,2023,Canadian Grand Prix,2023_Canadian Grand Prix
LEC,23,0 days 00:01:17.188000,MEDIUM,23.0,True,0 days 01:35:59.322000,4,0 days 00:00:21.585000,0 days 00:00:24.735000,0 days 00:00:30.868000,1,77.188,5759.322,0.6489999999994325,False,True,False,False,23.0,0.0,0.0,0.0,0.0,21.585,24.735,30.868,0,0,0,0.0,77.1676,0.20367695009519,0.10015860896618495,0,0,77.27,77.212,-0.057999999999992724,0.2669999999999959,-0.08199999999999363,0.08899999999999864,0.0,0.11599999999999966,0.15133836261833994,0.08899999999999864,0,1,2023,Canadian Grand Prix,2023_Canadian Grand Prix
LEC,24,0 days 00:01:17.212000,MEDIUM,24.0,True,0 days 01:37:16.534000,4,0 days 00:00:21.486000,0 days 00:00:24.779000,0 days 00:00:30.947000,1,77.212,5836.534,0.6750000000001819,False,True,False,False,24.0,0.0,0.0,0.0,0.0,21.486,24.779,30.947,0,0,0,0.0,77.10940000000001,0.11450676835926196,0.8960169033684592,0,0,77.188,77.21,0.02199999999999136,0.18500000000000227,0.02400000000000091,0.04400000000000167,0.0,0.19500000000000028,0.09299892472496783,0.04400000000000167,0,1,2023,Canadian Grand Prix,2023_Canadian Grand Prix
LEC,25,0 days 00:01:17.210000,MEDIUM,25.0,True,0 days 01:38:33.744000,4,0 days 00:00:21.569000,0 days 00:00:24.650000,0 days 00:00:30.991000,1,77.21,5913.744,1.3190000000004147,False,True,False,False,25.0,0.0,0.0,0.0,0.0,21.569,24.65,30.991,0,0,0,0.0,77.15119999999999,0.10358185169265767,0.5676670096077561,0,0,77.212,77.353,0.14099999999999113,0.18200000000000216,-0.0020000000000095497,0.06066666666666739,0.0,0.12300000000000111,0.09999649993874934,0.06066666666666739,0,0,2023,Canadian Grand Prix,2023_Canadian Grand Prix
LEC,26,0 days 00:01:17.353000,MEDIUM,26.0,True,0 days 01:39:51.097000,4,0 days 00:00:21.587000,0 days 00:00:24.802000,0 days 00:00:30.964000,1,77.353,5991.097,1.83600000000024,False,True,False,False,26.0,0.0,0.0,0.0,0.0,21.587,24.802,30.964,0,0,0,0.0,77.18199999999999,0.09023303164627712,1.895093148042995,0,0,77.21,77.606,0.3960000000000008,0.1799999999999926,0.14300000000000068,-0.020000000000000757,0.0,0.09600000000000009,0.09659968944049593,-0.020000000000000757,0,0,2023,Canadian Grand Prix,2023_Canadian Grand Prix
LEC,27,0 days 00:01:17.606000,MEDIUM,27.0,True,0 days 01:41:08.703000,4,0 days 00:00:21.753000,0 days 00:00:24.867000,0 days 00:00:30.986000,1,77.606,6068.703,1.8729999999995925,False,True,False,False,27.0,0.0,0.0,0.0,0.0,21.753,24.867,30.986,0,0,0,0.0,77.2466,0.06678173403015807,5.381711110371763,0,0,77.353,77.434,0.08100000000000307,0.16499999999999204,0.2530000000000001,0.05499999999999735,0.0,0.03900000000000148,0.0480780615249834,0.05499999999999735,0,0,2023,Canadian Grand Prix,2023_Canadian Grand Prix
LEC,28,0 days 00:01:17.434000,MEDIUM,28.0,True,0 days 01:42:26.137000,4,0 days 00:00:21.615000,0 days 00:00:24.820000,0 days 00:00:30.999000,1,77.434,6146.137,2.0080000000007203,False,True,False,False,28.0,0.0,0.0,0.0,0.0,21.615,24.82,30.999,0,0,0,0.0,77.31379999999999,0.17598352195609498,0.6830184932314238,0,0,77.606,77.54,-0.06599999999998829,0.41799999999999216,-0.17199999999999704,0.13133333333333042,0.0,0.03500000000000014,0.056113278285981255,0.13133333333333042,0,0,2023,Canadian Grand Prix,2023_Canadian Grand Prix
LEC,29,0 days 00:01:17.540000,MEDIUM,29.0,True,0 days 01:43:43.677000,4,0 days 00:00:21.799000,0 days 00:00:24.824000,0 days 00:00:30.917000,12,77.54,6223.677,1.9000000000005457,False,True,False,False,29.0,0.0,0.0,0.0,0.0,21.799,24.824,30.917,0,0,1,0.0,77.36299999999999,0.16613247725857067,1.065414799807842,0,0,77.434,77.692,0.25799999999999557,0.22400000000000375,0.10600000000000875,0.07466666666666792,0.0,-0.046999999999997044,0.06611958862545951,0.07466666666666792,0,0,2023,Canadian Grand Prix,2023_Canadian Grand Prix
LEC,30,0 days 00:01:17.692000,MEDIUM,30.0,True,0 days 01:45:01.369000,4,0 days 00:00:21.656000,0 days 00:00:24.741000,0 days 00:00:31.295000,1,77.692,6301.369,1.6289999999999054,False,True,False,False,30.0,0.0,0.0,0.0,0.0,21.656,24.741,31.295,0,0,0,0.0,77.42859999999999,0.15605383686429453,1.6878790377263118,0,0,77.54,77.382,-0.15800000000000125,0.3300000000000125,0.1519999999999868,0.06233333333333727,0.0,0.3780000000000001,0.06556828501646134,0.06233333333333727,0,0,2023,Canadian Grand Prix,2023_Canadian Grand Prix
LEC,31,0 days 00:01:17.382000,MEDIUM,31.0,True,0 days 01:46:18.751000,4,0 days 00:00:21.629000,0 days 00:00:24.730000,0 days 00:00:31.023000,1,77.382,6378.751,1.6869999999998981,False,True,False,False,31.0,0.0,0.0,0.0,0.0,21.629,24.73,31.023,0,0,0,0.0,77.525,0.13466625412500954,-1.0618844411255026,0,0,77.692,77.387,-0.3049999999999926,0.33899999999999864,-0.30999999999998806,0.028666666666666174,0.0,0.1059999999999981,0.1634432623267162,0.028666666666666174,0,0,2023,Canadian Grand Prix,2023_Canadian Grand Prix
LEC,32,0 days 00:01:17.387000,MEDIUM,32.0,True,0 days 01:47:36.138000,4,0 days 00:00:21.632000,0 days 00:00:24.841000,0 days 00:00:30.914000,1,77.387,6456.138,1.6589999999996508,False,True,False,False,32.0,0.0,0.0,0.0,0.0,21.632,24.841,30.914,0,0,0,0.0,77.5308,0.12573464120941674,-1.143678453422342,0,0,77.382,77.189,-0.19300000000001205,0.0,0.0049999999999954525,-0.01733333333333083,0.0,-0.0030000000000001137,0.16344020313252108,-0.01733333333333083,0,0,2023,Canadian Grand Prix,2023_Canadian Grand Prix
LEC,33,0 days 00:01:17.189000,MEDIUM,33.0,True,0 days 01:48:53.327000,4,0 days 00:00:21.528000,0 days 00:00:24.764000,0 days 00:00:30.897000,1,77.189,6533.327,2.0029999999997017,False,True,False,False,33.0,0.0,0.0,0.0,0.0,21.528,24.764,30.897,0,0,0,0.0,77.487,0.131022898762253,-2.274411593814119,1,0,77.387,77.461,0.07399999999999807,0.0049999999999954525,-0.1980000000000075,-0.05100000000000193,0.0,-0.017000000000003013,0.16850133530628122,-0.05100000000000193,0,0,2023,Canadian Grand Prix,2023_Canadian Grand Prix
LEC,34,0 days 00:01:17.461000,MEDIUM,34.0,True,0 days 01:50:10.788000,4,0 days 00:00:21.688000,0 days 00:00:24.790000,0 days 00:00:30.983000,1,77.461,6610.788,2.178000000000793,False,True,False,False,34.0,0.0,0.0,0.0,0.0,21.688,24.79,30.983,0,0,0,0.0,77.43799999999999,0.18885046994928692,0.12178947717835527,0,1,77.189,77.742,0.5530000000000115,0.0,0.27200000000000557,-0.1676666666666667,0.0,0.08600000000000207,0.1745345238054637,-0.1676666666666667,0,0,2023,Canadian Grand Prix,2023_Canadian Grand Prix
LEC,35,0 days 00:01:17.742000,MEDIUM,35.0,True,0 days 01:51:28.530000,4,0 days 00:00:21.743000,0 days 00:00:24.808000,0 days 00:00:31.191000,12,77.742,6688.53,1.88799999999992,False,True,False,False,35.0,0.0,0.0,0.0,0.0,21.743,24.808,31.191,0,0,1,0.0,77.4222,0.18133863350115664,1.7635513945678924,0,0,77.461,78.034,0.5730000000000075,0.27200000000000557,0.2810000000000059,0.026333333333331172,0.0,0.2940000000000005,0.15914930097238947,0.026333333333331172,0,0,2023,Canadian Grand Prix,2023_Canadian Grand Prix
LEC,36,0 days 00:01:18.034000,MEDIUM,36.0,True,0 days 01:52:46.564000,4,0 days 00:00:22.100000,0 days 00:00:24.844000,0 days 00:00:31.090000,21,78.034,6766.564,1.707999999999629,False,True,False,False,36.0,0.0,0.0,0.0,0.0,22.1,24.844,31.09,0,0,1,0.0,77.4322,0.20032149160803409,3.0041709212985697,0,0,77.742,77.421,-0.32099999999999795,0.5530000000000115,0.2920000000000016,0.11833333333333466,0.0,0.1930000000000014,0.12443351638525778,0.11833333333333466,0,0,2023,Canadian Grand Prix,2023_Canadian Grand Prix
LEC,37,0 days 00:01:17.421000,MEDIUM,37.0,True,0 days 01:54:03.985000,4,0 days 00:00:21.633000,0 days 00:00:24.777000,0 days 00:00:31.011000,1,77.421,6843.985,1.7820000000001528,False,True,False,False,37.0,0.0,0.0,0.0,0.0,21.633,24.777,31.011,0,0,0,0.0,77.5626,0.32982465038268877,-0.4293190331156306,0,0,78.034,77.566,-0.4680000000000035,0.8450000000000131,-0.6129999999999995,0.281666666666671,0.0,0.027999999999998693,0.13249264130509397,0.281666666666671,0,0,2023,Canadian Grand Prix,2023_Canadian Grand Prix
LEC,38,0 days 00:01:17.566000,MEDIUM,38.0,True,0 days 01:55:21.551000,4,0 days 00:00:21.679000,0 days 00:00:24.905000,0 days 00:00:30.982000,1,77.566,6921.551,25.24499999999989,False,True,False,False,38.0,0.0,0.0,0.0,0.0,21.679,24.905,30.982,0,0,0,0.0,77.5694,0.32562294145232146,-0.010441524742804457,0,0,77.421,77.006,-0.41500000000000625,0.23200000000001353,0.14499999999999602,-0.01333333333333068,0.0,-0.028999999999999915,0.12643456805794978,-0.01333333333333068,0,0,2023,Canadian Grand Prix,2023_Canadian Grand Prix
LEC,41,0 days 00:01:17.006000,HARD,2.0,True,0 days 01:59:32.770000,4,0 days 00:00:21.649000,0 days 00:00:24.636000,0 days 00:00:30.721000,1,77.006,7172.77,0.6499999999996362,True,False,False,False,2.0,0.0,0.0,0.0,0.0,21.649,24.636,30.721,0,0,0,0.0,77.6448,0.25050089820209737,-2.550090656699509,1,0,77.566,76.18,-1.3859999999999957,0.14499999999999602,-0.5600000000000023,-0.05866666666666731,0.0,-0.26099999999999923,0.12968153299525778,-0.05866666666666731,0,1,2023,Canadian Grand Prix,2023_Canadian Grand Prix
LEC,42,0 days 00:01:16.180000,HARD,3.0,True,0 days 02:00:48.950000,4,0 days 00:00:21.340000,0 days 00:00:24.625000,0 days 00:00:30.215000,1,76.18,7248.95,1.1920000000000073,True,False,False,False,3.0,0.0,0.0,0.0,0.0,21.34,24.625,30.215,0,0,0,0.0,77.5538,0.38206046641868413,-3.595765908149467,1,1,77.006,76.3,-0.7060000000000031,0.0,-0.8259999999999934,-0.3426666666666686,0.0,-0.5060000000000002,0.21407124982117534,-0.3426666666666686,0,0,2023,Canadian Grand Prix,2023_Canadian Grand Prix
LEC,43,0 days 00:01:16.300000,HARD,4.0,True,0 days 02:02:05.250000,4,0 days 00:00:21.204000,0 days 00:00:24.414000,0 days 00:00:30.682000,1,76.3,7325.25,1.970999999999549,True,False,False,False,4.0,0.0,0.0,0.0,0.0,21.204,24.414,30.682,0,0,0,0.0,77.2414,0.6978214671390356,-1.3490556601240742,0,1,76.18,76.143,-0.03700000000000614,0.0,0.11999999999999034,-0.41366666666666657,0.0,0.46699999999999875,0.2724454073754963,-0.41366666666666657,0,0,2023,Canadian Grand Prix,2023_Canadian Grand Prix
LEC,44,0 days 00:01:16.143000,HARD,5.0,True,0 days 02:03:21.393000,4,0 days 00:00:21.184000,0 days 00:00:24.335000,0 days 00:00:30.624000,1,76.143,7401.393,2.3530000000000655,True,False,False,False,5.0,0.0,0.0,0.0,0.0,21.184,24.335,30.624,0,0,0,0.0,76.8946,0.6333417718736827,-1.1867210302211042,0,0,76.3,76.401,0.10099999999999909,0.11999999999999034,-0.15699999999999648,-0.42200000000000176,0.0,0.4089999999999989,0.3625433767151175,-0.42200000000000176,0,0,2023,Canadian Grand Prix,2023_Canadian Grand Prix
LEC,45,0 days 00:01:16.401000,HARD,6.0,True,0 days 02:04:37.794000,4,0 days 00:00:21.214000,0 days 00:00:24.478000,0 days 00:00:30.709000,1,76.401,7477.794,2.0510000000003856,True,False,False,False,6.0,0.0,0.0,0.0,0.0,21.214,24.478,30.709,0,0,0,0.0,76.63900000000001,0.6256268856116322,-0.3804184338518918,0,0,76.143,76.131,-0.012000000000000455,0.0,0.25799999999999557,-0.2876666666666665,0.0,0.4939999999999998,0.4210368154924216,-0.2876666666666665,0,0,2023,Canadian Grand Prix,2023_Canadian Grand Prix
LEC,46,0 days 00:01:16.131000,HARD,7.0,True,0 days 02:05:53.925000,4,0 days 00:00:21.213000,0 days 00:00:24.307000,0 days 00:00:30.611000,1,76.131,7553.925,2.019999999999527,True,False,False,False,7.0,0.0,0.0,0.0,0.0,21.213,24.307,30.611,0,0,0,0.0,76.40599999999999,0.3505374445050397,-0.7845096274616042,0,0,76.401,75.907,-0.4939999999999998,0.25799999999999557,-0.269999999999996,0.07366666666666315,0.0,-0.012999999999998124,0.46926570298712383,0.07366666666666315,0,0,2023,Canadian Grand Prix,2023_Canadian Grand Prix
LEC,47,0 days 00:01:15.907000,HARD,8.0,True,0 days 02:07:09.832000,4,0 days 00:00:21.083000,0 days 00:00:24.317000,0 days 00:00:30.507000,1,75.907,7629.832,2.0239999999994325,True,False,False,False,8.0,0.0,0.0,0.0,0.0,21.083,24.317,30.507,0,0,0,0.0,76.23100000000001,0.11619595517974449,-2.7883931028305935,1,0,76.131,75.959,-0.17199999999999704,0.0,-0.22400000000000375,-0.05633333333333231,0.0,-0.1039999999999992,0.4303402142491445,-0.05633333333333231,0,0,2023,Canadian Grand Prix,2023_Canadian Grand Prix
LEC,48,0 days 00:01:15.959000,HARD,9.0,True,0 days 02:08:25.791000,4,0 days 00:00:21.028000,0 days 00:00:24.416000,0 days 00:00:30.515000,1,75.959,7705.791,2.2600000000002183,True,False,False,False,9.0,0.0,0.0,0.0,0.0,21.028,24.416,30.515,0,0,0,0.0,76.1764,0.18806594588106026,-1.1559774896061696,0,1,75.907,75.968,0.06100000000000705,0.0,0.05200000000000671,-0.07866666666666806,0.0,0.007999999999999119,0.2856524111573354,-0.07866666666666806,0,0,2023,Canadian Grand Prix,2023_Canadian Grand Prix
LEC,49,0 days 00:01:15.968000,HARD,10.0,True,0 days 02:09:41.759000,4,0 days 00:00:21.027000,0 days 00:00:24.365000,0 days 00:00:30.576000,1,75.968,7781.759,2.354000000000269,True,False,False,False,10.0,0.0,0.0,0.0,0.0,21.027,24.365,30.576,0,0,0,0.0,76.1082,0.19378132004954343,-0.7234959487537216,0,0,75.959,76.275,0.3160000000000025,0.05200000000000671,0.009000000000000341,-0.147333333333331,0.0,0.06899999999999906,0.27215749117009375,-0.147333333333331,0,0,2023,Canadian Grand Prix,2023_Canadian Grand Prix
LEC,50,0 days 00:01:16.275000,HARD,11.0,True,0 days 02:10:58.034000,4,0 days 00:00:21.256000,0 days 00:00:24.373000,0 days 00:00:30.646000,1,76.275,7858.034,2.3830000000007203,True,False,False,False,11.0,0.0,0.0,0.0,0.0,21.256,24.373,30.646,0,0,0,0.0,76.0732,0.20157182342814406,1.0011319864452337,0,0,75.968,76.191,0.22299999999999898,0.06100000000000705,0.30700000000000216,-0.054333333333332234,0.0,0.13899999999999935,0.2337855855265672,-0.054333333333332234,0,0,2023,Canadian Grand Prix,2023_Canadian Grand Prix
LEC,51,0 days 00:01:16.191000,HARD,12.0,True,0 days 02:12:14.225000,4,0 days 00:00:21.116000,0 days 00:00:24.380000,0 days 00:00:30.695000,1,76.191,7934.225,2.3799999999991996,True,False,False,False,12.0,0.0,0.0,0.0,0.0,21.116,24.38,30.695,0,0,0,0.0,76.048,0.1521676706799141,0.9397528355467983,0,0,76.275,76.125,-0.15000000000000568,0.3680000000000092,-0.08400000000000318,0.12266666666666974,0.0,0.17999999999999972,0.09106426302342704,0.12266666666666974,0,0,2023,Canadian Grand Prix,2023_Canadian Grand Prix
LEC,52,0 days 00:01:16.125000,HARD,13.0,True,0 days 02:13:30.350000,4,0 days 00:00:21.106000,0 days 00:00:24.449000,0 days 00:00:30.570000,1,76.125,8010.35,2.345999999999549,True,False,False,False,13.0,0.0,0.0,0.0,0.0,21.106,24.449,30.57,0,0,0,0.0,76.06,0.16237302731719222,0.40031279254910745,0,0,76.191,75.96,-0.23100000000000875,0.284000000000006,-0.0660000000000025,0.0773333333333331,0.0,-0.006000000000000227,0.1121485621842739,0.0773333333333331,0,0,2023,Canadian Grand Prix,2023_Canadian Grand Prix
LEC,53,0 days 00:01:15.960000,HARD,14.0,True,0 days 02:14:46.310000,4,0 days 00:00:21.092000,0 days 00:00:24.305000,0 days 00:00:30.563000,1,75.96,8086.31,2.4439999999995052,True,False,False,False,14.0,0.0,0.0,0.0,0.0,21.092,24.305,30.563,0,0,0,0.0,76.1036,0.1385380814077632,-1.0365381023095326,0,0,76.125,76.126,0.0010000000000047748,0.16599999999999682,-0.16500000000000625,0.052333333333332156,0.0,-0.0070000000000014495,0.08087335778858232,0.052333333333332156,0,0,2023,Canadian Grand Prix,2023_Canadian Grand Prix
LEC,54,0 days 00:01:16.126000,HARD,15.0,True,0 days 02:16:02.436000,4,0 days 00:00:21.076000,0 days 00:00:24.439000,0 days 00:00:30.611000,1,76.126,8162.436,2.6390000000001237,True,False,False,False,15.0,0.0,0.0,0.0,0.0,21.076,24.439,30.611,0,0,0,0.0,76.1038,0.1382776193031434,0.16054658817439837,0,0,75.96,76.045,0.08500000000000796,0.0,0.16600000000001103,-0.10500000000000398,0.0,0.04800000000000182,0.08432378075015418,-0.10500000000000398,0,0,2023,Canadian Grand Prix,2023_Canadian Grand Prix
LEC,55,0 days 00:01:16.045000,HARD,16.0,True,0 days 02:17:18.481000,4,0 days 00:00:21.041000,0 days 00:00:24.374000,0 days 00:00:30.630000,1,76.045,8238.481,2.548000000000684,True,False,False,False,16.0,0.0,0.0,0.0,0.0,21.041,24.374,30.63,0,0,0,0.0,76.1354,0.1156948572761131,-0.781365759277071,0,0,76.126,76.213,0.08699999999998909,0.16600000000001103,-0.08100000000000307,-0.021666666666665908,0.0,0.06700000000000017,0.0852156088988399,-0.021666666666665908,0,0,2023,Canadian Grand Prix,2023_Canadian Grand Prix
LEC,56,0 days 00:01:16.213000,HARD,17.0,True,0 days 02:18:34.694000,4,0 days 00:00:21.191000,0 days 00:00:24.410000,0 days 00:00:30.612000,1,76.213,8314.694,2.6920000000009168,True,False,False,False,17.0,0.0,0.0,0.0,0.0,21.191,24.41,30.612,0,0,0,0.0,76.0894,0.08894548892521885,1.3896151619776151,0,0,76.045,75.968,-0.07699999999999818,0.08500000000000796,0.16799999999999216,-0.0266666666666661,0.0,0.04899999999999949,0.07644148088570803,-0.0266666666666661,0,0,2023,Canadian Grand Prix,2023_Canadian Grand Prix
LEC,57,0 days 00:01:15.968000,HARD,18.0,True,0 days 02:19:50.662000,4,0 days 00:00:21.097000,0 days 00:00:24.267000,0 days 00:00:30.604000,1,75.968,8390.662,3.52599999999984,True,False,False,False,18.0,0.0,0.0,0.0,0.0,21.097,24.267,30.604,0,0,0,0.0,76.0938,0.09552852977066838,-1.3168840795728909,0,0,76.213,76.304,0.09100000000000819,0.2530000000000001,-0.24499999999999034,0.08433333333333337,0.0,-0.0070000000000014495,0.0343467611282357,0.08433333333333337,0,0,2023,Canadian Grand Prix,2023_Canadian Grand Prix
LEC,58,0 days 00:01:16.304000,HARD,19.0,True,0 days 02:21:06.966000,4,0 days 00:00:21.188000,0 days 00:00:24.487000,0 days 00:00:30.629000,1,76.304,8466.966,3.3619999999991705,True,False,False,False,19.0,0.0,0.0,0.0,0.0,21.188,24.487,30.629,0,0,0,0.0,76.0624,0.10773253918918191,2.2425907884315968,0,0,75.968,75.961,-0.007000000000005002,0.008000000000009777,0.3359999999999985,-0.052666666666667084,0.0,0.02500000000000213,0.03461213659975509,-0.052666666666667084,0,0,2023,Canadian Grand Prix,2023_Canadian Grand Prix
LEC,59,0 days 00:01:15.961000,HARD,20.0,True,0 days 02:22:22.927000,4,0 days 00:00:21.069000,0 days 00:00:24.357000,0 days 00:00:30.535000,1,75.961,8542.927,3.367000000000189,True,False,False,False,20.0,0.0,0.0,0.0,0.0,21.069,24.357,30.535,0,0,0,0.0,76.1312,0.13289356643623423,-1.280724150643325,0,0,76.304,76.241,-0.06300000000000239,0.3359999999999985,-0.3430000000000035,0.08633333333333344,0.0,-0.06899999999999906,0.028474550040344215,0.08633333333333344,0,0,2023,Canadian Grand Prix,2023_Canadian Grand Prix
LEC,60,0 days 00:01:16.241000,HARD,21.0,True,0 days 02:23:39.168000,4,0 days 00:00:21.188000,0 days 00:00:24.383000,0 days 00:00:30.670000,1,76.241,8619.168,3.07300000000032,True,False,False,False,21.0,0.0,0.0,0.0,0.0,21.188,24.383,30.67,0,0,0,0.0,76.09819999999999,0.15341023433964562,0.9308375064720478,0,0,75.961,76.075,0.11400000000000432,0.0,0.28000000000000114,-0.08399999999999845,0.0,0.13500000000000156,0.05357238094391569,-0.08399999999999845,0,0,2023,Canadian Grand Prix,2023_Canadian Grand Prix
LEC,61,0 days 00:01:16.075000,HARD,22.0,True,0 days 02:24:55.243000,4,0 days 00:00:21.041000,0 days 00:00:24.419000,0 days 00:00:30.615000,1,76.075,8695.243,3.0049999999991996,True,False,False,False,22.0,0.0,0.0,0.0,0.0,21.041,24.419,30.615,0,0,0,0.0,76.1374,0.16125848814912713,-0.386956374924531,0,0,76.241,76.2,-0.04099999999999682,0.28000000000000114,-0.16599999999999682,0.0909999999999987,0.0,0.0799999999999983,0.07503865670439533,0.0909999999999987,0,0,2023,Canadian Grand Prix,2023_Canadian Grand Prix
LEC,62,0 days 00:01:16.200000,HARD,23.0,True,0 days 02:26:11.443000,4,0 days 00:00:21.184000,0 days 00:00:24.449000,0 days 00:00:30.567000,1,76.2,8771.443,2.9909999999999854,True,False,False,False,23.0,0.0,0.0,0.0,0.0,21.184,24.449,30.567,0,0,0,0.0,76.10979999999999,0.15683335104544738,0.5751327724539391,0,0,76.075,76.135,0.060000000000002274,0.11400000000000432,0.125,-0.07633333333333307,0.0,0.03200000000000003,0.07855062062135505,-0.07633333333333307,0,0,2023,Canadian Grand Prix,2023_Canadian Grand Prix
LEC,63,0 days 00:01:16.135000,HARD,24.0,True,0 days 02:27:27.578000,4,0 days 00:00:21.054000,0 days 00:00:24.465000,0 days 00:00:30.616000,1,76.135,8847.578,2.90099999999984,True,False,False,False,24.0,0.0,0.0,0.0,0.0,21.054,24.465,30.616,0,0,0,0.0,76.1562,0.13752345254588605,-0.1541555248034486,0,0,76.2,75.946,-0.2540000000000049,0.23900000000000432,-0.06499999999999773,0.0796666666666681,0.0,0.04899999999999949,0.07548708498809586,0.0796666666666681,0,0,2023,Canadian Grand Prix,2023_Canadian Grand Prix
LEC,64,0 days 00:01:15.946000,HARD,25.0,True,0 days 02:28:43.524000,4,0 days 00:00:21.051000,0 days 00:00:24.377000,0 days 00:00:30.518000,1,75.946,8923.524,2.9830000000001746,True,False,False,False,25.0,0.0,0.0,0.0,0.0,21.051,24.377,30.518,0,0,0,0.0,76.1224,0.11016260708672376,-1.6012692933195827,1,0,76.135,76.266,0.13100000000000023,0.1740000000000066,-0.18900000000000716,-0.03533333333333152,0.0,-0.04899999999999949,0.07500866616598394,-0.03533333333333152,0,0,2023,Canadian Grand Prix,2023_Canadian Grand Prix
LEC,65,0 days 00:01:16.266000,HARD,26.0,True,0 days 02:29:59.790000,4,0 days 00:00:21.118000,0 days 00:00:24.474000,0 days 00:00:30.674000,1,76.266,8999.79,3.0449999999982538,True,False,False,False,26.0,0.0,0.0,0.0,0.0,21.118,24.474,30.674,0,0,0,0.0,76.1194,0.11572078465057273,1.2668424297560357,0,1,75.946,76.241,0.2950000000000017,0.0,0.3200000000000074,-0.04300000000000163,0.0,0.1559999999999988,0.06754479994788683,-0.04300000000000163,0,0,2023,Canadian Grand Prix,2023_Canadian Grand Prix
LEC,66,0 days 00:01:16.241000,HARD,27.0,True,0 days 02:31:16.031000,4,0 days 00:00:21.211000,0 days 00:00:24.363000,0 days 00:00:30.667000,1,76.241,9076.031,3.4759999999987485,True,False,False,False,27.0,0.0,0.0,0.0,0.0,21.211,24.363,30.667,0,0,0,0.0,76.12440000000001,0.12262259172005668,0.9508851375950779,0,0,76.266,76.717,0.4509999999999934,0.3200000000000074,-0.025000000000005684,0.022000000000000835,0.0,0.1490000000000009,0.07449362388822232,0.022000000000000835,0,0,2023,Canadian Grand Prix,2023_Canadian Grand Prix
LEC,67,0 days 00:01:16.717000,HARD,28.0,True,0 days 02:32:32.748000,4,0 days 00:00:21.261000,0 days 00:00:24.601000,0 days 00:00:30.855000,1,76.717,9152.748,3.066000000000713,True,False,False,False,28.0,0.0,0.0,0.0,0.0,21.261,24.601,30.855,0,0,0,0.0,76.1576,0.12824702725654002,4.361894477920304,0,0,76.241,76.275,0.034000000000006025,0.2950000000000017,0.4759999999999991,0.03533333333333152,0.0,0.33699999999999974,0.0860947152849697,0.03533333333333152,0,0,2023,Canadian Grand Prix,2023_Canadian Grand Prix
LEC,68,0 days 00:01:16.275000,HARD,29.0,True,0 days 02:33:49.023000,4,0 days 00:00:21.197000,0 days 00:00:24.475000,0 days 00:00:30.603000,1,76.275,9229.023,3.3320000000003347,True,False,False,False,29.0,0.0,0.0,0.0,0.0,21.197,24.475,30.603,0,0,0,0.0,76.261,0.2843685988292826,0.04923187742122941,0,0,76.717,76.497,-0.21999999999999886,0.7710000000000008,-0.44199999999999307,0.2570000000000003,0.0,-0.06400000000000006,0.1435924789116755,0.2570000000000003,0,0,2023,Canadian Grand Prix,2023_Canadian Grand Prix
LEC,69,0 days 00:01:16.497000,HARD,30.0,True,0 days 02:35:05.520000,4,0 days 00:00:21.305000,0 days 00:00:24.443000,0 days 00:00:30.749000,1,76.497,9305.52,3.183999999999287,True,False,False,False,30.0,0.0,0.0,0.0,0.0,21.305,24.443,30.749,0,0,0,0.0,76.289,0.27561839561271523,0.7546666090178875,0,0,76.275,77.197,0.921999999999997,0.32900000000000773,0.2219999999999942,0.0030000000000001137,0.0,0.14599999999999724,0.1663090496635705,0.0030000000000001137,0,0,2023,Canadian Grand Prix,2023_Canadian Grand Prix
MAG,2,0 days 00:01:20.354000,HARD,2.0,True,0 days 01:04:58.101000,15,0 days 00:00:22.814000,0 days 00:00:25.601000,0 days 00:00:31.939000,1,80.354,3898.101,0.32799999999997453,True,False,False,False,2.0,0.0,0.0,0.0,0.0,22.814,25.601,31.939,0,0,0,0.0,76.5854,0.39183772151248014,9.617757028224148,0,0,80.354,78.742,-1.6119999999999948,4.1129999999999995,0.0,0.16000000000000134,0.0,1.3359999999999985,0.18983229440745858,0.0,0,1,2023,Canadian Grand Prix,2023_Canadian Grand Prix
MAG,3,0 days 00:01:18.742000,HARD,3.0,True,0 days 01:06:16.843000,15,0 days 00:00:22.041000,0 days 00:00:25.174000,0 days 00:00:31.527000,1,78.742,3976.843,0.3769999999999527,True,False,False,False,3.0,0.0,0.0,0.0,0.0,22.041,25.174,31.527,0,0,0,0.0,,,0.0,0,0,80.354,78.198,-2.156000000000006,0.0,-1.6119999999999948,0.0,0.0,0.0,0.0,0.0,0,1,2023,Canadian Grand Prix,2023_Canadian Grand Prix
MAG,4,0 days 00:01:18.198000,HARD,4.0,True,0 days 01:07:35.041000,15,0 days 00:00:21.969000,0 days 00:00:25.082000,0 days 00:00:31.147000,1,78.198,4055.041,0.8079999999999927,True,False,False,False,4.0,0.0,0.0,0.0,0.0,21.969,25.082,31.147,0,0,0,0.0,,,0.0,0,0,78.742,78.466,-0.27600000000001046,0.0,-0.5440000000000111,-0.8059999999999974,0.0,-0.38000000000000256,0.0,0.0,0,1,2023,Canadian Grand Prix,2023_Canadian Grand Prix
MAG,5,0 days 00:01:18.466000,HARD,5.0,True,0 days 01:08:53.507000,15,0 days 00:00:22.059000,0 days 00:00:25.219000,0 days 00:00:31.188000,1,78.466,4133.507,1.7899999999999636,True,False,False,False,5.0,0.0,0.0,0.0,0.0,22.059,25.219,31.188,0,0,0,0.0,79.098,1.1212207632754594,-0.5636713310175621,0,0,78.198,78.684,0.4860000000000042,0.0,0.2680000000000007,-0.7186666666666687,0.0,0.04100000000000037,0.9012909260240745,-1.078000000000003,0,0,2023,Canadian Grand Prix,2023_Canadian Grand Prix
MAG,6,0 days 00:01:18.684000,HARD,6.0,True,0 days 01:10:12.191000,15,0 days 00:00:22.251000,0 days 00:00:25.279000,0 days 00:00:31.154000,1,78.684,4212.191,1.8810000000003129,True,False,False,False,6.0,0.0,0.0,0.0,0.0,22.251,25.279,31.154,0,0,0,0.0,78.94,0.9684764667593481,-0.26433270067636283,0,0,78.466,78.76,0.29400000000001114,0.2680000000000007,0.21800000000000352,-0.6293333333333351,0.0,0.0070000000000014495,0.748882445158562,-0.6293333333333351,0,0,2023,Canadian Grand Prix,2023_Canadian Grand Prix
MAG,9,0 days 00:01:18.760000,HARD,9.0,True,0 days 01:14:23.441000,15,0 days 00:00:22.264000,0 days 00:00:25.221000,0 days 00:00:31.275000,1,78.76,4463.441,0.6010000000005675,True,False,False,False,9.0,0.0,0.0,0.0,0.0,22.264,25.221,31.275,0,0,0,0.0,78.88879999999999,0.8465029237988511,-0.15215541066529137,0,0,78.684,79.105,0.4210000000000065,0.4860000000000042,0.07600000000000762,-0.019333333333335645,0.0,0.1280000000000001,0.6575376034874353,-0.019333333333335645,0,1,2023,Canadian Grand Prix,2023_Canadian Grand Prix
MAG,10,0 days 00:01:19.105000,HARD,10.0,True,0 days 01:15:42.546000,14,0 days 00:00:22.225000,0 days 00:00:25.459000,0 days 00:00:31.421000,1,79.105,4542.546,0.5720000000001164,True,False,False,False,10.0,0.0,0.0,0.0,0.0,22.225,25.459,31.421,0,0,0,0.0,78.57000000000001,0.23868389137101026,2.2414583444527163,0,0,78.76,78.601,-0.15900000000000603,0.5620000000000118,0.34499999999999886,0.18733333333333727,0.0,0.26699999999999946,0.19633568193275633,0.18733333333333727,0,1,2023,Canadian Grand Prix,2023_Canadian Grand Prix
MAG,11,0 days 00:01:18.601000,HARD,11.0,True,0 days 01:17:01.147000,12,0 days 00:00:22.186000,0 days 00:00:25.201000,0 days 00:00:31.214000,1,78.601,4621.147,0.693000000000211,True,False,False,False,11.0,0.0,0.0,0.0,0.0,22.186,25.201,31.214,0,0,0,0.0,78.64259999999999,0.3384402458337451,-0.12291682361093614,0,0,79.105,79.884,0.7789999999999964,0.9070000000000107,-0.5040000000000049,0.21300000000000333,0.0,0.05999999999999872,0.24135513253295526,0.21300000000000333,0,1,2023,Canadian Grand Prix,2023_Canadian Grand Prix
MAG,17,0 days 00:01:19.884000,HARD,17.0,True,0 days 01:28:19.031000,7,0 days 00:00:22.705000,0 days 00:00:25.588000,0 days 00:00:31.591000,1,79.884,5299.031,0.41200000000026193,True,False,False,False,17.0,0.0,0.0,0.0,0.0,22.705,25.588,31.591,0,0,0,0.0,78.72319999999999,0.23965955019569063,4.843537422365076,0,0,78.601,78.722,0.12099999999999511,0.13500000000000512,1.2830000000000013,-0.027666666666666135,0.0,0.37700000000000244,0.10295775832835452,-0.027666666666666135,0,1,2023,Canadian Grand Prix,2023_Canadian Grand Prix
MAG,18,0 days 00:01:18.722000,HARD,18.0,True,0 days 01:29:37.753000,7,0 days 00:00:22.039000,0 days 00:00:25.273000,0 days 00:00:31.410000,1,78.722,5377.753,0.33700000000044383,True,False,False,False,18.0,0.0,0.0,0.0,0.0,22.039,25.273,31.41,0,0,0,0.0,79.0068,0.526523218861228,-0.5409068200562431,0,0,79.884,78.253,-1.6310000000000002,1.2830000000000013,-1.1620000000000061,0.3746666666666651,0.0,0.1960000000000015,0.15220611025842598,0.3746666666666651,0,1,2023,Canadian Grand Prix,2023_Canadian Grand Prix
MAG,19,0 days 00:01:18.253000,HARD,19.0,True,0 days 01:30:56.006000,7,0 days 00:00:21.775000,0 days 00:00:25.029000,0 days 00:00:31.449000,1,78.253,5456.006,0.7269999999998618,True,False,False,False,19.0,0.0,0.0,0.0,0.0,21.775,25.029,31.449,0,0,0,0.0,79.0144,0.5209436629809298,-1.4615783895769694,0,0,78.722,79.998,1.2760000000000105,0.12099999999999511,-0.4689999999999941,-0.12766666666666993,0.0,0.23500000000000298,0.12294429632968024,-0.12766666666666993,0,1,2023,Canadian Grand Prix,2023_Canadian Grand Prix
MAG,20,0 days 00:01:19.998000,HARD,20.0,True,0 days 01:32:16.004000,9,0 days 00:00:21.763000,0 days 00:00:26.118000,0 days 00:00:32.117000,1,79.998,5536.004,0.07899999999972351,True,False,False,False,20.0,0.0,0.0,0.0,0.0,21.763,26.118,32.117,0,0,0,0.0,78.913,0.622320255174125,1.74347531030695,0,0,78.253,79.305,1.0520000000000067,0.0,1.7450000000000045,-0.11599999999999966,0.0,0.7069999999999972,0.11512384635687004,-0.11599999999999966,0,1,2023,Canadian Grand Prix,2023_Canadian Grand Prix
MAG,21,0 days 00:01:19.305000,HARD,21.0,True,0 days 01:33:35.309000,10,0 days 00:00:23.114000,0 days 00:00:25.077000,0 days 00:00:31.114000,1,79.305,5615.309,0.3099999999994907,True,False,False,False,21.0,0.0,0.0,0.0,0.0,23.114,25.077,31.114,0,0,0,0.0,79.0916,0.7952988746376993,0.26832679739075715,0,0,79.998,78.576,-1.4220000000000113,1.7450000000000045,-0.6929999999999978,0.03800000000000144,0.0,-0.2959999999999994,0.24652281841646917,0.03800000000000144,0,1,2023,Canadian Grand Prix,2023_Canadian Grand Prix
MAG,22,0 days 00:01:18.576000,HARD,22.0,True,0 days 01:34:53.885000,10,0 days 00:00:21.935000,0 days 00:00:25.067000,0 days 00:00:31.574000,1,78.576,5693.885,0.3359999999993306,True,False,False,False,22.0,0.0,0.0,0.0,0.0,21.935,25.067,31.574,0,0,0,0.0,79.2324,0.747617749923042,-0.8779887851346136,0,0,79.305,78.495,-0.8100000000000023,1.0520000000000067,-0.7290000000000134,0.19433333333333755,0.0,0.46000000000000085,0.3626440403481067,0.19433333333333755,0,1,2023,Canadian Grand Prix,2023_Canadian Grand Prix
MAG,23,0 days 00:01:18.495000,HARD,23.0,True,0 days 01:36:12.380000,10,0 days 00:00:22.121000,0 days 00:00:25.024000,0 days 00:00:31.350000,1,78.495,5772.38,0.39800000000013824,True,False,False,False,23.0,0.0,0.0,0.0,0.0,22.121,25.024,31.35,0,0,0,0.0,78.97080000000001,0.689172474784066,-0.6903932141937126,0,0,78.576,78.535,-0.04099999999999682,0.3229999999999933,-0.08099999999998886,0.10766666666666443,0.0,0.23600000000000065,0.37204341144549136,0.10766666666666443,0,1,2023,Canadian Grand Prix,2023_Canadian Grand Prix
MAG,24,0 days 00:01:18.535000,HARD,24.0,True,0 days 01:37:30.915000,11,0 days 00:00:21.817000,0 days 00:00:24.868000,0 days 00:00:31.850000,1,78.535,5850.915,0.45200000000022555,True,False,False,False,24.0,0.0,0.0,0.0,0.0,21.817,24.868,31.85,0,0,0,0.0,78.92540000000001,0.7165914456648167,-0.5448013681461419,0,0,78.495,78.916,0.42099999999999227,0.24200000000000443,0.03999999999999204,-0.501,0.0,0.7360000000000007,0.3707402055348181,-0.501,0,1,2023,Canadian Grand Prix,2023_Canadian Grand Prix
MAG,25,0 days 00:01:18.916000,HARD,25.0,True,0 days 01:38:49.831000,11,0 days 00:00:22.641000,0 days 00:00:25.089000,0 days 00:00:31.186000,1,78.916,5929.831,0.3109999999996944,True,False,False,False,25.0,0.0,0.0,0.0,0.0,22.641,25.089,31.186,0,0,0,0.0,78.98179999999999,0.6592417614198853,-0.09981163793124206,0,0,78.535,78.604,0.06900000000000261,0.03999999999999204,0.3810000000000002,-0.2566666666666701,0.0,-0.16400000000000148,0.42341681591547514,-0.2566666666666701,0,1,2023,Canadian Grand Prix,2023_Canadian Grand Prix
MAG,26,0 days 00:01:18.604000,HARD,26.0,True,0 days 01:40:08.435000,11,0 days 00:00:22.129000,0 days 00:00:25.096000,0 days 00:00:31.379000,1,78.604,6008.435,0.057999999999992724,True,False,False,False,26.0,0.0,0.0,0.0,0.0,22.129,25.096,31.379,0,0,0,0.0,78.7654,0.3449352113078418,-0.4679139580677861,0,0,78.916,78.494,-0.42199999999999704,0.42099999999999227,-0.3119999999999976,0.11333333333333447,0.0,0.1930000000000014,0.42852864548359,0.11333333333333447,0,1,2023,Canadian Grand Prix,2023_Canadian Grand Prix
MAG,27,0 days 00:01:18.494000,HARD,27.0,True,0 days 01:41:26.929000,11,0 days 00:00:22.140000,0 days 00:00:24.948000,0 days 00:00:31.406000,1,78.494,6086.929,0.16699999999946158,True,False,False,False,27.0,0.0,0.0,0.0,0.0,22.14,24.948,31.406,0,0,0,0.0,78.62519999999999,0.16772209156810147,-0.7822463861102074,0,0,78.604,78.932,0.32800000000000296,0.10899999999999466,-0.10999999999999943,0.03633333333333155,0.0,0.21999999999999886,0.3340032933969371,0.03633333333333155,0,1,2023,Canadian Grand Prix,2023_Canadian Grand Prix
MAG,28,0 days 00:01:18.932000,HARD,28.0,True,0 days 01:42:45.861000,12,0 days 00:00:22.006000,0 days 00:00:24.995000,0 days 00:00:31.931000,12,78.932,6165.861,0.4780000000000655,True,False,False,False,28.0,0.0,0.0,0.0,0.0,22.006,24.995,31.931,0,0,1,0.0,78.6088,0.17746182688110126,1.8212367452778602,0,0,78.494,78.838,0.3439999999999941,0.0,0.4380000000000024,-0.013666666666665606,0.0,0.745000000000001,0.32084606901129453,-0.013666666666665606,0,1,2023,Canadian Grand Prix,2023_Canadian Grand Prix
MAG,29,0 days 00:01:18.838000,HARD,29.0,True,0 days 01:44:04.699000,12,0 days 00:00:22.497000,0 days 00:00:25.122000,0 days 00:00:31.219000,1,78.838,6244.699,0.4190000000007785,True,False,False,False,29.0,0.0,0.0,0.0,0.0,22.497,25.122,31.219,0,0,0,0.0,78.6962,0.21171017925452093,0.6697835715755327,0,0,78.932,78.31,-0.6219999999999999,0.4380000000000024,-0.0940000000000083,0.005333333333335115,0.0,-0.16000000000000014,0.39073200534381697,0.005333333333335115,0,1,2023,Canadian Grand Prix,2023_Canadian Grand Prix
MAG,30,0 days 00:01:18.310000,HARD,30.0,True,0 days 01:45:23.009000,12,0 days 00:00:22.180000,0 days 00:00:24.994000,0 days 00:00:31.136000,1,78.31,6323.009,0.6019999999998618,True,False,False,False,30.0,0.0,0.0,0.0,0.0,22.18,24.994,31.136,0,0,0,0.0,78.7568,0.1968786428233946,-2.269418325891182,1,0,78.838,78.534,-0.30399999999998784,0.3439999999999941,-0.5279999999999916,0.07799999999999822,0.0,-0.08300000000000196,0.37217563058319725,0.07799999999999822,0,1,2023,Canadian Grand Prix,2023_Canadian Grand Prix
MAG,31,0 days 00:01:18.534000,HARD,31.0,True,0 days 01:46:41.543000,12,0 days 00:00:22.018000,0 days 00:00:24.987000,0 days 00:00:31.529000,1,78.534,6401.543,0.45100000000002183,True,False,False,False,31.0,0.0,0.0,0.0,0.0,22.018,24.987,31.529,0,0,0,0.0,78.6356,0.2529244946619071,-0.40170091131664737,0,1,78.31,78.895,0.5849999999999937,0.0,0.22400000000000375,-0.0613333333333325,0.0,0.3930000000000007,0.35556926188859533,-0.0613333333333325,0,1,2023,Canadian Grand Prix,2023_Canadian Grand Prix
MAG,32,0 days 00:01:18.895000,HARD,32.0,True,0 days 01:48:00.438000,12,0 days 00:00:22.167000,0 days 00:00:25.138000,0 days 00:00:31.590000,1,78.895,6480.438,0.28799999999955617,True,False,False,False,32.0,0.0,0.0,0.0,0.0,22.167,25.138,31.59,0,0,0,0.0,78.6216,0.25701517464924184,1.063750420079726,0,0,78.534,78.707,0.1729999999999876,0.22400000000000375,0.36099999999999,-0.13266666666666538,0.0,0.4540000000000006,0.3680074727502155,-0.13266666666666538,0,1,2023,Canadian Grand Prix,2023_Canadian Grand Prix
MAG,33,0 days 00:01:18.707000,HARD,33.0,True,0 days 01:49:19.145000,12,0 days 00:00:22.132000,0 days 00:00:25.115000,0 days 00:00:31.460000,1,78.707,6559.145,0.4329999999999927,True,False,False,False,33.0,0.0,0.0,0.0,0.0,22.132,25.115,31.46,0,0,0,0.0,78.7018,0.2695054730427257,0.019294598886173662,0,0,78.895,79.494,0.5990000000000038,0.5849999999999937,-0.1880000000000024,0.01900000000000072,0.0,0.3240000000000016,0.3821383257408247,0.01900000000000072,0,1,2023,Canadian Grand Prix,2023_Canadian Grand Prix
MAG,34,0 days 00:01:19.494000,HARD,34.0,True,0 days 01:50:38.639000,12,0 days 00:00:22.271000,0 days 00:00:25.200000,0 days 00:00:32.023000,1,79.494,6638.639,0.14400000000023283,True,False,False,False,34.0,0.0,0.0,0.0,0.0,22.271,25.2,32.023,0,0,0,0.0,78.6568,0.23845481752311137,3.510937663982625,0,0,78.707,78.693,-0.013999999999995794,0.39699999999999136,0.7870000000000061,0.13233333333333044,0.0,0.5630000000000024,0.28539148550718973,0.13233333333333044,0,1,2023,Canadian Grand Prix,2023_Canadian Grand Prix
MAG,37,0 days 00:01:18.693000,MEDIUM,2.0,True,0 days 01:55:39.210000,19,0 days 00:00:22.183000,0 days 00:00:25.081000,0 days 00:00:31.429000,1,78.693,6939.21,0.0,False,True,False,False,2.0,0.0,0.0,0.0,0.0,22.183,25.081,31.429,0,0,0,0.0,78.788,0.4498460847889934,-0.21118334295286784,0,0,79.494,77.415,-2.0789999999999935,1.1839999999999975,-0.8010000000000019,0.3199999999999979,0.0,-0.03100000000000236,0.24710261026545363,0.3199999999999979,0,0,2023,Canadian Grand Prix,2023_Canadian Grand Prix
MAG,38,0 days 00:01:17.415000,MEDIUM,3.0,True,0 days 01:56:56.625000,19,0 days 00:00:21.680000,0 days 00:00:24.770000,0 days 00:00:30.965000,1,77.415,7016.625,0.0,False,True,False,False,3.0,0.0,0.0,0.0,0.0,21.68,24.77,30.965,0,0,0,0.0,78.8646,0.37438255835440704,-3.871975250053541,1,0,78.693,77.602,-1.090999999999994,0.15899999999999181,-1.2779999999999916,-0.06733333333333273,0.0,-0.46399999999999864,0.22551563138727365,-0.06733333333333273,0,0,2023,Canadian Grand Prix,2023_Canadian Grand Prix
MAG,39,0 days 00:01:17.602000,MEDIUM,4.0,True,0 days 01:58:14.227000,19,0 days 00:00:21.765000,0 days 00:00:24.813000,0 days 00:00:31.024000,1,77.602,7094.227,0.0,False,True,False,False,4.0,0.0,0.0,0.0,0.0,21.765,24.813,31.024,0,0,0,0.0,78.6408,0.7586601347111704,-1.3692560772228746,0,1,77.415,77.053,-0.362000000000009,0.0,0.1869999999999976,-0.4306666666666625,0.0,0.05900000000000105,0.41868090474727937,-0.4306666666666625,0,0,2023,Canadian Grand Prix,2023_Canadian Grand Prix
MAG,40,0 days 00:01:17.053000,MEDIUM,5.0,True,0 days 01:59:31.280000,19,0 days 00:00:21.684000,0 days 00:00:24.656000,0 days 00:00:30.713000,1,77.053,7171.28,0.0,False,True,False,False,5.0,0.0,0.0,0.0,0.0,21.684,24.656,30.713,0,0,0,0.0,78.38219999999998,0.863478256819447,-1.539355495639216,1,0,77.602,79.79,2.1880000000000024,0.1869999999999976,-0.5490000000000066,-0.6306666666666653,0.0,-0.2519999999999989,0.3876218518092091,-0.6306666666666653,0,0,2023,Canadian Grand Prix,2023_Canadian Grand Prix
MAG,41,0 days 00:01:19.790000,MEDIUM,6.0,True,0 days 02:00:51.070000,19,0 days 00:00:22.142000,0 days 00:00:26.840000,0 days 00:00:30.808000,1,79.79,7251.07,0.0,False,True,False,False,6.0,0.0,0.0,0.0,0.0,22.142,26.84,30.808,0,0,0,0.0,78.05139999999999,1.0119922430532402,1.7179973581166599,0,1,77.053,78.044,0.9909999999999997,0.0,2.737000000000009,-0.5466666666666669,0.0,0.09499999999999886,0.3863567004725042,-0.5466666666666669,0,0,2023,Canadian Grand Prix,2023_Canadian Grand Prix
MAG,42,0 days 00:01:18.044000,MEDIUM,7.0,True,0 days 02:02:09.114000,19,0 days 00:00:21.988000,0 days 00:00:24.962000,0 days 00:00:31.094000,1,78.044,7329.114,0.0,False,True,False,False,7.0,0.0,0.0,0.0,0.0,21.988,24.962,31.094,0,0,0,0.0,78.1106,1.1203375830525084,-0.059446367780100415,0,0,79.79,79.123,-0.6670000000000016,2.737000000000009,-1.7460000000000093,0.7916666666666666,0.0,0.3810000000000002,0.2355510560366893,0.7916666666666666,0,0,2023,Canadian Grand Prix,2023_Canadian Grand Prix
MAG,43,0 days 00:01:19.123000,MEDIUM,8.0,True,0 days 02:03:28.237000,19,0 days 00:00:22.093000,0 days 00:00:26.057000,0 days 00:00:30.973000,1,79.123,7408.237,0.0,False,True,False,False,8.0,0.0,0.0,0.0,0.0,22.093,26.057,30.973,0,0,0,0.0,77.9808,1.0725706037366165,1.0649182403664723,0,0,78.044,77.638,-0.4059999999999917,0.9909999999999997,1.0790000000000077,0.147333333333331,0.0,0.259999999999998,0.32783944241045737,0.147333333333331,0,0,2023,Canadian Grand Prix,2023_Canadian Grand Prix
MAG,44,0 days 00:01:17.638000,MEDIUM,9.0,True,0 days 02:04:45.875000,18,0 days 00:00:21.949000,0 days 00:00:24.910000,0 days 00:00:30.779000,1,77.638,7485.875,0.5720000000001164,False,True,False,False,9.0,0.0,0.0,0.0,0.0,21.949,24.91,30.779,0,0,0,0.0,78.3224,1.1183323745648952,-0.6119826409087666,0,0,79.123,77.966,-1.1570000000000107,2.0700000000000074,-1.4849999999999994,0.6900000000000025,0.0,-0.028999999999999915,0.23968792209871495,0.6900000000000025,0,1,2023,Canadian Grand Prix,2023_Canadian Grand Prix
MAG,45,0 days 00:01:17.966000,MEDIUM,10.0,True,0 days 02:06:03.841000,18,0 days 00:00:21.907000,0 days 00:00:24.929000,0 days 00:00:31.130000,1,77.966,7563.841,0.8079999999999927,False,True,False,False,10.0,0.0,0.0,0.0,0.0,21.907,24.929,31.13,0,0,0,0.0,78.3296,1.1126361939106406,-0.32679145437651214,0,0,77.638,77.68,0.04200000000000159,0.585000000000008,0.32799999999998875,-0.7173333333333337,0.0,0.3509999999999991,0.24734894380207012,-0.7173333333333337,0,1,2023,Canadian Grand Prix,2023_Canadian Grand Prix
MAG,46,0 days 00:01:17.680000,MEDIUM,11.0,True,0 days 02:07:21.521000,18,0 days 00:00:21.744000,0 days 00:00:24.761000,0 days 00:00:31.175000,1,77.68,7641.521,1.51299999999992,False,True,False,False,11.0,0.0,0.0,0.0,0.0,21.744,24.761,31.175,0,0,0,0.0,78.5122,0.9065898741988953,-0.917945394807515,0,0,77.966,77.44,-0.5259999999999962,0.32799999999998875,-0.28599999999998715,-0.026000000000000984,0.0,0.3960000000000008,0.17461042351474879,-0.026000000000000984,0,0,2023,Canadian Grand Prix,2023_Canadian Grand Prix
MAG,47,0 days 00:01:17.440000,MEDIUM,12.0,True,0 days 02:08:38.961000,18,0 days 00:00:21.589000,0 days 00:00:24.739000,0 days 00:00:31.112000,1,77.44,7718.961,2.911000000000058,False,True,False,False,12.0,0.0,0.0,0.0,0.0,21.589,24.739,31.112,0,0,0,0.0,78.09020000000001,0.6035281269335571,-1.0773317281890218,0,0,77.68,77.635,-0.045000000000001705,0.04200000000000159,-0.2400000000000091,-0.48099999999999926,0.0,0.3329999999999984,0.1762404607347586,-0.48099999999999926,0,0,2023,Canadian Grand Prix,2023_Canadian Grand Prix
MAG,48,0 days 00:01:17.635000,MEDIUM,13.0,True,0 days 02:09:56.596000,18,0 days 00:00:21.700000,0 days 00:00:24.685000,0 days 00:00:31.250000,1,77.635,7796.596,3.8590000000003783,False,True,False,False,13.0,0.0,0.0,0.0,0.0,21.7,24.685,31.25,0,0,0,0.0,77.96940000000001,0.6716857896367299,-0.4978518306615612,0,0,77.44,77.695,0.25499999999999545,0.0,0.1950000000000074,-0.0660000000000025,0.0,0.13800000000000168,0.17000205881106237,-0.0660000000000025,0,0,2023,Canadian Grand Prix,2023_Canadian Grand Prix
MAG,49,0 days 00:01:17.695000,MEDIUM,14.0,True,0 days 02:11:14.291000,18,0 days 00:00:21.731000,0 days 00:00:24.747000,0 days 00:00:31.217000,1,77.695,7874.291,4.283999999999651,False,True,False,False,14.0,0.0,0.0,0.0,0.0,21.731,24.747,31.217,0,0,0,0.0,77.67179999999999,0.188976718142441,0.12276644566615767,0,0,77.635,77.705,0.06999999999999318,0.1950000000000074,0.05999999999998806,-0.11033333333332962,0.0,0.10500000000000043,0.17891813770548756,-0.11033333333332962,0,0,2023,Canadian Grand Prix,2023_Canadian Grand Prix
MAG,50,0 days 00:01:17.705000,MEDIUM,15.0,True,0 days 02:12:31.996000,18,0 days 00:00:21.651000,0 days 00:00:24.842000,0 days 00:00:31.212000,1,77.705,7951.996,0.0,False,True,False,False,15.0,0.0,0.0,0.0,0.0,21.651,24.842,31.212,0,0,0,0.0,77.6832,0.18814542247923238,0.1158678202888791,0,0,77.695,77.485,-0.20999999999999375,0.25499999999999545,0.010000000000005116,0.0049999999999954525,0.0,0.10000000000000142,0.13314390710806026,0.0049999999999954525,0,0,2023,Canadian Grand Prix,2023_Canadian Grand Prix
MAG,51,0 days 00:01:17.485000,MEDIUM,16.0,True,0 days 02:13:49.481000,18,0 days 00:00:21.710000,0 days 00:00:24.739000,0 days 00:00:31.036000,1,77.485,8029.481,0.0,False,True,False,False,16.0,0.0,0.0,0.0,0.0,21.71,24.739,31.036,0,0,0,0.0,77.631,0.11007951671353083,-1.3263139624781317,0,0,77.705,77.423,-0.2819999999999965,0.26500000000000057,-0.21999999999999886,0.08833333333333353,0.0,-0.17599999999999838,0.13958617410044513,0.08833333333333353,0,0,2023,Canadian Grand Prix,2023_Canadian Grand Prix
MAG,52,0 days 00:01:17.423000,MEDIUM,17.0,True,0 days 02:15:06.904000,18,0 days 00:00:21.547000,0 days 00:00:24.706000,0 days 00:00:31.170000,1,77.423,8106.904,23.282999999999447,False,True,False,False,17.0,0.0,0.0,0.0,0.0,21.547,24.706,31.17,0,0,0,0.0,77.592,0.12224974437552108,-1.382415978563281,0,0,77.485,76.126,-1.3589999999999947,0.045000000000001705,-0.06199999999999761,-0.0500000000000019,0.0,0.13400000000000034,0.1816136008122729,-0.0500000000000019,0,0,2023,Canadian Grand Prix,2023_Canadian Grand Prix
MAG,55,0 days 00:01:16.126000,MEDIUM,2.0,True,0 days 02:19:19.503000,17,0 days 00:00:21.243000,0 days 00:00:24.406000,0 days 00:00:30.477000,1,76.126,8359.503,1.4429999999993015,False,True,False,False,2.0,0.0,0.0,0.0,0.0,21.243,24.406,30.477,0,0,0,0.0,77.5886,0.12765108695142213,-11.457795111110883,1,0,77.423,76.852,-0.570999999999998,0.0,-1.296999999999997,-0.09066666666666379,0.0,-0.559000000000001,0.13311724155795865,-0.09066666666666379,0,0,2023,Canadian Grand Prix,2023_Canadian Grand Prix
MAG,56,0 days 00:01:16.852000,MEDIUM,3.0,True,0 days 02:20:36.355000,17,0 days 00:00:21.380000,0 days 00:00:24.820000,0 days 00:00:30.652000,1,76.852,8436.355,1.4940000000005966,False,True,False,False,3.0,0.0,0.0,0.0,0.0,21.38,24.82,30.652,0,0,0,0.0,77.2868,0.6608344724663221,-0.6579559906692886,0,1,76.126,77.045,0.9189999999999969,0.0,0.7259999999999991,-0.5263333333333312,0.0,0.1750000000000007,0.296257826900827,-0.5263333333333312,0,0,2023,Canadian Grand Prix,2023_Canadian Grand Prix
MAG,57,0 days 00:01:17.045000,MEDIUM,4.0,True,0 days 02:21:53.400000,17,0 days 00:00:21.547000,0 days 00:00:24.572000,0 days 00:00:30.926000,1,77.045,8513.4,1.2330000000001746,False,True,False,False,4.0,0.0,0.0,0.0,0.0,21.547,24.572,30.926,0,0,0,0.0,77.1182,0.6377896988818698,-0.11477137390009477,0,0,76.852,76.883,0.0309999999999917,0.7259999999999991,0.19299999999999784,-0.21099999999999852,0.0,0.44899999999999807,0.3085380041421161,-0.21099999999999852,0,0,2023,Canadian Grand Prix,2023_Canadian Grand Prix
MAG,58,0 days 00:01:16.883000,MEDIUM,5.0,True,0 days 02:23:10.283000,17,0 days 00:00:21.582000,0 days 00:00:24.439000,0 days 00:00:30.862000,1,76.883,8590.283,1.4160000000010768,False,True,False,False,5.0,0.0,0.0,0.0,0.0,21.582,24.439,30.862,0,0,0,0.0,76.9862,0.5479522789438999,-0.18833756873665058,0,0,77.045,76.739,-0.3059999999999974,0.9189999999999969,-0.16200000000000614,-0.12600000000000003,0.0,0.384999999999998,0.3852055295553269,-0.12600000000000003,0,0,2023,Canadian Grand Prix,2023_Canadian Grand Prix
MAG,59,0 days 00:01:16.739000,MEDIUM,6.0,True,0 days 02:24:27.022000,17,0 days 00:00:21.307000,0 days 00:00:24.560000,0 days 00:00:30.872000,1,76.739,8667.022,1.628999999998996,False,True,False,False,6.0,0.0,0.0,0.0,0.0,21.307,24.56,30.872,0,0,0,0.0,76.86580000000001,0.47179836794948804,-0.26875887797386033,0,0,76.883,76.722,-0.16100000000000136,0.7569999999999908,-0.14399999999999125,0.25233333333333025,0.0,0.21999999999999886,0.40083562715906357,0.25233333333333025,0,0,2023,Canadian Grand Prix,2023_Canadian Grand Prix
MAG,60,0 days 00:01:16.722000,MEDIUM,7.0,True,0 days 02:25:43.744000,17,0 days 00:00:21.331000,0 days 00:00:24.489000,0 days 00:00:30.902000,1,76.722,8743.744,2.4799999999995634,False,True,False,False,7.0,0.0,0.0,0.0,0.0,21.331,24.489,30.902,0,0,0,0.0,76.72900000000001,0.35440442999458716,-0.01975144610953685,0,0,76.739,76.778,0.03900000000000148,0.6129999999999995,-0.017000000000010118,-0.037666666666666515,0.0,0.0400000000000027,0.40359385525550284,-0.037666666666666515,0,0,2023,Canadian Grand Prix,2023_Canadian Grand Prix
MAG,61,0 days 00:01:16.778000,MEDIUM,8.0,True,0 days 02:27:00.522000,17,0 days 00:00:21.337000,0 days 00:00:24.494000,0 days 00:00:30.947000,1,76.778,8820.522,3.125,False,True,False,False,8.0,0.0,0.0,0.0,0.0,21.337,24.494,30.947,0,0,0,0.0,76.84819999999999,0.13019869430911826,-0.5391759139559148,0,0,76.722,76.875,0.1530000000000058,0.0,0.056000000000011596,-0.10766666666666917,0.0,0.08500000000000085,0.16460467794081482,-0.10766666666666917,0,0,2023,Canadian Grand Prix,2023_Canadian Grand Prix
MAG,62,0 days 00:01:16.875000,MEDIUM,9.0,True,0 days 02:28:17.397000,17,0 days 00:00:21.426000,0 days 00:00:24.627000,0 days 00:00:30.822000,1,76.875,8897.397,3.3729999999995925,False,True,False,False,9.0,0.0,0.0,0.0,0.0,21.426,24.627,30.822,0,0,0,0.0,76.83340000000001,0.13381442373599867,0.31087829576623666,0,0,76.778,77.057,0.27899999999999636,0.056000000000011596,0.0969999999999942,-0.03499999999999659,0.0,-0.05000000000000071,0.1796126387535112,-0.03499999999999659,0,0,2023,Canadian Grand Prix,2023_Canadian Grand Prix
MAG,63,0 days 00:01:17.057000,MEDIUM,10.0,True,0 days 02:29:34.454000,17,0 days 00:00:21.516000,0 days 00:00:24.653000,0 days 00:00:30.888000,1,77.057,8974.454,3.4210000000002765,False,True,False,False,10.0,0.0,0.0,0.0,0.0,21.516,24.653,30.888,0,0,0,0.0,76.7994,0.07550033112373265,3.4119055660541724,0,0,76.875,76.729,-0.1460000000000008,0.1530000000000058,0.18200000000000216,0.04533333333333189,0.0,0.0660000000000025,0.16990438487572826,0.04533333333333189,0,0,2023,Canadian Grand Prix,2023_Canadian Grand Prix
MAG,64,0 days 00:01:16.729000,MEDIUM,11.0,True,0 days 02:30:51.183000,17,0 days 00:00:21.341000,0 days 00:00:24.517000,0 days 00:00:30.871000,1,76.729,9051.183,3.8769999999985885,False,True,False,False,11.0,0.0,0.0,0.0,0.0,21.341,24.517,30.871,0,0,0,0.0,76.83420000000001,0.13794455407806705,-0.7626252497106534,0,0,77.057,76.974,-0.08299999999999841,0.33500000000000796,-0.32800000000000296,0.11166666666666931,0.0,0.04899999999999949,0.0974894866126594,0.11166666666666931,0,0,2023,Canadian Grand Prix,2023_Canadian Grand Prix
MAG,65,0 days 00:01:16.974000,MEDIUM,12.0,True,0 days 02:32:08.157000,17,0 days 00:00:21.529000,0 days 00:00:24.583000,0 days 00:00:30.862000,1,76.974,9128.157,3.813000000000102,False,True,False,False,12.0,0.0,0.0,0.0,0.0,21.529,24.583,30.862,0,0,0,0.0,76.8322,0.13973081263557094,1.0148083828140981,0,0,76.729,76.791,0.06199999999999761,0.007000000000005002,0.24500000000000455,-0.01633333333333553,0.0,0.03999999999999915,0.05211045960265624,-0.01633333333333553,0,0,2023,Canadian Grand Prix,2023_Canadian Grand Prix
MAG,66,0 days 00:01:16.791000,MEDIUM,13.0,True,0 days 02:33:24.948000,17,0 days 00:00:21.443000,0 days 00:00:24.548000,0 days 00:00:30.800000,1,76.791,9204.948,3.7260000000005675,False,True,False,False,13.0,0.0,0.0,0.0,0.0,21.443,24.548,30.8,0,0,0,0.0,76.8826,0.13542636375462727,-0.6763823339890116,0,0,76.974,76.522,-0.4519999999999982,0.24500000000000455,-0.18300000000000693,0.03300000000000125,0.0,-0.06199999999999761,0.05211045960265621,0.03300000000000125,0,0,2023,Canadian Grand Prix,2023_Canadian Grand Prix
MAG,67,0 days 00:01:16.522000,MEDIUM,14.0,True,0 days 02:34:41.470000,17,0 days 00:00:21.341000,0 days 00:00:24.375000,0 days 00:00:30.806000,1,76.522,9281.47,4.050000000001091,False,True,False,False,14.0,0.0,0.0,0.0,0.0,21.341,24.375,30.806,0,0,0,0.0,76.8852,0.13301954743495928,-2.730425768269741,1,0,76.791,76.421,-0.36999999999999034,0.06199999999999761,-0.26899999999999125,-0.08866666666666845,0.0,0.006000000000000227,0.05985649505275068,-0.08866666666666845,0,0,2023,Canadian Grand Prix,2023_Canadian Grand Prix
MAG,68,0 days 00:01:16.421000,MEDIUM,15.0,True,0 days 02:35:57.891000,17,0 days 00:00:21.269000,0 days 00:00:24.438000,0 days 00:00:30.714000,1,76.421,9357.891,4.3659999999999854,False,True,False,False,15.0,0.0,0.0,0.0,0.0,21.269,24.438,30.714,0,0,0,0.0,76.8146,0.21075174969568963,-1.8676001531105781,1,1,76.522,76.437,-0.08500000000000796,0.0,-0.10099999999999909,-0.06899999999999788,0.0,-0.08600000000000207,0.05068727650998744,-0.06899999999999788,0,0,2023,Canadian Grand Prix,2023_Canadian Grand Prix
NOR,2,0 days 00:01:19.916000,MEDIUM,2.0,True,0 days 01:04:53.736000,8,0 days 00:00:22.501000,0 days 00:00:25.681000,0 days 00:00:31.734000,1,79.916,3893.736,0.3580000000001746,False,True,False,False,2.0,0.0,0.0,0.0,0.0,22.501,25.681,31.734,0,0,0,0.0,76.62899999999999,0.24333413241832721,13.508174818439235,0,0,79.916,78.491,-1.4249999999999972,3.4949999999999903,0.0,-0.11799999999999973,0.0,1.0200000000000031,0.07797435475847256,0.0,0,1,2023,Canadian Grand Prix,2023_Canadian Grand Prix
NOR,3,0 days 00:01:18.491000,MEDIUM,3.0,True,0 days 01:06:12.227000,8,0 days 00:00:22.066000,0 days 00:00:25.220000,0 days 00:00:31.205000,1,78.491,3972.227,0.3949999999999818,False,True,False,False,3.0,0.0,0.0,0.0,0.0,22.066,25.22,31.205,0,0,0,0.0,,,0.0,0,0,79.916,78.782,-1.1340000000000003,0.0,-1.4249999999999972,0.0,0.0,0.0,0.0,0.0,0,1,2023,Canadian Grand Prix,2023_Canadian Grand Prix
NOR,4,0 days 00:01:18.782000,MEDIUM,4.0,True,0 days 01:07:31.009000,8,0 days 00:00:22.236000,0 days 00:00:25.418000,0 days 00:00:31.128000,1,78.782,4051.009,0.26099999999996726,False,True,False,False,4.0,0.0,0.0,0.0,0.0,22.236,25.418,31.128,0,0,0,0.0,,,0.0,0,0,78.491,78.33,-0.16100000000000136,0.0,0.2909999999999968,-0.7124999999999986,0.0,-0.07699999999999818,0.0,0.0,0,1,2023,Canadian Grand Prix,2023_Canadian Grand Prix
NOR,5,0 days 00:01:18.330000,MEDIUM,5.0,True,0 days 01:08:49.339000,8,0 days 00:00:22.123000,0 days 00:00:25.125000,0 days 00:00:31.082000,1,78.33,4129.339,0.6390000000001237,False,True,False,False,5.0,0.0,0.0,0.0,0.0,22.123,25.125,31.082,0,0,0,0.0,79.063,0.7529123454958023,-0.973552903448959,0,0,78.782,78.713,-0.06900000000000261,0.2909999999999968,-0.4519999999999982,-0.3780000000000001,0.0,-0.045999999999999375,0.6123367809737831,-0.5670000000000002,0,1,2023,Canadian Grand Prix,2023_Canadian Grand Prix
NOR,6,0 days 00:01:18.713000,MEDIUM,6.0,True,0 days 01:10:08.052000,8,0 days 00:00:22.198000,0 days 00:00:25.212000,0 days 00:00:31.303000,1,78.713,4208.052,0.48700000000008004,False,True,False,False,6.0,0.0,0.0,0.0,0.0,22.198,25.212,31.303,0,0,0,0.0,78.87975,0.7157096129017614,-0.23298555307080343,0,0,78.33,79.697,1.3670000000000044,0.0,0.38299999999999557,-0.5286666666666662,0.0,0.22100000000000009,0.5314422985298289,-0.5286666666666662,0,1,2023,Canadian Grand Prix,2023_Canadian Grand Prix
NOR,7,0 days 00:01:19.697000,MEDIUM,7.0,True,0 days 01:11:27.749000,8,0 days 00:00:22.522000,0 days 00:00:25.426000,0 days 00:00:31.749000,12,79.697,4287.749,0.27599999999983993,False,True,False,False,7.0,0.0,0.0,0.0,0.0,22.522,25.426,31.749,0,0,1,0.0,78.84639999999999,0.6242926397131328,1.3625020477429806,0,0,78.713,78.58,-0.13299999999999557,0.38299999999999557,0.9840000000000089,0.07399999999999807,0.0,0.666999999999998,0.4602448261523435,0.07399999999999807,0,1,2023,Canadian Grand Prix,2023_Canadian Grand Prix
NOR,9,0 days 00:01:18.580000,MEDIUM,9.0,True,0 days 01:14:19.731000,8,0 days 00:00:22.263000,0 days 00:00:25.051000,0 days 00:00:31.266000,1,78.58,4459.731,0.4030000000002474,False,True,False,False,9.0,0.0,0.0,0.0,0.0,22.263,25.051,31.266,0,0,0,0.0,78.8026,0.531236576300987,-0.41902235262106585,0,0,79.697,79.405,-0.2920000000000016,1.3670000000000044,-1.1170000000000044,0.3050000000000021,0.0,0.1839999999999975,0.31013303597004827,0.3050000000000021,0,1,2023,Canadian Grand Prix,2023_Canadian Grand Prix
NOR,10,0 days 00:01:19.405000,MEDIUM,10.0,True,0 days 01:15:39.136000,8,0 days 00:00:22.897000,0 days 00:00:25.170000,0 days 00:00:31.338000,1,79.405,4539.136,0.31899999999950523,False,True,False,False,10.0,0.0,0.0,0.0,0.0,22.897,25.17,31.338,0,0,0,0.0,78.82039999999999,0.5195481690854041,1.1252084691764384,0,0,78.58,78.491,-0.08899999999999864,0.25,0.8250000000000028,0.08333333333333333,0.0,0.07200000000000273,0.2981236320723321,0.08333333333333333,0,1,2023,Canadian Grand Prix,2023_Canadian Grand Prix
NOR,11,0 days 00:01:18.491000,MEDIUM,11.0,True,0 days 01:16:57.627000,7,0 days 00:00:22.258000,0 days 00:00:24.987000,0 days 00:00:31.246000,1,78.491,4617.627,0.0819999999994252,False,True,False,False,11.0,0.0,0.0,0.0,0.0,22.258,24.987,31.246,0,0,0,0.0,78.945,0.5793051872717859,-0.7836974533890987,0,0,79.405,80.066,0.6610000000000014,1.0750000000000028,-0.9140000000000015,0.2306666666666691,0.0,-0.019999999999999574,0.2710005535049686,0.2306666666666691,0,1,2023,Canadian Grand Prix,2023_Canadian Grand Prix
NOR,17,0 days 00:01:20.066000,HARD,5.0,True,0 days 01:28:20.758000,10,0 days 00:00:22.830000,0 days 00:00:25.617000,0 days 00:00:31.619000,1,80.066,5300.758,0.15900000000056025,True,False,False,False,5.0,0.0,0.0,0.0,0.0,22.83,25.617,31.619,0,0,0,0.0,78.9772,0.5396954696863773,2.0174340181745816,0,0,78.491,78.706,0.2150000000000034,0.0,1.5750000000000028,-0.402000000000001,0.0,0.3730000000000011,0.26480879894746584,-0.402000000000001,0,1,2023,Canadian Grand Prix,2023_Canadian Grand Prix
NOR,18,0 days 00:01:18.706000,HARD,6.0,True,0 days 01:29:39.464000,10,0 days 00:00:21.895000,0 days 00:00:25.231000,0 days 00:00:31.580000,1,78.706,5379.464,0.693000000000211,True,False,False,False,6.0,0.0,0.0,0.0,0.0,21.895,25.231,31.58,0,0,0,0.0,79.24780000000001,0.6918538140387753,-0.783113410674417,0,0,80.066,78.075,-1.9909999999999997,1.5750000000000028,-1.3599999999999994,0.49533333333333474,0.0,0.33399999999999963,0.27286571789068603,0.49533333333333474,0,1,2023,Canadian Grand Prix,2023_Canadian Grand Prix
NOR,19,0 days 00:01:18.075000,HARD,7.0,True,0 days 01:30:57.539000,10,0 days 00:00:21.911000,0 days 00:00:24.893000,0 days 00:00:31.271000,1,78.075,5457.539,0.8650000000006912,True,False,False,False,7.0,0.0,0.0,0.0,0.0,21.911,24.893,31.271,0,0,0,0.0,79.04960000000001,0.6726806820475799,-1.448830070507472,0,0,78.706,78.544,-0.16200000000000614,0.2150000000000034,-0.6310000000000002,-0.23299999999999935,0.0,0.02500000000000213,0.16753745849809198,-0.23299999999999935,0,1,2023,Canadian Grand Prix,2023_Canadian Grand Prix
NOR,20,0 days 00:01:18.544000,HARD,8.0,True,0 days 01:32:16.083000,10,0 days 00:00:22.211000,0 days 00:00:25.071000,0 days 00:00:31.262000,1,78.544,5536.083,0.3760000000002037,True,False,False,False,8.0,0.0,0.0,0.0,0.0,22.211,25.071,31.262,0,0,0,0.0,78.9486,0.7887194051118532,-0.5129834480776129,0,0,78.075,78.406,0.33100000000000307,0.0,0.4689999999999941,-0.1386666666666656,0.0,-0.009000000000000341,0.1830046447497981,-0.1386666666666656,0,1,2023,Canadian Grand Prix,2023_Canadian Grand Prix
NOR,21,0 days 00:01:18.406000,HARD,9.0,True,0 days 01:33:34.489000,9,0 days 00:00:22.269000,0 days 00:00:24.924000,0 days 00:00:31.213000,1,78.406,5614.489,0.8200000000006185,True,False,False,False,9.0,0.0,0.0,0.0,0.0,22.269,24.924,31.213,0,0,0,0.0,78.7764,0.7575369957962408,-0.4889530175495456,0,0,78.544,77.979,-0.5649999999999977,0.4689999999999941,-0.13799999999999102,-0.5073333333333352,0.0,-0.04899999999999949,0.19554360127603249,-0.5073333333333352,0,1,2023,Canadian Grand Prix,2023_Canadian Grand Prix
NOR,22,0 days 00:01:17.979000,HARD,10.0,True,0 days 01:34:52.468000,9,0 days 00:00:22.031000,0 days 00:00:24.871000,0 days 00:00:31.077000,1,77.979,5692.468,1.417000000000371,True,False,False,False,10.0,0.0,0.0,0.0,0.0,22.031,24.871,31.077,0,0,0,0.0,78.7594,0.7664442575947664,-1.018208424509604,0,0,78.406,77.896,-0.5100000000000051,0.33100000000000307,-0.4270000000000067,-0.09999999999999905,0.0,-0.13599999999999923,0.20182715377272695,-0.09999999999999905,0,0,2023,Canadian Grand Prix,2023_Canadian Grand Prix
NOR,23,0 days 00:01:17.896000,HARD,11.0,True,0 days 01:36:10.364000,9,0 days 00:00:21.933000,0 days 00:00:24.878000,0 days 00:00:31.085000,1,77.896,5770.364,2.016000000000531,True,False,False,False,11.0,0.0,0.0,0.0,0.0,21.933,24.878,31.085,0,0,0,0.0,78.342,0.3084047665001143,-1.4461514491535354,0,0,77.979,77.908,-0.07099999999999795,0.0,-0.08299999999999841,-0.032000000000001215,0.0,0.007999999999999119,0.17868547786543784,-0.032000000000001215,0,0,2023,Canadian Grand Prix,2023_Canadian Grand Prix
NOR,24,0 days 00:01:17.908000,HARD,12.0,True,0 days 01:37:28.272000,9,0 days 00:00:22.073000,0 days 00:00:24.796000,0 days 00:00:31.039000,1,77.908,5848.272,2.619999999999891,True,False,False,False,12.0,0.0,0.0,0.0,0.0,22.073,24.796,31.039,0,0,0,0.0,78.18,0.280915467712247,-0.9682628095033418,0,0,77.896,77.821,-0.07500000000000284,0.0,0.012000000000000455,-0.21599999999999872,0.0,-0.038000000000000256,0.06419267871027047,-0.21599999999999872,0,0,2023,Canadian Grand Prix,2023_Canadian Grand Prix
NOR,25,0 days 00:01:17.821000,HARD,13.0,True,0 days 01:38:46.093000,9,0 days 00:00:21.872000,0 days 00:00:24.927000,0 days 00:00:31.022000,1,77.821,5926.093,3.106999999999971,True,False,False,False,13.0,0.0,0.0,0.0,0.0,21.872,24.927,31.022,0,0,0,0.0,78.1466,0.3053830381668097,-1.0662019801576397,0,0,77.908,78.108,0.20000000000000284,0.012000000000000455,-0.0870000000000033,-0.16600000000000156,0.0,-0.017000000000003013,0.0557915764251195,-0.16600000000000156,0,0,2023,Canadian Grand Prix,2023_Canadian Grand Prix
NOR,26,0 days 00:01:18.108000,HARD,14.0,True,0 days 01:40:04.201000,9,0 days 00:00:22.047000,0 days 00:00:24.990000,0 days 00:00:31.071000,1,78.108,6004.201,3.2340000000003783,True,False,False,False,14.0,0.0,0.0,0.0,0.0,22.047,24.99,31.071,0,0,0,0.0,78.002,0.23268970755062232,0.4555422803862012,0,0,77.821,78.102,0.2810000000000059,0.0,0.28700000000000614,-0.052666666666667084,0.0,0.04900000000000304,0.05461043856260368,-0.052666666666667084,0,0,2023,Canadian Grand Prix,2023_Canadian Grand Prix
NOR,27,0 days 00:01:18.102000,HARD,15.0,True,0 days 01:41:22.303000,9,0 days 00:00:22.046000,0 days 00:00:25.018000,0 days 00:00:31.038000,1,78.102,6082.303,3.1729999999997744,True,False,False,False,15.0,0.0,0.0,0.0,0.0,22.046,25.018,31.038,0,0,0,0.0,77.94239999999999,0.1082095189897575,1.474916453654309,0,0,78.108,78.137,0.028999999999996362,0.28700000000000614,-0.006000000000000227,0.07066666666666777,0.0,0.01600000000000179,0.06910643964204827,0.07066666666666777,0,0,2023,Canadian Grand Prix,2023_Canadian Grand Prix
NOR,28,0 days 00:01:18.137000,HARD,16.0,True,0 days 01:42:40.440000,9,0 days 00:00:21.990000,0 days 00:00:25.098000,0 days 00:00:31.049000,12,78.137,6160.44,3.0960000000004584,True,False,False,False,16.0,0.0,0.0,0.0,0.0,21.99,25.098,31.049,0,0,1,0.0,77.96700000000001,0.13033034949693856,1.3043776883601526,0,0,78.102,77.973,-0.1290000000000049,0.2810000000000059,0.03499999999999659,0.06466666666666754,0.0,0.027000000000001023,0.03312551886386281,0.06466666666666754,0,0,2023,Canadian Grand Prix,2023_Canadian Grand Prix
NOR,29,0 days 00:01:17.973000,HARD,17.0,True,0 days 01:43:58.413000,9,0 days 00:00:21.843000,0 days 00:00:24.931000,0 days 00:00:31.199000,21,77.973,6238.413,3.3390000000008513,True,False,False,False,17.0,0.0,0.0,0.0,0.0,21.843,24.931,31.199,0,0,1,0.0,78.01520000000001,0.14158636940041994,-0.298051289673673,0,0,78.137,78.547,0.4099999999999966,0.3160000000000025,-0.16400000000000148,0.10533333333333417,0.0,0.16100000000000136,0.034803735431705306,0.10533333333333417,0,0,2023,Canadian Grand Prix,2023_Canadian Grand Prix
NOR,30,0 days 00:01:18.547000,HARD,18.0,True,0 days 01:45:16.960000,9,0 days 00:00:22.248000,0 days 00:00:25.031000,0 days 00:00:31.268000,1,78.547,6316.96,2.9840000000003783,True,False,False,False,18.0,0.0,0.0,0.0,0.0,22.248,25.031,31.268,0,0,0,0.0,78.0282,0.1319382431290929,3.9321427032523624,0,0,77.973,78.246,0.27299999999999613,0.15200000000000102,0.5739999999999981,-0.045000000000001705,0.0,0.23000000000000043,0.06792790295600296,-0.045000000000001705,0,0,2023,Canadian Grand Prix,2023_Canadian Grand Prix
NOR,31,0 days 00:01:18.246000,HARD,19.0,True,0 days 01:46:35.206000,9,0 days 00:00:21.934000,0 days 00:00:25.006000,0 days 00:00:31.306000,1,78.246,6395.206,2.9470000000001164,True,False,False,False,19.0,0.0,0.0,0.0,0.0,21.934,25.006,31.306,0,0,0,0.0,78.1734,0.21819555449178996,0.332729052015246,0,0,78.547,78.478,-0.06900000000000261,0.5739999999999981,-0.30100000000000193,0.14833333333333107,0.0,0.25700000000000145,0.09427247742581028,0.14833333333333107,0,0,2023,Canadian Grand Prix,2023_Canadian Grand Prix
NOR,32,0 days 00:01:18.478000,HARD,20.0,True,0 days 01:47:53.684000,9,0 days 00:00:21.820000,0 days 00:00:25.334000,0 days 00:00:31.324000,1,78.478,6473.684,2.63799999999992,True,False,False,False,20.0,0.0,0.0,0.0,0.0,21.82,25.334,31.324,0,0,0,0.0,78.201,0.21657677622491733,1.2789921654034295,0,0,78.246,78.473,0.22700000000000387,0.27299999999999613,0.23199999999999932,0.03633333333333155,0.0,0.125,0.11220383237661702,0.03633333333333155,0,0,2023,Canadian Grand Prix,2023_Canadian Grand Prix
NOR,33,0 days 00:01:18.473000,HARD,21.0,True,0 days 01:49:12.157000,9,0 days 00:00:21.885000,0 days 00:00:25.279000,0 days 00:00:31.309000,1,78.473,6552.157,2.550999999999476,True,False,False,False,21.0,0.0,0.0,0.0,0.0,21.885,25.279,31.309,0,0,0,0.0,78.27619999999999,0.2378417541138905,0.827440920679439,0,0,78.478,78.487,0.009000000000000341,0.5049999999999955,-0.0049999999999954525,0.1683333333333318,0.0,0.04100000000000037,0.09113725912051576,0.1683333333333318,0,0,2023,Canadian Grand Prix,2023_Canadian Grand Prix
NOR,34,0 days 00:01:18.487000,HARD,22.0,True,0 days 01:50:30.644000,9,0 days 00:00:21.974000,0 days 00:00:25.269000,0 days 00:00:31.244000,1,78.487,6630.644,2.4340000000001965,True,False,False,False,22.0,0.0,0.0,0.0,0.0,21.974,25.269,31.244,0,0,0,0.0,78.3434,0.23614042432410276,0.6081127380498866,0,0,78.473,77.03,-1.4429999999999978,0.5,0.013999999999995794,-0.02466666666666602,0.0,-0.062000000000001165,0.0861057489369907,-0.02466666666666602,0,0,2023,Canadian Grand Prix,2023_Canadian Grand Prix
NOR,37,0 days 00:01:17.030000,HARD,3.0,True,0 days 01:54:41.819000,11,0 days 00:00:21.513000,0 days 00:00:24.787000,0 days 00:00:30.730000,1,77.03,6881.819,1.8849999999993088,True,False,False,False,3.0,0.0,0.0,0.0,0.0,21.513,24.787,30.73,0,0,0,0.0,78.4462,0.11579594120675951,-12.230135056904167,1,0,78.487,77.462,-1.0249999999999915,0.24099999999999966,-1.4569999999999936,0.08033333333333322,0.0,-0.5139999999999993,0.132516791388866,0.08033333333333322,0,0,2023,Canadian Grand Prix,2023_Canadian Grand Prix
NOR,38,0 days 00:01:17.462000,HARD,4.0,True,0 days 01:55:59.281000,11,0 days 00:00:21.827000,0 days 00:00:24.887000,0 days 00:00:30.748000,1,77.462,6959.281,1.7470000000002983,True,False,False,False,4.0,0.0,0.0,0.0,0.0,21.827,24.887,30.748,0,0,0,0.0,78.1428,0.6302457457214506,-1.0802135589517863,0,1,77.03,77.843,0.8130000000000024,0.0,0.43200000000000216,-0.4826666666666644,0.0,0.018000000000000682,0.29441178644884464,-0.4826666666666644,0,0,2023,Canadian Grand Prix,2023_Canadian Grand Prix
NOR,39,0 days 00:01:17.843000,HARD,5.0,True,0 days 01:57:17.124000,11,0 days 00:00:21.918000,0 days 00:00:25.036000,0 days 00:00:30.889000,1,77.843,7037.124,1.2730000000001382,True,False,False,False,5.0,0.0,0.0,0.0,0.0,21.918,25.036,30.889,0,0,0,0.0,77.986,0.692594036936502,-0.20647015765905463,0,0,77.462,77.281,-0.18099999999999739,0.43200000000000216,0.3810000000000002,-0.3369999999999986,0.0,0.15899999999999892,0.252456530911759,-0.3369999999999986,0,0,2023,Canadian Grand Prix,2023_Canadian Grand Prix
NOR,40,0 days 00:01:17.281000,HARD,6.0,True,0 days 01:58:34.405000,11,0 days 00:00:21.674000,0 days 00:00:24.825000,0 days 00:00:30.782000,1,77.281,7114.405,1.23700000000008,True,False,False,False,6.0,0.0,0.0,0.0,0.0,21.674,24.825,30.782,0,0,0,0.0,77.85900000000001,0.6357055135831471,-0.9092260294269155,0,0,77.843,77.13,-0.7130000000000081,0.8130000000000024,-0.5619999999999976,-0.21466666666666376,0.0,0.0519999999999996,0.2596599699607157,-0.21466666666666376,0,0,2023,Canadian Grand Prix,2023_Canadian Grand Prix
NOR,41,0 days 00:01:17.130000,HARD,7.0,True,0 days 01:59:51.535000,11,0 days 00:00:21.547000,0 days 00:00:24.762000,0 days 00:00:30.821000,1,77.13,7191.535,1.2139999999999418,True,False,False,False,7.0,0.0,0.0,0.0,0.0,21.547,24.762,30.821,0,0,0,0.0,77.6206,0.5677590157804925,-0.864099003915557,0,0,77.281,77.05,-0.23100000000000875,0.2510000000000048,-0.15100000000001046,0.08366666666666826,0.0,0.0730000000000004,0.26089614792096827,0.08366666666666826,0,0,2023,Canadian Grand Prix,2023_Canadian Grand Prix
NOR,42,0 days 00:01:17.050000,HARD,8.0,True,0 days 02:01:08.585000,11,0 days 00:00:21.497000,0 days 00:00:24.777000,0 days 00:00:30.776000,1,77.05,7268.585,1.399000000000342,True,False,False,False,8.0,0.0,0.0,0.0,0.0,21.497,24.777,30.776,0,0,0,0.0,77.34920000000001,0.3206052089409407,-0.9332349932440724,0,0,77.13,77.021,-0.10899999999999466,0.09999999999999432,-0.0799999999999983,-0.11066666666666929,0.0,-0.006000000000000227,0.2687216031509186,-0.11066666666666929,0,0,2023,Canadian Grand Prix,2023_Canadian Grand Prix
NOR,43,0 days 00:01:17.021000,HARD,9.0,True,0 days 02:02:25.606000,11,0 days 00:00:21.595000,0 days 00:00:24.719000,0 days 00:00:30.707000,1,77.021,7345.606,1.5870000000004438,True,False,False,False,9.0,0.0,0.0,0.0,0.0,21.595,24.719,30.707,0,0,0,0.0,77.35319999999999,0.3157145862960146,-1.0522161927878577,0,0,77.05,77.014,-0.036000000000001364,0.0,-0.028999999999996362,-0.2643333333333355,0.0,-0.06899999999999906,0.06354289889515555,-0.2643333333333355,0,0,2023,Canadian Grand Prix,2023_Canadian Grand Prix
NOR,44,0 days 00:01:17.014000,HARD,10.0,True,0 days 02:03:42.620000,11,0 days 00:00:21.569000,0 days 00:00:24.640000,0 days 00:00:30.805000,1,77.014,7422.62,1.5850000000000364,True,False,False,False,10.0,0.0,0.0,0.0,0.0,21.569,24.64,30.805,0,0,0,0.0,77.265,0.33849889216963436,-0.7415090737556074,0,0,77.021,76.968,-0.05299999999999727,0.0,-0.007000000000005002,-0.08666666666666838,0.0,0.09799999999999898,0.08569539077453296,-0.08666666666666838,0,0,2023,Canadian Grand Prix,2023_Canadian Grand Prix
NOR,45,0 days 00:01:16.968000,HARD,11.0,True,0 days 02:04:59.588000,11,0 days 00:00:21.474000,0 days 00:00:24.699000,0 days 00:00:30.795000,1,76.968,7499.588,1.7860000000000582,True,False,False,False,11.0,0.0,0.0,0.0,0.0,21.474,24.699,30.795,0,0,0,0.0,77.0992,0.11157374243109605,-1.1759039101965867,0,0,77.014,76.699,-0.3149999999999977,0.0,-0.04599999999999227,-0.03866666666666655,0.0,0.08800000000000097,0.06718109853225045,-0.03866666666666655,0,0,2023,Canadian Grand Prix,2023_Canadian Grand Prix
NOR,46,0 days 00:01:16.699000,HARD,12.0,True,0 days 02:06:16.287000,11,0 days 00:00:21.411000,0 days 00:00:24.539000,0 days 00:00:30.749000,1,76.699,7576.287,2.5230000000001382,True,False,False,False,12.0,0.0,0.0,0.0,0.0,21.411,24.539,30.749,0,0,0,0.0,77.03659999999999,0.059923284289867304,-5.6338701057659,1,0,76.968,76.92,-0.04800000000000182,0.0,-0.26900000000000546,-0.02733333333333121,0.0,0.04199999999999804,0.07194233802150143,-0.02733333333333121,0,0,2023,Canadian Grand Prix,2023_Canadian Grand Prix
NOR,47,0 days 00:01:16.920000,HARD,13.0,True,0 days 02:07:33.207000,11,0 days 00:00:21.584000,0 days 00:00:24.523000,0 days 00:00:30.813000,1,76.92,7653.207,2.9049999999997453,True,False,False,False,13.0,0.0,0.0,0.0,0.0,21.584,24.523,30.813,0,0,0,0.0,76.95039999999999,0.14358029112692244,-0.2117282237094291,0,1,76.699,77.088,0.3889999999999958,0.0,0.22100000000000364,-0.10733333333333424,0.0,0.06400000000000006,0.06933108970728756,-0.10733333333333424,0,0,2023,Canadian Grand Prix,2023_Canadian Grand Prix
NOR,48,0 days 00:01:17.088000,HARD,14.0,True,0 days 02:08:50.295000,11,0 days 00:00:21.521000,0 days 00:00:24.694000,0 days 00:00:30.873000,1,77.088,7730.295,2.819999999999709,True,False,False,False,14.0,0.0,0.0,0.0,0.0,21.521,24.694,30.873,0,0,0,0.0,76.9244,0.13236804750427517,1.2359478218843132,0,0,76.92,76.984,0.06399999999999295,0.22100000000000364,0.16799999999999216,-0.03133333333333136,0.0,0.12400000000000233,0.06712525605165286,-0.03133333333333136,0,0,2023,Canadian Grand Prix,2023_Canadian Grand Prix
NOR,49,0 days 00:01:16.984000,HARD,15.0,True,0 days 02:10:07.279000,11,0 days 00:00:21.567000,0 days 00:00:24.665000,0 days 00:00:30.752000,1,76.984,7807.279,2.763999999999214,True,False,False,False,15.0,0.0,0.0,0.0,0.0,21.567,24.665,30.752,0,0,0,0.0,76.93780000000001,0.14715705895434356,0.31395028093296257,0,0,77.088,76.53,-0.5579999999999927,0.3889999999999958,-0.1039999999999992,0.03999999999999678,0.0,0.0030000000000001137,0.03151507575748625,0.03999999999999678,0,0,2023,Canadian Grand Prix,2023_Canadian Grand Prix
NOR,50,0 days 00:01:16.530000,HARD,16.0,True,0 days 02:11:23.809000,11,0 days 00:00:21.495000,0 days 00:00:24.484000,0 days 00:00:30.551000,1,76.53,7883.809,3.1909999999998035,True,False,False,False,16.0,0.0,0.0,0.0,0.0,21.495,24.484,30.551,0,0,0,0.0,76.9318,0.14384783627184922,-2.793229362453928,1,0,76.984,77.2,0.21600000000000819,0.2849999999999966,-0.4539999999999935,0.09499999999999886,0.0,-0.2010000000000005,0.04577335469462682,0.09499999999999886,0,0,2023,Canadian Grand Prix,2023_Canadian Grand Prix
NOR,51,0 days 00:01:17.200000,HARD,17.0,True,0 days 02:12:41.009000,11,0 days 00:00:21.846000,0 days 00:00:24.801000,0 days 00:00:30.553000,1,77.2,7961.009,2.842999999999847,True,False,False,False,17.0,0.0,0.0,0.0,0.0,21.846,24.801,30.553,0,0,0,0.0,76.8442,0.22612651326215943,1.5734554735185162,0,1,76.53,76.978,0.4479999999999933,0.0,0.6700000000000017,-0.1300000000000002,0.0,0.0020000000000024443,0.12393667738002409,-0.1300000000000002,0,0,2023,Canadian Grand Prix,2023_Canadian Grand Prix
NOR,52,0 days 00:01:16.978000,HARD,18.0,True,0 days 02:13:57.987000,11,0 days 00:00:21.760000,0 days 00:00:24.726000,0 days 00:00:30.492000,1,76.978,8037.987,2.6390000000001237,True,False,False,False,18.0,0.0,0.0,0.0,0.0,21.76,24.726,30.492,0,0,0,0.0,76.9444,0.2548740865605816,0.13182980056313529,0,0,77.2,77.019,-0.18099999999999739,0.6700000000000017,-0.2220000000000084,0.03733333333333633,0.0,-0.0589999999999975,0.12234500398463445,0.03733333333333633,0,0,2023,Canadian Grand Prix,2023_Canadian Grand Prix
NOR,53,0 days 00:01:17.019000,HARD,19.0,True,0 days 02:15:15.006000,11,0 days 00:00:21.686000,0 days 00:00:24.853000,0 days 00:00:30.480000,1,77.019,8115.006,2.4729999999999563,True,False,False,False,19.0,0.0,0.0,0.0,0.0,21.686,24.853,30.48,0,0,0,0.0,76.95599999999999,0.25480580841120837,0.24724711101697697,0,0,76.978,77.229,0.2510000000000048,0.4479999999999933,0.04100000000001103,-0.002000000000000076,0.0,-0.012000000000000455,0.11815117434879872,-0.002000000000000076,0,0,2023,Canadian Grand Prix,2023_Canadian Grand Prix
NOR,54,0 days 00:01:17.229000,HARD,20.0,True,0 days 02:16:32.235000,11,0 days 00:00:21.817000,0 days 00:00:24.724000,0 days 00:00:30.688000,1,77.229,8192.235,2.1089999999985594,True,False,False,False,20.0,0.0,0.0,0.0,0.0,21.817,24.724,30.688,0,0,0,0.0,76.9422,0.24763723468027135,1.1581457060376719,0,0,77.019,77.092,0.07299999999999329,0.4890000000000043,0.20999999999999375,0.16300000000000145,0.0,0.2079999999999984,0.0862861518437351,0.16300000000000145,0,0,2023,Canadian Grand Prix,2023_Canadian Grand Prix
NOR,55,0 days 00:01:17.092000,HARD,21.0,True,0 days 02:17:49.327000,10,0 days 00:00:21.682000,0 days 00:00:24.766000,0 days 00:00:30.644000,1,77.092,8269.327,1.996000000001004,True,False,False,False,21.0,0.0,0.0,0.0,0.0,21.682,24.766,30.644,0,0,0,0.0,76.9912,0.2800887359393221,0.3598859470801053,0,0,77.229,77.006,-0.22299999999999898,0.6989999999999981,-0.13700000000000045,0.009666666666665455,0.0,0.16399999999999793,0.14707583078126688,0.009666666666665455,0,0,2023,Canadian Grand Prix,2023_Canadian Grand Prix
NOR,56,0 days 00:01:17.006000,HARD,22.0,True,0 days 02:19:06.333000,10,0 days 00:00:21.696000,0 days 00:00:24.687000,0 days 00:00:30.623000,1,77.006,8346.333,1.7919999999994616,True,False,False,False,22.0,0.0,0.0,0.0,0.0,21.696,24.687,30.623,0,0,0,0.0,77.1036,0.10964168915188348,-0.8901723491763925,0,0,77.092,77.008,-0.08400000000000318,0.11400000000000432,-0.08599999999999852,0.03800000000000144,0.0,0.14300000000000068,0.11771490984577777,0.03800000000000144,0,0,2023,Canadian Grand Prix,2023_Canadian Grand Prix
NOR,57,0 days 00:01:17.008000,HARD,23.0,True,0 days 02:20:23.341000,10,0 days 00:00:21.971000,0 days 00:00:24.546000,0 days 00:00:30.491000,1,77.008,8423.341,1.555000000000291,True,False,False,False,23.0,0.0,0.0,0.0,0.0,21.971,24.546,30.491,0,0,0,0.0,77.06479999999999,0.10098366204530837,-0.5624672234060104,0,0,77.006,77.426,0.4200000000000017,0.028000000000005798,0.001999999999995339,-0.0043333333333350765,0.0,-0.13200000000000145,0.11705426092201729,-0.0043333333333350765,0,0,2023,Canadian Grand Prix,2023_Canadian Grand Prix
NOR,58,0 days 00:01:17.426000,HARD,24.0,True,0 days 02:21:40.767000,10,0 days 00:00:21.991000,0 days 00:00:24.517000,0 days 00:00:30.918000,1,77.426,8500.767,0.6929999999993015,True,False,False,False,24.0,0.0,0.0,0.0,0.0,21.991,24.517,30.918,0,0,0,0.0,77.0708,0.0952664683930313,3.7284892154769866,0,0,77.008,76.885,-0.12299999999999045,0.001999999999995339,0.41800000000000637,-0.07366666666666788,0.0,0.4269999999999996,0.14199366183037893,-0.07366666666666788,0,1,2023,Canadian Grand Prix,2023_Canadian Grand Prix
NOR,59,0 days 00:01:16.885000,HARD,25.0,True,0 days 02:22:57.652000,10,0 days 00:00:21.792000,0 days 00:00:24.594000,0 days 00:00:30.499000,1,76.885,8577.652,0.7099999999991269,True,False,False,False,25.0,0.0,0.0,0.0,0.0,21.792,24.594,30.499,0,0,0,0.0,77.15220000000001,0.17794437333075241,-1.5015928573551864,1,0,77.426,77.155,-0.2710000000000008,0.4200000000000017,-0.5409999999999968,0.1113333333333344,0.0,0.007999999999999119,0.19946302915578148,0.1113333333333344,0,1,2023,Canadian Grand Prix,2023_Canadian Grand Prix
NOR,60,0 days 00:01:17.155000,HARD,26.0,True,0 days 02:24:14.807000,10,0 days 00:00:21.890000,0 days 00:00:24.644000,0 days 00:00:30.621000,1,77.155,8654.807,0.6719999999986612,True,False,False,False,26.0,0.0,0.0,0.0,0.0,21.89,24.644,30.621,0,0,0,0.0,77.0834,0.20523596176128286,0.34886673556403397,0,1,76.885,77.329,0.4439999999999884,0.0,0.269999999999996,-0.0403333333333317,0.0,0.129999999999999,0.20781121240202646,-0.0403333333333317,0,1,2023,Canadian Grand Prix,2023_Canadian Grand Prix
NOR,61,0 days 00:01:17.329000,HARD,27.0,True,0 days 02:25:32.136000,10,0 days 00:00:22.038000,0 days 00:00:24.703000,0 days 00:00:30.588000,1,77.329,8732.136,0.6299999999991996,True,False,False,False,27.0,0.0,0.0,0.0,0.0,22.038,24.703,30.588,0,0,0,0.0,77.096,0.20781361841823018,1.121196973391183,0,0,77.155,77.217,0.06199999999999761,0.269999999999996,0.17399999999999238,0.049000000000001855,0.0,0.08900000000000219,0.20664631620234655,0.049000000000001855,0,1,2023,Canadian Grand Prix,2023_Canadian Grand Prix
NOR,62,0 days 00:01:17.217000,HARD,28.0,True,0 days 02:26:49.353000,10,0 days 00:00:21.938000,0 days 00:00:24.648000,0 days 00:00:30.631000,1,77.217,8809.353,0.5650000000005093,True,False,False,False,28.0,0.0,0.0,0.0,0.0,21.938,24.648,30.631,0,0,0,0.0,77.1606,0.22252483007536952,0.2534548615581177,0,0,77.329,77.304,-0.024999999999991473,0.4439999999999884,-0.11199999999999477,-0.032333333333336135,0.0,0.13200000000000145,0.2062408785861817,-0.032333333333336135,0,1,2023,Canadian Grand Prix,2023_Canadian Grand Prix
NOR,63,0 days 00:01:17.304000,HARD,29.0,True,0 days 02:28:06.657000,9,0 days 00:00:21.916000,0 days 00:00:24.454000,0 days 00:00:30.934000,1,77.304,8886.657,0.44100000000071304,True,False,False,False,29.0,0.0,0.0,0.0,0.0,21.916,24.454,30.934,0,0,0,0.0,77.2024,0.2056861687135722,0.49395640278315284,0,0,77.217,76.982,-0.23499999999999943,0.33199999999999363,0.0870000000000033,0.11066666666666454,0.0,0.3460000000000001,0.15896446143713996,0.11066666666666454,0,1,2023,Canadian Grand Prix,2023_Canadian Grand Prix
NOR,64,0 days 00:01:16.982000,HARD,30.0,True,0 days 02:29:23.639000,9,0 days 00:00:21.579000,0 days 00:00:24.664000,0 days 00:00:30.739000,1,76.982,8963.639,0.8180000000011205,True,False,False,False,30.0,0.0,0.0,0.0,0.0,21.579,24.664,30.739,0,0,0,0.0,77.178,0.17788760496468078,-1.1018193203450761,0,0,77.304,76.374,-0.9300000000000068,0.41899999999999693,-0.32200000000000273,0.04966666666666697,0.0,0.1509999999999998,0.1251199424552299,0.04966666666666697,0,1,2023,Canadian Grand Prix,2023_Canadian Grand Prix
NOR,65,0 days 00:01:16.374000,HARD,31.0,True,0 days 02:30:40.013000,9,0 days 00:00:21.604000,0 days 00:00:24.540000,0 days 00:00:30.230000,1,76.374,9040.013,1.9389999999984866,True,False,False,False,31.0,0.0,0.0,0.0,0.0,21.604,24.54,30.23,0,0,0,0.0,77.1974,0.13897949489068345,-5.9246149991239,1,0,76.982,77.203,0.22100000000000364,0.0,-0.6080000000000041,-0.11566666666666474,0.0,-0.4009999999999998,0.10116965948346343,-0.11566666666666474,0,0,2023,Canadian Grand Prix,2023_Canadian Grand Prix
NOR,66,0 days 00:01:17.203000,HARD,32.0,True,0 days 02:31:57.216000,9,0 days 00:00:21.779000,0 days 00:00:24.761000,0 days 00:00:30.663000,1,77.203,9117.216,2.0319999999992433,True,False,False,False,32.0,0.0,0.0,0.0,0.0,21.779,24.761,30.663,0,0,0,0.0,77.04119999999999,0.39732190979115284,0.4072264730758538,0,1,76.374,77.204,0.8299999999999983,0.0,0.8290000000000077,-0.2810000000000012,0.0,0.43299999999999983,0.27774322674009544,-0.2810000000000012,0,0,2023,Canadian Grand Prix,2023_Canadian Grand Prix
NOR,67,0 days 00:01:17.204000,HARD,33.0,True,0 days 02:33:14.420000,9,0 days 00:00:21.776000,0 days 00:00:24.619000,0 days 00:00:30.809000,1,77.204,9194.42,2.191000000000713,True,False,False,False,33.0,0.0,0.0,0.0,0.0,21.776,24.619,30.809,0,0,0,0.0,77.01599999999999,0.37803240601844335,0.49731186270531075,0,0,77.203,76.9,-0.30299999999999727,0.8290000000000077,0.000999999999990564,-0.033666666666666366,0.0,0.5790000000000006,0.3243635306257471,-0.033666666666666366,0,0,2023,Canadian Grand Prix,2023_Canadian Grand Prix
NOR,68,0 days 00:01:16.900000,HARD,34.0,True,0 days 02:34:31.320000,9,0 days 00:00:21.863000,0 days 00:00:24.492000,0 days 00:00:30.545000,1,76.9,9271.32,2.4279999999998836,True,False,False,False,34.0,0.0,0.0,0.0,0.0,21.863,24.492,30.545,0,0,0,0.0,77.0134,0.3763453201517099,-0.3013190118965357,0,0,77.204,77.072,-0.1319999999999908,0.8299999999999983,-0.30399999999998784,0.07399999999999807,0.0,0.3150000000000013,0.3809577404384902,0.07399999999999807,0,0,2023,Canadian Grand Prix,2023_Canadian Grand Prix
NOR,69,0 days 00:01:17.072000,HARD,35.0,True,0 days 02:35:48.392000,9,0 days 00:00:21.833000,0 days 00:00:24.604000,0 days 00:00:30.635000,1,77.072,9348.392,2.4099999999998545,True,False,False,False,35.0,0.0,0.0,0.0,0.0,21.833,24.604,30.635,0,0,0,0.0,76.93260000000001,0.33996735137377915,0.4100393741831129,0,0,76.9,79.04,2.1400000000000006,0.5260000000000105,0.17199999999999704,0.1753333333333368,0.0,0.08999999999999986,0.3786724177967021,0.1753333333333368,0,0,2023,Canadian Grand Prix,2023_Canadian Grand Prix
OCO,2,0 days 00:01:19.331000,MEDIUM,2.0,True,0 days 01:04:51.419000,5,0 days 00:00:22.343000,0 days 00:00:25.471000,0 days 00:00:31.517000,1,79.331,3891.419,0.9169999999999163,False,True,False,False,2.0,0.0,0.0,0.0,0.0,22.343,25.471,31.517,0,0,0,0.0,77.4838,0.878819776746086,2.101909912450349,0,0,79.331,78.462,-0.8689999999999998,2.4309999999999974,0.0,0.6120000000000042,0.0,0.9719999999999978,0.81012455832421,0.0,0,1,2023,Canadian Grand Prix,2023_Canadian Grand Prix
OCO,3,0 days 00:01:18.462000,MEDIUM,3.0,True,0 days 01:06:09.881000,5,0 days 00:00:21.953000,0 days 00:00:25.183000,0 days 00:00:31.326000,1,78.462,3969.881,1.1580000000003565,False,True,False,False,3.0,0.0,0.0,0.0,0.0,21.953,25.183,31.326,0,0,0,0.0,,,0.0,0,0,79.331,78.494,-0.8370000000000033,0.0,-0.8689999999999998,0.0,0.0,0.0,0.0,0.0,0,0,2023,Canadian Grand Prix,2023_Canadian Grand Prix
OCO,4,0 days 00:01:18.494000,MEDIUM,4.0,True,0 days 01:07:28.375000,5,0 days 00:00:21.872000,0 days 00:00:25.140000,0 days 00:00:31.482000,1,78.494,4048.375,1.3600000000001273,False,True,False,False,4.0,0.0,0.0,0.0,0.0,21.872,25.14,31.482,0,0,0,0.0,,,0.0,0,0,78.462,78.419,-0.043000000000006366,0.0,0.031999999999996476,-0.4344999999999999,0.0,0.1559999999999988,0.0,0.0,0,0,2023,Canadian Grand Prix,2023_Canadian Grand Prix
OCO,5,0 days 00:01:18.419000,MEDIUM,5.0,True,0 days 01:08:46.794000,5,0 days 00:00:21.807000,0 days 00:00:25.200000,0 days 00:00:31.412000,1,78.419,4126.794,1.412000000000262,False,True,False,False,5.0,0.0,0.0,0.0,0.0,21.807,25.2,31.412,0,0,0,0.0,78.76233333333333,0.49273962021876544,-0.6967845069590737,0,0,78.494,78.462,-0.031999999999996476,0.031999999999996476,-0.07500000000000284,-0.2790000000000011,0.0,0.08599999999999852,0.5220114941263256,-0.41850000000000165,0,0,2023,Canadian Grand Prix,2023_Canadian Grand Prix
OCO,6,0 days 00:01:18.462000,MEDIUM,6.0,True,0 days 01:10:05.256000,5,0 days 00:00:21.887000,0 days 00:00:25.139000,0 days 00:00:31.436000,1,78.462,4205.256,1.6759999999994761,False,True,False,False,6.0,0.0,0.0,0.0,0.0,21.887,25.139,31.436,0,0,0,0.0,78.6765,0.43741399154576754,-0.49038211887549427,0,0,78.419,78.441,0.02200000000000557,0.0,0.043000000000006366,-0.30400000000000205,0.0,0.10999999999999943,0.45020995102285255,-0.30400000000000205,0,0,2023,Canadian Grand Prix,2023_Canadian Grand Prix
OCO,7,0 days 00:01:18.441000,MEDIUM,7.0,True,0 days 01:11:23.697000,5,0 days 00:00:21.793000,0 days 00:00:25.240000,0 days 00:00:31.408000,12,78.441,4283.697,2.6239999999997963,False,True,False,False,7.0,0.0,0.0,0.0,0.0,21.793,25.24,31.408,0,0,1,0.0,78.6336,0.39076885751042206,-0.49287448653674254,0,0,78.462,78.0,-0.4620000000000033,0.043000000000006366,-0.021000000000000796,0.0,0.0,-0.003999999999997783,0.39938102108137213,0.0,0,0,2023,Canadian Grand Prix,2023_Canadian Grand Prix
OCO,9,0 days 00:01:18,MEDIUM,9.0,True,0 days 01:14:14.338000,5,0 days 00:00:21.695000,0 days 00:00:24.986000,0 days 00:00:31.319000,1,78.0,4454.338,3.394000000000233,False,True,False,False,9.0,0.0,0.0,0.0,0.0,21.695,24.986,31.319,0,0,0,0.0,78.4556,0.027880100430219556,-16.34140454910894,1,0,78.441,78.4,-0.04099999999999682,0.02200000000000557,-0.4410000000000025,-0.01766666666666576,0.0,-0.08900000000000219,0.07004855458894087,-0.01766666666666576,0,0,2023,Canadian Grand Prix,2023_Canadian Grand Prix
OCO,10,0 days 00:01:18.400000,MEDIUM,10.0,True,0 days 01:15:32.738000,5,0 days 00:00:21.799000,0 days 00:00:25.194000,0 days 00:00:31.407000,1,78.4,4532.738,3.505000000000109,False,True,False,False,10.0,0.0,0.0,0.0,0.0,21.799,25.194,31.407,0,0,0,0.0,78.3632,0.20490900419454616,0.1795919127353749,0,1,78.0,78.335,0.33499999999999375,0.0,0.4000000000000057,-0.13966666666666563,0.0,0.08800000000000097,0.09791935457303615,-0.13966666666666563,0,0,2023,Canadian Grand Prix,2023_Canadian Grand Prix
OCO,11,0 days 00:01:18.335000,MEDIUM,11.0,True,0 days 01:16:51.073000,5,0 days 00:00:21.809000,0 days 00:00:25.102000,0 days 00:00:31.424000,1,78.335,4611.073,3.5989999999992506,False,True,False,False,11.0,0.0,0.0,0.0,0.0,21.809,25.102,31.424,0,0,0,0.0,78.3444,0.1939260168208507,-0.04847209339984098,0,0,78.4,80.127,1.7269999999999897,0.4000000000000057,-0.06500000000001194,-0.020666666666665872,0.0,0.10500000000000043,0.08348772364845054,-0.020666666666665872,0,0,2023,Canadian Grand Prix,2023_Canadian Grand Prix
OCO,17,0 days 00:01:20.127000,HARD,5.0,True,0 days 01:28:19.894000,9,0 days 00:00:22.896000,0 days 00:00:25.677000,0 days 00:00:31.554000,1,80.127,5299.894,0.863999999999578,True,False,False,False,5.0,0.0,0.0,0.0,0.0,22.896,25.677,31.554,0,0,0,0.0,78.32759999999999,0.18943415742679923,9.498814915125992,0,0,78.335,78.855,0.5200000000000102,0.33499999999999375,1.7920000000000016,-0.03533333333333625,0.0,0.23499999999999943,0.08658233076095893,-0.03533333333333625,0,1,2023,Canadian Grand Prix,2023_Canadian Grand Prix
OCO,18,0 days 00:01:18.855000,HARD,6.0,True,0 days 01:29:38.749000,9,0 days 00:00:22.111000,0 days 00:00:25.360000,0 days 00:00:31.384000,1,78.855,5378.749,0.7150000000001455,True,False,False,False,6.0,0.0,0.0,0.0,0.0,22.111,25.36,31.384,0,0,0,0.0,78.6606,0.8379846657308191,0.23198515193647667,0,0,80.127,77.984,-2.1430000000000007,2.1269999999999953,-1.2719999999999914,0.7089999999999984,0.0,-0.022999999999999687,0.12194875973129062,0.7089999999999984,0,1,2023,Canadian Grand Prix,2023_Canadian Grand Prix
OCO,19,0 days 00:01:17.984000,HARD,7.0,True,0 days 01:30:56.733000,8,0 days 00:00:21.985000,0 days 00:00:25.025000,0 days 00:00:30.974000,1,77.984,5456.733,0.45499999999992724,True,False,False,False,7.0,0.0,0.0,0.0,0.0,21.985,25.025,30.974,0,0,0,0.0,78.7434,0.8312883374617933,-0.9135217779172826,0,0,78.855,78.038,-0.8170000000000073,0.855000000000004,-0.8710000000000093,0.1516666666666661,0.0,-0.41000000000000014,0.12497279703999631,0.1516666666666661,0,1,2023,Canadian Grand Prix,2023_Canadian Grand Prix
OCO,20,0 days 00:01:18.038000,HARD,8.0,True,0 days 01:32:14.771000,7,0 days 00:00:21.821000,0 days 00:00:25.227000,0 days 00:00:30.990000,1,78.038,5534.771,1.0540000000000873,True,False,False,False,8.0,0.0,0.0,0.0,0.0,21.821,25.227,30.99,0,0,0,0.0,78.74019999999999,0.8348884356607134,-0.8410704592455926,0,0,77.984,77.951,-0.03300000000000125,0.0,0.054000000000002046,-0.1169999999999997,0.0,0.015999999999998238,0.24628134318295408,-0.1169999999999997,0,0,2023,Canadian Grand Prix,2023_Canadian Grand Prix
OCO,21,0 days 00:01:17.951000,HARD,9.0,True,0 days 01:33:32.722000,7,0 days 00:00:21.653000,0 days 00:00:25.044000,0 days 00:00:31.254000,1,77.951,5612.722,1.356999999999971,True,False,False,False,9.0,0.0,0.0,0.0,0.0,21.653,25.044,31.254,0,0,0,0.0,78.6678,0.8859027599008792,-0.8091181475495197,0,0,78.038,77.803,-0.23499999999999943,0.054000000000002046,-0.0870000000000033,-0.6963333333333329,0.0,0.28000000000000114,0.24184147700508268,-0.6963333333333329,0,0,2023,Canadian Grand Prix,2023_Canadian Grand Prix
OCO,22,0 days 00:01:17.803000,HARD,10.0,True,0 days 01:34:50.525000,7,0 days 00:00:21.655000,0 days 00:00:24.900000,0 days 00:00:31.248000,1,77.803,5690.525,1.410000000000764,True,False,False,False,10.0,0.0,0.0,0.0,0.0,21.655,24.9,31.248,0,0,0,0.0,78.591,0.9371299269578355,-0.8408652603359357,0,0,77.951,77.847,-0.1039999999999992,0.0,-0.14799999999999613,-0.30133333333333684,0.0,0.2740000000000009,0.27413007861232613,-0.30133333333333684,0,0,2023,Canadian Grand Prix,2023_Canadian Grand Prix
OCO,23,0 days 00:01:17.847000,HARD,11.0,True,0 days 01:36:08.372000,7,0 days 00:00:21.561000,0 days 00:00:25.058000,0 days 00:00:31.228000,1,77.847,5768.372,1.518000000000029,True,False,False,False,11.0,0.0,0.0,0.0,0.0,21.561,25.058,31.228,0,0,0,0.0,78.1262,0.41662417116630585,-0.6701483478944706,0,0,77.803,77.982,0.17900000000000205,0.0,0.04399999999999693,-0.06033333333333246,0.0,0.2380000000000031,0.28222650477940636,-0.06033333333333246,0,0,2023,Canadian Grand Prix,2023_Canadian Grand Prix
OCO,24,0 days 00:01:17.982000,HARD,12.0,True,0 days 01:37:26.354000,7,0 days 00:00:21.671000,0 days 00:00:24.941000,0 days 00:00:31.370000,1,77.982,5846.354,1.3369999999995343,True,False,False,False,12.0,0.0,0.0,0.0,0.0,21.671,24.941,31.37,0,0,0,0.0,77.92459999999998,0.09733087896457218,0.5897408983731532,0,0,77.847,77.747,-0.09999999999999432,0.04399999999999693,0.13500000000000512,-0.0636666666666675,0.0,0.14199999999999946,0.29444659957282665,-0.0636666666666675,0,0,2023,Canadian Grand Prix,2023_Canadian Grand Prix
OCO,25,0 days 00:01:17.747000,HARD,13.0,True,0 days 01:38:44.101000,7,0 days 00:00:21.601000,0 days 00:00:24.885000,0 days 00:00:31.261000,1,77.747,5924.101,1.5640000000003056,True,False,False,False,13.0,0.0,0.0,0.0,0.0,21.601,24.885,31.261,0,0,0,0.0,77.9242,0.0970293769948893,-1.8262510333270774,1,0,77.982,77.904,-0.07800000000000296,0.17900000000000205,-0.23499999999999943,0.010333333333335304,0.0,0.0329999999999977,0.11184811129384485,0.010333333333335304,0,0,2023,Canadian Grand Prix,2023_Canadian Grand Prix
OCO,26,0 days 00:01:17.904000,HARD,14.0,True,0 days 01:40:02.005000,7,0 days 00:00:21.672000,0 days 00:00:24.984000,0 days 00:00:31.248000,1,77.904,6002.005,1.7339999999994689,True,False,False,False,14.0,0.0,0.0,0.0,0.0,21.672,24.984,31.248,0,0,0,0.0,77.866,0.09895958771144296,0.3839951325464411,0,1,77.747,77.971,0.22400000000000375,0.0,0.15699999999999648,-0.018666666666665794,0.0,0.019999999999999574,0.10530337126607262,-0.018666666666665794,0,0,2023,Canadian Grand Prix,2023_Canadian Grand Prix
OCO,27,0 days 00:01:17.971000,HARD,15.0,True,0 days 01:41:19.976000,7,0 days 00:00:21.706000,0 days 00:00:25.117000,0 days 00:00:31.148000,1,77.971,6079.976,1.8780000000006112,True,False,False,False,15.0,0.0,0.0,0.0,0.0,21.706,25.117,31.148,0,0,0,0.0,77.8566,0.09075957249799782,1.260473103291965,0,0,77.904,77.884,-0.01999999999999602,0.15699999999999648,0.06700000000000728,0.01900000000000072,0.0,-0.10000000000000142,0.11554566196963147,0.01900000000000072,0,0,2023,Canadian Grand Prix,2023_Canadian Grand Prix
OCO,28,0 days 00:01:17.884000,HARD,16.0,True,0 days 01:42:37.860000,7,0 days 00:00:21.597000,0 days 00:00:25.039000,0 days 00:00:31.248000,1,77.884,6157.86,2.0600000000004,True,False,False,False,16.0,0.0,0.0,0.0,0.0,21.597,25.039,31.248,0,0,0,0.0,77.89020000000001,0.09684885130974963,-0.06401727966992131,0,0,77.971,77.937,-0.034000000000006025,0.22400000000000375,-0.0870000000000033,-0.0036666666666652268,0.0,0.10000000000000142,0.12856826980246874,-0.0036666666666652268,0,0,2023,Canadian Grand Prix,2023_Canadian Grand Prix
OCO,29,0 days 00:01:17.937000,HARD,17.0,True,0 days 01:43:55.797000,7,0 days 00:00:21.685000,0 days 00:00:25.008000,0 days 00:00:31.244000,12,77.937,6235.797,2.074000000000524,True,False,False,False,17.0,0.0,0.0,0.0,0.0,21.685,25.008,31.244,0,0,1,0.0,77.89760000000001,0.09409729007796923,0.41871556521276443,0,0,77.884,78.025,0.14100000000000534,0.13700000000000045,0.05299999999999727,0.04566666666666682,0.0,0.09600000000000009,0.09226050075736696,0.04566666666666682,0,0,2023,Canadian Grand Prix,2023_Canadian Grand Prix
OCO,30,0 days 00:01:18.025000,HARD,18.0,True,0 days 01:45:13.822000,7,0 days 00:00:21.656000,0 days 00:00:24.927000,0 days 00:00:31.442000,1,78.025,6313.822,2.2969999999995707,True,False,False,False,18.0,0.0,0.0,0.0,0.0,21.656,24.927,31.442,0,0,0,0.0,77.8886,0.0857921907869129,1.589888295763348,0,0,77.937,77.861,-0.0759999999999934,0.18999999999999773,0.08800000000000807,0.011000000000000417,0.0,0.2940000000000005,0.0810320924078857,0.011000000000000417,0,0,2023,Canadian Grand Prix,2023_Canadian Grand Prix
OCO,31,0 days 00:01:17.861000,HARD,19.0,True,0 days 01:46:31.683000,7,0 days 00:00:21.747000,0 days 00:00:24.925000,0 days 00:00:31.189000,1,77.861,6391.683,2.300000000000182,True,False,False,False,19.0,0.0,0.0,0.0,0.0,21.747,24.925,31.189,0,0,0,0.0,77.9442,0.05598839165411578,-1.4860223260918533,0,0,78.025,78.069,0.04399999999999693,0.14100000000000534,-0.16400000000000148,0.018000000000000682,0.0,-0.054999999999999716,0.14355486755941155,0.018000000000000682,0,0,2023,Canadian Grand Prix,2023_Canadian Grand Prix
OCO,32,0 days 00:01:18.069000,HARD,20.0,True,0 days 01:47:49.752000,7,0 days 00:00:21.714000,0 days 00:00:24.925000,0 days 00:00:31.430000,1,78.069,6469.752,2.6359999999995125,True,False,False,False,20.0,0.0,0.0,0.0,0.0,21.714,24.925,31.43,0,0,0,0.0,77.9356,0.06609689856577905,2.018249008571111,0,0,77.861,78.029,0.16799999999999216,0.0,0.2079999999999984,-0.007666666666665378,0.0,0.24099999999999966,0.15510641508332323,-0.007666666666665378,0,0,2023,Canadian Grand Prix,2023_Canadian Grand Prix
OCO,33,0 days 00:01:18.029000,HARD,21.0,True,0 days 01:49:07.781000,7,0 days 00:00:21.772000,0 days 00:00:24.997000,0 days 00:00:31.260000,1,78.029,6547.781,2.6159999999999854,True,False,False,False,21.0,0.0,0.0,0.0,0.0,21.772,24.997,31.26,0,0,0,0.0,77.9552,0.08957789906005845,0.8238639304379246,0,0,78.069,78.097,0.027999999999991587,0.2079999999999984,-0.04000000000000625,0.04400000000000167,0.0,0.0710000000000015,0.1372614293966078,0.04400000000000167,0,0,2023,Canadian Grand Prix,2023_Canadian Grand Prix
OCO,34,0 days 00:01:18.097000,HARD,22.0,True,0 days 01:50:25.878000,7,0 days 00:00:21.674000,0 days 00:00:25.033000,0 days 00:00:31.390000,1,78.097,6625.878,2.766000000000531,True,False,False,False,22.0,0.0,0.0,0.0,0.0,21.674,25.033,31.39,0,0,0,0.0,77.98420000000002,0.08406664023268982,1.3417926503040587,0,0,78.029,78.236,0.20700000000000784,0.16799999999999216,0.06799999999999784,0.001333333333330226,0.0,0.2010000000000005,0.13971148843241177,0.001333333333330226,0,0,2023,Canadian Grand Prix,2023_Canadian Grand Prix
OCO,35,0 days 00:01:18.236000,HARD,23.0,True,0 days 01:51:44.114000,7,0 days 00:00:21.676000,0 days 00:00:25.058000,0 days 00:00:31.502000,12,78.236,6704.114,2.6970000000001164,True,False,False,False,23.0,0.0,0.0,0.0,0.0,21.676,25.058,31.502,0,0,1,0.0,78.0162,0.09171259455500587,2.3966174009849697,0,0,78.097,77.334,-0.762999999999991,0.23599999999999,0.13900000000001,0.07866666666666333,0.0,0.24199999999999733,0.14131808093800283,0.07866666666666333,0,0,2023,Canadian Grand Prix,2023_Canadian Grand Prix
OCO,38,0 days 00:01:17.334000,HARD,2.0,True,0 days 01:55:57.287000,9,0 days 00:00:21.615000,0 days 00:00:24.746000,0 days 00:00:30.973000,1,77.334,6957.287,1.1629999999995562,True,False,False,False,2.0,0.0,0.0,0.0,0.0,21.615,24.746,30.973,0,0,0,0.0,78.05839999999999,0.13506961168231205,-5.363160454653561,1,0,78.236,77.173,-1.0630000000000024,0.375,-0.902000000000001,0.0556666666666672,0.0,-0.2870000000000026,0.12952991932368274,0.0556666666666672,0,0,2023,Canadian Grand Prix,2023_Canadian Grand Prix
OCO,39,0 days 00:01:17.173000,HARD,3.0,True,0 days 01:57:14.460000,9,0 days 00:00:21.444000,0 days 00:00:24.787000,0 days 00:00:30.942000,1,77.173,7034.46,1.1359999999995125,True,False,False,False,3.0,0.0,0.0,0.0,0.0,21.444,24.787,30.942,0,0,0,0.0,77.953,0.354689300656238,-2.1991077784327384,1,1,77.334,77.071,-0.26300000000000523,0.0,-0.16100000000000136,-0.23166666666666438,0.0,-0.030999999999998806,0.22397053377620962,-0.23166666666666438,0,0,2023,Canadian Grand Prix,2023_Canadian Grand Prix
OCO,40,0 days 00:01:17.071000,HARD,4.0,True,0 days 01:58:31.531000,9,0 days 00:00:21.318000,0 days 00:00:24.728000,0 days 00:00:31.025000,1,77.071,7111.531,1.0579999999999927,True,False,False,False,4.0,0.0,0.0,0.0,0.0,21.318,24.728,31.025,0,0,0,0.0,77.7738,0.4841484276541784,-1.4516209489830216,0,1,77.173,77.074,-0.09900000000000375,0.0,-0.10200000000000387,-0.30799999999999744,0.0,0.08299999999999841,0.2119273460410434,-0.30799999999999744,0,0,2023,Canadian Grand Prix,2023_Canadian Grand Prix
OCO,41,0 days 00:01:17.074000,HARD,5.0,True,0 days 01:59:48.605000,9,0 days 00:00:21.400000,0 days 00:00:24.680000,0 days 00:00:30.994000,1,77.074,7188.605,1.1150000000006912,True,False,False,False,5.0,0.0,0.0,0.0,0.0,21.4,24.68,30.994,0,0,0,0.0,77.5822,0.5437938028334054,-0.9345454055416892,0,0,77.071,77.059,-0.012000000000000455,0.0,0.0030000000000001137,-0.3883333333333354,0.0,0.0519999999999996,0.21244481636415632,-0.3883333333333354,0,0,2023,Canadian Grand Prix,2023_Canadian Grand Prix
OCO,42,0 days 00:01:17.059000,HARD,6.0,True,0 days 02:01:05.664000,9,0 days 00:00:21.472000,0 days 00:00:24.645000,0 days 00:00:30.942000,1,77.059,7265.664,1.3450000000002547,True,False,False,False,6.0,0.0,0.0,0.0,0.0,21.472,24.645,30.942,0,0,0,0.0,77.3776,0.4916271961558065,-0.6480520249718504,0,0,77.074,77.13,0.055999999999997385,0.0030000000000001137,-0.015000000000000568,-0.08666666666666838,0.0,0.0,0.19415895549780846,-0.08666666666666838,0,0,2023,Canadian Grand Prix,2023_Canadian Grand Prix
OCO,43,0 days 00:01:17.130000,HARD,7.0,True,0 days 02:02:22.794000,9,0 days 00:00:21.386000,0 days 00:00:24.769000,0 days 00:00:30.975000,1,77.13,7342.794,1.23700000000008,True,False,False,False,7.0,0.0,0.0,0.0,0.0,21.386,24.769,30.975,0,0,0,0.0,77.1422,0.1165963121201417,-0.10463452726906254,0,0,77.059,77.067,0.007999999999995566,0.0,0.07099999999999795,-0.03800000000000144,0.0,0.03300000000000125,0.14682063887614777,-0.03800000000000144,0,0,2023,Canadian Grand Prix,2023_Canadian Grand Prix
OCO,44,0 days 00:01:17.067000,HARD,8.0,True,0 days 02:03:39.861000,9,0 days 00:00:21.405000,0 days 00:00:24.657000,0 days 00:00:31.005000,1,77.067,7419.861,1.1630000000004657,True,False,False,False,8.0,0.0,0.0,0.0,0.0,21.405,24.657,31.005,0,0,0,0.0,77.1014,0.048521129418196265,-0.7089694822129283,0,0,77.13,76.869,-0.2609999999999957,0.07099999999999795,-0.06300000000000239,0.019666666666665833,0.0,0.06299999999999883,0.04441058432400875,0.019666666666665833,0,0,2023,Canadian Grand Prix,2023_Canadian Grand Prix
OCO,45,0 days 00:01:16.869000,HARD,9.0,True,0 days 02:04:56.730000,9,0 days 00:00:21.379000,0 days 00:00:24.542000,0 days 00:00:30.948000,1,76.869,7496.73,1.2250000000003638,True,False,False,False,9.0,0.0,0.0,0.0,0.0,21.379,24.542,30.948,0,0,0,0.0,77.0802,0.02840246468208922,-7.435974390391171,1,0,77.067,76.855,-0.21199999999998909,0.007999999999995566,-0.1979999999999933,-0.0023333333333350006,0.0,0.006000000000000227,0.03153886491299144,-0.0023333333333350006,0,0,2023,Canadian Grand Prix,2023_Canadian Grand Prix
OCO,46,0 days 00:01:16.855000,HARD,10.0,True,0 days 02:06:13.585000,9,0 days 00:00:21.365000,0 days 00:00:24.574000,0 days 00:00:30.916000,1,76.855,7573.585,1.1880000000001019,True,False,False,False,10.0,0.0,0.0,0.0,0.0,21.365,24.574,30.916,0,0,0,0.0,77.03979999999999,0.0994821592046457,-1.8576195116536178,1,1,76.869,76.972,0.10299999999999443,0.0,-0.013999999999995794,-0.06333333333333258,0.0,-0.03200000000000003,0.0276351225797887,-0.06333333333333258,0,0,2023,Canadian Grand Prix,2023_Canadian Grand Prix
OCO,47,0 days 00:01:16.972000,HARD,11.0,True,0 days 02:07:30.557000,9,0 days 00:00:21.311000,0 days 00:00:24.579000,0 days 00:00:31.082000,1,76.972,7650.557,1.261000000000422,True,False,False,False,11.0,0.0,0.0,0.0,0.0,21.311,24.579,31.082,0,0,0,0.0,76.99600000000001,0.12547509713094218,-0.1912730139190043,0,1,76.855,77.109,0.2539999999999907,0.0,0.11699999999999022,-0.09166666666666383,0.0,0.16600000000000037,0.035839921874914235,-0.09166666666666383,0,0,2023,Canadian Grand Prix,2023_Canadian Grand Prix
OCO,48,0 days 00:01:17.109000,HARD,12.0,True,0 days 02:08:47.666000,9,0 days 00:00:21.454000,0 days 00:00:24.646000,0 days 00:00:31.009000,1,77.109,7727.666,1.3869999999997162,True,False,False,False,12.0,0.0,0.0,0.0,0.0,21.454,24.646,31.009,0,0,0,0.0,76.9786,0.12048775871440183,1.082267621137249,0,0,76.972,77.392,0.4200000000000017,0.11699999999999022,0.13700000000000045,-0.03166666666666629,0.0,0.09299999999999997,0.07505797759065969,-0.03166666666666629,0,0,2023,Canadian Grand Prix,2023_Canadian Grand Prix
OCO,49,0 days 00:01:17.392000,HARD,13.0,True,0 days 02:10:05.058000,9,0 days 00:00:21.548000,0 days 00:00:24.660000,0 days 00:00:31.184000,1,77.392,7805.058,1.2669999999998254,True,False,False,False,13.0,0.0,0.0,0.0,0.0,21.548,24.66,31.184,0,0,0,0.0,76.97439999999999,0.11408680905354464,3.6603705850341917,0,0,77.109,77.427,0.31800000000001205,0.2539999999999907,0.28300000000000125,0.0799999999999983,0.0,0.2680000000000007,0.07699155797878092,0.0799999999999983,0,0,2023,Canadian Grand Prix,2023_Canadian Grand Prix
OCO,50,0 days 00:01:17.427000,HARD,14.0,True,0 days 02:11:22.485000,9,0 days 00:00:21.511000,0 days 00:00:24.828000,0 days 00:00:31.088000,1,77.427,7882.485,1.0410000000001673,True,False,False,False,14.0,0.0,0.0,0.0,0.0,21.511,24.828,31.088,0,0,0,0.0,77.0394,0.22178435472327016,1.747643563422818,0,0,77.392,77.339,-0.05299999999999727,0.5369999999999919,0.0350000000000108,0.1789999999999973,0.0,0.07900000000000063,0.12133507324759824,0.1789999999999973,0,0,2023,Canadian Grand Prix,2023_Canadian Grand Prix
OCO,51,0 days 00:01:17.339000,HARD,15.0,True,0 days 02:12:39.824000,9,0 days 00:00:21.491000,0 days 00:00:24.701000,0 days 00:00:31.147000,1,77.339,7959.824,0.9030000000002474,True,False,False,False,15.0,0.0,0.0,0.0,0.0,21.491,24.701,31.147,0,0,0,0.0,77.151,0.2528230606570789,0.7436030538962567,0,0,77.427,77.124,-0.3030000000000115,0.5720000000000027,-0.08800000000000807,0.15166666666667084,0.0,0.13799999999999812,0.1111292040824554,0.15166666666667084,0,1,2023,Canadian Grand Prix,2023_Canadian Grand Prix
OCO,52,0 days 00:01:17.124000,HARD,16.0,True,0 days 02:13:56.948000,9,0 days 00:00:21.476000,0 days 00:00:24.726000,0 days 00:00:30.922000,1,77.124,8036.948,0.4039999999995416,True,False,False,False,16.0,0.0,0.0,0.0,0.0,21.476,24.726,30.922,0,0,0,0.0,77.2478,0.1978350322870263,-0.625773901461442,0,0,77.339,77.16,-0.17900000000000205,0.36700000000000443,-0.2150000000000034,0.07666666666666799,0.0,-0.16600000000000037,0.07517778927316232,0.07666666666666799,0,1,2023,Canadian Grand Prix,2023_Canadian Grand Prix
OCO,53,0 days 00:01:17.160000,HARD,17.0,True,0 days 02:15:14.108000,9,0 days 00:00:21.511000,0 days 00:00:24.754000,0 days 00:00:30.895000,1,77.16,8114.108,0.3580000000001746,True,False,False,False,17.0,0.0,0.0,0.0,0.0,21.511,24.754,30.895,0,0,0,0.0,77.2782,0.150992383913916,-0.7828209406071103,0,0,77.124,77.068,-0.055999999999997385,0.015000000000000568,0.036000000000001364,-0.08933333333333356,0.0,-0.027000000000001023,0.15761123056432252,-0.08933333333333356,0,1,2023,Canadian Grand Prix,2023_Canadian Grand Prix
OCO,54,0 days 00:01:17.068000,HARD,18.0,True,0 days 02:16:31.176000,9,0 days 00:00:21.646000,0 days 00:00:24.688000,0 days 00:00:30.734000,1,77.068,8191.176,0.5879999999997381,True,False,False,False,18.0,0.0,0.0,0.0,0.0,21.646,24.688,30.734,0,0,0,0.0,77.2884,0.13785608437790034,-1.5987687521707252,1,0,77.16,77.056,-0.1039999999999992,0.036000000000001364,-0.09199999999999875,-0.08900000000000337,0.0,-0.1609999999999978,0.1645761222048936,-0.08900000000000337,0,1,2023,Canadian Grand Prix,2023_Canadian Grand Prix
OCO,55,0 days 00:01:17.056000,HARD,19.0,True,0 days 02:17:48.232000,8,0 days 00:00:21.521000,0 days 00:00:24.798000,0 days 00:00:30.737000,1,77.056,8268.232,0.5360000000000582,True,False,False,False,19.0,0.0,0.0,0.0,0.0,21.521,24.798,30.737,0,0,0,0.0,77.22359999999999,0.15236896009361472,-1.0999615662994646,0,1,77.068,77.229,0.16100000000000136,0.0,-0.012000000000000455,-0.0903333333333336,0.0,0.002999999999996561,0.13760196219531082,-0.0903333333333336,0,1,2023,Canadian Grand Prix,2023_Canadian Grand Prix
OCO,56,0 days 00:01:17.229000,HARD,20.0,True,0 days 02:19:05.461000,8,0 days 00:00:21.723000,0 days 00:00:24.767000,0 days 00:00:30.739000,1,77.229,8345.461,0.4360000000015134,True,False,False,False,20.0,0.0,0.0,0.0,0.0,21.723,24.767,30.739,0,0,0,0.0,77.1494,0.1140780434615363,0.6977679278557926,0,0,77.056,77.057,0.0010000000000047748,0.0,0.17300000000000182,-0.022666666666665947,0.0,0.004999999999999005,0.1266739910163078,-0.022666666666665947,0,1,2023,Canadian Grand Prix,2023_Canadian Grand Prix
OCO,57,0 days 00:01:17.057000,HARD,21.0,True,0 days 02:20:22.518000,8,0 days 00:00:21.570000,0 days 00:00:24.590000,0 days 00:00:30.897000,1,77.057,8422.518,0.42599999999947613,True,False,False,False,21.0,0.0,0.0,0.0,0.0,21.57,24.59,30.897,0,0,0,0.0,77.1274,0.07075167842541427,-0.9950293981252648,0,0,77.229,77.266,0.03700000000000614,0.17300000000000182,-0.17199999999999704,0.02300000000000087,0.0,0.1629999999999967,0.08702987992637774,0.02300000000000087,0,1,2023,Canadian Grand Prix,2023_Canadian Grand Prix
OCO,58,0 days 00:01:17.266000,HARD,22.0,True,0 days 02:21:39.784000,8,0 days 00:00:21.746000,0 days 00:00:24.741000,0 days 00:00:30.779000,1,77.266,8499.784,0.4830000000001746,True,False,False,False,22.0,0.0,0.0,0.0,0.0,21.746,24.741,30.779,0,0,0,0.0,77.114,0.07757254669026493,1.9594561025166968,0,0,77.057,77.127,0.06999999999999318,0.0010000000000047748,0.20900000000000318,-0.0036666666666652268,0.0,0.04200000000000159,0.11532042316953028,-0.0036666666666652268,0,1,2023,Canadian Grand Prix,2023_Canadian Grand Prix
OCO,59,0 days 00:01:17.127000,HARD,23.0,True,0 days 02:22:56.911000,8,0 days 00:00:21.682000,0 days 00:00:24.664000,0 days 00:00:30.781000,1,77.127,8576.911,0.407999999999447,True,False,False,False,23.0,0.0,0.0,0.0,0.0,21.682,24.664,30.781,0,0,0,0.0,77.13520000000001,0.10345385444734896,-0.07926239233734557,0,0,77.266,77.272,0.006000000000000227,0.21000000000000796,-0.13900000000001,0.07000000000000266,0.0,0.04199999999999804,0.11591721183672245,0.07000000000000266,0,1,2023,Canadian Grand Prix,2023_Canadian Grand Prix
OCO,60,0 days 00:01:17.272000,HARD,24.0,True,0 days 02:24:14.183000,8,0 days 00:00:21.630000,0 days 00:00:24.876000,0 days 00:00:30.766000,1,77.272,8654.183,0.3739999999997963,True,False,False,False,24.0,0.0,0.0,0.0,0.0,21.63,24.876,30.766,0,0,0,0.0,77.147,0.0970386520929307,1.2881464993999674,0,0,77.127,77.235,0.10800000000000409,0.07099999999999795,0.14500000000001023,-0.034000000000001286,0.0,-0.013000000000001677,0.06543317201542273,-0.034000000000001286,0,1,2023,Canadian Grand Prix,2023_Canadian Grand Prix
OCO,61,0 days 00:01:17.235000,HARD,25.0,True,0 days 02:25:31.418000,8,0 days 00:00:21.697000,0 days 00:00:24.792000,0 days 00:00:30.746000,1,77.235,8731.418,0.5159999999996217,True,False,False,False,25.0,0.0,0.0,0.0,0.0,21.697,24.792,30.746,0,0,0,0.0,77.1902,0.09444416339834012,0.4743543527516962,0,0,77.272,77.037,-0.23499999999999943,0.2150000000000034,-0.03700000000000614,0.07166666666666781,0.0,-0.019999999999999574,0.06867823527144434,0.07166666666666781,0,1,2023,Canadian Grand Prix,2023_Canadian Grand Prix
OCO,62,0 days 00:01:17.037000,HARD,26.0,True,0 days 02:26:48.455000,8,0 days 00:00:21.491000,0 days 00:00:24.711000,0 days 00:00:30.835000,1,77.037,8808.455,0.625,True,False,False,False,26.0,0.0,0.0,0.0,0.0,21.491,24.711,30.835,0,0,0,0.0,77.1914,0.09509626701407574,-1.6236178858329087,1,0,77.235,76.782,-0.45300000000000296,0.17799999999999727,-0.1979999999999933,-0.010333333333335304,0.0,0.08900000000000219,0.0733259844802633,-0.010333333333335304,0,1,2023,Canadian Grand Prix,2023_Canadian Grand Prix
OCO,63,0 days 00:01:16.782000,HARD,27.0,True,0 days 02:28:05.237000,8,0 days 00:00:21.526000,0 days 00:00:24.618000,0 days 00:00:30.638000,1,76.782,8885.237,1.4200000000000728,True,False,False,False,27.0,0.0,0.0,0.0,0.0,21.526,24.618,30.638,0,0,0,0.0,77.1874,0.10230982357531358,-3.962473844963403,1,1,77.037,77.271,0.23399999999999466,0.0,-0.25500000000000966,-0.0299999999999964,0.0,-0.10799999999999699,0.04499444410146734,-0.0299999999999964,0,0,2023,Canadian Grand Prix,2023_Canadian Grand Prix
OCO,64,0 days 00:01:17.271000,HARD,28.0,True,0 days 02:29:22.508000,8,0 days 00:00:21.656000,0 days 00:00:24.743000,0 days 00:00:30.872000,1,77.271,8962.508,1.1309999999994034,True,False,False,False,28.0,0.0,0.0,0.0,0.0,21.656,24.743,30.872,0,0,0,0.0,77.09060000000001,0.19569695960850134,0.9218334324707356,0,1,76.782,77.091,0.3089999999999975,0.0,0.4890000000000043,-0.16333333333333636,0.0,0.2339999999999982,0.07398986417070846,-0.16333333333333636,0,0,2023,Canadian Grand Prix,2023_Canadian Grand Prix
OCO,65,0 days 00:01:17.091000,HARD,29.0,True,0 days 02:30:39.599000,8,0 days 00:00:21.695000,0 days 00:00:24.698000,0 days 00:00:30.698000,1,77.091,9039.599,0.4140000000006694,True,False,False,False,29.0,0.0,0.0,0.0,0.0,21.695,24.698,30.698,0,0,0,0.0,77.11940000000001,0.212285892136081,-0.13378185292602443,0,0,77.271,77.31,0.03900000000000148,0.4890000000000043,-0.18000000000000682,0.012000000000000455,0.0,0.05999999999999872,0.13065718503013782,0.012000000000000455,0,1,2023,Canadian Grand Prix,2023_Canadian Grand Prix
OCO,66,0 days 00:01:17.310000,HARD,30.0,True,0 days 02:31:56.909000,8,0 days 00:00:21.836000,0 days 00:00:24.688000,0 days 00:00:30.786000,1,77.31,9116.909,0.3070000000006985,True,False,False,False,30.0,0.0,0.0,0.0,0.0,21.836,24.688,30.786,0,0,0,0.0,77.0832,0.19444073647261054,1.1664222431699383,0,0,77.091,77.28,0.18900000000000716,0.3089999999999975,0.2190000000000083,0.017999999999995946,0.0,0.1479999999999997,0.1278045382605782,0.017999999999995946,0,1,2023,Canadian Grand Prix,2023_Canadian Grand Prix
OCO,67,0 days 00:01:17.280000,HARD,31.0,True,0 days 02:33:14.189000,8,0 days 00:00:21.664000,0 days 00:00:24.737000,0 days 00:00:30.879000,1,77.28,9194.189,0.23099999999976717,True,False,False,False,31.0,0.0,0.0,0.0,0.0,21.664,24.737,30.879,0,0,0,0.0,77.09819999999999,0.21124559167000836,0.8606096750364558,0,0,77.31,76.819,-0.49099999999999966,0.5280000000000058,-0.030000000000001137,0.17600000000000193,0.0,0.18100000000000094,0.1265495950210808,0.17600000000000193,0,1,2023,Canadian Grand Prix,2023_Canadian Grand Prix
OCO,68,0 days 00:01:16.819000,HARD,32.0,True,0 days 02:34:31.008000,8,0 days 00:00:21.629000,0 days 00:00:24.567000,0 days 00:00:30.623000,1,76.819,9271.008,0.31199999999989814,True,False,False,False,32.0,0.0,0.0,0.0,0.0,21.629,24.567,30.623,0,0,0,0.0,77.1468,0.22135649979165645,-1.4808690971736806,0,0,77.28,77.073,-0.20700000000000784,0.49800000000000466,-0.4609999999999985,0.0030000000000001137,0.0,-0.07499999999999929,0.13382824813917124,0.0030000000000001137,0,1,2023,Canadian Grand Prix,2023_Canadian Grand Prix
OCO,69,0 days 00:01:17.073000,HARD,33.0,True,0 days 02:35:48.081000,8,0 days 00:00:21.739000,0 days 00:00:24.652000,0 days 00:00:30.682000,1,77.073,9348.081,0.3109999999996944,True,False,False,False,33.0,0.0,0.0,0.0,0.0,21.739,24.652,30.682,0,0,0,0.0,77.1542,0.20621275421276217,-0.3937680785555619,0,0,76.819,77.68,0.8610000000000042,0.0,0.2539999999999907,-0.09066666666666379,0.0,0.0589999999999975,0.12102189884479524,-0.09066666666666379,0,1,2023,Canadian Grand Prix,2023_Canadian Grand Prix
PER,2,0 days 00:01:19.273000,HARD,2.0,True,0 days 01:04:55.728000,12,0 days 00:00:22.429000,0 days 00:00:25.183000,0 days 00:00:31.661000,1,79.273,3895.728,0.6039999999998145,True,False,False,False,2.0,0.0,0.0,0.0,0.0,22.429,25.183,31.661,0,0,0,0.0,77.2324,0.31817495187399414,6.413452686898277,0,0,79.273,78.51,-0.762999999999991,2.4539999999999935,0.0,0.13333333333333522,0.0,1.0380000000000003,0.27798165407091124,0.0,0,1,2023,Canadian Grand Prix,2023_Canadian Grand Prix
PER,3,0 days 00:01:18.510000,HARD,3.0,True,0 days 01:06:14.238000,12,0 days 00:00:22.275000,0 days 00:00:25.088000,0 days 00:00:31.147000,1,78.51,3974.238,0.7940000000003238,True,False,False,False,3.0,0.0,0.0,0.0,0.0,22.275,25.088,31.147,0,0,0,0.0,,,0.0,0,0,79.273,78.656,-0.6169999999999902,0.0,-0.762999999999991,0.0,0.0,0.0,0.0,0.0,0,1,2023,Canadian Grand Prix,2023_Canadian Grand Prix
PER,4,0 days 00:01:18.656000,HARD,4.0,True,0 days 01:07:32.894000,12,0 days 00:00:22.362000,0 days 00:00:25.187000,0 days 00:00:31.107000,1,78.656,4052.894,0.6520000000000437,True,False,False,False,4.0,0.0,0.0,0.0,0.0,22.362,25.187,31.107,0,0,0,0.0,,,0.0,0,0,78.51,78.45,-0.060000000000002274,0.0,0.1460000000000008,-0.3814999999999955,0.0,-0.03999999999999915,0.0,0.0,0,1,2023,Canadian Grand Prix,2023_Canadian Grand Prix
PER,5,0 days 00:01:18.450000,HARD,5.0,True,0 days 01:08:51.344000,12,0 days 00:00:22.335000,0 days 00:00:25.174000,0 days 00:00:30.941000,1,78.45,4131.344,1.1649999999999636,True,False,False,False,5.0,0.0,0.0,0.0,0.0,22.335,25.174,30.941,0,0,0,0.0,78.813,0.40500493824149725,-0.8962853677195143,0,0,78.656,78.734,0.07799999999998875,0.1460000000000008,-0.20600000000000307,-0.20566666666666342,0.0,-0.16600000000000037,0.6111639169104579,-0.3084999999999951,0,0,2023,Canadian Grand Prix,2023_Canadian Grand Prix
PER,6,0 days 00:01:18.734000,HARD,6.0,True,0 days 01:10:10.078000,12,0 days 00:00:22.484000,0 days 00:00:25.242000,0 days 00:00:31.008000,1,78.734,4210.078,0.7289999999993597,True,False,False,False,6.0,0.0,0.0,0.0,0.0,22.484,25.242,31.008,0,0,0,0.0,78.72225,0.3772199844476243,0.031148932942134732,0,0,78.45,78.635,0.18500000000000227,0.0,0.2839999999999918,-0.2743333333333311,0.0,0.06700000000000017,0.5578362961777705,-0.2743333333333311,0,1,2023,Canadian Grand Prix,2023_Canadian Grand Prix
PER,9,0 days 00:01:18.635000,HARD,9.0,True,0 days 01:14:21.648000,12,0 days 00:00:22.274000,0 days 00:00:25.019000,0 days 00:00:31.342000,1,78.635,4461.648,0.7820000000001528,True,False,False,False,9.0,0.0,0.0,0.0,0.0,22.274,25.019,31.342,0,0,0,0.0,78.7246,0.3267243486488257,-0.27423729015156817,0,0,78.734,79.279,0.5450000000000017,0.2839999999999918,-0.09899999999998954,0.07466666666666318,0.0,0.4009999999999998,0.4871983169100649,0.07466666666666318,0,1,2023,Canadian Grand Prix,2023_Canadian Grand Prix
PER,10,0 days 00:01:19.279000,HARD,10.0,True,0 days 01:15:40.927000,12,0 days 00:00:22.572000,0 days 00:00:25.549000,0 days 00:00:31.158000,1,79.279,4540.927,1.030999999999949,True,False,False,False,10.0,0.0,0.0,0.0,0.0,22.572,25.549,31.158,0,0,0,0.0,78.59700000000001,0.11496956118903338,5.932004897180055,0,0,78.635,78.748,0.11299999999999955,0.18500000000000227,0.6439999999999912,-0.0070000000000002656,0.0,0.2170000000000023,0.2125542283747842,-0.0070000000000002656,0,0,2023,Canadian Grand Prix,2023_Canadian Grand Prix
PER,11,0 days 00:01:18.748000,HARD,11.0,True,0 days 01:16:59.675000,11,0 days 00:00:22.357000,0 days 00:00:25.287000,0 days 00:00:31.104000,1,78.748,4619.675,1.4719999999997526,True,False,False,False,11.0,0.0,0.0,0.0,0.0,22.357,25.287,31.104,0,0,0,0.0,78.7508,0.31311132205654885,-0.008942506395497847,0,0,79.279,79.091,-0.1880000000000024,0.8289999999999935,-0.5309999999999917,0.27633333333333115,0.0,0.09600000000000009,0.2211598969071926,0.27633333333333115,0,0,2023,Canadian Grand Prix,2023_Canadian Grand Prix
PER,17,0 days 00:01:19.091000,HARD,17.0,True,0 days 01:28:17.776000,6,0 days 00:00:22.476000,0 days 00:00:25.326000,0 days 00:00:31.289000,1,79.091,5297.776,1.2550000000001091,True,False,False,False,17.0,0.0,0.0,0.0,0.0,22.476,25.326,31.289,0,0,0,0.0,78.7692,0.30882146946091743,1.0420259982627962,0,0,78.748,77.813,-0.9350000000000023,0.2980000000000018,0.3429999999999893,0.004666666666670001,0.0,0.18500000000000227,0.20827025711800543,0.004666666666670001,0,0,2023,Canadian Grand Prix,2023_Canadian Grand Prix
PER,18,0 days 00:01:17.813000,HARD,18.0,True,0 days 01:29:35.589000,6,0 days 00:00:21.796000,0 days 00:00:24.926000,0 days 00:00:31.091000,1,77.813,5375.589,2.16399999999976,True,False,False,False,18.0,0.0,0.0,0.0,0.0,21.796,24.926,31.091,0,0,0,0.0,78.89739999999999,0.274305122081237,-3.953261943387397,1,0,79.091,77.754,-1.336999999999989,0.45599999999998886,-1.2779999999999916,0.15199999999999628,0.0,-0.012999999999998124,0.131518819946044,0.15199999999999628,0,0,2023,Canadian Grand Prix,2023_Canadian Grand Prix
PER,19,0 days 00:01:17.754000,HARD,19.0,True,0 days 01:30:53.343000,6,0 days 00:00:21.931000,0 days 00:00:24.775000,0 days 00:00:31.048000,1,77.754,5453.343,2.6630000000004657,True,False,False,False,19.0,0.0,0.0,0.0,0.0,21.931,24.775,31.048,0,0,0,0.0,78.7132,0.5658066807664911,-1.6952786748657325,1,1,77.813,77.725,-0.08800000000000807,0.0,-0.0589999999999975,-0.48866666666666464,0.0,-0.043000000000002814,0.15370491208806508,-0.48866666666666464,0,0,2023,Canadian Grand Prix,2023_Canadian Grand Prix
PER,20,0 days 00:01:17.725000,HARD,20.0,True,0 days 01:32:11.068000,6,0 days 00:00:21.751000,0 days 00:00:24.880000,0 days 00:00:31.094000,1,77.725,5531.068,3.70299999999952,True,False,False,False,20.0,0.0,0.0,0.0,0.0,21.751,24.88,31.094,0,0,0,0.0,78.537,0.714014355597972,-1.137232036910489,0,1,77.754,77.406,-0.347999999999999,0.0,-0.029000000000010573,-0.33133333333333326,0.0,0.04600000000000293,0.11562352701764597,-0.33133333333333326,0,0,2023,Canadian Grand Prix,2023_Canadian Grand Prix
PER,21,0 days 00:01:17.406000,HARD,21.0,True,0 days 01:33:28.474000,6,0 days 00:00:21.605000,0 days 00:00:24.714000,0 days 00:00:31.087000,1,77.406,5608.474,4.2479999999995925,True,False,False,False,21.0,0.0,0.0,0.0,0.0,21.605,24.714,31.087,0,0,0,0.0,78.2262,0.6451865621663111,-1.2712602030117532,0,0,77.725,77.701,-0.02400000000000091,0.0,-0.3189999999999884,-0.4553333333333332,0.0,0.03900000000000148,0.09067359042190934,-0.4553333333333332,0,0,2023,Canadian Grand Prix,2023_Canadian Grand Prix
PER,22,0 days 00:01:17.701000,HARD,22.0,True,0 days 01:34:46.175000,6,0 days 00:00:21.732000,0 days 00:00:24.807000,0 days 00:00:31.162000,1,77.701,5686.175,4.349999999999454,True,False,False,False,22.0,0.0,0.0,0.0,0.0,21.732,24.807,31.162,0,0,0,0.0,77.95779999999999,0.6529400431892443,-0.39329797992733767,0,0,77.406,77.596,0.18999999999999773,0.0,0.2949999999999875,-0.1356666666666655,0.0,0.11400000000000077,0.08763675028206026,-0.1356666666666655,0,0,2023,Canadian Grand Prix,2023_Canadian Grand Prix
PER,23,0 days 00:01:17.596000,HARD,23.0,True,0 days 01:36:03.771000,6,0 days 00:00:21.712000,0 days 00:00:24.754000,0 days 00:00:31.130000,1,77.596,5763.771,4.6010000000005675,True,False,False,False,23.0,0.0,0.0,0.0,0.0,21.712,24.754,31.13,0,0,0,0.0,77.6798,0.15867167359037815,-0.5281345945611692,0,0,77.701,77.435,-0.26599999999999113,0.2949999999999875,-0.10499999999998977,-0.017666666666670494,0.0,0.04299999999999926,0.06033489869055954,-0.017666666666670494,0,0,2023,Canadian Grand Prix,2023_Canadian Grand Prix
PER,24,0 days 00:01:17.435000,HARD,24.0,True,0 days 01:37:21.206000,6,0 days 00:00:21.745000,0 days 00:00:24.651000,0 days 00:00:31.039000,1,77.435,5841.206,5.148000000000138,True,False,False,False,24.0,0.0,0.0,0.0,0.0,21.745,24.651,31.039,0,0,0,0.0,77.63640000000001,0.14192357098090333,-1.4190736507546464,0,0,77.596,77.545,-0.05100000000000193,0.18999999999999773,-0.16100000000000136,-0.042999999999996895,0.0,-0.047999999999998266,0.05570188506684588,-0.042999999999996895,0,0,2023,Canadian Grand Prix,2023_Canadian Grand Prix
PER,25,0 days 00:01:17.545000,HARD,25.0,True,0 days 01:38:38.751000,6,0 days 00:00:21.647000,0 days 00:00:24.742000,0 days 00:00:31.156000,1,77.545,5918.751,5.349999999999454,True,False,False,False,25.0,0.0,0.0,0.0,0.0,21.647,24.742,31.156,0,0,0,0.0,77.5726,0.14743574871778067,-0.18720018882817918,0,0,77.435,77.495,0.060000000000002274,0.028999999999996362,0.10999999999999943,0.009666666666665455,0.0,0.11699999999999733,0.05757343137246484,0.009666666666665455,0,0,2023,Canadian Grand Prix,2023_Canadian Grand Prix
PER,26,0 days 00:01:17.495000,HARD,26.0,True,0 days 01:39:56.246000,6,0 days 00:00:21.616000,0 days 00:00:24.810000,0 days 00:00:31.069000,1,77.495,5996.246,5.7590000000000146,True,False,False,False,26.0,0.0,0.0,0.0,0.0,21.616,24.81,31.069,0,0,0,0.0,77.53659999999999,0.12042134362302119,-0.345453710682859,0,0,77.545,77.822,0.277000000000001,0.1389999999999958,-0.04999999999999716,-0.051999999999997236,0.0,0.029999999999997584,0.06766461409037813,-0.051999999999997236,0,0,2023,Canadian Grand Prix,2023_Canadian Grand Prix
PER,27,0 days 00:01:17.822000,HARD,27.0,True,0 days 01:41:14.068000,6,0 days 00:00:21.709000,0 days 00:00:24.813000,0 days 00:00:31.300000,1,77.822,6074.068,5.907999999999447,True,False,False,False,27.0,0.0,0.0,0.0,0.0,21.709,24.813,31.3,0,0,0,0.0,77.5544,0.10135975532712097,2.6401010848572906,0,0,77.495,77.642,0.14699999999999136,0.060000000000002274,0.3269999999999982,-0.033666666666666366,0.0,0.26099999999999923,0.06824734427067353,-0.033666666666666366,0,0,2023,Canadian Grand Prix,2023_Canadian Grand Prix
PER,28,0 days 00:01:17.642000,HARD,28.0,True,0 days 01:42:31.710000,6,0 days 00:00:21.707000,0 days 00:00:24.895000,0 days 00:00:31.040000,1,77.642,6151.71,6.149999999999636,True,False,False,False,28.0,0.0,0.0,0.0,0.0,21.707,24.895,31.04,0,0,0,0.0,77.57860000000001,0.1485641275677719,0.42675174039618324,0,0,77.822,77.698,-0.12400000000000944,0.38700000000000045,-0.18000000000000682,0.12900000000000014,0.0,-0.028999999999999915,0.11659888507185566,0.12900000000000014,0,0,2023,Canadian Grand Prix,2023_Canadian Grand Prix
PER,29,0 days 00:01:17.698000,HARD,29.0,True,0 days 01:43:49.408000,6,0 days 00:00:21.666000,0 days 00:00:24.924000,0 days 00:00:31.108000,12,77.698,6229.408,6.388999999999214,True,False,False,False,29.0,0.0,0.0,0.0,0.0,21.666,24.924,31.108,0,0,1,0.0,77.5878,0.1513099467978637,0.7283063825751589,0,0,77.642,77.574,-0.06799999999999784,0.20699999999999363,0.055999999999997385,0.0323333333333314,0.0,0.06800000000000139,0.12643456805794748,0.0323333333333314,0,0,2023,Canadian Grand Prix,2023_Canadian Grand Prix
PER,30,0 days 00:01:17.574000,HARD,30.0,True,0 days 01:45:06.982000,6,0 days 00:00:21.635000,0 days 00:00:24.810000,0 days 00:00:31.129000,1,77.574,6306.982,6.8400000000001455,True,False,False,False,30.0,0.0,0.0,0.0,0.0,21.635,24.81,31.129,0,0,0,0.0,77.6404,0.1289779050844316,-0.5148168591863448,0,0,77.698,77.742,0.04400000000001114,0.20299999999998875,-0.12399999999999523,0.06766666666666292,0.0,0.08900000000000219,0.10978752205965807,0.06766666666666292,0,0,2023,Canadian Grand Prix,2023_Canadian Grand Prix
PER,31,0 days 00:01:17.742000,HARD,31.0,True,0 days 01:46:24.724000,6,0 days 00:00:21.654000,0 days 00:00:24.790000,0 days 00:00:31.298000,1,77.742,6384.724,6.958999999999833,True,False,False,False,31.0,0.0,0.0,0.0,0.0,21.654,24.79,31.298,0,0,0,0.0,77.6462,0.12417809790767681,0.771472599550011,0,0,77.574,77.721,0.14700000000000557,0.07899999999999352,0.16800000000000637,-0.08266666666666822,0.0,0.2579999999999991,0.10873683828399622,-0.08266666666666822,0,0,2023,Canadian Grand Prix,2023_Canadian Grand Prix
PER,32,0 days 00:01:17.721000,HARD,32.0,True,0 days 01:47:42.445000,6,0 days 00:00:21.646000,0 days 00:00:24.869000,0 days 00:00:31.206000,1,77.721,6462.445,7.3070000000006985,True,False,False,False,32.0,0.0,0.0,0.0,0.0,21.646,24.869,31.206,0,0,0,0.0,77.6956,0.09459809723226464,0.26850434356666486,0,0,77.742,77.986,0.24399999999999977,0.16800000000000637,-0.021000000000000796,0.03333333333333618,0.0,0.09799999999999898,0.12683572052067887,0.03333333333333618,0,0,2023,Canadian Grand Prix,2023_Canadian Grand Prix
PER,33,0 days 00:01:17.986000,HARD,33.0,True,0 days 01:49:00.431000,6,0 days 00:00:21.765000,0 days 00:00:24.995000,0 days 00:00:31.226000,1,77.986,6540.431,7.350000000000364,True,False,False,False,33.0,0.0,0.0,0.0,0.0,21.765,24.995,31.226,0,0,0,0.0,77.6754,0.06786604452866121,4.576662779703262,0,0,77.721,77.967,0.2459999999999951,0.14700000000000557,0.26500000000000057,0.007666666666670115,0.0,0.09699999999999775,0.1033232790807563,0.007666666666670115,0,0,2023,Canadian Grand Prix,2023_Canadian Grand Prix
PER,34,0 days 00:01:17.967000,HARD,34.0,True,0 days 01:50:18.398000,6,0 days 00:00:21.878000,0 days 00:00:24.844000,0 days 00:00:31.245000,1,77.967,6618.398,7.479999999999563,True,False,False,False,34.0,0.0,0.0,0.0,0.0,21.878,24.844,31.245,0,0,0,0.0,77.7442,0.15009397056498544,1.4844033984931309,0,0,77.986,77.742,-0.24399999999999977,0.41200000000000614,-0.019000000000005457,0.1373333333333354,0.0,0.03900000000000148,0.07697726937219757,0.1373333333333354,0,0,2023,Canadian Grand Prix,2023_Canadian Grand Prix
PER,35,0 days 00:01:17.742000,HARD,35.0,True,0 days 01:51:36.140000,6,0 days 00:00:21.651000,0 days 00:00:24.899000,0 days 00:00:31.192000,12,77.742,6696.14,7.973999999999251,True,False,False,False,35.0,0.0,0.0,0.0,0.0,21.651,24.899,31.192,0,0,1,0.0,77.798,0.17546082183769307,-0.3191595674377907,0,0,77.967,78.47,0.5030000000000001,0.3930000000000007,-0.22499999999999432,0.07499999999999811,0.0,-0.013999999999999346,0.08292587051095598,0.07499999999999811,0,0,2023,Canadian Grand Prix,2023_Canadian Grand Prix
PER,36,0 days 00:01:18.470000,HARD,36.0,True,0 days 01:52:54.610000,6,0 days 00:00:22.245000,0 days 00:00:24.970000,0 days 00:00:31.255000,21,78.47,6774.61,15.570000000000618,True,False,False,False,36.0,0.0,0.0,0.0,0.0,22.245,24.97,31.255,0,0,1,0.0,77.83160000000001,0.1327226431320433,4.81003079003526,0,0,77.742,76.704,-1.038000000000011,0.021000000000000796,0.7279999999999944,0.0070000000000002656,0.0,0.06299999999999883,0.10197695818173734,0.0070000000000002656,0,0,2023,Canadian Grand Prix,2023_Canadian Grand Prix
PER,39,0 days 00:01:16.704000,MEDIUM,2.0,True,0 days 01:57:04.738000,6,0 days 00:00:21.417000,0 days 00:00:24.669000,0 days 00:00:30.618000,1,76.704,7024.738,0.4989999999997963,False,True,False,False,2.0,0.0,0.0,0.0,0.0,21.417,24.669,30.618,0,0,0,0.0,77.97720000000001,0.3016582503429046,-4.220670240421834,1,0,78.47,76.769,-1.7009999999999934,0.7489999999999952,-1.7660000000000053,0.16133333333333155,0.0,-0.5740000000000016,0.046586478725053365,0.16133333333333155,0,1,2023,Canadian Grand Prix,2023_Canadian Grand Prix
PER,40,0 days 00:01:16.769000,MEDIUM,3.0,True,0 days 01:58:21.507000,6,0 days 00:00:21.341000,0 days 00:00:24.639000,0 days 00:00:30.789000,1,76.769,7101.507,1.8210000000008222,False,True,False,False,3.0,0.0,0.0,0.0,0.0,21.341,24.639,30.789,0,0,0,0.0,77.77380000000001,0.6543188825029933,-1.5356426764826039,1,1,76.704,76.41,-0.29399999999999693,0.0,0.06500000000001194,-0.42100000000000176,0.0,0.17100000000000293,0.2803153581236679,-0.42100000000000176,0,0,2023,Canadian Grand Prix,2023_Canadian Grand Prix
PER,41,0 days 00:01:16.410000,MEDIUM,4.0,True,0 days 01:59:37.917000,6,0 days 00:00:21.285000,0 days 00:00:24.384000,0 days 00:00:30.741000,1,76.41,7177.917,3.41399999999976,False,True,False,False,4.0,0.0,0.0,0.0,0.0,21.285,24.384,30.741,0,0,0,0.0,77.53040000000001,0.7715097536648396,-1.4522175444676797,0,1,76.769,76.149,-0.6200000000000045,0.06500000000001194,-0.35900000000000887,-0.324333333333333,0.0,0.12300000000000111,0.2934953151244509,-0.324333333333333,0,0,2023,Canadian Grand Prix,2023_Canadian Grand Prix
PER,42,0 days 00:01:16.149000,MEDIUM,5.0,True,0 days 02:00:54.066000,6,0 days 00:00:21.202000,0 days 00:00:24.385000,0 days 00:00:30.562000,1,76.149,7254.066,4.9890000000004875,False,True,False,False,5.0,0.0,0.0,0.0,0.0,21.202,24.385,30.562,0,0,0,0.0,77.21900000000001,0.860339467884631,-1.2436951226134976,0,0,76.41,76.601,0.1910000000000025,0.0,-0.2609999999999957,-0.6866666666666674,0.0,-0.055999999999997385,0.3030424062734467,-0.6866666666666674,0,0,2023,Canadian Grand Prix,2023_Canadian Grand Prix
PER,43,0 days 00:01:16.601000,MEDIUM,6.0,True,0 days 02:02:10.667000,6,0 days 00:00:21.312000,0 days 00:00:24.573000,0 days 00:00:30.716000,1,76.601,7330.667,6.060999999999694,False,True,False,False,6.0,0.0,0.0,0.0,0.0,21.312,24.573,30.716,0,0,0,0.0,76.9004,0.9116711578195487,-0.32840788855938263,0,0,76.149,76.17,0.021000000000000796,0.0,0.4519999999999982,-0.18499999999999753,0.0,0.15399999999999991,0.3025083469922784,-0.18499999999999753,0,0,2023,Canadian Grand Prix,2023_Canadian Grand Prix
PER,44,0 days 00:01:16.170000,MEDIUM,7.0,True,0 days 02:03:26.837000,6,0 days 00:00:21.394000,0 days 00:00:24.690000,0 days 00:00:30.086000,1,76.17,7406.837,7.444999999999709,False,True,False,False,7.0,0.0,0.0,0.0,0.0,21.394,24.69,30.086,0,0,0,0.0,76.5266,0.25096872315104785,-1.4208941876210497,0,0,76.601,76.445,-0.1560000000000059,0.4519999999999982,-0.4309999999999974,-0.056000000000002124,0.0,-0.47600000000000264,0.3138762494997045,-0.056000000000002124,0,0,2023,Canadian Grand Prix,2023_Canadian Grand Prix
PER,45,0 days 00:01:16.445000,MEDIUM,8.0,True,0 days 02:04:43.282000,6,0 days 00:00:21.277000,0 days 00:00:24.445000,0 days 00:00:30.723000,1,76.445,7483.282,8.654999999999745,False,True,False,False,8.0,0.0,0.0,0.0,0.0,21.277,24.445,30.723,0,0,0,0.0,76.4198,0.2695379379606423,0.0934933322954997,0,0,76.17,76.232,0.06199999999999761,0.021000000000000796,0.2749999999999915,-0.0799999999999983,0.0,0.6370000000000005,0.27220709028238194,-0.0799999999999983,0,0,2023,Canadian Grand Prix,2023_Canadian Grand Prix
PER,46,0 days 00:01:16.232000,MEDIUM,9.0,True,0 days 02:05:59.514000,6,0 days 00:00:21.244000,0 days 00:00:24.327000,0 days 00:00:30.661000,1,76.232,7559.514,10.079999999999927,False,True,False,False,9.0,0.0,0.0,0.0,0.0,21.244,24.327,30.661,0,0,0,0.0,76.355,0.19254999350838026,-0.6387951396874568,0,0,76.445,76.288,-0.15699999999999648,0.29599999999999227,-0.21299999999999386,0.09866666666666409,0.0,0.5750000000000028,0.40160341134009386,0.09866666666666409,0,0,2023,Canadian Grand Prix,2023_Canadian Grand Prix
PER,47,0 days 00:01:16.288000,MEDIUM,10.0,True,0 days 02:07:15.802000,6,0 days 00:00:21.263000,0 days 00:00:24.427000,0 days 00:00:30.598000,1,76.288,7635.802,11.244000000000597,False,True,False,False,10.0,0.0,0.0,0.0,0.0,21.263,24.427,30.598,0,0,0,0.0,76.3194,0.1962582482345128,-0.15999327560737478,0,0,76.232,76.38,0.14799999999999613,0.08299999999999841,0.055999999999997385,-0.12299999999999993,0.0,0.5120000000000005,0.461169925298692,-0.12299999999999993,0,0,2023,Canadian Grand Prix,2023_Canadian Grand Prix
PER,48,0 days 00:01:16.380000,MEDIUM,11.0,True,0 days 02:08:32.182000,6,0 days 00:00:21.267000,0 days 00:00:24.383000,0 days 00:00:30.730000,1,76.38,7712.182,12.623999999999796,False,True,False,False,11.0,0.0,0.0,0.0,0.0,21.267,24.383,30.73,0,0,0,0.0,76.3472,0.17475325461941402,0.18769321390567528,0,0,76.288,76.084,-0.20399999999999352,0.117999999999995,0.09199999999999875,0.039333333333331666,0.0,0.13200000000000145,0.46252275619692645,0.039333333333331666,0,0,2023,Canadian Grand Prix,2023_Canadian Grand Prix
PER,49,0 days 00:01:16.084000,MEDIUM,12.0,True,0 days 02:09:48.266000,6,0 days 00:00:21.183000,0 days 00:00:24.324000,0 days 00:00:30.577000,1,76.084,7788.266,14.227000000000771,False,True,False,False,12.0,0.0,0.0,0.0,0.0,21.183,24.324,30.577,0,0,0,0.0,76.303,0.11073391531089816,-1.977713868286211,1,0,76.38,76.684,0.30400000000000205,0.20999999999999375,-0.29599999999999227,-0.021666666666665908,0.0,-0.020999999999997243,0.46412767639950253,-0.021666666666665908,0,0,2023,Canadian Grand Prix,2023_Canadian Grand Prix
PER,50,0 days 00:01:16.684000,MEDIUM,13.0,True,0 days 02:11:04.950000,6,0 days 00:00:21.236000,0 days 00:00:24.373000,0 days 00:00:31.075000,1,76.684,7864.95,15.149000000000342,False,True,False,False,13.0,0.0,0.0,0.0,0.0,21.236,24.373,31.075,0,0,0,0.0,76.2858,0.139499820788709,2.8544839538047113,0,1,76.084,76.751,0.6670000000000016,0.0,0.5999999999999943,-0.04933333333333204,0.0,0.49799999999999756,0.29281308030892267,-0.04933333333333204,0,0,2023,Canadian Grand Prix,2023_Canadian Grand Prix
PER,51,0 days 00:01:16.751000,MEDIUM,14.0,True,0 days 02:12:21.701000,6,0 days 00:00:21.348000,0 days 00:00:24.584000,0 days 00:00:30.819000,1,76.751,7941.701,16.009000000000015,False,True,False,False,14.0,0.0,0.0,0.0,0.0,21.348,24.584,30.819,0,0,0,0.0,76.3336,0.22340277527389366,1.8683742826751584,0,0,76.684,76.395,-0.2890000000000015,0.5999999999999943,0.06700000000000728,0.13200000000000026,0.0,0.24199999999999733,0.26615540573131224,0.13200000000000026,0,0,2023,Canadian Grand Prix,2023_Canadian Grand Prix
PER,52,0 days 00:01:16.395000,MEDIUM,15.0,True,0 days 02:13:38.096000,6,0 days 00:00:21.174000,0 days 00:00:24.473000,0 days 00:00:30.748000,1,76.395,8018.096,17.035000000000764,False,True,False,False,15.0,0.0,0.0,0.0,0.0,21.174,24.473,30.748,0,0,0,0.0,76.4374,0.2782369493796093,-0.1523880997636756,0,0,76.751,76.774,0.022999999999996135,0.6670000000000016,-0.35600000000000875,0.12366666666666977,0.0,0.17099999999999937,0.23185297065165938,0.12366666666666977,0,0,2023,Canadian Grand Prix,2023_Canadian Grand Prix
PER,53,0 days 00:01:16.774000,MEDIUM,16.0,True,0 days 02:14:54.870000,6,0 days 00:00:21.253000,0 days 00:00:24.690000,0 days 00:00:30.831000,1,76.774,8094.87,17.783000000000357,False,True,False,False,16.0,0.0,0.0,0.0,0.0,21.253,24.69,30.831,0,0,0,0.0,76.4588,0.267792270239583,1.1770317332834421,0,0,76.395,76.647,0.25200000000000955,0.31099999999999284,0.3790000000000049,0.10366666666666428,0.0,0.08299999999999841,0.19024799604726234,0.10366666666666428,0,0,2023,Canadian Grand Prix,2023_Canadian Grand Prix
PER,54,0 days 00:01:16.647000,MEDIUM,17.0,True,0 days 02:16:11.517000,6,0 days 00:00:21.308000,0 days 00:00:24.447000,0 days 00:00:30.892000,1,76.647,8171.517,18.58100000000013,False,True,False,False,17.0,0.0,0.0,0.0,0.0,21.308,24.447,30.892,0,0,0,0.0,76.5376,0.29535791846514836,0.37039805998266107,0,0,76.774,76.962,0.1880000000000024,0.6899999999999977,-0.12699999999999534,0.030000000000001137,0.0,0.14399999999999835,0.1960823806465009,0.030000000000001137,0,0,2023,Canadian Grand Prix,2023_Canadian Grand Prix
PER,55,0 days 00:01:16.962000,MEDIUM,18.0,True,0 days 02:17:28.479000,6,0 days 00:00:21.370000,0 days 00:00:24.583000,0 days 00:00:31.009000,1,76.962,8248.479,19.037000000000262,False,True,False,False,18.0,0.0,0.0,0.0,0.0,21.37,24.583,31.009,0,0,0,0.0,76.6502,0.15146517751634533,2.0585589711955894,0,0,76.647,77.069,0.42199999999999704,0.25200000000000955,0.3149999999999977,-0.0346666666666664,0.0,0.26099999999999923,0.16157444104808089,-0.0346666666666664,0,0,2023,Canadian Grand Prix,2023_Canadian Grand Prix
PER,56,0 days 00:01:17.069000,MEDIUM,19.0,True,0 days 02:18:45.548000,6,0 days 00:00:21.474000,0 days 00:00:24.632000,0 days 00:00:30.963000,1,77.069,8325.548,19.281999999999243,False,True,False,False,19.0,0.0,0.0,0.0,0.0,21.474,24.632,30.963,0,0,0,0.0,76.70580000000001,0.20759744699792224,1.749539819743675,0,0,76.962,76.813,-0.1490000000000009,0.5670000000000073,0.10699999999999932,0.18900000000000242,0.0,0.13200000000000145,0.07278530071381108,0.18900000000000242,0,0,2023,Canadian Grand Prix,2023_Canadian Grand Prix
PER,57,0 days 00:01:16.813000,MEDIUM,20.0,True,0 days 02:20:02.361000,6,0 days 00:00:21.445000,0 days 00:00:24.452000,0 days 00:00:30.916000,1,76.813,8402.361,19.61699999999837,False,True,False,False,20.0,0.0,0.0,0.0,0.0,21.445,24.452,30.916,0,0,0,0.0,76.76939999999999,0.2655339902913572,0.16419743458143332,0,0,77.069,76.464,-0.605000000000004,0.6740000000000066,-0.2560000000000002,0.0983333333333339,0.0,0.02400000000000091,0.06571681672144444,0.0983333333333339,0,0,2023,Canadian Grand Prix,2023_Canadian Grand Prix
PER,58,0 days 00:01:16.464000,MEDIUM,21.0,True,0 days 02:21:18.825000,6,0 days 00:00:21.297000,0 days 00:00:24.409000,0 days 00:00:30.758000,1,76.464,8478.825,20.536999999998443,False,True,False,False,21.0,0.0,0.0,0.0,0.0,21.297,24.409,30.758,0,0,0,0.0,76.85300000000001,0.16493483561710906,-2.358507216165426,1,0,76.813,76.468,-0.34499999999999886,0.16599999999999682,-0.34900000000000375,0.05533333333333227,0.0,-0.15800000000000125,0.08774793444862299,0.05533333333333227,0,0,2023,Canadian Grand Prix,2023_Canadian Grand Prix
PER,59,0 days 00:01:16.468000,MEDIUM,22.0,True,0 days 02:22:35.293000,6,0 days 00:00:21.237000,0 days 00:00:24.485000,0 days 00:00:30.746000,1,76.468,8555.293,21.153000000000247,False,True,False,False,22.0,0.0,0.0,0.0,0.0,21.237,24.485,30.746,0,0,0,0.0,76.79100000000001,0.2422158128612777,-1.333521524397735,0,1,76.464,76.319,-0.14499999999999602,0.0,0.0040000000000048885,-0.16600000000000156,0.0,-0.012000000000000455,0.15759060885725376,-0.16600000000000156,0,0,2023,Canadian Grand Prix,2023_Canadian Grand Prix
PER,60,0 days 00:01:16.319000,MEDIUM,23.0,True,0 days 02:23:51.612000,6,0 days 00:00:21.131000,0 days 00:00:24.446000,0 days 00:00:30.742000,1,76.319,8631.612,21.986000000000786,False,True,False,False,23.0,0.0,0.0,0.0,0.0,21.131,24.446,30.742,0,0,0,0.0,76.75519999999999,0.2792215965860334,-1.5622000781217646,1,0,76.468,76.352,-0.11599999999999966,0.0040000000000048885,-0.1490000000000009,-0.20033333333333303,0.0,-0.003999999999997783,0.1573429375599681,-0.20033333333333303,0,0,2023,Canadian Grand Prix,2023_Canadian Grand Prix
PER,61,0 days 00:01:16.352000,MEDIUM,24.0,True,0 days 02:25:07.964000,6,0 days 00:00:21.209000,0 days 00:00:24.408000,0 days 00:00:30.735000,1,76.352,8707.964,22.842000000000553,False,True,False,False,24.0,0.0,0.0,0.0,0.0,21.209,24.408,30.735,0,0,0,0.0,76.6266,0.3068685386286212,-0.8948457252319344,0,1,76.319,76.308,-0.01099999999999568,0.0,0.03300000000000125,-0.1646666666666666,0.0,-0.0070000000000014495,0.10375355415599082,-0.1646666666666666,0,0,2023,Canadian Grand Prix,2023_Canadian Grand Prix
PER,62,0 days 00:01:16.308000,MEDIUM,25.0,True,0 days 02:26:24.272000,6,0 days 00:00:21.195000,0 days 00:00:24.436000,0 days 00:00:30.677000,1,76.308,8784.272,23.547999999998865,False,True,False,False,25.0,0.0,0.0,0.0,0.0,21.195,24.436,30.677,0,0,0,0.0,76.4832,0.19592268883434222,-0.8942302754334175,0,0,76.352,76.395,0.042999999999992156,0.03300000000000125,-0.04399999999999693,-0.03733333333333159,0.0,-0.05799999999999983,0.07214429984413197,-0.03733333333333159,0,0,2023,Canadian Grand Prix,2023_Canadian Grand Prix
PER,63,0 days 00:01:16.395000,MEDIUM,26.0,True,0 days 02:27:40.667000,6,0 days 00:00:21.207000,0 days 00:00:24.417000,0 days 00:00:30.771000,1,76.395,8860.667,24.105000000001382,False,True,False,False,26.0,0.0,0.0,0.0,0.0,21.207,24.417,30.771,0,0,0,0.0,76.3822,0.07820613786709607,0.16367001809692966,0,0,76.308,76.338,0.029999999999986926,0.0,0.08699999999998909,-0.0533333333333322,0.0,0.0940000000000012,0.06540795058706539,-0.0533333333333322,0,0,2023,Canadian Grand Prix,2023_Canadian Grand Prix
PER,64,0 days 00:01:16.338000,MEDIUM,27.0,True,0 days 02:28:57.005000,6,0 days 00:00:21.212000,0 days 00:00:24.382000,0 days 00:00:30.744000,1,76.338,8937.005,24.89600000000064,False,True,False,False,27.0,0.0,0.0,0.0,0.0,21.212,24.382,30.744,0,0,0,0.0,76.3684,0.06516364016910531,-0.4665178298988449,0,0,76.395,76.57,0.17499999999999716,0.08699999999998909,-0.05700000000000216,0.025333333333331137,0.0,0.06700000000000017,0.05562193811797608,0.025333333333331137,0,0,2023,Canadian Grand Prix,2023_Canadian Grand Prix
PER,65,0 days 00:01:16.570000,MEDIUM,28.0,True,0 days 02:30:13.575000,6,0 days 00:00:21.148000,0 days 00:00:24.527000,0 days 00:00:30.895000,1,76.57,9013.575,25.505999999999403,False,True,False,False,28.0,0.0,0.0,0.0,0.0,21.148,24.527,30.895,0,0,0,0.0,76.34240000000001,0.03394554462800302,6.704856336646458,0,0,76.338,76.771,0.43300000000000693,0.029999999999986926,0.23199999999999932,-0.004666666666670001,0.0,0.21799999999999997,0.06136204038328537,-0.004666666666670001,0,0,2023,Canadian Grand Prix,2023_Canadian Grand Prix
PER,66,0 days 00:01:16.771000,MEDIUM,29.0,True,0 days 02:31:30.346000,6,0 days 00:00:21.343000,0 days 00:00:24.621000,0 days 00:00:30.807000,1,76.771,9090.346,26.07600000000093,False,True,False,False,29.0,0.0,0.0,0.0,0.0,21.343,24.621,30.807,0,0,0,0.0,76.3926,0.10399903845750223,3.638495178535974,0,0,76.57,76.513,-0.05699999999998795,0.26199999999998624,0.20100000000000762,0.08733333333332875,0.0,0.06299999999999883,0.1055258262227781,0.08733333333332875,0,0,2023,Canadian Grand Prix,2023_Canadian Grand Prix
PER,67,0 days 00:01:16.513000,MEDIUM,30.0,True,0 days 02:32:46.859000,6,0 days 00:00:21.229000,0 days 00:00:24.423000,0 days 00:00:30.861000,1,76.513,9166.859,26.77599999999984,False,True,False,False,30.0,0.0,0.0,0.0,0.0,21.229,24.423,30.861,0,0,0,0.0,76.47639999999998,0.19344844274399414,0.18919769774759573,0,0,76.771,74.481,-2.2900000000000063,0.46299999999999386,-0.25799999999999557,0.12533333333333493,0.0,0.11700000000000088,0.09834988561254106,0.12533333333333493,0,0,2023,Canadian Grand Prix,2023_Canadian Grand Prix
PIA,2,0 days 00:01:19.753000,MEDIUM,2.0,True,0 days 01:04:52.937000,7,0 days 00:00:22.566000,0 days 00:00:25.527000,0 days 00:00:31.660000,1,79.753,3892.937,0.7989999999999782,False,True,False,False,2.0,0.0,0.0,0.0,0.0,22.566,25.527,31.66,0,0,0,0.0,76.1346,0.9372205183413941,3.8607776176342177,0,0,79.753,78.489,-1.2639999999999958,5.272000000000006,0.0,-0.6963333333333329,0.0,1.5680000000000014,0.37696021010180886,0.0,0,1,2023,Canadian Grand Prix,2023_Canadian Grand Prix
PIA,3,0 days 00:01:18.489000,MEDIUM,3.0,True,0 days 01:06:11.426000,7,0 days 00:00:22.177000,0 days 00:00:25.213000,0 days 00:00:31.099000,1,78.489,3971.426,0.8009999999999309,False,True,False,False,3.0,0.0,0.0,0.0,0.0,22.177,25.213,31.099,0,0,0,0.0,,,0.0,0,0,79.753,78.94,-0.8130000000000024,0.0,-1.2639999999999958,0.0,0.0,0.0,0.0,0.0,0,1,2023,Canadian Grand Prix,2023_Canadian Grand Prix
PIA,4,0 days 00:01:18.940000,MEDIUM,4.0,True,0 days 01:07:30.366000,7,0 days 00:00:22.576000,0 days 00:00:25.172000,0 days 00:00:31.192000,1,78.94,4050.366,0.6430000000000291,False,True,False,False,4.0,0.0,0.0,0.0,0.0,22.576,25.172,31.192,0,0,0,0.0,,,0.0,0,0,78.489,78.182,-0.30700000000000216,0.0,0.4509999999999934,-0.6319999999999979,0.0,0.09299999999999997,0.0,0.0,0,1,2023,Canadian Grand Prix,2023_Canadian Grand Prix
PIA,5,0 days 00:01:18.182000,MEDIUM,5.0,True,0 days 01:08:48.548000,7,0 days 00:00:22.038000,0 days 00:00:25.186000,0 days 00:00:30.958000,1,78.182,4128.548,0.7910000000001673,False,True,False,False,5.0,0.0,0.0,0.0,0.0,22.038,25.186,30.958,0,0,0,0.0,79.06066666666668,0.6405812464733392,-1.3716709184105726,0,0,78.94,78.615,-0.32500000000000284,0.4509999999999934,-0.7579999999999956,-0.2710000000000008,0.0,-0.1410000000000018,0.8796683087012597,-0.4065000000000012,0,1,2023,Canadian Grand Prix,2023_Canadian Grand Prix
PIA,6,0 days 00:01:18.615000,MEDIUM,6.0,True,0 days 01:10:07.163000,7,0 days 00:00:22.280000,0 days 00:00:25.167000,0 days 00:00:31.168000,1,78.615,4207.163,0.8890000000001237,False,True,False,False,6.0,0.0,0.0,0.0,0.0,22.28,25.167,31.168,0,0,0,0.0,78.84100000000001,0.6830641746327153,-0.33086203082094573,0,0,78.182,79.158,0.9759999999999991,0.0,0.4329999999999927,-0.523666666666666,0.0,0.21000000000000085,0.7978207818802427,-0.523666666666666,0,1,2023,Canadian Grand Prix,2023_Canadian Grand Prix
PIA,7,0 days 00:01:19.158000,MEDIUM,7.0,True,0 days 01:11:26.321000,6,0 days 00:00:22.491000,0 days 00:00:25.245000,0 days 00:00:31.422000,12,79.158,4286.321,1.2049999999999272,False,True,False,False,7.0,0.0,0.0,0.0,0.0,22.491,25.245,31.422,0,0,1,0.0,78.7958,0.6001230707113377,0.6035428692496001,0,0,78.615,78.486,-0.12899999999999068,0.4329999999999927,0.5430000000000064,0.04199999999999685,0.0,0.4640000000000022,0.6951032297436125,0.04199999999999685,0,0,2023,Canadian Grand Prix,2023_Canadian Grand Prix
PIA,9,0 days 00:01:18.486000,MEDIUM,9.0,True,0 days 01:14:17.732000,6,0 days 00:00:22.047000,0 days 00:00:25.174000,0 days 00:00:31.265000,1,78.486,4457.732,1.8850000000002183,False,True,False,False,9.0,0.0,0.0,0.0,0.0,22.047,25.174,31.265,0,0,0,0.0,78.6768,0.38234238582716085,-0.4990291609631992,0,0,79.158,78.511,-0.6470000000000056,0.9759999999999991,-0.671999999999997,0.07266666666666784,0.0,0.30700000000000216,0.22888359486865953,0.07266666666666784,0,0,2023,Canadian Grand Prix,2023_Canadian Grand Prix
PIA,10,0 days 00:01:18.511000,MEDIUM,10.0,True,0 days 01:15:36.243000,6,0 days 00:00:22.019000,0 days 00:00:25.150000,0 days 00:00:31.342000,1,78.511,4536.243,2.456999999999425,False,True,False,False,10.0,0.0,0.0,0.0,0.0,22.019,25.15,31.342,0,0,0,0.0,78.6762,0.3827129472594378,-0.43165511170441545,0,0,78.486,78.429,-0.05700000000000216,0.30400000000000205,0.024999999999991473,0.10133333333333401,0.0,0.1739999999999995,0.22807739914336264,0.10133333333333401,0,0,2023,Canadian Grand Prix,2023_Canadian Grand Prix
PIA,11,0 days 00:01:18.429000,MEDIUM,11.0,True,0 days 01:16:54.672000,6,0 days 00:00:22.033000,0 days 00:00:25.168000,0 days 00:00:31.228000,1,78.429,4614.672,2.9550000000008367,False,True,False,False,11.0,0.0,0.0,0.0,0.0,22.033,25.168,31.228,0,0,0,0.0,78.5904,0.35593861830378054,-0.45344897041279025,0,0,78.511,80.768,2.257000000000005,0.3289999999999935,-0.08199999999999363,-0.0346666666666664,0.0,-0.036999999999999034,0.22257740226716805,-0.0346666666666664,0,0,2023,Canadian Grand Prix,2023_Canadian Grand Prix
PIA,17,0 days 00:01:20.768000,HARD,5.0,True,0 days 01:28:20.917000,11,0 days 00:00:22.986000,0 days 00:00:25.687000,0 days 00:00:32.095000,1,80.768,5300.917,0.32999999999992724,True,False,False,False,5.0,0.0,0.0,0.0,0.0,22.986,25.687,32.095,0,0,0,0.0,78.6398,0.29741671103017353,7.1556167527657735,0,0,78.429,79.24,0.8109999999999928,0.0,2.3389999999999986,-0.24299999999999974,0.0,0.8669999999999973,0.1839192757706496,-0.24299999999999974,0,1,2023,Canadian Grand Prix,2023_Canadian Grand Prix
PIA,18,0 days 00:01:19.240000,HARD,6.0,True,0 days 01:29:40.157000,11,0 days 00:00:22.302000,0 days 00:00:25.380000,0 days 00:00:31.558000,1,79.24,5380.157,0.3649999999997817,True,False,False,False,6.0,0.0,0.0,0.0,0.0,22.302,25.38,31.558,0,0,0,0.0,79.0704,0.9944049979761918,0.1705542513816378,0,0,80.768,78.501,-2.266999999999996,2.3389999999999986,-1.5280000000000058,0.7606666666666655,0.0,0.3299999999999983,0.3401301221591514,0.7606666666666655,0,1,2023,Canadian Grand Prix,2023_Canadian Grand Prix
PIA,19,0 days 00:01:18.501000,HARD,7.0,True,0 days 01:30:58.658000,12,0 days 00:00:22.089000,0 days 00:00:24.991000,0 days 00:00:31.421000,1,78.501,5458.658,0.6389999999992142,True,False,False,False,7.0,0.0,0.0,0.0,0.0,22.089,24.991,31.421,0,0,0,0.0,79.0868,0.9968839952572366,-0.587631061173604,0,0,79.24,78.533,-0.7069999999999936,0.8109999999999928,-0.7389999999999901,0.24299999999999974,0.0,0.19299999999999784,0.3346291977697092,0.24299999999999974,0,1,2023,Canadian Grand Prix,2023_Canadian Grand Prix
PIA,20,0 days 00:01:18.533000,HARD,8.0,True,0 days 01:32:17.191000,12,0 days 00:00:22.478000,0 days 00:00:25.185000,0 days 00:00:30.870000,1,78.533,5537.191,0.6310000000003129,True,False,False,False,8.0,0.0,0.0,0.0,0.0,22.478,25.185,30.87,0,0,0,0.0,79.0898,0.9946440066677273,-0.5597982758327736,0,0,78.501,78.974,0.472999999999999,0.07200000000000273,0.031999999999996476,0.02400000000000091,0.0,-0.5509999999999984,0.34027092147287463,0.02400000000000091,0,1,2023,Canadian Grand Prix,2023_Canadian Grand Prix
PIA,21,0 days 00:01:18.974000,HARD,9.0,True,0 days 01:33:36.165000,12,0 days 00:00:22.501000,0 days 00:00:25.379000,0 days 00:00:31.094000,1,78.974,5616.165,0.6390000000001237,True,False,False,False,9.0,0.0,0.0,0.0,0.0,22.501,25.379,31.094,0,0,0,0.0,79.0942,0.9914871153978901,-0.12123203431822707,0,0,78.533,78.056,-0.47700000000000387,0.1039999999999992,0.4410000000000025,-0.7449999999999998,0.0,0.2240000000000002,0.5182101890159997,-0.7449999999999998,0,1,2023,Canadian Grand Prix,2023_Canadian Grand Prix
PIA,22,0 days 00:01:18.056000,HARD,10.0,True,0 days 01:34:54.221000,11,0 days 00:00:22.027000,0 days 00:00:25.235000,0 days 00:00:30.794000,1,78.056,5694.221,0.26600000000053114,True,False,False,False,10.0,0.0,0.0,0.0,0.0,22.027,25.235,30.794,0,0,0,0.0,79.20320000000001,0.9280003771551136,-1.2362063941362598,0,0,78.974,78.557,-0.4170000000000016,0.472999999999999,-0.9180000000000064,-0.08866666666666372,0.0,-0.07600000000000051,0.5063647894551895,-0.08866666666666372,0,1,2023,Canadian Grand Prix,2023_Canadian Grand Prix
PIA,23,0 days 00:01:18.557000,HARD,11.0,True,0 days 01:36:12.778000,11,0 days 00:00:22.254000,0 days 00:00:25.107000,0 days 00:00:31.196000,1,78.557,5772.778,0.42699999999967986,True,False,False,False,11.0,0.0,0.0,0.0,0.0,22.254,25.107,31.196,0,0,0,0.0,78.6608,0.45858990394470256,-0.2263460209374974,0,0,78.056,78.114,0.058000000000006935,0.0,0.5010000000000048,-0.1483333333333358,0.0,0.402000000000001,0.35454971442662175,-0.1483333333333358,0,1,2023,Canadian Grand Prix,2023_Canadian Grand Prix
PIA,24,0 days 00:01:18.114000,HARD,12.0,True,0 days 01:37:30.892000,10,0 days 00:00:21.974000,0 days 00:00:24.880000,0 days 00:00:31.260000,1,78.114,5850.892,0.023000000000138243,True,False,False,False,12.0,0.0,0.0,0.0,0.0,21.974,24.88,31.26,0,0,0,0.0,78.5242,0.32527788120314416,-1.2610756024440803,0,0,78.557,78.308,-0.24899999999999523,0.5010000000000048,-0.44299999999999784,0.008000000000000304,0.0,0.4660000000000011,0.37115805258676454,0.008000000000000304,0,1,2023,Canadian Grand Prix,2023_Canadian Grand Prix
PIA,25,0 days 00:01:18.308000,HARD,13.0,True,0 days 01:38:49.200000,10,0 days 00:00:21.887000,0 days 00:00:25.227000,0 days 00:00:31.194000,1,78.308,5929.2,0.6310000000003129,True,False,False,False,13.0,0.0,0.0,0.0,0.0,21.887,25.227,31.194,0,0,0,0.0,78.44680000000001,0.374497930568384,-0.370629551381882,0,0,78.114,78.235,0.12099999999999511,0.058000000000006935,0.19400000000000261,-0.28666666666666646,0.0,0.3999999999999986,0.4168536913594502,-0.28666666666666646,0,1,2023,Canadian Grand Prix,2023_Canadian Grand Prix
PIA,26,0 days 00:01:18.235000,HARD,14.0,True,0 days 01:40:07.435000,10,0 days 00:00:21.873000,0 days 00:00:25.239000,0 days 00:00:31.123000,1,78.235,6007.435,1.0,True,False,False,False,14.0,0.0,0.0,0.0,0.0,21.873,25.239,31.123,0,0,0,0.0,78.40180000000001,0.3750682604540134,-0.4447190487355575,0,0,78.308,78.041,-0.2670000000000101,0.25200000000000955,-0.0730000000000075,0.08400000000000318,0.0,-0.07099999999999795,0.22005726527429187,0.08400000000000318,0,1,2023,Canadian Grand Prix,2023_Canadian Grand Prix
PIA,27,0 days 00:01:18.041000,HARD,15.0,True,0 days 01:41:25.476000,10,0 days 00:00:21.921000,0 days 00:00:25.025000,0 days 00:00:31.095000,1,78.041,6085.476,1.4530000000004293,True,False,False,False,15.0,0.0,0.0,0.0,0.0,21.921,25.025,31.095,0,0,0,0.0,78.25399999999999,0.19614407969651157,-1.0859364214793685,0,0,78.235,78.06,-0.17499999999999716,0.17900000000000205,-0.19400000000000261,-0.10733333333333424,0.0,-0.028000000000002245,0.27306079909060504,-0.10733333333333424,0,0,2023,Canadian Grand Prix,2023_Canadian Grand Prix
PIA,28,0 days 00:01:18.060000,HARD,16.0,True,0 days 01:42:43.536000,10,0 days 00:00:21.826000,0 days 00:00:25.117000,0 days 00:00:31.117000,12,78.06,6163.536,2.1229999999995925,True,False,False,False,16.0,0.0,0.0,0.0,0.0,21.826,25.117,31.117,0,0,1,0.0,78.251,0.20000624990232527,-0.9549701576489682,0,0,78.041,78.216,0.17499999999999716,0.0,0.019000000000005457,-0.024333333333335833,0.0,0.022000000000002018,0.2604192773202475,-0.024333333333335833,0,0,2023,Canadian Grand Prix,2023_Canadian Grand Prix
PIA,29,0 days 00:01:18.216000,HARD,17.0,True,0 days 01:44:01.752000,10,0 days 00:00:21.911000,0 days 00:00:25.103000,0 days 00:00:31.202000,1,78.216,6241.752,2.074999999999818,True,False,False,False,17.0,0.0,0.0,0.0,0.0,21.911,25.103,31.202,0,0,0,0.0,78.1516,0.11559974048407087,0.557094676253759,0,0,78.06,78.192,0.1319999999999908,0.019000000000005457,0.1559999999999917,-0.08266666666666822,0.0,0.10700000000000287,0.25444095582276005,-0.08266666666666822,0,0,2023,Canadian Grand Prix,2023_Canadian Grand Prix
PIA,30,0 days 00:01:18.192000,HARD,18.0,True,0 days 01:45:19.944000,10,0 days 00:00:21.872000,0 days 00:00:25.078000,0 days 00:00:31.242000,1,78.192,6319.944,2.092999999999847,True,False,False,False,18.0,0.0,0.0,0.0,0.0,21.872,25.078,31.242,0,0,0,0.0,78.172,0.116303482320976,0.17196389653062785,0,0,78.216,78.209,-0.006999999999990791,0.17499999999999716,-0.02400000000000091,-0.006333333333335152,0.0,0.14700000000000202,0.18760197227108144,-0.006333333333335152,0,0,2023,Canadian Grand Prix,2023_Canadian Grand Prix
PIA,31,0 days 00:01:18.209000,HARD,19.0,True,0 days 01:46:38.153000,10,0 days 00:00:21.862000,0 days 00:00:25.131000,0 days 00:00:31.216000,1,78.209,6398.153,2.0039999999999054,True,False,False,False,19.0,0.0,0.0,0.0,0.0,21.862,25.131,31.216,0,0,0,0.0,78.1488,0.09126719016154643,0.6596017680992765,0,0,78.192,78.169,-0.022999999999996135,0.15099999999999625,0.017000000000010118,0.050333333333332085,0.0,0.0990000000000002,0.09096867592748648,0.050333333333332085,0,0,2023,Canadian Grand Prix,2023_Canadian Grand Prix
PIA,32,0 days 00:01:18.169000,HARD,20.0,True,0 days 01:47:56.322000,10,0 days 00:00:21.877000,0 days 00:00:25.136000,0 days 00:00:31.156000,1,78.169,6476.322,1.8429999999998472,True,False,False,False,20.0,0.0,0.0,0.0,0.0,21.877,25.136,31.156,0,0,0,0.0,78.1436,0.0856988914746498,0.29638656420082166,0,0,78.209,78.386,0.1769999999999925,0.16800000000000637,-0.04000000000000625,0.04966666666666697,0.0,-0.04600000000000293,0.07079053609063919,0.04966666666666697,0,0,2023,Canadian Grand Prix,2023_Canadian Grand Prix
PIA,33,0 days 00:01:18.386000,HARD,21.0,True,0 days 01:49:14.708000,10,0 days 00:00:21.955000,0 days 00:00:25.253000,0 days 00:00:31.178000,1,78.386,6554.708,1.4760000000005675,True,False,False,False,21.0,0.0,0.0,0.0,0.0,21.955,25.253,31.178,0,0,0,0.0,78.1692,0.06367652628704647,3.404708338245127,0,0,78.169,78.37,0.20100000000000762,0.10899999999999466,0.21699999999999875,-0.01566666666666568,0.0,0.022000000000002018,0.07715374261823049,-0.01566666666666568,0,0,2023,Canadian Grand Prix,2023_Canadian Grand Prix
PIA,34,0 days 00:01:18.370000,HARD,22.0,True,0 days 01:50:33.078000,10,0 days 00:00:21.917000,0 days 00:00:25.128000,0 days 00:00:31.325000,1,78.37,6633.078,1.376999999999498,True,False,False,False,22.0,0.0,0.0,0.0,0.0,21.917,25.128,31.325,0,0,0,0.0,78.2344,0.08666198705308077,1.564699871432158,0,0,78.386,78.493,0.10699999999999932,0.21699999999999875,-0.015999999999991132,0.06466666666666754,0.0,0.16900000000000048,0.07715374261823049,0.06466666666666754,0,0,2023,Canadian Grand Prix,2023_Canadian Grand Prix
PIA,35,0 days 00:01:18.493000,HARD,23.0,True,0 days 01:51:51.571000,9,0 days 00:00:21.891000,0 days 00:00:25.224000,0 days 00:00:31.378000,12,78.493,6711.571,1.3100000000004002,True,False,False,False,23.0,0.0,0.0,0.0,0.0,21.891,25.224,31.378,0,0,1,0.0,78.26520000000001,0.1040994716604753,2.1882916057726676,0,0,78.37,78.609,0.2389999999999901,0.20100000000000762,0.12299999999999045,0.05366666666666712,0.0,0.2220000000000013,0.0894354515838105,0.05366666666666712,0,0,2023,Canadian Grand Prix,2023_Canadian Grand Prix
PIA,36,0 days 00:01:18.609000,HARD,24.0,True,0 days 01:53:10.180000,7,0 days 00:00:22.092000,0 days 00:00:25.086000,0 days 00:00:31.431000,21,78.609,6790.18,0.706000000000131,True,False,False,False,24.0,0.0,0.0,0.0,0.0,22.092,25.086,31.431,0,0,1,0.0,78.3254,0.1339414050993669,2.117343772745992,0,0,78.493,77.308,-1.184999999999988,0.32399999999999807,0.11599999999999966,0.10799999999999936,0.0,0.2530000000000001,0.10818364016800382,0.10799999999999936,0,1,2023,Canadian Grand Prix,2023_Canadian Grand Prix
PIA,39,0 days 00:01:17.308000,HARD,2.0,True,0 days 01:57:22.416000,13,0 days 00:00:21.675000,0 days 00:00:24.826000,0 days 00:00:30.807000,1,77.308,7042.416,0.8819999999996071,True,False,False,False,2.0,0.0,0.0,0.0,0.0,21.675,24.826,30.807,0,0,0,0.0,78.4054,0.16327982116598858,-6.720977473905902,1,0,78.609,77.192,-1.4170000000000016,0.4399999999999977,-1.3009999999999877,0.07433333333333299,0.0,-0.5180000000000007,0.12997499759569192,0.07433333333333299,0,1,2023,Canadian Grand Prix,2023_Canadian Grand Prix
PIA,40,0 days 00:01:17.192000,HARD,3.0,True,0 days 01:58:39.608000,13,0 days 00:00:21.571000,0 days 00:00:24.780000,0 days 00:00:30.841000,1,77.192,7119.608,1.793999999999869,True,False,False,False,3.0,0.0,0.0,0.0,0.0,21.571,24.78,30.841,0,0,0,0.0,78.2332,0.5260177753650335,-1.9794007897878658,1,1,77.308,77.35,0.04199999999998738,0.0,-0.11600000000001387,-0.3539999999999992,0.0,0.03400000000000247,0.31870095701142825,-0.3539999999999992,0,0,2023,Canadian Grand Prix,2023_Canadian Grand Prix
PIA,41,0 days 00:01:17.350000,HARD,4.0,True,0 days 01:59:56.958000,13,0 days 00:00:21.655000,0 days 00:00:24.803000,0 days 00:00:30.892000,1,77.35,7196.958,2.4530000000004293,True,False,False,False,4.0,0.0,0.0,0.0,0.0,21.655,24.803,30.892,0,0,0,0.0,77.9944,0.6860031341036024,-0.9393543089887476,0,1,77.192,77.355,0.16300000000001091,0.0,0.15800000000000125,-0.4336666666666673,0.0,0.08500000000000085,0.31867459892498534,-0.4336666666666673,0,0,2023,Canadian Grand Prix,2023_Canadian Grand Prix
PIA,42,0 days 00:01:17.355000,HARD,5.0,True,0 days 02:01:14.313000,13,0 days 00:00:21.716000,0 days 00:00:24.777000,0 days 00:00:30.862000,1,77.355,7274.313,2.8159999999998035,True,False,False,False,5.0,0.0,0.0,0.0,0.0,21.716,24.777,30.862,0,0,0,0.0,77.7904,0.6979429059743725,-0.6238332623958049,0,0,77.35,77.202,-0.14799999999999613,0.15800000000000125,0.005000000000009663,-0.4196666666666668,0.0,0.054999999999999716,0.3117863050231685,-0.4196666666666668,0,0,2023,Canadian Grand Prix,2023_Canadian Grand Prix
PIA,43,0 days 00:01:17.202000,HARD,6.0,True,0 days 02:02:31.515000,13,0 days 00:00:21.642000,0 days 00:00:24.769000,0 days 00:00:30.791000,1,77.202,7351.515,3.45299999999952,True,False,False,False,6.0,0.0,0.0,0.0,0.0,21.642,24.769,30.791,0,0,0,0.0,77.5628,0.5885182240168444,-0.6130651274269985,0,0,77.355,77.106,-0.24900000000000944,0.16300000000001091,-0.1530000000000058,0.01566666666666568,0.0,-0.05000000000000071,0.29243922445527065,0.01566666666666568,0,0,2023,Canadian Grand Prix,2023_Canadian Grand Prix
PIA,44,0 days 00:01:17.106000,HARD,7.0,True,0 days 02:03:48.621000,13,0 days 00:00:21.574000,0 days 00:00:24.722000,0 days 00:00:30.810000,1,77.106,7428.621,3.270999999999731,True,False,False,False,7.0,0.0,0.0,0.0,0.0,21.574,24.722,30.81,0,0,0,0.0,77.28139999999999,0.07925780718599612,-2.2130311981554196,1,0,77.202,76.874,-0.32800000000000296,0.010000000000005116,-0.09600000000000364,0.0033333333333350388,0.0,0.01899999999999835,0.2505907021419594,0.0033333333333350388,0,0,2023,Canadian Grand Prix,2023_Canadian Grand Prix
PIA,45,0 days 00:01:16.874000,HARD,8.0,True,0 days 02:05:05.495000,13,0 days 00:00:21.524000,0 days 00:00:24.634000,0 days 00:00:30.716000,1,76.874,7505.495,3.173999999999978,True,False,False,False,8.0,0.0,0.0,0.0,0.0,21.524,24.634,30.716,0,0,0,0.0,77.241,0.10842508934712242,-3.3848254330236762,1,1,77.106,76.812,-0.29399999999999693,0.0,-0.23199999999999932,-0.08133333333333326,0.0,-0.07499999999999929,0.05044105470744988,-0.08133333333333326,0,0,2023,Canadian Grand Prix,2023_Canadian Grand Prix
PIA,46,0 days 00:01:16.812000,HARD,9.0,True,0 days 02:06:22.307000,13,0 days 00:00:21.471000,0 days 00:00:24.615000,0 days 00:00:30.726000,1,76.812,7582.307,3.1140000000004875,True,False,False,False,9.0,0.0,0.0,0.0,0.0,21.471,24.615,30.726,0,0,0,0.0,77.1774,0.199428683994878,-1.8322339228262312,1,1,76.874,77.022,0.14800000000001035,0.0,-0.06199999999999761,-0.16033333333333624,0.0,0.00999999999999801,0.06801617454694064,-0.16033333333333624,0,0,2023,Canadian Grand Prix,2023_Canadian Grand Prix
PIA,47,0 days 00:01:17.022000,HARD,10.0,True,0 days 02:07:39.329000,13,0 days 00:00:21.519000,0 days 00:00:24.646000,0 days 00:00:30.857000,1,77.022,7659.329,3.042000000000371,True,False,False,False,10.0,0.0,0.0,0.0,0.0,21.519,24.646,30.857,0,0,0,0.0,77.06980000000001,0.22634310239087332,-0.21118381561044114,0,1,76.812,77.081,0.26900000000000546,0.0,0.21000000000000796,-0.1300000000000002,0.0,0.14099999999999824,0.053091430570289116,-0.1300000000000002,0,0,2023,Canadian Grand Prix,2023_Canadian Grand Prix
PIA,48,0 days 00:01:17.081000,HARD,11.0,True,0 days 02:08:56.410000,13,0 days 00:00:21.513000,0 days 00:00:24.704000,0 days 00:00:30.864000,1,77.081,7736.41,2.9760000000005675,True,False,False,False,11.0,0.0,0.0,0.0,0.0,21.513,24.704,30.864,0,0,0,0.0,77.0032,0.16100683215293163,0.48320930832362646,0,0,77.022,77.164,0.1419999999999959,0.21000000000000796,0.0589999999999975,-0.027999999999996323,0.0,0.1479999999999997,0.08375858164988083,-0.027999999999996323,0,0,2023,Canadian Grand Prix,2023_Canadian Grand Prix
PIA,49,0 days 00:01:17.164000,HARD,12.0,True,0 days 02:10:13.574000,13,0 days 00:00:21.674000,0 days 00:00:24.720000,0 days 00:00:30.770000,1,77.164,7813.574,2.6840000000001965,True,False,False,False,12.0,0.0,0.0,0.0,0.0,21.674,24.72,30.77,0,0,0,0.0,76.979,0.12970736293642413,1.4262875739034164,0,0,77.081,77.357,0.27599999999999625,0.26900000000000546,0.08299999999999841,0.06900000000000261,0.0,0.04400000000000048,0.09494893364330013,0.06900000000000261,0,0,2023,Canadian Grand Prix,2023_Canadian Grand Prix
PIA,50,0 days 00:01:17.357000,HARD,13.0,True,0 days 02:11:30.931000,13,0 days 00:00:21.769000,0 days 00:00:24.756000,0 days 00:00:30.832000,1,77.357,7890.931,2.3390000000008513,True,False,False,False,13.0,0.0,0.0,0.0,0.0,21.769,24.756,30.832,0,0,0,0.0,76.9906,0.14553281416890876,2.517645261602283,0,0,77.164,77.173,0.009000000000000341,0.35200000000000387,0.19299999999999784,0.11733333333333462,0.0,0.062000000000001165,0.09364987987178518,0.11733333333333462,0,0,2023,Canadian Grand Prix,2023_Canadian Grand Prix
PIA,51,0 days 00:01:17.173000,HARD,14.0,True,0 days 02:12:48.104000,13,0 days 00:00:21.639000,0 days 00:00:24.611000,0 days 00:00:30.923000,1,77.173,7968.104,2.0029999999997017,True,False,False,False,14.0,0.0,0.0,0.0,0.0,21.639,24.611,30.923,0,0,0,0.0,77.0872,0.1991951304623779,0.43073342104721374,0,0,77.357,76.906,-0.4509999999999934,0.5450000000000017,-0.1839999999999975,0.11166666666666458,0.0,0.1529999999999987,0.06095079983068213,0.11166666666666458,0,0,2023,Canadian Grand Prix,2023_Canadian Grand Prix
PIA,52,0 days 00:01:16.906000,HARD,15.0,True,0 days 02:14:05.010000,13,0 days 00:00:21.390000,0 days 00:00:24.700000,0 days 00:00:30.816000,1,76.906,8045.01,2.0100000000002183,True,False,False,False,15.0,0.0,0.0,0.0,0.0,21.39,24.7,30.816,0,0,0,0.0,77.1594,0.12676474273205623,-1.9989785372389626,1,0,77.173,76.712,-0.4609999999999985,0.15099999999999625,-0.2669999999999959,0.03066666666666625,0.0,0.045999999999999375,0.05223313124827756,0.03066666666666625,0,0,2023,Canadian Grand Prix,2023_Canadian Grand Prix
PIA,53,0 days 00:01:16.712000,HARD,16.0,True,0 days 02:15:21.722000,13,0 days 00:00:21.455000,0 days 00:00:24.517000,0 days 00:00:30.740000,1,76.712,8121.722,2.1109999999998763,True,False,False,False,16.0,0.0,0.0,0.0,0.0,21.455,24.517,30.74,0,0,0,0.0,77.1362,0.16349220164865508,-2.594619166678086,1,1,76.906,76.87,-0.036000000000001364,0.0,-0.19400000000000261,-0.08599999999999852,0.0,-0.07600000000000051,0.055152515808436435,-0.08599999999999852,0,0,2023,Canadian Grand Prix,2023_Canadian Grand Prix
PIA,54,0 days 00:01:16.870000,HARD,17.0,True,0 days 02:16:38.592000,13,0 days 00:00:21.495000,0 days 00:00:24.577000,0 days 00:00:30.798000,1,76.87,8198.592,2.2339999999985594,True,False,False,False,17.0,0.0,0.0,0.0,0.0,21.495,24.577,30.798,0,0,0,0.0,77.0624,0.2532711985203322,-0.7596600052593291,0,1,76.712,76.95,0.23799999999999955,0.0,0.15800000000000125,-0.21499999999999866,0.0,0.05799999999999983,0.08153649489645641,-0.21499999999999866,0,0,2023,Canadian Grand Prix,2023_Canadian Grand Prix
PIA,55,0 days 00:01:16.950000,HARD,18.0,True,0 days 02:17:55.542000,12,0 days 00:00:21.393000,0 days 00:00:24.697000,0 days 00:00:30.860000,1,76.95,8275.542,2.394000000000233,True,False,False,False,18.0,0.0,0.0,0.0,0.0,21.393,24.697,30.86,0,0,0,0.0,77.0036,0.2578726429847223,-0.2078545416047817,0,0,76.87,76.826,-0.04400000000001114,0.15800000000000125,0.0799999999999983,-0.10099999999999909,0.0,0.120000000000001,0.08169944920254887,-0.10099999999999909,0,0,2023,Canadian Grand Prix,2023_Canadian Grand Prix
PIA,56,0 days 00:01:16.826000,HARD,19.0,True,0 days 02:19:12.368000,12,0 days 00:00:21.566000,0 days 00:00:24.524000,0 days 00:00:30.736000,1,76.826,8352.368,2.555000000000291,True,False,False,False,19.0,0.0,0.0,0.0,0.0,21.566,24.524,30.736,0,0,0,0.0,76.9222,0.16646681350926343,-0.5778929623991211,0,0,76.95,76.895,-0.05500000000000682,0.23799999999999955,-0.12400000000000944,0.014666666666665643,0.0,-0.003999999999997783,0.0879556706528914,0.014666666666665643,0,0,2023,Canadian Grand Prix,2023_Canadian Grand Prix
PIA,57,0 days 00:01:16.895000,HARD,20.0,True,0 days 02:20:29.263000,12,0 days 00:00:21.438000,0 days 00:00:24.569000,0 days 00:00:30.888000,1,76.895,8429.263,2.4619999999995343,True,False,False,False,20.0,0.0,0.0,0.0,0.0,21.438,24.569,30.888,0,0,0,0.0,76.8528,0.09099010935223147,0.46378667198468526,0,0,76.826,76.68,-0.14599999999998658,0.11399999999999011,0.06900000000000261,0.0379999999999967,0.0,0.15200000000000102,0.07335666295572557,0.0379999999999967,0,0,2023,Canadian Grand Prix,2023_Canadian Grand Prix
PIA,58,0 days 00:01:16.680000,HARD,21.0,True,0 days 02:21:45.943000,12,0 days 00:00:21.473000,0 days 00:00:24.561000,0 days 00:00:30.646000,1,76.68,8505.943,2.507000000001426,True,False,False,False,21.0,0.0,0.0,0.0,0.0,21.473,24.561,30.646,0,0,0,0.0,76.85060000000001,0.08950307257257077,-1.906079814876542,1,0,76.895,76.598,-0.29699999999999704,0.18299999999999272,-0.2149999999999892,0.008333333333330492,0.0,-0.08999999999999986,0.09241212041718311,0.008333333333330492,0,0,2023,Canadian Grand Prix,2023_Canadian Grand Prix
PIA,59,0 days 00:01:16.598000,HARD,22.0,True,0 days 02:23:02.541000,12,0 days 00:00:21.355000,0 days 00:00:24.496000,0 days 00:00:30.747000,1,76.598,8582.541,2.4650000000001455,True,False,False,False,22.0,0.0,0.0,0.0,0.0,21.355,24.496,30.747,0,0,0,0.0,76.8442,0.10214303696253961,-2.410345407003066,1,1,76.68,76.716,0.03599999999998715,0.0,-0.08200000000000784,-0.08999999999999868,0.0,0.10099999999999909,0.09726870000159309,-0.08999999999999868,0,0,2023,Canadian Grand Prix,2023_Canadian Grand Prix
PIA,60,0 days 00:01:16.716000,HARD,23.0,True,0 days 02:24:19.257000,12,0 days 00:00:21.415000,0 days 00:00:24.619000,0 days 00:00:30.682000,1,76.716,8659.257,2.390000000001237,True,False,False,False,23.0,0.0,0.0,0.0,0.0,21.415,24.619,30.682,0,0,0,0.0,76.7898,0.14738113854877255,-0.5007425015622549,0,1,76.598,76.781,0.18300000000000693,0.0,0.117999999999995,-0.07599999999999814,0.0,0.03599999999999781,0.10031550229151961,-0.07599999999999814,0,0,2023,Canadian Grand Prix,2023_Canadian Grand Prix
PIA,61,0 days 00:01:16.781000,HARD,24.0,True,0 days 02:25:36.038000,12,0 days 00:00:21.450000,0 days 00:00:24.571000,0 days 00:00:30.760000,1,76.781,8736.038,2.3299999999999272,True,False,False,False,24.0,0.0,0.0,0.0,0.0,21.45,24.571,30.76,0,0,0,0.0,76.743,0.11802118453876845,0.32197609394039256,0,0,76.716,76.805,0.08900000000001285,0.117999999999995,0.06500000000001194,-0.059666666666667346,0.0,0.11400000000000077,0.09369098142297298,-0.059666666666667346,0,0,2023,Canadian Grand Prix,2023_Canadian Grand Prix
PIA,62,0 days 00:01:16.805000,HARD,25.0,True,0 days 02:26:52.843000,12,0 days 00:00:21.382000,0 days 00:00:24.638000,0 days 00:00:30.785000,1,76.805,8812.843,2.1849999999994907,True,False,False,False,25.0,0.0,0.0,0.0,0.0,21.382,24.638,30.785,0,0,0,0.0,76.73400000000001,0.1116534818083823,0.6358959778956725,0,0,76.781,77.242,0.4609999999999985,0.18300000000000693,0.02400000000000091,0.033666666666666366,0.0,0.10300000000000153,0.09500421043301165,0.033666666666666366,0,0,2023,Canadian Grand Prix,2023_Canadian Grand Prix
PIA,63,0 days 00:01:17.242000,HARD,26.0,True,0 days 02:28:10.085000,12,0 days 00:00:21.451000,0 days 00:00:24.946000,0 days 00:00:30.845000,1,77.242,8890.085,1.6790000000000873,True,False,False,False,26.0,0.0,0.0,0.0,0.0,21.451,24.946,30.845,0,0,0,0.0,76.716,0.08271336046816036,6.359311204657059,0,0,76.805,76.935,0.12999999999999545,0.20700000000000784,0.4369999999999976,0.06900000000000261,0.0,0.16300000000000026,0.08553186540699285,0.06900000000000261,0,0,2023,Canadian Grand Prix,2023_Canadian Grand Prix
PIA,64,0 days 00:01:16.935000,HARD,27.0,True,0 days 02:29:27.020000,12,0 days 00:00:21.507000,0 days 00:00:24.641000,0 days 00:00:30.787000,1,76.935,8967.02,1.477999999999156,True,False,False,False,27.0,0.0,0.0,0.0,0.0,21.507,24.641,30.787,0,0,0,0.0,76.8284,0.24473311994892658,0.4355765170739728,0,0,77.242,76.853,-0.38900000000001,0.6440000000000055,-0.30700000000000216,0.1753333333333368,0.0,0.02699999999999747,0.045313353440238575,0.1753333333333368,0,0,2023,Canadian Grand Prix,2023_Canadian Grand Prix
PIA,65,0 days 00:01:16.853000,HARD,28.0,True,0 days 02:30:43.873000,12,0 days 00:00:21.445000,0 days 00:00:24.603000,0 days 00:00:30.805000,1,76.853,9043.873,1.5230000000010477,True,False,False,False,28.0,0.0,0.0,0.0,0.0,21.445,24.603,30.805,0,0,0,0.0,76.89580000000001,0.20925032855394954,-0.20453970273685432,0,0,76.935,76.711,-0.22400000000000375,0.2190000000000083,-0.08200000000000784,0.05133333333333212,0.0,0.019999999999999574,0.056897275857461405,0.05133333333333212,0,0,2023,Canadian Grand Prix,2023_Canadian Grand Prix
PIA,66,0 days 00:01:16.711000,HARD,29.0,True,0 days 02:32:00.584000,12,0 days 00:00:21.516000,0 days 00:00:24.602000,0 days 00:00:30.593000,1,76.711,9120.584,1.4389999999984866,True,False,False,False,29.0,0.0,0.0,0.0,0.0,21.516,24.602,30.593,0,0,0,0.0,76.9232,0.18767844841626274,-1.130657258681856,0,0,76.853,77.2,0.3470000000000084,0.07199999999998852,-0.1419999999999959,0.015999999999995868,0.0,-0.19399999999999906,0.060904022855637514,0.015999999999995868,0,0,2023,Canadian Grand Prix,2023_Canadian Grand Prix
PIA,67,0 days 00:01:17.200000,HARD,30.0,True,0 days 02:33:17.784000,12,0 days 00:00:21.701000,0 days 00:00:24.824000,0 days 00:00:30.675000,1,77.2,9197.784,0.6640000000006694,True,False,False,False,30.0,0.0,0.0,0.0,0.0,21.701,24.824,30.675,0,0,0,0.0,76.9092,0.20292905164105143,1.4330131523720044,0,0,76.711,77.0,0.2890000000000015,0.0,0.4890000000000043,-0.17700000000000196,0.0,0.08200000000000074,0.1351950442878727,-0.17700000000000196,0,1,2023,Canadian Grand Prix,2023_Canadian Grand Prix
PIA,68,0 days 00:01:17,HARD,31.0,True,0 days 02:34:34.784000,12,0 days 00:00:21.729000,0 days 00:00:24.743000,0 days 00:00:30.528000,1,77.0,9274.784,0.5599999999994907,True,False,False,False,31.0,0.0,0.0,0.0,0.0,21.729,24.743,30.528,0,0,0,0.0,76.9882,0.2276086553713152,0.05184337116153858,0,0,77.2,77.09,-0.10999999999999943,0.4890000000000043,-0.20000000000000284,0.08833333333333353,0.0,-0.06500000000000128,0.1324171439051599,0.08833333333333353,0,1,2023,Canadian Grand Prix,2023_Canadian Grand Prix
PIA,69,0 days 00:01:17.090000,HARD,32.0,True,0 days 02:35:51.874000,12,0 days 00:00:21.811000,0 days 00:00:24.736000,0 days 00:00:30.543000,1,77.09,9351.874,0.5410000000010768,True,False,False,False,32.0,0.0,0.0,0.0,0.0,21.811,24.736,30.543,0,0,0,0.0,76.93979999999999,0.18113172002699165,0.8292307939085988,0,0,77.0,77.296,0.2960000000000065,0.2890000000000015,0.09000000000000341,0.049000000000001855,0.0,0.015000000000000568,0.1076266695573165,0.049000000000001855,0,1,2023,Canadian Grand Prix,2023_Canadian Grand Prix
RUS,2,0 days 00:01:18.882000,MEDIUM,2.0,True,0 days 01:04:49.979000,4,0 days 00:00:22.289000,0 days 00:00:25.181000,0 days 00:00:31.412000,1,78.882,3889.979,1.4400000000000546,False,True,False,False,2.0,0.0,0.0,0.0,0.0,22.289,25.181,31.412,0,0,0,0.0,77.0594,0.22449677057797202,8.118602309100854,0,0,78.882,77.996,-0.8860000000000099,2.1710000000000065,0.0,0.032000000000001215,0.0,0.8840000000000003,0.23819802686000593,0.0,0,0,2023,Canadian Grand Prix,2023_Canadian Grand Prix
RUS,3,0 days 00:01:17.996000,MEDIUM,3.0,True,0 days 01:06:07.975000,4,0 days 00:00:21.763000,0 days 00:00:24.867000,0 days 00:00:31.366000,1,77.996,3967.975,1.905999999999949,False,True,False,False,3.0,0.0,0.0,0.0,0.0,21.763,24.867,31.366,0,0,0,0.0,,,0.0,0,0,78.882,77.594,-1.288000000000011,0.0,-0.8860000000000099,0.0,0.0,0.0,0.0,0.0,0,0,2023,Canadian Grand Prix,2023_Canadian Grand Prix
RUS,4,0 days 00:01:17.594000,MEDIUM,4.0,True,0 days 01:07:25.569000,4,0 days 00:00:21.628000,0 days 00:00:24.788000,0 days 00:00:31.178000,1,77.594,4045.569,2.80600000000004,False,True,False,False,4.0,0.0,0.0,0.0,0.0,21.628,24.788,31.178,0,0,0,0.0,,,0.0,0,0,77.996,77.64,-0.35599999999999454,0.0,-0.402000000000001,-0.44300000000000495,0.0,-0.18799999999999883,0.0,0.0,0,0,2023,Canadian Grand Prix,2023_Canadian Grand Prix
RUS,5,0 days 00:01:17.640000,MEDIUM,5.0,True,0 days 01:08:43.209000,4,0 days 00:00:21.708000,0 days 00:00:24.798000,0 days 00:00:31.134000,1,77.64,4123.209,3.5850000000000364,False,True,False,False,5.0,0.0,0.0,0.0,0.0,21.708,24.798,31.134,0,0,0,0.0,78.15733333333333,0.6589820432556064,-0.7850492113222309,0,0,77.594,77.659,0.06500000000001194,0.0,0.04600000000000648,-0.42933333333333695,0.0,-0.04400000000000048,0.572419426644484,-0.6440000000000055,0,0,2023,Canadian Grand Prix,2023_Canadian Grand Prix
RUS,6,0 days 00:01:17.659000,MEDIUM,6.0,True,0 days 01:10:00.868000,4,0 days 00:00:21.733000,0 days 00:00:24.743000,0 days 00:00:31.183000,1,77.659,4200.868,4.38799999999992,False,True,False,False,6.0,0.0,0.0,0.0,0.0,21.733,24.743,31.183,0,0,0,0.0,78.02799999999999,0.597003629246365,-0.618086694825955,0,0,77.64,77.63,-0.010000000000005116,0.04600000000000648,0.019000000000005457,-0.4140000000000015,0.0,0.04899999999999949,0.4873260373370857,-0.4140000000000015,0,0,2023,Canadian Grand Prix,2023_Canadian Grand Prix
RUS,7,0 days 00:01:17.630000,MEDIUM,7.0,True,0 days 01:11:18.498000,4,0 days 00:00:21.772000,0 days 00:00:24.707000,0 days 00:00:31.151000,12,77.63,4278.498,5.199000000000524,False,True,False,False,7.0,0.0,0.0,0.0,0.0,21.772,24.707,31.151,0,0,1,0.0,77.9542,0.5427174218688735,-0.5973642763919508,0,0,77.659,77.463,-0.19600000000001216,0.06500000000001194,-0.029000000000010573,-0.11233333333332969,0.0,0.01699999999999946,0.4251049282236093,-0.11233333333332969,0,0,2023,Canadian Grand Prix,2023_Canadian Grand Prix
RUS,9,0 days 00:01:17.463000,MEDIUM,9.0,True,0 days 01:14:09.250000,4,0 days 00:00:21.776000,0 days 00:00:24.636000,0 days 00:00:31.051000,1,77.463,4449.25,5.087999999999738,False,True,False,False,9.0,0.0,0.0,0.0,0.0,21.776,24.636,31.051,0,0,0,0.0,77.7038,0.16504605417881116,-1.4589867125155511,0,0,77.63,77.968,0.33800000000000807,0.036000000000001364,-0.1670000000000016,0.012000000000000455,0.0,-0.08300000000000196,0.09281540820359448,0.012000000000000455,0,0,2023,Canadian Grand Prix,2023_Canadian Grand Prix
RUS,10,0 days 00:01:17.968000,MEDIUM,10.0,True,0 days 01:15:27.218000,4,0 days 00:00:21.893000,0 days 00:00:24.979000,0 days 00:00:31.096000,1,77.968,4527.218,5.520000000000437,False,True,False,False,10.0,0.0,0.0,0.0,0.0,21.893,24.979,31.096,0,0,0,0.0,77.5972,0.07865557831455522,4.714223808985537,0,0,77.463,77.917,0.45400000000000773,0.0,0.5050000000000097,-0.05900000000000224,0.0,0.045000000000001705,0.09281540820359463,-0.05900000000000224,0,0,2023,Canadian Grand Prix,2023_Canadian Grand Prix
RUS,11,0 days 00:01:17.917000,MEDIUM,11.0,True,0 days 01:16:45.135000,4,0 days 00:00:21.896000,0 days 00:00:24.863000,0 days 00:00:31.158000,1,77.917,4605.135,5.938000000000102,False,True,False,False,11.0,0.0,0.0,0.0,0.0,21.896,24.863,31.158,0,0,0,0.0,77.672,0.1832034388323485,1.3373111419824755,0,0,77.968,80.013,2.0450000000000017,0.5050000000000097,-0.05100000000000193,0.10299999999999916,0.0,0.10700000000000287,0.05807064662977419,0.10299999999999916,0,0,2023,Canadian Grand Prix,2023_Canadian Grand Prix
RUS,17,0 days 00:01:20.013000,HARD,5.0,True,0 days 01:28:24.866000,19,0 days 00:00:22.304000,0 days 00:00:25.637000,0 days 00:00:32.072000,1,80.013,5304.866,0.0,True,False,False,False,5.0,0.0,0.0,0.0,0.0,22.304,25.637,32.072,0,0,0,0.0,77.72740000000002,0.2108964200739295,10.83754764162793,0,0,77.917,79.23,1.3130000000000024,0.45400000000000773,2.0960000000000036,0.09566666666666872,0.0,1.0210000000000043,0.06965629906907364,0.09566666666666872,0,0,2023,Canadian Grand Prix,2023_Canadian Grand Prix
RUS,18,0 days 00:01:19.230000,HARD,6.0,True,0 days 01:29:44.096000,19,0 days 00:00:22.019000,0 days 00:00:25.263000,0 days 00:00:31.948000,1,79.23,5384.096,0.0,True,False,False,False,6.0,0.0,0.0,0.0,0.0,22.019,25.263,31.948,0,0,0,0.0,78.1982,1.0354871800268795,0.9964391833158381,0,0,80.013,78.853,-1.1600000000000108,2.5500000000000114,-0.7830000000000013,0.8500000000000038,0.0,0.8520000000000003,0.4522176467145016,0.8500000000000038,0,0,2023,Canadian Grand Prix,2023_Canadian Grand Prix
RUS,19,0 days 00:01:18.853000,HARD,7.0,True,0 days 01:31:02.949000,19,0 days 00:00:22.070000,0 days 00:00:25.630000,0 days 00:00:31.153000,1,78.853,5462.949,0.0,True,False,False,False,7.0,0.0,0.0,0.0,0.0,22.07,25.63,31.153,0,0,0,0.0,78.51820000000001,1.06286109158254,0.3149988297167684,0,0,79.23,78.285,-0.9450000000000074,1.7670000000000101,-0.37700000000000955,0.4206666666666668,0.0,-0.005000000000002558,0.5085359377664486,0.4206666666666668,0,0,2023,Canadian Grand Prix,2023_Canadian Grand Prix
RUS,20,0 days 00:01:18.285000,HARD,8.0,True,0 days 01:32:21.234000,19,0 days 00:00:21.820000,0 days 00:00:25.171000,0 days 00:00:31.294000,1,78.285,5541.234,0.0,True,False,False,False,8.0,0.0,0.0,0.0,0.0,21.82,25.171,31.294,0,0,0,0.0,78.7962,0.8847201252373702,-0.577809846772557,0,0,78.853,78.664,-0.18899999999999295,0.9359999999999928,-0.5679999999999978,0.3119999999999976,0.0,0.1410000000000018,0.4913664620219833,0.3119999999999976,0,0,2023,Canadian Grand Prix,2023_Canadian Grand Prix
RUS,21,0 days 00:01:18.664000,HARD,9.0,True,0 days 01:33:39.898000,19,0 days 00:00:21.937000,0 days 00:00:25.171000,0 days 00:00:31.556000,1,78.664,5619.898,0.0,True,False,False,False,9.0,0.0,0.0,0.0,0.0,21.937,25.171,31.556,0,0,0,0.0,78.8596,0.8194863025090972,-0.23868611275272356,0,0,78.285,78.499,0.21399999999999864,0.367999999999995,0.3790000000000049,-0.5760000000000028,0.0,0.40300000000000225,0.4754494715529729,-0.5760000000000028,0,0,2023,Canadian Grand Prix,2023_Canadian Grand Prix
RUS,22,0 days 00:01:18.499000,HARD,10.0,True,0 days 01:34:58.397000,19,0 days 00:00:22.097000,0 days 00:00:25.180000,0 days 00:00:31.222000,1,78.499,5698.397,0.0,True,False,False,False,10.0,0.0,0.0,0.0,0.0,22.097,25.18,31.222,0,0,0,0.0,79.00899999999999,0.6565809165670542,-0.7767511773971982,0,0,78.664,78.546,-0.117999999999995,0.3790000000000049,-0.16500000000000625,-0.1886666666666675,0.0,0.06900000000000261,0.4435964382183444,-0.1886666666666675,0,0,2023,Canadian Grand Prix,2023_Canadian Grand Prix
RUS,23,0 days 00:01:18.546000,HARD,11.0,True,0 days 01:36:16.943000,19,0 days 00:00:22.186000,0 days 00:00:25.057000,0 days 00:00:31.303000,1,78.546,5776.943,0.0,True,False,False,False,11.0,0.0,0.0,0.0,0.0,22.186,25.057,31.303,0,0,0,0.0,78.7062,0.3598745614794537,-0.4451551099955569,0,0,78.499,78.527,0.028000000000005798,0.21399999999999864,0.047000000000011255,-0.11799999999999973,0.0,0.08099999999999952,0.348805103173678,-0.11799999999999973,0,0,2023,Canadian Grand Prix,2023_Canadian Grand Prix
RUS,24,0 days 00:01:18.527000,HARD,12.0,True,0 days 01:37:35.470000,19,0 days 00:00:22.205000,0 days 00:00:25.065000,0 days 00:00:31.257000,1,78.527,5855.47,0.0,True,False,False,False,12.0,0.0,0.0,0.0,0.0,22.205,25.065,31.257,0,0,0,0.0,78.5694,0.20962180230125563,-0.2022690365912701,0,0,78.546,78.428,-0.11800000000000921,0.2610000000000099,-0.019000000000005457,0.0870000000000033,0.0,0.03500000000000014,0.15707705115643217,0.0870000000000033,0,0,2023,Canadian Grand Prix,2023_Canadian Grand Prix
RUS,25,0 days 00:01:18.428000,HARD,13.0,True,0 days 01:38:53.898000,19,0 days 00:00:22.252000,0 days 00:00:25.016000,0 days 00:00:31.160000,1,78.428,5933.898,0.0,True,False,False,False,13.0,0.0,0.0,0.0,0.0,22.252,25.016,31.16,0,0,0,0.0,78.5042,0.1377305340148949,-0.5532542260509886,0,0,78.527,78.416,-0.1110000000000042,0.24200000000000443,-0.09900000000000375,-0.04566666666666682,0.0,-0.062000000000001165,0.1487857520060311,-0.04566666666666682,0,0,2023,Canadian Grand Prix,2023_Canadian Grand Prix
RUS,26,0 days 00:01:18.416000,HARD,14.0,True,0 days 01:40:12.314000,19,0 days 00:00:21.939000,0 days 00:00:25.300000,0 days 00:00:31.177000,1,78.416,6012.314,0.0,True,False,False,False,14.0,0.0,0.0,0.0,0.0,21.939,25.3,31.177,0,0,0,0.0,78.5328,0.08594591322469632,-1.3589942280866432,0,0,78.428,78.965,0.5370000000000061,0.0,-0.012000000000000455,-0.023666666666665986,0.0,0.01699999999999946,0.17568779126621287,-0.023666666666665986,0,0,2023,Canadian Grand Prix,2023_Canadian Grand Prix
RUS,27,0 days 00:01:18.965000,HARD,15.0,True,0 days 01:41:31.279000,18,0 days 00:00:22.386000,0 days 00:00:25.239000,0 days 00:00:31.340000,1,78.965,6091.279,0.0,True,False,False,False,15.0,0.0,0.0,0.0,0.0,22.386,25.239,31.34,0,0,0,0.0,78.4832,0.05846965024718664,8.240172430708006,0,0,78.416,78.265,-0.15099999999999625,0.0,0.5490000000000066,-0.043333333333336554,0.0,0.17999999999999972,0.05648008498577263,-0.043333333333336554,0,0,2023,Canadian Grand Prix,2023_Canadian Grand Prix
RUS,28,0 days 00:01:18.265000,HARD,16.0,True,0 days 01:42:49.544000,18,0 days 00:00:22.016000,0 days 00:00:25.044000,0 days 00:00:31.205000,12,78.265,6169.544,0.0,True,False,False,False,16.0,0.0,0.0,0.0,0.0,22.016,25.044,31.205,0,0,1,0.0,78.5764,0.22479168134080865,-1.3852825787084613,0,0,78.965,78.39,-0.5750000000000028,0.5490000000000066,-0.7000000000000028,0.1460000000000008,0.0,0.04499999999999815,0.08904886299105705,0.1460000000000008,0,0,2023,Canadian Grand Prix,2023_Canadian Grand Prix
RUS,29,0 days 00:01:18.390000,HARD,17.0,True,0 days 01:44:07.934000,18,0 days 00:00:21.936000,0 days 00:00:25.045000,0 days 00:00:31.409000,1,78.39,6247.934,16.320999999999913,True,False,False,False,17.0,0.0,0.0,0.0,0.0,21.936,25.045,31.409,0,0,0,0.0,78.5202,0.26569663151803036,-0.4900325580197152,0,0,78.265,78.882,0.6170000000000044,0.0,0.125,-0.054333333333332234,0.0,0.23199999999999932,0.08737562589189304,-0.054333333333332234,0,0,2023,Canadian Grand Prix,2023_Canadian Grand Prix
RUS,30,0 days 00:01:18.882000,HARD,18.0,True,0 days 01:45:26.816000,18,0 days 00:00:22.365000,0 days 00:00:25.063000,0 days 00:00:31.454000,1,78.882,6326.816,14.661000000000058,True,False,False,False,18.0,0.0,0.0,0.0,0.0,22.365,25.063,31.454,0,0,0,0.0,78.4928,0.2718137229795952,1.4318629528105882,0,0,78.39,78.326,-0.06400000000000716,0.125,0.49200000000000443,-0.008666666666665416,0.0,0.24900000000000233,0.12086480050039414,-0.008666666666665416,0,0,2023,Canadian Grand Prix,2023_Canadian Grand Prix
RUS,31,0 days 00:01:18.326000,HARD,19.0,True,0 days 01:46:45.142000,17,0 days 00:00:21.963000,0 days 00:00:25.028000,0 days 00:00:31.335000,1,78.326,6405.142,13.710000000000036,True,False,False,False,19.0,0.0,0.0,0.0,0.0,21.963,25.028,31.335,0,0,0,0.0,78.5836,0.31685375175312097,-0.8129933717834648,0,0,78.882,78.308,-0.5739999999999981,0.6170000000000044,-0.5560000000000116,-0.027666666666666135,0.0,0.13000000000000256,0.10723012636381725,-0.027666666666666135,0,0,2023,Canadian Grand Prix,2023_Canadian Grand Prix
RUS,32,0 days 00:01:18.308000,HARD,20.0,True,0 days 01:48:03.450000,16,0 days 00:00:22.075000,0 days 00:00:25.041000,0 days 00:00:31.192000,1,78.308,6483.45,12.693000000000211,True,False,False,False,20.0,0.0,0.0,0.0,0.0,22.075,25.041,31.192,0,0,0,0.0,78.5656,0.33099592142506695,-0.7782573238090902,0,0,78.326,77.94,-0.3859999999999957,0.06099999999999284,-0.01799999999998647,0.020333333333330945,0.0,-0.14300000000000068,0.08272061411764385,0.020333333333330945,0,0,2023,Canadian Grand Prix,2023_Canadian Grand Prix
RUS,33,0 days 00:01:17.940000,HARD,21.0,True,0 days 01:49:21.390000,15,0 days 00:00:21.857000,0 days 00:00:24.887000,0 days 00:00:31.196000,1,77.94,6561.39,11.897999999999229,True,False,False,False,21.0,0.0,0.0,0.0,0.0,21.857,24.887,31.196,0,0,0,0.0,78.4342,0.254332852773739,-1.9431229375611154,1,0,78.308,77.868,-0.44000000000001194,0.043000000000006366,-0.3680000000000092,-0.02733333333333121,0.0,0.004000000000001336,0.16012901048841932,-0.02733333333333121,0,0,2023,Canadian Grand Prix,2023_Canadian Grand Prix
RUS,34,0 days 00:01:17.868000,HARD,22.0,True,0 days 01:50:39.258000,14,0 days 00:00:21.695000,0 days 00:00:24.922000,0 days 00:00:31.251000,1,77.868,6639.258,11.103000000000065,True,False,False,False,22.0,0.0,0.0,0.0,0.0,21.695,24.922,31.251,0,0,0,0.0,78.3692,0.336608377792398,-1.4889706646253609,0,1,77.94,78.314,0.3739999999999952,0.0,-0.07200000000000273,-0.31400000000000244,0.0,0.05900000000000105,0.16479775483907602,-0.31400000000000244,0,0,2023,Canadian Grand Prix,2023_Canadian Grand Prix
RUS,35,0 days 00:01:18.314000,HARD,23.0,True,0 days 01:51:57.572000,11,0 days 00:00:22.051000,0 days 00:00:25.010000,0 days 00:00:31.253000,12,78.314,6717.572,10.96100000000024,True,False,False,False,23.0,0.0,0.0,0.0,0.0,22.051,25.01,31.253,0,0,1,0.0,78.26480000000001,0.40295558067860576,0.12209782506828303,0,0,77.868,77.626,-0.24199999999999022,0.0,0.44599999999999795,-0.15266666666666615,0.0,0.06099999999999994,0.14574532582556582,-0.15266666666666615,0,0,2023,Canadian Grand Prix,2023_Canadian Grand Prix
RUS,36,0 days 00:01:17.626000,HARD,24.0,True,0 days 01:53:15.198000,9,0 days 00:00:21.607000,0 days 00:00:24.882000,0 days 00:00:31.137000,1,77.626,6795.198,10.810999999999694,True,False,False,False,24.0,0.0,0.0,0.0,0.0,21.607,24.882,31.137,0,0,0,0.0,78.15119999999999,0.22718538685406597,-2.3117684076104315,1,0,78.314,77.619,-0.6949999999999932,0.44599999999999795,-0.6879999999999882,0.001999999999995339,0.0,-0.05900000000000105,0.10259483417794585,0.001999999999995339,0,0,2023,Canadian Grand Prix,2023_Canadian Grand Prix
RUS,37,0 days 00:01:17.619000,HARD,25.0,True,0 days 01:54:32.817000,8,0 days 00:00:21.494000,0 days 00:00:24.920000,0 days 00:00:31.205000,1,77.619,6872.817,9.002000000000407,True,False,False,False,25.0,0.0,0.0,0.0,0.0,21.494,24.92,31.205,0,0,0,0.0,78.0112,0.29737720154717967,-1.3188637123474276,0,1,77.626,78.02,0.39399999999999125,0.0,-0.007000000000005002,-0.10466666666666431,0.0,0.06799999999999784,0.08650317913233085,-0.10466666666666431,0,0,2023,Canadian Grand Prix,2023_Canadian Grand Prix
RUS,38,0 days 00:01:18.020000,HARD,26.0,True,0 days 01:55:50.837000,8,0 days 00:00:21.818000,0 days 00:00:24.916000,0 days 00:00:31.286000,1,78.02,6950.837,6.449999999999818,True,False,False,False,26.0,0.0,0.0,0.0,0.0,21.818,24.916,31.286,0,0,0,0.0,77.87339999999999,0.2848329334891437,0.514687673943414,0,0,77.619,77.436,-0.18299999999999272,0.0,0.40099999999999625,-0.08299999999999841,0.0,0.1490000000000009,0.05427983050821002,-0.08299999999999841,0,0,2023,Canadian Grand Prix,2023_Canadian Grand Prix
RUS,39,0 days 00:01:17.436000,HARD,27.0,True,0 days 01:57:08.273000,8,0 days 00:00:21.663000,0 days 00:00:24.768000,0 days 00:00:31.005000,1,77.436,7028.273,6.186999999999898,True,False,False,False,27.0,0.0,0.0,0.0,0.0,21.663,24.768,31.005,0,0,0,0.0,77.8894,0.29167413323781455,-1.5544744916763364,1,0,78.02,77.645,-0.375,0.40099999999999625,-0.583999999999989,-0.09799999999999898,0.0,-0.13200000000000145,0.07424823230219085,-0.09799999999999898,0,0,2023,Canadian Grand Prix,2023_Canadian Grand Prix
RUS,40,0 days 00:01:17.645000,HARD,28.0,True,0 days 01:58:25.918000,8,0 days 00:00:21.570000,0 days 00:00:24.947000,0 days 00:00:31.128000,1,77.645,7105.918,5.613000000000284,True,False,False,False,28.0,0.0,0.0,0.0,0.0,21.57,24.947,31.128,0,0,0,0.0,77.803,0.3564000561167626,-0.4433220401857563,0,1,77.436,77.818,0.3819999999999908,0.0,0.20899999999998897,-0.06333333333333258,0.0,0.12300000000000111,0.11173316427990464,-0.06333333333333258,0,0,2023,Canadian Grand Prix,2023_Canadian Grand Prix
RUS,41,0 days 00:01:17.818000,HARD,29.0,True,0 days 01:59:43.736000,8,0 days 00:00:21.845000,0 days 00:00:24.784000,0 days 00:00:31.189000,1,77.818,7183.736,4.868999999999687,True,False,False,False,29.0,0.0,0.0,0.0,0.0,21.845,24.784,31.189,0,0,0,0.0,77.6692,0.21355022828374173,0.6967915754334171,0,0,77.645,77.676,0.03100000000000591,0.20899999999998897,0.17300000000000182,0.008666666666665416,0.0,0.18400000000000105,0.12084990690935692,0.008666666666665416,0,0,2023,Canadian Grand Prix,2023_Canadian Grand Prix
RUS,42,0 days 00:01:17.676000,HARD,30.0,True,0 days 02:01:01.412000,8,0 days 00:00:21.675000,0 days 00:00:24.880000,0 days 00:00:31.121000,1,77.676,7261.412,4.251999999999498,True,False,False,False,30.0,0.0,0.0,0.0,0.0,21.675,24.88,31.121,0,0,0,0.0,77.7076,0.22097352782638166,-0.1430035548186815,0,0,77.818,77.393,-0.42499999999999716,0.3819999999999908,-0.1419999999999959,-0.06733333333333273,0.0,0.11599999999999966,0.1250011999942412,-0.06733333333333273,0,0,2023,Canadian Grand Prix,2023_Canadian Grand Prix
RUS,43,0 days 00:01:17.393000,HARD,31.0,True,0 days 02:02:18.805000,8,0 days 00:00:21.623000,0 days 00:00:24.765000,0 days 00:00:31.005000,1,77.393,7338.805,3.988999999999578,True,False,False,False,31.0,0.0,0.0,0.0,0.0,21.623,24.765,31.005,0,0,0,0.0,77.719,0.21668871682677956,-1.5044622755350803,1,0,77.676,77.097,-0.5790000000000077,0.23999999999999488,-0.28300000000000125,0.0799999999999983,0.0,-0.11599999999999966,0.12584315634948234,0.0799999999999983,0,0,2023,Canadian Grand Prix,2023_Canadian Grand Prix
RUS,44,0 days 00:01:17.097000,HARD,32.0,True,0 days 02:03:35.902000,8,0 days 00:00:21.510000,0 days 00:00:24.559000,0 days 00:00:31.028000,1,77.097,7415.902,3.9589999999998327,True,False,False,False,32.0,0.0,0.0,0.0,0.0,21.51,24.559,31.028,0,0,0,0.0,77.5936,0.17668135159105972,-2.8107097638092178,1,1,77.393,77.114,-0.27899999999999636,0.0,-0.2960000000000065,-0.08399999999999845,0.0,0.022999999999999687,0.14764484413619128,-0.08399999999999845,0,0,2023,Canadian Grand Prix,2023_Canadian Grand Prix
RUS,45,0 days 00:01:17.114000,HARD,33.0,True,0 days 02:04:53.016000,8,0 days 00:00:21.547000,0 days 00:00:24.461000,0 days 00:00:31.106000,1,77.114,7493.016,3.713999999999942,True,False,False,False,33.0,0.0,0.0,0.0,0.0,21.547,24.461,31.106,0,0,0,0.0,77.5258,0.2844533353646052,-1.447689124376638,0,1,77.097,77.387,0.29000000000000625,0.0,0.017000000000010118,-0.24033333333333454,0.0,0.10100000000000264,0.11688241955058969,-0.24033333333333454,0,0,2023,Canadian Grand Prix,2023_Canadian Grand Prix
RUS,46,0 days 00:01:17.387000,HARD,34.0,True,0 days 02:06:10.403000,8,0 days 00:00:21.607000,0 days 00:00:24.832000,0 days 00:00:30.948000,1,77.387,7570.403,3.181999999999789,True,False,False,False,34.0,0.0,0.0,0.0,0.0,21.607,24.832,30.948,0,0,0,0.0,77.4196,0.32505122673211506,-0.10029188422927832,0,0,77.114,77.358,0.24399999999999977,0.017000000000010118,0.27299999999999613,-0.18733333333333255,0.0,-0.05699999999999861,0.11459188452940326,-0.18733333333333255,0,0,2023,Canadian Grand Prix,2023_Canadian Grand Prix
RUS,47,0 days 00:01:17.358000,HARD,35.0,True,0 days 02:07:27.761000,8,0 days 00:00:21.711000,0 days 00:00:24.708000,0 days 00:00:30.939000,1,77.358,7647.761,2.795999999999367,True,False,False,False,35.0,0.0,0.0,0.0,0.0,21.711,24.708,30.939,0,0,0,0.0,77.3334,0.23865309551744165,0.10307848698408673,0,0,77.387,77.711,0.32399999999999807,0.29000000000000625,-0.028999999999996362,-0.002000000000000076,0.0,-0.009000000000000341,0.09999149963871946,-0.002000000000000076,0,0,2023,Canadian Grand Prix,2023_Canadian Grand Prix
RUS,48,0 days 00:01:17.711000,HARD,36.0,True,0 days 02:08:45.472000,8,0 days 00:00:21.766000,0 days 00:00:24.883000,0 days 00:00:31.062000,1,77.711,7725.472,2.1940000000004147,True,False,False,False,36.0,0.0,0.0,0.0,0.0,21.766,24.883,31.062,0,0,0,0.0,77.2698,0.15068742482390088,2.927915189443301,0,0,77.358,77.886,0.5279999999999916,0.2610000000000099,0.35299999999999443,0.0870000000000033,0.0,0.12300000000000111,0.08191947265455328,0.0870000000000033,0,0,2023,Canadian Grand Prix,2023_Canadian Grand Prix
RUS,49,0 days 00:01:17.886000,HARD,37.0,True,0 days 02:10:03.358000,8,0 days 00:00:21.848000,0 days 00:00:24.875000,0 days 00:00:31.163000,1,77.886,7803.358,1.699999999999818,True,False,False,False,37.0,0.0,0.0,0.0,0.0,21.848,24.875,31.163,0,0,0,0.0,77.33340000000001,0.25004059670393247,2.2100411184600772,0,0,77.711,77.63,-0.08100000000000307,0.6140000000000043,0.17499999999999716,0.19899999999999807,0.0,0.2240000000000002,0.07522765448955648,0.19899999999999807,0,0,2023,Canadian Grand Prix,2023_Canadian Grand Prix
RUS,50,0 days 00:01:17.630000,HARD,38.0,True,0 days 02:11:20.988000,8,0 days 00:00:21.833000,0 days 00:00:24.859000,0 days 00:00:30.938000,1,77.63,7880.988,1.4969999999993888,True,False,False,False,38.0,0.0,0.0,0.0,0.0,21.833,24.859,30.938,0,0,0,0.0,77.4912,0.3062102219065495,0.45328336570798317,0,0,77.886,77.337,-0.5489999999999924,0.7719999999999914,-0.2560000000000002,0.16633333333333175,0.0,-0.0010000000000012221,0.11141274612897756,0.16633333333333175,0,0,2023,Canadian Grand Prix,2023_Canadian Grand Prix
RUS,51,0 days 00:01:17.337000,HARD,39.0,True,0 days 02:12:38.325000,8,0 days 00:00:21.625000,0 days 00:00:24.824000,0 days 00:00:30.888000,1,77.337,7958.325,1.4989999999997963,True,False,False,False,39.0,0.0,0.0,0.0,0.0,21.625,24.824,30.888,0,0,0,0.0,77.5944,0.2229311552925264,-1.1546165436689817,0,0,77.63,77.582,-0.04800000000000182,0.27199999999999136,-0.29299999999999216,0.09066666666666379,0.0,-0.04999999999999716,0.11506085346459077,0.09066666666666379,0,0,2023,Canadian Grand Prix,2023_Canadian Grand Prix
RUS,52,0 days 00:01:17.582000,HARD,40.0,True,0 days 02:13:55.907000,8,0 days 00:00:21.890000,0 days 00:00:24.736000,0 days 00:00:30.956000,1,77.582,8035.907,1.0410000000001673,True,False,False,False,40.0,0.0,0.0,0.0,0.0,21.89,24.736,30.956,0,0,0,0.0,77.5844,0.2353365674944306,-0.010198160131087214,0,0,77.337,77.576,0.2389999999999901,0.0,0.24499999999999034,-0.12466666666666508,0.0,0.06799999999999784,0.11337239522917365,-0.12466666666666508,0,0,2023,Canadian Grand Prix,2023_Canadian Grand Prix
SAI,2,0 days 00:01:18.944000,MEDIUM,2.0,True,0 days 01:04:54.947000,11,0 days 00:00:22.192000,0 days 00:00:25.321000,0 days 00:00:31.431000,1,78.944,3894.947,0.7809999999999491,False,True,False,False,2.0,0.0,0.0,0.0,0.0,22.192,25.321,31.431,0,0,0,0.0,77.6022,0.19541033749538694,6.866576339809465,0,0,78.944,78.86,-0.08400000000000318,1.6069999999999993,0.0,-0.018000000000000682,0.0,0.5429999999999993,0.10983942825779734,0.0,0,1,2023,Canadian Grand Prix,2023_Canadian Grand Prix
SAI,3,0 days 00:01:18.860000,MEDIUM,3.0,True,0 days 01:06:13.807000,11,0 days 00:00:22.437000,0 days 00:00:25.355000,0 days 00:00:31.068000,1,78.86,3973.807,0.43100000000004,False,True,False,False,3.0,0.0,0.0,0.0,0.0,22.437,25.355,31.068,0,0,0,0.0,,,0.0,0,0,78.944,78.579,-0.3650000000000091,0.0,-0.08400000000000318,0.0,0.0,0.0,0.0,0.0,0,1,2023,Canadian Grand Prix,2023_Canadian Grand Prix
SAI,4,0 days 00:01:18.579000,MEDIUM,4.0,True,0 days 01:07:32.386000,11,0 days 00:00:22.282000,0 days 00:00:25.164000,0 days 00:00:31.133000,1,78.579,4052.386,0.5079999999998108,False,True,False,False,4.0,0.0,0.0,0.0,0.0,22.282,25.164,31.133,0,0,0,0.0,,,0.0,0,0,78.86,78.539,-0.32099999999999795,0.0,-0.2810000000000059,-0.04200000000000159,0.0,0.06499999999999773,0.0,0.0,0,1,2023,Canadian Grand Prix,2023_Canadian Grand Prix
SAI,5,0 days 00:01:18.539000,MEDIUM,5.0,True,0 days 01:08:50.925000,11,0 days 00:00:22.435000,0 days 00:00:25.123000,0 days 00:00:30.981000,1,78.539,4130.925,0.41899999999986903,False,True,False,False,5.0,0.0,0.0,0.0,0.0,22.435,25.123,30.981,0,0,0,0.0,78.79433333333333,0.19115525975848616,-1.3357379423193736,0,0,78.579,78.599,0.020000000000010232,0.0,-0.03999999999999204,-0.1216666666666697,0.0,-0.08699999999999974,0.29652374834628914,-0.18250000000000455,0,1,2023,Canadian Grand Prix,2023_Canadian Grand Prix
SAI,6,0 days 00:01:18.599000,MEDIUM,6.0,True,0 days 01:10:09.524000,11,0 days 00:00:22.510000,0 days 00:00:25.105000,0 days 00:00:30.984000,1,78.599,4209.524,0.5540000000000873,False,True,False,False,6.0,0.0,0.0,0.0,0.0,22.51,25.105,30.984,0,0,0,0.0,78.7305,0.2016407696870833,-0.652149861380073,0,0,78.539,78.749,0.20999999999999375,0.0,0.060000000000002274,-0.13500000000000037,0.0,0.0030000000000001137,0.28212452924196413,-0.13500000000000037,0,1,2023,Canadian Grand Prix,2023_Canadian Grand Prix
SAI,9,0 days 00:01:18.749000,MEDIUM,9.0,True,0 days 01:14:21.160000,11,0 days 00:00:22.410000,0 days 00:00:25.200000,0 days 00:00:31.139000,1,78.749,4461.16,0.48800000000028376,False,True,False,False,9.0,0.0,0.0,0.0,0.0,22.41,25.2,31.139,0,0,0,0.0,78.7042,0.1842625843734943,0.24313129088207575,0,0,78.599,79.26,0.6610000000000014,0.060000000000002274,0.14999999999999147,-0.08699999999999856,0.0,0.1579999999999977,0.2508668969792544,-0.08699999999999856,0,1,2023,Canadian Grand Prix,2023_Canadian Grand Prix
SAI,10,0 days 00:01:19.260000,MEDIUM,10.0,True,0 days 01:15:40.420000,11,0 days 00:00:22.749000,0 days 00:00:25.370000,0 days 00:00:31.141000,1,79.26,4540.42,0.5069999999996071,False,True,False,False,10.0,0.0,0.0,0.0,0.0,22.749,25.37,31.141,0,0,0,0.0,78.6652,0.1348228467285814,4.411715183535828,0,0,78.749,78.723,-0.02599999999999625,0.20999999999999375,0.5110000000000099,0.05666666666666723,0.0,0.1599999999999966,0.09069564487890137,0.05666666666666723,0,1,2023,Canadian Grand Prix,2023_Canadian Grand Prix
SAI,11,0 days 00:01:18.723000,MEDIUM,11.0,True,0 days 01:16:59.143000,10,0 days 00:00:22.441000,0 days 00:00:25.248000,0 days 00:00:31.034000,1,78.723,4619.143,0.5320000000001528,False,True,False,False,11.0,0.0,0.0,0.0,0.0,22.441,25.248,31.034,0,0,0,0.0,78.7452,0.29855853697390794,-0.07435727755437833,0,0,79.26,78.682,-0.578000000000003,0.7210000000000036,-0.5370000000000061,0.24033333333333454,0.0,0.04999999999999716,0.10545947088810793,0.24033333333333454,0,1,2023,Canadian Grand Prix,2023_Canadian Grand Prix
SAI,17,0 days 00:01:18.682000,MEDIUM,17.0,True,0 days 01:28:17.030000,5,0 days 00:00:22.402000,0 days 00:00:25.231000,0 days 00:00:31.049000,1,78.682,5297.03,0.7460000000000946,False,True,False,False,17.0,0.0,0.0,0.0,0.0,22.402,25.231,31.049,0,0,0,0.0,78.774,0.2851631112188251,-0.3226223742852941,0,0,78.723,77.425,-1.2980000000000018,0.1839999999999975,-0.04099999999999682,0.041333333333331744,0.0,0.015000000000000568,0.10548791399966014,0.041333333333331744,0,1,2023,Canadian Grand Prix,2023_Canadian Grand Prix
SAI,18,0 days 00:01:17.425000,MEDIUM,18.0,True,0 days 01:29:34.455000,5,0 days 00:00:21.762000,0 days 00:00:24.753000,0 days 00:00:30.910000,1,77.425,5374.455,1.1340000000000146,False,True,False,False,18.0,0.0,0.0,0.0,0.0,21.762,24.753,30.91,0,0,0,0.0,78.80260000000001,0.26192613462577535,-5.259498071730219,1,0,78.682,76.829,-1.8530000000000086,0.08299999999999841,-1.257000000000005,-0.022333333333331023,0.0,-0.12399999999999878,0.07664659157457544,-0.022333333333331023,0,0,2023,Canadian Grand Prix,2023_Canadian Grand Prix
SAI,19,0 days 00:01:16.829000,MEDIUM,19.0,True,0 days 01:30:51.284000,5,0 days 00:00:21.687000,0 days 00:00:24.548000,0 days 00:00:30.594000,1,76.829,5451.284,2.0590000000001965,False,True,False,False,19.0,0.0,0.0,0.0,0.0,21.687,24.548,30.594,0,0,0,0.0,78.5678,0.6810093244589227,-2.5532690046227016,1,1,77.425,76.961,-0.46399999999999864,0.0,-0.5960000000000036,-0.6116666666666694,0.0,-0.31599999999999895,0.1175253164216101,-0.6116666666666694,0,0,2023,Canadian Grand Prix,2023_Canadian Grand Prix
SAI,20,0 days 00:01:16.961000,MEDIUM,20.0,True,0 days 01:32:08.245000,5,0 days 00:00:21.713000,0 days 00:00:24.605000,0 days 00:00:30.643000,1,76.961,5528.245,2.82300000000032,False,True,False,False,20.0,0.0,0.0,0.0,0.0,21.713,24.605,30.643,0,0,0,0.0,78.18379999999999,1.0134602606910628,-1.2065593959907062,0,1,76.829,77.337,0.5080000000000098,0.0,0.132000000000005,-0.6313333333333352,0.0,0.04899999999999949,0.18324300805214735,-0.6313333333333352,0,0,2023,Canadian Grand Prix,2023_Canadian Grand Prix
SAI,21,0 days 00:01:17.337000,MEDIUM,21.0,True,0 days 01:33:25.582000,5,0 days 00:00:21.791000,0 days 00:00:24.773000,0 days 00:00:30.773000,1,77.337,5605.582,2.8919999999998254,False,True,False,False,21.0,0.0,0.0,0.0,0.0,21.791,24.773,30.773,0,0,0,0.0,77.724,0.9203749236044957,-0.4204808171917366,0,0,76.961,77.036,0.07500000000000284,0.132000000000005,0.3760000000000048,-0.5736666666666679,0.0,0.1789999999999985,0.15740298599454733,-0.5736666666666679,0,0,2023,Canadian Grand Prix,2023_Canadian Grand Prix
SAI,22,0 days 00:01:17.036000,MEDIUM,22.0,True,0 days 01:34:42.618000,5,0 days 00:00:21.673000,0 days 00:00:24.641000,0 days 00:00:30.722000,1,77.036,5682.618,3.556999999999789,False,True,False,False,22.0,0.0,0.0,0.0,0.0,21.673,24.641,30.722,0,0,0,0.0,77.44680000000001,0.7341540710232242,-0.5595555704369495,0,0,77.337,77.353,0.015999999999991132,0.5080000000000098,-0.30100000000000193,-0.029333333333331286,0.0,0.1280000000000001,0.18850543758735352,-0.029333333333331286,0,0,2023,Canadian Grand Prix,2023_Canadian Grand Prix
SAI,23,0 days 00:01:17.353000,MEDIUM,23.0,True,0 days 01:35:59.971000,5,0 days 00:00:21.857000,0 days 00:00:24.776000,0 days 00:00:30.720000,1,77.353,5759.971,3.800000000000182,False,True,False,False,23.0,0.0,0.0,0.0,0.0,21.857,24.776,30.72,0,0,0,0.0,77.1176,0.25352672442950985,0.928501721188169,0,0,77.036,77.238,0.20199999999999818,0.20700000000000784,0.31699999999999307,0.06900000000000261,0.0,0.07699999999999818,0.20288346408714442,0.06900000000000261,0,0,2023,Canadian Grand Prix,2023_Canadian Grand Prix
SAI,24,0 days 00:01:17.238000,MEDIUM,24.0,True,0 days 01:37:17.209000,5,0 days 00:00:21.827000,0 days 00:00:24.645000,0 days 00:00:30.766000,1,77.238,5837.209,3.9970000000002983,False,True,False,False,24.0,0.0,0.0,0.0,0.0,21.827,24.645,30.766,0,0,0,0.0,77.10319999999999,0.2329081363970704,0.5787689605235631,0,0,77.353,77.854,0.5010000000000048,0.5240000000000009,-0.11499999999999488,0.1306666666666653,0.0,0.045999999999999375,0.19613337298889152,0.1306666666666653,0,0,2023,Canadian Grand Prix,2023_Canadian Grand Prix
SAI,25,0 days 00:01:17.854000,MEDIUM,25.0,True,0 days 01:38:35.063000,5,0 days 00:00:21.927000,0 days 00:00:24.809000,0 days 00:00:31.118000,1,77.854,5915.063,3.688000000000102,False,True,False,False,25.0,0.0,0.0,0.0,0.0,21.927,24.809,31.118,0,0,0,0.0,77.185,0.17784403279266975,3.7617230642757407,0,0,77.238,77.87,0.632000000000005,0.277000000000001,0.6159999999999997,-0.03300000000000125,0.0,0.3979999999999997,0.0569710452774036,-0.03300000000000125,0,0,2023,Canadian Grand Prix,2023_Canadian Grand Prix
SAI,26,0 days 00:01:17.870000,MEDIUM,26.0,True,0 days 01:39:52.933000,5,0 days 00:00:21.980000,0 days 00:00:24.865000,0 days 00:00:31.025000,1,77.87,5992.933,3.313000000000102,False,True,False,False,26.0,0.0,0.0,0.0,0.0,21.98,24.865,31.025,0,0,0,0.0,77.36359999999999,0.30183157555161505,1.6777568717737286,0,0,77.854,77.643,-0.21099999999999852,0.8179999999999978,0.016000000000005343,0.27266666666666595,0.0,0.3049999999999997,0.13942489017388557,0.27266666666666595,0,0,2023,Canadian Grand Prix,2023_Canadian Grand Prix
SAI,27,0 days 00:01:17.643000,MEDIUM,27.0,True,0 days 01:41:10.576000,5,0 days 00:00:21.724000,0 days 00:00:24.885000,0 days 00:00:31.034000,1,77.643,6070.576,3.492000000000189,False,True,False,False,27.0,0.0,0.0,0.0,0.0,21.724,24.885,31.034,0,0,0,0.0,77.4702,0.3752748326226762,0.46046253299841894,0,0,77.87,77.569,-0.30100000000000193,0.8340000000000032,-0.22700000000000387,0.1723333333333367,0.0,0.2680000000000007,0.15316233218386327,0.1723333333333367,0,0,2023,Canadian Grand Prix,2023_Canadian Grand Prix
SAI,28,0 days 00:01:17.569000,MEDIUM,28.0,True,0 days 01:42:28.145000,5,0 days 00:00:21.823000,0 days 00:00:24.806000,0 days 00:00:30.940000,1,77.569,6148.145,3.5649999999996,False,True,False,False,28.0,0.0,0.0,0.0,0.0,21.823,24.806,30.94,0,0,0,0.0,77.5916,0.28764787501385275,-0.07856828422218895,0,0,77.643,77.432,-0.21099999999999852,0.40500000000000114,-0.07399999999999807,0.13500000000000037,0.0,-0.0849999999999973,0.15160046174072211,0.13500000000000037,0,0,2023,Canadian Grand Prix,2023_Canadian Grand Prix
SAI,29,0 days 00:01:17.432000,MEDIUM,29.0,True,0 days 01:43:45.577000,5,0 days 00:00:21.683000,0 days 00:00:24.770000,0 days 00:00:30.979000,12,77.432,6225.577,3.831000000000131,False,True,False,False,29.0,0.0,0.0,0.0,0.0,21.683,24.77,30.979,0,0,1,0.0,77.63480000000001,0.25749504849605825,-0.7875879601743682,0,0,77.569,77.421,-0.14799999999999613,0.33100000000000307,-0.13700000000000045,-0.09499999999999886,0.0,0.038999999999997925,0.19929199682877297,-0.09499999999999886,0,0,2023,Canadian Grand Prix,2023_Canadian Grand Prix
SAI,30,0 days 00:01:17.421000,MEDIUM,30.0,True,0 days 01:45:02.998000,5,0 days 00:00:21.737000,0 days 00:00:24.827000,0 days 00:00:30.857000,1,77.421,6302.998,3.9840000000003783,False,True,False,False,30.0,0.0,0.0,0.0,0.0,21.737,24.827,30.857,0,0,0,0.0,77.67360000000001,0.18799281901176554,-1.343668345034988,0,0,77.432,77.44,0.007999999999995566,0.0,-0.01099999999999568,-0.1460000000000008,0.0,-0.08300000000000196,0.2005455060578515,-0.1460000000000008,0,0,2023,Canadian Grand Prix,2023_Canadian Grand Prix
SAI,31,0 days 00:01:17.440000,MEDIUM,31.0,True,0 days 01:46:20.438000,5,0 days 00:00:21.718000,0 days 00:00:24.801000,0 days 00:00:30.921000,1,77.44,6380.438,4.286000000000058,False,True,False,False,31.0,0.0,0.0,0.0,0.0,21.718,24.801,30.921,0,0,0,0.0,77.587,0.1838001632207795,-0.7997816619097894,0,0,77.421,77.359,-0.06200000000001182,0.0,0.018999999999991246,-0.07399999999999807,0.0,0.06400000000000006,0.18778764602603656,-0.07399999999999807,0,0,2023,Canadian Grand Prix,2023_Canadian Grand Prix
SAI,32,0 days 00:01:17.359000,MEDIUM,32.0,True,0 days 01:47:37.797000,5,0 days 00:00:21.630000,0 days 00:00:24.799000,0 days 00:00:30.930000,1,77.359,6457.797,4.648000000000138,False,True,False,False,32.0,0.0,0.0,0.0,0.0,21.63,24.799,30.93,0,0,0,0.0,77.501,0.09958664569097288,-1.425893994267565,0,0,77.44,77.533,0.09300000000000352,0.018999999999991246,-0.08100000000000307,-0.04300000000000163,0.0,0.0730000000000004,0.14432013026601667,-0.04300000000000163,0,0,2023,Canadian Grand Prix,2023_Canadian Grand Prix
SAI,33,0 days 00:01:17.533000,MEDIUM,33.0,True,0 days 01:48:55.330000,5,0 days 00:00:21.613000,0 days 00:00:24.982000,0 days 00:00:30.938000,1,77.533,6535.33,5.100999999999658,False,True,False,False,33.0,0.0,0.0,0.0,0.0,21.613,24.982,30.938,0,0,0,0.0,77.4442,0.07671179831013962,1.1575794331009548,0,0,77.359,77.636,0.277000000000001,0.0,0.1740000000000066,-0.024333333333335833,0.0,0.08099999999999952,0.07913153606495918,-0.024333333333335833,0,0,2023,Canadian Grand Prix,2023_Canadian Grand Prix
SAI,34,0 days 00:01:17.636000,MEDIUM,34.0,True,0 days 01:50:12.966000,5,0 days 00:00:21.750000,0 days 00:00:24.838000,0 days 00:00:31.048000,1,77.636,6612.966,5.431999999999789,False,True,False,False,34.0,0.0,0.0,0.0,0.0,21.75,24.838,31.048,0,0,0,0.0,77.437,0.06242996075583193,3.187572082229899,0,0,77.533,77.452,-0.08100000000000307,0.1740000000000066,0.10299999999999443,0.03733333333333159,0.0,0.1269999999999989,0.0677141048822186,0.03733333333333159,0,0,2023,Canadian Grand Prix,2023_Canadian Grand Prix
SAI,35,0 days 00:01:17.452000,MEDIUM,35.0,True,0 days 01:51:30.418000,5,0 days 00:00:21.681000,0 days 00:00:24.813000,0 days 00:00:30.958000,12,77.452,6690.418,5.722000000000662,False,True,False,False,35.0,0.0,0.0,0.0,0.0,21.681,24.813,30.958,0,0,1,0.0,77.4778,0.10821598772814614,-0.23841209179568795,0,0,77.636,77.854,0.21800000000000352,0.277000000000001,-0.1839999999999975,0.06533333333333265,0.0,0.027999999999998693,0.07949087998003344,0.06533333333333265,0,0,2023,Canadian Grand Prix,2023_Canadian Grand Prix
SAI,36,0 days 00:01:17.854000,MEDIUM,36.0,True,0 days 01:52:48.272000,5,0 days 00:00:22.033000,0 days 00:00:24.777000,0 days 00:00:31.044000,21,77.854,6768.272,6.337999999999738,False,True,False,False,36.0,0.0,0.0,0.0,0.0,22.033,24.777,31.044,0,0,1,0.0,77.484,0.10498809456304597,3.5242091166614835,0,0,77.452,77.495,0.043000000000006366,0.09300000000000352,0.402000000000001,0.031000000000001176,0.0,0.10600000000000165,0.035613199800074026,0.031000000000001176,0,0,2023,Canadian Grand Prix,2023_Canadian Grand Prix
SAI,37,0 days 00:01:17.495000,MEDIUM,37.0,True,0 days 01:54:05.767000,5,0 days 00:00:21.664000,0 days 00:00:24.834000,0 days 00:00:30.997000,1,77.495,6845.767,23.2470000000003,False,True,False,False,37.0,0.0,0.0,0.0,0.0,21.664,24.834,30.997,0,0,0,0.0,77.56679999999999,0.19024641915155108,-0.37740526376365435,0,0,77.854,77.039,-0.8149999999999977,0.49500000000000455,-0.35899999999999466,0.10699999999999932,0.0,0.03900000000000148,0.03739652390263061,0.10699999999999932,0,0,2023,Canadian Grand Prix,2023_Canadian Grand Prix
SAI,40,0 days 00:01:17.039000,HARD,2.0,True,0 days 01:58:16.990000,5,0 days 00:00:21.536000,0 days 00:00:24.666000,0 days 00:00:30.837000,1,77.039,7096.99,4.516999999999825,True,False,False,False,2.0,0.0,0.0,0.0,0.0,21.536,24.666,30.837,0,0,0,0.0,77.59400000000001,0.16050700919271357,-3.4577929200191075,1,0,77.495,76.43,-1.0649999999999977,0.043000000000006366,-0.45600000000000307,-0.046999999999997044,0.0,-0.12099999999999866,0.04242287118996064,-0.046999999999997044,0,0,2023,Canadian Grand Prix,2023_Canadian Grand Prix
SAI,41,0 days 00:01:16.430000,HARD,3.0,True,0 days 01:59:33.420000,5,0 days 00:00:21.496000,0 days 00:00:24.478000,0 days 00:00:30.456000,1,76.43,7173.42,4.497000000000298,True,False,False,False,3.0,0.0,0.0,0.0,0.0,21.496,24.478,30.456,0,0,0,0.0,77.4952,0.2993938877131291,-3.5578548651622284,1,1,77.039,76.722,-0.3170000000000073,0.0,-0.6089999999999947,-0.13766666666666558,0.0,-0.3810000000000002,0.09734320726172886,-0.13766666666666558,0,0,2023,Canadian Grand Prix,2023_Canadian Grand Prix
SAI,42,0 days 00:01:16.722000,HARD,4.0,True,0 days 02:00:50.142000,5,0 days 00:00:21.558000,0 days 00:00:24.676000,0 days 00:00:30.488000,1,76.722,7250.142,3.923999999999978,True,False,False,False,4.0,0.0,0.0,0.0,0.0,21.558,24.676,30.488,0,0,0,0.0,77.254,0.5437108606602991,-0.9784612346237367,0,1,76.43,77.079,0.6489999999999867,0.0,0.2919999999999874,-0.4746666666666641,0.0,0.03200000000000003,0.19474008318782282,-0.4746666666666641,0,0,2023,Canadian Grand Prix,2023_Canadian Grand Prix
SAI,43,0 days 00:01:17.079000,HARD,5.0,True,0 days 02:02:07.221000,5,0 days 00:00:21.715000,0 days 00:00:24.548000,0 days 00:00:30.816000,1,77.079,7327.221,3.446000000000822,True,False,False,False,5.0,0.0,0.0,0.0,0.0,21.715,24.548,30.816,0,0,0,0.0,77.108,0.5743966399622785,-0.050487760516696345,0,0,76.722,76.525,-0.19699999999998852,0.2919999999999874,0.3569999999999993,-0.2576666666666701,0.0,0.35999999999999943,0.19522935230133867,-0.2576666666666701,0,0,2023,Canadian Grand Prix,2023_Canadian Grand Prix
SAI,44,0 days 00:01:16.525000,HARD,6.0,True,0 days 02:03:23.746000,5,0 days 00:00:21.517000,0 days 00:00:24.398000,0 days 00:00:30.610000,1,76.525,7403.746,3.0910000000003492,True,False,False,False,6.0,0.0,0.0,0.0,0.0,21.517,24.398,30.61,0,0,0,0.0,76.953,0.4012249992210672,-1.0667331318609525,0,0,77.079,76.099,-0.9799999999999898,0.6489999999999867,-0.5539999999999878,0.01333333333333068,0.0,0.15399999999999991,0.2696937151659265,0.01333333333333068,0,0,2023,Canadian Grand Prix,2023_Canadian Grand Prix
SAI,45,0 days 00:01:16.099000,HARD,7.0,True,0 days 02:04:39.845000,5,0 days 00:00:21.225000,0 days 00:00:24.279000,0 days 00:00:30.595000,1,76.099,7479.845,3.436999999999898,True,False,False,False,7.0,0.0,0.0,0.0,0.0,21.225,24.279,30.595,0,0,0,0.0,76.75899999999999,0.2937541489067524,-2.246776777302604,1,0,76.525,76.1,-0.42500000000001137,0.09499999999999886,-0.42600000000000193,0.03166666666666629,0.0,0.10699999999999932,0.2800690986167518,0.03166666666666629,0,0,2023,Canadian Grand Prix,2023_Canadian Grand Prix
SAI,46,0 days 00:01:16.100000,HARD,8.0,True,0 days 02:05:55.945000,5,0 days 00:00:21.247000,0 days 00:00:24.373000,0 days 00:00:30.480000,1,76.1,7555.945,3.5690000000004147,True,False,False,False,8.0,0.0,0.0,0.0,0.0,21.247,24.373,30.48,0,0,0,0.0,76.571,0.36250724130686773,-1.299284390298,0,1,76.099,75.911,-0.1880000000000024,0.0,0.000999999999990564,-0.20766666666666347,0.0,-0.11499999999999844,0.27209979786835553,-0.20766666666666347,0,0,2023,Canadian Grand Prix,2023_Canadian Grand Prix
SAI,47,0 days 00:01:15.911000,HARD,9.0,True,0 days 02:07:11.856000,5,0 days 00:00:21.194000,0 days 00:00:24.227000,0 days 00:00:30.490000,1,75.911,7631.856,3.9459999999999127,True,False,False,False,9.0,0.0,0.0,0.0,0.0,21.194,24.227,30.49,0,0,0,0.0,76.505,0.4200672565196102,-1.4140592745111142,0,0,76.1,76.195,0.09499999999999886,0.000999999999990564,-0.18899999999999295,-0.3263333333333331,0.0,0.00999999999999801,0.1740152292185938,-0.3263333333333331,0,0,2023,Canadian Grand Prix,2023_Canadian Grand Prix
SAI,48,0 days 00:01:16.195000,HARD,10.0,True,0 days 02:08:28.051000,5,0 days 00:00:21.227000,0 days 00:00:24.324000,0 days 00:00:30.644000,1,76.195,7708.051,4.130999999999403,True,False,False,False,10.0,0.0,0.0,0.0,0.0,21.227,24.324,30.644,0,0,0,0.0,76.3428,0.46904925114522766,-0.3151055025439997,0,0,75.911,76.062,0.15099999999999625,0.0,0.2839999999999918,-0.2046666666666681,0.0,0.16399999999999793,0.17666267291083262,-0.2046666666666681,0,0,2023,Canadian Grand Prix,2023_Canadian Grand Prix
SAI,49,0 days 00:01:16.062000,HARD,11.0,True,0 days 02:09:44.113000,5,0 days 00:00:21.224000,0 days 00:00:24.301000,0 days 00:00:30.537000,1,76.062,7784.113,4.152999999999338,True,False,False,False,11.0,0.0,0.0,0.0,0.0,21.224,24.301,30.537,0,0,0,0.0,76.166,0.22560585098771055,-0.46098095215475776,0,0,76.195,76.304,0.10900000000000887,0.2839999999999918,-0.13299999999999557,0.031999999999996476,0.0,0.05699999999999861,0.11716014680769132,0.031999999999996476,0,0,2023,Canadian Grand Prix,2023_Canadian Grand Prix
SAI,50,0 days 00:01:16.304000,HARD,12.0,True,0 days 02:11:00.417000,5,0 days 00:00:21.439000,0 days 00:00:24.286000,0 days 00:00:30.579000,1,76.304,7860.417,4.532999999999447,True,False,False,False,12.0,0.0,0.0,0.0,0.0,21.439,24.286,30.579,0,0,0,0.0,76.0734,0.10326325580708974,2.2331273423219256,0,0,76.062,76.188,0.12600000000000477,0.15099999999999625,0.24200000000000443,-0.012666666666665568,0.0,0.08900000000000219,0.10603442837116514,-0.012666666666665568,0,0,2023,Canadian Grand Prix,2023_Canadian Grand Prix
SAI,51,0 days 00:01:16.188000,HARD,13.0,True,0 days 02:12:16.605000,5,0 days 00:00:21.277000,0 days 00:00:24.337000,0 days 00:00:30.574000,1,76.188,7936.605,5.096000000000458,True,False,False,False,13.0,0.0,0.0,0.0,0.0,21.277,24.337,30.574,0,0,0,0.0,76.1144,0.14728306080430528,0.4997180232273362,0,0,76.304,76.091,-0.21300000000000807,0.3930000000000007,-0.11599999999999966,0.13100000000000023,0.0,0.037000000000002586,0.10366532689380677,0.13100000000000023,0,0,2023,Canadian Grand Prix,2023_Canadian Grand Prix
SAI,52,0 days 00:01:16.091000,HARD,14.0,True,0 days 02:13:32.696000,5,0 days 00:00:21.256000,0 days 00:00:24.237000,0 days 00:00:30.598000,1,76.091,8012.696,5.399999999999636,True,False,False,False,14.0,0.0,0.0,0.0,0.0,21.256,24.237,30.598,0,0,0,0.0,76.13199999999999,0.15035790634311982,-0.272682700877957,0,0,76.188,76.058,-0.12999999999999545,0.277000000000001,-0.09700000000000841,-0.002333333333330264,0.0,0.06099999999999994,0.05925622330186038,-0.002333333333330264,0,0,2023,Canadian Grand Prix,2023_Canadian Grand Prix
SAI,53,0 days 00:01:16.058000,HARD,15.0,True,0 days 02:14:48.754000,5,0 days 00:00:21.256000,0 days 00:00:24.260000,0 days 00:00:30.542000,1,76.058,8088.754,6.1159999999999854,True,False,False,False,15.0,0.0,0.0,0.0,0.0,21.256,24.26,30.542,0,0,0,0.0,76.16799999999999,0.09590359742934766,-1.146985128279702,0,0,76.091,76.321,0.23000000000000398,0.028999999999996362,-0.03299999999998704,0.009666666666665455,0.0,-0.03200000000000003,0.04965682229059641,0.009666666666665455,0,0,2023,Canadian Grand Prix,2023_Canadian Grand Prix
SAI,54,0 days 00:01:16.321000,HARD,16.0,True,0 days 02:16:05.075000,5,0 days 00:00:21.225000,0 days 00:00:24.484000,0 days 00:00:30.612000,1,76.321,8165.075,6.442000000000007,True,False,False,False,16.0,0.0,0.0,0.0,0.0,21.225,24.484,30.612,0,0,0,0.0,76.14059999999999,0.10536507960366956,1.7121422076325474,0,0,76.058,75.954,-0.10400000000001342,0.0,0.262999999999991,-0.08199999999999837,0.0,0.06999999999999673,0.04553899427962838,-0.08199999999999837,0,0,2023,Canadian Grand Prix,2023_Canadian Grand Prix
SAI,55,0 days 00:01:15.954000,HARD,17.0,True,0 days 02:17:21.029000,5,0 days 00:00:21.181000,0 days 00:00:24.236000,0 days 00:00:30.537000,1,75.954,8241.029,7.449999999998909,True,False,False,False,17.0,0.0,0.0,0.0,0.0,21.181,24.236,30.537,0,0,0,0.0,76.19239999999999,0.11974681624114972,-1.9908671268545592,1,0,76.321,76.357,0.036000000000001364,0.262999999999991,-0.36700000000000443,0.04433333333333186,0.0,-0.005000000000002558,0.04693080012102915,0.04433333333333186,0,0,2023,Canadian Grand Prix,2023_Canadian Grand Prix
SAI,56,0 days 00:01:16.357000,HARD,18.0,True,0 days 02:18:37.386000,5,0 days 00:00:21.130000,0 days 00:00:24.501000,0 days 00:00:30.726000,1,76.357,8317.386,8.162000000000262,True,False,False,False,18.0,0.0,0.0,0.0,0.0,21.13,24.501,30.726,0,0,0,0.0,76.1224,0.13895790729528454,1.6882810382389903,0,1,75.954,76.802,0.8480000000000132,0.0,0.4030000000000058,-0.04566666666666682,0.0,0.18900000000000006,0.04360848541281817,-0.04566666666666682,0,0,2023,Canadian Grand Prix,2023_Canadian Grand Prix
SAI,57,0 days 00:01:16.802000,HARD,19.0,True,0 days 02:19:54.188000,5,0 days 00:00:21.282000,0 days 00:00:24.774000,0 days 00:00:30.746000,1,76.802,8394.188,8.173000000000684,True,False,False,False,19.0,0.0,0.0,0.0,0.0,21.282,24.774,30.746,0,0,0,0.0,76.15619999999998,0.17482762939503788,3.6939241367895153,0,0,76.357,76.14,-0.21699999999999875,0.4030000000000058,0.4450000000000074,0.09966666666666413,0.0,0.20899999999999963,0.08569305689494368,0.09966666666666413,0,0,2023,Canadian Grand Prix,2023_Canadian Grand Prix
SAI,58,0 days 00:01:16.140000,HARD,20.0,True,0 days 02:21:10.328000,5,0 days 00:00:21.217000,0 days 00:00:24.391000,0 days 00:00:30.532000,1,76.14,8470.328,8.497000000001208,True,False,False,False,20.0,0.0,0.0,0.0,0.0,21.217,24.391,30.532,0,0,0,0.0,76.2984,0.3293786574748067,-0.4809054758264534,0,0,76.802,75.966,-0.8360000000000127,0.8480000000000132,-0.6620000000000061,0.16033333333333624,0.0,-0.004999999999999005,0.10977112552944018,0.16033333333333624,0,0,2023,Canadian Grand Prix,2023_Canadian Grand Prix
SAI,59,0 days 00:01:15.966000,HARD,21.0,True,0 days 02:22:26.294000,5,0 days 00:00:21.159000,0 days 00:00:24.228000,0 days 00:00:30.579000,1,75.966,8546.294,8.998999999999796,True,False,False,False,21.0,0.0,0.0,0.0,0.0,21.159,24.228,30.579,0,0,0,0.0,76.31479999999999,0.31619408596605475,-1.1031199363970483,0,0,76.14,75.947,-0.19299999999999784,0.18600000000000705,-0.1740000000000066,0.06200000000000235,0.0,0.0470000000000006,0.10295533011942645,0.06200000000000235,0,0,2023,Canadian Grand Prix,2023_Canadian Grand Prix
SAI,60,0 days 00:01:15.947000,HARD,22.0,True,0 days 02:23:42.241000,5,0 days 00:00:21.084000,0 days 00:00:24.283000,0 days 00:00:30.580000,1,75.947,8622.241,9.370999999999185,True,False,False,False,22.0,0.0,0.0,0.0,0.0,21.084,24.283,30.58,0,0,0,0.0,76.2438,0.3522544534848401,-0.842572739858245,0,0,75.966,76.007,0.04100000000001103,0.012000000000000455,-0.018999999999991246,-0.1303333333333351,0.0,0.047999999999998266,0.10466135867644767,-0.1303333333333351,0,0,2023,Canadian Grand Prix,2023_Canadian Grand Prix
SAI,61,0 days 00:01:16.007000,HARD,23.0,True,0 days 02:24:58.248000,5,0 days 00:00:21.137000,0 days 00:00:24.284000,0 days 00:00:30.586000,1,76.007,8698.248,9.71600000000035,True,False,False,False,23.0,0.0,0.0,0.0,0.0,21.137,24.284,30.586,0,0,0,0.0,76.2424,0.3537051031578445,-0.6655261626093896,0,0,75.947,76.186,0.23900000000000432,0.0,0.060000000000002274,-0.2850000000000013,0.0,0.053999999999998494,0.0952774894715428,-0.2850000000000013,0,0,2023,Canadian Grand Prix,2023_Canadian Grand Prix
SAI,62,0 days 00:01:16.186000,HARD,24.0,True,0 days 02:26:14.434000,5,0 days 00:00:21.244000,0 days 00:00:24.265000,0 days 00:00:30.677000,1,76.186,8774.434,9.838000000001557,True,False,False,False,24.0,0.0,0.0,0.0,0.0,21.244,24.265,30.677,0,0,0,0.0,76.17240000000001,0.35993374390280986,0.03778473185795281,0,0,76.007,76.045,0.0379999999999967,0.060000000000002274,0.17900000000000205,-0.04433333333333186,0.0,0.09799999999999898,0.08095245518203852,-0.04433333333333186,0,0,2023,Canadian Grand Prix,2023_Canadian Grand Prix
SAI,63,0 days 00:01:16.045000,HARD,25.0,True,0 days 02:27:30.479000,5,0 days 00:00:21.183000,0 days 00:00:24.311000,0 days 00:00:30.551000,1,76.045,8850.479,10.188000000000102,True,False,False,False,25.0,0.0,0.0,0.0,0.0,21.183,24.311,30.551,0,0,0,0.0,76.0492,0.10736247016475287,-0.03911981527206123,0,0,76.186,76.028,-0.15800000000000125,0.23900000000000432,-0.14100000000000534,0.07333333333333769,0.0,-0.028999999999999915,0.03655543735205389,0.07333333333333769,0,0,2023,Canadian Grand Prix,2023_Canadian Grand Prix
SAI,64,0 days 00:01:16.028000,HARD,26.0,True,0 days 02:28:46.507000,5,0 days 00:00:21.144000,0 days 00:00:24.271000,0 days 00:00:30.613000,1,76.028,8926.507,10.497999999999593,True,False,False,False,26.0,0.0,0.0,0.0,0.0,21.144,24.271,30.613,0,0,0,0.0,76.03020000000001,0.09496683631602833,-0.023165981782112564,0,0,76.045,76.328,0.28300000000000125,0.09799999999999898,-0.016999999999995907,0.03266666666666632,0.0,0.062000000000001165,0.04574166590757219,0.03266666666666632,0,0,2023,Canadian Grand Prix,2023_Canadian Grand Prix
SAI,65,0 days 00:01:16.328000,HARD,27.0,True,0 days 02:30:02.835000,5,0 days 00:00:21.333000,0 days 00:00:24.394000,0 days 00:00:30.601000,1,76.328,9002.835,10.7400000000016,True,False,False,False,27.0,0.0,0.0,0.0,0.0,21.333,24.394,30.601,0,0,0,0.0,76.04260000000001,0.08830232159958484,3.232078102025094,0,0,76.028,76.672,0.6439999999999912,0.08100000000000307,0.29999999999999716,0.0070000000000002656,0.0,0.05000000000000071,0.04650591360246529,0.0070000000000002656,0,0,2023,Canadian Grand Prix,2023_Canadian Grand Prix
SAI,66,0 days 00:01:16.672000,HARD,28.0,True,0 days 02:31:19.507000,5,0 days 00:00:21.329000,0 days 00:00:24.584000,0 days 00:00:30.759000,1,76.672,9079.507,10.838999999999942,True,False,False,False,28.0,0.0,0.0,0.0,0.0,21.329,24.584,30.759,0,0,0,0.0,76.11880000000001,0.1364466928873205,4.054330583569582,0,0,76.328,76.307,-0.021000000000000796,0.32099999999999795,0.3439999999999941,0.04733333333333197,0.0,0.20800000000000196,0.046529560496527025,0.04733333333333197,0,0,2023,Canadian Grand Prix,2023_Canadian Grand Prix
SAI,67,0 days 00:01:16.307000,HARD,29.0,True,0 days 02:32:35.814000,5,0 days 00:00:21.335000,0 days 00:00:24.364000,0 days 00:00:30.608000,1,76.307,9155.814,11.045000000000073,True,False,False,False,29.0,0.0,0.0,0.0,0.0,21.335,24.364,30.608,0,0,0,0.0,76.2518,0.26436565586305477,0.20880170618150812,0,0,76.672,76.541,-0.13100000000000023,0.6439999999999912,-0.3649999999999949,0.20899999999999844,0.0,0.0070000000000014495,0.0862971610193527,0.20899999999999844,0,0,2023,Canadian Grand Prix,2023_Canadian Grand Prix
SAI,68,0 days 00:01:16.541000,HARD,30.0,True,0 days 02:33:52.355000,5,0 days 00:00:21.308000,0 days 00:00:24.549000,0 days 00:00:30.684000,1,76.541,9232.355,38.197000000000116,True,False,False,False,30.0,0.0,0.0,0.0,0.0,21.308,24.549,30.684,0,0,0,0.0,76.276,0.26236710921894624,1.0100351404141026,0,0,76.307,76.349,0.04200000000000159,0.27899999999999636,0.23399999999999466,0.09299999999999879,0.0,0.08300000000000196,0.09046712109932589,0.09299999999999879,0,0,2023,Canadian Grand Prix,2023_Canadian Grand Prix
SAI,69,0 days 00:01:16.349000,HARD,31.0,True,0 days 02:35:08.704000,5,0 days 00:00:21.328000,0 days 00:00:24.399000,0 days 00:00:30.622000,1,76.349,9308.704,38.92000000000007,True,False,False,False,31.0,0.0,0.0,0.0,0.0,21.328,24.399,30.622,0,0,0,0.0,76.3752,0.2464785994765438,-0.10629726092100834,0,0,76.541,76.905,0.3640000000000043,0.512999999999991,-0.19199999999999307,0.07099999999999795,0.0,0.013999999999999346,0.07570667077609503,0.07099999999999795,0,0,2023,Canadian Grand Prix,2023_Canadian Grand Prix
SAR,2,0 days 00:01:20.814000,MEDIUM,2.0,True,0 days 01:04:59.568000,18,0 days 00:00:23.655000,0 days 00:00:25.555000,0 days 00:00:31.604000,1,80.814,3899.568,0.5809999999996762,False,True,False,False,2.0,0.0,0.0,0.0,0.0,23.655,25.555,31.604,0,0,0,0.0,76.5548,0.24511466704369927,17.376357161200225,0,0,80.814,79.105,-1.708999999999989,4.506999999999991,0.0,0.199333333333333,0.0,0.9819999999999993,0.08352424797626194,0.0,0,1,2023,Canadian Grand Prix,2023_Canadian Grand Prix
SAR,3,0 days 00:01:19.105000,MEDIUM,3.0,True,0 days 01:06:18.673000,18,0 days 00:00:22.631000,0 days 00:00:25.196000,0 days 00:00:31.278000,1,79.105,3978.673,0.44000000000005457,False,True,False,False,3.0,0.0,0.0,0.0,0.0,22.631,25.196,31.278,0,0,0,0.0,,,0.0,0,0,80.814,78.437,-2.3769999999999953,0.0,-1.708999999999989,0.0,0.0,0.0,0.0,0.0,0,1,2023,Canadian Grand Prix,2023_Canadian Grand Prix
SAR,4,0 days 00:01:18.437000,MEDIUM,4.0,True,0 days 01:07:37.110000,18,0 days 00:00:22.244000,0 days 00:00:25.179000,0 days 00:00:31.014000,1,78.437,4057.11,0.7519999999999527,False,True,False,False,4.0,0.0,0.0,0.0,0.0,22.244,25.179,31.014,0,0,0,0.0,,,0.0,0,0,79.105,79.517,0.41199999999999193,0.0,-0.6680000000000064,-0.8544999999999945,0.0,-0.26399999999999935,0.0,0.0,0,1,2023,Canadian Grand Prix,2023_Canadian Grand Prix
SAR,5,0 days 00:01:19.517000,MEDIUM,5.0,True,0 days 01:08:56.627000,18,0 days 00:00:22.798000,0 days 00:00:25.294000,0 days 00:00:31.425000,1,79.517,4136.627,0.6779999999998836,False,True,False,False,5.0,0.0,0.0,0.0,0.0,22.798,25.294,31.425,0,0,0,0.0,79.452,1.2259033403984108,0.05302212487558207,0,0,78.437,79.166,0.7289999999999992,0.0,1.0799999999999983,-0.7923333333333318,0.0,0.41100000000000136,0.6565739359229337,-1.1884999999999977,0,1,2023,Canadian Grand Prix,2023_Canadian Grand Prix
STR,2,0 days 00:01:19.609000,MEDIUM,2.0,True,0 days 01:04:57.051000,14,0 days 00:00:22.491000,0 days 00:00:25.315000,0 days 00:00:31.803000,1,79.609,3897.051,1.050000000000182,False,True,False,False,2.0,0.0,0.0,0.0,0.0,22.491,25.315,31.803,0,0,0,0.0,79.4078,0.8777714394989111,0.22921684500791922,0,0,79.609,78.385,-1.2239999999999895,1.171999999999997,0.0,0.020333333333330945,0.0,0.7890000000000015,0.4702033602602173,0.0,0,0,2023,Canadian Grand Prix,2023_Canadian Grand Prix
STR,3,0 days 00:01:18.385000,MEDIUM,3.0,True,0 days 01:06:15.436000,14,0 days 00:00:22.019000,0 days 00:00:25.123000,0 days 00:00:31.243000,1,78.385,3975.436,1.406999999999698,False,True,False,False,3.0,0.0,0.0,0.0,0.0,22.019,25.123,31.243,0,0,0,0.0,,,0.0,0,0,79.609,78.693,-0.9159999999999968,0.0,-1.2239999999999895,0.0,0.0,0.0,0.0,0.0,0,0,2023,Canadian Grand Prix,2023_Canadian Grand Prix
STR,4,0 days 00:01:18.693000,MEDIUM,4.0,True,0 days 01:07:34.129000,14,0 days 00:00:22.223000,0 days 00:00:25.235000,0 days 00:00:31.235000,1,78.693,4054.129,0.9120000000002619,False,True,False,False,4.0,0.0,0.0,0.0,0.0,22.223,25.235,31.235,0,0,0,0.0,,,0.0,0,0,78.385,78.829,0.4439999999999884,0.0,0.3079999999999927,-0.6119999999999948,0.0,-0.007999999999999119,0.0,0.0,0,1,2023,Canadian Grand Prix,2023_Canadian Grand Prix
STR,5,0 days 00:01:18.829000,MEDIUM,5.0,True,0 days 01:08:52.958000,14,0 days 00:00:22.244000,0 days 00:00:25.210000,0 days 00:00:31.375000,1,78.829,4132.958,0.5489999999999782,False,True,False,False,5.0,0.0,0.0,0.0,0.0,22.244,25.21,31.375,0,0,0,0.0,78.89566666666667,0.6366705060966215,-0.10471141042076122,0,0,78.693,78.383,-0.3100000000000023,0.3079999999999927,0.13599999999999568,-0.3053333333333323,0.0,0.14000000000000057,0.45785623653427926,-0.4579999999999984,0,1,2023,Canadian Grand Prix,2023_Canadian Grand Prix
STR,6,0 days 00:01:18.383000,MEDIUM,6.0,True,0 days 01:10:11.341000,14,0 days 00:00:22.145000,0 days 00:00:25.193000,0 days 00:00:31.045000,1,78.383,4211.341,0.8499999999994543,False,True,False,False,6.0,0.0,0.0,0.0,0.0,22.145,25.193,31.045,0,0,0,0.0,78.87899999999999,0.5209069014708837,-0.9521855030129971,0,0,78.829,78.766,-0.06299999999998818,0.4439999999999884,-0.44599999999999795,-0.2600000000000004,0.0,-0.18999999999999773,0.37864880386271793,-0.2600000000000004,0,1,2023,Canadian Grand Prix,2023_Canadian Grand Prix
STR,9,0 days 00:01:18.766000,MEDIUM,9.0,True,0 days 01:14:22.851000,14,0 days 00:00:22.219000,0 days 00:00:25.209000,0 days 00:00:31.338000,1,78.766,4462.851,0.5900000000001455,False,True,False,False,9.0,0.0,0.0,0.0,0.0,22.219,25.209,31.338,0,0,0,0.0,78.7798,0.5027038889843605,-0.027451548122832372,0,0,78.383,79.107,0.7240000000000038,0.0,0.3830000000000098,-0.0006666666666698499,0.0,0.29299999999999926,0.37795925706350947,-0.0006666666666698499,0,1,2023,Canadian Grand Prix,2023_Canadian Grand Prix
STR,10,0 days 00:01:19.107000,MEDIUM,10.0,True,0 days 01:15:41.958000,13,0 days 00:00:22.205000,0 days 00:00:25.587000,0 days 00:00:31.315000,1,79.107,4541.958,0.5880000000006476,False,True,False,False,10.0,0.0,0.0,0.0,0.0,22.205,25.587,31.315,0,0,0,0.0,78.61120000000001,0.2129159458565943,2.32861845084128,0,0,78.766,79.965,1.198999999999998,0.3830000000000098,0.340999999999994,0.024333333333335833,0.0,0.2699999999999996,0.18067097165842558,0.024333333333335833,0,1,2023,Canadian Grand Prix,2023_Canadian Grand Prix
STR,17,0 days 00:01:19.965000,HARD,6.0,True,0 days 01:28:23.450000,16,0 days 00:00:22.628000,0 days 00:00:25.698000,0 days 00:00:31.639000,1,79.965,5303.45,0.3760000000002037,True,False,False,False,6.0,0.0,0.0,0.0,0.0,22.628,25.698,31.639,0,0,0,0.0,78.7556,0.26063729587302825,4.6401647774506225,0,0,79.107,79.358,0.2510000000000048,0.7240000000000038,0.8580000000000041,0.0926666666666686,0.0,0.5939999999999976,0.20218061232472193,0.0926666666666686,0,1,2023,Canadian Grand Prix,2023_Canadian Grand Prix
STR,18,0 days 00:01:19.358000,HARD,7.0,True,0 days 01:29:42.808000,16,0 days 00:00:22.240000,0 days 00:00:25.470000,0 days 00:00:31.648000,1,79.358,5382.808,0.45200000000022555,True,False,False,False,7.0,0.0,0.0,0.0,0.0,22.24,25.47,31.648,0,0,0,0.0,79.00999999999999,0.593055646630225,0.5867914789739689,0,0,79.965,78.286,-1.679000000000002,1.5820000000000078,-0.6069999999999993,0.527333333333336,0.0,0.3329999999999984,0.2838112048528018,0.527333333333336,0,1,2023,Canadian Grand Prix,2023_Canadian Grand Prix
STR,19,0 days 00:01:18.286000,HARD,8.0,True,0 days 01:31:01.094000,16,0 days 00:00:22.146000,0 days 00:00:25.138000,0 days 00:00:31.002000,1,78.286,5461.094,0.5990000000001601,True,False,False,False,8.0,0.0,0.0,0.0,0.0,22.146,25.138,31.002,0,0,0,0.0,79.11580000000001,0.5998405621496335,-1.3833676019278731,0,0,79.358,78.443,-0.9150000000000063,0.9750000000000085,-1.0720000000000027,0.19733333333333292,0.0,-0.3130000000000024,0.2830962733770952,0.19733333333333292,0,1,2023,Canadian Grand Prix,2023_Canadian Grand Prix
STR,20,0 days 00:01:18.443000,HARD,9.0,True,0 days 01:32:19.537000,16,0 days 00:00:22.092000,0 days 00:00:25.153000,0 days 00:00:31.198000,1,78.443,5539.537,0.5559999999995853,True,False,False,False,9.0,0.0,0.0,0.0,0.0,22.092,25.153,31.198,0,0,0,0.0,79.09639999999999,0.6302628816612871,-1.0367102664807377,0,0,78.286,78.725,0.43899999999999295,0.0,0.15699999999999648,-0.273666666666666,0.0,0.1960000000000015,0.33293287611769457,-0.273666666666666,0,1,2023,Canadian Grand Prix,2023_Canadian Grand Prix
STR,21,0 days 00:01:18.725000,HARD,10.0,True,0 days 01:33:38.262000,16,0 days 00:00:22.292000,0 days 00:00:25.285000,0 days 00:00:31.148000,1,78.725,5618.262,0.6530000000002474,True,False,False,False,10.0,0.0,0.0,0.0,0.0,22.292,25.285,31.148,0,0,0,0.0,79.0318,0.6866270457824928,-0.4468218982699332,0,0,78.443,78.473,0.030000000000001137,0.15699999999999648,0.2819999999999965,-0.5073333333333352,0.0,0.1460000000000008,0.3315607033410324,-0.5073333333333352,0,1,2023,Canadian Grand Prix,2023_Canadian Grand Prix
STR,22,0 days 00:01:18.473000,HARD,11.0,True,0 days 01:34:56.735000,16,0 days 00:00:22.255000,0 days 00:00:25.136000,0 days 00:00:31.082000,1,78.473,5696.735,0.7460000000000946,True,False,False,False,11.0,0.0,0.0,0.0,0.0,22.255,25.136,31.082,0,0,0,0.0,78.9554,0.6973365758369461,-0.691774986018796,0,0,78.725,78.564,-0.16100000000000136,0.43899999999999295,-0.25199999999999534,-0.21100000000000327,0.0,0.08000000000000185,0.33114906009227935,-0.21100000000000327,0,1,2023,Canadian Grand Prix,2023_Canadian Grand Prix
STR,23,0 days 00:01:18.564000,HARD,12.0,True,0 days 01:36:15.299000,16,0 days 00:00:22.247000,0 days 00:00:25.217000,0 days 00:00:31.100000,1,78.564,5775.299,0.5460000000002765,True,False,False,False,12.0,0.0,0.0,0.0,0.0,22.247,25.217,31.1,0,0,0,0.0,78.65700000000001,0.4222907765983108,-0.2202274005346811,0,0,78.473,78.478,0.0049999999999954525,0.1869999999999976,0.09099999999999397,0.06233333333333254,0.0,0.018000000000000682,0.2428565420160643,0.06233333333333254,0,1,2023,Canadian Grand Prix,2023_Canadian Grand Prix
STR,24,0 days 00:01:18.478000,HARD,13.0,True,0 days 01:37:33.777000,16,0 days 00:00:22.252000,0 days 00:00:25.072000,0 days 00:00:31.154000,1,78.478,5853.777,0.7479999999995925,True,False,False,False,13.0,0.0,0.0,0.0,0.0,22.252,25.072,31.154,0,0,0,0.0,78.4982,0.16161590268289128,-0.1249877002490117,0,0,78.564,78.365,-0.19899999999999807,0.2779999999999916,-0.08599999999999852,0.0403333333333317,0.0,0.07199999999999918,0.2007481008627495,0.0403333333333317,0,1,2023,Canadian Grand Prix,2023_Canadian Grand Prix
STR,25,0 days 00:01:18.365000,HARD,14.0,True,0 days 01:38:52.142000,16,0 days 00:00:22.168000,0 days 00:00:25.115000,0 days 00:00:31.082000,1,78.365,5932.142,0.680000000000291,True,False,False,False,14.0,0.0,0.0,0.0,0.0,22.168,25.115,31.082,0,0,0,0.0,78.53659999999999,0.11454824311182754,-1.4980587684131808,0,0,78.478,78.736,0.2580000000000098,0.03499999999999659,-0.11299999999999955,-0.0823333333333333,0.0,0.0,0.06930223661614447,-0.0823333333333333,0,1,2023,Canadian Grand Prix,2023_Canadian Grand Prix
STR,26,0 days 00:01:18.736000,HARD,15.0,True,0 days 01:40:10.878000,16,0 days 00:00:22.336000,0 days 00:00:25.222000,0 days 00:00:31.178000,1,78.736,6010.878,0.568000000000211,True,False,False,False,15.0,0.0,0.0,0.0,0.0,22.336,25.222,31.178,0,0,0,0.0,78.52099999999999,0.13412121383288345,1.6030275439343253,0,0,78.365,77.356,-1.0090000000000003,0.0,0.3710000000000093,-0.036000000000001364,0.0,0.09600000000000009,0.0575604030562682,-0.036000000000001364,0,1,2023,Canadian Grand Prix,2023_Canadian Grand Prix
STR,29,0 days 00:01:17.356000,HARD,2.0,True,0 days 01:44:24.255000,19,0 days 00:00:21.475000,0 days 00:00:24.634000,0 days 00:00:31.247000,1,77.356,6264.255,0.0,True,False,False,False,2.0,0.0,0.0,0.0,0.0,21.475,24.634,31.247,0,0,0,0.0,78.5232,0.13832823283772241,-8.437901475755066,1,0,78.736,77.222,-1.51400000000001,0.3710000000000093,-1.3800000000000097,0.05733333333333709,0.0,0.16499999999999915,0.04175164667411365,0.05733333333333709,0,0,2023,Canadian Grand Prix,2023_Canadian Grand Prix
STR,30,0 days 00:01:17.222000,HARD,3.0,True,0 days 01:45:41.477000,19,0 days 00:00:21.500000,0 days 00:00:24.629000,0 days 00:00:31.093000,1,77.222,6341.477,0.0,True,False,False,False,3.0,0.0,0.0,0.0,0.0,21.5,24.629,31.093,0,0,0,0.0,78.29979999999999,0.5447101981788101,-1.9786668279821535,1,1,77.356,77.375,0.019000000000005457,0.0,-0.13400000000000034,-0.37399999999999994,0.0,0.010999999999999233,0.0657814563535953,-0.37399999999999994,0,0,2023,Canadian Grand Prix,2023_Canadian Grand Prix
STR,31,0 days 00:01:17.375000,HARD,4.0,True,0 days 01:46:58.852000,18,0 days 00:00:21.492000,0 days 00:00:24.693000,0 days 00:00:31.190000,1,77.375,6418.852,0.0,True,False,False,False,4.0,0.0,0.0,0.0,0.0,21.492,24.693,31.19,0,0,0,0.0,78.03139999999999,0.6925487708457699,-0.9478032849561876,0,1,77.222,77.291,0.06900000000000261,0.0,0.1530000000000058,-0.3810000000000002,0.0,0.09700000000000131,0.06722871410342461,-0.3810000000000002,0,0,2023,Canadian Grand Prix,2023_Canadian Grand Prix
STR,32,0 days 00:01:17.291000,HARD,5.0,True,0 days 01:48:16.143000,17,0 days 00:00:21.737000,0 days 00:00:24.590000,0 days 00:00:30.964000,1,77.291,6496.143,0.0,True,False,False,False,5.0,0.0,0.0,0.0,0.0,21.737,24.59,30.964,0,0,0,0.0,77.8108,0.6903953215368521,-0.7529019733837486,0,0,77.375,77.145,-0.23000000000000398,0.1530000000000058,-0.08400000000000318,-0.45366666666666805,0.0,-0.12900000000000134,0.06844486832480594,-0.45366666666666805,0,0,2023,Canadian Grand Prix,2023_Canadian Grand Prix
STR,33,0 days 00:01:17.145000,HARD,6.0,True,0 days 01:49:33.288000,16,0 days 00:00:21.603000,0 days 00:00:24.610000,0 days 00:00:30.932000,1,77.145,6573.288,3.8190000000004147,True,False,False,False,6.0,0.0,0.0,0.0,0.0,21.603,24.61,30.932,0,0,0,0.0,77.596,0.6401058506215674,-0.7045709698826674,0,0,77.291,77.073,-0.21800000000000352,0.06900000000000261,-0.1460000000000008,-0.021666666666665908,0.0,-0.03200000000000003,0.11301769772916158,-0.021666666666665908,0,0,2023,Canadian Grand Prix,2023_Canadian Grand Prix
STR,34,0 days 00:01:17.073000,HARD,7.0,True,0 days 01:50:50.361000,15,0 days 00:00:21.533000,0 days 00:00:24.588000,0 days 00:00:30.952000,1,77.073,6650.361,4.438000000000102,True,False,False,False,7.0,0.0,0.0,0.0,0.0,21.533,24.588,30.952,0,0,0,0.0,77.2778,0.09550759132098652,-2.1443321642538775,1,0,77.145,78.172,1.027000000000001,0.0,-0.07200000000000273,-0.02566666666666606,0.0,0.020000000000003126,0.11392014747181514,-0.02566666666666606,0,0,2023,Canadian Grand Prix,2023_Canadian Grand Prix
STR,35,0 days 00:01:18.172000,HARD,8.0,True,0 days 01:52:08.533000,13,0 days 00:00:22.092000,0 days 00:00:24.901000,0 days 00:00:31.179000,12,78.172,6728.533,4.75,True,False,False,False,8.0,0.0,0.0,0.0,0.0,22.092,24.901,31.179,0,0,1,0.0,77.2212,0.11863473353083813,8.014516252551351,0,1,77.073,77.476,0.4030000000000058,0.0,1.0990000000000038,-0.1006666666666689,0.0,0.2469999999999999,0.08273028466045668,-0.1006666666666689,0,0,2023,Canadian Grand Prix,2023_Canadian Grand Prix
STR,36,0 days 00:01:17.476000,HARD,9.0,True,0 days 01:53:26.009000,13,0 days 00:00:21.672000,0 days 00:00:24.710000,0 days 00:00:31.094000,1,77.476,6806.009,4.579999999999927,True,False,False,False,9.0,0.0,0.0,0.0,0.0,21.672,24.71,31.094,0,0,0,0.0,77.41120000000001,0.4415361819827989,0.14676033956944332,0,0,78.172,77.695,-0.47700000000000387,1.0990000000000038,-0.695999999999998,0.29366666666666674,0.0,0.1620000000000026,0.1416343884796349,0.29366666666666674,0,0,2023,Canadian Grand Prix,2023_Canadian Grand Prix
STR,37,0 days 00:01:17.695000,HARD,10.0,True,0 days 01:54:43.704000,12,0 days 00:00:21.624000,0 days 00:00:24.907000,0 days 00:00:31.164000,1,77.695,6883.704,4.117000000000189,True,False,False,False,10.0,0.0,0.0,0.0,0.0,21.624,24.907,31.164,0,0,0,0.0,77.43140000000001,0.4417763008581935,0.5966820752673102,0,0,77.476,77.324,-0.15200000000000102,0.4030000000000058,0.2189999999999941,0.11033333333333435,0.0,0.21199999999999974,0.15079224117971132,0.11033333333333435,0,0,2023,Canadian Grand Prix,2023_Canadian Grand Prix
STR,38,0 days 00:01:17.324000,HARD,11.0,True,0 days 01:56:01.028000,12,0 days 00:00:21.559000,0 days 00:00:24.773000,0 days 00:00:30.992000,1,77.324,6961.028,4.681999999999789,True,False,False,False,11.0,0.0,0.0,0.0,0.0,21.559,24.773,30.992,0,0,0,0.0,77.51219999999998,0.4465967980180259,-0.42140920139867266,0,0,77.695,77.369,-0.3259999999999934,0.6219999999999999,-0.3709999999999951,0.2073333333333333,0.0,-0.10200000000000031,0.12190652156468051,0.2073333333333333,0,0,2023,Canadian Grand Prix,2023_Canadian Grand Prix
STR,39,0 days 00:01:17.369000,HARD,12.0,True,0 days 01:57:18.397000,12,0 days 00:00:21.559000,0 days 00:00:24.796000,0 days 00:00:31.014000,1,77.369,7038.397,4.019000000000233,True,False,False,False,12.0,0.0,0.0,0.0,0.0,21.559,24.796,31.014,0,0,0,0.0,77.54799999999999,0.41592367088199544,-0.43036742684157825,0,0,77.324,77.245,-0.07899999999999352,0.2510000000000048,0.045000000000001705,-0.28266666666666634,0.0,0.021999999999998465,0.14568527722457056,-0.28266666666666634,0,0,2023,Canadian Grand Prix,2023_Canadian Grand Prix
STR,40,0 days 00:01:17.245000,HARD,13.0,True,0 days 01:58:35.642000,12,0 days 00:00:21.539000,0 days 00:00:24.714000,0 days 00:00:30.992000,1,77.245,7115.642,3.9660000000003492,True,False,False,False,13.0,0.0,0.0,0.0,0.0,21.539,24.714,30.992,0,0,0,0.0,77.6072,0.34672135786529945,-1.044642886235798,0,0,77.369,77.107,-0.26200000000000045,0.045000000000001705,-0.12399999999999523,-0.03566666666666644,0.0,0.0,0.145386381755652,-0.03566666666666644,0,0,2023,Canadian Grand Prix,2023_Canadian Grand Prix
STR,41,0 days 00:01:17.107000,HARD,14.0,True,0 days 01:59:52.749000,12,0 days 00:00:21.574000,0 days 00:00:24.540000,0 days 00:00:30.993000,1,77.107,7192.749,4.208999999999833,True,False,False,False,14.0,0.0,0.0,0.0,0.0,21.574,24.54,30.993,0,0,0,0.0,77.4218,0.17405947259471194,-1.8085772368907498,1,0,77.245,77.235,-0.010000000000005116,0.0,-0.13800000000000523,-0.14999999999999622,0.0,0.0009999999999976694,0.12726822069943539,-0.14999999999999622,0,0,2023,Canadian Grand Prix,2023_Canadian Grand Prix
STR,42,0 days 00:01:17.235000,HARD,15.0,True,0 days 02:01:09.984000,12,0 days 00:00:21.506000,0 days 00:00:24.727000,0 days 00:00:31.002000,1,77.235,7269.984,4.3289999999997235,True,False,False,False,15.0,0.0,0.0,0.0,0.0,21.506,24.727,31.002,0,0,0,0.0,77.348,0.2180114675881677,-0.5183213582757996,0,1,77.107,77.209,0.10200000000000387,0.0,0.1280000000000001,-0.07233333333333292,0.0,0.00999999999999801,0.11434071890625866,-0.07233333333333292,0,0,2023,Canadian Grand Prix,2023_Canadian Grand Prix
STR,43,0 days 00:01:17.209000,HARD,16.0,True,0 days 02:02:27.193000,12,0 days 00:00:21.481000,0 days 00:00:24.652000,0 days 00:00:31.076000,1,77.209,7347.193,4.322000000000116,True,False,False,False,16.0,0.0,0.0,0.0,0.0,21.481,24.652,31.076,0,0,0,0.0,77.256,0.10019481024456979,-0.4690861720808966,0,0,77.235,77.012,-0.22299999999999898,0.1280000000000001,-0.02599999999999625,-0.04466666666666678,0.0,0.08399999999999963,0.05009191551537999,-0.04466666666666678,0,0,2023,Canadian Grand Prix,2023_Canadian Grand Prix
STR,44,0 days 00:01:17.012000,HARD,17.0,True,0 days 02:03:44.205000,12,0 days 00:00:21.387000,0 days 00:00:24.618000,0 days 00:00:31.007000,1,77.012,7424.205,4.416000000000167,True,False,False,False,17.0,0.0,0.0,0.0,0.0,21.387,24.618,31.007,0,0,0,0.0,77.233,0.09366963221847487,-2.3593559061334166,1,0,77.209,77.169,-0.04000000000000625,0.10200000000000387,-0.19700000000000273,-0.012000000000000455,0.0,0.014000000000002899,0.03501142670614917,-0.012000000000000455,0,0,2023,Canadian Grand Prix,2023_Canadian Grand Prix
STR,45,0 days 00:01:17.169000,HARD,18.0,True,0 days 02:05:01.374000,12,0 days 00:00:21.443000,0 days 00:00:24.720000,0 days 00:00:31.006000,1,77.169,7501.374,4.121000000000095,True,False,False,False,18.0,0.0,0.0,0.0,0.0,21.443,24.72,31.006,0,0,0,0.0,77.16159999999999,0.09993898138334273,0.07404518134539903,0,1,77.012,77.436,0.4240000000000066,0.0,0.15699999999999648,-0.03166666666666629,0.0,0.004000000000001336,0.035273219303035536,-0.03166666666666629,0,0,2023,Canadian Grand Prix,2023_Canadian Grand Prix
STR,46,0 days 00:01:17.436000,HARD,19.0,True,0 days 02:06:18.810000,12,0 days 00:00:21.340000,0 days 00:00:25.029000,0 days 00:00:31.067000,1,77.436,7578.81,3.496999999999389,True,False,False,False,19.0,0.0,0.0,0.0,0.0,21.34,25.029,31.067,0,0,0,0.0,77.1464,0.0892961365342255,3.2431414307494597,0,0,77.169,77.302,0.13300000000000978,0.15699999999999648,0.2670000000000101,-0.022000000000000835,0.0,0.06099999999999994,0.03469582107401448,-0.022000000000000835,0,0,2023,Canadian Grand Prix,2023_Canadian Grand Prix
STR,47,0 days 00:01:17.302000,HARD,20.0,True,0 days 02:07:36.112000,12,0 days 00:00:21.523000,0 days 00:00:24.768000,0 days 00:00:31.011000,1,77.302,7656.112,3.2169999999996435,True,False,False,False,20.0,0.0,0.0,0.0,0.0,21.523,24.768,31.011,0,0,0,0.0,77.21220000000001,0.15212067578059016,0.5903208064202855,0,0,77.436,77.003,-0.43300000000000693,0.4240000000000066,-0.13400000000000034,0.07566666666666795,0.0,0.004999999999999005,0.0357183426267232,0.07566666666666795,0,0,2023,Canadian Grand Prix,2023_Canadian Grand Prix
STR,48,0 days 00:01:17.003000,HARD,21.0,True,0 days 02:08:53.115000,12,0 days 00:00:21.466000,0 days 00:00:24.608000,0 days 00:00:30.929000,1,77.003,7733.115,3.2950000000000728,True,False,False,False,21.0,0.0,0.0,0.0,0.0,21.466,24.608,30.929,0,0,0,0.0,77.22560000000001,0.15748745981805737,-1.4134458721804275,0,0,77.302,76.928,-0.37400000000000944,0.29000000000000625,-0.2990000000000066,0.09666666666666875,0.0,-0.07700000000000173,0.03663741257239631,0.09666666666666875,0,0,2023,Canadian Grand Prix,2023_Canadian Grand Prix
STR,49,0 days 00:01:16.928000,HARD,22.0,True,0 days 02:10:10.043000,12,0 days 00:00:21.454000,0 days 00:00:24.511000,0 days 00:00:30.963000,1,76.928,7810.043,3.530999999999949,True,False,False,False,22.0,0.0,0.0,0.0,0.0,21.454,24.511,30.963,0,0,0,0.0,77.18440000000001,0.18708099850049595,-1.370529353890175,0,0,77.003,76.957,-0.04600000000000648,0.0,-0.07500000000000284,-0.05533333333333227,0.0,0.03400000000000247,0.049692051678312775,-0.05533333333333227,0,0,2023,Canadian Grand Prix,2023_Canadian Grand Prix
STR,50,0 days 00:01:16.957000,HARD,23.0,True,0 days 02:11:27,12,0 days 00:00:21.474000,0 days 00:00:24.543000,0 days 00:00:30.940000,1,76.957,7887.0,3.9309999999995853,True,False,False,False,23.0,0.0,0.0,0.0,0.0,21.474,24.543,30.94,0,0,0,0.0,77.16760000000001,0.2089289352864796,-1.007998244528661,0,0,76.928,76.852,-0.0759999999999934,0.0,0.028999999999996362,-0.16933333333333658,0.0,0.011000000000002785,0.05172330229210165,-0.16933333333333658,0,0,2023,Canadian Grand Prix,2023_Canadian Grand Prix
STR,51,0 days 00:01:16.852000,HARD,24.0,True,0 days 02:12:43.852000,12,0 days 00:00:21.420000,0 days 00:00:24.550000,0 days 00:00:30.882000,1,76.852,7963.852,4.2520000000004075,True,False,False,False,24.0,0.0,0.0,0.0,0.0,21.42,24.55,30.882,0,0,0,0.0,77.1252,0.2291106719468564,-1.1924368152670477,0,0,76.957,76.774,-0.18299999999999272,0.028999999999996362,-0.10499999999998977,-0.11500000000000436,0.0,-0.046999999999997044,0.05177064805466641,-0.11500000000000436,0,0,2023,Canadian Grand Prix,2023_Canadian Grand Prix
STR,52,0 days 00:01:16.774000,HARD,25.0,True,0 days 02:14:00.626000,12,0 days 00:00:21.259000,0 days 00:00:24.520000,0 days 00:00:30.995000,1,76.774,8040.626,4.3840000000000146,True,False,False,False,25.0,0.0,0.0,0.0,0.0,21.259,24.52,30.995,0,0,0,0.0,77.0084,0.17305866057476585,-1.354454028602208,0,0,76.852,76.853,0.000999999999990564,0.0,-0.07800000000000296,-0.050333333333332085,0.0,0.11299999999999955,0.04567493842360506,-0.050333333333332085,0,0,2023,Canadian Grand Prix,2023_Canadian Grand Prix
STR,53,0 days 00:01:16.853000,HARD,26.0,True,0 days 02:15:17.479000,12,0 days 00:00:21.354000,0 days 00:00:24.592000,0 days 00:00:30.907000,1,76.853,8117.479,4.242999999999483,True,False,False,False,26.0,0.0,0.0,0.0,0.0,21.354,24.592,30.907,0,0,0,0.0,76.9028,0.0905301054894209,-0.5500932505355826,0,0,76.774,76.865,0.09099999999999397,0.0,0.07899999999999352,-0.05133333333333212,0.0,0.02499999999999858,0.07408238657062846,-0.05133333333333212,0,0,2023,Canadian Grand Prix,2023_Canadian Grand Prix
STR,54,0 days 00:01:16.865000,HARD,27.0,True,0 days 02:16:34.344000,12,0 days 00:00:21.234000,0 days 00:00:24.507000,0 days 00:00:31.124000,1,76.865,8194.344,4.2480000000014115,True,False,False,False,27.0,0.0,0.0,0.0,0.0,21.234,24.507,31.124,0,0,0,0.0,76.8728,0.07197707968460856,-0.10836783090091212,0,0,76.853,76.979,0.12600000000000477,0.07899999999999352,0.012000000000000455,-0.0346666666666664,0.0,0.24199999999999733,0.05740383262465917,-0.0346666666666664,0,0,2023,Canadian Grand Prix,2023_Canadian Grand Prix
STR,55,0 days 00:01:16.979000,HARD,28.0,True,0 days 02:17:51.323000,11,0 days 00:00:21.402000,0 days 00:00:24.680000,0 days 00:00:30.897000,1,76.979,8271.323,4.218999999999141,True,False,False,False,28.0,0.0,0.0,0.0,0.0,21.402,24.68,30.897,0,0,0,0.0,76.86019999999999,0.06508225564563715,1.8253823384188623,0,0,76.865,76.802,-0.06299999999998818,0.09099999999999397,0.11400000000000432,0.00433333333333034,0.0,-0.010000000000001563,0.11249533323653728,0.00433333333333034,0,0,2023,Canadian Grand Prix,2023_Canadian Grand Prix
STR,56,0 days 00:01:16.802000,HARD,29.0,True,0 days 02:19:08.125000,11,0 days 00:00:21.373000,0 days 00:00:24.552000,0 days 00:00:30.877000,1,76.802,8348.125,4.243000000000393,True,False,False,False,29.0,0.0,0.0,0.0,0.0,21.373,24.552,30.877,0,0,0,0.0,76.8646,0.07346631881293957,-0.8520911488621289,0,0,76.979,76.771,-0.2079999999999984,0.2049999999999983,-0.1769999999999925,0.06833333333333276,0.0,-0.019999999999999574,0.11554349830258605,0.06833333333333276,0,0,2023,Canadian Grand Prix,2023_Canadian Grand Prix
STR,57,0 days 00:01:16.771000,HARD,30.0,True,0 days 02:20:24.896000,11,0 days 00:00:21.446000,0 days 00:00:24.498000,0 days 00:00:30.827000,1,76.771,8424.896,4.367000000000189,True,False,False,False,30.0,0.0,0.0,0.0,0.0,21.446,24.498,30.827,0,0,0,0.0,76.8546,0.07881814511851772,-1.0606694673453174,0,0,76.802,76.564,-0.23800000000001376,0.028000000000005798,-0.03100000000000591,-0.016999999999995907,0.0,-0.04999999999999716,0.10949657528890969,-0.016999999999995907,0,0,2023,Canadian Grand Prix,2023_Canadian Grand Prix
STR,58,0 days 00:01:16.564000,HARD,31.0,True,0 days 02:21:41.460000,11,0 days 00:00:21.371000,0 days 00:00:24.511000,0 days 00:00:30.682000,1,76.564,8501.46,4.483000000000175,True,False,False,False,31.0,0.0,0.0,0.0,0.0,21.371,24.511,30.682,0,0,0,0.0,76.854,0.07959271323383763,-3.6435496192723984,1,0,76.771,76.902,0.13100000000000023,0.0,-0.20700000000000784,-0.03133333333333136,0.0,-0.14500000000000313,0.11746829359448303,-0.03133333333333136,0,0,2023,Canadian Grand Prix,2023_Canadian Grand Prix
STR,59,0 days 00:01:16.902000,HARD,32.0,True,0 days 02:22:58.362000,11,0 days 00:00:21.494000,0 days 00:00:24.827000,0 days 00:00:30.581000,1,76.902,8578.362,4.179000000000087,True,False,False,False,32.0,0.0,0.0,0.0,0.0,21.494,24.827,30.581,0,0,0,0.0,76.7962,0.15226194534394508,0.6948551705484263,0,1,76.564,77.117,0.5530000000000115,0.0,0.33800000000000807,-0.13833333333333542,0.0,-0.10099999999999909,0.14364121971077753,-0.13833333333333542,0,0,2023,Canadian Grand Prix,2023_Canadian Grand Prix
STR,60,0 days 00:01:17.117000,HARD,33.0,True,0 days 02:24:15.479000,11,0 days 00:00:21.643000,0 days 00:00:24.780000,0 days 00:00:30.694000,1,77.117,8655.479,3.7780000000002474,True,False,False,False,33.0,0.0,0.0,0.0,0.0,21.643,24.78,30.694,0,0,0,0.0,76.80359999999999,0.1572587040513908,1.9928944594227307,0,0,76.902,77.287,0.3850000000000051,0.33800000000000807,0.2150000000000034,0.03333333333333144,0.0,0.11299999999999955,0.05694471002648192,0.03333333333333144,0,0,2023,Canadian Grand Prix,2023_Canadian Grand Prix
STR,61,0 days 00:01:17.287000,HARD,34.0,True,0 days 02:25:32.766000,11,0 days 00:00:21.821000,0 days 00:00:24.854000,0 days 00:00:30.612000,1,77.287,8732.766,3.272000000000844,True,False,False,False,34.0,0.0,0.0,0.0,0.0,21.821,24.854,30.612,0,0,0,0.0,76.8312,0.20159786705202326,2.2609366193462224,0,0,77.117,77.152,0.03499999999999659,0.5530000000000115,0.1700000000000017,0.11533333333333455,0.0,0.030999999999998806,0.09830208543057521,0.11533333333333455,0,0,2023,Canadian Grand Prix,2023_Canadian Grand Prix
STR,62,0 days 00:01:17.152000,HARD,35.0,True,0 days 02:26:49.918000,11,0 days 00:00:21.744000,0 days 00:00:24.680000,0 days 00:00:30.728000,1,77.152,8809.918,2.9250000000010914,True,False,False,False,35.0,0.0,0.0,0.0,0.0,21.744,24.68,30.728,0,0,0,0.0,76.92819999999999,0.2839114298508069,0.7882740054446429,0,0,77.287,77.324,0.03699999999999193,0.7230000000000132,-0.13500000000000512,0.2410000000000044,0.0,0.14700000000000202,0.10348333199119589,0.2410000000000044,0,0,2023,Canadian Grand Prix,2023_Canadian Grand Prix
STR,63,0 days 00:01:17.324000,HARD,36.0,True,0 days 02:28:07.242000,11,0 days 00:00:21.859000,0 days 00:00:24.789000,0 days 00:00:30.676000,1,77.324,8887.242,2.8429999999989377,True,False,False,False,36.0,0.0,0.0,0.0,0.0,21.859,24.789,30.676,0,0,0,0.0,77.0044,0.2822964753586764,1.1321430761539657,0,0,77.152,77.858,0.7060000000000031,0.5880000000000081,0.17199999999999704,0.08333333333333333,0.0,0.06400000000000006,0.12860793132618345,0.08333333333333333,0,0,2023,Canadian Grand Prix,2023_Canadian Grand Prix
STR,64,0 days 00:01:17.858000,HARD,37.0,True,0 days 02:29:25.100000,11,0 days 00:00:22.258000,0 days 00:00:25.045000,0 days 00:00:30.555000,1,77.858,8965.1,1.9200000000000728,True,False,False,False,37.0,0.0,0.0,0.0,0.0,22.258,25.045,30.555,0,0,0,0.0,77.1564,0.16691105415739518,4.203436396359935,0,0,77.324,77.575,0.2510000000000048,0.42199999999999704,0.534000000000006,0.06899999999999788,0.0,-0.05699999999999861,0.09582901439543273,0.06899999999999788,0,0,2023,Canadian Grand Prix,2023_Canadian Grand Prix
STR,65,0 days 00:01:17.575000,HARD,38.0,True,0 days 02:30:42.675000,11,0 days 00:00:21.732000,0 days 00:00:24.651000,0 days 00:00:31.192000,1,77.575,9042.675,1.1980000000003201,True,False,False,False,38.0,0.0,0.0,0.0,0.0,21.732,24.651,31.192,0,0,0,0.0,77.34760000000001,0.29840123994370427,0.7620611765651158,0,0,77.858,77.11,-0.7480000000000047,0.7409999999999997,-0.28300000000000125,0.19033333333333266,0.0,0.6370000000000005,0.07893541663917432,0.19033333333333266,0,0,2023,Canadian Grand Prix,2023_Canadian Grand Prix
STR,66,0 days 00:01:17.110000,HARD,39.0,True,0 days 02:31:59.785000,11,0 days 00:00:21.751000,0 days 00:00:24.597000,0 days 00:00:30.762000,1,77.11,9119.785,0.7990000000008877,True,False,False,False,39.0,0.0,0.0,0.0,0.0,21.751,24.597,30.762,0,0,0,0.0,77.4392,0.2796224239933993,-1.1773018604823022,0,0,77.575,77.444,-0.13100000000000023,0.4230000000000018,-0.4650000000000034,0.1410000000000006,0.0,0.20700000000000074,0.27411092645131835,0.1410000000000006,0,1,2023,Canadian Grand Prix,2023_Canadian Grand Prix
STR,67,0 days 00:01:17.444000,HARD,40.0,True,0 days 02:33:17.229000,11,0 days 00:00:21.703000,0 days 00:00:24.670000,0 days 00:00:31.071000,1,77.444,9197.229,0.555000000000291,True,False,False,False,40.0,0.0,0.0,0.0,0.0,21.703,24.67,31.071,0,0,0,0.0,77.4038,0.31292842632133017,0.12846388061504954,0,0,77.11,77.043,-0.06699999999999307,0.0,0.3340000000000032,-0.07133333333333287,0.0,0.5160000000000018,0.2638044730477478,-0.07133333333333287,0,1,2023,Canadian Grand Prix,2023_Canadian Grand Prix
STR,68,0 days 00:01:17.043000,HARD,41.0,True,0 days 02:34:34.272000,11,0 days 00:00:21.761000,0 days 00:00:24.587000,0 days 00:00:30.695000,1,77.043,9274.272,0.5119999999988067,True,False,False,False,41.0,0.0,0.0,0.0,0.0,21.761,24.587,30.695,0,0,0,0.0,77.4622,0.2796680174777688,-1.4989200545010912,0,0,77.444,76.985,-0.4590000000000032,0.3340000000000032,-0.40099999999999625,-0.13800000000000048,0.0,-0.06700000000000017,0.29516148122680247,-0.13800000000000048,0,1,2023,Canadian Grand Prix,2023_Canadian Grand Prix
STR,69,0 days 00:01:16.985000,HARD,42.0,True,0 days 02:35:51.257000,11,0 days 00:00:21.624000,0 days 00:00:24.658000,0 days 00:00:30.703000,1,76.985,9351.257,0.6170000000001892,True,False,False,False,42.0,0.0,0.0,0.0,0.0,21.624,24.658,30.703,0,0,0,0.0,77.40599999999999,0.3367840554419745,-1.2500591794569906,0,0,77.043,77.214,0.17099999999999227,0.0,-0.058000000000006935,-0.17733333333333215,0.0,0.007999999999999119,0.3229058686366666,-0.17733333333333215,0,1,2023,Canadian Grand Prix,2023_Canadian Grand Prix
TSU,3,0 days 00:01:18.117000,HARD,2.0,True,0 days 01:06:35.521000,20,0 days 00:00:21.857000,0 days 00:00:25.085000,0 days 00:00:31.175000,1,78.117,3995.521,0.0,True,False,False,False,2.0,0.0,0.0,0.0,0.0,21.857,25.085,31.175,0,0,0,0.0,77.1592,0.18054279271113977,5.3051134615627795,0,0,78.117,78.038,-0.07900000000000773,1.132000000000005,0.0,-0.07666666666666799,0.0,0.4800000000000004,0.22626245822053748,0.0,0,0,2023,Canadian Grand Prix,2023_Canadian Grand Prix
TSU,4,0 days 00:01:18.038000,HARD,3.0,True,0 days 01:07:53.559000,20,0 days 00:00:21.792000,0 days 00:00:24.978000,0 days 00:00:31.268000,1,78.038,4073.559,0.0,True,False,False,False,3.0,0.0,0.0,0.0,0.0,21.792,24.978,31.268,0,0,0,0.0,,,0.0,0,0,78.117,78.051,-0.0660000000000025,0.0,-0.07900000000000773,0.0,0.0,0.0,0.0,0.0,0,0,2023,Canadian Grand Prix,2023_Canadian Grand Prix
TSU,5,0 days 00:01:18.051000,HARD,4.0,True,0 days 01:09:11.610000,20,0 days 00:00:21.721000,0 days 00:00:25.152000,0 days 00:00:31.178000,1,78.051,4151.61,0.0,True,False,False,False,4.0,0.0,0.0,0.0,0.0,21.721,25.152,31.178,0,0,0,0.0,,,0.0,0,0,78.038,78.401,0.36299999999999955,0.0,0.01300000000000523,-0.039500000000003865,0.0,0.0030000000000001137,0.0,0.0,0,0,2023,Canadian Grand Prix,2023_Canadian Grand Prix
TSU,6,0 days 00:01:18.401000,HARD,5.0,True,0 days 01:10:30.011000,20,0 days 00:00:22.033000,0 days 00:00:25.119000,0 days 00:00:31.249000,1,78.401,4230.011,0.0,True,False,False,False,5.0,0.0,0.0,0.0,0.0,22.033,25.119,31.249,0,0,0,0.0,78.06866666666667,0.04235957192103902,7.845530968840163,0,0,78.051,78.209,0.15800000000000125,0.01300000000000523,0.3499999999999943,-0.022000000000000835,0.0,0.07399999999999807,0.2762661759969905,-0.03300000000000125,0,0,2023,Canadian Grand Prix,2023_Canadian Grand Prix
TSU,9,0 days 00:01:18.209000,HARD,8.0,True,0 days 01:14:39.489000,19,0 days 00:00:21.889000,0 days 00:00:25.162000,0 days 00:00:31.158000,1,78.209,4479.489,0.0,True,False,False,False,8.0,0.0,0.0,0.0,0.0,21.889,25.162,31.158,0,0,0,0.0,78.15174999999999,0.16972796862430065,0.3373044552647391,0,0,78.401,78.063,-0.33799999999999386,0.36299999999999955,-0.19199999999999307,0.09466666666666394,0.0,-0.019999999999999574,0.22972646778288341,0.09466666666666394,0,0,2023,Canadian Grand Prix,2023_Canadian Grand Prix
TSU,10,0 days 00:01:18.063000,HARD,9.0,True,0 days 01:15:57.552000,18,0 days 00:00:21.858000,0 days 00:00:25.066000,0 days 00:00:31.139000,1,78.063,4557.552,0.0,True,False,False,False,9.0,0.0,0.0,0.0,0.0,21.858,25.066,31.139,0,0,0,0.0,78.1632,0.14920187666379617,-0.671573322269843,0,0,78.209,78.045,-0.16400000000000148,0.17100000000000648,-0.1460000000000008,0.05700000000000216,0.0,-0.019000000000001904,0.21131209146662686,0.05700000000000216,0,0,2023,Canadian Grand Prix,2023_Canadian Grand Prix
TSU,11,0 days 00:01:18.045000,HARD,10.0,True,0 days 01:17:15.597000,16,0 days 00:00:21.827000,0 days 00:00:25.009000,0 days 00:00:31.209000,1,78.045,4635.597,0.0,True,False,False,False,10.0,0.0,0.0,0.0,0.0,21.827,25.009,31.209,0,0,0,0.0,78.1524,0.15521533429400147,-0.6919419430335823,0,0,78.063,79.922,1.8589999999999947,0.025000000000005684,-0.018000000000000682,0.004000000000000152,0.0,0.07000000000000028,0.038591449830240314,0.004000000000000152,0,0,2023,Canadian Grand Prix,2023_Canadian Grand Prix
TSU,17,0 days 00:01:19.922000,HARD,16.0,True,0 days 01:28:21.808000,13,0 days 00:00:22.841000,0 days 00:00:25.461000,0 days 00:00:31.620000,1,79.922,5301.808,0.5670000000000073,True,False,False,False,16.0,0.0,0.0,0.0,0.0,22.841,25.461,31.62,0,0,0,0.0,78.1538,0.15395194055288308,11.485402481124359,0,0,78.045,79.207,1.161999999999992,0.0,1.8769999999999953,-0.11866666666666485,0.0,0.48100000000000165,0.04693932253452306,-0.11866666666666485,0,1,2023,Canadian Grand Prix,2023_Canadian Grand Prix
TSU,18,0 days 00:01:19.207000,HARD,17.0,True,0 days 01:29:41.015000,13,0 days 00:00:22.484000,0 days 00:00:25.278000,0 days 00:00:31.445000,1,79.207,5381.015,0.6759999999994761,True,False,False,False,17.0,0.0,0.0,0.0,0.0,22.484,25.278,31.445,0,0,0,0.0,78.52799999999999,0.7922499605553742,0.8570527406830252,0,0,79.922,78.282,-1.6400000000000006,1.8769999999999953,-0.7150000000000034,0.570999999999998,0.0,0.30600000000000094,0.20845790942058406,0.570999999999998,0,1,2023,Canadian Grand Prix,2023_Canadian Grand Prix
TSU,19,0 days 00:01:18.282000,HARD,18.0,True,0 days 01:30:59.297000,13,0 days 00:00:22.359000,0 days 00:00:25.173000,0 days 00:00:30.750000,1,78.282,5459.297,0.43000000000029104,True,False,False,False,18.0,0.0,0.0,0.0,0.0,22.359,25.173,30.75,0,0,0,0.0,78.6892,0.8404797439557888,-0.4844852037521832,0,0,79.207,78.525,-0.681999999999988,1.161999999999992,-0.9249999999999972,0.3813333333333304,0.0,-0.45899999999999963,0.2218294389840998,0.3813333333333304,0,1,2023,Canadian Grand Prix,2023_Canadian Grand Prix
TSU,20,0 days 00:01:18.525000,HARD,19.0,True,0 days 01:32:17.822000,13,0 days 00:00:22.271000,0 days 00:00:25.223000,0 days 00:00:31.031000,1,78.525,5537.822,0.6649999999999636,True,False,False,False,19.0,0.0,0.0,0.0,0.0,22.271,25.223,31.031,0,0,0,0.0,78.70379999999999,0.8306290989364559,-0.21525853142987422,0,0,78.282,78.982,0.7000000000000028,0.23699999999999477,0.2430000000000092,0.07899999999999825,0.0,0.2809999999999988,0.3578445193097142,0.07899999999999825,0,1,2023,Canadian Grand Prix,2023_Canadian Grand Prix
TSU,21,0 days 00:01:18.982000,HARD,20.0,True,0 days 01:33:36.804000,13,0 days 00:00:22.341000,0 days 00:00:25.460000,0 days 00:00:31.181000,1,78.982,5616.804,0.47599999999965803,True,False,False,False,20.0,0.0,0.0,0.0,0.0,22.341,25.46,31.181,0,0,0,0.0,78.7962,0.764597083436755,0.24300380425838908,0,0,78.525,78.264,-0.2610000000000099,0.480000000000004,0.45699999999999363,-0.4656666666666638,0.0,0.43100000000000094,0.363087730445412,-0.4656666666666638,0,1,2023,Canadian Grand Prix,2023_Canadian Grand Prix
TSU,22,0 days 00:01:18.264000,HARD,21.0,True,0 days 01:34:55.068000,13,0 days 00:00:22.317000,0 days 00:00:25.073000,0 days 00:00:30.874000,1,78.264,5695.068,0.5969999999997526,True,False,False,False,21.0,0.0,0.0,0.0,0.0,22.317,25.073,30.874,0,0,0,0.0,78.9836,0.6389564147889901,-1.1262114024438452,0,0,78.982,78.688,-0.29399999999999693,0.7000000000000028,-0.7180000000000035,-0.07499999999999811,0.0,0.12399999999999878,0.38212563379077336,-0.07499999999999811,0,1,2023,Canadian Grand Prix,2023_Canadian Grand Prix
TSU,23,0 days 00:01:18.688000,HARD,22.0,True,0 days 01:36:13.756000,13,0 days 00:00:22.321000,0 days 00:00:25.201000,0 days 00:00:31.166000,1,78.688,5773.756,0.5819999999994252,True,False,False,False,22.0,0.0,0.0,0.0,0.0,22.321,25.201,31.166,0,0,0,0.0,78.652,0.42441076800664373,0.08482348402488653,0,0,78.264,78.273,0.009000000000000341,0.0,0.4240000000000066,-0.006000000000000227,0.0,0.2920000000000016,0.3503987728289014,-0.006000000000000227,0,1,2023,Canadian Grand Prix,2023_Canadian Grand Prix
TSU,24,0 days 00:01:18.273000,HARD,23.0,True,0 days 01:37:32.029000,13,0 days 00:00:22.252000,0 days 00:00:24.999000,0 days 00:00:31.022000,1,78.273,5852.029,0.6679999999996653,True,False,False,False,23.0,0.0,0.0,0.0,0.0,22.252,24.999,31.022,0,0,0,0.0,78.5482,0.29995699691787114,-0.9174648460537443,0,0,78.688,78.716,0.027999999999991587,0.4240000000000066,-0.41500000000000625,0.054333333333332234,0.0,0.1479999999999997,0.3487587991721501,0.054333333333332234,0,1,2023,Canadian Grand Prix,2023_Canadian Grand Prix
TSU,25,0 days 00:01:18.716000,HARD,24.0,True,0 days 01:38:50.745000,13,0 days 00:00:22.316000,0 days 00:00:25.216000,0 days 00:00:31.184000,1,78.716,5930.745,0.5360000000000582,True,False,False,False,24.0,0.0,0.0,0.0,0.0,22.316,25.216,31.184,0,0,0,0.0,78.5464,0.3019740055037644,0.5616377466565552,0,0,78.273,78.665,0.3920000000000101,0.009000000000000341,0.44299999999999784,-0.2363333333333344,0.0,0.3100000000000023,0.12412775676697058,-0.2363333333333344,0,1,2023,Canadian Grand Prix,2023_Canadian Grand Prix
TSU,26,0 days 00:01:18.665000,HARD,25.0,True,0 days 01:40:09.410000,13,0 days 00:00:22.197000,0 days 00:00:25.386000,0 days 00:00:31.082000,1,78.665,6009.41,0.6050000000004729,True,False,False,False,25.0,0.0,0.0,0.0,0.0,22.197,25.386,31.082,0,0,0,0.0,78.5846,0.3105491909504654,0.25889618244999996,0,0,78.716,78.503,-0.21299999999999386,0.4519999999999982,-0.05099999999998772,0.15066666666666606,0.0,0.060000000000002274,0.12629330940315198,0.15066666666666606,0,1,2023,Canadian Grand Prix,2023_Canadian Grand Prix
TSU,27,0 days 00:01:18.503000,HARD,26.0,True,0 days 01:41:27.913000,13,0 days 00:00:22.216000,0 days 00:00:25.267000,0 days 00:00:31.020000,1,78.503,6087.913,0.5500000000001819,True,False,False,False,26.0,0.0,0.0,0.0,0.0,22.216,25.267,31.02,0,0,0,0.0,78.5212,0.23141024177850578,-0.07864820441877086,0,0,78.665,78.426,-0.23900000000000432,0.40100000000001046,-0.16200000000000614,-0.007666666666665378,0.0,-0.0019999999999988916,0.10928494864344378,-0.007666666666665378,0,1,2023,Canadian Grand Prix,2023_Canadian Grand Prix
TSU,28,0 days 00:01:18.426000,HARD,27.0,True,0 days 01:42:46.339000,13,0 days 00:00:22.229000,0 days 00:00:25.149000,0 days 00:00:31.048000,12,78.426,6166.339,0.4459999999999127,True,False,False,False,27.0,0.0,0.0,0.0,0.0,22.229,25.149,31.048,0,0,1,0.0,78.569,0.1850391850392467,-0.7728092834481003,0,0,78.503,78.779,0.27599999999999625,0.23000000000000398,-0.07699999999999818,0.07666666666666799,0.0,0.027999999999998693,0.13811154911881948,0.07666666666666799,0,1,2023,Canadian Grand Prix,2023_Canadian Grand Prix
TSU,29,0 days 00:01:18.779000,HARD,28.0,True,0 days 01:44:05.118000,13,0 days 00:00:22.472000,0 days 00:00:25.149000,0 days 00:00:31.158000,1,78.779,6245.118,0.6069999999999709,True,False,False,False,28.0,0.0,0.0,0.0,0.0,22.472,25.149,31.158,0,0,0,0.0,78.51660000000001,0.1799424908129949,1.458243680047112,0,0,78.426,78.493,0.06699999999999307,0.1530000000000058,0.35299999999999443,-0.09666666666666401,0.0,0.13800000000000168,0.12570282415284145,-0.09666666666666401,0,1,2023,Canadian Grand Prix,2023_Canadian Grand Prix
TSU,30,0 days 00:01:18.493000,HARD,29.0,True,0 days 01:45:23.611000,13,0 days 00:00:22.334000,0 days 00:00:25.132000,0 days 00:00:31.027000,1,78.493,6323.611,0.748000000000502,True,False,False,False,29.0,0.0,0.0,0.0,0.0,22.334,25.132,31.027,0,0,0,0.0,78.6178,0.14817455921983563,-0.8422498481325059,0,0,78.779,78.383,-0.3960000000000008,0.35299999999999443,-0.28600000000000136,0.0379999999999967,0.0,0.0070000000000014495,0.12500079999744088,0.0379999999999967,0,1,2023,Canadian Grand Prix,2023_Canadian Grand Prix
TSU,31,0 days 00:01:18.383000,HARD,30.0,True,0 days 01:46:41.994000,13,0 days 00:00:22.069000,0 days 00:00:25.080000,0 days 00:00:31.234000,1,78.383,6401.994,0.8060000000004948,True,False,False,False,30.0,0.0,0.0,0.0,0.0,22.069,25.08,31.234,0,0,0,0.0,78.57320000000001,0.1447487478356508,-1.3140010041121293,0,0,78.493,78.732,0.23900000000000432,0.06699999999999307,-0.10999999999999943,-0.0033333333333350388,0.0,0.20700000000000074,0.05658798459037107,-0.0033333333333350388,0,1,2023,Canadian Grand Prix,2023_Canadian Grand Prix
TSU,32,0 days 00:01:18.732000,HARD,31.0,True,0 days 01:48:00.726000,13,0 days 00:00:22.248000,0 days 00:00:25.316000,0 days 00:00:31.168000,1,78.732,6480.726,1.3969999999999345,True,False,False,False,31.0,0.0,0.0,0.0,0.0,22.248,25.316,31.168,0,0,0,0.0,78.5168,0.1546389342952902,1.3916288351357977,0,0,78.383,78.852,0.4690000000000083,0.0,0.34900000000000375,-0.014333333333335455,0.0,0.14099999999999824,0.09240292203171967,-0.014333333333335455,0,0,2023,Canadian Grand Prix,2023_Canadian Grand Prix
TSU,33,0 days 00:01:18.852000,HARD,32.0,True,0 days 01:49:19.578000,13,0 days 00:00:22.458000,0 days 00:00:25.052000,0 days 00:00:31.342000,1,78.852,6559.578,0.8009999999994761,True,False,False,False,32.0,0.0,0.0,0.0,0.0,22.458,25.052,31.342,0,0,0,0.0,78.5626,0.18116649800663384,1.5974255901850212,0,0,78.732,77.334,-1.3979999999999961,0.34900000000000375,0.12000000000000455,-0.01566666666666568,0.0,0.3149999999999977,0.08414095316788392,-0.01566666666666568,0,1,2023,Canadian Grand Prix,2023_Canadian Grand Prix
TSU,36,0 days 00:01:17.334000,None,,True,0 days 01:53:35.916000,16,0 days 00:00:21.599000,0 days 00:00:24.683000,0 days 00:00:31.052000,1,77.334,6815.916,1.3469999999997526,False,False,True,False,0.0,0.0,0.0,0.0,0.0,21.599,24.683,31.052,0,0,0,0.0,78.64779999999999,0.20005174330656567,-6.567300930673108,1,0,78.852,77.398,-1.4540000000000077,0.4690000000000083,-1.5180000000000007,0.11966666666666963,0.0,-0.11599999999999966,0.112333432245257,0.11966666666666963,0,0,2023,Canadian Grand Prix,2023_Canadian Grand Prix
TSU,37,0 days 00:01:17.398000,None,,True,0 days 01:54:53.314000,16,0 days 00:00:21.581000,0 days 00:00:24.793000,0 days 00:00:31.024000,1,77.398,6893.314,1.7849999999998545,False,False,True,False,0.0,0.0,0.0,0.0,0.0,21.581,24.793,31.024,0,0,0,0.0,78.3588,0.6023567879587365,-1.5950679384820416,1,1,77.334,77.432,0.09799999999999898,0.0,0.06399999999999295,-0.3496666666666641,0.0,-0.027999999999998693,0.16887628607948388,-0.3496666666666641,0,0,2023,Canadian Grand Prix,2023_Canadian Grand Prix
TSU,38,0 days 00:01:17.432000,None,,True,0 days 01:56:10.746000,16,0 days 00:00:21.648000,0 days 00:00:24.873000,0 days 00:00:30.911000,1,77.432,6970.746,1.98700000000008,False,False,True,False,0.0,0.0,0.0,0.0,0.0,21.648,24.873,30.911,0,0,0,0.0,78.1398,0.7274367326441169,-0.9730055800553971,0,1,77.398,77.2,-0.1979999999999933,0.06399999999999295,0.034000000000006025,-0.4446666666666677,0.0,-0.11299999999999955,0.17487338276593056,-0.4446666666666677,0,0,2023,Canadian Grand Prix,2023_Canadian Grand Prix
TSU,39,0 days 00:01:17.200000,None,,True,0 days 01:57:27.946000,16,0 days 00:00:21.596000,0 days 00:00:24.699000,0 days 00:00:30.905000,1,77.2,7047.946,2.006000000000313,False,False,True,False,0.0,0.0,0.0,0.0,0.0,21.596,24.699,30.905,0,0,0,0.0,77.9496,0.7709752265799014,-0.9722750798690091,0,0,77.432,77.258,-0.1740000000000066,0.09799999999999898,-0.23199999999999932,-0.4733333333333339,0.0,-0.006000000000000227,0.18587280597225492,-0.4733333333333339,0,0,2023,Canadian Grand Prix,2023_Canadian Grand Prix
TSU,40,0 days 00:01:17.258000,None,,True,0 days 01:58:45.204000,16,0 days 00:00:21.547000,0 days 00:00:24.718000,0 days 00:00:30.993000,1,77.258,7125.204,2.548000000000684,False,False,True,False,0.0,0.0,0.0,0.0,0.0,21.547,24.718,30.993,0,0,0,0.0,77.64320000000001,0.6815344452042754,-0.565195204307768,0,0,77.2,77.222,0.02199999999999136,0.0,0.057999999999992724,-0.04466666666666678,0.0,0.08799999999999741,0.17729156776338692,-0.04466666666666678,0,0,2023,Canadian Grand Prix,2023_Canadian Grand Prix
TSU,41,0 days 00:01:17.222000,None,,True,0 days 02:00:02.426000,16,0 days 00:00:21.580000,0 days 00:00:24.768000,0 days 00:00:30.874000,1,77.222,7202.426,2.756999999999607,False,False,True,False,0.0,0.0,0.0,0.0,0.0,21.58,24.768,30.874,0,0,0,0.0,77.3244,0.09613948200332263,-1.0651191151255,0,0,77.258,77.217,-0.04099999999999682,0.057999999999992724,-0.036000000000001364,-0.046666666666666856,0.0,-0.03100000000000236,0.08465222974027234,-0.046666666666666856,0,0,2023,Canadian Grand Prix,2023_Canadian Grand Prix
TSU,42,0 days 00:01:17.217000,None,,True,0 days 02:01:19.643000,16,0 days 00:00:21.550000,0 days 00:00:24.767000,0 days 00:00:30.900000,1,77.217,7279.643,5.2150000000001455,False,False,True,False,0.0,0.0,0.0,0.0,0.0,21.55,24.767,30.9,0,0,0,0.0,77.30199999999999,0.10589617556769856,-0.8026729912040491,0,0,77.222,77.383,0.16100000000000136,0.02199999999999136,-0.0049999999999954525,-0.07000000000000266,0.0,0.0259999999999998,0.07189228053136083,-0.07000000000000266,0,0,2023,Canadian Grand Prix,2023_Canadian Grand Prix
TSU,43,0 days 00:01:17.383000,None,,True,0 days 02:02:37.026000,16,0 days 00:00:21.633000,0 days 00:00:24.725000,0 days 00:00:31.025000,1,77.383,7357.026,6.390000000000327,False,False,True,False,0.0,0.0,0.0,0.0,0.0,21.633,24.725,31.025,0,0,0,0.0,77.26579999999998,0.09527958857940313,1.2300640855763154,0,0,77.217,77.637,0.4200000000000017,0.016999999999995907,0.16599999999999682,0.005666666666665303,0.0,0.1509999999999998,0.074038503496491,0.005666666666665303,0,0,2023,Canadian Grand Prix,2023_Canadian Grand Prix
TSU,44,0 days 00:01:17.637000,None,,True,0 days 02:03:54.663000,16,0 days 00:00:21.628000,0 days 00:00:25.165000,0 days 00:00:30.844000,1,77.637,7434.663,6.447000000000116,False,False,True,False,0.0,0.0,0.0,0.0,0.0,21.628,25.165,30.844,0,0,0,0.0,77.256,0.07407091196858805,5.143719577282571,0,0,77.383,77.706,0.3230000000000075,0.18299999999999272,0.2540000000000049,0.041666666666666664,0.0,-0.029999999999997584,0.07386000270782599,0.041666666666666664,0,0,2023,Canadian Grand Prix,2023_Canadian Grand Prix
TSU,45,0 days 00:01:17.706000,None,,True,0 days 02:05:12.369000,16,0 days 00:00:21.631000,0 days 00:00:24.786000,0 days 00:00:31.289000,1,77.706,7512.369,6.316000000000713,False,False,True,False,0.0,0.0,0.0,0.0,0.0,21.631,24.786,31.289,0,0,0,0.0,77.3434,0.17732540709066766,2.044828239500957,0,0,77.637,77.131,-0.5060000000000002,0.4200000000000017,0.06900000000000261,0.13833333333333542,0.0,0.4450000000000003,0.07867464648792492,0.13833333333333542,0,0,2023,Canadian Grand Prix,2023_Canadian Grand Prix
TSU,46,0 days 00:01:17.131000,None,,True,0 days 02:06:29.500000,16,0 days 00:00:21.540000,0 days 00:00:24.627000,0 days 00:00:30.964000,1,77.131,7589.5,6.326000000000022,False,False,True,False,0.0,0.0,0.0,0.0,0.0,21.54,24.627,30.964,0,0,0,0.0,77.43299999999999,0.2290316572002291,-1.318595008619142,0,0,77.706,76.967,-0.7390000000000043,0.4890000000000043,-0.5750000000000028,0.16300000000000145,0.0,0.11999999999999744,0.20026157894114405,0.16300000000000145,0,0,2023,Canadian Grand Prix,2023_Canadian Grand Prix
TSU,47,0 days 00:01:16.967000,None,,True,0 days 02:07:46.467000,16,0 days 00:00:21.625000,0 days 00:00:24.505000,0 days 00:00:30.837000,1,76.967,7666.467,6.731999999999971,False,False,True,False,0.0,0.0,0.0,0.0,0.0,21.625,24.505,30.837,0,0,0,0.0,77.4148,0.25241275720510026,-1.774078319013555,1,0,77.131,77.026,-0.10500000000000398,0.0,-0.16400000000000148,-0.08399999999999845,0.0,-0.0070000000000014495,0.18399266289719243,-0.08399999999999845,0,0,2023,Canadian Grand Prix,2023_Canadian Grand Prix
TSU,48,0 days 00:01:17.026000,None,,True,0 days 02:09:03.493000,15,0 days 00:00:21.700000,0 days 00:00:24.681000,0 days 00:00:30.645000,1,77.026,7743.493,0.5309999999999491,False,False,True,False,0.0,0.0,0.0,0.0,0.0,21.7,24.681,30.645,0,0,0,0.0,77.3648,0.31770615354424003,-1.06639420175042,0,1,76.967,77.204,0.23699999999999477,0.0,0.0589999999999975,-0.2233333333333339,0.0,-0.19200000000000017,0.18971478592877253,-0.2233333333333339,0,1,2023,Canadian Grand Prix,2023_Canadian Grand Prix
TSU,49,0 days 00:01:17.204000,None,,True,0 days 02:10:20.697000,15,0 days 00:00:21.692000,0 days 00:00:24.565000,0 days 00:00:30.947000,1,77.204,7820.697,1.4619999999995343,False,False,True,False,0.0,0.0,0.0,0.0,0.0,21.692,24.565,30.947,0,0,0,0.0,77.2934,0.3509676623278418,-0.25472432248331367,0,0,77.026,76.859,-0.1670000000000016,0.0589999999999975,0.17799999999999727,-0.22666666666666893,0.0,0.3019999999999996,0.23856801965058094,-0.22666666666666893,0,0,2023,Canadian Grand Prix,2023_Canadian Grand Prix
TSU,50,0 days 00:01:16.859000,None,,True,0 days 02:11:37.556000,15,0 days 00:00:21.500000,0 days 00:00:24.604000,0 days 00:00:30.755000,1,76.859,7897.556,2.6220000000002983,False,False,True,False,0.0,0.0,0.0,0.0,0.0,21.5,24.604,30.755,0,0,0,0.0,77.2068,0.29374597869564417,-1.1840162086452553,0,0,77.204,76.781,-0.4229999999999876,0.23699999999999477,-0.34499999999999886,0.024333333333331097,0.0,0.10999999999999943,0.2506477608118616,0.024333333333331097,0,0,2023,Canadian Grand Prix,2023_Canadian Grand Prix
TSU,51,0 days 00:01:16.781000,None,,True,0 days 02:12:54.337000,15,0 days 00:00:21.504000,0 days 00:00:24.474000,0 days 00:00:30.803000,1,76.781,7974.337,3.506999999999607,False,False,True,False,0.0,0.0,0.0,0.0,0.0,21.504,24.474,30.803,0,0,0,0.0,77.0374,0.13548911395327917,-1.892402957837734,1,0,76.859,76.781,-0.07799999999998875,0.0,-0.07799999999998875,-0.036000000000001364,0.0,0.15800000000000125,0.18196098482916598,-0.036000000000001364,0,0,2023,Canadian Grand Prix,2023_Canadian Grand Prix
TSU,52,0 days 00:01:16.781000,None,,True,0 days 02:14:11.118000,15,0 days 00:00:21.388000,0 days 00:00:24.614000,0 days 00:00:30.779000,1,76.781,8051.118,4.631999999999607,False,False,True,False,0.0,0.0,0.0,0.0,0.0,21.388,24.614,30.779,0,0,0,0.0,76.9674,0.16271846852720154,-1.145536838486355,0,1,76.781,76.743,-0.038000000000010914,0.0,0.0,-0.08166666666666345,0.0,0.02400000000000091,0.18550795131206668,-0.08166666666666345,0,0,2023,Canadian Grand Prix,2023_Canadian Grand Prix
TSU,53,0 days 00:01:16.743000,None,,True,0 days 02:15:27.861000,15,0 days 00:00:21.416000,0 days 00:00:24.554000,0 days 00:00:30.773000,1,76.743,8127.861,5.337999999999738,False,False,True,False,0.0,0.0,0.0,0.0,0.0,21.416,24.554,30.773,0,0,0,0.0,76.9302,0.18284884467733037,-1.0237964605702172,0,0,76.781,76.952,0.17099999999999227,0.0,-0.038000000000010914,-0.14099999999999588,0.0,0.018000000000000682,0.1826110620964678,-0.14099999999999588,0,0,2023,Canadian Grand Prix,2023_Canadian Grand Prix
TSU,54,0 days 00:01:16.952000,None,,True,0 days 02:16:44.813000,15,0 days 00:00:21.421000,0 days 00:00:24.632000,0 days 00:00:30.899000,1,76.952,8204.813,6.8770000000004075,False,False,True,False,0.0,0.0,0.0,0.0,0.0,21.421,24.632,30.899,0,0,0,0.0,76.8736,0.18946186951424246,0.4138035806413725,0,0,76.743,77.393,0.6500000000000057,0.0,0.20900000000000318,-0.03866666666666655,0.0,0.12600000000000122,0.11646802136208861,-0.03866666666666655,0,0,2023,Canadian Grand Prix,2023_Canadian Grand Prix
TSU,55,0 days 00:01:17.393000,None,,True,0 days 02:18:02.206000,14,0 days 00:00:21.731000,0 days 00:00:24.728000,0 days 00:00:30.934000,1,77.393,8282.206,7.3799999999992,False,False,True,False,0.0,0.0,0.0,0.0,0.0,21.731,24.728,30.934,0,0,0,0.0,76.8232,0.08346376459177206,6.826914683119532,0,0,76.952,76.713,-0.23900000000000432,0.20900000000000318,0.4410000000000025,0.05699999999999742,0.0,0.16100000000000136,0.0628903808225076,0.05699999999999742,0,0,2023,Canadian Grand Prix,2023_Canadian Grand Prix
TSU,56,0 days 00:01:16.713000,None,,True,0 days 02:19:18.919000,14,0 days 00:00:21.368000,0 days 00:00:24.495000,0 days 00:00:30.850000,1,76.713,8358.919,8.165000000000873,False,False,True,False,0.0,0.0,0.0,0.0,0.0,21.368,24.495,30.85,0,0,0,0.0,76.92999999999999,0.27121209412530506,-0.8001118117532793,0,0,77.393,77.006,-0.38700000000000045,0.6500000000000057,-0.6800000000000068,0.20399999999999827,0.0,0.07700000000000173,0.07111118055552207,0.20399999999999827,0,0,2023,Canadian Grand Prix,2023_Canadian Grand Prix
TSU,57,0 days 00:01:17.006000,None,,True,0 days 02:20:35.925000,14,0 days 00:00:21.441000,0 days 00:00:24.674000,0 days 00:00:30.891000,1,77.006,8435.925,8.747000000001208,False,False,True,False,0.0,0.0,0.0,0.0,0.0,21.441,24.674,30.891,0,0,0,0.0,76.9164,0.2820404226344772,0.3176849586419938,0,0,76.713,77.553,0.8400000000000034,0.0,0.29300000000000637,-0.010000000000000378,0.0,0.04099999999999682,0.06256756348140827,-0.010000000000000378,0,0,2023,Canadian Grand Prix,2023_Canadian Grand Prix
TSU,58,0 days 00:01:17.553000,None,,True,0 days 02:21:53.478000,14,0 days 00:00:21.440000,0 days 00:00:24.541000,0 days 00:00:31.572000,1,77.553,8513.478,8.570000000001528,False,False,True,False,0.0,0.0,0.0,0.0,0.0,21.44,24.541,31.572,0,0,0,0.0,76.9614,0.27283566482378235,2.1683382206725033,0,0,77.006,77.599,0.5930000000000035,0.29300000000000637,0.546999999999997,0.018000000000000682,0.0,0.7219999999999978,0.05904489817079999,0.018000000000000682,0,0,2023,Canadian Grand Prix,2023_Canadian Grand Prix
TSU,59,0 days 00:01:17.599000,None,,True,0 days 02:23:11.077000,14,0 days 00:00:22.281000,0 days 00:00:24.566000,0 days 00:00:30.752000,1,77.599,8591.077,8.398000000001048,False,False,True,False,0.0,0.0,0.0,0.0,0.0,22.281,24.566,30.752,0,0,0,0.0,77.12339999999999,0.34235551697006,1.3891991699424164,0,0,77.553,77.103,-0.45000000000000284,0.8400000000000034,0.04600000000000648,0.0533333333333322,0.0,-0.09800000000000253,0.281365065351048,0.0533333333333322,0,0,2023,Canadian Grand Prix,2023_Canadian Grand Prix
TSU,60,0 days 00:01:17.103000,None,,True,0 days 02:24:28.180000,14,0 days 00:00:21.689000,0 days 00:00:24.619000,0 days 00:00:30.795000,1,77.103,8668.18,8.769000000000233,False,False,True,False,0.0,0.0,0.0,0.0,0.0,21.689,24.619,30.795,0,0,0,0.0,77.25280000000001,0.3814199785011792,-0.39274293021740636,0,0,77.599,76.941,-0.6580000000000013,0.8860000000000099,-0.4960000000000093,0.2953333333333366,0.0,0.043000000000002814,0.3167558997082767,0.2953333333333366,0,0,2023,Canadian Grand Prix,2023_Canadian Grand Prix
TSU,61,0 days 00:01:16.941000,None,,True,0 days 02:25:45.121000,14,0 days 00:00:21.564000,0 days 00:00:24.592000,0 days 00:00:30.785000,1,76.941,8745.121,9.592000000000553,False,False,True,False,0.0,0.0,0.0,0.0,0.0,21.564,24.592,30.785,0,0,0,0.0,77.1948,0.37679198505254824,-0.6735812067886814,0,0,77.103,77.008,-0.09499999999999886,0.39000000000000057,-0.16199999999999193,0.0323333333333314,0.0,0.03300000000000125,0.3229171720426148,0.0323333333333314,0,0,2023,Canadian Grand Prix,2023_Canadian Grand Prix
TSU,62,0 days 00:01:17.008000,None,,True,0 days 02:27:02.129000,14,0 days 00:00:21.530000,0 days 00:00:24.548000,0 days 00:00:30.930000,1,77.008,8822.129,11.726999999998952,False,False,True,False,0.0,0.0,0.0,0.0,0.0,21.53,24.548,30.93,0,0,0,0.0,77.2404,0.312159894925402,-0.7444902557246691,0,0,76.941,76.93,-0.01099999999999568,0.0,0.06699999999999307,-0.20399999999999827,0.0,0.17800000000000082,0.32622492240783757,-0.20399999999999827,0,0,2023,Canadian Grand Prix,2023_Canadian Grand Prix
TSU,63,0 days 00:01:16.930000,None,,True,0 days 02:28:19.059000,14,0 days 00:00:21.540000,0 days 00:00:24.567000,0 days 00:00:30.823000,1,76.93,8899.059,12.412000000000262,False,False,True,False,0.0,0.0,0.0,0.0,0.0,21.54,24.567,30.823,0,0,0,0.0,77.24080000000001,0.31178550319063675,-0.9968391628842546,0,0,77.008,77.143,0.13500000000000512,0.06699999999999307,-0.07799999999998875,-0.19700000000000273,0.0,0.038000000000000256,0.3206763165561178,-0.19700000000000273,0,0,2023,Canadian Grand Prix,2023_Canadian Grand Prix
TSU,64,0 days 00:01:17.143000,None,,True,0 days 02:29:36.202000,14,0 days 00:00:21.723000,0 days 00:00:24.553000,0 days 00:00:30.867000,1,77.143,8976.202,12.845000000001164,False,False,True,False,0.0,0.0,0.0,0.0,0.0,21.723,24.553,30.867,0,0,0,0.0,77.1162,0.27854209735665153,0.09621525885790637,0,0,76.93,76.984,0.053999999999987836,0.0,0.21299999999999386,-0.057666666666662536,0.0,0.08200000000000074,0.09765090885393875,-0.057666666666662536,0,0,2023,Canadian Grand Prix,2023_Canadian Grand Prix
TSU,65,0 days 00:01:16.984000,None,,True,0 days 02:30:53.186000,14,0 days 00:00:21.555000,0 days 00:00:24.521000,0 days 00:00:30.908000,1,76.984,9053.186,14.009000000000015,False,False,True,False,0.0,0.0,0.0,0.0,0.0,21.555,24.521,30.908,0,0,0,0.0,77.025,0.0953650879507048,-0.42992672560847794,0,0,77.143,77.01,-0.13299999999999557,0.21299999999999386,-0.15900000000000603,0.06733333333333273,0.0,0.08500000000000085,0.060858031515979766,0.06733333333333273,0,0,2023,Canadian Grand Prix,2023_Canadian Grand Prix
TSU,66,0 days 00:01:17.010000,None,,True,0 days 02:32:10.196000,14,0 days 00:00:21.554000,0 days 00:00:24.568000,0 days 00:00:30.888000,1,77.01,9130.196,16.314000000000306,False,False,True,False,0.0,0.0,0.0,0.0,0.0,21.554,24.568,30.888,0,0,0,0.0,77.00120000000001,0.08535631200940681,0.10309723783548527,0,0,76.984,76.821,-0.1629999999999967,0.053999999999987836,0.02600000000001046,-0.008000000000000304,0.0,0.06500000000000128,0.05821254160402223,-0.008000000000000304,0,0,2023,Canadian Grand Prix,2023_Canadian Grand Prix
TSU,67,0 days 00:01:16.821000,None,,True,0 days 02:33:27.017000,14,0 days 00:00:21.444000,0 days 00:00:24.532000,0 days 00:00:30.845000,1,76.821,9207.017,18.46900000000096,False,False,True,False,0.0,0.0,0.0,0.0,0.0,21.444,24.532,30.845,0,0,0,0.0,77.015,0.07849203781178353,-2.4715882707134735,1,0,77.01,76.666,-0.3440000000000083,0.0799999999999983,-0.18900000000000716,0.0266666666666661,0.0,-0.022000000000002018,0.052823290317813645,0.0266666666666661,0,0,2023,Canadian Grand Prix,2023_Canadian Grand Prix
TSU,68,0 days 00:01:16.666000,None,,True,0 days 02:34:43.683000,14,0 days 00:00:21.467000,0 days 00:00:24.393000,0 days 00:00:30.806000,1,76.666,9283.683,19.36499999999978,False,False,True,False,0.0,0.0,0.0,0.0,0.0,21.467,24.393,30.806,0,0,0,0.0,76.97760000000001,0.11751297800604345,-2.6516220190078736,1,1,76.821,76.852,0.03100000000000591,0.0,-0.15500000000000114,-0.10733333333333424,0.0,-0.038999999999997925,0.04416220103210582,-0.10733333333333424,0,0,2023,Canadian Grand Prix,2023_Canadian Grand Prix
TSU,69,0 days 00:01:16.852000,None,,True,0 days 02:36:00.535000,14,0 days 00:00:21.452000,0 days 00:00:24.551000,0 days 00:00:30.849000,1,76.852,9360.535,20.47700000000077,False,False,True,False,0.0,0.0,0.0,0.0,0.0,21.452,24.551,30.849,0,0,0,0.0,76.9248,0.18447682781274122,-0.3946295090996399,0,1,76.666,76.957,0.2909999999999968,0.0,0.18600000000000705,-0.10599999999999928,0.0,0.04299999999999926,0.05985565971568656,-0.10599999999999928,0,0,2023,Canadian Grand Prix,2023_Canadian Grand Prix
VER,2,0 days 00:01:18.075000,MEDIUM,2.0,True,0 days 01:04:46.876000,1,0 days 00:00:21.686000,0 days 00:00:25.051000,0 days 00:00:31.338000,1,78.075,3886.876,1.2199999999998,False,True,False,False,2.0,0.0,0.0,0.0,0.0,21.686,25.051,31.338,0,0,0,0.0,76.8612,0.13334429121583996,9.102751898356628,0,0,78.075,77.767,-0.30800000000000693,1.409000000000006,0.0,0.04533333333333189,0.0,0.532,0.06770893589475487,0.0,0,0,2023,Canadian Grand Prix,2023_Canadian Grand Prix
VER,3,0 days 00:01:17.767000,MEDIUM,3.0,True,0 days 01:06:04.643000,1,0 days 00:00:21.626000,0 days 00:00:24.909000,0 days 00:00:31.232000,1,77.767,3964.643,1.1849999999999454,False,True,False,False,3.0,0.0,0.0,0.0,0.0,21.626,24.909,31.232,0,0,0,0.0,,,0.0,0,0,78.075,77.203,-0.8719999999999999,0.0,-0.30800000000000693,0.0,0.0,0.0,0.0,0.0,0,0,2023,Canadian Grand Prix,2023_Canadian Grand Prix
VER,4,0 days 00:01:17.203000,MEDIUM,4.0,True,0 days 01:07:21.846000,1,0 days 00:00:21.438000,0 days 00:00:24.716000,0 days 00:00:31.049000,1,77.203,4041.846,1.5399999999999636,False,True,False,False,4.0,0.0,0.0,0.0,0.0,21.438,24.716,31.049,0,0,0,0.0,,,0.0,0,0,77.767,77.371,-0.3960000000000008,0.0,-0.563999999999993,-0.15400000000000347,0.0,-0.18299999999999983,0.0,0.0,0,0,2023,Canadian Grand Prix,2023_Canadian Grand Prix
VER,5,0 days 00:01:17.371000,MEDIUM,5.0,True,0 days 01:08:39.217000,1,0 days 00:00:21.493000,0 days 00:00:24.718000,0 days 00:00:31.160000,1,77.371,4119.217,1.855000000000473,False,True,False,False,5.0,0.0,0.0,0.0,0.0,21.493,24.718,31.16,0,0,0,0.0,77.68166666666667,0.44221864878510775,-0.7025182396087565,0,0,77.203,77.607,0.40399999999999636,0.0,0.16799999999999216,-0.29066666666666663,0.0,0.11100000000000065,0.37142473441241536,-0.43599999999999994,0,0,2023,Canadian Grand Prix,2023_Canadian Grand Prix
VER,6,0 days 00:01:17.607000,MEDIUM,6.0,True,0 days 01:09:56.824000,1,0 days 00:00:21.609000,0 days 00:00:24.763000,0 days 00:00:31.235000,1,77.607,4196.824,2.0280000000002474,False,True,False,False,6.0,0.0,0.0,0.0,0.0,21.609,24.763,31.235,0,0,0,0.0,77.604,0.3930648801406634,0.007632327769722201,0,0,77.371,77.565,0.19400000000000261,0.16799999999999216,0.2360000000000042,-0.23466666666666924,0.0,0.18599999999999994,0.30327874966769425,-0.23466666666666924,0,0,2023,Canadian Grand Prix,2023_Canadian Grand Prix
VER,7,0 days 00:01:17.565000,MEDIUM,7.0,True,0 days 01:11:14.389000,1,0 days 00:00:21.600000,0 days 00:00:24.770000,0 days 00:00:31.195000,12,77.565,4274.389,2.4179999999996653,False,True,False,False,7.0,0.0,0.0,0.0,0.0,21.6,24.77,31.195,0,0,1,0.0,77.6046,0.3404068154429279,-0.1163313958578672,0,0,77.607,77.495,-0.11199999999999477,0.40399999999999636,-0.04200000000000159,-0.0533333333333322,0.0,0.1460000000000008,0.26455944511583773,-0.0533333333333322,0,0,2023,Canadian Grand Prix,2023_Canadian Grand Prix
VER,9,0 days 00:01:17.495000,MEDIUM,9.0,True,0 days 01:14:04.539000,1,0 days 00:00:21.715000,0 days 00:00:24.787000,0 days 00:00:30.993000,1,77.495,4444.539,3.3460000000004584,False,True,False,False,9.0,0.0,0.0,0.0,0.0,21.715,24.787,30.993,0,0,0,0.0,77.5026,0.2189630105748293,-0.03470905875857623,0,0,77.565,77.359,-0.20600000000000307,0.36199999999999477,-0.06999999999999318,0.12066666666666492,0.0,-0.1670000000000016,0.14849410762720527,0.12066666666666492,0,0,2023,Canadian Grand Prix,2023_Canadian Grand Prix
VER,10,0 days 00:01:17.359000,MEDIUM,10.0,True,0 days 01:15:21.898000,1,0 days 00:00:21.577000,0 days 00:00:24.746000,0 days 00:00:31.036000,1,77.359,4521.898,3.5839999999998327,False,True,False,False,10.0,0.0,0.0,0.0,0.0,21.577,24.746,31.036,0,0,0,0.0,77.4482,0.16365573622697546,-0.5450465841068539,0,0,77.495,77.268,-0.22700000000000387,0.2920000000000016,-0.1360000000000099,0.041333333333336476,0.0,0.043000000000002814,0.17880240490552748,0.041333333333336476,0,0,2023,Canadian Grand Prix,2023_Canadian Grand Prix
VER,11,0 days 00:01:17.268000,MEDIUM,11.0,True,0 days 01:16:39.166000,1,0 days 00:00:21.555000,0 days 00:00:24.680000,0 days 00:00:31.033000,1,77.268,4599.166,4.007999999999811,False,True,False,False,11.0,0.0,0.0,0.0,0.0,21.555,24.68,31.033,0,0,0,0.0,77.4794,0.11191425289029987,-1.8889461756691102,1,0,77.359,77.145,-0.21399999999999864,0.0,-0.09099999999999397,-0.08266666666666822,0.0,0.0400000000000027,0.13930075376680554,-0.08266666666666822,0,0,2023,Canadian Grand Prix,2023_Canadian Grand Prix
VER,17,0 days 00:01:17.145000,HARD,5.0,True,0 days 01:28:13.635000,1,0 days 00:00:21.405000,0 days 00:00:24.615000,0 days 00:00:31.125000,1,77.145,5293.635,1.170999999999367,True,False,False,False,5.0,0.0,0.0,0.0,0.0,21.405,24.615,31.125,0,0,0,0.0,77.4588,0.14222939218035605,-2.2062950223543236,1,1,77.268,76.682,-0.5859999999999985,0.0,-0.12300000000000466,-0.09899999999999902,0.0,0.13200000000000145,0.13688425767779205,-0.09899999999999902,0,0,2023,Canadian Grand Prix,2023_Canadian Grand Prix
VER,18,0 days 00:01:16.682000,HARD,6.0,True,0 days 01:29:30.317000,1,0 days 00:00:21.274000,0 days 00:00:24.503000,0 days 00:00:30.905000,1,76.682,5370.317,1.569999999999709,True,False,False,False,6.0,0.0,0.0,0.0,0.0,21.274,24.503,30.905,0,0,0,0.0,77.3664,0.1693629239237269,-4.0410261239243725,1,1,77.145,76.63,-0.5150000000000006,0.0,-0.46299999999999386,-0.11666666666666951,0.0,-0.1280000000000001,0.12505078968163402,-0.11666666666666951,0,0,2023,Canadian Grand Prix,2023_Canadian Grand Prix
VER,19,0 days 00:01:16.630000,HARD,7.0,True,0 days 01:30:46.947000,1,0 days 00:00:21.238000,0 days 00:00:24.441000,0 days 00:00:30.951000,1,76.63,5446.947,1.725999999999658,True,False,False,False,7.0,0.0,0.0,0.0,0.0,21.238,24.441,30.951,0,0,0,0.0,77.18979999999999,0.3113514091826056,-1.7979684160403993,1,1,76.682,76.607,-0.07500000000000284,0.0,-0.05200000000000671,-0.22566666666666416,0.0,0.045999999999999375,0.12635861664326806,-0.22566666666666416,0,0,2023,Canadian Grand Prix,2023_Canadian Grand Prix
VER,20,0 days 00:01:16.607000,HARD,8.0,True,0 days 01:32:03.554000,1,0 days 00:00:21.224000,0 days 00:00:24.519000,0 days 00:00:30.864000,1,76.607,5523.554,1.9179999999996653,True,False,False,False,8.0,0.0,0.0,0.0,0.0,21.224,24.519,30.864,0,0,0,0.0,77.01679999999999,0.3385050959734518,-1.2106169297732807,0,1,76.63,76.652,0.02200000000000557,0.0,-0.022999999999996135,-0.21266666666666842,0.0,-0.04100000000000037,0.09465093766043792,-0.21266666666666842,0,0,2023,Canadian Grand Prix,2023_Canadian Grand Prix
VER,21,0 days 00:01:16.652000,HARD,9.0,True,0 days 01:33:20.206000,1,0 days 00:00:21.244000,0 days 00:00:24.464000,0 days 00:00:30.944000,1,76.652,5600.206,2.113999999999578,True,False,False,False,9.0,0.0,0.0,0.0,0.0,21.244,24.464,30.944,0,0,0,0.0,76.8664,0.31467332266971415,-0.6813415200914097,0,0,76.607,76.697,0.09000000000000341,0.0,0.045000000000001705,-0.17933333333333223,0.0,0.0799999999999983,0.09839308918821545,-0.17933333333333223,0,0,2023,Canadian Grand Prix,2023_Canadian Grand Prix
VER,22,0 days 00:01:16.697000,HARD,10.0,True,0 days 01:34:36.903000,1,0 days 00:00:21.246000,0 days 00:00:24.538000,0 days 00:00:30.913000,1,76.697,5676.903,2.756999999999607,True,False,False,False,10.0,0.0,0.0,0.0,0.0,21.246,24.538,30.913,0,0,0,0.0,76.7432,0.22631327844383375,-0.20414179988764905,0,0,76.652,76.946,0.29399999999999693,0.045000000000001705,0.045000000000001705,-0.010000000000000378,0.0,0.04899999999999949,0.10298155174593178,-0.010000000000000378,0,0,2023,Canadian Grand Prix,2023_Canadian Grand Prix
VER,23,0 days 00:01:16.946000,HARD,11.0,True,0 days 01:35:53.849000,1,0 days 00:00:21.256000,0 days 00:00:24.432000,0 days 00:00:31.258000,1,76.946,5753.849,2.8189999999995052,True,False,False,False,11.0,0.0,0.0,0.0,0.0,21.256,24.432,31.258,0,0,0,0.0,76.65360000000001,0.0368143993566905,7.94254436061706,0,0,76.697,76.641,-0.055999999999997385,0.09000000000000341,0.24899999999999523,0.02233333333333576,0.0,0.39399999999999835,0.08510992891549085,0.02233333333333576,0,0,2023,Canadian Grand Prix,2023_Canadian Grand Prix
VER,24,0 days 00:01:16.641000,HARD,12.0,True,0 days 01:37:10.490000,1,0 days 00:00:21.272000,0 days 00:00:24.504000,0 days 00:00:30.865000,1,76.641,5830.49,3.106999999999971,True,False,False,False,12.0,0.0,0.0,0.0,0.0,21.272,24.504,30.865,0,0,0,0.0,76.7064,0.13799746374479763,-0.47392175352543253,0,0,76.946,76.643,-0.30299999999999727,0.33899999999999864,-0.3049999999999926,0.11299999999999955,0.0,-0.04800000000000182,0.16738966515289955,0.11299999999999955,0,0,2023,Canadian Grand Prix,2023_Canadian Grand Prix
VER,25,0 days 00:01:16.643000,HARD,13.0,True,0 days 01:38:27.133000,1,0 days 00:00:21.254000,0 days 00:00:24.457000,0 days 00:00:30.932000,1,76.643,5907.133,3.386000000000422,True,False,False,False,13.0,0.0,0.0,0.0,0.0,21.254,24.457,30.932,0,0,0,0.0,76.7086,0.13655511707730517,-0.48039210396536547,0,0,76.641,76.785,0.14399999999999125,0.034000000000006025,0.001999999999995339,-0.0036666666666652268,0.0,0.06700000000000017,0.18052063593949555,-0.0036666666666652268,0,0,2023,Canadian Grand Prix,2023_Canadian Grand Prix
VER,26,0 days 00:01:16.785000,HARD,14.0,True,0 days 01:39:43.918000,1,0 days 00:00:21.341000,0 days 00:00:24.509000,0 days 00:00:30.935000,1,76.785,5983.918,3.5799999999999272,True,False,False,False,14.0,0.0,0.0,0.0,0.0,21.341,24.509,30.935,0,0,0,0.0,76.7158,0.13068167430820915,0.529531017767562,0,0,76.643,76.928,0.2849999999999966,0.001999999999995339,0.1419999999999959,-0.018000000000000682,0.0,0.07000000000000028,0.16738966515289982,-0.018000000000000682,0,0,2023,Canadian Grand Prix,2023_Canadian Grand Prix
VER,27,0 days 00:01:16.928000,HARD,15.0,True,0 days 01:41:00.846000,1,0 days 00:00:21.300000,0 days 00:00:24.656000,0 days 00:00:30.972000,1,76.928,6060.846,3.4710000000004584,True,False,False,False,15.0,0.0,0.0,0.0,0.0,21.3,24.656,30.972,0,0,0,0.0,76.7424,0.12795624252063154,1.4504958597081952,0,0,76.785,77.004,0.2190000000000083,0.14399999999999125,0.14300000000000068,-0.05366666666666712,0.0,0.10700000000000287,0.1678728685642796,-0.05366666666666712,0,0,2023,Canadian Grand Prix,2023_Canadian Grand Prix
VER,28,0 days 00:01:17.004000,HARD,16.0,True,0 days 01:42:17.850000,1,0 days 00:00:21.266000,0 days 00:00:24.706000,0 days 00:00:31.032000,1,77.004,6137.85,3.4769999999998618,True,False,False,False,16.0,0.0,0.0,0.0,0.0,21.266,24.706,31.032,0,0,0,0.0,76.7886,0.14765263289220917,1.4588293874668046,0,0,76.928,76.807,-0.12099999999999511,0.28699999999999193,0.07600000000000762,0.09566666666666397,0.0,0.10000000000000142,0.16489238915122761,0.09566666666666397,0,0,2023,Canadian Grand Prix,2023_Canadian Grand Prix
VER,29,0 days 00:01:16.807000,HARD,17.0,True,0 days 01:43:34.657000,1,0 days 00:00:21.340000,0 days 00:00:24.598000,0 days 00:00:30.869000,12,76.807,6214.657,3.9219999999995707,True,False,False,False,17.0,0.0,0.0,0.0,0.0,21.34,24.598,30.869,0,0,1,0.0,76.80019999999999,0.16443448543417824,0.041353855804989015,0,0,77.004,77.016,0.012000000000000455,0.36299999999999955,-0.19700000000000273,0.12033333333333474,0.0,-0.06599999999999895,0.06248759876967736,0.12033333333333474,0,0,2023,Canadian Grand Prix,2023_Canadian Grand Prix
VER,30,0 days 00:01:17.016000,HARD,18.0,True,0 days 01:44:51.673000,1,0 days 00:00:21.355000,0 days 00:00:24.658000,0 days 00:00:31.003000,1,77.016,6291.673,4.201000000000022,True,False,False,False,18.0,0.0,0.0,0.0,0.0,21.355,24.658,31.003,0,0,0,0.0,76.83340000000001,0.13905502508002124,1.3131492363897947,0,0,76.807,76.849,0.04200000000000159,0.16400000000000148,0.20900000000000318,0.00733333333333519,0.0,0.13400000000000034,0.07024457274409199,0.00733333333333519,0,0,2023,Canadian Grand Prix,2023_Canadian Grand Prix
VER,31,0 days 00:01:16.849000,HARD,19.0,True,0 days 01:46:08.522000,1,0 days 00:00:21.296000,0 days 00:00:24.554000,0 days 00:00:30.999000,1,76.849,6368.522,4.4650000000001455,True,False,False,False,19.0,0.0,0.0,0.0,0.0,21.296,24.554,30.999,0,0,0,0.0,76.90799999999999,0.10794674612979194,-0.5465658031882078,0,0,77.016,76.918,-0.09799999999999898,0.23100000000000875,-0.1670000000000016,0.029333333333336025,0.0,0.129999999999999,0.07882892870006546,0.029333333333336025,0,0,2023,Canadian Grand Prix,2023_Canadian Grand Prix
VER,32,0 days 00:01:16.918000,HARD,20.0,True,0 days 01:47:25.440000,1,0 days 00:00:21.435000,0 days 00:00:24.563000,0 days 00:00:30.920000,1,76.918,6445.44,5.214000000000851,True,False,False,False,20.0,0.0,0.0,0.0,0.0,21.435,24.563,30.92,0,0,0,0.0,76.92080000000001,0.0923888521414253,-0.030306686738802133,0,0,76.849,76.83,-0.019000000000005457,0.04200000000000159,0.06900000000000261,-0.05166666666666705,0.0,0.05100000000000193,0.08345058418009993,-0.05166666666666705,0,0,2023,Canadian Grand Prix,2023_Canadian Grand Prix
VER,33,0 days 00:01:16.830000,HARD,21.0,True,0 days 01:48:42.270000,1,0 days 00:00:21.367000,0 days 00:00:24.511000,0 days 00:00:30.952000,1,76.83,6522.27,5.375,True,False,False,False,21.0,0.0,0.0,0.0,0.0,21.367,24.511,30.952,0,0,0,0.0,76.9188,0.0923022209917509,-0.9620570236109738,0,0,76.918,77.054,0.13599999999999568,0.1110000000000042,-0.08800000000000807,0.0370000000000014,0.0,0.03200000000000003,0.08284443252264995,0.0370000000000014,0,0,2023,Canadian Grand Prix,2023_Canadian Grand Prix
VER,34,0 days 00:01:17.054000,HARD,22.0,True,0 days 01:49:59.324000,1,0 days 00:00:21.460000,0 days 00:00:24.588000,0 days 00:00:31.006000,1,77.054,6599.324,5.390000000000327,True,False,False,False,22.0,0.0,0.0,0.0,0.0,21.46,24.588,31.006,0,0,0,0.0,76.884,0.08463155439909821,2.0087070503080957,0,0,76.83,77.225,0.394999999999996,0.022999999999996135,0.22400000000000375,-0.06200000000000235,0.0,0.08599999999999852,0.08222651640438072,-0.06200000000000235,0,0,2023,Canadian Grand Prix,2023_Canadian Grand Prix
VER,35,0 days 00:01:17.225000,HARD,23.0,True,0 days 01:51:16.549000,1,0 days 00:00:21.433000,0 days 00:00:24.666000,0 days 00:00:31.126000,12,77.225,6676.549,5.311999999999898,True,False,False,False,23.0,0.0,0.0,0.0,0.0,21.433,24.666,31.126,0,0,1,0.0,76.9334,0.09927134531178632,2.9374035285222146,0,0,77.054,77.765,0.7109999999999985,0.22400000000000375,0.17099999999999227,0.06833333333333276,0.0,0.20599999999999952,0.04576898513185473,0.06833333333333276,0,0,2023,Canadian Grand Prix,2023_Canadian Grand Prix
VER,36,0 days 00:01:17.765000,HARD,24.0,True,0 days 01:52:34.314000,1,0 days 00:00:22.060000,0 days 00:00:24.706000,0 days 00:00:30.999000,21,77.765,6754.314,5.195999999999913,True,False,False,False,24.0,0.0,0.0,0.0,0.0,22.06,24.706,30.999,0,0,1,0.0,76.9752,0.1649930301558637,4.786868871090498,0,0,77.225,77.094,-0.13100000000000023,0.394999999999996,0.5400000000000063,0.10233333333332932,0.0,0.046999999999997044,0.06955573304911616,0.10233333333332932,0,0,2023,Canadian Grand Prix,2023_Canadian Grand Prix
VER,37,0 days 00:01:17.094000,HARD,25.0,True,0 days 01:53:51.408000,1,0 days 00:00:21.370000,0 days 00:00:24.595000,0 days 00:00:31.129000,1,77.094,6831.408,5.270999999999731,True,False,False,False,25.0,0.0,0.0,0.0,0.0,21.37,24.595,31.129,0,0,0,0.0,77.1584,0.3704514813035932,-0.17384192870112727,0,0,77.765,77.011,-0.7540000000000049,0.9350000000000023,-0.6710000000000065,0.3116666666666674,0.0,0.13000000000000256,0.07079759882933868,0.3116666666666674,0,0,2023,Canadian Grand Prix,2023_Canadian Grand Prix
VER,38,0 days 00:01:17.011000,HARD,26.0,True,0 days 01:55:08.419000,1,0 days 00:00:21.414000,0 days 00:00:24.626000,0 days 00:00:30.971000,1,77.011,6908.419,5.337000000000444,True,False,False,False,26.0,0.0,0.0,0.0,0.0,21.414,24.626,30.971,0,0,0,0.0,77.19359999999999,0.34967742277709357,-0.5221955668450302,0,0,77.094,77.273,0.17900000000000205,0.2639999999999958,-0.08299999999999841,0.01333333333333068,0.0,-0.027999999999998693,0.07029366970076388,0.01333333333333068,0,0,2023,Canadian Grand Prix,2023_Canadian Grand Prix
VER,39,0 days 00:01:17.273000,HARD,27.0,True,0 days 01:56:25.692000,1,0 days 00:00:21.443000,0 days 00:00:24.760000,0 days 00:00:31.070000,1,77.273,6985.692,5.0900000000001455,True,False,False,False,27.0,0.0,0.0,0.0,0.0,21.443,24.76,31.07,0,0,0,0.0,77.2298,0.30971067143389225,0.13948502258573237,0,0,77.011,77.4,0.38900000000001,0.0,0.26200000000000045,-0.07133333333333287,0.0,0.0990000000000002,0.0877906600954794,-0.07133333333333287,0,0,2023,Canadian Grand Prix,2023_Canadian Grand Prix
VER,40,0 days 00:01:17.400000,HARD,28.0,True,0 days 01:57:43.092000,1,0 days 00:00:21.576000,0 days 00:00:24.771000,0 days 00:00:31.053000,1,77.4,7063.092,4.9450000000006185,True,False,False,False,28.0,0.0,0.0,0.0,0.0,21.576,24.771,31.053,0,0,0,0.0,77.2736,0.2937052944705557,0.43036336892686006,0,0,77.273,77.017,-0.2560000000000002,0.26200000000000045,0.12700000000000955,-0.16400000000000148,0.0,0.08200000000000074,0.08790164958634165,-0.16400000000000148,0,0,2023,Canadian Grand Prix,2023_Canadian Grand Prix
VER,41,0 days 00:01:17.017000,HARD,29.0,True,0 days 01:59:00.109000,1,0 days 00:00:21.532000,0 days 00:00:24.618000,0 days 00:00:30.867000,1,77.017,7140.109,32.66100000000006,True,False,False,False,29.0,0.0,0.0,0.0,0.0,21.532,24.618,30.867,0,0,0,0.0,77.3086,0.2968758999987006,-0.9822286012481269,0,0,77.4,76.322,-1.078000000000003,0.38900000000001,-0.3830000000000098,0.10200000000000387,0.0,-0.1039999999999992,0.06049380133534381,0.10200000000000387,0,0,2023,Canadian Grand Prix,2023_Canadian Grand Prix
VER,44,0 days 00:01:16.322000,MEDIUM,2.0,True,0 days 02:03:09.015000,1,0 days 00:00:21.309000,0 days 00:00:24.264000,0 days 00:00:30.749000,1,76.322,7389.015,4.548999999999978,False,True,False,False,2.0,0.0,0.0,0.0,0.0,21.309,24.264,30.749,0,0,0,0.0,77.159,0.171296526526451,-4.886263702905597,1,0,77.017,76.092,-0.9249999999999972,0.006000000000000227,-0.6949999999999932,0.002000000000000076,0.0,-0.1180000000000021,0.09825578863354581,0.002000000000000076,0,0,2023,Canadian Grand Prix,2023_Canadian Grand Prix
VER,45,0 days 00:01:16.092000,MEDIUM,3.0,True,0 days 02:04:25.107000,1,0 days 00:00:21.156000,0 days 00:00:24.275000,0 days 00:00:30.661000,1,76.092,7465.107,4.5090000000000146,False,True,False,False,3.0,0.0,0.0,0.0,0.0,21.156,24.275,30.661,0,0,0,0.0,77.00460000000001,0.4166884927616898,-2.1901252754823277,1,1,76.322,76.204,-0.11800000000000921,0.0,-0.23000000000000398,-0.3169999999999978,0.0,-0.08799999999999741,0.10136172847776469,-0.3169999999999978,0,0,2023,Canadian Grand Prix,2023_Canadian Grand Prix
VER,46,0 days 00:01:16.204000,MEDIUM,4.0,True,0 days 02:05:41.311000,1,0 days 00:00:21.225000,0 days 00:00:24.320000,0 days 00:00:30.659000,1,76.204,7541.311,4.195999999999913,False,True,False,False,4.0,0.0,0.0,0.0,0.0,21.225,24.32,30.659,0,0,0,0.0,76.82079999999999,0.5827526919714632,-1.0584249691122867,0,1,76.092,76.036,-0.055999999999997385,0.0,0.11199999999999477,-0.43600000000000233,0.0,-0.0020000000000024443,0.10686533582036795,-0.43600000000000233,0,0,2023,Canadian Grand Prix,2023_Canadian Grand Prix
VER,47,0 days 00:01:16.036000,MEDIUM,5.0,True,0 days 02:06:57.347000,1,0 days 00:00:21.111000,0 days 00:00:24.211000,0 days 00:00:30.714000,1,76.036,7617.347,5.527000000000044,False,True,False,False,5.0,0.0,0.0,0.0,0.0,21.111,24.211,30.714,0,0,0,0.0,76.607,0.5713597815737128,-0.9993703064420743,0,0,76.204,76.109,-0.09499999999999886,0.11199999999999477,-0.16799999999999216,-0.2710000000000008,0.0,0.054999999999999716,0.0846049643933497,-0.2710000000000008,0,0,2023,Canadian Grand Prix,2023_Canadian Grand Prix
VER,48,0 days 00:01:16.109000,MEDIUM,6.0,True,0 days 02:08:13.456000,1,0 days 00:00:21.228000,0 days 00:00:24.282000,0 days 00:00:30.599000,1,76.109,7693.456,5.462999999999738,False,True,False,False,6.0,0.0,0.0,0.0,0.0,21.228,24.282,30.599,0,0,0,0.0,76.3342,0.3971463206425537,-0.5670454144851295,0,0,76.036,75.856,-0.18000000000000682,0.0,0.07299999999999329,-0.09533333333333378,0.0,-0.05999999999999872,0.07467127961940859,-0.09533333333333378,0,0,2023,Canadian Grand Prix,2023_Canadian Grand Prix
VER,49,0 days 00:01:15.856000,MEDIUM,7.0,True,0 days 02:09:29.312000,1,0 days 00:00:21.031000,0 days 00:00:24.190000,0 days 00:00:30.635000,1,75.856,7769.312,5.5020000000004075,False,True,False,False,7.0,0.0,0.0,0.0,0.0,21.031,24.19,30.635,0,0,0,0.0,76.15259999999999,0.11236903488013382,-2.6395171972099503,1,0,76.109,75.919,-0.18999999999999773,0.07299999999999329,-0.2530000000000001,0.005666666666665303,0.0,0.036000000000001364,0.06932387756033216,0.005666666666665303,0,0,2023,Canadian Grand Prix,2023_Canadian Grand Prix
VER,50,0 days 00:01:15.919000,MEDIUM,8.0,True,0 days 02:10:45.231000,1,0 days 00:00:21.101000,0 days 00:00:24.228000,0 days 00:00:30.590000,1,75.919,7845.231,5.847000000000662,False,True,False,False,8.0,0.0,0.0,0.0,0.0,21.101,24.228,30.59,0,0,0,0.0,76.0594,0.12879363338254973,-1.090115996518058,0,1,75.856,75.795,-0.06099999999999284,0.0,0.06300000000000239,-0.11599999999999966,0.0,-0.009000000000000341,0.06118169660936073,-0.11599999999999966,0,0,2023,Canadian Grand Prix,2023_Canadian Grand Prix
VER,51,0 days 00:01:15.795000,MEDIUM,9.0,True,0 days 02:12:01.026000,1,0 days 00:00:20.995000,0 days 00:00:24.180000,0 days 00:00:30.620000,1,75.795,7921.026,6.23700000000008,False,True,False,False,9.0,0.0,0.0,0.0,0.0,20.995,24.18,30.62,0,0,0,0.0,76.0248,0.1405478566178571,-1.6350302703285797,1,0,75.919,76.103,0.1839999999999975,0.06300000000000239,-0.12399999999999523,-0.03900000000000148,0.0,0.030000000000001137,0.044514042728109576,-0.03900000000000148,0,0,2023,Canadian Grand Prix,2023_Canadian Grand Prix
VER,52,0 days 00:01:16.103000,MEDIUM,10.0,True,0 days 02:13:17.129000,1,0 days 00:00:21.109000,0 days 00:00:24.299000,0 days 00:00:30.695000,1,76.103,7997.129,6.331000000000131,False,True,False,False,10.0,0.0,0.0,0.0,0.0,21.109,24.299,30.695,0,0,0,0.0,75.943,0.1286992618466119,1.2432083735700827,0,1,75.795,75.694,-0.10099999999999909,0.0,0.3079999999999927,-0.10466666666666431,0.0,0.10500000000000043,0.04571979877470988,-0.10466666666666431,0,0,2023,Canadian Grand Prix,2023_Canadian Grand Prix
VER,53,0 days 00:01:15.694000,MEDIUM,11.0,True,0 days 02:14:32.823000,1,0 days 00:00:21.051000,0 days 00:00:24.126000,0 days 00:00:30.517000,1,75.694,8072.823,6.445999999999913,False,True,False,False,11.0,0.0,0.0,0.0,0.0,21.051,24.126,30.517,0,0,0,0.0,75.9564,0.1434461571456856,-1.829257787181451,1,0,76.103,75.732,-0.3709999999999951,0.3079999999999927,-0.4089999999999918,0.0823333333333333,0.0,-0.0730000000000004,0.06087117544454001,0.0823333333333333,0,0,2023,Canadian Grand Prix,2023_Canadian Grand Prix
VER,54,0 days 00:01:15.732000,MEDIUM,12.0,True,0 days 02:15:48.555000,1,0 days 00:00:21.040000,0 days 00:00:24.169000,0 days 00:00:30.523000,1,75.732,8148.555,6.932999999999993,False,True,False,False,12.0,0.0,0.0,0.0,0.0,21.04,24.169,30.523,0,0,0,0.0,75.87339999999999,0.1528309523619179,-0.9252052533517023,0,1,75.694,75.82,0.12599999999999056,0.0,0.0379999999999967,-0.07499999999999811,0.0,0.006000000000000227,0.06528169728185722,-0.07499999999999811,0,0,2023,Canadian Grand Prix,2023_Canadian Grand Prix
VER,55,0 days 00:01:15.820000,MEDIUM,13.0,True,0 days 02:17:04.375000,1,0 days 00:00:21.005000,0 days 00:00:24.260000,0 days 00:00:30.555000,1,75.82,8224.375,7.299999999999272,False,True,False,False,13.0,0.0,0.0,0.0,0.0,21.005,24.26,30.555,0,0,0,0.0,75.8486,0.16586530679996583,-0.17242906640207292,0,0,75.732,75.888,0.1560000000000059,0.0379999999999967,0.08799999999999386,-0.021000000000000796,0.0,0.038000000000000256,0.06456547064801768,-0.021000000000000796,0,0,2023,Canadian Grand Prix,2023_Canadian Grand Prix
VER,56,0 days 00:01:15.888000,MEDIUM,14.0,True,0 days 02:18:20.263000,1,0 days 00:00:20.979000,0 days 00:00:24.252000,0 days 00:00:30.657000,1,75.888,8300.263,7.575999999999112,False,True,False,False,14.0,0.0,0.0,0.0,0.0,20.979,24.252,30.657,0,0,0,0.0,75.8288,0.16120390814072613,0.3672367542623367,0,0,75.82,75.945,0.125,0.12599999999999056,0.06800000000001205,-0.09433333333333375,0.0,0.14000000000000057,0.0642004672880192,-0.09433333333333375,0,0,2023,Canadian Grand Prix,2023_Canadian Grand Prix
VER,57,0 days 00:01:15.945000,MEDIUM,15.0,True,0 days 02:19:36.208000,1,0 days 00:00:21.134000,0 days 00:00:24.173000,0 days 00:00:30.638000,1,75.945,8376.208,7.792999999999665,False,True,False,False,15.0,0.0,0.0,0.0,0.0,21.134,24.173,30.638,0,0,0,0.0,75.8474,0.16169353728534422,0.6036110140120381,0,0,75.888,75.957,0.0689999999999884,0.19400000000000261,0.05699999999998795,0.06466666666666754,0.0,0.11500000000000199,0.08381944881708565,0.06466666666666754,0,0,2023,Canadian Grand Prix,2023_Canadian Grand Prix
VER,58,0 days 00:01:15.957000,MEDIUM,16.0,True,0 days 02:20:52.165000,1,0 days 00:00:21.082000,0 days 00:00:24.286000,0 days 00:00:30.589000,1,75.957,8452.165,7.805999999998676,False,True,False,False,16.0,0.0,0.0,0.0,0.0,21.082,24.286,30.589,0,0,0,0.0,75.8158,0.10461930988035674,1.3496552420530676,0,0,75.945,75.775,-0.1699999999999875,0.25099999999999056,0.012000000000000455,0.07099999999999795,0.0,0.03399999999999892,0.08575954757343406,0.07099999999999795,0,0,2023,Canadian Grand Prix,2023_Canadian Grand Prix
VER,59,0 days 00:01:15.775000,MEDIUM,17.0,True,0 days 02:22:07.940000,1,0 days 00:00:21.109000,0 days 00:00:24.114000,0 days 00:00:30.552000,1,75.775,8527.94,7.9429999999993015,False,True,False,False,17.0,0.0,0.0,0.0,0.0,21.109,24.114,30.552,0,0,0,0.0,75.8684,0.09360715784516635,-0.9977869443967028,0,0,75.957,75.866,-0.09099999999999397,0.22499999999999432,-0.18199999999998795,0.04566666666666682,0.0,-0.036999999999999034,0.057626382846748786,0.04566666666666682,0,0,2023,Canadian Grand Prix,2023_Canadian Grand Prix
VER,60,0 days 00:01:15.866000,MEDIUM,18.0,True,0 days 02:23:23.806000,1,0 days 00:00:21.111000,0 days 00:00:24.168000,0 days 00:00:30.587000,1,75.866,8603.806,8.266999999999825,False,True,False,False,18.0,0.0,0.0,0.0,0.0,21.111,24.168,30.587,0,0,0,0.0,75.877,0.07873690367198172,-0.13970577311271634,0,0,75.775,75.928,0.1529999999999916,0.0,0.09099999999999397,-0.037666666666666515,0.0,0.03500000000000014,0.07066470123052973,-0.037666666666666515,0,0,2023,Canadian Grand Prix,2023_Canadian Grand Prix
VER,61,0 days 00:01:15.928000,MEDIUM,19.0,True,0 days 02:24:39.734000,1,0 days 00:00:21.171000,0 days 00:00:24.187000,0 days 00:00:30.570000,1,75.928,8679.734,8.191999999999098,False,True,False,False,19.0,0.0,0.0,0.0,0.0,21.171,24.187,30.57,0,0,0,0.0,75.8862,0.07288141052320628,0.5735344541209909,0,0,75.866,75.933,0.06700000000000728,0.09099999999999397,0.06199999999999761,-0.026333333333331172,0.0,0.018000000000000682,0.07088935039905524,-0.026333333333331172,0,0,2023,Canadian Grand Prix,2023_Canadian Grand Prix
VER,62,0 days 00:01:15.933000,MEDIUM,20.0,True,0 days 02:25:55.667000,1,0 days 00:00:21.405000,0 days 00:00:24.400000,0 days 00:00:30.128000,1,75.933,8755.667,8.038000000000466,False,True,False,False,20.0,0.0,0.0,0.0,0.0,21.405,24.4,30.128,0,0,0,0.0,75.8942,0.07528412847242913,0.5153808749239696,0,0,75.928,75.937,0.009000000000000341,0.1529999999999916,0.005000000000009663,-0.009666666666665455,0.0,-0.4239999999999995,0.0544380381718521,-0.009666666666665455,0,0,2023,Canadian Grand Prix,2023_Canadian Grand Prix
VER,63,0 days 00:01:15.937000,MEDIUM,21.0,True,0 days 02:27:11.604000,1,0 days 00:00:21.239000,0 days 00:00:24.119000,0 days 00:00:30.579000,1,75.937,8831.604,8.055000000000291,False,True,False,False,21.0,0.0,0.0,0.0,0.0,21.239,24.119,30.579,0,0,0,0.0,75.89179999999999,0.07342819621816375,0.6155673478034768,0,0,75.933,76.214,0.2809999999999917,0.15800000000000125,0.003999999999990678,0.052666666666667084,0.0,0.4510000000000005,0.19740491381928638,0.052666666666667084,0,0,2023,Canadian Grand Prix,2023_Canadian Grand Prix
VER,64,0 days 00:01:16.214000,MEDIUM,22.0,True,0 days 02:28:27.818000,1,0 days 00:00:21.041000,0 days 00:00:24.574000,0 days 00:00:30.599000,1,76.214,8907.818,7.779000000000451,False,True,False,False,22.0,0.0,0.0,0.0,0.0,21.041,24.574,30.599,0,0,0,0.0,75.8878,0.06942405922915237,4.698659277805856,0,0,75.937,75.897,-0.03999999999999204,0.16199999999999193,0.277000000000001,0.023666666666665986,0.0,0.4710000000000001,0.31053389509037493,0.023666666666665986,0,0,2023,Canadian Grand Prix,2023_Canadian Grand Prix
VER,65,0 days 00:01:15.897000,MEDIUM,23.0,True,0 days 02:29:43.715000,1,0 days 00:00:21.188000,0 days 00:00:24.151000,0 days 00:00:30.558000,1,75.897,8983.715,8.066999999999098,False,True,False,False,23.0,0.0,0.0,0.0,0.0,21.188,24.151,30.558,0,0,0,0.0,75.9756,0.1363975806232128,-0.5762565555845198,0,0,76.214,76.233,0.019000000000005457,0.347999999999999,-0.31699999999999307,0.09533333333333378,0.0,0.4299999999999997,0.3694072278664833,0.09533333333333378,0,0,2023,Canadian Grand Prix,2023_Canadian Grand Prix
VER,66,0 days 00:01:16.233000,MEDIUM,24.0,True,0 days 02:30:59.948000,1,0 days 00:00:21.190000,0 days 00:00:24.442000,0 days 00:00:30.601000,1,76.233,9059.948,8.118000000000393,False,True,False,False,24.0,0.0,0.0,0.0,0.0,21.19,24.442,30.601,0,0,0,0.0,75.98179999999999,0.13075817374017815,1.9211036129883254,0,0,75.897,76.121,0.22399999999998954,0.0,0.3359999999999985,-0.012000000000000455,0.0,0.04299999999999926,0.39091520819737857,-0.012000000000000455,0,0,2023,Canadian Grand Prix,2023_Canadian Grand Prix
VER,67,0 days 00:01:16.121000,MEDIUM,25.0,True,0 days 02:32:16.069000,1,0 days 00:00:21.164000,0 days 00:00:24.293000,0 days 00:00:30.664000,1,76.121,9136.069,8.807000000000698,False,True,False,False,25.0,0.0,0.0,0.0,0.0,21.164,24.293,30.664,0,0,0,0.0,76.04280000000001,0.1658258122243757,0.4715791766734739,0,0,76.233,75.594,-0.63900000000001,0.3359999999999985,-0.11200000000000898,0.09866666666666883,0.0,0.10600000000000165,0.3883293705091078,0.09866666666666883,0,0,2023,Canadian Grand Prix,2023_Canadian Grand Prix
VER,68,0 days 00:01:15.594000,MEDIUM,26.0,True,0 days 02:33:31.663000,1,0 days 00:00:21.025000,0 days 00:00:24.048000,0 days 00:00:30.521000,1,75.594,9211.663,9.819999999999709,False,True,False,False,26.0,0.0,0.0,0.0,0.0,21.025,24.048,30.521,0,0,0,0.0,76.08040000000001,0.1557106290523494,-3.1237430800982215,1,0,76.121,76.169,0.04800000000000182,0.22399999999998954,-0.527000000000001,-0.031000000000001176,0.0,-0.036999999999999034,0.20774190718292732,-0.031000000000001176,0,0,2023,Canadian Grand Prix,2023_Canadian Grand Prix
VER,69,0 days 00:01:16.169000,MEDIUM,27.0,True,0 days 02:34:47.832000,1,0 days 00:00:21.134000,0 days 00:00:24.243000,0 days 00:00:30.792000,1,76.169,9287.832,9.46099999999933,False,True,False,False,27.0,0.0,0.0,0.0,0.0,21.134,24.243,30.792,0,0,0,0.0,76.01180000000001,0.26901431188669817,0.5843555270256308,0,1,75.594,76.237,0.6430000000000007,0.0,0.5750000000000028,-0.10100000000000382,0.0,0.2710000000000008,0.23235812875817333,-0.10100000000000382,0,0,2023,Canadian Grand Prix,2023_Canadian Grand Prix
ZHO,2,0 days 00:01:20.515000,MEDIUM,2.0,True,0 days 01:05:00.149000,19,0 days 00:00:23.201000,0 days 00:00:25.590000,0 days 00:00:31.724000,1,80.515,3900.149,0.0,False,True,False,False,2.0,0.0,0.0,0.0,0.0,23.201,25.59,31.724,0,0,0,0.0,76.07079999999999,0.2708471893889214,16.408514373093187,0,0,80.515,78.964,-1.551000000000002,4.9210000000000065,0.0,0.03866666666666655,0.0,1.2029999999999994,0.14184851074297505,0.0,0,0,2023,Canadian Grand Prix,2023_Canadian Grand Prix
ZHO,3,0 days 00:01:18.964000,MEDIUM,3.0,True,0 days 01:06:19.113000,19,0 days 00:00:22.562000,0 days 00:00:25.263000,0 days 00:00:31.139000,1,78.964,3979.113,16.408000000000357,False,True,False,False,3.0,0.0,0.0,0.0,0.0,22.562,25.263,31.139,0,0,0,0.0,,,0.0,0,0,80.515,78.749,-1.7660000000000053,0.0,-1.551000000000002,0.0,0.0,0.0,0.0,0.0,0,0,2023,Canadian Grand Prix,2023_Canadian Grand Prix
ZHO,4,0 days 00:01:18.749000,MEDIUM,4.0,True,0 days 01:07:37.862000,19,0 days 00:00:22.296000,0 days 00:00:25.302000,0 days 00:00:31.151000,1,78.749,4057.862,15.697000000000116,False,True,False,False,4.0,0.0,0.0,0.0,0.0,22.296,25.302,31.151,0,0,0,0.0,,,0.0,0,0,78.964,79.443,0.4789999999999992,0.0,-0.2150000000000034,-0.775500000000001,0.0,0.012000000000000455,0.0,0.0,0,0,2023,Canadian Grand Prix,2023_Canadian Grand Prix
ZHO,5,0 days 00:01:19.443000,MEDIUM,5.0,True,0 days 01:08:57.305000,19,0 days 00:00:22.365000,0 days 00:00:25.487000,0 days 00:00:31.591000,1,79.443,4137.305,14.304999999999382,False,True,False,False,5.0,0.0,0.0,0.0,0.0,22.365,25.487,31.591,0,0,0,0.0,79.40933333333334,0.9635508981539715,0.03494020578587207,0,0,78.749,79.469,0.7199999999999989,0.0,0.6940000000000026,-0.5886666666666684,0.0,0.45200000000000173,0.6911143176059944,-0.8830000000000027,0,0,2023,Canadian Grand Prix,2023_Canadian Grand Prix
ZHO,6,0 days 00:01:19.469000,MEDIUM,6.0,True,0 days 01:10:16.774000,19,0 days 00:00:22.544000,0 days 00:00:25.364000,0 days 00:00:31.561000,1,79.469,4216.774,13.23700000000008,False,True,False,False,6.0,0.0,0.0,0.0,0.0,22.544,25.364,31.561,0,0,0,0.0,79.41775,0.7869160798119844,0.06512765632167668,0,0,79.443,78.601,-0.8419999999999987,0.6940000000000026,0.02599999999999625,-0.3573333333333342,0.0,0.4220000000000006,0.5647815949550761,-0.3573333333333342,0,0,2023,Canadian Grand Prix,2023_Canadian Grand Prix
ZHO,9,0 days 00:01:18.601000,MEDIUM,9.0,True,0 days 01:14:27.803000,18,0 days 00:00:21.940000,0 days 00:00:25.211000,0 days 00:00:31.450000,1,78.601,4467.803,11.685999999999694,False,True,False,False,9.0,0.0,0.0,0.0,0.0,21.94,25.211,31.45,0,0,0,0.0,79.428,0.6818746219064002,-1.2128329364830344,0,0,79.469,78.941,-0.5279999999999916,0.7199999999999989,-0.867999999999995,0.1683333333333318,0.0,0.2989999999999995,0.48912084396394284,0.1683333333333318,0,0,2023,Canadian Grand Prix,2023_Canadian Grand Prix
ZHO,10,0 days 00:01:18.941000,MEDIUM,10.0,True,0 days 01:15:46.744000,17,0 days 00:00:21.901000,0 days 00:00:25.288000,0 days 00:00:31.752000,1,78.941,4546.744,10.807999999999993,False,True,False,False,10.0,0.0,0.0,0.0,0.0,21.901,25.288,31.752,0,0,0,0.0,79.0452,0.3967029115093268,-0.2626650749891,0,0,78.601,78.531,-0.06999999999999318,0.0,0.3400000000000034,-0.04933333333333204,0.0,0.3019999999999996,0.2185680672010442,-0.04933333333333204,0,0,2023,Canadian Grand Prix,2023_Canadian Grand Prix
ZHO,11,0 days 00:01:18.531000,MEDIUM,11.0,True,0 days 01:17:05.275000,14,0 days 00:00:21.974000,0 days 00:00:25.066000,0 days 00:00:31.491000,1,78.531,4625.275,10.322000000000116,False,True,False,False,11.0,0.0,0.0,0.0,0.0,21.974,25.066,31.491,0,0,0,0.0,79.0406,0.3980110551228149,-1.2803664457077548,0,0,78.941,79.911,0.9699999999999989,0.3400000000000034,-0.4099999999999966,-0.16733333333333178,0.0,0.04100000000000037,0.17385568728114736,-0.16733333333333178,0,0,2023,Canadian Grand Prix,2023_Canadian Grand Prix
ZHO,17,0 days 00:01:19.911000,HARD,5.0,True,0 days 01:28:22.375000,14,0 days 00:00:22.699000,0 days 00:00:25.496000,0 days 00:00:31.716000,1,79.911,5302.375,0.6279999999997017,True,False,False,False,5.0,0.0,0.0,0.0,0.0,22.699,25.496,31.716,0,0,0,0.0,78.997,0.4468802971713711,2.045290440830283,0,0,78.531,79.316,0.7849999999999966,0.0,1.3799999999999955,-0.3126666666666627,0.0,0.2660000000000018,0.16203610708727892,-0.3126666666666627,0,1,2023,Canadian Grand Prix,2023_Canadian Grand Prix
ZHO,18,0 days 00:01:19.316000,HARD,6.0,True,0 days 01:29:41.691000,14,0 days 00:00:22.443000,0 days 00:00:25.270000,0 days 00:00:31.603000,1,79.316,5381.691,0.6829999999999927,True,False,False,False,6.0,0.0,0.0,0.0,0.0,22.443,25.27,31.603,0,0,0,0.0,79.0906,0.5898057307283298,0.38215973202171044,0,0,79.911,78.036,-1.875,1.3799999999999955,-0.5949999999999989,0.4366666666666674,0.0,0.11200000000000188,0.13905574421792144,0.4366666666666674,0,1,2023,Canadian Grand Prix,2023_Canadian Grand Prix
ZHO,19,0 days 00:01:18.036000,HARD,7.0,True,0 days 01:30:59.727000,14,0 days 00:00:22.142000,0 days 00:00:24.946000,0 days 00:00:30.948000,1,78.036,5459.727,0.8460000000004584,True,False,False,False,7.0,0.0,0.0,0.0,0.0,22.142,24.946,30.948,0,0,0,0.0,79.06,0.5688629008820831,-1.8000822314342855,1,0,79.316,78.76,-0.5559999999999974,0.7849999999999966,-1.2800000000000011,0.125,0.0,-0.5429999999999993,0.11990204335206257,0.125,0,1,2023,Canadian Grand Prix,2023_Canadian Grand Prix
ZHO,20,0 days 00:01:18.760000,HARD,8.0,True,0 days 01:32:18.487000,14,0 days 00:00:22.412000,0 days 00:00:25.270000,0 days 00:00:31.078000,1,78.76,5538.487,0.6409999999996217,True,False,False,False,8.0,0.0,0.0,0.0,0.0,22.412,25.27,31.078,0,0,0,0.0,78.947,0.7191088234752616,-0.2600440905401165,0,1,78.036,78.793,0.757000000000005,0.0,0.7240000000000038,-0.1650000000000015,0.0,0.129999999999999,0.3408435124804343,-0.1650000000000015,0,1,2023,Canadian Grand Prix,2023_Canadian Grand Prix
ZHO,21,0 days 00:01:18.793000,HARD,9.0,True,0 days 01:33:37.280000,14,0 days 00:00:22.286000,0 days 00:00:25.323000,0 days 00:00:31.184000,1,78.793,5617.28,0.6340000000000146,True,False,False,False,9.0,0.0,0.0,0.0,0.0,22.286,25.323,31.184,0,0,0,0.0,78.9108,0.7240253448602287,-0.1627014866761734,0,0,78.76,78.385,-0.375,0.7240000000000038,0.03300000000000125,-0.38366666666666543,0.0,0.23600000000000065,0.31492967468944566,-0.38366666666666543,0,1,2023,Canadian Grand Prix,2023_Canadian Grand Prix
ZHO,22,0 days 00:01:18.385000,HARD,10.0,True,0 days 01:34:55.665000,14,0 days 00:00:22.269000,0 days 00:00:25.100000,0 days 00:00:31.016000,1,78.385,5695.665,0.5969999999997526,True,False,False,False,10.0,0.0,0.0,0.0,0.0,22.269,25.1,31.016,0,0,0,0.0,78.9632,0.6987043008311717,-0.8275317603057178,0,0,78.793,78.673,-0.12000000000000455,0.757000000000005,-0.40800000000000125,-0.17433333333333204,0.0,0.06799999999999784,0.3326652972583706,-0.17433333333333204,0,1,2023,Canadian Grand Prix,2023_Canadian Grand Prix
ZHO,23,0 days 00:01:18.673000,HARD,11.0,True,0 days 01:36:14.338000,14,0 days 00:00:22.329000,0 days 00:00:25.202000,0 days 00:00:31.142000,1,78.673,5774.338,0.6190000000005966,True,False,False,False,11.0,0.0,0.0,0.0,0.0,22.329,25.202,31.142,0,0,0,0.0,78.65799999999999,0.4803660062909983,0.0312261896211865,0,0,78.385,78.359,-0.02600000000001046,0.34900000000000375,0.2879999999999967,0.11633333333333458,0.0,0.12600000000000122,0.3100851495960421,0.11633333333333458,0,1,2023,Canadian Grand Prix,2023_Canadian Grand Prix
ZHO,24,0 days 00:01:18.359000,HARD,12.0,True,0 days 01:37:32.697000,14,0 days 00:00:22.191000,0 days 00:00:25.078000,0 days 00:00:31.090000,1,78.359,5852.697,0.6509999999998399,True,False,False,False,12.0,0.0,0.0,0.0,0.0,22.191,25.078,31.09,0,0,0,0.0,78.52940000000001,0.3192088657915983,-0.5338197596029928,0,0,78.673,78.584,-0.08899999999999864,0.6370000000000005,-0.31400000000000716,-0.029000000000001098,0.0,0.07400000000000162,0.3114029543854711,-0.029000000000001098,0,1,2023,Canadian Grand Prix,2023_Canadian Grand Prix
ZHO,25,0 days 00:01:18.584000,HARD,13.0,True,0 days 01:38:51.281000,14,0 days 00:00:22.359000,0 days 00:00:25.142000,0 days 00:00:31.083000,1,78.584,5931.281,0.6040000000002692,True,False,False,False,13.0,0.0,0.0,0.0,0.0,22.359,25.142,31.083,0,0,0,0.0,78.59400000000001,0.20754758490515643,-0.04818172181851618,0,0,78.359,78.734,0.375,0.0,0.22500000000000853,-0.14466666666667058,0.0,0.06700000000000017,0.06741809846028024,-0.14466666666667058,0,1,2023,Canadian Grand Prix,2023_Canadian Grand Prix
ZHO,26,0 days 00:01:18.734000,HARD,14.0,True,0 days 01:40:10.015000,14,0 days 00:00:22.246000,0 days 00:00:25.239000,0 days 00:00:31.249000,1,78.734,6010.015,0.5599999999994907,True,False,False,False,14.0,0.0,0.0,0.0,0.0,22.246,25.239,31.249,0,0,0,0.0,78.5588,0.1861805575240364,0.9410219967644624,0,0,78.584,78.448,-0.1360000000000099,0.22500000000000853,0.14999999999999147,0.06633333333333269,0.0,0.16600000000000037,0.07237541018882067,0.06633333333333269,0,1,2023,Canadian Grand Prix,2023_Canadian Grand Prix
ZHO,27,0 days 00:01:18.448000,HARD,15.0,True,0 days 01:41:28.463000,14,0 days 00:00:22.219000,0 days 00:00:25.093000,0 days 00:00:31.136000,1,78.448,6088.463,0.7089999999998327,True,False,False,False,15.0,0.0,0.0,0.0,0.0,22.219,25.093,31.136,0,0,0,0.0,78.547,0.16867276010061336,-0.5869353174807255,0,0,78.734,78.322,-0.41199999999999193,0.375,-0.28600000000000136,0.020333333333330945,0.0,0.053000000000000824,0.04421764353739381,0.020333333333330945,0,1,2023,Canadian Grand Prix,2023_Canadian Grand Prix
ZHO,28,0 days 00:01:18.322000,HARD,16.0,True,0 days 01:42:46.785000,14,0 days 00:00:22.101000,0 days 00:00:25.123000,0 days 00:00:31.098000,12,78.322,6166.785,0.8770000000004075,True,False,False,False,16.0,0.0,0.0,0.0,0.0,22.101,25.123,31.098,0,0,1,0.0,78.5596,0.1553747083664514,-1.529206410091021,1,0,78.448,78.94,0.49200000000000443,0.08899999999999864,-0.12599999999999056,0.029666666666666213,0.0,0.015000000000000568,0.04734659438650236,0.029666666666666213,0,1,2023,Canadian Grand Prix,2023_Canadian Grand Prix
ZHO,29,0 days 00:01:18.940000,HARD,17.0,True,0 days 01:44:05.725000,14,0 days 00:00:22.517000,0 days 00:00:25.187000,0 days 00:00:31.236000,1,78.94,6245.725,0.6920000000000073,True,False,False,False,17.0,0.0,0.0,0.0,0.0,22.517,25.187,31.236,0,0,0,0.0,78.4894,0.16994057784989874,2.6515150513257058,0,1,78.322,78.634,0.3119999999999976,0.0,0.617999999999995,-0.08733333333333348,0.0,0.13800000000000168,0.0557449549286747,-0.08733333333333348,0,1,2023,Canadian Grand Prix,2023_Canadian Grand Prix
ZHO,30,0 days 00:01:18.634000,HARD,18.0,True,0 days 01:45:24.359000,14,0 days 00:00:22.322000,0 days 00:00:25.101000,0 days 00:00:31.211000,1,78.634,6324.359,0.6219999999993888,True,False,False,False,18.0,0.0,0.0,0.0,0.0,22.322,25.101,31.211,0,0,0,0.0,78.6056,0.24189005767074967,0.11740871151745196,0,0,78.94,78.441,-0.4989999999999952,0.617999999999995,-0.3059999999999974,0.0686666666666677,0.0,0.11299999999999955,0.06240753159675525,0.0686666666666677,0,1,2023,Canadian Grand Prix,2023_Canadian Grand Prix
ZHO,31,0 days 00:01:18.441000,HARD,19.0,True,0 days 01:46:42.800000,14,0 days 00:00:22.046000,0 days 00:00:25.057000,0 days 00:00:31.338000,1,78.441,6402.8,1.0410000000001673,True,False,False,False,19.0,0.0,0.0,0.0,0.0,22.046,25.057,31.338,0,0,0,0.0,78.6156,0.24180736134360933,-0.7220623848249629,0,0,78.634,78.009,-0.625,0.3119999999999976,-0.19299999999999784,0.06200000000000235,0.0,0.240000000000002,0.06196369905033097,0.06200000000000235,0,0,2023,Canadian Grand Prix,2023_Canadian Grand Prix
ZHO,34,0 days 00:01:18.009000,HARD,2.0,True,0 days 01:51:00.806000,19,0 days 00:00:21.724000,0 days 00:00:24.929000,0 days 00:00:31.356000,12,78.009,6660.806,0.0,True,False,False,False,2.0,0.0,0.0,0.0,0.0,21.724,24.929,31.356,0,0,1,0.0,78.55699999999999,0.24144357518881546,-2.2696814341464115,1,0,78.441,78.402,-0.03900000000000148,0.11899999999999977,-0.43200000000000216,0.03966666666666659,0.0,0.14500000000000313,0.08653149715566051,0.03966666666666659,0,0,2023,Canadian Grand Prix,2023_Canadian Grand Prix
ZHO,35,0 days 00:01:18.402000,HARD,3.0,True,0 days 01:52:19.208000,17,0 days 00:00:22.383000,0 days 00:00:25.090000,0 days 00:00:30.929000,21,78.402,6739.208,39.246000000000095,True,False,False,False,3.0,0.0,0.0,0.0,0.0,22.383,25.09,30.929,0,0,1,0.0,78.4692,0.34751215806062624,-0.19337452932589522,0,1,78.009,78.055,0.04600000000000648,0.0,0.3930000000000007,-0.31033333333333246,0.0,-0.28200000000000003,0.08047173416796792,-0.31033333333333246,0,0,2023,Canadian Grand Prix,2023_Canadian Grand Prix
ZHO,36,0 days 00:01:18.055000,HARD,4.0,True,0 days 01:53:37.263000,17,0 days 00:00:21.882000,0 days 00:00:24.905000,0 days 00:00:31.268000,1,78.055,6817.263,40.01100000000042,True,False,False,False,4.0,0.0,0.0,0.0,0.0,21.882,24.905,31.268,0,0,0,0.0,78.4852,0.34081769320261895,-1.2622584114030775,0,0,78.402,77.836,-0.5660000000000025,0.3930000000000007,-0.3469999999999942,-0.0773333333333331,0.0,0.3390000000000022,0.2030386662682759,-0.0773333333333331,0,0,2023,Canadian Grand Prix,2023_Canadian Grand Prix
ZHO,37,0 days 00:01:17.836000,HARD,5.0,True,0 days 01:54:55.099000,17,0 days 00:00:21.723000,0 days 00:00:24.885000,0 days 00:00:31.228000,1,77.836,6895.099,40.84400000000005,True,False,False,False,5.0,0.0,0.0,0.0,0.0,21.723,24.885,31.228,0,0,0,0.0,78.30820000000001,0.2674933644035912,-1.7652774342752091,1,0,78.055,77.634,-0.4210000000000065,0.04600000000000648,-0.2190000000000083,-0.12866666666666524,0.0,0.29900000000000304,0.23676676287013013,-0.12866666666666524,0,0,2023,Canadian Grand Prix,2023_Canadian Grand Prix
ZHO,38,0 days 00:01:17.634000,HARD,6.0,True,0 days 01:56:12.733000,17,0 days 00:00:21.561000,0 days 00:00:24.838000,0 days 00:00:31.235000,1,77.634,6972.733,41.5619999999999,True,False,False,False,6.0,0.0,0.0,0.0,0.0,21.561,24.838,31.235,0,0,0,0.0,78.1486,0.26252485596596764,-1.9601953426715204,1,1,77.836,77.219,-0.6170000000000044,0.0,-0.20199999999999818,-0.057666666666667275,0.0,0.30600000000000094,0.2513238946061447,-0.057666666666667275,0,0,2023,Canadian Grand Prix,2023_Canadian Grand Prix
ZHO,39,0 days 00:01:17.219000,HARD,7.0,True,0 days 01:57:29.952000,17,0 days 00:00:21.610000,0 days 00:00:24.573000,0 days 00:00:31.036000,1,77.219,7049.952,42.78099999999995,True,False,False,False,7.0,0.0,0.0,0.0,0.0,21.61,24.573,31.036,0,0,0,0.0,77.9872,0.28493104428958377,-2.6960909153137527,1,1,77.634,77.8,0.16599999999999682,0.0,-0.41500000000000625,-0.2560000000000002,0.0,-0.19200000000000017,0.2589677586109909,-0.2560000000000002,0,0,2023,Canadian Grand Prix,2023_Canadian Grand Prix
ZHO,40,0 days 00:01:17.800000,HARD,8.0,True,0 days 01:58:47.752000,17,0 days 00:00:21.724000,0 days 00:00:24.864000,0 days 00:00:31.212000,1,77.8,7127.752,43.27299999999923,True,False,False,False,8.0,0.0,0.0,0.0,0.0,21.724,24.864,31.212,0,0,0,0.0,77.8292,0.4442912333143156,-0.06572265624549326,0,1,77.219,77.431,0.2120000000000033,0.0,0.5810000000000031,-0.2786666666666709,0.0,0.17599999999999838,0.30420634444403144,-0.2786666666666709,0,0,2023,Canadian Grand Prix,2023_Canadian Grand Prix
ZHO,41,0 days 00:01:17.431000,HARD,9.0,True,0 days 02:00:05.183000,17,0 days 00:00:21.604000,0 days 00:00:24.655000,0 days 00:00:31.172000,1,77.431,7205.183,45.0619999999999,True,False,False,False,9.0,0.0,0.0,0.0,0.0,21.604,24.655,31.172,0,0,0,0.0,77.70880000000001,0.31219016640495856,-0.8898422496743992,0,0,77.8,79.675,1.875,0.5810000000000031,-0.3689999999999998,-0.012000000000000455,0.0,0.13599999999999923,0.21997795344079468,-0.012000000000000455,0,0,2023,Canadian Grand Prix,2023_Canadian Grand Prix
ZHO,42,0 days 00:01:19.675000,HARD,10.0,True,0 days 02:01:24.858000,17,0 days 00:00:21.513000,0 days 00:00:24.774000,0 days 00:00:33.388000,1,79.675,7284.858,43.99299999999948,True,False,False,False,10.0,0.0,0.0,0.0,0.0,21.513,24.774,33.388,0,0,0,0.0,77.584,0.25946772438967614,8.058805791427336,0,0,77.431,78.558,1.1270000000000095,0.2120000000000033,2.2439999999999998,-0.06766666666666765,0.0,2.3519999999999968,0.20263760756582258,-0.06766666666666765,0,0,2023,Canadian Grand Prix,2023_Canadian Grand Prix
ZHO,43,0 days 00:01:18.558000,HARD,11.0,True,0 days 02:02:43.416000,17,0 days 00:00:22.296000,0 days 00:00:24.874000,0 days 00:00:31.388000,1,78.558,7363.416,44.39899999999943,True,False,False,False,11.0,0.0,0.0,0.0,0.0,22.296,24.874,31.388,0,0,0,0.0,77.9518,0.987634395917817,0.6137898826788575,0,0,79.675,77.694,-1.9809999999999945,2.456000000000003,-1.1169999999999902,0.8186666666666677,0.0,0.21600000000000108,1.0208353442157052,0.8186666666666677,0,0,2023,Canadian Grand Prix,2023_Canadian Grand Prix
ZHO,44,0 days 00:01:17.694000,HARD,12.0,True,0 days 02:04:01.110000,17,0 days 00:00:21.657000,0 days 00:00:24.867000,0 days 00:00:31.170000,1,77.694,7441.11,44.76500000000033,True,False,False,False,12.0,0.0,0.0,0.0,0.0,21.657,24.867,31.17,0,0,0,0.0,78.1366,0.999676597705454,-0.44274318416165126,0,0,78.558,77.575,-0.9830000000000041,1.3390000000000128,-0.8640000000000043,0.2526666666666699,0.0,-0.0019999999999988916,1.027110899562456,0.2526666666666699,0,0,2023,Canadian Grand Prix,2023_Canadian Grand Prix
ZHO,45,0 days 00:01:17.575000,HARD,13.0,True,0 days 02:05:18.685000,17,0 days 00:00:21.569000,0 days 00:00:24.810000,0 days 00:00:31.196000,1,77.575,7518.685,45.15599999999995,True,False,False,False,13.0,0.0,0.0,0.0,0.0,21.569,24.81,31.196,0,0,0,0.0,78.2316,0.9091470178139222,-0.7222154251562267,0,0,77.694,77.141,-0.5529999999999973,0.26300000000000523,-0.11899999999999977,0.0876666666666684,0.0,0.0259999999999998,0.9964260133095669,0.0876666666666684,0,0,2023,Canadian Grand Prix,2023_Canadian Grand Prix
ZHO,46,0 days 00:01:17.141000,HARD,14.0,True,0 days 02:06:35.826000,17,0 days 00:00:21.498000,0 days 00:00:24.529000,0 days 00:00:31.114000,1,77.141,7595.826,45.69499999999971,True,False,False,False,14.0,0.0,0.0,0.0,0.0,21.498,24.529,31.114,0,0,0,0.0,78.1866,0.9408657183679009,-1.1113169282156146,0,0,77.575,77.373,-0.20199999999999818,0.14400000000000546,-0.4339999999999975,-0.6999999999999981,0.0,-0.05600000000000094,1.0135752562094227,-0.6999999999999981,0,0,2023,Canadian Grand Prix,2023_Canadian Grand Prix
ZHO,47,0 days 00:01:17.373000,HARD,15.0,True,0 days 02:07:53.199000,17,0 days 00:00:21.611000,0 days 00:00:24.672000,0 days 00:00:31.090000,1,77.373,7673.199,45.762000000000626,True,False,False,False,15.0,0.0,0.0,0.0,0.0,21.611,24.672,31.09,0,0,0,0.0,78.1286,1.0057883972287334,-0.7512514581416123,0,0,77.141,77.366,0.22499999999999432,0.0,0.23199999999999932,-0.4723333333333339,0.0,-0.02400000000000091,1.0363538005912831,-0.4723333333333339,0,0,2023,Canadian Grand Prix,2023_Canadian Grand Prix
ZHO,48,0 days 00:01:17.366000,HARD,16.0,True,0 days 02:09:10.565000,17,0 days 00:00:21.618000,0 days 00:00:24.551000,0 days 00:00:31.197000,1,77.366,7750.565,46.03099999999995,True,False,False,False,16.0,0.0,0.0,0.0,0.0,21.618,24.551,31.197,0,0,0,0.0,77.6682,0.53994879386841,-0.559682702196475,0,0,77.373,77.412,0.03900000000000148,0.23199999999999932,-0.007000000000005002,-0.10699999999999932,0.0,0.10699999999999932,0.10715409464878266,-0.10699999999999932,0,0,2023,Canadian Grand Prix,2023_Canadian Grand Prix
ZHO,49,0 days 00:01:17.412000,HARD,17.0,True,0 days 02:10:27.977000,17,0 days 00:00:21.744000,0 days 00:00:24.608000,0 days 00:00:31.060000,1,77.412,7827.977,46.314000000000306,True,False,False,False,17.0,0.0,0.0,0.0,0.0,21.744,24.608,31.06,0,0,0,0.0,77.4298,0.21306501355207963,-0.08354257558875651,0,0,77.366,77.249,-0.11700000000000443,0.22499999999999432,0.04600000000000648,-0.06966666666666772,0.0,-0.030000000000001137,0.06188860961437201,-0.06966666666666772,0,0,2023,Canadian Grand Prix,2023_Canadian Grand Prix
ZHO,50,0 days 00:01:17.249000,HARD,18.0,True,0 days 02:11:45.226000,17,0 days 00:00:21.471000,0 days 00:00:24.679000,0 days 00:00:31.099000,1,77.249,7905.226,46.77000000000044,True,False,False,False,18.0,0.0,0.0,0.0,0.0,21.471,24.679,31.099,0,0,0,0.0,77.3734,0.15507836728553526,-0.8021750691439719,0,0,77.412,77.503,0.09099999999999397,0.2710000000000008,-0.16300000000001091,0.0903333333333336,0.0,0.03900000000000148,0.06448100495494903,0.0903333333333336,0,0,2023,Canadian Grand Prix,2023_Canadian Grand Prix
ZHO,51,0 days 00:01:17.503000,HARD,19.0,True,0 days 02:13:02.729000,17,0 days 00:00:21.600000,0 days 00:00:24.799000,0 days 00:00:31.104000,1,77.503,7982.729,46.7519999999995,True,False,False,False,19.0,0.0,0.0,0.0,0.0,21.6,24.799,31.104,0,0,0,0.0,77.3082,0.11155133347453951,1.7462812315413687,0,0,77.249,77.354,0.10500000000000398,0.10799999999998988,0.2540000000000049,-0.041333333333336476,0.0,0.04400000000000048,0.06580805421831123,-0.041333333333336476,0,0,2023,Canadian Grand Prix,2023_Canadian Grand Prix
ZHO,52,0 days 00:01:17.354000,HARD,20.0,True,0 days 02:14:20.083000,17,0 days 00:00:21.481000,0 days 00:00:24.786000,0 days 00:00:31.087000,1,77.354,8060.083,46.82100000000082,True,False,False,False,20.0,0.0,0.0,0.0,0.0,21.481,24.786,31.087,0,0,0,0.0,77.3806,0.0915931220122386,-0.29041481953686094,0,0,77.503,77.236,-0.2669999999999959,0.2540000000000049,-0.1490000000000009,0.04566666666666682,0.0,0.027000000000001023,0.056308969090191736,0.04566666666666682,0,0,2023,Canadian Grand Prix,2023_Canadian Grand Prix
ZHO,53,0 days 00:01:17.236000,HARD,21.0,True,0 days 02:15:37.319000,17,0 days 00:00:21.480000,0 days 00:00:24.665000,0 days 00:00:31.091000,1,77.236,8137.319,69.6889999999994,True,False,False,False,21.0,0.0,0.0,0.0,0.0,21.48,24.665,31.091,0,0,0,0.0,77.3768,0.09237802769029413,-1.5241719651348664,1,0,77.354,77.404,0.04999999999999716,0.10500000000000398,-0.117999999999995,-0.019333333333335645,0.0,0.004000000000001336,0.04883953316730346,-0.019333333333335645,0,0,2023,Canadian Grand Prix,2023_Canadian Grand Prix
ZHO,54,0 days 00:01:17.404000,HARD,22.0,True,0 days 02:16:54.723000,17,0 days 00:00:21.485000,0 days 00:00:24.698000,0 days 00:00:31.221000,1,77.404,8214.723,69.18399999999929,True,False,False,False,22.0,0.0,0.0,0.0,0.0,21.485,24.698,31.221,0,0,0,0.0,77.3508,0.11231963319004912,0.4736482704673124,0,1,77.236,77.523,0.28699999999999193,0.0,0.16799999999999216,-0.00433333333333034,0.0,0.13400000000000034,0.030375977350534388,-0.00433333333333034,0,0,2023,Canadian Grand Prix,2023_Canadian Grand Prix
ZHO,55,0 days 00:01:17.523000,HARD,23.0,True,0 days 02:18:12.246000,16,0 days 00:00:21.589000,0 days 00:00:24.732000,0 days 00:00:31.202000,1,77.523,8292.246,67.25700000000143,True,False,False,False,23.0,0.0,0.0,0.0,0.0,21.589,24.732,31.202,0,0,0,0.0,77.3492,0.1112820740278817,1.561796915794851,0,0,77.404,77.311,-0.09299999999998931,0.16799999999999216,0.11899999999999977,-0.03300000000000125,0.0,0.11500000000000199,0.049641716328105344,-0.03300000000000125,0,0,2023,Canadian Grand Prix,2023_Canadian Grand Prix
ZHO,56,0 days 00:01:17.311000,HARD,24.0,True,0 days 02:19:29.557000,16,0 days 00:00:21.526000,0 days 00:00:24.654000,0 days 00:00:31.131000,1,77.311,8369.557,66.79799999999886,True,False,False,False,24.0,0.0,0.0,0.0,0.0,21.526,24.654,31.131,0,0,0,0.0,77.404,0.11692518975802758,-0.7953803640810797,0,0,77.523,77.237,-0.28600000000000136,0.28699999999999193,-0.21199999999998909,0.05633333333333231,0.0,0.03999999999999915,0.056715958953367854,0.05633333333333231,0,0,2023,Canadian Grand Prix,2023_Canadian Grand Prix
ZHO,57,0 days 00:01:17.237000,HARD,25.0,True,0 days 02:20:46.794000,16,0 days 00:00:21.512000,0 days 00:00:24.682000,0 days 00:00:31.043000,1,77.237,8446.794,66.60599999999977,True,False,False,False,25.0,0.0,0.0,0.0,0.0,21.512,24.682,31.043,0,0,0,0.0,77.3656,0.10742578833756534,-1.1971054808171804,0,0,77.311,77.09,-0.22100000000000364,0.07500000000000284,-0.07400000000001228,0.02500000000000095,0.0,-0.08800000000000097,0.05710954386090056,0.02500000000000095,0,0,2023,Canadian Grand Prix,2023_Canadian Grand Prix
ZHO,58,0 days 00:01:17.090000,HARD,26.0,True,0 days 02:22:03.884000,16,0 days 00:00:21.522000,0 days 00:00:24.549000,0 days 00:00:31.019000,1,77.09,8523.884,66.39899999999943,True,False,False,False,26.0,0.0,0.0,0.0,0.0,21.522,24.549,31.019,0,0,0,0.0,77.3422,0.12229758787460328,-2.062182945575288,1,0,77.237,77.196,-0.04099999999999682,0.000999999999990564,-0.14699999999999136,-0.0556666666666672,0.0,-0.02400000000000091,0.08963258336118762,-0.0556666666666672,0,0,2023,Canadian Grand Prix,2023_Canadian Grand Prix
ZHO,59,0 days 00:01:17.196000,HARD,27.0,True,0 days 02:23:21.080000,16,0 days 00:00:21.523000,0 days 00:00:24.655000,0 days 00:00:31.018000,1,77.196,8601.08,65.94200000000092,True,False,False,False,27.0,0.0,0.0,0.0,0.0,21.523,24.655,31.018,0,0,0,0.0,77.313,0.1642330660979859,-0.7124022146076178,0,1,77.09,77.227,0.13700000000000045,0.0,0.10599999999999454,-0.1443333333333309,0.0,-0.0009999999999976694,0.09332095155965944,-0.1443333333333309,0,0,2023,Canadian Grand Prix,2023_Canadian Grand Prix
ZHO,60,0 days 00:01:17.227000,HARD,28.0,True,0 days 02:24:38.307000,16,0 days 00:00:21.484000,0 days 00:00:24.651000,0 days 00:00:31.092000,1,77.227,8678.307,65.4369999999999,True,False,False,False,28.0,0.0,0.0,0.0,0.0,21.484,24.651,31.092,0,0,0,0.0,77.2714,0.16174455168550325,-0.27450692797571036,0,0,77.196,78.766,1.5700000000000074,0.10599999999999454,0.03100000000000591,-0.03833333333333636,0.0,0.07399999999999807,0.07548708498809766,-0.03833333333333636,0,0,2023,Canadian Grand Prix,2023_Canadian Grand Prix
ZHO,61,0 days 00:01:18.766000,HARD,29.0,True,0 days 02:25:57.073000,16,0 days 00:00:21.591000,0 days 00:00:25.389000,0 days 00:00:31.786000,1,78.766,8757.073,63.449000000000524,True,False,False,False,29.0,0.0,0.0,0.0,0.0,21.591,25.389,31.786,0,0,0,0.0,77.2122,0.0802975715694012,19.350522931531746,0,0,77.227,77.205,-0.02200000000000557,0.13700000000000045,1.5390000000000015,-0.0033333333333303017,0.0,0.7680000000000007,0.06204192131132065,-0.0033333333333303017,0,0,2023,Canadian Grand Prix,2023_Canadian Grand Prix
ZHO,62,0 days 00:01:17.205000,HARD,30.0,True,0 days 02:27:14.278000,16,0 days 00:00:21.720000,0 days 00:00:24.430000,0 days 00:00:31.055000,1,77.205,8834.278,63.1190000000006,True,False,False,False,30.0,0.0,0.0,0.0,0.0,21.72,24.43,31.055,0,0,0,0.0,77.5032,0.7083288078286409,-0.42099092498317403,0,0,78.766,77.721,-1.0450000000000017,1.676000000000002,-1.561000000000007,0.5586666666666673,0.0,0.036999999999999034,0.3526091320428335,0.5586666666666673,0,0,2023,Canadian Grand Prix,2023_Canadian Grand Prix
ZHO,63,0 days 00:01:17.721000,HARD,31.0,True,0 days 02:28:31.999000,16,0 days 00:00:21.940000,0 days 00:00:24.726000,0 days 00:00:31.055000,1,77.721,8911.999,62.45499999999993,True,False,False,False,31.0,0.0,0.0,0.0,0.0,21.94,24.726,31.055,0,0,0,0.0,77.4968,0.711472908830648,0.31512092339327114,0,0,77.205,77.508,0.30299999999999727,0.11499999999999488,0.5160000000000053,0.0030000000000001137,0.0,0.0,0.3359251404703142,0.0030000000000001137,0,0,2023,Canadian Grand Prix,2023_Canadian Grand Prix
ZHO,64,0 days 00:01:17.508000,HARD,32.0,True,0 days 02:29:49.507000,16,0 days 00:00:21.916000,0 days 00:00:24.579000,0 days 00:00:31.013000,1,77.508,8989.507,61.676000000001295,True,False,False,False,32.0,0.0,0.0,0.0,0.0,21.916,24.579,31.013,0,0,0,0.0,77.623,0.6763730479550047,-0.17002451583147557,0,0,77.721,78.724,1.0030000000000001,0.5250000000000057,-0.21300000000000807,0.1646666666666666,0.0,-0.04199999999999804,0.3326008117849387,0.1646666666666666,0,0,2023,Canadian Grand Prix,2023_Canadian Grand Prix
ZHO,65,0 days 00:01:18.724000,HARD,33.0,True,0 days 02:31:08.231000,16,0 days 00:00:21.953000,0 days 00:00:24.947000,0 days 00:00:31.824000,1,78.724,9068.231,59.925999999999476,True,False,False,False,33.0,0.0,0.0,0.0,0.0,21.953,24.947,31.824,0,0,0,0.0,77.68539999999999,0.6405757566439289,1.621353898001691,0,0,77.508,78.688,1.1800000000000068,0.30299999999999727,1.2160000000000082,-0.4193333333333366,0.0,0.8109999999999999,0.3384963810737128,-0.4193333333333366,0,0,2023,Canadian Grand Prix,2023_Canadian Grand Prix
ZHO,66,0 days 00:01:18.688000,HARD,34.0,True,0 days 02:32:26.919000,16,0 days 00:00:22.700000,0 days 00:00:24.756000,0 days 00:00:31.232000,1,78.688,9146.919,58.02900000000045,True,False,False,False,34.0,0.0,0.0,0.0,0.0,22.7,24.756,31.232,0,0,0,0.0,77.98479999999999,0.7179322391423489,0.9794796244838668,0,0,78.724,79.04,0.3160000000000025,1.5190000000000055,-0.036000000000001364,0.5063333333333352,0.0,0.21899999999999764,0.4345062715312633,0.5063333333333352,0,0,2023,Canadian Grand Prix,2023_Canadian Grand Prix
ZHO,67,0 days 00:01:19.040000,HARD,35.0,True,0 days 02:33:45.959000,16,0 days 00:00:23.208000,0 days 00:00:24.868000,0 days 00:00:30.964000,1,79.04,9225.959,55.5109999999986,True,False,False,False,35.0,0.0,0.0,0.0,0.0,23.208,24.868,30.964,0,0,0,0.0,77.9692,0.6972637234217385,1.5357173534644573,0,0,78.688,77.447,-1.2409999999999997,1.483000000000004,0.35200000000000387,0.3223333333333329,0.0,-0.04900000000000304,0.3530899318870475,0.3223333333333329,0,0,2023,Canadian Grand Prix,2023_Canadian Grand Prix
ZHO,68,0 days 00:01:17.447000,HARD,36.0,True,0 days 02:35:03.406000,16,0 days 00:00:21.690000,0 days 00:00:24.574000,0 days 00:00:31.183000,1,77.447,9303.406,54.48499999999876,True,False,False,False,36.0,0.0,0.0,0.0,0.0,21.69,24.574,31.183,0,0,0,0.0,78.3362,0.6771027986945238,-1.3132422458072968,0,0,79.04,78.04,-1.0,1.5320000000000107,-1.5930000000000035,0.5106666666666703,0.0,0.2190000000000012,0.3652063800099885,0.5106666666666703,0,0,2023,Canadian Grand Prix,2023_Canadian Grand Prix
