Driver,LapNumber,LapTime,Compound,TyreLife,IsAccurate,Time,AirTemp,Position,TrackTemp,Sector1Time,Sector2Time,Sector3Time,TrackStatus,LapTimeSec,RaceTimeSec,GapBehindSec,compound_HARD,compound_MEDIUM,compound_SOFT,TyreAge,GapToLeaderSec,GapAheadSec,Sector1Sec,Sector2Sec,Sector3Sec,IsSC,IsVSC,IsYellow,AEBI,LapTime_roll_mean,LapTime_roll_std,LapTime_z,LapSpikeFast,PrevLapSpikeFast,PrevLapTimeSec,NextLapTimeSec,DeltaNextLapSec,PushIndex,TyreDegRate,TyreDegSmooth,DeltaGapAhead,ERSProxy,ERSVolatility,PushTrend,IsDRSRange,IsUnderAttack,Season,RaceName,TrackLengthKm,TrackCorners,TrackAvgSpeedKph
ALB,2,0 days 00:01:44.544000,MEDIUM,2.0,True,0 days 01:00:47.044000,28.1,18,47.2,0 days 00:00:28.425000,0 days 00:00:41.319000,0 days 00:00:34.800000,12,104.544,3647.044,2.649000000000342,False,True,False,2.0,0.0,0.0,28.425,41.319,34.8,0,0,1,0.0,,,0.0,0,0,104.544,104.652,0.10800000000000409,0.0,0.0,0.0,0.0,0.0,0.0,0.0,0,0,2024,United States Grand Prix,0.0,20,0.0
ALB,6,0 days 00:01:44.652000,MEDIUM,3.0,True,0 days 01:09:46.450000,28.1,19,47.4,0 days 00:00:28.083000,0 days 00:00:41.425000,0 days 00:00:35.144000,1,104.652,4186.45,0.0,False,True,False,3.0,0.0,0.0,28.083,41.425,35.144,0,0,0,0.0,,,0.0,0,0,104.544,102.627,-1.9170000000000016,0.0,0.10800000000000409,0.0,0.0,0.0,0.0,0.0,0,0,2024,United States Grand Prix,0.0,20,0.0
ALB,7,0 days 00:01:42.627000,MEDIUM,4.0,True,0 days 01:11:29.077000,28.1,19,47.2,0 days 00:00:27.954000,0 days 00:00:40.414000,0 days 00:00:34.259000,1,102.627,4289.077,0.0,False,True,False,4.0,0.0,0.0,27.954,40.414,34.259,0,0,0,0.0,,,0.0,0,0,104.652,102.144,-2.5079999999999956,0.0,-2.0250000000000057,0.054000000000002046,0.0,-0.5409999999999968,0.0,0.0,0,0,2024,United States Grand Prix,0.0,20,0.0
ALB,8,0 days 00:01:42.144000,MEDIUM,5.0,True,0 days 01:13:11.221000,28.0,19,46.9,0 days 00:00:27.690000,0 days 00:00:40.489000,0 days 00:00:33.965000,1,102.144,4391.221,0.0,False,True,False,5.0,0.0,0.0,27.69,40.489,33.965,0,0,0,0.0,103.94099999999999,1.1392379031615871,-1.5773702709618327,1,0,102.627,102.001,-0.6259999999999906,0.0,-0.4829999999999899,-0.6390000000000006,0.0,-0.29399999999999693,0.31234649563158573,-0.9585000000000008,0,0,2024,United States Grand Prix,0.0,20,0.0
ALB,9,0 days 00:01:42.001000,MEDIUM,6.0,True,0 days 01:14:53.222000,28.1,19,46.7,0 days 00:00:27.400000,0 days 00:00:40.711000,0 days 00:00:33.890000,1,102.001,4493.222,0.0,False,True,False,6.0,0.0,0.0,27.4,40.711,33.89,0,0,0,0.0,103.49175,1.2932688235629899,-1.1526992477039195,0,1,102.144,102.736,0.5919999999999987,0.0,-0.14300000000000068,-0.7999999999999972,0.0,-0.07500000000000284,0.26128576310239165,-0.7999999999999972,0,0,2024,United States Grand Prix,0.0,20,0.0
ALB,10,0 days 00:01:42.736000,MEDIUM,7.0,True,0 days 01:16:35.958000,28.2,18,47.0,0 days 00:00:27.644000,0 days 00:00:40.756000,0 days 00:00:34.336000,12,102.736,4595.958,3.292000000000371,False,True,False,7.0,0.0,0.0,27.644,40.756,34.336,0,0,1,0.0,103.19359999999999,1.3034091069192346,-0.35107933308949957,0,0,102.001,102.219,0.2179999999999893,0.0,0.7349999999999994,-0.8836666666666654,0.0,0.44599999999999795,0.23405234457274532,-0.8836666666666654,0,0,2024,United States Grand Prix,0.0,20,0.0
ALB,11,0 days 00:01:42.219000,MEDIUM,8.0,True,0 days 01:18:18.177000,28.2,18,47.1,0 days 00:00:27.427000,0 days 00:00:40.784000,0 days 00:00:34.008000,1,102.219,4698.177,3.816000000000713,False,True,False,8.0,0.0,0.0,27.427,40.784,34.008,0,0,0,0.0,102.83200000000002,1.063901546196829,-0.5761811346090654,0,0,102.736,101.938,-0.7980000000000018,0.7349999999999994,-0.5170000000000101,0.03633333333333629,0.0,0.1180000000000021,0.36762712087113275,0.03633333333333629,0,0,2024,United States Grand Prix,0.0,20,0.0
ALB,12,0 days 00:01:41.938000,MEDIUM,9.0,True,0 days 01:20:00.115000,28.1,18,47.1,0 days 00:00:27.454000,0 days 00:00:40.694000,0 days 00:00:33.790000,1,101.938,4800.115,4.140000000000327,False,True,False,9.0,0.0,0.0,27.454,40.694,33.79,0,0,0,0.0,102.3454,0.31898949825975886,-1.2771580325451417,0,0,102.219,102.458,0.23900000000000432,0.2179999999999893,-0.2809999999999917,0.02499999999999621,0.0,-0.10000000000000142,0.3786947319411753,0.02499999999999621,0,0,2024,United States Grand Prix,0.0,20,0.0
ALB,13,0 days 00:01:42.458000,MEDIUM,10.0,True,0 days 01:21:42.573000,28.1,18,47.4,0 days 00:00:27.630000,0 days 00:00:40.773000,0 days 00:00:34.055000,1,102.458,4902.573,0.0,False,True,False,10.0,0.0,0.0,27.63,40.773,34.055,0,0,0,0.0,102.2076,0.3157329567847139,0.7930752701585636,0,0,101.938,102.221,0.28300000000000125,0.0,0.519999999999996,-0.021000000000000796,0.0,0.26500000000000057,0.27977490952549594,-0.021000000000000796,0,0,2024,United States Grand Prix,0.0,20,0.0
ALB,14,0 days 00:01:42.221000,MEDIUM,11.0,True,0 days 01:23:24.794000,28.4,18,47.4,0 days 00:00:27.629000,0 days 00:00:40.567000,0 days 00:00:34.025000,1,102.221,5004.794,0.0,False,True,False,11.0,0.0,0.0,27.629,40.567,34.025,0,0,0,0.0,102.27040000000001,0.3307889054971709,-0.14933995420964372,0,0,102.458,102.263,-0.19499999999999318,0.519999999999996,-0.23699999999999477,-0.0926666666666686,0.0,0.23499999999999943,0.23083912146774468,-0.0926666666666686,0,0,2024,United States Grand Prix,0.0,20,0.0
ALB,15,0 days 00:01:42.263000,MEDIUM,12.0,True,0 days 01:25:07.057000,28.4,18,47.5,0 days 00:00:27.433000,0 days 00:00:40.700000,0 days 00:00:34.130000,1,102.263,5107.057,23.83600000000024,False,True,False,12.0,0.0,0.0,27.433,40.7,34.13,0,0,0,0.0,102.3144,0.29911084901757673,-0.17184264686093204,0,0,102.221,102.331,0.10999999999999943,0.28300000000000125,0.04200000000000159,0.0006666666666698499,0.0,0.3400000000000034,0.2015135231194172,0.0006666666666698499,0,0,2024,United States Grand Prix,0.0,20,0.0
ALB,16,0 days 00:01:42.331000,MEDIUM,13.0,True,0 days 01:26:49.388000,28.4,17,47.8,0 days 00:00:27.511000,0 days 00:00:40.978000,0 days 00:00:33.842000,1,102.331,5209.388,23.13799999999992,False,True,False,13.0,0.0,0.0,27.511,40.978,33.842,0,0,0,0.0,102.21979999999999,0.1857544077539366,0.598639899556592,0,0,102.263,101.884,-0.3790000000000049,0.32500000000000284,0.06799999999999784,0.10833333333333428,0.0,-0.18299999999999983,0.17156718800516738,0.10833333333333428,0,0,2024,United States Grand Prix,0.0,20,0.0
ALB,17,0 days 00:01:41.884000,MEDIUM,14.0,True,0 days 01:28:31.272000,28.4,17,47.6,0 days 00:00:27.475000,0 days 00:00:40.671000,0 days 00:00:33.738000,1,101.884,5311.272,14.475999999999658,False,True,False,14.0,0.0,0.0,27.475,40.671,33.738,0,0,0,0.0,102.2422,0.1922724629270018,-1.862981284719855,1,0,102.331,101.524,-0.8070000000000022,0.3930000000000007,-0.44700000000000273,-0.04233333333333178,0.0,-0.1039999999999992,0.2358438042434029,-0.04233333333333178,0,0,2024,United States Grand Prix,0.0,20,0.0
ALB,18,0 days 00:01:41.524000,MEDIUM,15.0,True,0 days 01:30:12.796000,28.3,16,47.6,0 days 00:00:27.339000,0 days 00:00:40.619000,0 days 00:00:33.566000,1,101.524,5412.796,13.713999999999942,False,True,False,15.0,0.0,0.0,27.339,40.619,33.566,0,0,0,0.0,102.23140000000001,0.21392825900290846,-3.3067160145046075,1,1,101.884,101.601,-0.28300000000000125,0.0,-0.35999999999999943,-0.11233333333333444,0.0,-0.17199999999999704,0.2367452217046847,-0.11233333333333444,0,0,2024,United States Grand Prix,0.0,20,0.0
ALB,19,0 days 00:01:41.601000,MEDIUM,16.0,True,0 days 01:31:54.397000,28.3,14,47.2,0 days 00:00:27.378000,0 days 00:00:40.597000,0 days 00:00:33.626000,1,101.601,5514.397,0.8490000000001601,False,True,False,16.0,0.0,0.0,27.378,40.597,33.626,0,0,0,0.0,102.0446,0.33825182926337877,-1.311448931306727,0,1,101.524,101.411,-0.11299999999999955,0.0,0.07699999999999818,-0.24633333333333476,0.0,0.05999999999999517,0.2459790641497771,-0.24633333333333476,0,1,2024,United States Grand Prix,0.0,20,0.0
ALB,20,0 days 00:01:41.411000,MEDIUM,17.0,True,0 days 01:33:35.808000,28.5,14,47.1,0 days 00:00:27.197000,0 days 00:00:40.395000,0 days 00:00:33.819000,1,101.411,5615.808,0.43400000000019645,False,True,False,17.0,0.0,0.0,27.197,40.395,33.819,0,0,0,0.0,101.92060000000001,0.36960830618375645,-1.378756893376337,0,0,101.601,102.46,0.8589999999999947,0.07699999999999818,-0.18999999999999773,-0.24333333333333465,0.0,0.2530000000000001,0.2193130183094478,-0.24333333333333465,0,1,2024,United States Grand Prix,0.0,20,0.0
ALB,21,0 days 00:01:42.460000,MEDIUM,18.0,True,0 days 01:35:18.268000,28.5,15,47.4,0 days 00:00:27.056000,0 days 00:00:40.818000,0 days 00:00:34.586000,1,102.46,5718.268,3.744999999999891,False,True,False,18.0,0.0,0.0,27.056,40.818,34.586,0,0,0,0.0,101.7502,0.36868509598304494,1.925220215662391,0,0,101.411,102.169,0.7579999999999956,0.0,1.0489999999999924,-0.15766666666666632,0.0,1.019999999999996,0.18522607807757413,-0.15766666666666632,0,0,2024,United States Grand Prix,0.0,20,0.0
ALB,22,0 days 00:01:42.169000,MEDIUM,19.0,True,0 days 01:37:00.437000,28.4,15,47.4,0 days 00:00:27.185000,0 days 00:00:40.925000,0 days 00:00:34.059000,1,102.169,5820.437,2.6090000000003783,False,True,False,19.0,0.0,0.0,27.185,40.925,34.059,0,0,0,0.0,101.776,0.4203789956694144,0.9348706858538086,0,0,102.46,101.886,-0.5739999999999981,1.0489999999999924,-0.2909999999999968,0.3119999999999976,0.0,0.43299999999999983,0.48087399596983627,0.3119999999999976,0,0,2024,United States Grand Prix,0.0,20,0.0
ALB,23,0 days 00:01:41.886000,MEDIUM,20.0,True,0 days 01:38:42.323000,28.5,15,47.8,0 days 00:00:27.383000,0 days 00:00:40.526000,0 days 00:00:33.977000,1,101.886,5922.323,1.8059999999995853,False,True,False,20.0,0.0,0.0,27.383,40.526,33.977,0,0,0,0.0,101.833,0.45645755552956424,0.11611156252744845,0,0,102.169,101.432,-0.7369999999999948,0.7579999999999956,-0.28300000000000125,0.1893333333333326,0.0,0.15799999999999415,0.4519166958632957,0.1893333333333326,0,0,2024,United States Grand Prix,0.0,20,0.0
ALB,24,0 days 00:01:41.432000,MEDIUM,21.0,True,0 days 01:40:23.755000,28.5,15,47.8,0 days 00:00:27.296000,0 days 00:00:40.455000,0 days 00:00:33.681000,1,101.432,6023.755,1.28899999999976,False,True,False,21.0,0.0,0.0,27.296,40.455,33.681,0,0,0,0.0,101.9054,0.42265032828571913,-1.1200748427668823,0,0,101.886,101.418,-0.4679999999999893,0.4749999999999943,-0.4539999999999935,0.15833333333333144,0.0,-0.2959999999999994,0.38082371249700325,0.15833333333333144,0,0,2024,United States Grand Prix,0.0,20,0.0
ALB,25,0 days 00:01:41.418000,MEDIUM,22.0,True,0 days 01:42:05.173000,28.5,15,48.0,0 days 00:00:26.951000,0 days 00:00:40.613000,0 days 00:00:33.854000,1,101.418,6125.173,0.8569999999999709,False,True,False,22.0,0.0,0.0,26.951,40.613,33.854,0,0,0,0.0,101.87159999999999,0.4583309939334502,-0.9896777787317675,0,0,101.432,102.357,0.9249999999999972,0.021000000000000796,-0.013999999999995794,-0.34266666666666384,0.0,0.17300000000000182,0.4776905902359799,-0.34266666666666384,0,1,2024,United States Grand Prix,0.0,20,0.0
ALB,26,0 days 00:01:42.357000,MEDIUM,23.0,True,0 days 01:43:47.530000,28.4,14,47.6,0 days 00:00:26.963000,0 days 00:00:40.474000,0 days 00:00:34.920000,1,102.357,6227.53,0.08100000000013097,False,True,False,23.0,0.0,0.0,26.963,40.474,34.92,0,0,0,0.0,101.873,0.4565796754127627,1.0600559465605714,0,0,101.418,103.544,2.1259999999999906,0.0,0.938999999999993,-0.2503333333333302,0.0,1.2390000000000043,0.48155197019636276,-0.2503333333333302,0,1,2024,United States Grand Prix,0.0,20,0.0
ALB,27,0 days 00:01:43.544000,MEDIUM,24.0,True,0 days 01:45:31.074000,28.5,15,47.5,0 days 00:00:27.755000,0 days 00:00:40.668000,0 days 00:00:35.121000,1,103.544,6331.074,0.5970000000006621,False,True,False,24.0,0.0,0.0,27.755,40.668,35.121,0,0,0,0.0,101.8524,0.42468376470030667,3.983199125103669,0,0,102.357,102.932,0.5750000000000028,0.938999999999993,1.1869999999999976,0.15700000000000122,0.0,1.4400000000000048,0.566204291753429,0.15700000000000122,0,1,2024,United States Grand Prix,0.0,20,0.0
ALB,28,0 days 00:01:42.932000,MEDIUM,25.0,True,0 days 01:47:14.006000,28.6,15,47.5,0 days 00:00:27.357000,0 days 00:00:41.002000,0 days 00:00:34.573000,1,102.932,6434.006,2.0540000000000873,False,True,False,25.0,0.0,0.0,27.357,41.002,34.573,0,0,0,0.0,102.1274,0.8809902383114285,0.9132904826983826,0,0,103.544,101.287,-2.256999999999991,2.1259999999999906,-0.6119999999999948,0.7039999999999983,0.0,0.7190000000000012,0.7546639649539417,0.7039999999999983,0,0,2024,United States Grand Prix,0.0,20,0.0
ALB,29,0 days 00:01:41.287000,MEDIUM,26.0,True,0 days 01:48:55.293000,28.8,15,47.5,0 days 00:00:27.016000,0 days 00:00:40.156000,0 days 00:00:34.115000,1,101.287,6535.293,2.0650000000005093,False,True,False,26.0,0.0,0.0,27.016,40.156,34.115,0,0,0,0.0,102.3366,0.9320487111734189,-1.126121400542023,0,0,102.932,101.651,-1.281000000000006,1.5139999999999958,-1.644999999999996,0.5046666666666653,0.0,-0.4579999999999984,0.7242413271831444,0.5046666666666653,0,0,2024,United States Grand Prix,0.0,20,0.0
ALB,30,0 days 00:01:41.651000,MEDIUM,27.0,True,0 days 01:50:36.944000,28.9,15,47.7,0 days 00:00:27.197000,0 days 00:00:40.426000,0 days 00:00:34.028000,1,101.651,6636.944,1.5989999999992506,False,True,False,27.0,0.0,0.0,27.197,40.426,34.028,0,0,0,0.0,102.30760000000001,0.968763799901725,-0.6777709902729846,0,0,101.287,101.635,0.347999999999999,0.0,0.3639999999999901,-0.3566666666666644,0.0,-0.0870000000000033,0.7789770856706904,-0.3566666666666644,0,0,2024,United States Grand Prix,0.0,20,0.0
ALB,31,0 days 00:01:41.635000,MEDIUM,28.0,True,0 days 01:52:18.579000,28.8,15,47.4,0 days 00:00:27.112000,0 days 00:00:40.776000,0 days 00:00:33.747000,1,101.635,6738.579,1.3380000000006476,False,True,False,28.0,0.0,0.0,27.112,40.776,33.747,0,0,0,0.0,102.35419999999999,0.9196318285053181,-0.7820520970537803,0,0,101.651,101.297,-0.3539999999999992,0.3639999999999901,-0.015999999999991132,-0.6310000000000002,0.0,-0.2809999999999988,0.8238769932459602,-0.6310000000000002,0,0,2024,United States Grand Prix,0.0,20,0.0
ALB,32,0 days 00:01:41.297000,MEDIUM,29.0,True,0 days 01:53:59.876000,28.7,14,47.7,0 days 00:00:27.097000,0 days 00:00:40.407000,0 days 00:00:33.793000,1,101.297,6839.876,0.9729999999999563,False,True,False,29.0,0.0,0.0,27.097,40.407,33.793,0,0,0,0.0,102.2098,0.9741502450854452,-0.9370217834518332,0,0,101.635,100.029,-1.6060000000000088,0.347999999999999,-0.33800000000000807,-0.43233333333333235,0.0,0.045999999999999375,0.7955308290694981,-0.43233333333333235,0,1,2024,United States Grand Prix,0.0,20,0.0
ALB,35,0 days 00:01:40.029000,HARD,2.0,True,0 days 01:59:23.156000,28.9,18,47.2,0 days 00:00:27.060000,0 days 00:00:39.868000,0 days 00:00:33.101000,1,100.029,7163.156,0.0,True,False,False,2.0,0.0,0.0,27.06,39.868,33.101,0,0,0,0.0,101.7604,0.6780831807382017,-2.5533740537777425,1,0,101.297,99.721,-1.5759999999999934,0.009999999999990905,-1.2680000000000007,0.0033333333333303017,0.0,-0.6460000000000008,0.4512833921163068,0.0033333333333303017,0,0,2024,United States Grand Prix,0.0,20,0.0
ALB,36,0 days 00:01:39.721000,HARD,3.0,True,0 days 02:01:02.877000,28.9,18,47.2,0 days 00:00:26.756000,0 days 00:00:39.816000,0 days 00:00:33.149000,1,99.721,7262.877,0.0,True,False,False,3.0,0.0,0.0,26.756,39.816,33.149,0,0,0,0.0,101.1798,0.6668592055299528,-2.187568212154601,1,1,100.029,99.632,-0.39699999999999136,0.0,-0.3079999999999927,-0.5406666666666666,0.0,0.04800000000000182,0.2779526938167717,-0.5406666666666666,0,0,2024,United States Grand Prix,0.0,20,0.0
ALB,37,0 days 00:01:39.632000,HARD,4.0,True,0 days 02:02:42.509000,28.9,18,47.1,0 days 00:00:26.877000,0 days 00:00:39.882000,0 days 00:00:32.873000,1,99.632,7362.509,27.085000000000036,True,False,False,4.0,0.0,0.0,26.877,39.882,32.873,0,0,0,0.0,100.86659999999999,0.9226238670227599,-1.3381401068497725,0,1,99.721,99.69,-0.03100000000000591,0.0,-0.08899999999999864,-0.6380000000000005,0.0,-0.22800000000000153,0.2911125212009963,-0.6380000000000005,0,0,2024,United States Grand Prix,0.0,20,0.0
ALB,38,0 days 00:01:39.690000,HARD,5.0,True,0 days 02:04:22.199000,29.0,18,46.9,0 days 00:00:26.861000,0 days 00:00:39.750000,0 days 00:00:33.079000,1,99.69,7462.199,27.543000000000575,True,False,False,5.0,0.0,0.0,26.861,39.75,33.079,0,0,0,0.0,100.4628,0.9352300251809825,-0.8263207758438402,0,0,99.632,99.531,-0.10099999999999909,0.0,0.057999999999992724,-0.5549999999999974,0.0,0.20600000000000307,0.28615415425955415,-0.5549999999999974,0,0,2024,United States Grand Prix,0.0,20,0.0
ALB,39,0 days 00:01:39.531000,HARD,6.0,True,0 days 02:06:01.730000,29.0,18,46.9,0 days 00:00:26.820000,0 days 00:00:39.835000,0 days 00:00:32.876000,1,99.531,7561.73,29.892000000000735,True,False,False,6.0,0.0,0.0,26.82,39.835,32.876,0,0,0,0.0,100.07379999999999,0.700924888985976,-0.7744053728570705,0,0,99.69,99.666,-0.02400000000000091,0.057999999999992724,-0.15899999999999181,-0.11299999999999955,0.0,0.0030000000000001137,0.33550737696807986,-0.11299999999999955,0,0,2024,United States Grand Prix,0.0,20,0.0
ALB,40,0 days 00:01:39.666000,HARD,7.0,True,0 days 02:07:41.396000,28.9,18,47.4,0 days 00:00:26.848000,0 days 00:00:39.839000,0 days 00:00:32.979000,12,99.666,7661.396,30.35699999999997,True,False,False,7.0,0.0,0.0,26.848,39.839,32.979,0,0,1,0.0,99.7206,0.18697941063118226,-0.29201076105489765,0,0,99.531,99.406,-0.125,0.0,0.1349999999999909,-0.06333333333333258,0.0,0.10600000000000165,0.3308742963725066,-0.06333333333333258,0,0,2024,United States Grand Prix,0.0,20,0.0
ALB,41,0 days 00:01:39.406000,HARD,8.0,True,0 days 02:09:20.802000,29.0,18,46.8,0 days 00:00:26.628000,0 days 00:00:40.056000,0 days 00:00:32.722000,1,99.406,7760.802,31.293000000000575,True,False,False,8.0,0.0,0.0,26.628,40.056,32.722,0,0,0,0.0,99.648,0.0730787246740174,-3.311497307588231,1,0,99.666,99.241,-0.42499999999999716,0.1349999999999909,-0.2599999999999909,0.011333333333330605,0.0,-0.15399999999999636,0.16149612998459392,0.011333333333330605,0,0,2024,United States Grand Prix,0.0,20,0.0
ALB,42,0 days 00:01:39.241000,HARD,9.0,True,0 days 02:11:00.043000,29.0,18,46.4,0 days 00:00:26.586000,0 days 00:00:39.738000,0 days 00:00:32.917000,1,99.241,7860.043,32.220000000000255,True,False,False,9.0,0.0,0.0,26.586,39.738,32.917,0,0,0,0.0,99.58500000000001,0.11699572641757831,-2.940278337793398,1,1,99.406,99.353,-0.05300000000001148,0.0,-0.16500000000000625,-0.09466666666666394,0.0,0.19500000000000028,0.17922276641096874,-0.09466666666666394,0,0,2024,United States Grand Prix,0.0,20,0.0
ALB,43,0 days 00:01:39.353000,HARD,10.0,True,0 days 02:12:39.396000,29.0,18,46.4,0 days 00:00:26.516000,0 days 00:00:39.791000,0 days 00:00:33.046000,1,99.353,7959.396,33.108000000000175,True,False,False,10.0,0.0,0.0,26.516,39.791,33.046,0,0,0,0.0,99.5068,0.18728507682133416,-0.821207982025849,0,1,99.241,101.215,1.9740000000000038,0.0,0.11199999999999477,-0.09666666666666875,0.0,0.32399999999999807,0.15006232038723152,-0.09666666666666875,0,0,2024,United States Grand Prix,0.0,20,0.0
ALB,44,0 days 00:01:41.215000,HARD,11.0,True,0 days 02:14:20.611000,29.0,18,47.2,0 days 00:00:28.055000,0 days 00:00:39.973000,0 days 00:00:33.187000,1,101.215,8060.611,31.926000000000386,True,False,False,11.0,0.0,0.0,28.055,39.973,33.187,0,0,0,0.0,99.4394,0.16407406863965848,10.821941667696388,0,0,99.353,99.961,0.6080000000000041,0.11199999999999477,1.862000000000009,-0.10433333333333412,0.0,0.4649999999999963,0.1823641960473591,-0.10433333333333412,0,0,2024,United States Grand Prix,0.0,20,0.0
ALB,45,0 days 00:01:39.961000,HARD,12.0,True,0 days 02:16:00.572000,29.1,18,47.0,0 days 00:00:26.685000,0 days 00:00:40.044000,0 days 00:00:33.232000,1,99.961,8160.572,31.622999999999593,True,False,False,12.0,0.0,0.0,26.685,40.044,33.232,0,0,0,0.0,99.77619999999999,0.8192793784784185,0.22556408089170263,0,0,101.215,101.733,0.5180000000000007,1.9740000000000038,-1.2540000000000049,0.6029999999999992,0.0,0.3149999999999977,0.2339651683477669,0.6029999999999992,0,0,2024,United States Grand Prix,0.0,20,0.0
ALB,46,0 days 00:01:41.733000,HARD,13.0,True,0 days 02:17:42.305000,29.1,17,46.8,0 days 00:00:26.916000,0 days 00:00:40.158000,0 days 00:00:34.659000,1,101.733,8262.305,0.6520000000000437,True,False,False,13.0,0.0,0.0,26.916,40.158,34.659,0,0,0,0.0,99.8352,0.8199812192971163,2.3144432522817877,0,0,99.961,99.552,-0.4089999999999918,0.7199999999999989,1.7720000000000056,0.23999999999999963,0.0,1.6129999999999995,0.23450053304843232,0.23999999999999963,0,1,2024,United States Grand Prix,0.0,20,0.0
ALB,47,0 days 00:01:39.552000,HARD,14.0,True,0 days 02:19:21.857000,29.1,17,46.8,0 days 00:00:26.598000,0 days 00:00:39.812000,0 days 00:00:33.142000,1,99.552,8361.857,2.1640000000006694,True,False,False,14.0,0.0,0.0,26.598,39.812,33.142,0,0,0,0.0,100.3006,1.1207054920896953,-0.6679720990785349,0,0,101.733,99.205,-2.528000000000006,2.4920000000000044,-2.1809999999999974,0.7933333333333366,0.0,-0.0449999999999946,0.5840101026523433,0.7933333333333366,0,0,2024,United States Grand Prix,0.0,20,0.0
ALB,48,0 days 00:01:39.205000,HARD,15.0,True,0 days 02:21:01.062000,29.0,17,46.7,0 days 00:00:26.595000,0 days 00:00:39.945000,0 days 00:00:32.665000,1,99.205,8461.062,4.029000000000451,True,False,False,15.0,0.0,0.0,26.595,39.945,32.665,0,0,0,0.0,100.36280000000001,1.053829777525766,-1.09865940846571,0,0,99.552,99.509,-0.043000000000006366,0.19900000000001228,-0.3470000000000084,-0.5543333333333322,0.0,-0.47700000000000387,0.6317244652536411,-0.5543333333333322,0,0,2024,United States Grand Prix,0.0,20,0.0
ALB,49,0 days 00:01:39.509000,HARD,16.0,True,0 days 02:22:40.571000,29.0,17,47.0,0 days 00:00:26.523000,0 days 00:00:39.918000,0 days 00:00:33.068000,1,99.509,8560.571,7.967000000000553,True,False,False,16.0,0.0,0.0,26.523,39.918,33.068,0,0,0,0.0,100.3332,1.090716828512333,-0.7556498427957329,0,0,99.205,99.639,0.4339999999999975,0.0,0.30400000000000205,-0.25200000000000006,0.0,0.4029999999999987,0.7820877188653459,-0.25200000000000006,0,0,2024,United States Grand Prix,0.0,20,0.0
ALB,50,0 days 00:01:39.639000,HARD,17.0,True,0 days 02:24:20.210000,29.3,17,46.4,0 days 00:00:26.552000,0 days 00:00:39.943000,0 days 00:00:33.144000,1,99.639,8660.21,9.373000000001412,True,False,False,17.0,0.0,0.0,26.552,39.943,33.144,0,0,0,0.0,99.992,1.0097400655614261,-0.34959492253458013,0,0,99.509,99.72,0.21099999999999852,0.30400000000000205,0.12999999999999545,-0.7413333333333346,0.0,0.4789999999999992,0.7807785857719206,-0.7413333333333346,0,0,2024,United States Grand Prix,0.0,20,0.0
ALB,51,0 days 00:01:39.720000,HARD,18.0,True,0 days 02:25:59.930000,29.2,17,46.5,0 days 00:00:26.670000,0 days 00:00:40.080000,0 days 00:00:32.970000,1,99.72,8759.93,12.583999999998923,True,False,False,18.0,0.0,0.0,26.67,40.08,32.97,0,0,0,0.0,99.92760000000001,1.0224005086070689,-0.2030515421816939,0,0,99.639,99.279,-0.35999999999999943,0.4339999999999975,0.08100000000000307,0.028999999999996362,0.0,0.3049999999999997,0.7817651821359151,0.028999999999996362,0,0,2024,United States Grand Prix,0.0,20,0.0
ALB,52,0 days 00:01:39.279000,HARD,19.0,True,0 days 02:27:39.209000,29.2,16,46.4,0 days 00:00:26.517000,0 days 00:00:39.661000,0 days 00:00:33.101000,1,99.279,8859.209,13.962999999999738,True,False,False,19.0,0.0,0.0,26.517,39.661,33.101,0,0,0,0.0,99.525,0.19647264440625237,-1.2520827046606435,0,0,99.72,99.35,-0.37000000000000455,0.5150000000000006,-0.4410000000000025,0.17166666666666686,0.0,0.13100000000000023,0.39559575326335433,0.17166666666666686,0,0,2024,United States Grand Prix,0.0,20,0.0
ALB,53,0 days 00:01:39.350000,HARD,20.0,True,0 days 02:29:18.559000,29.3,16,46.0,0 days 00:00:26.709000,0 days 00:00:39.670000,0 days 00:00:32.971000,1,99.35,8958.559,15.188000000000102,True,False,False,20.0,0.0,0.0,26.709,39.67,32.971,0,0,0,0.0,99.4704,0.22320797476789556,-0.5394072506826982,0,0,99.279,99.084,-0.19499999999999318,0.07399999999999807,0.07099999999999795,-0.07666666666666799,0.0,0.0009999999999976694,0.38344126016901375,-0.07666666666666799,0,0,2024,United States Grand Prix,0.0,20,0.0
ALB,54,0 days 00:01:39.084000,HARD,21.0,True,0 days 02:30:57.643000,29.3,16,46.1,0 days 00:00:26.531000,0 days 00:00:39.594000,0 days 00:00:32.959000,1,99.084,9057.643,16.782999999999447,True,False,False,21.0,0.0,0.0,26.531,39.594,32.959,0,0,0,0.0,99.49940000000001,0.18650817676441342,-2.227248194725077,1,0,99.35,101.299,1.9490000000000123,0.07099999999999795,-0.26599999999999113,-0.09633333333333383,0.0,-0.01099999999999568,0.19626818387094838,-0.09633333333333383,0,0,2024,United States Grand Prix,0.0,20,0.0
ALO,2,0 days 00:01:42.720000,MEDIUM,2.0,True,0 days 01:00:40.372000,28.1,10,47.2,0 days 00:00:28.181000,0 days 00:00:40.465000,0 days 00:00:34.074000,12,102.72,3640.372,0.7840000000001055,False,True,False,2.0,0.0,0.0,28.181,40.465,34.074,0,0,1,0.0,99.7464,0.8980023942061601,3.3113497460423655,0,0,102.72,103.042,0.32200000000000273,3.6359999999999957,0.0,0.6733333333333368,0.0,1.1149999999999949,0.15083368324084673,0.0,0,1,2024,United States Grand Prix,0.0,20,0.0
ALO,6,0 days 00:01:43.042000,MEDIUM,6.0,True,0 days 01:09:41.190000,28.1,10,47.4,0 days 00:00:28.214000,0 days 00:00:41.100000,0 days 00:00:33.728000,1,103.042,4181.19,0.4170000000003711,False,True,False,6.0,0.0,0.0,28.214,41.1,33.728,0,0,0,0.0,,,0.0,0,0,102.72,102.409,-0.31099999999999284,0.0,0.32200000000000273,0.0,0.0,0.0,0.0,0.0,0,1,2024,United States Grand Prix,0.0,20,0.0
ALO,7,0 days 00:01:42.409000,MEDIUM,7.0,True,0 days 01:11:23.599000,28.1,11,47.2,0 days 00:00:27.716000,0 days 00:00:40.687000,0 days 00:00:34.006000,1,102.409,4283.599,0.7049999999999272,False,True,False,7.0,0.0,0.0,27.716,40.687,34.006,0,0,0,0.0,,,0.0,0,0,103.042,101.508,-1.534000000000006,0.0,-0.6329999999999956,0.16100000000000136,0.0,0.2779999999999987,0.0,0.0,0,1,2024,United States Grand Prix,0.0,20,0.0
ALO,8,0 days 00:01:41.508000,MEDIUM,8.0,True,0 days 01:13:05.107000,28.0,11,46.9,0 days 00:00:27.534000,0 days 00:00:40.251000,0 days 00:00:33.723000,1,101.508,4385.107,0.7539999999999054,False,True,False,8.0,0.0,0.0,27.534,40.251,33.723,0,0,0,0.0,102.72366666666666,0.31651592903570125,-3.8407756297457727,1,0,102.409,101.975,-0.4340000000000117,0.0,-0.9010000000000105,-0.10366666666666428,0.0,-0.005000000000002558,0.5803846425719156,-0.15549999999999642,0,1,2024,United States Grand Prix,0.0,20,0.0
ALO,9,0 days 00:01:41.975000,MEDIUM,9.0,True,0 days 01:14:47.082000,28.1,11,46.7,0 days 00:00:27.342000,0 days 00:00:40.864000,0 days 00:00:33.769000,1,101.975,4487.082,0.8789999999999054,False,True,False,9.0,0.0,0.0,27.342,40.864,33.769,0,0,0,0.0,102.41975,0.6604919252597578,-0.6733617520382073,0,1,101.508,101.928,0.4200000000000017,0.0,0.46699999999999875,-0.4040000000000011,0.0,0.045999999999999375,0.5288030509241268,-0.4040000000000011,0,1,2024,United States Grand Prix,0.0,20,0.0
ALO,10,0 days 00:01:41.928000,MEDIUM,10.0,True,0 days 01:16:29.010000,28.2,11,47.0,0 days 00:00:27.500000,0 days 00:00:40.635000,0 days 00:00:33.793000,12,101.928,4589.01,0.9629999999997381,False,True,False,10.0,0.0,0.0,27.5,40.635,33.793,0,0,1,0.0,102.3308,0.6055969781959031,-0.6651288142156125,0,0,101.975,103.326,1.350999999999999,0.46699999999999875,-0.046999999999997044,-0.3556666666666691,0.0,0.07000000000000028,0.4773308077214358,-0.3556666666666691,0,1,2024,United States Grand Prix,0.0,20,0.0
ALO,11,0 days 00:01:43.326000,MEDIUM,11.0,True,0 days 01:18:12.336000,28.2,12,47.0,0 days 00:00:27.759000,0 days 00:00:40.808000,0 days 00:00:34.759000,1,103.326,4692.336,0.7579999999998108,False,True,False,11.0,0.0,0.0,27.759,40.808,34.759,0,0,0,0.0,102.1724,0.5814441503704505,1.98402546360646,0,0,101.928,101.701,-0.22700000000000387,0.4200000000000017,1.3979999999999961,-0.16033333333333624,0.0,1.0360000000000014,0.11625489237017082,-0.16033333333333624,0,1,2024,United States Grand Prix,0.0,20,0.0
ALO,12,0 days 00:01:41.701000,MEDIUM,12.0,True,0 days 01:19:54.037000,28.1,12,47.1,0 days 00:00:27.448000,0 days 00:00:40.328000,0 days 00:00:33.925000,1,101.701,4794.037,0.9429999999993015,False,True,False,12.0,0.0,0.0,27.448,40.328,33.925,0,0,0,0.0,102.22919999999999,0.6911524433871375,-0.7642308220910619,0,0,103.326,101.687,-1.6389999999999958,1.8179999999999978,-1.625,0.6059999999999993,0.0,0.1559999999999988,0.4334443447548958,0.6059999999999993,0,1,2024,United States Grand Prix,0.0,20,0.0
ALO,13,0 days 00:01:41.687000,MEDIUM,13.0,True,0 days 01:21:35.724000,28.1,12,47.4,0 days 00:00:27.387000,0 days 00:00:40.664000,0 days 00:00:33.636000,1,101.687,4895.724,1.0219999999999345,False,True,False,13.0,0.0,0.0,27.387,40.664,33.636,0,0,0,0.0,102.0876,0.7171438488894772,-0.5586048051870494,0,0,101.701,101.706,0.005000000000009663,0.19299999999999784,-0.013999999999995794,-0.09133333333333364,0.0,-0.15699999999999648,0.4373531753628879,-0.09133333333333364,0,0,2024,United States Grand Prix,0.0,20,0.0
ALO,14,0 days 00:01:41.706000,MEDIUM,14.0,True,0 days 01:23:17.430000,28.4,12,47.4,0 days 00:00:27.402000,0 days 00:00:40.770000,0 days 00:00:33.534000,1,101.706,4997.43,1.3759999999992942,False,True,False,14.0,0.0,0.0,27.402,40.77,33.534,0,0,0,0.0,102.12339999999999,0.6847111069641071,-0.6096001594755301,0,0,101.687,101.53,-0.15699999999999648,0.0,0.019000000000005457,-0.08033333333333322,0.0,-0.10200000000000387,0.4648485774959411,-0.08033333333333322,0,0,2024,United States Grand Prix,0.0,20,0.0
ALO,15,0 days 00:01:41.530000,MEDIUM,15.0,True,0 days 01:24:58.960000,28.4,12,47.5,0 days 00:00:27.329000,0 days 00:00:40.688000,0 days 00:00:33.513000,1,101.53,5098.96,1.0010000000002037,False,True,False,15.0,0.0,0.0,27.329,40.688,33.513,0,0,0,0.0,102.0696,0.7094091203248059,-0.7606330177330324,0,0,101.706,101.681,-0.025000000000005684,0.019000000000005457,-0.17600000000000193,-0.5399999999999968,0.0,-0.021000000000000796,0.48383447582825323,-0.5399999999999968,0,0,2024,United States Grand Prix,0.0,20,0.0
ALO,16,0 days 00:01:41.681000,MEDIUM,16.0,True,0 days 01:26:40.641000,28.4,12,47.8,0 days 00:00:27.310000,0 days 00:00:40.775000,0 days 00:00:33.596000,1,101.681,5200.641,0.5799999999999272,False,True,False,16.0,0.0,0.0,27.31,40.775,33.596,0,0,0,0.0,101.99,0.7504135526494836,-0.41177294694240507,0,0,101.53,102.424,0.8940000000000055,0.0,0.15099999999999625,-0.05699999999999742,0.0,0.08299999999999841,0.49162414505392293,-0.05699999999999742,0,1,2024,United States Grand Prix,0.0,20,0.0
ALO,17,0 days 00:01:42.424000,MEDIUM,17.0,True,0 days 01:28:23.065000,28.4,13,47.6,0 days 00:00:27.429000,0 days 00:00:41.164000,0 days 00:00:33.831000,1,102.424,5303.065,1.9310000000004948,False,True,False,17.0,0.0,0.0,27.429,41.164,33.831,0,0,0,0.0,101.661,0.0739290200127467,10.320710322799494,0,0,101.681,101.238,-0.44299999999999784,0.15099999999999625,0.7430000000000092,-0.002000000000000076,0.0,0.31800000000000495,0.1288242989501582,-0.002000000000000076,0,0,2024,United States Grand Prix,0.0,20,0.0
ALO,18,0 days 00:01:41.238000,MEDIUM,18.0,True,0 days 01:30:04.303000,28.3,12,47.6,0 days 00:00:27.243000,0 days 00:00:40.341000,0 days 00:00:33.654000,1,101.238,5404.303,2.119999999999891,False,True,False,18.0,0.0,0.0,27.243,40.341,33.654,0,0,0,0.0,101.8056,0.35280490359409283,-1.6088211762867979,1,0,102.424,101.677,-0.7469999999999999,0.8940000000000055,-1.186000000000007,0.2393333333333345,0.0,0.14100000000000534,0.18746919746987933,0.2393333333333345,0,0,2024,United States Grand Prix,0.0,20,0.0
ALO,19,0 days 00:01:41.677000,MEDIUM,19.0,True,0 days 01:31:45.980000,28.3,10,47.2,0 days 00:00:27.347000,0 days 00:00:40.730000,0 days 00:00:33.600000,1,101.677,5505.98,1.4530000000004293,False,True,False,19.0,0.0,0.0,27.347,40.73,33.6,0,0,0,0.0,101.7158,0.4375125141067891,-0.0886831776211193,0,1,101.238,101.585,0.3469999999999942,0.0,0.43900000000000716,-0.09733333333333387,0.0,0.0040000000000048885,0.16095558393544826,-0.09733333333333387,0,0,2024,United States Grand Prix,0.0,20,0.0
ALO,20,0 days 00:01:41.585000,MEDIUM,20.0,True,0 days 01:33:27.565000,28.5,10,47.1,0 days 00:00:27.251000,0 days 00:00:40.356000,0 days 00:00:33.978000,1,101.585,5607.565,0.9909999999999854,False,True,False,20.0,0.0,0.0,27.251,40.356,33.978,0,0,0,0.0,101.71000000000001,0.4378669889361879,-0.2854748203414598,0,0,101.677,101.297,-0.38000000000000966,0.43900000000000716,-0.09200000000001296,-0.001333333333330226,0.0,0.3780000000000001,0.1353015151430332,-0.001333333333330226,0,1,2024,United States Grand Prix,0.0,20,0.0
ALO,21,0 days 00:01:41.297000,MEDIUM,21.0,True,0 days 01:35:08.862000,28.4,10,47.3,0 days 00:00:27.195000,0 days 00:00:40.321000,0 days 00:00:33.781000,1,101.297,5708.862,0.7809999999999491,False,True,False,21.0,0.0,0.0,27.195,40.321,33.781,0,0,0,0.0,101.721,0.4328770033162349,-0.9794930124533705,0,0,101.585,102.707,1.1219999999999999,0.3469999999999942,-0.2879999999999967,-0.27966666666667095,0.0,0.18099999999999739,0.15814455412691228,-0.27966666666667095,0,1,2024,United States Grand Prix,0.0,20,0.0
ALO,22,0 days 00:01:42.707000,MEDIUM,22.0,True,0 days 01:36:51.569000,28.4,11,47.4,0 days 00:00:27.139000,0 days 00:00:40.882000,0 days 00:00:34.686000,1,102.707,5811.569,3.7509999999992942,False,True,False,22.0,0.0,0.0,27.139,40.882,34.686,0,0,0,0.0,101.6442,0.47387097400036216,2.2428045993785295,0,0,101.297,101.766,0.4690000000000083,0.0589999999999975,1.4099999999999966,0.019666666666665833,0.0,1.0859999999999985,0.14812933537959214,0.019666666666665833,0,0,2024,United States Grand Prix,0.0,20,0.0
ALO,23,0 days 00:01:41.766000,MEDIUM,23.0,True,0 days 01:38:33.335000,28.5,11,47.8,0 days 00:00:27.311000,0 days 00:00:40.880000,0 days 00:00:33.575000,1,101.766,5913.335,3.7049999999999272,False,True,False,23.0,0.0,0.0,27.311,40.88,33.575,0,0,0,0.0,101.70079999999999,0.5923792704003398,0.11006462119438334,0,0,102.707,101.879,-0.8279999999999887,1.468999999999994,-0.9409999999999883,0.343333333333329,0.0,-0.20599999999999596,0.428403431358805,0.343333333333329,0,0,2024,United States Grand Prix,0.0,20,0.0
ALO,24,0 days 00:01:41.879000,MEDIUM,24.0,True,0 days 01:40:15.214000,28.4,11,47.7,0 days 00:00:27.410000,0 days 00:00:40.747000,0 days 00:00:33.722000,1,101.879,6015.214,3.3150000000005093,False,True,False,24.0,0.0,0.0,27.41,40.747,33.722,0,0,0,0.0,101.8064,0.5333767898962494,0.13611390929502265,0,0,101.766,101.614,-0.15200000000000102,0.4690000000000083,0.11299999999999955,0.0603333333333372,0.0,0.14699999999999847,0.49523812454212157,0.0603333333333372,0,0,2024,United States Grand Prix,0.0,20,0.0
ALO,25,0 days 00:01:41.614000,MEDIUM,25.0,True,0 days 01:41:56.828000,28.5,11,48.0,0 days 00:00:27.267000,0 days 00:00:40.729000,0 days 00:00:33.618000,1,101.614,6116.828,2.80199999999968,False,True,False,25.0,0.0,0.0,27.267,40.729,33.618,0,0,0,0.0,101.8468,0.5287553309424166,-0.44027924897716114,0,0,101.879,100.478,-1.4010000000000105,0.5820000000000078,-0.26500000000000057,0.19400000000000261,0.0,0.04299999999999926,0.47854122079503114,0.19400000000000261,0,0,2024,United States Grand Prix,0.0,20,0.0
ALO,28,0 days 00:01:40.478000,HARD,3.0,True,0 days 01:47:20.336000,28.7,17,47.2,0 days 00:00:27.076000,0 days 00:00:40.074000,0 days 00:00:33.328000,1,100.478,6440.336,11.795999999999367,True,False,False,3.0,0.0,0.0,27.076,40.074,33.328,0,0,0,0.0,101.8526,0.5253135254303118,-2.6167230300685556,1,0,101.614,100.48,-1.1340000000000003,0.3170000000000073,-1.13600000000001,-0.3643333333333298,0.0,-0.2469999999999999,0.4911849956991752,-0.3643333333333298,0,0,2024,United States Grand Prix,0.0,20,0.0
ALO,29,0 days 00:01:40.480000,HARD,4.0,True,0 days 01:49:00.816000,28.8,17,47.5,0 days 00:00:27.168000,0 days 00:00:39.942000,0 days 00:00:33.370000,1,100.48,6540.816,11.800000000000182,True,False,False,4.0,0.0,0.0,27.168,39.942,33.37,0,0,0,0.0,101.6888,0.7985140574843016,-1.513811796636731,1,1,100.478,100.21,-0.2680000000000007,0.0,0.0020000000000095497,-0.42933333333333695,0.0,0.041999999999994486,0.5410252304652701,-0.42933333333333695,0,0,2024,United States Grand Prix,0.0,20,0.0
ALO,30,0 days 00:01:40.210000,HARD,5.0,True,0 days 01:50:41.026000,28.9,17,47.7,0 days 00:00:26.993000,0 days 00:00:39.859000,0 days 00:00:33.358000,1,100.21,6641.026,11.97400000000016,True,False,False,5.0,0.0,0.0,26.993,39.859,33.358,0,0,0,0.0,101.24340000000001,0.7041056738871578,-1.4676774216218438,0,1,100.48,100.133,-0.3470000000000084,0.0020000000000095497,-0.27000000000001023,-0.46633333333333366,0.0,0.02999999999999403,0.17240852647128335,-0.46633333333333366,0,0,2024,United States Grand Prix,0.0,20,0.0
ALO,31,0 days 00:01:40.133000,HARD,6.0,True,0 days 01:52:21.159000,28.8,17,47.4,0 days 00:00:26.934000,0 days 00:00:40.070000,0 days 00:00:33.129000,1,100.133,6741.159,11.929000000000087,True,False,False,6.0,0.0,0.0,26.934,40.07,33.129,0,0,0,0.0,100.9322,0.7572378754394942,-1.055414719629747,0,0,100.21,100.6,0.39000000000000057,0.0,-0.07699999999999818,-0.4680000000000035,0.0,-0.19900000000000517,0.14755168585956466,-0.4680000000000035,0,0,2024,United States Grand Prix,0.0,20,0.0
ALO,32,0 days 00:01:40.600000,HARD,7.0,True,0 days 01:54:01.759000,28.7,16,47.7,0 days 00:00:26.896000,0 days 00:00:40.049000,0 days 00:00:33.655000,1,100.6,6841.759,12.018000000000029,True,False,False,7.0,0.0,0.0,26.896,40.049,33.655,0,0,0,0.0,100.583,0.5971231028859507,0.028469841340643745,0,0,100.133,100.556,0.4230000000000018,0.0,0.46699999999999875,-0.11499999999999962,0.0,0.5260000000000034,0.14423141128062109,-0.11499999999999962,0,0,2024,United States Grand Prix,0.0,20,0.0
ALO,33,0 days 00:01:40.556000,HARD,8.0,True,0 days 01:55:42.315000,28.8,16,47.4,0 days 00:00:27.016000,0 days 00:00:39.987000,0 days 00:00:33.553000,1,100.556,6942.315,9.910000000000764,True,False,False,8.0,0.0,0.0,27.016,39.987,33.553,0,0,0,0.0,100.3802,0.19869121772276954,0.8847899872720395,0,0,100.6,100.285,-0.3149999999999977,0.46699999999999875,-0.04399999999999693,0.03999999999999678,0.0,0.4239999999999995,0.3063205837027629,0.03999999999999678,0,0,2024,United States Grand Prix,0.0,20,0.0
ALO,34,0 days 00:01:40.285000,HARD,9.0,True,0 days 01:57:22.600000,28.8,14,47.1,0 days 00:00:27.011000,0 days 00:00:39.986000,0 days 00:00:33.288000,1,100.285,7042.6,0.9709999999995489,True,False,False,9.0,0.0,0.0,27.011,39.986,33.288,0,0,0,0.0,100.3958,0.21097203606202292,-0.5251880868582217,0,0,100.556,101.231,0.6749999999999972,0.4230000000000018,-0.2710000000000008,0.11533333333333455,0.0,0.15899999999999892,0.3013516218638988,0.11533333333333455,0,1,2024,United States Grand Prix,0.0,20,0.0
ALO,35,0 days 00:01:41.231000,HARD,10.0,True,0 days 01:59:03.831000,28.8,14,47.0,0 days 00:00:27.121000,0 days 00:00:40.184000,0 days 00:00:33.926000,1,101.231,7143.831,1.1759999999994761,True,False,False,10.0,0.0,0.0,27.121,40.184,33.926,0,0,0,0.0,100.35679999999999,0.20953448403582425,4.172105627494419,0,0,100.285,100.213,-0.07200000000000273,0.15200000000000102,0.945999999999998,0.050666666666667005,0.0,0.6380000000000052,0.2939021946158314,0.050666666666667005,0,0,2024,United States Grand Prix,0.0,20,0.0
ALO,36,0 days 00:01:40.213000,HARD,11.0,True,0 days 02:00:44.044000,28.9,14,47.2,0 days 00:00:26.883000,0 days 00:00:40.202000,0 days 00:00:33.128000,1,100.213,7244.044,2.118000000000393,True,False,False,11.0,0.0,0.0,26.883,40.202,33.128,0,0,0,0.0,100.56099999999999,0.4212499258161812,-0.8261129051257188,0,0,101.231,100.61,-0.6209999999999951,1.097999999999999,-1.0180000000000007,0.2103333333333334,0.0,-0.1599999999999966,0.33508103497512753,0.2103333333333334,0,0,2024,United States Grand Prix,0.0,20,0.0
ALO,37,0 days 00:01:40.610000,HARD,12.0,True,0 days 02:02:24.654000,28.9,14,47.1,0 days 00:00:26.908000,0 days 00:00:40.312000,0 days 00:00:33.390000,1,100.61,7344.654,2.3229999999994106,True,False,False,12.0,0.0,0.0,26.908,40.312,33.39,0,0,0,0.0,100.577,0.40200932825015073,0.08208764742759145,0,0,100.213,100.14,-0.07299999999999329,0.0,0.39700000000000557,-0.11433333333333451,0.0,0.26200000000000045,0.32041504334222587,-0.11433333333333451,0,0,2024,United States Grand Prix,0.0,20,0.0
ALO,38,0 days 00:01:40.140000,HARD,13.0,True,0 days 02:04:04.794000,29.0,14,47.1,0 days 00:00:26.903000,0 days 00:00:39.858000,0 days 00:00:33.379000,1,100.14,7444.794,3.1270000000004075,True,False,False,13.0,0.0,0.0,26.903,39.858,33.379,0,0,0,0.0,100.579,0.40217719975172306,-1.09155864696209,0,0,100.61,100.079,-0.5310000000000059,0.39700000000000557,-0.46999999999999886,0.10833333333333428,0.0,0.25099999999999767,0.29844563994134726,0.10833333333333428,0,0,2024,United States Grand Prix,0.0,20,0.0
ALO,39,0 days 00:01:40.079000,HARD,14.0,True,0 days 02:05:44.873000,29.0,14,46.9,0 days 00:00:26.871000,0 days 00:00:40.082000,0 days 00:00:33.126000,1,100.079,7544.873,3.8280000000004293,True,False,False,14.0,0.0,0.0,26.871,40.082,33.126,0,0,0,0.0,100.4958,0.44848823841896224,-0.9293443267750736,0,0,100.14,99.927,-0.21299999999999386,0.0,-0.06100000000000705,-0.36366666666666464,0.0,-0.0020000000000024443,0.285074551652722,-0.36366666666666464,0,0,2024,United States Grand Prix,0.0,20,0.0
ALO,40,0 days 00:01:39.927000,HARD,15.0,True,0 days 02:07:24.800000,28.9,14,47.4,0 days 00:00:26.852000,0 days 00:00:39.994000,0 days 00:00:33.081000,1,99.927,7644.8,4.601999999999862,True,False,False,15.0,0.0,0.0,26.852,39.994,33.081,0,0,0,0.0,100.4546,0.4809795213937384,-1.0969281986708324,0,0,100.079,101.035,0.9560000000000031,0.0,-0.1519999999999868,-0.04466666666666678,0.0,-0.0449999999999946,0.3035905136857882,-0.04466666666666678,0,0,2024,United States Grand Prix,0.0,20,0.0
ALO,41,0 days 00:01:41.035000,HARD,16.0,True,0 days 02:09:05.835000,28.9,13,47.4,0 days 00:00:27.960000,0 days 00:00:40.126000,0 days 00:00:32.949000,12,101.035,7745.835,3.2460000000000946,True,False,False,16.0,0.0,0.0,27.96,40.126,32.949,0,0,1,0.0,100.19380000000001,0.25536581603687186,3.2940979065049447,0,0,99.927,99.445,-0.48200000000001353,0.0,1.1079999999999899,-0.22766666666666424,0.0,-0.132000000000005,0.18744785941695685,-0.22766666666666424,0,0,2024,United States Grand Prix,0.0,20,0.0
ALO,42,0 days 00:01:39.445000,HARD,17.0,True,0 days 02:10:45.280000,29.0,13,46.4,0 days 00:00:26.675000,0 days 00:00:39.842000,0 days 00:00:32.928000,1,99.445,7845.28,3.01299999999992,True,False,False,17.0,0.0,0.0,26.675,39.842,32.928,0,0,0,0.0,100.3582,0.4563328828828359,-2.0011707116764335,1,0,101.035,99.554,-1.4809999999999945,1.1079999999999899,-1.5900000000000034,0.298333333333332,0.0,-0.021000000000000796,0.17943438912315582,0.298333333333332,0,0,2024,United States Grand Prix,0.0,20,0.0
ALO,43,0 days 00:01:39.554000,HARD,18.0,True,0 days 02:12:24.834000,29.0,13,46.4,0 days 00:00:26.539000,0 days 00:00:40.006000,0 days 00:00:33.009000,1,99.554,7944.834,2.8200000000006185,True,False,False,18.0,0.0,0.0,26.539,40.006,33.009,0,0,0,0.0,100.12519999999999,0.5770712261066093,-0.9898258207288708,0,1,99.445,99.452,0.007000000000005002,0.0,0.10900000000000887,-0.21133333333333346,0.0,0.08100000000000307,0.14350505217587264,-0.21133333333333346,0,0,2024,United States Grand Prix,0.0,20,0.0
ALO,44,0 days 00:01:39.452000,HARD,19.0,True,0 days 02:14:04.286000,29.0,13,46.5,0 days 00:00:26.603000,0 days 00:00:39.755000,0 days 00:00:33.094000,1,99.452,8044.286,2.7470000000002983,True,False,False,19.0,0.0,0.0,26.603,39.755,33.094,0,0,0,0.0,100.008,0.6303602144807327,-0.8820353620477294,0,0,99.554,99.999,0.4449999999999932,0.10900000000000887,-0.10200000000000387,-0.12433333333333489,0.0,0.16600000000000392,0.07684855236112337,-0.12433333333333489,0,0,2024,United States Grand Prix,0.0,20,0.0
ALO,45,0 days 00:01:39.999000,HARD,20.0,True,0 days 02:15:44.285000,29.1,13,47.0,0 days 00:00:26.727000,0 days 00:00:40.305000,0 days 00:00:32.967000,1,99.999,8144.285,2.4589999999998327,True,False,False,20.0,0.0,0.0,26.727,40.305,32.967,0,0,0,0.0,99.8826,0.6735883757905919,0.17280583243940312,0,0,99.452,99.54,0.08800000000000807,0.007000000000005002,0.546999999999997,-0.5276666666666662,0.0,0.03900000000000148,0.11567929806149678,-0.5276666666666662,0,0,2024,United States Grand Prix,0.0,20,0.0
ALO,46,0 days 00:01:39.540000,HARD,21.0,True,0 days 02:17:23.825000,29.1,13,46.8,0 days 00:00:26.765000,0 days 00:00:40.007000,0 days 00:00:32.768000,1,99.54,8243.825,2.6970000000001164,True,False,False,21.0,0.0,0.0,26.765,40.007,32.768,0,0,0,0.0,99.89699999999999,0.6755416345423911,-0.5284648373180068,0,0,99.999,99.533,-0.465999999999994,0.554000000000002,-0.458999999999989,0.18466666666666734,0.0,-0.19899999999999807,0.11176448451990804,0.18466666666666734,0,0,2024,United States Grand Prix,0.0,20,0.0
ALO,47,0 days 00:01:39.533000,HARD,22.0,True,0 days 02:19:03.358000,29.1,13,46.7,0 days 00:00:26.562000,0 days 00:00:40.165000,0 days 00:00:32.806000,1,99.533,8343.358,2.7950000000000728,True,False,False,22.0,0.0,0.0,26.562,40.165,32.806,0,0,0,0.0,99.598,0.2295789624513668,-0.2831269873595979,0,0,99.54,99.638,0.09799999999999898,0.09500000000001307,-0.007000000000005002,-0.0046666666666652645,0.0,0.0379999999999967,0.13675598707186537,-0.0046666666666652645,0,0,2024,United States Grand Prix,0.0,20,0.0
ALO,48,0 days 00:01:39.638000,HARD,23.0,True,0 days 02:20:42.996000,29.0,13,46.7,0 days 00:00:26.619000,0 days 00:00:40.036000,0 days 00:00:32.983000,1,99.638,8442.996,2.8540000000011787,True,False,False,23.0,0.0,0.0,26.619,40.036,32.983,0,0,0,0.0,99.6156,0.21799839449005798,0.10275305032591059,0,0,99.533,99.949,0.4159999999999968,0.08100000000000307,0.10500000000000398,0.027000000000001023,0.0,0.2149999999999963,0.13560789062587808,0.027000000000001023,0,0,2024,United States Grand Prix,0.0,20,0.0
ALO,49,0 days 00:01:39.949000,HARD,24.0,True,0 days 02:22:22.945000,29.0,13,47.0,0 days 00:00:26.661000,0 days 00:00:40.325000,0 days 00:00:32.963000,1,99.949,8542.945,2.3809999999994034,True,False,False,24.0,0.0,0.0,26.661,40.325,32.963,0,0,0,0.0,99.6324,0.21528423072821803,1.470613982868445,0,0,99.638,99.584,-0.054000000000002046,0.18600000000000705,0.31099999999999284,-0.12033333333333,0.0,0.19500000000000028,0.16041415149543284,-0.12033333333333,0,0,2024,United States Grand Prix,0.0,20,0.0
ALO,50,0 days 00:01:39.584000,HARD,25.0,True,0 days 02:24:02.529000,29.3,13,46.7,0 days 00:00:26.628000,0 days 00:00:40.080000,0 days 00:00:32.876000,1,99.584,8642.529,2.6599999999998545,True,False,False,25.0,0.0,0.0,26.628,40.08,32.876,0,0,0,0.0,99.7318,0.22565393858788388,-0.654985243886807,0,0,99.949,99.29,-0.6589999999999918,0.4159999999999968,-0.3649999999999949,0.13633333333333061,0.0,0.07000000000000028,0.16600240962106388,0.13633333333333061,0,0,2024,United States Grand Prix,0.0,20,0.0
ALO,51,0 days 00:01:39.290000,HARD,26.0,True,0 days 02:25:41.819000,29.2,13,46.5,0 days 00:00:26.607000,0 days 00:00:40.008000,0 days 00:00:32.675000,1,99.29,8741.819,2.8909999999996217,True,False,False,26.0,0.0,0.0,26.607,40.008,32.675,0,0,0,0.0,99.64880000000001,0.17297600989801484,-2.074276081472498,1,0,99.584,99.261,-0.3230000000000075,0.05100000000000193,-0.29399999999999693,0.017000000000000643,0.0,-0.2010000000000005,0.1657127031944127,0.017000000000000643,0,0,2024,United States Grand Prix,0.0,20,0.0
ALO,52,0 days 00:01:39.261000,HARD,27.0,True,0 days 02:27:21.080000,29.2,13,46.4,0 days 00:00:26.496000,0 days 00:00:40.023000,0 days 00:00:32.742000,1,99.261,8841.08,3.287000000000262,True,False,False,27.0,0.0,0.0,26.496,40.023,32.742,0,0,0,0.0,99.59880000000001,0.23668692401618655,-1.4272017831323633,0,1,99.29,99.729,0.43899999999999295,0.0,-0.029000000000010573,-0.11599999999999966,0.0,0.06700000000000017,0.16650615604235128,-0.11599999999999966,0,0,2024,United States Grand Prix,0.0,20,0.0
ALO,53,0 days 00:01:39.729000,HARD,28.0,True,0 days 02:29:00.809000,29.1,13,46.0,0 days 00:00:26.763000,0 days 00:00:40.015000,0 days 00:00:32.951000,1,99.729,8940.809,4.67200000000048,True,False,False,28.0,0.0,0.0,26.763,40.015,32.951,0,0,0,0.0,99.5444,0.28242928318474986,0.6536149436007594,0,0,99.261,101.67,2.409000000000006,0.0,0.4680000000000035,-0.22933333333333414,0.0,0.27600000000000335,0.16590418921775246,-0.22933333333333414,0,0,2024,United States Grand Prix,0.0,20,0.0
ALO,54,0 days 00:01:41.670000,HARD,29.0,True,0 days 02:30:42.479000,29.3,13,46.1,0 days 00:00:26.799000,0 days 00:00:40.022000,0 days 00:00:34.849000,1,101.67,9042.479,2.195000000001528,True,False,False,29.0,0.0,0.0,26.799,40.022,34.849,0,0,0,0.0,99.5626,0.2927136826324461,7.19952679030113,0,0,99.729,100.096,0.36700000000000443,0.4680000000000035,1.9410000000000025,0.04833333333333201,0.0,2.1739999999999995,0.18087371284960235,0.04833333333333201,0,0,2024,United States Grand Prix,0.0,20,0.0
BOT,2,0 days 00:01:43.075000,MEDIUM,2.0,True,0 days 01:00:45.011000,28.1,16,47.2,0 days 00:00:27.937000,0 days 00:00:40.497000,0 days 00:00:34.641000,12,103.075,3645.011,1.3699999999998909,False,True,False,2.0,0.0,0.0,27.937,40.497,34.641,0,0,1,0.0,100.00919999999999,0.9901205482163186,3.096390642051601,0,0,103.075,103.6,0.5249999999999915,3.814000000000007,0.0,0.278333333333336,0.0,1.6899999999999977,0.9365226639008792,0.0,0,0,2024,United States Grand Prix,0.0,20,0.0
BOT,6,0 days 00:01:43.600000,MEDIUM,6.0,True,0 days 01:09:44.091000,28.1,15,47.4,0 days 00:00:28.120000,0 days 00:00:41.377000,0 days 00:00:34.103000,1,103.6,4184.091,0.9859999999998763,False,True,False,6.0,0.0,0.0,28.12,41.377,34.103,0,0,0,0.0,,,0.0,0,0,103.075,102.18,-0.894999999999996,0.0,0.5249999999999915,0.0,0.0,0.0,0.0,0.0,0,1,2024,United States Grand Prix,0.0,20,0.0
BOT,7,0 days 00:01:42.180000,MEDIUM,7.0,True,0 days 01:11:26.271000,28.1,15,47.2,0 days 00:00:27.788000,0 days 00:00:40.256000,0 days 00:00:34.136000,1,102.18,4286.271,0.704000000000633,False,True,False,7.0,0.0,0.0,27.788,40.256,34.136,0,0,0,0.0,,,0.0,0,0,103.6,101.483,-2.1169999999999902,0.0,-1.4199999999999875,0.26249999999999574,0.0,0.03300000000000125,0.0,0.0,0,1,2024,United States Grand Prix,0.0,20,0.0
BOT,8,0 days 00:01:41.483000,MEDIUM,8.0,True,0 days 01:13:07.754000,28.0,15,46.9,0 days 00:00:27.396000,0 days 00:00:40.072000,0 days 00:00:34.015000,1,101.483,4387.754,0.7449999999998909,False,True,False,8.0,0.0,0.0,27.396,40.072,34.015,0,0,0,0.0,102.95166666666667,0.7179890899821011,-2.0455278320500336,1,0,102.18,102.031,-0.1490000000000009,0.0,-0.6970000000000027,-0.298333333333332,0.0,-0.08800000000000097,0.9663365528289459,-0.447499999999998,0,1,2024,United States Grand Prix,0.0,20,0.0
BOT,9,0 days 00:01:42.031000,MEDIUM,9.0,True,0 days 01:14:49.785000,28.1,15,46.7,0 days 00:00:27.285000,0 days 00:00:40.536000,0 days 00:00:34.210000,1,102.031,4489.785,0.6270000000004075,False,True,False,9.0,0.0,0.0,27.285,40.536,34.21,0,0,0,0.0,102.5845,0.9396369866425339,-0.5890572719766379,0,1,101.483,101.749,0.26599999999999113,0.0,0.5480000000000018,-0.5306666666666663,0.0,0.19500000000000028,0.8556920688347326,-0.5306666666666663,0,1,2024,United States Grand Prix,0.0,20,0.0
BOT,10,0 days 00:01:41.749000,MEDIUM,10.0,True,0 days 01:16:31.534000,28.2,14,47.0,0 days 00:00:27.503000,0 days 00:00:40.256000,0 days 00:00:33.990000,12,101.749,4591.534,0.8720000000002983,False,True,False,10.0,0.0,0.0,27.503,40.256,33.99,0,0,1,0.0,102.47380000000001,0.8505649299142287,-0.8521395304566639,0,0,102.031,102.3,0.26899999999999125,0.5480000000000018,-0.2820000000000107,-0.5229999999999961,0.0,-0.02499999999999858,0.7471910732871468,-0.5229999999999961,0,1,2024,United States Grand Prix,0.0,20,0.0
BOT,11,0 days 00:01:42.300000,MEDIUM,11.0,True,0 days 01:18:13.834000,28.2,14,47.0,0 days 00:00:27.449000,0 days 00:00:40.658000,0 days 00:00:34.193000,1,102.3,4693.834,0.73700000000008,False,True,False,11.0,0.0,0.0,27.449,40.658,34.193,0,0,0,0.0,102.2086,0.8225085409890904,0.11112346613456668,0,0,101.749,101.945,0.19599999999999795,0.26599999999999113,0.5510000000000019,-0.14366666666667052,0.0,0.20299999999999585,0.1058749262101278,-0.14366666666667052,0,1,2024,United States Grand Prix,0.0,20,0.0
BOT,12,0 days 00:01:41.945000,MEDIUM,12.0,True,0 days 01:19:55.779000,28.1,14,47.1,0 days 00:00:27.439000,0 days 00:00:40.527000,0 days 00:00:33.979000,1,101.945,4795.779,0.6289999999999054,False,True,False,12.0,0.0,0.0,27.439,40.527,33.979,0,0,0,0.0,101.9486,0.33182872087872256,-0.010848970488366968,0,0,102.3,102.677,0.37700000000000955,0.8169999999999931,-0.355000000000004,0.27233333333333104,0.0,-0.011000000000002785,0.13083118894208554,0.27233333333333104,0,1,2024,United States Grand Prix,0.0,20,0.0
BOT,13,0 days 00:01:42.677000,MEDIUM,13.0,True,0 days 01:21:38.456000,28.1,15,47.4,0 days 00:00:27.346000,0 days 00:00:40.817000,0 days 00:00:34.514000,1,102.677,4898.456,1.2139999999999418,False,True,False,13.0,0.0,0.0,27.346,40.817,34.514,0,0,0,0.0,101.9016,0.30653841521089903,2.5295361413887654,0,0,101.945,102.125,0.18000000000000682,0.4619999999999891,0.7320000000000135,-0.02866666666667091,0.0,0.5350000000000037,0.13482284672858594,-0.02866666666667091,0,0,2024,United States Grand Prix,0.0,20,0.0
BOT,14,0 days 00:01:42.125000,MEDIUM,14.0,True,0 days 01:23:20.581000,28.4,15,47.4,0 days 00:00:27.318000,0 days 00:00:40.896000,0 days 00:00:33.911000,1,102.125,5000.581,1.337999999999738,False,True,False,14.0,0.0,0.0,27.318,40.896,33.911,0,0,0,0.0,102.1404,0.3594284351578402,-0.04284580320763116,0,0,102.677,100.801,-1.8760000000000048,0.9280000000000115,-0.5520000000000067,0.3093333333333372,0.0,-0.06799999999999784,0.22654094552641185,0.3093333333333372,0,0,2024,United States Grand Prix,0.0,20,0.0
BOT,17,0 days 00:01:40.801000,HARD,2.0,True,0 days 01:28:45.748000,28.4,18,47.6,0 days 00:00:27.292000,0 days 00:00:40.388000,0 days 00:00:33.121000,1,100.801,5325.748,8.66400000000067,True,False,False,2.0,0.0,0.0,27.292,40.388,33.121,0,0,0,0.0,102.1592,0.35470297433206577,-3.829119286517392,1,0,102.125,100.762,-1.3629999999999995,0.3760000000000048,-1.323999999999998,-0.058333333333332384,0.0,-0.7899999999999991,0.2512035031602872,-0.058333333333332384,0,0,2024,United States Grand Prix,0.0,20,0.0
BOT,18,0 days 00:01:40.762000,HARD,3.0,True,0 days 01:30:26.510000,28.2,18,47.2,0 days 00:00:27.233000,0 days 00:00:40.232000,0 days 00:00:33.297000,1,100.762,5426.51,9.226999999999862,True,False,False,3.0,0.0,0.0,27.233,40.232,33.297,0,0,0,0.0,101.9696,0.7070995686606045,-1.7078217177920898,1,1,100.801,100.869,0.06799999999999784,0.0,-0.03900000000000148,-0.3813333333333304,0.0,0.17599999999999483,0.48806935982501515,-0.3813333333333304,0,0,2024,United States Grand Prix,0.0,20,0.0
BOT,19,0 days 00:01:40.869000,HARD,4.0,True,0 days 01:32:07.379000,28.3,18,47.2,0 days 00:00:27.322000,0 days 00:00:40.434000,0 days 00:00:33.113000,1,100.869,5527.379,9.710000000000036,True,False,False,4.0,0.0,0.0,27.322,40.434,33.113,0,0,0,0.0,101.662,0.8479392666930899,-0.9352084885662351,0,1,100.762,100.837,0.07500000000000284,0.0,0.10699999999999932,-0.6383333333333354,0.0,-0.008000000000002672,0.4850394829289674,-0.6383333333333354,0,0,2024,United States Grand Prix,0.0,20,0.0
BOT,20,0 days 00:01:40.837000,HARD,5.0,True,0 days 01:33:48.216000,28.5,18,47.1,0 days 00:00:27.181000,0 days 00:00:40.299000,0 days 00:00:33.357000,1,100.837,5628.216,10.730999999999767,True,False,False,5.0,0.0,0.0,27.181,40.299,33.357,0,0,0,0.0,101.44680000000001,0.893477587855463,-0.6825017306406724,0,0,100.869,100.92,0.05100000000000193,0.10699999999999932,-0.031999999999996476,-0.41866666666666674,0.0,0.24399999999999977,0.48507319035378577,-0.41866666666666674,0,0,2024,United States Grand Prix,0.0,20,0.0
BOT,21,0 days 00:01:40.920000,HARD,6.0,True,0 days 01:35:29.136000,28.5,18,47.4,0 days 00:00:27.187000,0 days 00:00:40.401000,0 days 00:00:33.332000,1,100.92,5729.136,11.245999999999185,True,False,False,6.0,0.0,0.0,27.187,40.401,33.332,0,0,0,0.0,101.0788,0.5862066188640361,-0.27089424597034656,0,0,100.837,100.998,0.16100000000000136,0.07500000000000284,0.08299999999999841,0.012000000000000455,0.0,0.2190000000000012,0.4121640450112053,0.012000000000000455,0,0,2024,United States Grand Prix,0.0,20,0.0
BOT,22,0 days 00:01:40.998000,HARD,7.0,True,0 days 01:37:10.134000,28.4,18,47.4,0 days 00:00:27.087000,0 days 00:00:40.416000,0 days 00:00:33.495000,1,100.998,5830.134,12.423999999999978,True,False,False,7.0,0.0,0.0,27.087,40.416,33.495,0,0,0,0.0,100.83779999999999,0.06089088601751786,2.63093560428615,0,0,100.92,101.138,0.21800000000000352,0.15800000000000125,0.07800000000000296,0.052666666666667084,0.0,0.3819999999999979,0.43519558821293125,0.052666666666667084,0,0,2024,United States Grand Prix,0.0,20,0.0
BOT,23,0 days 00:01:41.138000,HARD,8.0,True,0 days 01:38:51.272000,28.5,18,47.8,0 days 00:00:27.172000,0 days 00:00:40.585000,0 days 00:00:33.381000,1,101.138,5931.272,13.545000000000073,True,False,False,8.0,0.0,0.0,27.172,40.585,33.381,0,0,0,0.0,100.8772,0.08857031105285848,2.9445532808884303,0,0,100.998,101.147,0.1490000000000009,0.2360000000000042,0.14000000000000057,0.04300000000000163,0.0,0.04899999999999949,0.14073663346833393,0.04300000000000163,0,0,2024,United States Grand Prix,0.0,20,0.0
BOT,24,0 days 00:01:41.147000,HARD,9.0,True,0 days 01:40:32.419000,28.5,18,47.8,0 days 00:00:27.269000,0 days 00:00:40.533000,0 days 00:00:33.345000,1,101.147,6032.419,14.04700000000048,True,False,False,9.0,0.0,0.0,27.269,40.533,33.345,0,0,0,0.0,100.9524,0.120259303174448,1.6181700281243256,0,0,101.138,100.909,-0.2289999999999992,0.30100000000000193,0.009000000000000341,0.10033333333333398,0.0,0.012999999999998124,0.1572313581954951,0.10033333333333398,0,0,2024,United States Grand Prix,0.0,20,0.0
BOT,25,0 days 00:01:40.909000,HARD,10.0,True,0 days 01:42:13.328000,28.5,18,48.0,0 days 00:00:27.197000,0 days 00:00:40.464000,0 days 00:00:33.248000,1,100.909,6133.328,14.833999999999833,True,False,False,10.0,0.0,0.0,27.197,40.464,33.248,0,0,0,0.0,101.00800000000001,0.13537540396987427,-0.731299756800982,0,0,101.147,100.839,-0.30800000000000693,0.3100000000000023,-0.23799999999999955,0.07566666666666795,0.0,-0.09700000000000131,0.151212764011508,0.07566666666666795,0,0,2024,United States Grand Prix,0.0,20,0.0
BOT,26,0 days 00:01:40.839000,HARD,11.0,True,0 days 01:43:54.167000,28.4,18,47.6,0 days 00:00:27.198000,0 days 00:00:40.239000,0 days 00:00:33.402000,1,100.839,6234.167,15.358999999999469,True,False,False,11.0,0.0,0.0,27.198,40.239,33.402,0,0,0,0.0,101.0224,0.11492301771189066,-1.5958508891559526,1,0,100.909,100.869,-0.04000000000000625,0.0,-0.07000000000000739,-0.029666666666666213,0.0,0.15400000000000347,0.18827692370548235,-0.029666666666666213,0,0,2024,United States Grand Prix,0.0,20,0.0
BOT,27,0 days 00:01:40.869000,HARD,12.0,True,0 days 01:45:35.036000,28.5,17,47.5,0 days 00:00:27.115000,0 days 00:00:40.209000,0 days 00:00:33.545000,1,100.869,6335.036,15.676000000000386,True,False,False,12.0,0.0,0.0,27.115,40.209,33.545,0,0,0,0.0,101.0062,0.1366261322002767,-1.0042002784569,0,1,100.839,101.024,0.18500000000000227,0.0,0.030000000000001137,-0.09966666666666886,0.0,0.29700000000000415,0.1812586549657699,-0.09966666666666886,0,0,2024,United States Grand Prix,0.0,20,0.0
BOT,28,0 days 00:01:41.024000,HARD,13.0,True,0 days 01:47:16.060000,28.6,16,47.5,0 days 00:00:27.200000,0 days 00:00:40.365000,0 days 00:00:33.459000,1,101.024,6436.06,4.27599999999984,True,False,False,13.0,0.0,0.0,27.2,40.365,33.459,0,0,0,0.0,100.9804,0.15007931236518537,0.29051305814825923,0,0,100.869,101.298,0.42900000000000205,0.030000000000001137,0.15500000000000114,-0.0926666666666686,0.0,0.21100000000000563,0.14940950438309056,-0.0926666666666686,0,0,2024,United States Grand Prix,0.0,20,0.0
BOT,29,0 days 00:01:41.298000,HARD,14.0,True,0 days 01:48:57.358000,28.8,16,47.5,0 days 00:00:27.089000,0 days 00:00:40.538000,0 days 00:00:33.671000,1,101.298,6537.358,3.457999999999629,True,False,False,14.0,0.0,0.0,27.089,40.538,33.671,0,0,0,0.0,100.9576,0.1270425125696353,2.6794180397953036,0,0,101.024,101.185,0.16100000000000136,0.18500000000000227,0.2740000000000009,0.03833333333333163,0.0,0.26899999999999835,0.1574858723822583,0.03833333333333163,0,0,2024,United States Grand Prix,0.0,20,0.0
BOT,30,0 days 00:01:41.185000,HARD,15.0,True,0 days 01:50:38.543000,28.9,16,47.7,0 days 00:00:27.204000,0 days 00:00:40.413000,0 days 00:00:33.568000,1,101.185,6638.543,2.4830000000001746,True,False,False,15.0,0.0,0.0,27.204,40.413,33.568,0,0,0,0.0,100.9878,0.18708206755327345,1.054082855610171,0,0,101.298,101.374,0.0759999999999934,0.4590000000000032,-0.11299999999999955,0.15300000000000105,0.0,0.10899999999999466,0.15740457426644394,0.15300000000000105,0,0,2024,United States Grand Prix,0.0,20,0.0
BOT,31,0 days 00:01:41.374000,HARD,16.0,True,0 days 01:52:19.917000,28.8,16,47.4,0 days 00:00:27.283000,0 days 00:00:40.475000,0 days 00:00:33.616000,1,101.374,6739.917,1.2419999999992797,True,False,False,16.0,0.0,0.0,27.283,40.475,33.616,0,0,0,0.0,101.04299999999999,0.19839480839984563,1.6683904315323839,0,0,101.185,100.932,-0.2530000000000001,0.34600000000000364,0.18899999999999295,0.10533333333333417,0.0,0.15699999999999648,0.07805126520435353,0.10533333333333417,0,0,2024,United States Grand Prix,0.0,20,0.0
BOT,32,0 days 00:01:40.932000,HARD,17.0,True,0 days 01:54:00.849000,28.7,15,47.7,0 days 00:00:27.108000,0 days 00:00:40.347000,0 days 00:00:33.477000,1,100.932,6840.849,0.9099999999998545,True,False,False,17.0,0.0,0.0,27.108,40.347,33.477,0,0,0,0.0,101.15,0.20502560815668217,-1.0632818112818678,0,0,101.374,100.784,-0.5899999999999892,0.5049999999999955,-0.44199999999999307,0.11666666666666477,0.0,-0.09100000000000108,0.07754224654986798,0.11666666666666477,0,1,2024,United States Grand Prix,0.0,20,0.0
BOT,33,0 days 00:01:40.784000,HARD,18.0,True,0 days 01:55:41.633000,28.8,15,47.4,0 days 00:00:26.849000,0 days 00:00:40.089000,0 days 00:00:33.846000,1,100.784,6941.633,0.681999999999789,True,False,False,18.0,0.0,0.0,26.849,40.089,33.846,0,0,0,0.0,101.1626,0.18433068111417938,-2.05391743637879,1,0,100.932,101.938,1.0060000000000002,0.0,-0.14799999999999613,-0.12199999999999989,0.0,0.3689999999999998,0.13773888339898885,-0.12199999999999989,0,1,2024,United States Grand Prix,0.0,20,0.0
BOT,34,0 days 00:01:41.938000,HARD,19.0,True,0 days 01:57:23.571000,28.8,15,47.1,0 days 00:00:27.028000,0 days 00:00:40.717000,0 days 00:00:34.193000,1,101.938,7043.571,8.730999999999767,True,False,False,19.0,0.0,0.0,27.028,40.717,34.193,0,0,0,0.0,101.11460000000001,0.24925850035658595,3.3033978733806353,0,1,100.784,101.436,0.652000000000001,0.0,1.1539999999999964,-0.1336666666666654,0.0,0.7160000000000011,0.17402528551908825,-0.1336666666666654,0,0,2024,United States Grand Prix,0.0,20,0.0
BOT,35,0 days 00:01:41.436000,HARD,20.0,True,0 days 01:59:05.007000,28.8,15,47.0,0 days 00:00:27.381000,0 days 00:00:40.475000,0 days 00:00:33.580000,1,101.436,7145.007,7.304000000000087,True,False,False,20.0,0.0,0.0,27.381,40.475,33.58,0,0,0,0.0,101.24260000000001,0.4502641446973325,0.42952565128187226,0,0,101.938,101.155,-0.7830000000000013,1.1539999999999964,-0.5019999999999953,0.1880000000000024,0.0,0.10300000000000153,0.30663822331862184,0.1880000000000024,0,0,2024,United States Grand Prix,0.0,20,0.0
BOT,36,0 days 00:01:41.155000,HARD,21.0,True,0 days 02:00:46.162000,28.9,15,47.2,0 days 00:00:26.991000,0 days 00:00:40.665000,0 days 00:00:33.499000,1,101.155,7246.162,6.449999999999818,True,False,False,21.0,0.0,0.0,26.991,40.665,33.499,0,0,0,0.0,101.29280000000001,0.45618987275039674,-0.3020672054142898,0,0,101.436,100.815,-0.6210000000000093,0.652000000000001,-0.2810000000000059,0.16800000000000162,0.0,-0.08099999999999596,0.30734866194600635,0.16800000000000162,0,0,2024,United States Grand Prix,0.0,20,0.0
BOT,37,0 days 00:01:40.815000,HARD,22.0,True,0 days 02:02:26.977000,28.9,15,47.1,0 days 00:00:26.963000,0 days 00:00:40.336000,0 days 00:00:33.516000,1,100.815,7346.977,5.725000000000364,True,False,False,22.0,0.0,0.0,26.963,40.336,33.516,0,0,0,0.0,101.249,0.4569573284235865,-0.9497604546516689,0,0,101.155,100.944,-0.21099999999999852,0.3709999999999951,-0.3400000000000034,0.12366666666666504,0.0,0.016999999999995907,0.34198567221449466,0.12366666666666504,0,0,2024,United States Grand Prix,0.0,20,0.0
BOT,38,0 days 00:01:40.944000,HARD,23.0,True,0 days 02:04:07.921000,29.0,15,47.1,0 days 00:00:27.129000,0 days 00:00:40.365000,0 days 00:00:33.450000,1,100.944,7447.921,4.717999999999847,True,False,False,23.0,0.0,0.0,27.129,40.365,33.45,0,0,0,0.0,101.2256,0.47967937208099737,-0.5870588071743206,0,0,100.815,100.78,-0.03499999999999659,0.0309999999999917,0.1290000000000049,-0.3743333333333349,0.0,-0.04899999999999949,0.3215590148013269,-0.3743333333333349,0,0,2024,United States Grand Prix,0.0,20,0.0
BOT,39,0 days 00:01:40.780000,HARD,24.0,True,0 days 02:05:48.701000,29.0,15,46.9,0 days 00:00:27.166000,0 days 00:00:40.395000,0 days 00:00:33.219000,1,100.78,7548.701,3.57300000000032,True,False,False,24.0,0.0,0.0,27.166,40.395,33.219,0,0,0,0.0,101.2576,0.44708422025388367,-1.0682551035435401,0,0,100.944,100.701,-0.2430000000000092,0.1290000000000049,-0.16400000000000148,-0.16400000000000148,0.0,-0.23100000000000165,0.32894862820811405,-0.16400000000000148,0,0,2024,United States Grand Prix,0.0,20,0.0
BOT,40,0 days 00:01:40.701000,HARD,25.0,True,0 days 02:07:29.402000,28.9,15,47.4,0 days 00:00:27.034000,0 days 00:00:40.315000,0 days 00:00:33.352000,1,100.701,7649.402,2.594000000000051,True,False,False,25.0,0.0,0.0,27.034,40.315,33.352,0,0,0,0.0,101.026,0.27225998604276075,-1.1937119542383243,0,0,100.78,101.258,0.47799999999999443,0.0,-0.07900000000000773,-0.125,0.0,0.13299999999999557,0.12410157130350942,-0.125,0,0,2024,United States Grand Prix,0.0,20,0.0
BOT,41,0 days 00:01:41.258000,HARD,26.0,True,0 days 02:09:10.660000,28.9,15,47.4,0 days 00:00:27.414000,0 days 00:00:40.286000,0 days 00:00:33.558000,12,101.258,7750.66,2.4899999999997817,True,False,False,26.0,0.0,0.0,27.414,40.286,33.558,0,0,1,0.0,100.87899999999999,0.1774697157263499,2.135575630179097,0,0,100.701,101.243,0.5420000000000016,0.0,0.5570000000000022,-0.03800000000000144,0.0,0.33899999999999864,0.13360089820057172,-0.03800000000000144,0,0,2024,United States Grand Prix,0.0,20,0.0
BOT,42,0 days 00:01:41.243000,HARD,27.0,True,0 days 02:10:51.903000,29.0,15,46.4,0 days 00:00:27.348000,0 days 00:00:40.401000,0 days 00:00:33.494000,1,101.243,7851.903,1.324999999999818,True,False,False,27.0,0.0,0.0,27.348,40.401,33.494,0,0,0,0.0,100.89959999999999,0.21870368081034638,1.5701610449702001,0,0,101.258,100.696,-0.5619999999999976,0.5570000000000022,-0.015000000000000568,0.10466666666666431,0.0,0.2749999999999986,0.21208771770189766,0.10466666666666431,0,0,2024,United States Grand Prix,0.0,20,0.0
BOT,43,0 days 00:01:40.696000,HARD,28.0,True,0 days 02:12:32.599000,29.0,15,46.4,0 days 00:00:27.216000,0 days 00:00:40.228000,0 days 00:00:33.252000,1,100.696,7952.599,0.8760000000002037,True,False,False,28.0,0.0,0.0,27.216,40.228,33.252,0,0,0,0.0,100.98519999999999,0.25761152924510866,-1.1226205630138155,0,0,101.243,101.717,0.47400000000000375,0.5420000000000016,-0.546999999999997,0.1543333333333313,0.0,-0.09999999999999432,0.23472281525237346,0.1543333333333313,0,1,2024,United States Grand Prix,0.0,20,0.0
BOT,44,0 days 00:01:41.717000,HARD,29.0,True,0 days 02:14:14.316000,29.0,15,46.5,0 days 00:00:27.230000,0 days 00:00:40.556000,0 days 00:00:33.931000,1,101.717,8054.316,0.43400000000019645,True,False,False,29.0,0.0,0.0,27.23,40.556,33.931,0,0,0,0.0,100.9356,0.28943617603885946,2.699731632355089,0,0,100.696,105.416,4.719999999999999,0.0,1.0210000000000008,-0.0016666666666651508,0.0,0.6789999999999949,0.24340542311131713,-0.0016666666666651508,0,1,2024,United States Grand Prix,0.0,20,0.0
BOT,45,0 days 00:01:45.416000,HARD,30.0,True,0 days 02:15:59.732000,29.1,17,47.0,0 days 00:00:27.868000,0 days 00:00:40.845000,0 days 00:00:36.703000,1,105.416,8159.732,0.8400000000001455,True,False,False,30.0,0.0,0.0,27.868,40.845,36.703,0,0,0,0.0,101.123,0.43181998564219043,9.941642681534447,0,0,101.717,103.225,1.5079999999999956,1.0210000000000008,3.698999999999998,0.15300000000000105,0.0,3.4510000000000005,0.28619084541612816,0.15300000000000105,0,1,2024,United States Grand Prix,0.0,20,0.0
BOT,46,0 days 00:01:43.225000,HARD,31.0,True,0 days 02:17:42.957000,29.1,18,46.8,0 days 00:00:27.274000,0 days 00:00:40.720000,0 days 00:00:35.231000,1,103.225,8262.957,29.09599999999955,True,False,False,31.0,0.0,0.0,27.274,40.72,35.231,0,0,0,0.0,102.066,1.9073144732843963,0.6076606748567233,0,0,105.416,101.064,-4.352000000000004,4.719999999999999,-2.1910000000000025,1.3910000000000007,0.0,1.9789999999999992,1.436805553998174,1.3910000000000007,0,0,2024,United States Grand Prix,0.0,20,0.0
BOT,47,0 days 00:01:41.064000,HARD,32.0,True,0 days 02:19:24.021000,29.1,18,46.8,0 days 00:00:27.223000,0 days 00:00:40.428000,0 days 00:00:33.413000,1,101.064,8364.021,27.656999999999243,True,False,False,32.0,0.0,0.0,27.223,40.428,33.413,0,0,0,0.0,102.4594,1.901840766205253,-0.7337102163312305,0,0,103.225,101.07,-2.155000000000001,2.5289999999999964,-2.1610000000000014,0.8429999999999988,0.0,-0.5180000000000007,1.4555734952244763,0.8429999999999988,0,0,2024,United States Grand Prix,0.0,20,0.0
BOT,48,0 days 00:01:41.070000,HARD,33.0,True,0 days 02:21:05.091000,29.0,18,46.7,0 days 00:00:27.426000,0 days 00:00:40.471000,0 days 00:00:33.173000,1,101.07,8465.091,26.806000000000495,True,False,False,33.0,0.0,0.0,27.426,40.471,33.173,0,0,0,0.0,102.4236,1.9319094958098277,-0.7006539400193751,0,0,101.064,103.447,2.3830000000000098,0.367999999999995,0.006000000000000227,-0.2176666666666686,0.0,-0.23999999999999488,1.6228825280962265,-0.2176666666666686,0,0,2024,United States Grand Prix,0.0,20,0.0
BOT,49,0 days 00:01:43.447000,HARD,34.0,True,0 days 02:22:48.538000,29.0,18,47.0,0 days 00:00:29.421000,0 days 00:00:40.552000,0 days 00:00:33.474000,1,103.447,8568.538,23.59900000000016,True,False,False,34.0,0.0,0.0,29.421,40.552,33.474,0,0,0,0.0,102.49839999999999,1.8539655606294834,0.5116599898856437,0,0,101.07,101.045,-0.024999999999991473,0.006000000000000227,2.3770000000000095,-1.4486666666666679,0.0,0.3009999999999948,1.649709580501974,-1.4486666666666679,0,0,2024,United States Grand Prix,0.0,20,0.0
BOT,50,0 days 00:01:41.045000,HARD,35.0,True,0 days 02:24:29.583000,29.3,18,46.4,0 days 00:00:27.114000,0 days 00:00:40.313000,0 days 00:00:33.618000,1,101.045,8669.583,22.516999999999825,True,False,False,35.0,0.0,0.0,27.114,40.313,33.618,0,0,0,0.0,102.8444,1.8329913529529371,-0.9816740254127058,0,0,103.447,102.931,-0.5160000000000053,2.3830000000000098,-2.402000000000001,0.0740000000000028,0.0,0.4450000000000003,1.680492576597707,0.0740000000000028,0,0,2024,United States Grand Prix,0.0,20,0.0
BOT,51,0 days 00:01:42.931000,HARD,36.0,True,0 days 02:26:12.514000,29.2,18,46.5,0 days 00:00:28.718000,0 days 00:00:40.675000,0 days 00:00:33.538000,1,102.931,8772.514,18.98400000000038,True,False,False,36.0,0.0,0.0,28.718,40.675,33.538,0,0,0,0.0,101.9702,1.2493012847188363,0.7690698887068114,0,0,101.045,100.658,-0.38700000000000045,0.0,1.8859999999999957,-0.006333333333330415,0.0,0.3649999999999949,0.9691714502604782,-0.006333333333330415,0,0,2024,United States Grand Prix,0.0,20,0.0
BOT,52,0 days 00:01:40.658000,HARD,37.0,True,0 days 02:27:53.172000,29.2,17,46.4,0 days 00:00:27.149000,0 days 00:00:40.229000,0 days 00:00:33.280000,1,100.658,8873.172,18.009000000000015,True,False,False,37.0,0.0,0.0,27.149,40.229,33.28,0,0,0,0.0,101.9114,1.1805021389223025,-1.06175157051748,0,0,102.931,100.575,-2.3559999999999945,1.8859999999999957,-2.272999999999996,0.6203333333333347,0.0,-0.1939999999999955,0.42510386966010844,0.6203333333333347,0,0,2024,United States Grand Prix,0.0,20,0.0
BOT,53,0 days 00:01:40.575000,HARD,38.0,True,0 days 02:29:33.747000,29.3,17,46.0,0 days 00:00:27.211000,0 days 00:00:40.175000,0 days 00:00:33.189000,1,100.575,8973.747,9.243000000000393,True,False,False,38.0,0.0,0.0,27.211,40.175,33.189,0,0,0,0.0,101.83019999999999,1.2643475392470684,-0.9927650120215142,0,0,100.658,100.679,0.021000000000000796,0.0,-0.08299999999999841,-0.9296666666666672,0.0,-0.09100000000000108,0.3261216030869431,-0.9296666666666672,0,0,2024,United States Grand Prix,0.0,20,0.0
BOT,54,0 days 00:01:40.679000,HARD,39.0,True,0 days 02:31:14.426000,29.3,17,46.1,0 days 00:00:27.162000,0 days 00:00:40.375000,0 days 00:00:33.142000,1,100.679,9074.426,8.557000000000698,True,False,False,39.0,0.0,0.0,27.162,40.375,33.142,0,0,0,0.0,101.7312,1.3548908443118575,-0.7765939259368208,0,0,100.575,100.708,0.13299999999999557,0.0,0.1039999999999992,-0.1566666666666663,0.0,-0.046999999999997044,0.2877988881145979,-0.1566666666666663,0,0,2024,United States Grand Prix,0.0,20,0.0
COL,2,0 days 00:01:43.005000,HARD,2.0,True,0 days 01:00:44.159000,28.1,15,47.2,0 days 00:00:28.295000,0 days 00:00:40.542000,0 days 00:00:34.168000,12,103.005,3644.159,0.8519999999998618,True,False,False,2.0,0.0,0.0,28.295,40.542,34.168,0,0,1,0.0,101.11019999999999,1.019060204305913,1.8593602144345942,0,0,103.005,103.338,0.3329999999999984,2.4299999999999926,0.0,0.01666666666666572,0.0,1.0259999999999962,0.21432848620750067,0.0,0,1,2024,United States Grand Prix,0.0,20,0.0
COL,6,0 days 00:01:43.338000,HARD,6.0,True,0 days 01:09:43.444000,28.1,14,47.4,0 days 00:00:28.097000,0 days 00:00:41.240000,0 days 00:00:34.001000,1,103.338,4183.444,0.6469999999999345,True,False,False,6.0,0.0,0.0,28.097,41.24,34.001,0,0,0,0.0,,,0.0,0,0,103.005,102.278,-0.7269999999999897,0.0,0.3329999999999984,0.0,0.0,0.0,0.0,0.0,0,1,2024,United States Grand Prix,0.0,20,0.0
COL,7,0 days 00:01:42.278000,HARD,7.0,True,0 days 01:11:25.722000,28.1,14,47.2,0 days 00:00:27.881000,0 days 00:00:40.308000,0 days 00:00:34.089000,1,102.278,4285.722,0.5489999999999782,True,False,False,7.0,0.0,0.0,27.881,40.308,34.089,0,0,0,0.0,,,0.0,0,0,103.338,101.451,-1.8870000000000005,0.0,-1.059999999999988,0.1664999999999992,0.0,0.08800000000000097,0.0,0.0,0,1,2024,United States Grand Prix,0.0,20,0.0
COL,8,0 days 00:01:41.451000,HARD,8.0,True,0 days 01:13:07.173000,28.0,14,46.9,0 days 00:00:27.422000,0 days 00:00:40.273000,0 days 00:00:33.756000,1,101.451,4387.173,0.581000000000131,True,False,False,8.0,0.0,0.0,27.422,40.273,33.756,0,0,0,0.0,102.87366666666667,0.5420667240601718,-2.624523150970524,1,0,102.278,101.98,-0.2980000000000018,0.0,-0.8270000000000124,-0.24233333333332988,0.0,-0.24499999999999744,0.5686627588767622,-0.3634999999999948,0,1,2024,United States Grand Prix,0.0,20,0.0
COL,9,0 days 00:01:41.980000,HARD,9.0,True,0 days 01:14:49.153000,28.1,14,46.7,0 days 00:00:27.347000,0 days 00:00:40.595000,0 days 00:00:34.038000,1,101.98,4489.153,0.6319999999996071,True,False,False,9.0,0.0,0.0,27.347,40.595,34.038,0,0,0,0.0,102.518,0.83778636895094,-0.6421684810576113,0,1,101.451,101.702,0.2510000000000048,0.0,0.5290000000000106,-0.5180000000000007,0.0,0.2819999999999965,0.5572715525965151,-0.5180000000000007,0,1,2024,United States Grand Prix,0.0,20,0.0
COL,10,0 days 00:01:41.702000,HARD,10.0,True,0 days 01:16:30.855000,28.2,13,47.0,0 days 00:00:27.437000,0 days 00:00:40.423000,0 days 00:00:33.842000,12,101.702,4590.855,0.6790000000000873,True,False,False,10.0,0.0,0.0,27.437,40.423,33.842,0,0,1,0.0,102.41040000000001,0.7643973443177304,-0.9267431464355758,0,0,101.98,102.239,0.25900000000000034,0.5290000000000106,-0.2780000000000058,-0.4526666666666633,0.0,0.08599999999999852,0.48347926532582325,-0.4526666666666633,0,1,2024,United States Grand Prix,0.0,20,0.0
COL,11,0 days 00:01:42.239000,HARD,11.0,True,0 days 01:18:13.094000,28.2,13,47.0,0 days 00:00:27.397000,0 days 00:00:40.543000,0 days 00:00:34.299000,1,102.239,4693.094,0.7399999999997817,True,False,False,11.0,0.0,0.0,27.397,40.543,34.299,0,0,0,0.0,102.1498,0.7324501348214757,0.12178303444745288,0,0,101.702,101.886,0.1839999999999975,0.2510000000000048,0.5370000000000061,-0.19200000000000253,0.0,0.5429999999999993,0.19090887878775897,-0.19200000000000253,0,1,2024,United States Grand Prix,0.0,20,0.0
COL,12,0 days 00:01:41.886000,HARD,12.0,True,0 days 01:19:54.980000,28.1,13,47.1,0 days 00:00:27.609000,0 days 00:00:40.395000,0 days 00:00:33.882000,1,101.886,4794.98,0.7990000000008877,True,False,False,12.0,0.0,0.0,27.609,40.395,33.882,0,0,0,0.0,101.93,0.35373365686629515,-0.12438737209742622,0,0,102.239,101.766,-0.472999999999999,0.7880000000000109,-0.35300000000000864,0.2626666666666703,0.0,0.03999999999999915,0.289756276894909,0.2626666666666703,0,1,2024,United States Grand Prix,0.0,20,0.0
COL,13,0 days 00:01:41.766000,HARD,13.0,True,0 days 01:21:36.746000,28.1,13,47.4,0 days 00:00:27.431000,0 days 00:00:40.545000,0 days 00:00:33.790000,1,101.766,4896.746,0.9619999999995343,True,False,False,13.0,0.0,0.0,27.431,40.545,33.79,0,0,0,0.0,101.8516,0.29606131121779755,-0.2891293011163752,0,0,101.886,102.97,1.0840000000000032,0.4350000000000023,-0.11999999999999034,-0.0313333333333361,0.0,-0.0519999999999996,0.29313256386829367,-0.0313333333333361,0,1,2024,United States Grand Prix,0.0,20,0.0
COL,14,0 days 00:01:42.970000,HARD,14.0,True,0 days 01:23:19.716000,28.4,14,47.4,0 days 00:00:27.409000,0 days 00:00:41.340000,0 days 00:00:34.221000,1,102.97,4999.716,0.8649999999997817,True,False,False,14.0,0.0,0.0,27.409,41.34,34.221,0,0,0,0.0,101.9146,0.21071971905827686,5.0085488188607705,0,0,101.766,101.801,0.03499999999999659,0.06400000000000716,1.2039999999999935,0.02133333333333572,0.0,0.4309999999999974,0.23687169522760593,0.02133333333333572,0,1,2024,United States Grand Prix,0.0,20,0.0
COL,15,0 days 00:01:41.801000,HARD,15.0,True,0 days 01:25:01.517000,28.4,14,47.5,0 days 00:00:27.178000,0 days 00:00:40.766000,0 days 00:00:33.857000,1,101.801,5101.517,2.5770000000002256,True,False,False,15.0,0.0,0.0,27.178,40.766,33.857,0,0,0,0.0,102.1126,0.5222985736147454,-0.5965936262154891,0,0,102.97,101.956,-1.0139999999999958,1.2680000000000007,-1.168999999999997,0.24366666666666484,0.0,0.06700000000000017,0.26107910678566326,0.24366666666666484,0,0,2024,United States Grand Prix,0.0,20,0.0
COL,16,0 days 00:01:41.956000,HARD,16.0,True,0 days 01:26:43.473000,28.4,14,47.8,0 days 00:00:27.387000,0 days 00:00:40.718000,0 days 00:00:33.851000,1,101.956,5203.473,2.5270000000000437,True,False,False,16.0,0.0,0.0,27.387,40.718,33.851,0,0,0,0.0,102.13239999999999,0.504411835705703,-0.3497142364893012,0,0,101.801,101.523,-0.2780000000000058,0.03499999999999659,0.15500000000000114,-0.02833333333333125,0.0,0.06099999999999994,0.26345530930311434,-0.02833333333333125,0,0,2024,United States Grand Prix,0.0,20,0.0
COL,17,0 days 00:01:41.523000,HARD,17.0,True,0 days 01:28:24.996000,28.4,14,47.6,0 days 00:00:27.303000,0 days 00:00:40.507000,0 days 00:00:33.713000,1,101.523,5304.996,2.8350000000000364,True,False,False,17.0,0.0,0.0,27.303,40.507,33.713,0,0,0,0.0,102.0758,0.5053367194257675,-1.093924068348272,0,0,101.956,101.427,-0.5289999999999964,0.18999999999999773,-0.43300000000000693,0.06333333333333258,0.0,-0.13799999999999812,0.18603306157777344,0.06333333333333258,0,0,2024,United States Grand Prix,0.0,20,0.0
COL,18,0 days 00:01:41.427000,HARD,18.0,True,0 days 01:30:06.423000,28.3,13,47.6,0 days 00:00:27.345000,0 days 00:00:40.341000,0 days 00:00:33.741000,1,101.427,5406.423,3.0770000000002256,True,False,False,18.0,0.0,0.0,27.345,40.341,33.741,0,0,0,0.0,102.0032,0.5622879155735042,-1.024741923205492,0,0,101.523,101.01,-0.512999999999991,0.0,-0.09599999999998943,-0.4823333333333342,0.0,0.027999999999998693,0.2170753325460988,-0.4823333333333342,0,0,2024,United States Grand Prix,0.0,20,0.0
COL,19,0 days 00:01:41.010000,HARD,19.0,True,0 days 01:31:47.433000,28.3,11,47.2,0 days 00:00:27.221000,0 days 00:00:40.193000,0 days 00:00:33.596000,1,101.01,5507.433,3.5839999999998327,True,False,False,19.0,0.0,0.0,27.221,40.193,33.596,0,0,0,0.0,101.9354,0.615919881153379,-1.502468142880988,1,0,101.427,101.123,-0.30400000000000205,0.0,-0.4170000000000016,-0.12466666666666508,0.0,-0.11700000000000443,0.20825393153551616,-0.12466666666666508,0,0,2024,United States Grand Prix,0.0,20,0.0
COL,20,0 days 00:01:41.123000,HARD,20.0,True,0 days 01:33:28.556000,28.5,11,47.1,0 days 00:00:27.221000,0 days 00:00:40.126000,0 days 00:00:33.776000,1,101.123,5608.556,3.8880000000008295,True,False,False,20.0,0.0,0.0,27.221,40.126,33.776,0,0,0,0.0,101.54339999999999,0.36574485642313537,-1.1494351666660758,0,1,101.01,101.087,0.07699999999999818,0.0,0.11299999999999955,-0.31533333333333263,0.0,0.18000000000000682,0.09970807389574904,-0.31533333333333263,0,0,2024,United States Grand Prix,0.0,20,0.0
COL,21,0 days 00:01:41.087000,HARD,21.0,True,0 days 01:35:09.643000,28.4,11,47.3,0 days 00:00:27.116000,0 days 00:00:39.957000,0 days 00:00:34.014000,1,101.087,5709.643,4.046999999999571,True,False,False,21.0,0.0,0.0,27.116,39.957,34.014,0,0,0,0.0,101.4078,0.371994220385177,-0.8623789898343657,0,0,101.123,101.25,0.12699999999999534,0.11299999999999955,-0.036000000000001364,-0.1333333333333305,0.0,0.41800000000000637,0.1319079224307653,-0.1333333333333305,0,0,2024,United States Grand Prix,0.0,20,0.0
COL,22,0 days 00:01:41.250000,HARD,22.0,True,0 days 01:36:50.893000,28.4,10,47.4,0 days 00:00:27.083000,0 days 00:00:40.084000,0 days 00:00:34.083000,1,101.25,5810.893,0.6760000000003856,True,False,False,22.0,0.0,0.0,27.083,40.084,34.083,0,0,0,0.0,101.23400000000001,0.22631615055044552,0.07069756162375498,0,0,101.087,101.312,0.22499999999999432,0.07699999999999818,0.1629999999999967,-0.11333333333333447,0.0,0.4870000000000019,0.23082070964279133,-0.11333333333333447,0,1,2024,United States Grand Prix,0.0,20,0.0
COL,23,0 days 00:01:41.312000,HARD,23.0,True,0 days 01:38:32.205000,28.5,10,47.8,0 days 00:00:27.183000,0 days 00:00:40.313000,0 days 00:00:33.816000,1,101.312,5912.205,1.1300000000001091,True,False,False,23.0,0.0,0.0,27.183,40.313,33.816,0,0,0,0.0,101.17940000000002,0.16332880946107434,0.8118592209023874,0,0,101.25,101.227,-0.022999999999996135,0.23999999999999488,0.06199999999999761,0.0799999999999983,0.0,0.03999999999999915,0.25512879100564445,0.0799999999999983,0,0,2024,United States Grand Prix,0.0,20,0.0
COL,24,0 days 00:01:41.227000,HARD,24.0,True,0 days 01:40:13.432000,28.4,10,47.7,0 days 00:00:27.137000,0 days 00:00:40.372000,0 days 00:00:33.718000,1,101.227,6013.432,1.7820000000001528,True,False,False,24.0,0.0,0.0,27.137,40.372,33.718,0,0,0,0.0,101.1564,0.12281815826648267,0.5748335669292134,0,0,101.312,100.756,-0.5559999999999974,0.3019999999999925,-0.08499999999999375,0.06299999999999766,0.0,-0.09799999999999898,0.2531645709810157,0.06299999999999766,0,0,2024,United States Grand Prix,0.0,20,0.0
COL,25,0 days 00:01:40.756000,HARD,25.0,True,0 days 01:41:54.188000,28.5,10,48.0,0 days 00:00:27.197000,0 days 00:00:40.071000,0 days 00:00:33.488000,1,100.756,6114.188,2.6400000000003274,True,False,False,25.0,0.0,0.0,27.197,40.071,33.488,0,0,0,0.0,101.19980000000001,0.09283156790645318,-4.780701328315704,1,0,101.227,100.9,-0.3269999999999982,0.14000000000000057,-0.47100000000000364,0.046666666666666856,0.0,-0.23000000000000398,0.2472605912797283,0.046666666666666856,0,0,2024,United States Grand Prix,0.0,20,0.0
COL,26,0 days 00:01:40.900000,HARD,26.0,True,0 days 01:43:35.088000,28.4,10,47.6,0 days 00:00:27.138000,0 days 00:00:40.214000,0 days 00:00:33.548000,1,100.9,6215.088,5.02100000000064,True,False,False,26.0,0.0,0.0,27.138,40.214,33.548,0,0,0,0.0,101.12639999999999,0.22281898482842838,-1.016071409598751,0,1,100.756,100.451,-0.3050000000000068,0.0,0.14400000000000546,-0.1646666666666666,0.0,0.060000000000002274,0.3161721050314243,-0.1646666666666666,0,0,2024,United States Grand Prix,0.0,20,0.0
COL,27,0 days 00:01:40.451000,HARD,27.0,True,0 days 01:45:15.539000,28.5,9,47.3,0 days 00:00:26.955000,0 days 00:00:40.026000,0 days 00:00:33.470000,1,100.451,6315.539,4.695999999999913,True,False,False,27.0,0.0,0.0,26.955,40.026,33.47,0,0,0,0.0,101.089,0.24561351754325508,-2.5975769020434587,1,0,100.9,100.205,-0.6950000000000074,0.14400000000000546,-0.4490000000000123,-0.13733333333333064,0.0,-0.018000000000000682,0.26993369556244917,-0.13733333333333064,0,0,2024,United States Grand Prix,0.0,20,0.0
COL,28,0 days 00:01:40.205000,HARD,28.0,True,0 days 01:46:55.744000,28.6,8,47.5,0 days 00:00:26.835000,0 days 00:00:40.100000,0 days 00:00:33.270000,1,100.205,6415.744,4.960000000000036,True,False,False,28.0,0.0,0.0,26.835,40.1,33.27,0,0,0,0.0,100.9292,0.35169119977612673,-2.0591928386635616,1,1,100.451,100.542,0.09100000000000819,0.0,-0.2459999999999951,-0.25866666666667015,0.0,-0.19999999999999574,0.11824212447347393,-0.25866666666667015,0,0,2024,United States Grand Prix,0.0,20,0.0
COL,29,0 days 00:01:40.542000,HARD,29.0,True,0 days 01:48:36.286000,28.8,8,47.5,0 days 00:00:26.897000,0 days 00:00:40.095000,0 days 00:00:33.550000,1,100.542,6516.286,3.868999999999687,True,False,False,29.0,0.0,0.0,26.897,40.095,33.55,0,0,0,0.0,100.70779999999999,0.39610188083366576,-0.4185791787987349,0,1,100.205,100.366,0.16100000000000136,0.0,0.3370000000000033,-0.1836666666666673,0.0,0.27999999999999403,0.12164374213250877,-0.1836666666666673,0,0,2024,United States Grand Prix,0.0,20,0.0
COL,30,0 days 00:01:40.366000,HARD,30.0,True,0 days 01:50:16.652000,29.0,8,47.7,0 days 00:00:26.895000,0 days 00:00:40.015000,0 days 00:00:33.456000,1,100.366,6616.652,3.1359999999995125,True,False,False,30.0,0.0,0.0,26.895,40.015,33.456,0,0,0,0.0,100.57079999999999,0.27002907250880126,-0.7584368531033504,0,0,100.542,100.535,-0.007000000000005002,0.3370000000000033,-0.17600000000000193,-0.11933333333333469,0.0,0.18599999999999994,0.20790093794882053,-0.11933333333333469,0,0,2024,United States Grand Prix,0.0,20,0.0
COL,31,0 days 00:01:40.535000,HARD,31.0,True,0 days 01:51:57.187000,28.9,8,47.7,0 days 00:00:26.892000,0 days 00:00:40.362000,0 days 00:00:33.281000,1,100.535,6717.187,2.2830000000003565,True,False,False,31.0,0.0,0.0,26.892,40.362,33.281,0,0,0,0.0,100.49279999999999,0.2592714793415613,0.16276375676637547,0,0,100.366,100.27,-0.09600000000000364,0.16100000000000136,0.16899999999999693,-0.02833333333333125,0.0,0.01099999999999568,0.18570621960504957,-0.02833333333333125,0,0,2024,United States Grand Prix,0.0,20,0.0
COL,32,0 days 00:01:40.270000,HARD,32.0,True,0 days 01:53:37.457000,28.7,8,47.7,0 days 00:00:26.880000,0 days 00:00:39.976000,0 days 00:00:33.414000,1,100.27,6817.457,1.3909999999996217,True,False,False,32.0,0.0,0.0,26.88,39.976,33.414,0,0,0,0.0,100.4198,0.13983096938789405,-1.0712934384689181,0,0,100.535,100.238,-0.29699999999999704,0.3299999999999983,-0.26500000000000057,0.10999999999999943,0.0,0.13300000000000267,0.1870994388019349,0.10999999999999943,0,0,2024,United States Grand Prix,0.0,20,0.0
COL,33,0 days 00:01:40.238000,HARD,33.0,True,0 days 01:55:17.695000,28.8,8,47.4,0 days 00:00:26.883000,0 days 00:00:40.112000,0 days 00:00:33.243000,1,100.238,6917.695,0.8720000000002983,True,False,False,33.0,0.0,0.0,26.883,40.112,33.243,0,0,0,0.0,100.3836,0.15258210904282893,-0.954240316334418,0,0,100.27,100.306,0.036000000000001364,0.06499999999999773,-0.031999999999996476,-0.09066666666666852,0.0,-0.0379999999999967,0.18519314242163265,-0.09066666666666852,0,1,2024,United States Grand Prix,0.0,20,0.0
COL,34,0 days 00:01:40.306000,HARD,34.0,True,0 days 01:56:58.001000,28.8,8,47.1,0 days 00:00:26.824000,0 days 00:00:40.259000,0 days 00:00:33.223000,1,100.306,7018.001,0.7659999999996217,True,False,False,34.0,0.0,0.0,26.824,40.259,33.223,0,0,0,0.0,100.3902,0.14336038504397947,-0.587331011800541,0,0,100.238,100.195,-0.043000000000006366,0.0,0.06799999999999784,-0.04266666666666671,0.0,-0.020000000000003126,0.1292412472858398,-0.04266666666666671,0,1,2024,United States Grand Prix,0.0,20,0.0
COL,35,0 days 00:01:40.195000,HARD,35.0,True,0 days 01:58:38.196000,28.8,8,47.0,0 days 00:00:26.768000,0 days 00:00:39.918000,0 days 00:00:33.509000,1,100.195,7118.196,0.6760000000003856,True,False,False,35.0,0.0,0.0,26.768,39.918,33.509,0,0,0,0.0,100.343,0.11738398527890243,-1.2608193498317914,0,0,100.306,100.026,-0.28000000000000114,0.06799999999999784,-0.1110000000000042,-0.07633333333333307,0.0,0.28600000000000136,0.09931414803541463,-0.07633333333333307,0,1,2024,United States Grand Prix,0.0,20,0.0
COL,36,0 days 00:01:40.026000,HARD,36.0,True,0 days 02:00:18.222000,28.9,8,47.2,0 days 00:00:26.810000,0 days 00:00:39.936000,0 days 00:00:33.280000,1,100.026,7218.222,0.8119999999998981,True,False,False,36.0,0.0,0.0,26.81,39.936,33.28,0,0,0,0.0,100.30879999999999,0.13289356643554504,-2.128018741502855,1,0,100.195,101.395,1.2000000000000028,0.0,-0.16899999999999693,-0.02500000000000095,0.0,0.05700000000000216,0.1358061117917762,-0.02500000000000095,0,1,2024,United States Grand Prix,0.0,20,0.0
COL,37,0 days 00:01:41.395000,HARD,37.0,True,0 days 02:01:59.617000,28.9,8,46.9,0 days 00:00:26.868000,0 days 00:00:40.413000,0 days 00:00:34.114000,1,101.395,7319.617,3.0999999999994543,True,False,False,37.0,0.0,0.0,26.868,40.413,34.114,0,0,0,0.0,100.207,0.10912836478185044,10.8862622689787,0,1,100.026,100.11,0.08400000000000318,0.0,1.3689999999999998,-0.07066666666666777,0.0,0.8909999999999982,0.13194051690061032,-0.07066666666666777,0,0,2024,United States Grand Prix,0.0,20,0.0
COL,38,0 days 00:01:40.110000,HARD,38.0,True,0 days 02:03:39.727000,29.0,8,47.1,0 days 00:00:26.740000,0 days 00:00:40.032000,0 days 00:00:33.338000,1,100.11,7419.727,3.3919999999998254,True,False,False,38.0,0.0,0.0,26.74,40.032,33.338,0,0,0,0.0,100.43199999999999,0.548152807162342,-0.5874274395618015,0,0,101.395,99.443,-1.9519999999999982,1.3689999999999998,-1.2849999999999966,0.36299999999999955,0.0,0.05799999999999983,0.38864340982448076,0.36299999999999955,0,0,2024,United States Grand Prix,0.0,20,0.0
COL,41,0 days 00:01:39.443000,MEDIUM,2.0,True,0 days 02:08:58.973000,28.9,11,47.4,0 days 00:00:27.765000,0 days 00:00:39.344000,0 days 00:00:32.334000,12,99.443,7738.973,1.1890000000003056,False,True,False,2.0,0.0,0.0,27.765,39.344,32.334,0,0,1,0.0,100.40639999999999,0.5622848922031929,-1.71336632614317,1,0,100.11,98.533,-1.5769999999999982,0.08400000000000318,-0.6670000000000016,-0.02833333333333125,0.0,-0.945999999999998,0.37386267532343986,-0.02833333333333125,0,0,2024,United States Grand Prix,0.0,20,0.0
COL,42,0 days 00:01:38.533000,MEDIUM,3.0,True,0 days 02:10:37.506000,29.0,11,46.4,0 days 00:00:26.547000,0 days 00:00:39.332000,0 days 00:00:32.654000,1,98.533,7837.506,1.308999999999287,False,True,False,3.0,0.0,0.0,26.547,39.332,32.654,0,0,0,0.0,100.2338,0.7130502787321223,-2.3852455440087628,1,1,99.443,98.528,-0.914999999999992,0.0,-0.9099999999999966,-0.1943333333333328,0.0,0.3200000000000003,0.6620541518637267,-0.1943333333333328,0,0,2024,United States Grand Prix,0.0,20,0.0
COL,43,0 days 00:01:38.528000,MEDIUM,4.0,True,0 days 02:12:16.034000,29.0,11,46.2,0 days 00:00:26.497000,0 days 00:00:39.340000,0 days 00:00:32.691000,1,98.528,7936.034,1.7690000000002328,False,True,False,4.0,0.0,0.0,26.497,39.34,32.691,0,0,0,0.0,99.9014,1.0455296743756077,-1.3135925585471178,0,1,98.533,98.876,0.3430000000000035,0.0,-0.0049999999999954525,-0.9539999999999983,0.0,0.3569999999999993,0.665005639073834,-0.9539999999999983,0,0,2024,United States Grand Prix,0.0,20,0.0
COL,44,0 days 00:01:38.876000,MEDIUM,5.0,True,0 days 02:13:54.910000,29.0,11,46.5,0 days 00:00:26.547000,0 days 00:00:39.450000,0 days 00:00:32.879000,1,98.876,8034.91,1.5640000000003056,False,True,False,5.0,0.0,0.0,26.547,39.45,32.879,0,0,0,0.0,99.6018,1.203581197925578,-0.6030336808608666,0,0,98.528,98.532,0.003999999999990678,0.0,0.347999999999999,-0.5273333333333312,0.0,0.5449999999999946,0.6763005988463994,-0.5273333333333312,0,0,2024,United States Grand Prix,0.0,20,0.0
COL,45,0 days 00:01:38.532000,MEDIUM,6.0,True,0 days 02:15:33.442000,29.1,10,47.0,0 days 00:00:26.669000,0 days 00:00:39.308000,0 days 00:00:32.555000,1,98.532,8133.442,1.3530000000000655,False,True,False,6.0,0.0,0.0,26.669,39.308,32.555,0,0,0,0.0,99.098,0.6776020218387663,-0.8352985701903363,0,0,98.876,97.611,-1.2650000000000006,0.347999999999999,-0.3440000000000083,-0.1889999999999977,0.0,-0.09900000000000375,0.5922083248317249,-0.1889999999999977,0,0,2024,United States Grand Prix,0.0,20,0.0
COL,46,0 days 00:01:37.611000,MEDIUM,7.0,True,0 days 02:17:11.053000,29.1,10,47.0,0 days 00:00:26.336000,0 days 00:00:39.031000,0 days 00:00:32.244000,1,97.611,8231.053,3.105999999999767,False,True,False,7.0,0.0,0.0,26.336,39.031,32.244,0,0,0,0.0,98.78240000000001,0.39836327641989516,-2.9405320955471064,1,0,98.532,97.991,-0.5409999999999968,0.003999999999990678,-0.9209999999999923,-0.00033333333333492493,0.0,-0.31099999999999994,0.5969349210759897,-0.00033333333333492493,0,0,2024,United States Grand Prix,0.0,20,0.0
COL,47,0 days 00:01:37.991000,MEDIUM,8.0,True,0 days 02:18:49.044000,29.1,10,46.7,0 days 00:00:26.358000,0 days 00:00:39.097000,0 days 00:00:32.536000,1,97.991,8329.044,4.338999999999942,False,True,False,8.0,0.0,0.0,26.358,39.097,32.536,0,0,0,0.0,98.41600000000001,0.4741608376911806,-0.8963203331372813,0,1,97.611,98.326,0.7149999999999892,0.0,0.37999999999999545,-0.3056666666666672,0.0,0.2920000000000016,0.3540929256565281,-0.3056666666666672,0,0,2024,United States Grand Prix,0.0,20,0.0
COL,48,0 days 00:01:38.326000,MEDIUM,9.0,True,0 days 02:20:27.370000,29.0,10,46.7,0 days 00:00:26.357000,0 days 00:00:39.451000,0 days 00:00:32.518000,1,98.326,8427.37,5.037999999998647,False,True,False,9.0,0.0,0.0,26.357,39.451,32.518,0,0,0,0.0,98.30760000000001,0.5018708001069637,0.03666282237592613,0,0,97.991,98.412,0.4210000000000065,0.37999999999999545,0.33499999999999375,-0.2950000000000017,0.0,0.2740000000000009,0.3511868448561244,-0.2950000000000017,0,0,2024,United States Grand Prix,0.0,20,0.0
COL,49,0 days 00:01:38.412000,MEDIUM,10.0,True,0 days 02:22:05.782000,28.9,10,46.6,0 days 00:00:26.355000,0 days 00:00:39.408000,0 days 00:00:32.649000,1,98.412,8525.782,5.372000000001208,False,True,False,10.0,0.0,0.0,26.355,39.408,32.649,0,0,0,0.0,98.2672,0.48762147204568834,0.2969516485657062,0,0,98.326,98.026,-0.29999999999999716,0.7149999999999892,0.08600000000001273,-0.0686666666666677,0.0,0.40500000000000114,0.3411769335696651,-0.0686666666666677,0,0,2024,United States Grand Prix,0.0,20,0.0
COL,50,0 days 00:01:38.026000,MEDIUM,11.0,True,0 days 02:23:43.808000,29.3,10,46.7,0 days 00:00:26.258000,0 days 00:00:39.188000,0 days 00:00:32.580000,1,98.026,8623.808,6.021999999999025,False,True,False,11.0,0.0,0.0,26.258,39.188,32.58,0,0,0,0.0,98.1744,0.373620529414544,-0.39719444815452004,0,0,98.412,98.665,0.2530000000000001,0.8010000000000019,-0.3860000000000099,0.2670000000000006,0.0,0.06199999999999761,0.30329144399405816,0.2670000000000006,0,0,2024,United States Grand Prix,0.0,20,0.0
COL,51,0 days 00:01:38.665000,MEDIUM,12.0,True,0 days 02:25:22.473000,29.2,10,46.5,0 days 00:00:26.353000,0 days 00:00:39.696000,0 days 00:00:32.616000,1,98.665,8722.473,6.234000000000378,False,True,False,12.0,0.0,0.0,26.353,39.696,32.616,0,0,0,0.0,98.0732,0.3167439028616121,1.8683863987701397,0,0,98.026,98.133,0.10699999999999932,0.41499999999999204,0.63900000000001,0.01166666666666553,0.0,0.09799999999999898,0.28314007134279057,0.01166666666666553,0,0,2024,United States Grand Prix,0.0,20,0.0
COL,52,0 days 00:01:38.133000,MEDIUM,13.0,True,0 days 02:27:00.606000,29.2,10,46.5,0 days 00:00:26.286000,0 days 00:00:39.347000,0 days 00:00:32.500000,1,98.133,8820.606,6.72400000000016,False,True,False,13.0,0.0,0.0,26.286,39.347,32.5,0,0,0,0.0,98.284,0.2809457242956517,-0.5374703615033716,0,0,98.665,98.032,-0.6330000000000098,0.6740000000000066,-0.5320000000000107,0.11300000000000428,0.0,-0.0799999999999983,0.14316144732434277,0.11300000000000428,0,0,2024,United States Grand Prix,0.0,20,0.0
COL,53,0 days 00:01:38.032000,MEDIUM,14.0,True,0 days 02:28:38.638000,29.1,10,46.0,0 days 00:00:26.396000,0 days 00:00:39.280000,0 days 00:00:32.356000,1,98.032,8918.638,7.199999999998909,False,True,False,14.0,0.0,0.0,26.396,39.28,32.356,0,0,0,0.0,98.3124,0.24931967431393887,-1.1246605418187958,0,0,98.133,97.708,-0.42499999999999716,0.10699999999999932,-0.10099999999999909,-0.09300000000000352,0.0,-0.14399999999999835,0.18956054441787265,-0.09300000000000352,0,0,2024,United States Grand Prix,0.0,20,0.0
COL,54,0 days 00:01:37.708000,MEDIUM,15.0,True,0 days 02:30:16.346000,29.3,10,46.0,0 days 00:00:26.291000,0 days 00:00:39.174000,0 days 00:00:32.243000,1,97.708,9016.346,7.817000000000917,False,True,False,15.0,0.0,0.0,26.291,39.174,32.243,0,0,0,0.0,98.25359999999999,0.2782953467092294,-1.9605070887874063,1,0,98.032,97.926,-0.10599999999999454,0.006000000000000227,-0.32399999999999807,0.002000000000000076,0.0,-0.11299999999999955,0.21292768725555633,0.002000000000000076,0,0,2024,United States Grand Prix,0.0,20,0.0
COL,55,0 days 00:01:37.926000,MEDIUM,16.0,True,0 days 02:31:54.272000,29.2,10,46.1,0 days 00:00:26.118000,0 days 00:00:39.593000,0 days 00:00:32.215000,1,97.926,9114.272,8.1299999999992,False,True,False,16.0,0.0,0.0,26.118,39.593,32.215,0,0,0,0.0,98.11280000000001,0.34758409054502076,-0.5374239071388394,0,1,97.708,98.488,0.7800000000000011,0.0,0.21800000000000352,-0.3190000000000026,0.0,-0.027999999999998693,0.10849792624746243,-0.3190000000000026,0,0,2024,United States Grand Prix,0.0,20,0.0
GAS,2,0 days 00:01:42.067000,MEDIUM,2.0,True,0 days 01:00:37.724000,28.1,6,47.2,0 days 00:00:27.858000,0 days 00:00:40.143000,0 days 00:00:34.066000,12,102.067,3637.724,0.6179999999999382,False,True,False,2.0,0.0,0.0,27.858,40.143,34.066,0,0,1,0.0,98.0574,0.28771652715825274,13.935939098119974,0,0,102.067,102.096,0.029000000000010573,4.358999999999995,0.0,0.15200000000000102,0.0,1.850999999999999,0.31033562476776466,0.0,0,1,2024,United States Grand Prix,0.0,20,0.0
GAS,6,0 days 00:01:42.096000,MEDIUM,6.0,True,0 days 01:09:38.697000,28.1,6,47.4,0 days 00:00:27.866000,0 days 00:00:40.619000,0 days 00:00:33.611000,1,102.096,4178.697,0.5739999999996144,False,True,False,6.0,0.0,0.0,27.866,40.619,33.611,0,0,0,0.0,,,0.0,0,0,102.067,101.487,-0.5799999999999983,0.0,0.029000000000010573,0.0,0.0,0.0,0.0,0.0,0,1,2024,United States Grand Prix,0.0,20,0.0
GAS,7,0 days 00:01:41.487000,MEDIUM,7.0,True,0 days 01:11:20.184000,28.1,6,47.2,0 days 00:00:27.445000,0 days 00:00:40.283000,0 days 00:00:33.759000,1,101.487,4280.184,0.8270000000002256,False,True,False,7.0,0.0,0.0,27.445,40.283,33.759,0,0,0,0.0,,,0.0,0,0,102.096,101.037,-1.0589999999999975,0.0,-0.6090000000000089,0.014500000000005286,0.0,0.14800000000000324,0.0,0.0,0,1,2024,United States Grand Prix,0.0,20,0.0
GAS,8,0 days 00:01:41.037000,MEDIUM,8.0,True,0 days 01:13:01.221000,28.0,6,46.9,0 days 00:00:27.195000,0 days 00:00:40.157000,0 days 00:00:33.685000,1,101.037,4381.221,0.6260000000002037,False,True,False,8.0,0.0,0.0,27.195,40.157,33.685,0,0,0,0.0,101.88333333333333,0.34354087578240095,-2.4635593403720253,1,0,101.487,100.712,-0.7749999999999915,0.0,-0.44999999999998863,-0.19333333333333277,0.0,0.07400000000000517,1.0286167086594165,-0.28999999999999915,0,1,2024,United States Grand Prix,0.0,20,0.0
GAS,9,0 days 00:01:40.712000,MEDIUM,9.0,True,0 days 01:14:41.933000,28.1,6,46.7,0 days 00:00:27.228000,0 days 00:00:40.072000,0 days 00:00:33.412000,1,100.712,4481.933,0.5479999999997744,False,True,False,9.0,0.0,0.0,27.228,40.072,33.412,0,0,0,0.0,101.67175,0.5076910970265315,-1.8904211746495212,1,1,101.037,100.571,-0.4660000000000082,0.0,-0.32500000000000284,-0.343333333333329,0.0,-0.19899999999999807,0.8905520291744125,-0.343333333333329,0,1,2024,United States Grand Prix,0.0,20,0.0
GAS,10,0 days 00:01:40.571000,MEDIUM,10.0,True,0 days 01:16:22.504000,28.2,6,47.0,0 days 00:00:27.096000,0 days 00:00:39.973000,0 days 00:00:33.502000,12,100.571,4582.504,1.2640000000001237,False,True,False,10.0,0.0,0.0,27.096,39.973,33.502,0,0,1,0.0,101.4798,0.614440151682815,-1.4790700078941752,0,1,100.712,101.291,0.5789999999999935,0.0,-0.14100000000000534,-0.46133333333333343,0.0,0.09000000000000341,0.8352854003273359,-0.46133333333333343,0,0,2024,United States Grand Prix,0.0,20,0.0
GAS,11,0 days 00:01:41.291000,MEDIUM,11.0,True,0 days 01:18:03.795000,28.2,6,47.0,0 days 00:00:27.339000,0 days 00:00:40.305000,0 days 00:00:33.647000,1,101.291,4683.795,1.6700000000000728,False,True,False,11.0,0.0,0.0,27.339,40.305,33.647,0,0,0,0.0,101.1806,0.6212200093364688,0.17771481655576069,0,0,100.571,101.086,0.5150000000000006,0.0,0.7199999999999989,-0.3053333333333323,0.0,0.23499999999999943,0.13465437237609584,-0.3053333333333323,0,0,2024,United States Grand Prix,0.0,20,0.0
GAS,12,0 days 00:01:41.086000,MEDIUM,12.0,True,0 days 01:19:44.881000,28.1,6,47.1,0 days 00:00:27.417000,0 days 00:00:40.192000,0 days 00:00:33.477000,1,101.086,4784.881,1.7449999999998909,False,True,False,12.0,0.0,0.0,27.417,40.192,33.477,0,0,0,0.0,101.0196,0.3834981095129421,0.173142965644165,0,0,101.291,101.046,-0.24499999999999034,0.7199999999999989,-0.2049999999999983,0.08466666666666356,0.0,0.06499999999999773,0.162853615250015,0.08466666666666356,0,0,2024,United States Grand Prix,0.0,20,0.0
GAS,13,0 days 00:01:41.046000,MEDIUM,13.0,True,0 days 01:21:25.927000,28.1,6,47.4,0 days 00:00:27.285000,0 days 00:00:40.288000,0 days 00:00:33.473000,1,101.046,4885.927,1.84900000000016,False,True,False,13.0,0.0,0.0,27.285,40.288,33.473,0,0,0,0.0,100.9394,0.2924334112238229,0.36452743054866144,0,0,101.086,101.551,0.4650000000000034,0.5150000000000006,-0.03999999999999204,0.12466666666666508,0.0,-0.003999999999997783,0.1569888531074734,0.12466666666666508,0,0,2024,United States Grand Prix,0.0,20,0.0
GAS,14,0 days 00:01:41.551000,MEDIUM,14.0,True,0 days 01:23:07.478000,28.3,6,47.8,0 days 00:00:27.360000,0 days 00:00:40.458000,0 days 00:00:33.733000,1,101.551,4987.478,1.5770000000002256,False,True,False,14.0,0.0,0.0,27.36,40.458,33.733,0,0,0,0.0,100.94120000000001,0.2932110161641296,2.0797308640636047,0,0,101.046,101.499,0.45299999999998875,0.4750000000000085,0.5049999999999955,0.15833333333333618,0.0,0.259999999999998,0.15825075039316489,0.15833333333333618,0,0,2024,United States Grand Prix,0.0,20,0.0
GAS,15,0 days 00:01:41.499000,MEDIUM,15.0,True,0 days 01:24:48.977000,28.4,6,47.5,0 days 00:00:27.404000,0 days 00:00:40.427000,0 days 00:00:33.668000,1,101.499,5088.977,1.8140000000003056,False,True,False,15.0,0.0,0.0,27.404,40.427,33.668,0,0,0,0.0,101.10900000000001,0.36139659655287937,1.0791468534013207,0,0,101.551,101.306,-0.24500000000000455,0.980000000000004,-0.05200000000000671,0.08666666666666838,0.0,0.19500000000000028,0.11369124856381756,0.08666666666666838,0,0,2024,United States Grand Prix,0.0,20,0.0
GAS,16,0 days 00:01:41.306000,MEDIUM,16.0,True,0 days 01:26:30.283000,28.4,6,47.8,0 days 00:00:27.352000,0 days 00:00:40.443000,0 days 00:00:33.511000,1,101.306,5190.283,2.4089999999996508,False,True,False,16.0,0.0,0.0,27.352,40.443,33.511,0,0,0,0.0,101.2946,0.2306779139839892,0.04941955561808138,0,0,101.499,102.142,0.6430000000000007,0.45299999999998875,-0.19299999999999784,0.13766666666666558,0.0,0.03800000000000381,0.11433590862016993,0.13766666666666558,0,0,2024,United States Grand Prix,0.0,20,0.0
GAS,17,0 days 00:01:42.142000,MEDIUM,17.0,True,0 days 01:28:12.425000,28.4,6,47.6,0 days 00:00:27.739000,0 days 00:00:40.741000,0 days 00:00:33.662000,1,102.142,5292.425,3.606999999999971,False,True,False,17.0,0.0,0.0,27.739,40.741,33.662,0,0,0,0.0,101.29760000000002,0.23071692612377767,3.659896194815657,0,0,101.306,101.596,0.29000000000000625,0.2599999999999909,0.8359999999999985,0.08666666666666363,0.0,0.15099999999999625,0.11172152881159343,0.08666666666666363,0,0,2024,United States Grand Prix,0.0,20,0.0
GAS,20,0 days 00:01:41.596000,HARD,2.0,True,0 days 01:33:40.881000,28.5,16,47.1,0 days 00:00:27.534000,0 days 00:00:40.187000,0 days 00:00:33.875000,1,101.596,5620.881,2.631999999999607,True,False,False,2.0,0.0,0.0,27.534,40.187,33.875,0,0,0,0.0,101.5088,0.40562630585305853,0.21497619543343635,0,0,102.142,101.132,-1.009999999999991,1.0959999999999894,-0.5459999999999923,0.19699999999999798,0.0,0.3639999999999972,0.10950570761380235,0.19699999999999798,0,0,2024,United States Grand Prix,0.0,20,0.0
GAS,21,0 days 00:01:41.132000,HARD,3.0,True,0 days 01:35:22.013000,28.5,16,47.4,0 days 00:00:27.535000,0 days 00:00:40.067000,0 days 00:00:33.530000,1,101.132,5722.013,2.837000000000444,True,False,False,3.0,0.0,0.0,27.535,40.067,33.53,0,0,0,0.0,101.6188,0.31267027361103306,-1.556911676885457,1,0,101.596,101.033,-0.5630000000000024,0.29000000000000625,-0.46399999999999864,0.032333333333336135,0.0,0.01899999999999835,0.12160715439479516,0.032333333333336135,0,0,2024,United States Grand Prix,0.0,20,0.0
GAS,22,0 days 00:01:41.033000,HARD,4.0,True,0 days 01:37:03.046000,28.4,16,47.4,0 days 00:00:27.290000,0 days 00:00:40.197000,0 days 00:00:33.546000,1,101.033,5823.046,2.808999999999287,True,False,False,4.0,0.0,0.0,27.29,40.197,33.546,0,0,0,0.0,101.535,0.3835088004205337,-1.3089660509733572,0,1,101.132,101.083,-0.049000000000006594,0.0,-0.09900000000000375,-0.05799999999999746,0.0,0.015999999999998238,0.139166447105614,-0.05799999999999746,0,0,2024,United States Grand Prix,0.0,20,0.0
GAS,23,0 days 00:01:41.083000,HARD,5.0,True,0 days 01:38:44.129000,28.5,16,47.8,0 days 00:00:27.187000,0 days 00:00:40.204000,0 days 00:00:33.692000,1,101.083,5924.129,3.0910000000003492,True,False,False,5.0,0.0,0.0,27.187,40.204,33.692,0,0,0,0.0,101.4418,0.4459800443966032,-0.8045203019911961,0,0,101.033,100.915,-0.117999999999995,0.0,0.04999999999999716,-0.36966666666666487,0.0,0.16199999999999903,0.1485001683500718,-0.36966666666666487,0,0,2024,United States Grand Prix,0.0,20,0.0
GAS,24,0 days 00:01:40.915000,HARD,6.0,True,0 days 01:40:25.044000,28.5,16,47.8,0 days 00:00:27.214000,0 days 00:00:40.158000,0 days 00:00:33.543000,1,100.915,6025.044,3.381000000000313,True,False,False,6.0,0.0,0.0,27.214,40.158,33.543,0,0,0,0.0,101.39720000000001,0.4732712752745472,-1.0188659764323942,0,0,101.083,100.986,-0.0969999999999942,0.04999999999999716,-0.16799999999999216,-0.17100000000000173,0.0,0.012999999999998124,0.14209961294810033,-0.17100000000000173,0,0,2024,United States Grand Prix,0.0,20,0.0
GAS,25,0 days 00:01:40.986000,HARD,7.0,True,0 days 01:42:06.030000,28.5,16,48.0,0 days 00:00:27.263000,0 days 00:00:40.041000,0 days 00:00:33.682000,1,100.986,6126.03,3.467999999999847,True,False,False,7.0,0.0,0.0,27.263,40.041,33.682,0,0,0,0.0,101.15180000000001,0.26106838184658804,-0.6350826508643764,0,0,100.915,101.954,1.0389999999999873,0.0,0.07099999999999795,-0.07233333333333292,0.0,0.1390000000000029,0.1529957515750027,-0.07233333333333292,0,0,2024,United States Grand Prix,0.0,20,0.0
GAS,26,0 days 00:01:41.954000,HARD,8.0,True,0 days 01:43:47.984000,28.4,16,47.6,0 days 00:00:27.026000,0 days 00:00:39.884000,0 days 00:00:35.044000,1,101.954,6227.984,2.4409999999998035,True,False,False,8.0,0.0,0.0,27.026,39.884,35.044,0,0,0,0.0,101.02980000000001,0.0842359780615898,10.971558961709315,0,0,100.986,102.407,1.4209999999999923,0.07099999999999795,0.9679999999999893,-0.01566666666666568,0.0,1.5009999999999977,0.07414647665263836,-0.01566666666666568,0,0,2024,United States Grand Prix,0.0,20,0.0
GAS,27,0 days 00:01:42.407000,HARD,9.0,True,0 days 01:45:30.391000,28.5,14,47.5,0 days 00:00:27.871000,0 days 00:00:40.336000,0 days 00:00:34.200000,1,102.407,6330.391,0.6829999999999927,True,False,False,9.0,0.0,0.0,27.871,40.336,34.2,0,0,0,0.0,101.1942,0.42922802797580273,2.8255377583785646,0,0,101.954,100.73,-1.2239999999999895,1.0389999999999873,0.45300000000000296,0.2903333333333317,0.0,0.6570000000000036,0.6380593232607757,0.2903333333333317,0,1,2024,United States Grand Prix,0.0,20,0.0
GAS,28,0 days 00:01:40.730000,HARD,10.0,True,0 days 01:47:11.121000,28.6,13,47.5,0 days 00:00:27.121000,0 days 00:00:40.263000,0 days 00:00:33.346000,1,100.73,6431.121,2.0169999999998254,True,False,False,10.0,0.0,0.0,27.121,40.263,33.346,0,0,0,0.0,101.46900000000001,0.6716155894557617,-1.1003318142136145,0,0,102.407,100.435,-1.9719999999999942,1.4919999999999902,-1.6769999999999925,0.4973333333333301,0.0,-0.3360000000000056,0.614049509404575,0.4973333333333301,0,0,2024,United States Grand Prix,0.0,20,0.0
GAS,29,0 days 00:01:40.435000,HARD,11.0,True,0 days 01:48:51.556000,28.8,13,47.5,0 days 00:00:26.992000,0 days 00:00:40.028000,0 days 00:00:33.415000,1,100.435,6531.556,2.375,True,False,False,11.0,0.0,0.0,26.992,40.028,33.415,0,0,0,0.0,101.3984,0.7376437487025866,-1.306050517874625,0,0,100.73,100.672,-0.058000000000006935,0.0,-0.2950000000000017,-0.08533333333333341,0.0,0.06900000000000261,0.7137402889006627,-0.08533333333333341,0,0,2024,United States Grand Prix,0.0,20,0.0
GAS,30,0 days 00:01:40.672000,HARD,12.0,True,0 days 01:50:32.228000,28.9,13,47.7,0 days 00:00:27.095000,0 days 00:00:39.914000,0 days 00:00:33.663000,1,100.672,6632.228,2.4089999999996508,True,False,False,12.0,0.0,0.0,27.095,39.914,33.663,0,0,0,0.0,101.3024,0.8403655752111693,-0.7501497188787155,0,0,100.435,100.791,0.35599999999999454,0.0,0.23699999999999477,-0.5063333333333304,0.0,0.31700000000000017,0.7066555030564756,-0.5063333333333304,0,0,2024,United States Grand Prix,0.0,20,0.0
GAS,31,0 days 00:01:40.791000,HARD,13.0,True,0 days 01:52:13.019000,28.9,13,47.7,0 days 00:00:27.176000,0 days 00:00:40.012000,0 days 00:00:33.603000,1,100.791,6733.019,2.411000000000058,True,False,False,13.0,0.0,0.0,27.176,40.012,33.603,0,0,0,0.0,101.2396,0.8806862664990288,-0.5093754916643675,0,0,100.672,100.493,-0.17900000000000205,0.23699999999999477,0.11899999999999977,-0.5783333333333331,0.0,0.257000000000005,0.69421596063473,-0.5783333333333331,0,0,2024,United States Grand Prix,0.0,20,0.0
GAS,32,0 days 00:01:40.493000,HARD,14.0,True,0 days 01:53:53.512000,28.7,12,47.7,0 days 00:00:27.218000,0 days 00:00:40.086000,0 days 00:00:33.189000,1,100.493,6833.512,2.3840000000000146,True,False,False,14.0,0.0,0.0,27.218,40.086,33.189,0,0,0,0.0,101.007,0.7941652850635004,-0.6472204334125625,0,0,100.791,100.244,-0.546999999999997,0.35599999999999454,-0.2980000000000018,0.020333333333330945,0.0,-0.2259999999999991,0.3640002747251745,0.020333333333330945,0,0,2024,United States Grand Prix,0.0,20,0.0
GAS,33,0 days 00:01:40.244000,HARD,15.0,True,0 days 01:55:33.756000,28.8,12,47.4,0 days 00:00:27.119000,0 days 00:00:39.928000,0 days 00:00:33.197000,1,100.244,6933.756,2.4420000000000073,True,False,False,15.0,0.0,0.0,27.119,39.928,33.197,0,0,0,0.0,100.6242,0.15355031748573617,-2.476061308276489,1,0,100.493,99.905,-0.5879999999999939,0.057999999999992724,-0.24899999999999523,0.01933333333333091,0.0,0.008000000000002672,0.28894584267644646,0.01933333333333091,0,0,2024,United States Grand Prix,0.0,20,0.0
GAS,34,0 days 00:01:39.905000,HARD,16.0,True,0 days 01:57:13.661000,28.8,12,47.1,0 days 00:00:27.109000,0 days 00:00:39.901000,0 days 00:00:32.895000,1,99.905,7033.661,2.6760000000003856,True,False,False,16.0,0.0,0.0,27.109,39.901,32.895,0,0,0,0.0,100.527,0.21238526314215683,-2.9286401080647186,1,1,100.244,99.866,-0.3780000000000001,0.0,-0.33899999999999864,-0.14266666666666575,0.0,-0.29399999999999693,0.21582052729061793,-0.14266666666666575,0,0,2024,United States Grand Prix,0.0,20,0.0
GAS,35,0 days 00:01:39.866000,HARD,17.0,True,0 days 01:58:53.527000,28.8,12,47.0,0 days 00:00:27.068000,0 days 00:00:39.722000,0 days 00:00:33.076000,1,99.866,7133.527,2.5969999999997526,True,False,False,17.0,0.0,0.0,27.068,39.722,33.076,0,0,0,0.0,100.421,0.3544961212763222,-1.5656024613239594,1,1,99.905,100.63,0.7249999999999943,0.0,-0.03900000000000148,-0.2953333333333319,0.0,0.18099999999999739,0.2753839138366659,-0.2953333333333319,0,0,2024,United States Grand Prix,0.0,20,0.0
GAS,36,0 days 00:01:40.630000,HARD,18.0,True,0 days 02:00:34.157000,28.9,12,47.2,0 days 00:00:26.955000,0 days 00:00:40.490000,0 days 00:00:33.185000,1,100.63,7234.157,1.889999999999418,True,False,False,18.0,0.0,0.0,26.955,40.49,33.185,0,0,0,0.0,100.2598,0.3929907123583802,0.9420069949704062,0,1,99.866,100.698,0.8319999999999936,0.0,0.7639999999999958,-0.20899999999999844,0.0,0.28999999999999915,0.2425339151541493,-0.20899999999999844,0,0,2024,United States Grand Prix,0.0,20,0.0
GAS,37,0 days 00:01:40.698000,HARD,19.0,True,0 days 02:02:14.855000,28.9,11,46.9,0 days 00:00:27.357000,0 days 00:00:40.170000,0 days 00:00:33.171000,1,100.698,7334.855,2.1940000000004147,True,False,False,19.0,0.0,0.0,27.357,40.17,33.171,0,0,0,0.0,100.2276,0.34185420869128574,1.3760251827842684,0,0,100.63,100.845,0.2150000000000034,0.7639999999999958,0.06799999999999784,0.12866666666666524,0.0,0.27599999999999625,0.25204205998205786,0.12866666666666524,0,0,2024,United States Grand Prix,0.0,20,0.0
GAS,38,0 days 00:01:40.845000,HARD,20.0,True,0 days 02:03:55.700000,29.0,12,47.1,0 days 00:00:26.907000,0 days 00:00:40.235000,0 days 00:00:33.703000,1,100.845,7435.7,1.204000000000633,True,False,False,20.0,0.0,0.0,26.907,40.235,33.703,0,0,0,0.0,100.26859999999999,0.39047765621088465,1.4761408004577636,0,0,100.698,99.981,-0.7169999999999987,0.8319999999999936,0.14700000000000557,0.2643333333333307,0.0,0.6270000000000024,0.2434300720946344,0.2643333333333307,0,0,2024,United States Grand Prix,0.0,20,0.0
GAS,39,0 days 00:01:39.981000,HARD,21.0,True,0 days 02:05:35.681000,29.0,11,46.9,0 days 00:00:26.956000,0 days 00:00:39.956000,0 days 00:00:33.069000,1,99.981,7535.681,0.8370000000004438,True,False,False,21.0,0.0,0.0,26.956,39.956,33.069,0,0,0,0.0,100.38879999999999,0.46617668324354555,-0.8747756261909541,0,0,100.845,99.899,-0.945999999999998,0.9789999999999992,-0.8640000000000043,0.3263333333333331,0.0,-0.10199999999999676,0.3314068496576372,0.3263333333333331,0,1,2024,United States Grand Prix,0.0,20,0.0
GAS,40,0 days 00:01:39.899000,HARD,22.0,True,0 days 02:07:15.580000,28.9,10,47.3,0 days 00:00:26.996000,0 days 00:00:39.826000,0 days 00:00:33.077000,1,99.899,7635.58,0.7830000000003565,True,False,False,22.0,0.0,0.0,26.996,39.826,33.077,0,0,0,0.0,100.404,0.4473158839119785,-1.1289561094579146,0,0,99.981,100.583,0.6020000000000039,0.11499999999999488,-0.08199999999999363,-0.21633333333333363,0.0,0.007999999999995566,0.26123418612425153,-0.21633333333333363,0,1,2024,United States Grand Prix,0.0,20,0.0
GAS,41,0 days 00:01:40.583000,HARD,23.0,True,0 days 02:08:56.163000,28.9,10,47.4,0 days 00:00:27.437000,0 days 00:00:40.055000,0 days 00:00:33.091000,12,100.583,7736.163,2.8100000000004,True,False,False,23.0,0.0,0.0,27.437,40.055,33.091,0,0,1,0.0,100.4106,0.4375297704156295,0.3940303304075183,0,0,99.899,99.141,-0.7579999999999956,0.0,0.6839999999999975,-0.2663333333333308,0.0,0.021999999999998465,0.283862995122648,-0.2663333333333308,0,0,2024,United States Grand Prix,0.0,20,0.0
GAS,42,0 days 00:01:39.141000,HARD,24.0,True,0 days 02:10:35.304000,29.0,10,46.4,0 days 00:00:26.733000,0 days 00:00:39.522000,0 days 00:00:32.886000,1,99.141,7835.304,2.2020000000002256,True,False,False,24.0,0.0,0.0,26.733,39.522,32.886,0,0,0,0.0,100.40119999999999,0.43210901402302737,-2.9163936856286603,1,0,100.583,99.276,-1.3070000000000022,0.6839999999999975,-1.441999999999993,-0.08733333333333348,0.0,-0.18299999999999983,0.2924657244875039,-0.08733333333333348,0,0,2024,United States Grand Prix,0.0,20,0.0
GAS,43,0 days 00:01:39.276000,HARD,25.0,True,0 days 02:12:14.580000,29.0,10,46.2,0 days 00:00:26.744000,0 days 00:00:39.690000,0 days 00:00:32.842000,1,99.276,7934.58,1.4539999999997235,True,False,False,25.0,0.0,0.0,26.744,39.69,32.842,0,0,0,0.0,100.0898,0.6637086710296349,-1.2261403768275674,0,1,99.141,99.55,0.4089999999999918,0.0,0.1349999999999909,-0.2799999999999964,0.0,-0.044000000000004036,0.32011451076138475,-0.2799999999999964,0,0,2024,United States Grand Prix,0.0,20,0.0
GAS,44,0 days 00:01:39.550000,HARD,26.0,True,0 days 02:13:54.130000,29.0,10,46.5,0 days 00:00:26.964000,0 days 00:00:39.705000,0 days 00:00:32.881000,1,99.55,8034.13,0.7799999999997453,True,False,False,26.0,0.0,0.0,26.964,39.705,32.881,0,0,0,0.0,99.776,0.583444084724405,-0.38735502838588587,0,0,99.276,100.665,1.38900000000001,0.1349999999999909,0.2740000000000009,-0.20766666666666822,0.0,0.03900000000000148,0.08440497615662158,-0.20766666666666822,0,1,2024,United States Grand Prix,0.0,20,0.0
GAS,45,0 days 00:01:40.665000,HARD,27.0,True,0 days 02:15:34.795000,29.1,11,47.0,0 days 00:00:26.877000,0 days 00:00:40.084000,0 days 00:00:33.704000,1,100.665,8134.795,0.7240000000001601,True,False,False,27.0,0.0,0.0,26.877,40.084,33.704,0,0,0,0.0,99.6898,0.5773921544322301,1.6889734169646784,0,0,99.55,99.364,-0.18599999999999284,0.4089999999999918,1.115000000000009,-0.34433333333333377,0.0,0.8620000000000019,0.09014044597182841,-0.34433333333333377,0,1,2024,United States Grand Prix,0.0,20,0.0
GAS,46,0 days 00:01:39.364000,HARD,28.0,True,0 days 02:17:14.159000,29.1,11,47.0,0 days 00:00:26.678000,0 days 00:00:39.663000,0 days 00:00:33.023000,1,99.364,8234.159,0.44499999999970896,True,False,False,28.0,0.0,0.0,26.678,39.663,33.023,0,0,0,0.0,99.843,0.7285989980777527,-0.6574261030604417,0,0,100.665,100.973,0.3079999999999927,1.524000000000001,-1.301000000000002,0.5080000000000003,0.0,0.1810000000000045,0.4133977503567251,0.5080000000000003,0,1,2024,United States Grand Prix,0.0,20,0.0
GAS,47,0 days 00:01:40.973000,HARD,29.0,True,0 days 02:18:55.132000,29.1,12,46.7,0 days 00:00:27.778000,0 days 00:00:40.114000,0 days 00:00:33.081000,1,100.973,8335.132,8.226000000000568,True,False,False,29.0,0.0,0.0,27.778,40.114,33.081,0,0,0,0.0,99.59920000000001,0.6140184850636758,2.237391924540384,0,0,99.364,99.561,0.19700000000000273,0.22299999999999898,1.6089999999999947,0.029333333333336025,0.0,0.20000000000000284,0.40821134232159834,0.029333333333336025,0,0,2024,United States Grand Prix,0.0,20,0.0
GAS,48,0 days 00:01:39.561000,HARD,30.0,True,0 days 02:20:34.693000,29.0,12,46.7,0 days 00:00:26.739000,0 days 00:00:39.658000,0 days 00:00:33.164000,1,99.561,8434.693,8.302999999999884,True,False,False,30.0,0.0,0.0,26.739,39.658,33.164,0,0,0,0.0,99.96560000000001,0.7928129035276291,-0.5103347816360332,0,0,100.973,99.3,-1.6730000000000018,1.6970000000000027,-1.411999999999992,0.47433333333333394,0.0,0.14099999999999824,0.35802695429255177,0.47433333333333394,0,0,2024,United States Grand Prix,0.0,20,0.0
GAS,49,0 days 00:01:39.300000,HARD,31.0,True,0 days 02:22:13.993000,28.9,12,46.6,0 days 00:00:26.630000,0 days 00:00:39.740000,0 days 00:00:32.930000,1,99.3,8533.993,8.951999999999316,True,False,False,31.0,0.0,0.0,26.63,39.74,32.93,0,0,0,0.0,100.0226,0.7392762000767437,-0.977442530849752,0,0,99.561,99.174,-0.38700000000000045,0.19700000000000273,-0.2610000000000099,-0.3679999999999997,0.0,-0.09300000000000352,0.3287176600062739,-0.3679999999999997,0,0,2024,United States Grand Prix,0.0,20,0.0
GAS,50,0 days 00:01:39.174000,HARD,32.0,True,0 days 02:23:53.167000,29.3,12,46.7,0 days 00:00:26.622000,0 days 00:00:39.640000,0 days 00:00:32.912000,1,99.174,8633.167,9.36200000000099,True,False,False,32.0,0.0,0.0,26.622,39.64,32.912,0,0,0,0.0,99.9726,0.78619609513143,-1.0157771132995639,0,0,99.3,99.384,0.08400000000000318,0.0,-0.12599999999999056,-0.02133333333333572,0.0,-0.018000000000000682,0.3574209003402028,-0.02133333333333572,0,0,2024,United States Grand Prix,0.0,20,0.0
GAS,51,0 days 00:01:39.384000,HARD,33.0,True,0 days 02:25:32.551000,29.2,12,46.5,0 days 00:00:26.693000,0 days 00:00:39.837000,0 days 00:00:32.854000,1,99.384,8732.551,9.268000000000029,True,False,False,33.0,0.0,0.0,26.693,39.837,32.854,0,0,0,0.0,99.67439999999999,0.7392809344220193,-0.3928141339489975,0,0,99.174,98.9,-0.2740000000000009,0.0,0.20999999999999375,-0.5996666666666641,0.0,-0.05799999999999983,0.13022173397709322,-0.5996666666666641,0,0,2024,United States Grand Prix,0.0,20,0.0
GAS,52,0 days 00:01:38.900000,HARD,34.0,True,0 days 02:27:11.451000,29.2,12,46.5,0 days 00:00:26.574000,0 days 00:00:39.568000,0 days 00:00:32.758000,1,98.9,8831.451,9.629000000000815,True,False,False,34.0,0.0,0.0,26.574,39.568,32.758,0,0,0,0.0,99.6784,0.737232866874432,-1.0558400676031856,0,0,99.384,99.127,-0.257000000000005,0.20999999999999375,-0.48399999999999466,-0.05900000000000224,0.0,-0.09599999999999653,0.12874509699402353,-0.05900000000000224,0,0,2024,United States Grand Prix,0.0,20,0.0
GAS,53,0 days 00:01:39.127000,HARD,35.0,True,0 days 02:28:50.578000,29.1,12,46.0,0 days 00:00:26.693000,0 days 00:00:39.482000,0 days 00:00:32.952000,1,99.127,8930.578,10.230999999999767,True,False,False,35.0,0.0,0.0,26.693,39.482,32.952,0,0,0,0.0,99.2638,0.24723511077490049,-0.553319468142047,0,0,98.9,98.728,-0.17200000000001125,0.0,0.22699999999998965,-0.1333333333333305,0.0,0.1939999999999955,0.09792701363770871,-0.1333333333333305,0,0,2024,United States Grand Prix,0.0,20,0.0
GAS,54,0 days 00:01:38.728000,HARD,36.0,True,0 days 02:30:29.306000,29.3,12,46.1,0 days 00:00:26.562000,0 days 00:00:39.452000,0 days 00:00:32.714000,1,98.728,9029.306,13.172999999998865,True,False,False,36.0,0.0,0.0,26.562,39.452,32.714,0,0,0,0.0,99.17699999999999,0.18521339044430152,-2.424230769292159,1,0,99.127,98.311,-0.8159999999999883,0.22699999999998965,-0.3990000000000009,-0.01566666666667042,0.0,-0.044000000000004036,0.12060348253678113,-0.01566666666667042,0,0,2024,United States Grand Prix,0.0,20,0.0
GAS,55,0 days 00:01:38.311000,HARD,37.0,True,0 days 02:32:07.617000,29.2,12,46.1,0 days 00:00:26.373000,0 days 00:00:39.479000,0 days 00:00:32.459000,1,98.311,9127.617,14.958000000000538,True,False,False,37.0,0.0,0.0,26.373,39.479,32.459,0,0,0,0.0,99.0626,0.25409210928297304,-2.957982450226217,1,1,98.728,98.769,0.04100000000001103,0.0,-0.4169999999999874,-0.21866666666666865,0.0,-0.25499999999999545,0.11443251286238375,-0.21866666666666865,0,0,2024,United States Grand Prix,0.0,20,0.0
HUL,2,0 days 00:01:42.841000,MEDIUM,2.0,True,0 days 01:00:41.156000,28.1,11,47.2,0 days 00:00:28.091000,0 days 00:00:40.277000,0 days 00:00:34.473000,12,102.841,3641.156,1.387000000000171,False,True,False,2.0,0.0,0.0,28.091,40.277,34.473,0,0,1,0.0,98.76700000000001,0.2986427631801213,13.641716801095965,0,0,102.841,103.09,0.24900000000000944,4.529999999999987,0.0,-0.11933333333332996,0.0,2.013999999999996,0.2822141031203053,0.0,0,0,2024,United States Grand Prix,0.0,20,0.0
HUL,6,0 days 00:01:43.090000,MEDIUM,6.0,True,0 days 01:09:41.607000,28.1,11,47.4,0 days 00:00:28.373000,0 days 00:00:40.870000,0 days 00:00:33.847000,1,103.09,4181.607,0.6869999999998981,False,True,False,6.0,0.0,0.0,28.373,40.87,33.847,0,0,0,0.0,,,0.0,0,0,102.841,101.428,-1.4129999999999967,0.0,0.24900000000000944,0.0,0.0,0.0,0.0,0.0,0,1,2024,United States Grand Prix,0.0,20,0.0
HUL,7,0 days 00:01:41.428000,MEDIUM,7.0,True,0 days 01:11:23.035000,28.1,10,47.2,0 days 00:00:27.810000,0 days 00:00:39.645000,0 days 00:00:33.973000,1,101.428,4283.035,0.5640000000003056,False,True,False,7.0,0.0,0.0,27.81,39.645,33.973,0,0,0,0.0,,,0.0,0,0,103.09,101.285,-1.8050000000000068,0.0,-1.6620000000000061,0.12450000000000472,0.0,0.12599999999999767,0.0,0.0,0,1,2024,United States Grand Prix,0.0,20,0.0
HUL,8,0 days 00:01:41.285000,MEDIUM,8.0,True,0 days 01:13:04.320000,28.0,10,46.9,0 days 00:00:27.263000,0 days 00:00:40.071000,0 days 00:00:33.951000,1,101.285,4384.32,0.7870000000002619,False,True,False,8.0,0.0,0.0,27.263,40.071,33.951,0,0,0,0.0,102.45299999999999,0.8963643232525448,-1.303041597820171,0,0,101.428,101.651,0.22299999999999898,0.0,-0.14300000000000068,-0.4709999999999989,0.0,0.1039999999999992,1.1281707908527543,-0.7064999999999984,0,1,2024,United States Grand Prix,0.0,20,0.0
HUL,9,0 days 00:01:41.651000,MEDIUM,9.0,True,0 days 01:14:45.971000,28.1,10,46.7,0 days 00:00:27.115000,0 days 00:00:40.502000,0 days 00:00:34.034000,1,101.651,4485.971,1.1110000000007858,False,True,False,9.0,0.0,0.0,27.115,40.502,34.034,0,0,0,0.0,102.161,0.936323661988732,-0.5446834472993833,0,0,101.285,101.3,0.015000000000000568,0.0,0.36599999999999966,-0.5186666666666658,0.0,0.1869999999999976,0.9702240291121755,-0.5186666666666658,0,0,2024,United States Grand Prix,0.0,20,0.0
HUL,10,0 days 00:01:41.300000,MEDIUM,10.0,True,0 days 01:16:27.271000,28.2,10,47.0,0 days 00:00:27.248000,0 days 00:00:40.258000,0 days 00:00:33.794000,12,101.3,4587.271,1.7390000000004875,False,True,False,10.0,0.0,0.0,27.248,40.258,33.794,0,0,1,0.0,102.059,0.8423458315917455,-0.9010550910731641,0,0,101.651,101.689,0.0379999999999967,0.36599999999999966,-0.3509999999999991,-0.4796666666666691,0.0,-0.15700000000000358,0.8567241096175581,-0.4796666666666691,0,0,2024,United States Grand Prix,0.0,20,0.0
HUL,11,0 days 00:01:41.689000,MEDIUM,11.0,True,0 days 01:18:08.960000,28.2,10,47.0,0 days 00:00:27.401000,0 days 00:00:40.382000,0 days 00:00:33.906000,1,101.689,4688.96,2.5479999999997744,False,True,False,11.0,0.0,0.0,27.401,40.382,33.906,0,0,0,0.0,101.7508,0.7628575882823625,-0.08101118865338029,0,0,101.3,101.432,0.132000000000005,0.015000000000000568,0.3889999999999958,-0.04266666666666671,0.0,0.11200000000000188,0.13489810969765312,-0.04266666666666671,0,0,2024,United States Grand Prix,0.0,20,0.0
HUL,12,0 days 00:01:41.432000,MEDIUM,12.0,True,0 days 01:19:50.392000,28.1,10,47.1,0 days 00:00:27.458000,0 days 00:00:40.405000,0 days 00:00:33.569000,1,101.432,4790.392,2.3760000000002037,False,True,False,12.0,0.0,0.0,27.458,40.405,33.569,0,0,0,0.0,101.4706,0.19079386782590296,-0.20231258184473955,0,0,101.689,101.334,-0.35499999999998977,0.40399999999999636,-0.2569999999999908,0.13466666666666546,0.0,-0.22499999999999432,0.1333952772777215,0.13466666666666546,0,0,2024,United States Grand Prix,0.0,20,0.0
HUL,13,0 days 00:01:41.334000,MEDIUM,13.0,True,0 days 01:21:31.726000,28.1,10,47.4,0 days 00:00:27.292000,0 days 00:00:40.269000,0 days 00:00:33.773000,1,101.334,4891.726,2.36200000000008,False,True,False,13.0,0.0,0.0,27.292,40.269,33.773,0,0,0,0.0,101.47139999999999,0.1905788550704616,-0.72096140964424,0,0,101.432,101.048,-0.38400000000000034,0.14700000000000557,-0.09799999999999898,-0.07299999999999802,0.0,0.20400000000000063,0.18269838532400726,-0.07299999999999802,0,0,2024,United States Grand Prix,0.0,20,0.0
HUL,14,0 days 00:01:41.048000,MEDIUM,14.0,True,0 days 01:23:12.774000,28.3,10,47.8,0 days 00:00:27.265000,0 days 00:00:40.247000,0 days 00:00:33.536000,1,101.048,4992.774,2.696999999999207,False,True,False,14.0,0.0,0.0,27.265,40.247,33.536,0,0,0,0.0,101.48119999999999,0.17953746127192394,-2.412866913294874,1,0,101.334,101.824,0.4899999999999949,0.034000000000006025,-0.28600000000000136,0.011333333333335341,0.0,-0.03300000000000125,0.20091963567555937,0.011333333333335341,0,0,2024,United States Grand Prix,0.0,20,0.0
HUL,15,0 days 00:01:41.824000,MEDIUM,15.0,True,0 days 01:24:54.598000,28.4,10,47.5,0 days 00:00:27.484000,0 days 00:00:40.643000,0 days 00:00:33.697000,1,101.824,5094.598,2.91399999999976,False,True,False,15.0,0.0,0.0,27.484,40.643,33.697,0,0,0,0.0,101.3606,0.23186375309643423,1.9985875058584974,0,1,101.048,101.512,0.46399999999999864,0.0,0.7759999999999962,-0.2136666666666637,0.0,0.16100000000000136,0.17927827531521998,-0.2136666666666637,0,0,2024,United States Grand Prix,0.0,20,0.0
HUL,16,0 days 00:01:41.512000,MEDIUM,16.0,True,0 days 01:26:36.110000,28.4,10,47.8,0 days 00:00:27.315000,0 days 00:00:40.556000,0 days 00:00:33.641000,1,101.512,5196.11,3.048000000000684,False,True,False,16.0,0.0,0.0,27.315,40.556,33.641,0,0,0,0.0,101.4654,0.30462895463164213,0.15297298333425585,0,0,101.824,101.19,-0.6340000000000003,0.7759999999999962,-0.3119999999999976,0.1306666666666653,0.0,0.10499999999999687,0.17478758537150008,0.1306666666666653,0,0,2024,United States Grand Prix,0.0,20,0.0
HUL,17,0 days 00:01:41.190000,MEDIUM,17.0,True,0 days 01:28:17.300000,28.4,10,47.6,0 days 00:00:27.213000,0 days 00:00:40.331000,0 days 00:00:33.646000,1,101.19,5297.3,3.229000000000269,False,True,False,17.0,0.0,0.0,27.213,40.331,33.646,0,0,0,0.0,101.42999999999999,0.28155994033236864,-0.852393986575952,0,0,101.512,102.13,0.617999999999995,0.46399999999999864,-0.32200000000000273,0.059333333333332426,0.0,0.10999999999999943,0.1741315594600797,0.059333333333332426,0,0,2024,United States Grand Prix,0.0,20,0.0
HUL,18,0 days 00:01:42.130000,MEDIUM,18.0,True,0 days 01:29:59.430000,28.3,8,47.6,0 days 00:00:27.299000,0 days 00:00:40.397000,0 days 00:00:34.434000,1,102.13,5399.43,2.433999999999287,False,True,False,18.0,0.0,0.0,27.299,40.397,34.434,0,0,0,0.0,101.38159999999999,0.3012420953319186,2.484380541754603,0,0,101.19,100.43,-0.7599999999999909,0.1419999999999959,0.9399999999999977,0.04733333333333197,0.0,0.7929999999999993,0.08931573209687144,0.04733333333333197,0,0,2024,United States Grand Prix,0.0,20,0.0
HUL,19,0 days 00:01:40.430000,MEDIUM,19.0,True,0 days 01:31:39.860000,28.3,7,47.2,0 days 00:00:27.022000,0 days 00:00:40.158000,0 days 00:00:33.250000,1,100.43,5499.86,3.105000000000473,False,True,False,19.0,0.0,0.0,27.022,40.158,33.25,0,0,0,0.0,101.54079999999999,0.44556166801013314,-2.4930331304323987,1,0,102.13,100.447,-1.6829999999999927,1.0819999999999936,-1.6999999999999886,0.10199999999999913,0.0,-0.39099999999999824,0.3243781743582636,0.10199999999999913,0,0,2024,United States Grand Prix,0.0,20,0.0
HUL,20,0 days 00:01:40.447000,MEDIUM,20.0,True,0 days 01:33:20.307000,28.5,7,47.1,0 days 00:00:27.132000,0 days 00:00:39.969000,0 days 00:00:33.346000,1,100.447,5600.307,3.6460000000006403,False,True,False,20.0,0.0,0.0,27.132,39.969,33.346,0,0,0,0.0,101.4172,0.6535940636205037,-1.4844076071096608,0,1,100.43,100.523,0.09299999999998931,0.0,0.016999999999995907,-0.3606666666666645,0.0,0.09599999999999653,0.42122416834744814,-0.3606666666666645,0,0,2024,United States Grand Prix,0.0,20,0.0
HUL,21,0 days 00:01:40.523000,MEDIUM,21.0,True,0 days 01:35:00.830000,28.4,7,47.3,0 days 00:00:26.953000,0 days 00:00:39.962000,0 days 00:00:33.608000,1,100.523,5700.83,3.98700000000008,False,True,False,21.0,0.0,0.0,26.953,39.962,33.608,0,0,0,0.0,101.1418,0.7254854926185268,-0.8529460703156795,0,0,100.447,100.757,0.3100000000000023,0.016999999999995907,0.0759999999999934,-0.247666666666665,0.0,0.357999999999997,0.4220181275727375,-0.247666666666665,0,0,2024,United States Grand Prix,0.0,20,0.0
HUL,22,0 days 00:01:40.757000,MEDIUM,22.0,True,0 days 01:36:41.587000,28.4,7,47.4,0 days 00:00:27.124000,0 days 00:00:40.236000,0 days 00:00:33.397000,1,100.757,5801.587,3.2489999999997963,False,True,False,22.0,0.0,0.0,27.124,40.236,33.397,0,0,0,0.0,100.944,0.7340909344215713,-0.25473683331526864,0,0,100.523,100.77,0.2469999999999999,0.09299999999998931,0.23400000000000887,-0.5356666666666664,0.0,0.14699999999999847,0.431444897988143,-0.5356666666666664,0,0,2024,United States Grand Prix,0.0,20,0.0
HUL,23,0 days 00:01:40.770000,MEDIUM,23.0,True,0 days 01:38:22.357000,28.5,7,47.8,0 days 00:00:27.044000,0 days 00:00:40.252000,0 days 00:00:33.474000,1,100.77,5902.357,2.6530000000002474,False,True,False,23.0,0.0,0.0,27.044,40.252,33.474,0,0,0,0.0,100.85740000000001,0.7232760883645537,-0.12083905635210804,0,0,100.757,100.329,-0.4280000000000115,0.3269999999999982,0.012999999999991019,0.10899999999999939,0.0,0.1280000000000001,0.42997592955885233,0.10899999999999939,0,0,2024,United States Grand Prix,0.0,20,0.0
HUL,24,0 days 00:01:40.329000,MEDIUM,24.0,True,0 days 01:40:02.686000,28.4,7,47.7,0 days 00:00:26.932000,0 days 00:00:40.101000,0 days 00:00:33.296000,1,100.329,6002.686,2.3840000000000146,False,True,False,24.0,0.0,0.0,26.932,40.101,33.296,0,0,0,0.0,100.5854,0.16637397633017295,-1.541106401707812,1,0,100.77,100.269,-0.5009999999999906,0.3399999999999892,-0.4410000000000025,0.10766666666666443,0.0,-0.10099999999999909,0.27631738997030014,0.10766666666666443,0,0,2024,United States Grand Prix,0.0,20,0.0
HUL,25,0 days 00:01:40.269000,MEDIUM,25.0,True,0 days 01:41:42.955000,28.5,7,48.0,0 days 00:00:27.027000,0 days 00:00:39.984000,0 days 00:00:33.258000,1,100.269,6102.955,1.806999999999789,False,True,False,25.0,0.0,0.0,27.027,39.984,33.258,0,0,0,0.0,100.5652,0.19382517896267548,-1.5281812279767715,1,1,100.329,100.664,0.33500000000000796,0.0,-0.05999999999998806,-0.06466666666666754,0.0,-0.0379999999999967,0.16332268672783787,-0.06466666666666754,0,0,2024,United States Grand Prix,0.0,20,0.0
HUL,26,0 days 00:01:40.664000,MEDIUM,26.0,True,0 days 01:43:23.619000,28.4,7,47.6,0 days 00:00:26.866000,0 days 00:00:40.448000,0 days 00:00:33.350000,1,100.664,6203.619,1.3010000000003856,False,True,False,26.0,0.0,0.0,26.866,40.448,33.35,0,0,0,0.0,100.5296,0.23329123429720117,0.5761039432316631,0,1,100.269,100.912,0.6430000000000007,0.0,0.394999999999996,-0.16266666666666652,0.0,0.09199999999999875,0.17957923042489946,-0.16266666666666652,0,0,2024,United States Grand Prix,0.0,20,0.0
HUL,29,0 days 00:01:40.912000,HARD,2.0,True,0 days 01:48:47.975000,28.8,12,47.5,0 days 00:00:27.272000,0 days 00:00:40.040000,0 days 00:00:33.600000,1,100.912,6527.975,3.5809999999992215,True,False,False,2.0,0.0,0.0,27.272,40.04,33.6,0,0,0,0.0,100.5578,0.24069835894727779,1.4715513705583232,0,0,100.664,100.338,-0.3260000000000076,0.394999999999996,0.24800000000000466,-0.03533333333333152,0.0,0.34199999999999875,0.10920760046809733,-0.03533333333333152,0,0,2024,United States Grand Prix,0.0,20,0.0
HUL,30,0 days 00:01:40.338000,HARD,3.0,True,0 days 01:50:28.313000,28.9,12,47.7,0 days 00:00:27.258000,0 days 00:00:40.055000,0 days 00:00:33.025000,1,100.338,6628.313,3.9149999999999636,True,False,False,3.0,0.0,0.0,27.258,40.055,33.025,0,0,0,0.0,100.58879999999999,0.27960454216609865,-0.8969811364903034,0,0,100.912,99.401,-1.51100000000001,0.6430000000000007,-0.5740000000000123,0.19433333333333755,0.0,-0.2330000000000041,0.17151617999477317,0.19433333333333755,0,0,2024,United States Grand Prix,0.0,20,0.0
HUL,31,0 days 00:01:39.401000,HARD,4.0,True,0 days 01:52:07.714000,28.9,11,47.7,0 days 00:00:27.007000,0 days 00:00:39.641000,0 days 00:00:32.753000,1,99.401,6727.714,5.305000000000291,True,False,False,4.0,0.0,0.0,27.007,39.641,32.753,0,0,0,0.0,100.5024,0.2763409126421808,-3.985656663970502,1,0,100.338,99.687,-0.6509999999999962,0.0689999999999884,-0.9369999999999976,0.022999999999996135,0.0,-0.27199999999999847,0.21828490557067842,0.022999999999996135,0,0,2024,United States Grand Prix,0.0,20,0.0
HUL,32,0 days 00:01:39.687000,HARD,5.0,True,0 days 01:53:47.401000,28.7,11,47.7,0 days 00:00:27.013000,0 days 00:00:39.857000,0 days 00:00:32.817000,1,99.687,6827.401,6.110999999999876,True,False,False,5.0,0.0,0.0,27.013,39.857,32.817,0,0,0,0.0,100.3168,0.5736363830859361,-1.0979080451834817,0,1,99.401,99.355,-0.04599999999999227,0.0,0.28600000000000136,-0.42100000000000176,0.0,0.06400000000000006,0.2513805879538032,-0.42100000000000176,0,0,2024,United States Grand Prix,0.0,20,0.0
HUL,33,0 days 00:01:39.355000,HARD,6.0,True,0 days 01:55:26.756000,28.8,11,47.4,0 days 00:00:26.868000,0 days 00:00:39.652000,0 days 00:00:32.835000,1,99.355,6926.756,7.0,True,False,False,6.0,0.0,0.0,26.868,39.652,32.835,0,0,0,0.0,100.20039999999999,0.6408691754171953,-1.3191459855276113,0,0,99.687,99.348,-0.33899999999999864,0.28600000000000136,-0.33199999999999363,-0.40833333333333616,0.0,0.08200000000000074,0.2538637429803631,-0.40833333333333616,0,0,2024,United States Grand Prix,0.0,20,0.0
HUL,34,0 days 00:01:39.348000,HARD,7.0,True,0 days 01:57:06.104000,28.8,11,47.1,0 days 00:00:27.004000,0 days 00:00:39.610000,0 days 00:00:32.734000,1,99.348,7026.104,7.556999999999789,True,False,False,7.0,0.0,0.0,27.004,39.61,32.734,0,0,0,0.0,99.9386,0.6708079456893139,-0.8804308353758418,0,0,99.355,99.25,-0.10500000000000398,0.0,-0.007000000000005002,-0.3276666666666633,0.0,-0.01899999999999835,0.25298181752845394,-0.3276666666666633,0,0,2024,United States Grand Prix,0.0,20,0.0
HUL,35,0 days 00:01:39.250000,HARD,8.0,True,0 days 01:58:45.354000,28.8,11,47.0,0 days 00:00:26.656000,0 days 00:00:39.728000,0 days 00:00:32.866000,1,99.25,7125.354,8.172999999999774,True,False,False,8.0,0.0,0.0,26.656,39.728,32.866,0,0,0,0.0,99.6258,0.42190484709223564,-0.890722167782637,0,0,99.348,99.196,-0.15200000000000102,0.0,-0.09799999999999898,-0.01766666666666576,0.0,0.1319999999999979,0.16649114090545525,-0.01766666666666576,0,0,2024,United States Grand Prix,0.0,20,0.0
HUL,36,0 days 00:01:39.196000,HARD,9.0,True,0 days 02:00:24.550000,28.9,11,47.2,0 days 00:00:26.688000,0 days 00:00:39.645000,0 days 00:00:32.863000,1,99.196,7224.55,9.606999999999971,True,False,False,9.0,0.0,0.0,26.688,39.645,32.863,0,0,0,0.0,99.4082,0.16527461995095089,-1.2839236905398483,0,0,99.25,99.39,0.14000000000000057,0.0,-0.054000000000002046,-0.14566666666666586,0.0,0.12899999999999778,0.16012120409239852,-0.14566666666666586,0,0,2024,United States Grand Prix,0.0,20,0.0
HUL,37,0 days 00:01:39.390000,HARD,10.0,True,0 days 02:02:03.940000,28.9,10,46.9,0 days 00:00:26.561000,0 days 00:00:39.830000,0 days 00:00:32.999000,1,99.39,7323.94,10.914999999999964,True,False,False,10.0,0.0,0.0,26.561,39.83,32.999,0,0,0,0.0,99.3672,0.1909416141126194,0.11940822908596564,0,0,99.196,99.179,-0.016999999999995907,0.0,0.19400000000000261,-0.05300000000000201,0.0,0.26500000000000057,0.061516664408919945,-0.05300000000000201,0,0,2024,United States Grand Prix,0.0,20,0.0
HUL,38,0 days 00:01:39.179000,HARD,11.0,True,0 days 02:03:43.119000,29.0,10,47.1,0 days 00:00:26.540000,0 days 00:00:39.742000,0 days 00:00:32.897000,1,99.179,7423.119,11.628999999999905,True,False,False,11.0,0.0,0.0,26.54,39.742,32.897,0,0,0,0.0,99.3078,0.08130313647046158,-1.5841947259536888,1,0,99.39,99.294,-0.09600000000000364,0.19400000000000261,-0.21099999999999852,0.014000000000000531,0.0,0.03399999999999892,0.1024582841941039,0.014000000000000531,0,0,2024,United States Grand Prix,0.0,20,0.0
HUL,39,0 days 00:01:39.294000,HARD,12.0,True,0 days 02:05:22.413000,29.0,9,46.9,0 days 00:00:26.591000,0 days 00:00:39.779000,0 days 00:00:32.924000,1,99.294,7522.413,11.731000000000677,True,False,False,12.0,0.0,0.0,26.591,39.779,32.924,0,0,0,0.0,99.2726,0.09301505254492716,0.23007028878109229,0,1,99.179,99.391,0.2120000000000033,0.0,0.11499999999999488,-0.023666666666665986,0.0,0.06099999999999994,0.10870924523700734,-0.023666666666665986,0,0,2024,United States Grand Prix,0.0,20,0.0
HUL,40,0 days 00:01:39.391000,HARD,13.0,True,0 days 02:07:01.804000,28.9,8,47.3,0 days 00:00:26.692000,0 days 00:00:39.830000,0 days 00:00:32.869000,1,99.391,7621.804,11.375,True,False,False,13.0,0.0,0.0,26.692,39.83,32.869,0,0,0,0.0,99.2618,0.08484809956584678,1.5227212001341908,0,0,99.294,99.178,-0.11599999999999966,0.11499999999999488,0.09700000000000841,0.03266666666666632,0.0,-0.027999999999998693,0.0894969273215564,0.03266666666666632,0,0,2024,United States Grand Prix,0.0,20,0.0
HUL,41,0 days 00:01:39.178000,HARD,14.0,True,0 days 02:08:40.982000,28.9,7,47.4,0 days 00:00:26.879000,0 days 00:00:39.581000,0 days 00:00:32.718000,12,99.178,7720.982,11.346000000000458,True,False,False,14.0,0.0,0.0,26.879,39.581,32.718,0,0,1,0.0,99.28999999999999,0.10170299897218243,-1.1012457954226968,0,0,99.391,98.941,-0.45000000000000284,0.2120000000000033,-0.21300000000000807,0.00033333333333492493,0.0,-0.15099999999999625,0.11182888714460067,0.00033333333333492493,0,0,2024,United States Grand Prix,0.0,20,0.0
HUL,42,0 days 00:01:38.941000,HARD,15.0,True,0 days 02:10:19.923000,29.0,7,46.4,0 days 00:00:26.593000,0 days 00:00:39.493000,0 days 00:00:32.855000,1,98.941,7819.923,2.3190000000004147,True,False,False,15.0,0.0,0.0,26.593,39.493,32.855,0,0,0,0.0,99.2864,0.10608628563549413,-3.255840261829609,1,0,99.178,98.906,-0.27199999999999136,0.0,-0.23699999999999477,-0.00033333333333492493,0.0,0.13699999999999335,0.15176857382211753,-0.00033333333333492493,0,0,2024,United States Grand Prix,0.0,20,0.0
HUL,43,0 days 00:01:38.906000,HARD,16.0,True,0 days 02:11:58.829000,29.0,7,46.2,0 days 00:00:26.545000,0 days 00:00:39.642000,0 days 00:00:32.719000,1,98.906,7918.829,1.530999999999949,True,False,False,16.0,0.0,0.0,26.545,39.642,32.719,0,0,0,0.0,99.1966,0.16827447815975016,-1.726940431953791,1,1,98.941,98.902,-0.03900000000000148,0.0,-0.03499999999999659,-0.11766666666666481,0.0,0.0009999999999976694,0.10801527669732235,-0.11766666666666481,0,0,2024,United States Grand Prix,0.0,20,0.0
HUL,44,0 days 00:01:38.902000,HARD,17.0,True,0 days 02:13:37.731000,29.0,7,46.5,0 days 00:00:26.672000,0 days 00:00:39.508000,0 days 00:00:32.722000,1,98.902,8017.731,0.45499999999992724,True,False,False,17.0,0.0,0.0,26.672,39.508,32.722,0,0,0,0.0,99.14200000000001,0.2135989232181113,-1.1236011698192832,0,1,98.906,100.572,1.6659999999999968,0.0,-0.0040000000000048885,-0.1616666666666665,0.0,0.003999999999997783,0.10723339032222715,-0.1616666666666665,0,1,2024,United States Grand Prix,0.0,20,0.0
HUL,45,0 days 00:01:40.572000,HARD,18.0,True,0 days 02:15:18.303000,29.1,8,47.0,0 days 00:00:27.780000,0 days 00:00:39.940000,0 days 00:00:32.852000,1,100.572,8118.303,9.679000000000087,True,False,False,18.0,0.0,0.0,27.78,39.94,32.852,0,0,0,0.0,99.06360000000001,0.21578994415852357,6.9901311012523095,0,0,98.902,98.645,-0.257000000000005,0.0,1.6700000000000017,-0.09199999999999875,0.0,0.13299999999999557,0.10258801099543302,-0.09199999999999875,0,0,2024,United States Grand Prix,0.0,20,0.0
HUL,46,0 days 00:01:38.645000,HARD,19.0,True,0 days 02:16:56.948000,29.1,8,47.0,0 days 00:00:26.486000,0 days 00:00:39.508000,0 days 00:00:32.651000,1,98.645,8216.948,9.653000000000247,True,False,False,19.0,0.0,0.0,26.486,39.508,32.651,0,0,0,0.0,99.2998,0.7203104886088619,-0.909052429966175,0,0,100.572,98.997,-1.5750000000000028,1.6700000000000017,-1.9270000000000067,0.5436666666666667,0.0,-0.06799999999999784,0.1185335395573716,0.5436666666666667,0,0,2024,United States Grand Prix,0.0,20,0.0
HUL,47,0 days 00:01:38.997000,HARD,20.0,True,0 days 02:18:35.945000,29.1,8,46.7,0 days 00:00:26.609000,0 days 00:00:39.732000,0 days 00:00:32.656000,1,98.997,8315.945,9.287000000000262,True,False,False,20.0,0.0,0.0,26.609,39.732,32.656,0,0,0,0.0,99.1932,0.7798235056728796,-0.25159539122985425,0,0,98.645,98.594,-0.05100000000000193,0.0,0.35200000000000387,-0.0870000000000033,0.0,0.0049999999999954525,0.09017926590962758,-0.0870000000000033,0,0,2024,United States Grand Prix,0.0,20,0.0
HUL,48,0 days 00:01:38.594000,HARD,21.0,True,0 days 02:20:14.539000,29.1,8,46.8,0 days 00:00:26.638000,0 days 00:00:39.455000,0 days 00:00:32.501000,1,98.594,8414.539,9.185999999999694,True,False,False,21.0,0.0,0.0,26.638,39.455,32.501,0,0,0,0.0,99.20439999999999,0.775686985838966,-0.7869153552187076,0,0,98.997,98.51,-0.48699999999999477,0.35200000000000387,-0.4030000000000058,0.03166666666666629,0.0,-0.15000000000000568,0.07285259089421302,0.03166666666666629,0,0,2024,United States Grand Prix,0.0,20,0.0
HUL,49,0 days 00:01:38.510000,HARD,22.0,True,0 days 02:21:53.049000,28.9,8,46.6,0 days 00:00:26.455000,0 days 00:00:39.513000,0 days 00:00:32.542000,1,98.51,8513.049,9.23399999999856,True,False,False,22.0,0.0,0.0,26.455,39.513,32.542,0,0,0,0.0,99.142,0.8171349337777358,-0.7734340729726988,0,0,98.594,98.651,0.05700000000000216,0.0,-0.08399999999998897,-0.6593333333333362,0.0,0.04100000000000392,0.10452128969736166,-0.6593333333333362,0,0,2024,United States Grand Prix,0.0,20,0.0
HUL,50,0 days 00:01:38.651000,HARD,23.0,True,0 days 02:23:31.700000,29.3,8,46.7,0 days 00:00:26.410000,0 days 00:00:39.630000,0 days 00:00:32.611000,1,98.651,8611.7,9.095999999999549,True,False,False,23.0,0.0,0.0,26.41,39.63,32.611,0,0,0,0.0,99.0636,0.8634131687668105,-0.47787086753529945,0,0,98.51,98.404,-0.10600000000000875,0.0,0.14099999999999113,-0.044999999999996966,0.0,0.10999999999999943,0.10748813888052934,-0.044999999999996966,0,0,2024,United States Grand Prix,0.0,20,0.0
HUL,51,0 days 00:01:38.404000,HARD,24.0,True,0 days 02:25:10.104000,29.3,8,46.4,0 days 00:00:26.346000,0 days 00:00:39.558000,0 days 00:00:32.500000,1,98.404,8710.104,9.145000000000437,True,False,False,24.0,0.0,0.0,26.346,39.558,32.5,0,0,0,0.0,98.6794,0.18631237210649762,-1.4781627053869721,0,0,98.651,98.703,0.05200000000000671,0.14099999999999113,-0.2469999999999999,-0.11533333333333455,0.0,-0.0009999999999976694,0.10020129739679139,-0.11533333333333455,0,0,2024,United States Grand Prix,0.0,20,0.0
HUL,52,0 days 00:01:38.703000,HARD,25.0,True,0 days 02:26:48.807000,29.2,8,46.5,0 days 00:00:26.424000,0 days 00:00:39.669000,0 days 00:00:32.610000,1,98.703,8808.807,8.722999999999956,True,False,False,25.0,0.0,0.0,26.424,39.669,32.61,0,0,0,0.0,98.6312,0.2246635261896132,0.319589037071366,0,0,98.404,98.512,0.10800000000000409,0.0,0.2990000000000066,-0.06333333333333258,0.0,0.10999999999999943,0.09526541869954876,-0.06333333333333258,0,0,2024,United States Grand Prix,0.0,20,0.0
HUL,53,0 days 00:01:38.512000,HARD,26.0,True,0 days 02:28:27.319000,29.1,8,46.0,0 days 00:00:26.553000,0 days 00:00:39.386000,0 days 00:00:32.573000,1,98.512,8907.319,8.324000000000524,True,False,False,26.0,0.0,0.0,26.553,39.386,32.573,0,0,0,0.0,98.57239999999999,0.11827214380382266,-0.510686608506668,0,0,98.703,98.775,0.07200000000000273,0.2990000000000066,-0.1910000000000025,0.06433333333333262,0.0,0.0730000000000004,0.10719374981779638,0.06433333333333262,0,0,2024,United States Grand Prix,0.0,20,0.0
HUL,54,0 days 00:01:38.775000,HARD,27.0,True,0 days 02:30:06.094000,29.3,8,46.0,0 days 00:00:26.458000,0 days 00:00:39.698000,0 days 00:00:32.619000,1,98.775,9006.094,7.640000000001237,True,False,False,27.0,0.0,0.0,26.458,39.698,32.619,0,0,0,0.0,98.556,0.12019775372257496,1.8219974435252426,0,0,98.512,98.714,0.20199999999999818,0.10800000000000409,0.26300000000000523,-0.04633333333333193,0.0,0.11899999999999977,0.04752157404800181,-0.04633333333333193,0,0,2024,United States Grand Prix,0.0,20,0.0
HUL,55,0 days 00:01:38.714000,HARD,28.0,True,0 days 02:31:44.808000,29.2,8,46.1,0 days 00:00:26.364000,0 days 00:00:39.693000,0 days 00:00:32.657000,1,98.714,9104.808,7.358999999998559,True,False,False,28.0,0.0,0.0,26.364,39.693,32.657,0,0,0,0.0,98.60900000000001,0.14965794332394225,0.7015999128941116,0,0,98.775,99.0,0.22499999999999432,0.3710000000000093,-0.06100000000000705,0.12366666666666977,0.0,0.08399999999999608,0.049766454565296825,0.12366666666666977,0,0,2024,United States Grand Prix,0.0,20,0.0
LAW,2,0 days 00:01:42.809000,HARD,2.0,True,0 days 01:00:43.014000,28.1,13,47.2,0 days 00:00:28.244000,0 days 00:00:40.538000,0 days 00:00:34.027000,12,102.809,3643.014,0.650000000000091,True,False,False,2.0,0.0,0.0,28.244,40.538,34.027,0,0,1,0.0,98.74080000000001,0.17525039229613107,23.21364275821825,0,0,102.809,102.925,0.11599999999999966,4.296999999999997,0.0,0.16266666666666652,0.0,1.4080000000000013,0.09509837012273108,0.0,0,1,2024,United States Grand Prix,0.0,20,0.0
LAW,6,0 days 00:01:42.925000,HARD,6.0,True,0 days 01:09:42.294000,28.1,12,47.4,0 days 00:00:27.972000,0 days 00:00:40.956000,0 days 00:00:33.997000,1,102.925,4182.294,0.7860000000000582,True,False,False,6.0,0.0,0.0,27.972,40.956,33.997,0,0,0,0.0,,,0.0,0,0,102.809,102.01,-0.7989999999999924,0.0,0.11599999999999966,0.0,0.0,0.0,0.0,0.0,0,1,2024,United States Grand Prix,0.0,20,0.0
LAW,7,0 days 00:01:42.010000,HARD,7.0,True,0 days 01:11:24.304000,28.1,12,47.2,0 days 00:00:27.979000,0 days 00:00:40.097000,0 days 00:00:33.934000,1,102.01,4284.304,0.8760000000002037,True,False,False,7.0,0.0,0.0,27.979,40.097,33.934,0,0,0,0.0,,,0.0,0,0,102.925,101.557,-1.367999999999995,0.0,-0.914999999999992,0.05799999999999983,0.0,-0.06300000000000239,0.0,0.0,0,1,2024,United States Grand Prix,0.0,20,0.0
LAW,8,0 days 00:01:41.557000,HARD,8.0,True,0 days 01:13:05.861000,28.0,12,46.9,0 days 00:00:27.673000,0 days 00:00:40.052000,0 days 00:00:33.832000,1,101.557,4385.861,0.7930000000005748,True,False,False,8.0,0.0,0.0,27.673,40.052,33.832,0,0,0,0.0,102.58133333333335,0.4981770100409364,-2.056163397120982,1,0,102.01,102.1,0.0899999999999892,0.0,-0.45300000000000296,-0.2663333333333308,0.0,-0.10199999999999676,0.831692451170104,-0.3994999999999962,0,1,2024,United States Grand Prix,0.0,20,0.0
LAW,9,0 days 00:01:42.100000,HARD,9.0,True,0 days 01:14:47.961000,28.1,12,46.7,0 days 00:00:27.486000,0 days 00:00:40.424000,0 days 00:00:34.190000,1,102.1,4487.961,0.6030000000000655,True,False,False,9.0,0.0,0.0,27.486,40.424,34.19,0,0,0,0.0,102.32525,0.6540399452632795,-0.3443979249758663,0,1,101.557,102.012,0.4549999999999983,0.0,0.5429999999999922,-0.4173333333333318,0.0,0.357999999999997,0.7327061143459911,-0.4173333333333318,0,1,2024,United States Grand Prix,0.0,20,0.0
LAW,10,0 days 00:01:42.012000,HARD,10.0,True,0 days 01:16:29.973000,28.2,12,47.0,0 days 00:00:27.649000,0 days 00:00:40.352000,0 days 00:00:34.011000,12,102.012,4589.973,0.8819999999996071,True,False,False,10.0,0.0,0.0,27.649,40.352,34.011,0,0,1,0.0,102.28020000000001,0.5753031374849221,-0.46618900980187417,0,0,102.1,101.535,-0.5649999999999977,0.5429999999999922,-0.08799999999999386,-0.27500000000000097,0.0,0.17900000000000205,0.6348938493953147,-0.27500000000000097,0,1,2024,United States Grand Prix,0.0,20,0.0
LAW,11,0 days 00:01:41.535000,HARD,11.0,True,0 days 01:18:11.508000,28.2,11,47.0,0 days 00:00:27.533000,0 days 00:00:40.019000,0 days 00:00:33.983000,1,101.535,4691.508,0.8280000000004293,True,False,False,11.0,0.0,0.0,27.533,40.019,33.983,0,0,0,0.0,102.1208,0.497281308717706,-1.1780052652904955,0,0,102.012,101.26,-0.7519999999999953,0.4549999999999983,-0.47700000000000387,0.000666666666665113,0.0,0.15099999999999625,0.19163846169284393,0.000666666666665113,0,1,2024,United States Grand Prix,0.0,20,0.0
LAW,12,0 days 00:01:41.260000,HARD,12.0,True,0 days 01:19:52.768000,28.1,11,47.1,0 days 00:00:27.398000,0 days 00:00:40.328000,0 days 00:00:33.534000,1,101.26,4792.768,1.2690000000002328,True,False,False,12.0,0.0,0.0,27.398,40.328,33.534,0,0,0,0.0,101.8428,0.2734770557103468,-2.1310745740120307,1,0,101.535,101.32,-0.2150000000000034,0.0,-0.2749999999999915,-0.00733333333333519,0.0,-0.44899999999999807,0.18886053055098495,-0.00733333333333519,0,0,2024,United States Grand Prix,0.0,20,0.0
LAW,13,0 days 00:01:41.320000,HARD,13.0,True,0 days 01:21:34.088000,28.1,11,47.4,0 days 00:00:27.333000,0 days 00:00:40.307000,0 days 00:00:33.680000,1,101.32,4894.088,1.636000000000422,True,False,False,13.0,0.0,0.0,27.333,40.307,33.68,0,0,0,0.0,101.69279999999999,0.35297266183091863,-1.056172447084803,0,1,101.26,101.383,0.12299999999999045,0.0,0.05999999999998806,-0.2799999999999964,0.0,0.1460000000000008,0.31275277776544014,-0.2799999999999964,0,0,2024,United States Grand Prix,0.0,20,0.0
LAW,14,0 days 00:01:41.383000,HARD,14.0,True,0 days 01:23:15.471000,28.3,11,47.8,0 days 00:00:27.294000,0 days 00:00:40.546000,0 days 00:00:33.543000,1,101.383,4995.471,1.9590000000007421,True,False,False,14.0,0.0,0.0,27.294,40.546,33.543,0,0,0,0.0,101.6454,0.3897637746122748,-0.6732282913183174,0,0,101.32,102.041,0.7210000000000036,0.05999999999998806,0.06300000000000239,-0.2306666666666691,0.0,0.009000000000000341,0.30670751539536667,-0.2306666666666691,0,0,2024,United States Grand Prix,0.0,20,0.0
LAW,15,0 days 00:01:42.041000,HARD,15.0,True,0 days 01:24:57.512000,28.4,11,47.5,0 days 00:00:27.361000,0 days 00:00:40.813000,0 days 00:00:33.867000,1,102.041,5097.512,1.4480000000003201,True,False,False,15.0,0.0,0.0,27.361,40.813,33.867,0,0,0,0.0,101.502,0.3029183058186126,1.7793576342089887,0,0,101.383,101.646,0.26300000000000523,0.12299999999999045,0.6580000000000013,-0.050666666666667005,0.0,0.3329999999999984,0.26342968701344116,-0.050666666666667005,0,0,2024,United States Grand Prix,0.0,20,0.0
LAW,16,0 days 00:01:41.646000,HARD,16.0,True,0 days 01:26:39.158000,28.4,11,47.8,0 days 00:00:27.305000,0 days 00:00:40.564000,0 days 00:00:33.777000,1,101.646,5199.158,1.4829999999992651,True,False,False,16.0,0.0,0.0,27.305,40.564,33.777,0,0,0,0.0,101.5078,0.315155041209907,0.43851432447165084,0,0,102.041,101.371,-0.6700000000000017,0.7809999999999917,-0.394999999999996,0.2603333333333306,0.0,0.23400000000000176,0.2955790926300424,0.2603333333333306,0,0,2024,United States Grand Prix,0.0,20,0.0
LAW,17,0 days 00:01:41.371000,HARD,17.0,True,0 days 01:28:20.529000,28.4,11,47.6,0 days 00:00:27.274000,0 days 00:00:40.435000,0 days 00:00:33.662000,1,101.371,5300.529,1.8239999999996144,True,False,False,17.0,0.0,0.0,27.274,40.435,33.662,0,0,0,0.0,101.53,0.3213977286789959,-0.4947141370709912,0,0,101.646,101.335,-0.31100000000000705,0.3859999999999957,-0.2750000000000057,0.1086666666666692,0.0,0.11899999999999977,0.30567024716187136,0.1086666666666692,0,0,2024,United States Grand Prix,0.0,20,0.0
LAW,18,0 days 00:01:41.335000,HARD,18.0,True,0 days 01:30:01.864000,28.3,10,47.6,0 days 00:00:27.284000,0 days 00:00:40.427000,0 days 00:00:33.624000,1,101.335,5401.864,1.0190000000002328,True,False,False,18.0,0.0,0.0,27.284,40.427,33.624,0,0,0,0.0,101.5522,0.301290059577175,-0.7208999868924316,0,0,101.371,101.101,-0.269999999999996,0.05100000000000193,-0.036000000000001364,-0.004000000000000152,0.0,-0.0379999999999967,0.1222157927601828,-0.004000000000000152,0,0,2024,United States Grand Prix,0.0,20,0.0
LAW,19,0 days 00:01:41.101000,HARD,19.0,True,0 days 01:31:42.965000,28.3,8,47.2,0 days 00:00:27.225000,0 days 00:00:40.465000,0 days 00:00:33.411000,1,101.101,5502.965,1.1210000000000946,True,False,False,19.0,0.0,0.0,27.225,40.465,33.411,0,0,0,0.0,101.5552,0.29846138778746145,-1.521804891972969,1,0,101.335,100.988,-0.3469999999999942,0.0,-0.23399999999999466,-0.23533333333333437,0.0,-0.21300000000000097,0.1541113233996765,-0.23533333333333437,0,0,2024,United States Grand Prix,0.0,20,0.0
LAW,20,0 days 00:01:40.988000,HARD,20.0,True,0 days 01:33:23.953000,28.5,8,47.1,0 days 00:00:27.224000,0 days 00:00:40.246000,0 days 00:00:33.518000,1,100.988,5603.953,0.8989999999994325,True,False,False,20.0,0.0,0.0,27.224,40.246,33.518,0,0,0,0.0,101.49879999999999,0.35953330860995314,-1.4207306743702586,0,1,101.101,102.238,1.1370000000000005,0.0,-0.11299999999999955,-0.18166666666666723,0.0,0.10699999999999932,0.21724064997140827,-0.18166666666666723,0,1,2024,United States Grand Prix,0.0,20,0.0
LAW,21,0 days 00:01:42.238000,HARD,21.0,True,0 days 01:35:06.191000,28.4,9,47.3,0 days 00:00:27.120000,0 days 00:00:40.697000,0 days 00:00:34.421000,1,102.238,5706.191,2.6710000000002765,True,False,False,21.0,0.0,0.0,27.12,40.697,34.421,0,0,0,0.0,101.28819999999999,0.25604237930473545,3.7095421569629354,0,0,100.988,101.448,0.45999999999999375,0.0,1.25,-0.12766666666666518,0.0,1.009999999999998,0.17207759877450693,-0.12766666666666518,0,0,2024,United States Grand Prix,0.0,20,0.0
LAW,22,0 days 00:01:41.448000,HARD,22.0,True,0 days 01:36:47.639000,28.4,9,47.4,0 days 00:00:27.274000,0 days 00:00:40.437000,0 days 00:00:33.737000,1,101.448,5807.639,3.2539999999999054,True,False,False,22.0,0.0,0.0,27.274,40.437,33.737,0,0,0,0.0,101.4066,0.49148682586619397,0.08423420083952958,0,0,102.238,100.853,-1.3850000000000051,1.25,-0.7900000000000063,0.30100000000000193,0.0,0.3260000000000005,0.4739403970965116,0.30100000000000193,0,0,2024,United States Grand Prix,0.0,20,0.0
LAW,23,0 days 00:01:40.853000,HARD,23.0,True,0 days 01:38:28.492000,28.5,9,47.8,0 days 00:00:27.060000,0 days 00:00:40.404000,0 days 00:00:33.389000,1,100.853,5908.492,3.712999999999738,True,False,False,23.0,0.0,0.0,27.06,40.404,33.389,0,0,0,0.0,101.422,0.4912987889258693,-1.1581546969493088,0,0,101.448,100.869,-0.5789999999999935,0.45999999999999375,-0.5949999999999989,0.11566666666666474,0.0,-0.12899999999999778,0.4744642241518312,0.11566666666666474,0,0,2024,United States Grand Prix,0.0,20,0.0
LAW,24,0 days 00:01:40.869000,HARD,24.0,True,0 days 01:40:09.361000,28.4,9,47.7,0 days 00:00:27.134000,0 days 00:00:40.321000,0 days 00:00:33.414000,1,100.869,6009.361,4.070999999999913,True,False,False,24.0,0.0,0.0,27.134,40.321,33.414,0,0,0,0.0,101.3256,0.5557034280981469,-0.8216612979384951,0,0,100.853,100.653,-0.19999999999998863,0.0,0.016000000000005343,-0.045000000000001705,0.0,0.02499999999999858,0.4892327666867778,-0.045000000000001705,0,0,2024,United States Grand Prix,0.0,20,0.0
LAW,25,0 days 00:01:40.653000,HARD,25.0,True,0 days 01:41:50.014000,28.5,9,48.0,0 days 00:00:27.206000,0 days 00:00:40.145000,0 days 00:00:33.302000,1,100.653,6110.014,4.173999999999978,True,False,False,25.0,0.0,0.0,27.206,40.145,33.302,0,0,0,0.0,101.27919999999999,0.5878985456692626,-1.0651497688042724,0,0,100.869,100.922,0.05299999999999727,0.016000000000005343,-0.21599999999999397,-0.45633333333333326,0.0,-0.0870000000000033,0.4462361482444011,-0.45633333333333326,0,0,2024,United States Grand Prix,0.0,20,0.0
LAW,26,0 days 00:01:40.922000,HARD,26.0,True,0 days 01:43:30.936000,28.4,9,47.6,0 days 00:00:27.044000,0 days 00:00:40.340000,0 days 00:00:33.538000,1,100.922,6210.936,4.152000000000044,True,False,False,26.0,0.0,0.0,27.044,40.34,33.538,0,0,0,0.0,101.2122,0.6456358880979538,-0.4494793510548634,0,0,100.653,100.304,-0.34900000000000375,0.0,0.26899999999999125,-0.26499999999999585,0.0,0.2359999999999971,0.4714355735410721,-0.26499999999999585,0,0,2024,United States Grand Prix,0.0,20,0.0
LAW,27,0 days 00:01:40.304000,HARD,27.0,True,0 days 01:45:11.240000,28.5,8,47.3,0 days 00:00:26.846000,0 days 00:00:40.207000,0 days 00:00:33.251000,1,100.304,6311.24,4.298999999999978,True,False,False,27.0,0.0,0.0,26.846,40.207,33.251,0,0,0,0.0,100.949,0.2970530255695764,-2.1713295084716204,1,0,100.922,100.235,-0.6869999999999976,0.26899999999999125,-0.617999999999995,0.02300000000000087,0.0,-0.05100000000000193,0.1995487409130911,0.02300000000000087,0,0,2024,United States Grand Prix,0.0,20,0.0
LAW,28,0 days 00:01:40.235000,HARD,28.0,True,0 days 01:46:51.475000,28.6,7,47.5,0 days 00:00:26.900000,0 days 00:00:40.102000,0 days 00:00:33.233000,1,100.235,6411.475,4.268999999999323,True,False,False,28.0,0.0,0.0,26.9,40.102,33.233,0,0,0,0.0,100.7202,0.2540860090600228,-1.9095895984000721,1,1,100.304,100.523,0.2189999999999941,0.0,-0.06900000000000261,-0.18833333333333258,0.0,-0.018000000000000682,0.14415685901128583,-0.18833333333333258,0,0,2024,United States Grand Prix,0.0,20,0.0
LAW,29,0 days 00:01:40.523000,HARD,29.0,True,0 days 01:48:31.998000,28.8,7,47.5,0 days 00:00:26.964000,0 days 00:00:40.208000,0 days 00:00:33.351000,1,100.523,6511.998,4.288000000000466,True,False,False,29.0,0.0,0.0,26.964,40.208,33.351,0,0,0,0.0,100.5966,0.3160843241922276,-0.23284925688133445,0,1,100.235,100.622,0.38700000000000045,0.0,0.2879999999999967,-0.13933333333333545,0.0,0.1180000000000021,0.1270924860092051,-0.13933333333333545,0,0,2024,United States Grand Prix,0.0,20,0.0
LAW,30,0 days 00:01:40.622000,HARD,30.0,True,0 days 01:50:12.620000,29.0,7,47.7,0 days 00:00:26.934000,0 days 00:00:40.156000,0 days 00:00:33.532000,1,100.622,6612.62,4.032000000000153,True,False,False,30.0,0.0,0.0,26.934,40.156,33.532,0,0,0,0.0,100.52740000000001,0.27699693139105686,0.34152002884982086,0,0,100.523,100.613,0.09000000000000341,0.2879999999999967,0.09900000000000375,-0.1330000000000003,0.0,0.2989999999999995,0.13441837671985243,-0.1330000000000003,0,0,2024,United States Grand Prix,0.0,20,0.0
LAW,31,0 days 00:01:40.613000,HARD,31.0,True,0 days 01:51:53.233000,28.9,7,47.7,0 days 00:00:27.077000,0 days 00:00:40.262000,0 days 00:00:33.274000,1,100.613,6713.233,3.9539999999997235,True,False,False,31.0,0.0,0.0,27.077,40.262,33.274,0,0,0,0.0,100.5212,0.2738114314634465,0.3352672293825012,0,0,100.622,100.451,-0.17100000000000648,0.38700000000000045,-0.009000000000000341,0.10599999999999928,0.0,0.04100000000000392,0.1530806976728289,0.10599999999999928,0,0,2024,United States Grand Prix,0.0,20,0.0
LAW,32,0 days 00:01:40.451000,HARD,32.0,True,0 days 01:53:33.684000,28.7,7,47.7,0 days 00:00:26.895000,0 days 00:00:40.297000,0 days 00:00:33.259000,1,100.451,6813.684,3.7730000000001382,True,False,False,32.0,0.0,0.0,26.895,40.297,33.259,0,0,0,0.0,100.45939999999999,0.1792911040739826,-0.046851181174769614,0,0,100.613,100.286,-0.3269999999999982,0.3780000000000001,-0.16200000000000614,0.12600000000000003,0.0,-0.015000000000000568,0.13934381938213164,0.12600000000000003,0,0,2024,United States Grand Prix,0.0,20,0.0
LAW,33,0 days 00:01:40.286000,HARD,33.0,True,0 days 01:55:13.970000,28.7,7,47.5,0 days 00:00:26.846000,0 days 00:00:40.273000,0 days 00:00:33.167000,1,100.286,6913.97,3.7249999999994543,True,False,False,33.0,0.0,0.0,26.846,40.273,33.167,0,0,0,0.0,100.4888,0.15825675341060375,-1.2814619005472914,0,0,100.451,100.449,-0.001999999999995339,0.21599999999999397,-0.16499999999999204,-0.02400000000000091,0.0,-0.09199999999999875,0.13174786525784776,-0.02400000000000091,0,0,2024,United States Grand Prix,0.0,20,0.0
LAW,34,0 days 00:01:40.449000,HARD,34.0,True,0 days 01:56:54.419000,28.8,7,47.1,0 days 00:00:27.057000,0 days 00:00:40.334000,0 days 00:00:33.058000,1,100.449,7014.419,3.5820000000003347,True,False,False,34.0,0.0,0.0,27.057,40.334,33.058,0,0,0,0.0,100.499,0.1381792314353473,-0.3618488790292025,0,0,100.286,100.484,0.1979999999999933,0.0,0.1629999999999967,-0.1119999999999995,0.0,-0.10900000000000176,0.1492102543393044,-0.1119999999999995,0,0,2024,United States Grand Prix,0.0,20,0.0
LAW,35,0 days 00:01:40.484000,HARD,35.0,True,0 days 01:58:34.903000,28.8,7,47.0,0 days 00:00:26.911000,0 days 00:00:40.317000,0 days 00:00:33.256000,1,100.484,7114.903,3.2929999999996653,True,False,False,35.0,0.0,0.0,26.911,40.317,33.256,0,0,0,0.0,100.48419999999999,0.13892695922701576,-0.001439605394843598,0,0,100.449,98.905,-1.543999999999997,0.1629999999999967,0.03499999999999659,-0.05466666666666716,0.0,0.1980000000000004,0.16475496957603453,-0.05466666666666716,0,0,2024,United States Grand Prix,0.0,20,0.0
LAW,38,0 days 00:01:38.905000,MEDIUM,2.0,True,0 days 02:03:54.748000,29.0,11,47.1,0 days 00:00:26.863000,0 days 00:00:38.894000,0 days 00:00:33.148000,1,98.905,7434.748,0.9520000000002256,False,True,False,2.0,0.0,0.0,26.863,38.894,33.148,0,0,0,0.0,100.45660000000001,0.11662461146802514,-13.304224386851727,1,0,100.484,99.396,-1.0879999999999939,0.1979999999999933,-1.5789999999999935,0.011000000000000417,0.0,0.09000000000000341,0.12384385329922598,0.011000000000000417,0,1,2024,United States Grand Prix,0.0,20,0.0
LAW,39,0 days 00:01:39.396000,MEDIUM,3.0,True,0 days 02:05:34.144000,29.0,10,46.9,0 days 00:00:26.882000,0 days 00:00:39.589000,0 days 00:00:32.925000,1,99.396,7534.144,1.5369999999993524,False,True,False,3.0,0.0,0.0,26.882,39.589,32.925,0,0,0,0.0,100.115,0.6807998971798535,-1.0561106177870778,0,1,98.905,99.035,0.12999999999999545,0.0,0.49099999999999966,-0.4603333333333334,0.0,-0.13300000000000267,0.12926445760533042,-0.4603333333333334,0,0,2024,United States Grand Prix,0.0,20,0.0
LAW,40,0 days 00:01:39.035000,MEDIUM,4.0,True,0 days 02:07:13.179000,28.9,9,47.3,0 days 00:00:26.727000,0 days 00:00:39.622000,0 days 00:00:32.686000,1,99.035,7633.179,2.40099999999984,False,True,False,4.0,0.0,0.0,26.727,39.622,32.686,0,0,0,0.0,99.904,0.713339680657203,-1.2182134592588292,0,0,99.396,99.149,-0.2469999999999999,0.49099999999999966,-0.3610000000000042,-0.3509999999999991,0.0,-0.23899999999999721,0.14570072065710749,-0.3509999999999991,0,0,2024,United States Grand Prix,0.0,20,0.0
LAW,41,0 days 00:01:39.149000,MEDIUM,5.0,True,0 days 02:08:52.328000,28.9,9,47.4,0 days 00:00:26.982000,0 days 00:00:39.588000,0 days 00:00:32.579000,12,99.149,7732.328,3.834999999999127,False,True,False,5.0,0.0,0.0,26.982,39.588,32.579,0,0,1,0.0,99.6538,0.7634871970112845,-0.661176771498032,0,0,99.035,98.409,-0.6259999999999906,0.12999999999999545,0.11400000000000432,-0.4829999999999994,0.0,-0.10699999999999932,0.1778659607682151,-0.4829999999999994,0,0,2024,United States Grand Prix,0.0,20,0.0
LAW,42,0 days 00:01:38.409000,MEDIUM,6.0,True,0 days 02:10:30.737000,29.0,9,46.4,0 days 00:00:26.493000,0 days 00:00:39.293000,0 days 00:00:32.623000,1,98.409,7830.737,4.567000000000007,False,True,False,6.0,0.0,0.0,26.493,39.293,32.623,0,0,0,0.0,99.39380000000001,0.6356356660856735,-1.5493152013708302,1,0,99.149,99.104,-0.045000000000001705,0.24399999999999977,-0.7399999999999949,0.08133333333333326,0.0,0.04399999999999693,0.17767020008994233,0.08133333333333326,0,0,2024,United States Grand Prix,0.0,20,0.0
LAW,43,0 days 00:01:39.104000,MEDIUM,7.0,True,0 days 02:12:09.841000,29.0,9,46.2,0 days 00:00:26.653000,0 days 00:00:39.607000,0 days 00:00:32.844000,1,99.104,7929.841,4.738999999999578,False,True,False,7.0,0.0,0.0,26.653,39.607,32.844,0,0,0,0.0,98.9788,0.36616280532056644,0.34192440679599595,0,1,98.409,99.057,0.6479999999999961,0.0,0.6949999999999932,-0.32899999999999824,0.0,0.26500000000000057,0.13461983509126724,-0.32899999999999824,0,0,2024,United States Grand Prix,0.0,20,0.0
LAW,44,0 days 00:01:39.057000,MEDIUM,8.0,True,0 days 02:13:48.898000,29.0,9,46.5,0 days 00:00:26.693000,0 days 00:00:39.516000,0 days 00:00:32.848000,1,99.057,8028.898,5.231999999999971,False,True,False,8.0,0.0,0.0,26.693,39.516,32.848,0,0,0,0.0,99.0186,0.36694999659384386,0.10464641056394,0,0,99.104,99.084,-0.01999999999999602,0.6949999999999932,-0.046999999999997044,0.02300000000000087,0.0,0.26899999999999835,0.19534584715319606,0.02300000000000087,0,0,2024,United States Grand Prix,0.0,20,0.0
LAW,45,0 days 00:01:39.084000,MEDIUM,9.0,True,0 days 02:15:27.982000,29.1,9,47.0,0 days 00:00:26.662000,0 days 00:00:39.582000,0 days 00:00:32.840000,1,99.084,8127.982,5.460000000000036,False,True,False,9.0,0.0,0.0,26.662,39.582,32.84,0,0,0,0.0,98.9508,0.30605097614650767,0.43522161463794484,0,0,99.057,98.619,-0.4380000000000024,0.6479999999999961,0.027000000000001023,-0.03066666666666625,0.0,0.21700000000000585,0.22490397951125604,-0.03066666666666625,0,0,2024,United States Grand Prix,0.0,20,0.0
LAW,46,0 days 00:01:38.619000,MEDIUM,10.0,True,0 days 02:17:06.601000,29.1,9,47.0,0 days 00:00:26.637000,0 days 00:00:39.410000,0 days 00:00:32.572000,1,98.619,8226.601,4.451999999999316,False,True,False,10.0,0.0,0.0,26.637,39.41,32.572,0,0,0,0.0,98.96060000000001,0.31017785220777705,-1.1013036474673512,0,0,99.084,98.631,-0.45300000000000296,0.6749999999999972,-0.4650000000000034,0.22499999999999906,0.0,-0.2680000000000007,0.164614094171794,0.22499999999999906,0,0,2024,United States Grand Prix,0.0,20,0.0
LAW,47,0 days 00:01:38.631000,MEDIUM,11.0,True,0 days 02:18:45.232000,29.1,9,46.7,0 days 00:00:26.524000,0 days 00:00:39.504000,0 days 00:00:32.603000,1,98.631,8325.232,3.811999999999898,False,True,False,11.0,0.0,0.0,26.524,39.504,32.603,0,0,0,0.0,98.85459999999999,0.32010045298349926,-0.6985307203283363,0,0,98.619,98.493,-0.12600000000000477,0.20999999999999375,0.012000000000000455,-0.1616666666666665,0.0,0.030999999999998806,0.227974340661401,-0.1616666666666665,0,0,2024,United States Grand Prix,0.0,20,0.0
LAW,48,0 days 00:01:38.493000,MEDIUM,12.0,True,0 days 02:20:23.725000,29.0,9,46.7,0 days 00:00:26.442000,0 days 00:00:39.540000,0 days 00:00:32.511000,1,98.493,8423.725,3.6450000000004366,False,True,False,12.0,0.0,0.0,26.442,39.54,32.511,0,0,0,0.0,98.899,0.2507179690413877,-1.6193494289712627,1,0,98.631,98.558,-0.07299999999999329,0.012000000000000455,-0.13800000000000523,-0.14200000000000065,0.0,-0.06099999999999994,0.2289218207161573,-0.14200000000000065,0,0,2024,United States Grand Prix,0.0,20,0.0
LAW,49,0 days 00:01:38.558000,MEDIUM,13.0,True,0 days 02:22:02.283000,28.9,9,46.6,0 days 00:00:26.338000,0 days 00:00:39.619000,0 days 00:00:32.601000,1,98.558,8522.283,3.4989999999997963,False,True,False,13.0,0.0,0.0,26.338,39.619,32.601,0,0,0,0.0,98.77680000000001,0.2736717011315893,-0.7994980814431971,0,1,98.493,98.513,0.020000000000010232,0.0,0.06500000000001194,-0.19700000000000273,0.0,0.0899999999999963,0.217305775348932,-0.19700000000000273,0,0,2024,United States Grand Prix,0.0,20,0.0
LAW,50,0 days 00:01:38.513000,MEDIUM,14.0,True,0 days 02:23:40.796000,29.3,9,46.7,0 days 00:00:26.341000,0 days 00:00:39.651000,0 days 00:00:32.521000,1,98.513,8620.796,3.0120000000006257,False,True,False,14.0,0.0,0.0,26.341,39.651,32.521,0,0,0,0.0,98.67699999999999,0.23406516186795862,-0.7006595885145152,0,0,98.558,98.453,-0.10500000000000398,0.06500000000001194,-0.045000000000001705,-0.020333333333330945,0.0,0.00999999999999801,0.18143786815326232,-0.020333333333330945,0,0,2024,United States Grand Prix,0.0,20,0.0
LAW,51,0 days 00:01:38.453000,MEDIUM,15.0,True,0 days 02:25:19.249000,29.2,9,46.5,0 days 00:00:26.456000,0 days 00:00:39.468000,0 days 00:00:32.529000,1,98.453,8719.249,3.22400000000016,False,True,False,15.0,0.0,0.0,26.456,39.468,32.529,0,0,0,0.0,98.5628,0.06161331025266616,-1.7820824680531018,1,0,98.513,98.281,-0.23199999999999932,0.020000000000010232,-0.060000000000002274,-0.039333333333331666,0.0,0.018000000000000682,0.13862286968606516,-0.039333333333331666,0,0,2024,United States Grand Prix,0.0,20,0.0
LAW,52,0 days 00:01:38.281000,MEDIUM,16.0,True,0 days 02:26:57.530000,29.2,9,46.5,0 days 00:00:26.341000,0 days 00:00:39.392000,0 days 00:00:32.548000,1,98.281,8817.53,3.0759999999991123,False,True,False,16.0,0.0,0.0,26.341,39.392,32.548,0,0,0,0.0,98.5296,0.06813809507387827,-3.6484729978208703,1,1,98.453,98.113,-0.3400000000000034,0.0,-0.17199999999999704,-0.01333333333333068,0.0,0.027000000000001023,0.05398425696441437,-0.01333333333333068,0,0,2024,United States Grand Prix,0.0,20,0.0
LAW,53,0 days 00:01:38.113000,MEDIUM,17.0,True,0 days 02:28:35.643000,29.1,9,46.0,0 days 00:00:26.375000,0 days 00:00:39.293000,0 days 00:00:32.445000,1,98.113,8915.643,2.9950000000008004,False,True,False,17.0,0.0,0.0,26.375,39.293,32.445,0,0,0,0.0,98.4596,0.10676047958074157,-3.246519698685561,1,1,98.281,98.091,-0.19000000000001194,0.0,-0.16800000000000637,-0.09233333333333367,0.0,-0.07600000000000051,0.05376523040032407,-0.09233333333333367,0,0,2024,United States Grand Prix,0.0,20,0.0
LAW,54,0 days 00:01:38.091000,MEDIUM,18.0,True,0 days 02:30:13.734000,29.3,9,46.0,0 days 00:00:26.292000,0 days 00:00:39.407000,0 days 00:00:32.392000,1,98.091,9013.734,2.6119999999991705,False,True,False,18.0,0.0,0.0,26.292,39.407,32.392,0,0,0,0.0,98.3836,0.18420586309975573,-1.5884402107307045,1,1,98.113,98.433,0.3200000000000074,0.0,-0.02200000000000557,-0.13333333333333522,0.0,-0.05299999999999727,0.059322845515028616,-0.13333333333333522,0,0,2024,United States Grand Prix,0.0,20,0.0
LAW,55,0 days 00:01:38.433000,MEDIUM,19.0,True,0 days 02:31:52.167000,29.2,9,46.1,0 days 00:00:26.307000,0 days 00:00:39.576000,0 days 00:00:32.550000,1,98.433,9112.167,2.1050000000013824,False,True,False,19.0,0.0,0.0,26.307,39.576,32.55,0,0,0,0.0,98.2902,0.19190414273888276,0.7441215075503149,0,1,98.091,99.273,1.1820000000000022,0.0,0.34200000000001296,-0.12066666666666966,0.0,0.15799999999999415,0.04648333034540479,-0.12066666666666966,0,0,2024,United States Grand Prix,0.0,20,0.0
LEC,2,0 days 00:01:40.341000,MEDIUM,2.0,True,0 days 01:00:31.559000,28.1,1,47.2,0 days 00:00:27.122000,0 days 00:00:39.879000,0 days 00:00:33.340000,1,100.341,3631.559,1.319999999999709,False,True,False,2.0,0.0,0.0,27.122,39.879,33.34,0,0,0,0.0,98.43820000000001,0.4868092028714207,3.908718218095325,0,0,100.341,98.951,-1.3900000000000006,2.25,0.0,0.38666666666666555,0.0,0.9480000000000004,0.315433828242945,0.0,0,0,2024,United States Grand Prix,0.0,20,0.0
LEC,6,0 days 00:01:38.951000,MEDIUM,6.0,True,0 days 01:09:33.349000,28.1,1,47.4,0 days 00:00:27.025000,0 days 00:00:39.440000,0 days 00:00:32.486000,1,98.951,4173.349,1.2429999999994834,False,True,False,6.0,0.0,0.0,27.025,39.44,32.486,0,0,0,0.0,,,0.0,0,0,100.341,99.57,-0.7710000000000008,0.0,-1.3900000000000006,0.0,0.0,0.0,0.0,0.0,0,0,2024,United States Grand Prix,0.0,20,0.0
LEC,7,0 days 00:01:39.570000,MEDIUM,7.0,True,0 days 01:11:12.919000,28.1,1,47.2,0 days 00:00:26.844000,0 days 00:00:39.803000,0 days 00:00:32.923000,1,99.57,4272.919,1.404000000000451,False,True,False,7.0,0.0,0.0,26.844,39.803,32.923,0,0,0,0.0,,,0.0,0,0,98.951,99.307,0.35600000000000875,0.0,0.6189999999999998,-0.6950000000000003,0.0,0.4370000000000047,0.0,0.0,0,0,2024,United States Grand Prix,0.0,20,0.0
LEC,8,0 days 00:01:39.307000,MEDIUM,8.0,True,0 days 01:12:52.226000,28.0,1,46.9,0 days 00:00:26.880000,0 days 00:00:39.629000,0 days 00:00:32.798000,1,99.307,4372.226,2.1790000000000873,False,True,False,8.0,0.0,0.0,26.88,39.629,32.798,0,0,0,0.0,99.62066666666665,0.6963837543577021,-0.450422148282241,0,0,99.57,99.257,-0.3129999999999882,0.6189999999999998,-0.262999999999991,-0.2570000000000003,0.0,0.3120000000000047,0.4744811201020894,-0.3855000000000004,0,0,2024,United States Grand Prix,0.0,20,0.0
LEC,9,0 days 00:01:39.257000,MEDIUM,9.0,True,0 days 01:14:31.483000,28.1,1,46.7,0 days 00:00:26.797000,0 days 00:00:39.651000,0 days 00:00:32.809000,1,99.257,4471.483,2.9539999999997235,False,True,False,9.0,0.0,0.0,26.797,39.651,32.809,0,0,0,0.0,99.54225,0.5898278703712306,-0.4836156687890278,0,0,99.307,99.421,0.11400000000000432,0.35600000000000875,-0.04999999999999716,-0.34466666666666396,0.0,0.3230000000000004,0.39457350392544077,-0.34466666666666396,0,0,2024,United States Grand Prix,0.0,20,0.0
LEC,10,0 days 00:01:39.421000,MEDIUM,10.0,True,0 days 01:16:10.904000,28.1,1,46.7,0 days 00:00:26.879000,0 days 00:00:39.778000,0 days 00:00:32.764000,12,99.421,4570.904,3.5029999999997017,False,True,False,10.0,0.0,0.0,26.879,39.778,32.764,0,0,1,0.0,99.48519999999999,0.5264942544795664,-0.12193865261349594,0,0,99.257,99.597,0.3399999999999892,0.3060000000000116,0.16400000000000148,0.10200000000000387,0.0,-0.03399999999999892,0.3446976936389333,0.10200000000000387,0,0,2024,United States Grand Prix,0.0,20,0.0
LEC,11,0 days 00:01:39.597000,MEDIUM,11.0,True,0 days 01:17:50.501000,28.2,1,47.0,0 days 00:00:26.851000,0 days 00:00:39.807000,0 days 00:00:32.939000,1,99.597,4670.501,4.152000000000044,False,True,False,11.0,0.0,0.0,26.851,39.807,32.939,0,0,0,0.0,99.3012,0.22980034812853287,1.28720431630744,0,0,99.421,99.448,0.026999999999986812,0.4700000000000131,0.17599999999998772,-0.04966666666666223,0.0,0.17499999999999716,0.21113337017155928,-0.04966666666666223,0,0,2024,United States Grand Prix,0.0,20,0.0
LEC,12,0 days 00:01:39.448000,MEDIUM,12.0,True,0 days 01:19:29.949000,28.1,1,47.1,0 days 00:00:26.799000,0 days 00:00:39.754000,0 days 00:00:32.895000,1,99.448,4769.949,4.886000000000422,False,True,False,12.0,0.0,0.0,26.799,39.754,32.895,0,0,0,0.0,99.4304,0.15217358509280024,0.11565739211082114,0,0,99.597,99.399,-0.1979999999999933,0.3399999999999892,-0.1490000000000009,0.09666666666666401,0.0,0.13100000000000023,0.18038098569417063,0.09666666666666401,0,0,2024,United States Grand Prix,0.0,20,0.0
LEC,13,0 days 00:01:39.399000,MEDIUM,13.0,True,0 days 01:21:09.348000,28.0,1,47.1,0 days 00:00:26.617000,0 days 00:00:39.768000,0 days 00:00:33.014000,1,99.399,4869.348,5.4229999999997744,False,True,False,13.0,0.0,0.0,26.617,39.768,33.014,0,0,0,0.0,99.406,0.13273281433012638,-0.05273752414075207,0,0,99.448,99.2,-0.24799999999999045,0.1909999999999883,-0.04899999999999238,0.06366666666666276,0.0,0.25,0.14670139740302485,0.06366666666666276,0,0,2024,United States Grand Prix,0.0,20,0.0
LEC,14,0 days 00:01:39.200000,MEDIUM,14.0,True,0 days 01:22:48.548000,28.3,1,47.8,0 days 00:00:26.743000,0 days 00:00:39.738000,0 days 00:00:32.719000,1,99.2,4968.548,6.069000000000415,False,True,False,14.0,0.0,0.0,26.743,39.738,32.719,0,0,0,0.0,99.4244,0.12147756994604518,-1.8472546009907105,1,0,99.399,99.672,0.27299999999999613,0.1419999999999959,-0.19899999999999807,-0.00733333333333519,0.0,-0.17600000000000193,0.13506109728563556,-0.00733333333333519,0,0,2024,United States Grand Prix,0.0,20,0.0
LEC,15,0 days 00:01:39.672000,MEDIUM,15.0,True,0 days 01:24:28.220000,28.4,1,47.5,0 days 00:00:26.791000,0 days 00:00:39.991000,0 days 00:00:32.890000,1,99.672,5068.22,6.588999999999942,False,True,False,15.0,0.0,0.0,26.791,39.991,32.89,0,0,0,0.0,99.413,0.14204752725759265,1.8233333941133876,0,1,99.2,99.782,0.5819999999999936,0.0,0.4719999999999942,-0.13233333333333044,0.0,0.17099999999999937,0.17210084253134858,-0.13233333333333044,0,0,2024,United States Grand Prix,0.0,20,0.0
LEC,16,0 days 00:01:39.782000,MEDIUM,16.0,True,0 days 01:26:08.002000,28.4,1,47.4,0 days 00:00:26.785000,0 days 00:00:40.089000,0 days 00:00:32.908000,1,99.782,5168.002,6.839999999999236,False,True,False,16.0,0.0,0.0,26.785,40.089,32.908,0,0,0,0.0,99.4632,0.1837979869312938,1.7345130124802064,0,0,99.672,99.621,-0.05100000000000193,0.4719999999999942,0.10999999999999943,0.07466666666666792,0.0,0.18900000000000006,0.165667437959305,0.07466666666666792,0,0,2024,United States Grand Prix,0.0,20,0.0
LEC,17,0 days 00:01:39.621000,MEDIUM,17.0,True,0 days 01:27:47.623000,28.4,1,47.6,0 days 00:00:26.774000,0 days 00:00:40.050000,0 days 00:00:32.797000,1,99.621,5267.623,7.379000000000815,False,True,False,17.0,0.0,0.0,26.774,40.05,32.797,0,0,0,0.0,99.5002,0.23022423851540189,0.5247058293208645,0,0,99.782,99.435,-0.3469999999999942,0.5819999999999936,-0.16100000000000136,0.12766666666666518,0.0,0.07799999999999585,0.16714813788971825,0.12766666666666518,0,0,2024,United States Grand Prix,0.0,20,0.0
LEC,18,0 days 00:01:39.435000,MEDIUM,18.0,True,0 days 01:29:27.058000,28.3,1,47.6,0 days 00:00:26.948000,0 days 00:00:39.853000,0 days 00:00:32.634000,1,99.435,5367.058,7.864999999999782,False,True,False,18.0,0.0,0.0,26.948,39.853,32.634,0,0,0,0.0,99.53479999999999,0.23339601539014385,-0.42759941652458117,0,0,99.621,99.553,-0.06799999999999784,0.42099999999999227,-0.18599999999999284,0.14033333333333076,0.0,-0.1629999999999967,0.1674016128954566,0.14033333333333076,0,0,2024,United States Grand Prix,0.0,20,0.0
LEC,19,0 days 00:01:39.553000,MEDIUM,19.0,True,0 days 01:31:06.611000,28.2,1,47.2,0 days 00:00:27.028000,0 days 00:00:39.781000,0 days 00:00:32.744000,1,99.553,5466.611,8.293000000000575,False,True,False,19.0,0.0,0.0,27.028,39.781,32.744,0,0,0,0.0,99.542,0.22866678814378796,0.04810493071288853,0,0,99.435,99.756,0.32099999999999795,0.23499999999999943,0.117999999999995,-0.07899999999999825,0.0,0.10999999999999943,0.17792610825845578,-0.07899999999999825,0,0,2024,United States Grand Prix,0.0,20,0.0
LEC,20,0 days 00:01:39.756000,MEDIUM,20.0,True,0 days 01:32:46.367000,28.4,1,47.1,0 days 00:00:26.924000,0 days 00:00:39.892000,0 days 00:00:32.940000,1,99.756,5566.367,8.523000000000138,False,True,False,20.0,0.0,0.0,26.924,39.892,32.94,0,0,0,0.0,99.6126,0.12979714942939483,1.1048008421633666,0,0,99.553,99.506,-0.046999999999997044,0.117999999999995,0.20300000000000296,-0.07633333333333307,0.0,0.3059999999999974,0.14148321455211416,-0.07633333333333307,0,0,2024,United States Grand Prix,0.0,20,0.0
LEC,21,0 days 00:01:39.506000,MEDIUM,21.0,True,0 days 01:34:25.873000,28.4,1,47.3,0 days 00:00:26.735000,0 days 00:00:39.835000,0 days 00:00:32.936000,1,99.506,5665.873,8.820000000000618,False,True,False,21.0,0.0,0.0,26.735,39.835,32.936,0,0,0,0.0,99.62939999999999,0.1440600569207042,-0.8565871945192503,0,0,99.756,99.411,-0.34499999999999886,0.32099999999999795,-0.25,0.045000000000001705,0.0,0.3019999999999996,0.1732267300389849,0.045000000000001705,0,0,2024,United States Grand Prix,0.0,20,0.0
LEC,22,0 days 00:01:39.411000,MEDIUM,22.0,True,0 days 01:36:05.284000,28.5,1,47.4,0 days 00:00:26.711000,0 days 00:00:39.746000,0 days 00:00:32.954000,1,99.411,5765.284,9.50800000000072,False,True,False,22.0,0.0,0.0,26.711,39.746,32.954,0,0,0,0.0,99.57419999999999,0.12218715153401867,-1.3356559830642414,0,0,99.506,99.878,0.3719999999999999,0.07099999999999795,-0.09499999999999886,0.023666666666665986,0.0,0.21000000000000085,0.19329718052780634,0.023666666666665986,0,0,2024,United States Grand Prix,0.0,20,0.0
LEC,23,0 days 00:01:39.878000,MEDIUM,23.0,True,0 days 01:37:45.162000,28.4,1,47.8,0 days 00:00:26.769000,0 days 00:00:40.092000,0 days 00:00:33.017000,1,99.878,5865.162,10.050000000000182,False,True,False,23.0,0.0,0.0,26.769,40.092,33.017,0,0,0,0.0,99.5322,0.13724321476851767,2.5196145440285935,0,0,99.411,99.699,0.2879999999999967,0.0,0.46699999999999875,-0.04733333333333197,0.0,0.08100000000000307,0.19401288616996368,-0.04733333333333197,0,0,2024,United States Grand Prix,0.0,20,0.0
LEC,24,0 days 00:01:39.699000,MEDIUM,24.0,True,0 days 01:39:24.861000,28.4,1,47.7,0 days 00:00:26.735000,0 days 00:00:40.006000,0 days 00:00:32.958000,1,99.699,5964.861,10.668999999999869,False,True,False,24.0,0.0,0.0,26.735,40.006,32.958,0,0,0,0.0,99.6208,0.19119544973664337,0.4090055495970731,0,0,99.878,99.583,-0.2950000000000017,0.46699999999999875,-0.17900000000000205,0.04066666666666663,0.0,0.021999999999998465,0.10486276746300227,0.04066666666666663,0,0,2024,United States Grand Prix,0.0,20,0.0
LEC,25,0 days 00:01:39.583000,MEDIUM,25.0,True,0 days 01:41:04.444000,28.5,1,47.8,0 days 00:00:26.655000,0 days 00:00:39.944000,0 days 00:00:32.984000,1,99.583,6064.444,13.752999999999702,False,True,False,25.0,0.0,0.0,26.655,39.944,32.984,0,0,0,0.0,99.65,0.18939244969110225,-0.35376278256754057,0,0,99.699,98.662,-1.036999999999992,0.2879999999999967,-0.11599999999999966,0.06433333333333262,0.0,0.030000000000001137,0.12877965677854478,0.06433333333333262,0,0,2024,United States Grand Prix,0.0,20,0.0
LEC,28,0 days 00:01:38.662000,HARD,2.0,True,0 days 01:46:22.839000,28.6,3,47.5,0 days 00:00:26.597000,0 days 00:00:39.341000,0 days 00:00:32.724000,1,98.662,6382.839,6.805000000000291,True,False,False,2.0,0.0,0.0,26.597,39.341,32.724,0,0,0,0.0,99.6154,0.18079352864524004,-5.273418839403183,1,0,99.583,99.067,-0.5160000000000053,0.17199999999999704,-0.9209999999999923,0.05733333333333235,0.0,-0.23400000000000176,0.12251938622111992,0.05733333333333235,0,0,2024,United States Grand Prix,0.0,20,0.0
LEC,29,0 days 00:01:39.067000,HARD,3.0,True,0 days 01:48:01.906000,28.7,3,47.2,0 days 00:00:26.635000,0 days 00:00:39.624000,0 days 00:00:32.808000,1,99.067,6481.906,6.9409999999998035,True,False,False,3.0,0.0,0.0,26.635,39.624,32.808,0,0,0,0.0,99.4466,0.4704469151774685,-0.8068923139963892,0,1,98.662,99.034,0.3719999999999999,0.0,0.4049999999999869,-0.4053333333333313,0.0,0.08400000000000318,0.16157413159290193,-0.4053333333333313,0,0,2024,United States Grand Prix,0.0,20,0.0
LEC,30,0 days 00:01:39.034000,HARD,4.0,True,0 days 01:49:40.940000,29.0,3,47.7,0 days 00:00:26.707000,0 days 00:00:39.550000,0 days 00:00:32.777000,1,99.034,6580.94,6.581000000000131,True,False,False,4.0,0.0,0.0,26.707,39.55,32.777,0,0,0,0.0,99.37780000000001,0.5011094690783611,-0.686077636154666,0,0,99.067,98.667,-0.3999999999999915,0.4049999999999869,-0.03299999999998704,-0.21066666666666833,0.0,0.05300000000000438,0.13200303026824975,-0.21066666666666833,0,0,2024,United States Grand Prix,0.0,20,0.0
LEC,31,0 days 00:01:38.667000,HARD,5.0,True,0 days 01:51:19.607000,28.9,2,47.7,0 days 00:00:26.577000,0 days 00:00:39.600000,0 days 00:00:32.490000,1,98.667,6679.607,1.3260000000000218,True,False,False,5.0,0.0,0.0,26.577,39.6,32.49,0,0,0,0.0,99.209,0.4271925795235601,-1.2687486299609512,0,0,99.034,98.825,-0.20900000000000318,0.3719999999999999,-0.36700000000000443,-0.18299999999999747,0.0,-0.23399999999999466,0.1280624847486588,-0.18299999999999747,0,0,2024,United States Grand Prix,0.0,20,0.0
LEC,32,0 days 00:01:38.825000,HARD,6.0,True,0 days 01:52:58.432000,28.8,1,47.4,0 days 00:00:26.449000,0 days 00:00:39.535000,0 days 00:00:32.841000,1,98.825,6778.432,7.395000000000437,True,False,False,6.0,0.0,0.0,26.449,39.535,32.841,0,0,0,0.0,99.0026,0.37770133703759595,-0.4702127913895102,0,0,98.667,99.032,0.3649999999999949,0.0049999999999954525,0.15800000000000125,0.0016666666666651508,0.0,0.3509999999999991,0.15980988705333662,0.0016666666666651508,0,0,2024,United States Grand Prix,0.0,20,0.0
LEC,33,0 days 00:01:39.032000,HARD,7.0,True,0 days 01:54:37.464000,28.7,1,47.5,0 days 00:00:26.573000,0 days 00:00:39.685000,0 days 00:00:32.774000,1,99.032,6877.464,7.123000000000502,True,False,False,7.0,0.0,0.0,26.573,39.685,32.774,0,0,0,0.0,98.85100000000001,0.19390590501576713,0.9334424342841208,0,0,98.825,98.633,-0.19200000000000728,0.1629999999999967,0.20699999999999363,-0.0806666666666634,0.0,0.2839999999999989,0.24622042969664326,-0.0806666666666634,0,0,2024,United States Grand Prix,0.0,20,0.0
LEC,34,0 days 00:01:38.633000,HARD,8.0,True,0 days 01:56:16.097000,28.8,1,47.4,0 days 00:00:26.636000,0 days 00:00:39.525000,0 days 00:00:32.472000,1,98.633,6976.097,7.302000000000589,True,False,False,8.0,0.0,0.0,26.636,39.525,32.472,0,0,0,0.0,98.925,0.1732469335947606,-1.6854555168232563,1,0,99.032,98.897,-0.1349999999999909,0.3649999999999949,-0.3990000000000009,-0.0006666666666698499,0.0,-0.018000000000000682,0.22944999455218718,-0.0006666666666698499,0,0,2024,United States Grand Prix,0.0,20,0.0
LEC,35,0 days 00:01:38.897000,HARD,9.0,True,0 days 01:57:54.994000,28.8,1,47.1,0 days 00:00:26.625000,0 days 00:00:39.631000,0 days 00:00:32.641000,1,98.897,7074.994,7.025000000000546,True,False,False,9.0,0.0,0.0,26.625,39.631,32.641,0,0,0,0.0,98.8382,0.19202005103630565,0.30621802089245165,0,1,98.633,98.643,0.010000000000005116,0.0,0.26400000000001,-0.011333333333335341,0.0,0.16899999999999693,0.2364988372064414,-0.011333333333335341,0,0,2024,United States Grand Prix,0.0,20,0.0
LEC,36,0 days 00:01:38.643000,HARD,10.0,True,0 days 01:59:33.637000,28.9,1,47.2,0 days 00:00:26.484000,0 days 00:00:39.393000,0 days 00:00:32.766000,1,98.643,7173.637,6.969000000000051,True,False,False,10.0,0.0,0.0,26.484,39.393,32.766,0,0,0,0.0,98.8108,0.16496423854879594,-1.017190158765016,0,0,98.897,98.477,-0.4200000000000017,0.26400000000001,-0.2540000000000049,0.02400000000000091,0.0,0.29399999999999693,0.237990125845588,0.02400000000000091,0,0,2024,United States Grand Prix,0.0,20,0.0
LEC,37,0 days 00:01:38.477000,HARD,11.0,True,0 days 02:01:12.114000,28.9,1,47.2,0 days 00:00:26.370000,0 days 00:00:39.536000,0 days 00:00:32.571000,1,98.477,7272.114,6.920000000000073,True,False,False,11.0,0.0,0.0,26.37,39.536,32.571,0,0,0,0.0,98.806,0.17045233937961607,-1.9301583140333112,1,0,98.643,98.57,-0.0730000000000075,0.010000000000005116,-0.16599999999999682,-0.12966666666666526,0.0,0.09899999999999665,0.14654180290961324,-0.12966666666666526,0,0,2024,United States Grand Prix,0.0,20,0.0
LEC,38,0 days 00:01:38.570000,HARD,12.0,True,0 days 02:02:50.684000,28.9,1,47.1,0 days 00:00:26.484000,0 days 00:00:39.434000,0 days 00:00:32.652000,1,98.57,7370.684,6.53899999999976,True,False,False,12.0,0.0,0.0,26.484,39.434,32.652,0,0,0,0.0,98.7364,0.2235370215422514,-0.7443957106163658,0,1,98.477,97.834,-0.6430000000000007,0.0,0.09299999999998931,-0.051999999999997236,0.0,0.08100000000000307,0.13101641118577437,-0.051999999999997236,0,0,2024,United States Grand Prix,0.0,20,0.0
LEC,39,0 days 00:01:37.834000,HARD,13.0,True,0 days 02:04:28.518000,29.0,1,46.9,0 days 00:00:26.334000,0 days 00:00:39.020000,0 days 00:00:32.480000,1,97.834,7468.518,6.779999999999745,True,False,False,13.0,0.0,0.0,26.334,39.02,32.48,0,0,0,0.0,98.644,0.15612174736397263,-5.18825861019617,1,0,98.57,98.287,-0.28299999999998704,0.09299999999998931,-0.73599999999999,-0.10900000000000414,0.0,-0.09100000000000108,0.11571300704760763,-0.10900000000000414,0,0,2024,United States Grand Prix,0.0,20,0.0
LEC,40,0 days 00:01:38.287000,HARD,14.0,True,0 days 02:06:06.805000,29.0,1,46.9,0 days 00:00:26.418000,0 days 00:00:39.249000,0 days 00:00:32.620000,1,98.287,7566.805,6.574999999999818,True,False,False,14.0,0.0,0.0,26.418,39.249,32.62,0,0,0,0.0,98.48420000000002,0.395535965494895,-0.49856401744218765,0,1,97.834,98.395,0.5609999999999928,0.0,0.45300000000000296,-0.26966666666666583,0.0,0.14000000000000057,0.14026688846623678,-0.26966666666666583,0,0,2024,United States Grand Prix,0.0,20,0.0
LEC,41,0 days 00:01:38.395000,HARD,15.0,True,0 days 02:07:45.200000,28.9,1,47.4,0 days 00:00:26.412000,0 days 00:00:39.303000,0 days 00:00:32.680000,12,98.395,7665.2,5.966000000000349,True,False,False,15.0,0.0,0.0,26.412,39.303,32.68,0,0,1,0.0,98.3622,0.3239825612590552,0.10124001697044384,0,0,98.287,98.179,-0.10800000000000409,0.45300000000000296,0.10799999999998988,-0.06333333333333258,0.0,0.20000000000000284,0.13781618192360356,-0.06333333333333258,0,0,2024,United States Grand Prix,0.0,20,0.0
LEC,42,0 days 00:01:38.179000,HARD,16.0,True,0 days 02:09:23.379000,29.0,1,46.8,0 days 00:00:26.274000,0 days 00:00:39.410000,0 days 00:00:32.495000,1,98.179,7763.379,5.550000000000182,True,False,False,16.0,0.0,0.0,26.274,39.41,32.495,0,0,0,0.0,98.3126,0.2871346374089641,-0.4652869511166485,0,0,98.395,98.257,-0.13799999999999102,0.5609999999999928,-0.21599999999999397,-0.058333333333332384,0.0,0.015000000000000568,0.10889765837702955,-0.058333333333332384,0,0,2024,United States Grand Prix,0.0,20,0.0
LEC,43,0 days 00:01:38.257000,HARD,17.0,True,0 days 02:11:01.636000,29.0,1,46.4,0 days 00:00:26.222000,0 days 00:00:39.409000,0 days 00:00:32.626000,1,98.257,7861.636,5.515999999999622,True,False,False,17.0,0.0,0.0,26.222,39.409,32.626,0,0,0,0.0,98.25300000000001,0.2751572277807312,0.014537143117237028,0,0,98.179,98.697,0.5180000000000007,0.34499999999999886,0.07800000000000296,0.11499999999999962,0.0,0.13100000000000023,0.11276302585511035,0.11499999999999962,0,0,2024,United States Grand Prix,0.0,20,0.0
LEC,44,0 days 00:01:38.697000,HARD,18.0,True,0 days 02:12:40.333000,29.0,1,46.4,0 days 00:00:26.249000,0 days 00:00:39.723000,0 days 00:00:32.725000,1,98.697,7960.333,5.269000000000233,True,False,False,18.0,0.0,0.0,26.249,39.723,32.725,0,0,0,0.0,98.19040000000001,0.21376342063126372,2.369909681010688,0,0,98.257,98.349,0.09199999999999875,0.4230000000000018,0.4399999999999977,-0.010000000000000378,0.0,0.23000000000000398,0.11625618263129174,-0.010000000000000378,0,0,2024,United States Grand Prix,0.0,20,0.0
LEC,45,0 days 00:01:38.349000,HARD,19.0,True,0 days 02:14:18.682000,29.0,1,47.2,0 days 00:00:26.256000,0 days 00:00:39.424000,0 days 00:00:32.669000,1,98.349,8058.682,5.199999999999818,True,False,False,19.0,0.0,0.0,26.256,39.424,32.669,0,0,0,0.0,98.36300000000001,0.20214351337596848,-0.06925772569298963,0,0,98.697,99.177,0.480000000000004,0.5180000000000007,-0.347999999999999,0.1006666666666689,0.0,0.1739999999999995,0.08269643281303136,0.1006666666666689,0,0,2024,United States Grand Prix,0.0,20,0.0
LEC,46,0 days 00:01:39.177000,HARD,20.0,True,0 days 02:15:57.859000,29.1,1,47.0,0 days 00:00:26.330000,0 days 00:00:39.726000,0 days 00:00:33.121000,1,99.177,8157.859,4.640999999999622,True,False,False,20.0,0.0,0.0,26.33,39.726,33.121,0,0,0,0.0,98.3754,0.19817870723158051,4.044834135805028,0,0,98.349,98.471,0.12199999999999989,0.1700000000000017,0.828000000000003,0.05666666666666723,0.0,0.49500000000000455,0.08375858164988338,0.05666666666666723,0,0,2024,United States Grand Prix,0.0,20,0.0
LEC,47,0 days 00:01:38.471000,HARD,21.0,True,0 days 02:17:36.330000,29.1,1,46.8,0 days 00:00:26.466000,0 days 00:00:39.385000,0 days 00:00:32.620000,1,98.471,8256.33,5.052999999999884,True,False,False,21.0,0.0,0.0,26.466,39.385,32.62,0,0,0,0.0,98.5318,0.41139178406962157,-0.14779099232013582,0,0,99.177,98.313,-0.8640000000000043,0.9980000000000047,-0.7060000000000031,0.30666666666666725,0.0,-0.04899999999999949,0.17831292718140387,0.30666666666666725,0,0,2024,United States Grand Prix,0.0,20,0.0
LEC,48,0 days 00:01:38.313000,HARD,22.0,True,0 days 02:19:14.643000,29.1,1,46.7,0 days 00:00:26.308000,0 days 00:00:39.549000,0 days 00:00:32.456000,1,98.313,8354.643,4.8700000000008,True,False,False,22.0,0.0,0.0,26.308,39.549,32.456,0,0,0,0.0,98.59020000000001,0.3671337630891333,-0.7550381573941719,0,0,98.471,98.326,-0.14500000000001023,0.21399999999999864,-0.15800000000000125,-0.07533333333333303,0.0,-0.16399999999999437,0.1970347685054612,-0.07533333333333303,0,0,2024,United States Grand Prix,0.0,20,0.0
LEC,49,0 days 00:01:38.326000,HARD,23.0,True,0 days 02:20:52.969000,29.0,1,46.7,0 days 00:00:26.007000,0 days 00:00:39.647000,0 days 00:00:32.672000,1,98.326,8452.969,5.128000000000611,True,False,False,23.0,0.0,0.0,26.007,39.647,32.672,0,0,0,0.0,98.6014,0.35508421536304424,-0.7755906573273921,0,0,98.313,97.951,-0.362000000000009,0.0,0.012999999999991019,-0.012000000000000455,0.0,0.21599999999999397,0.25660222134658167,-0.012000000000000455,0,0,2024,United States Grand Prix,0.0,20,0.0
LEC,50,0 days 00:01:37.951000,HARD,24.0,True,0 days 02:22:30.920000,29.0,1,47.0,0 days 00:00:26.124000,0 days 00:00:39.533000,0 days 00:00:32.294000,1,97.951,8550.92,5.447000000000116,True,False,False,24.0,0.0,0.0,26.124,39.533,32.294,0,0,0,0.0,98.5272,0.3686179594105379,-1.5631359929435058,1,0,98.326,97.875,-0.4509999999999934,0.012999999999991019,-0.375,-0.2836666666666711,0.0,-0.16200000000000614,0.25541006244860376,-0.2836666666666711,0,0,2024,United States Grand Prix,0.0,20,0.0
LEC,51,0 days 00:01:37.875000,HARD,25.0,True,0 days 02:24:08.795000,29.3,1,46.7,0 days 00:00:26.116000,0 days 00:00:39.514000,0 days 00:00:32.245000,1,97.875,8648.795,6.07300000000032,True,False,False,25.0,0.0,0.0,26.116,39.514,32.245,0,0,0,0.0,98.4476,0.45057940476678493,-1.2708081948316432,0,1,97.951,98.092,0.14100000000000534,0.0,-0.0759999999999934,-0.17333333333333675,0.0,-0.04899999999999949,0.28488717064831215,-0.17333333333333675,0,0,2024,United States Grand Prix,0.0,20,0.0
LEC,52,0 days 00:01:38.092000,HARD,26.0,True,0 days 02:25:46.887000,29.2,1,46.5,0 days 00:00:26.186000,0 days 00:00:39.541000,0 days 00:00:32.365000,1,98.092,8746.887,6.068999999999505,True,False,False,26.0,0.0,0.0,26.186,39.541,32.365,0,0,0,0.0,98.18719999999999,0.2592743720462626,-0.36717859635970757,0,0,97.875,98.365,0.4899999999999949,0.0,0.21699999999999875,-0.1460000000000008,0.0,0.12000000000000455,0.15487511097655177,-0.1460000000000008,0,0,2024,United States Grand Prix,0.0,20,0.0
LEC,53,0 days 00:01:38.365000,HARD,27.0,True,0 days 02:27:25.252000,29.2,1,46.4,0 days 00:00:26.284000,0 days 00:00:39.625000,0 days 00:00:32.456000,1,98.365,8845.252,5.873999999999796,True,False,False,27.0,0.0,0.0,26.284,39.625,32.456,0,0,0,0.0,98.11139999999999,0.20535651925366458,1.2349254892012897,0,0,98.092,98.175,0.08299999999999841,0.21699999999999875,0.27299999999999613,-0.07799999999999822,0.0,0.21100000000000563,0.1705086508069301,-0.07799999999999822,0,0,2024,United States Grand Prix,0.0,20,0.0
LEC,54,0 days 00:01:38.175000,HARD,28.0,True,0 days 02:29:03.427000,29.1,1,46.0,0 days 00:00:26.397000,0 days 00:00:39.361000,0 days 00:00:32.417000,1,98.175,8943.427,5.8989999999994325,True,False,False,28.0,0.0,0.0,26.397,39.361,32.417,0,0,0,0.0,98.1218,0.21898333269904555,0.2429408637830809,0,0,98.365,97.902,-0.46299999999999386,0.4899999999999949,-0.18999999999999773,0.13800000000000048,0.0,0.17200000000000415,0.16706495742674685,0.13800000000000048,0,0,2024,United States Grand Prix,0.0,20,0.0
LEC,55,0 days 00:01:37.902000,HARD,29.0,True,0 days 02:30:41.329000,29.3,1,46.1,0 days 00:00:26.149000,0 days 00:00:39.261000,0 days 00:00:32.492000,1,97.902,9041.329,7.005999999999403,True,False,False,29.0,0.0,0.0,26.149,39.261,32.492,0,0,0,0.0,98.0916,0.19260529587729353,-0.9843966082884372,0,0,98.175,99.518,1.3430000000000035,0.29999999999999716,-0.27299999999999613,0.09999999999999905,0.0,0.12699999999999534,0.15819070769170177,0.09999999999999905,0,0,2024,United States Grand Prix,0.0,20,0.0
MAG,2,0 days 00:01:42.038000,MEDIUM,2.0,True,0 days 01:00:38.342000,28.1,7,47.2,0 days 00:00:27.762000,0 days 00:00:39.998000,0 days 00:00:34.278000,12,102.038,3638.342,0.6159999999999854,False,True,False,2.0,0.0,0.0,27.762,39.998,34.278,0,0,1,0.0,98.41040000000001,0.6411125486215287,5.65828887267887,0,0,102.038,102.311,0.27300000000001035,4.135999999999996,0.0,0.38433333333333525,0.0,1.860999999999997,0.23036210625881814,0.0,0,1,2024,United States Grand Prix,0.0,20,0.0
MAG,6,0 days 00:01:42.311000,MEDIUM,6.0,True,0 days 01:09:39.271000,28.1,7,47.4,0 days 00:00:27.932000,0 days 00:00:40.556000,0 days 00:00:33.823000,1,102.311,4179.271,0.5970000000006621,False,True,False,6.0,0.0,0.0,27.932,40.556,33.823,0,0,0,0.0,,,0.0,0,0,102.038,101.74,-0.2980000000000018,0.0,0.27300000000001035,0.0,0.0,0.0,0.0,0.0,0,1,2024,United States Grand Prix,0.0,20,0.0
MAG,7,0 days 00:01:41.740000,MEDIUM,7.0,True,0 days 01:11:21.011000,28.1,7,47.2,0 days 00:00:27.581000,0 days 00:00:40.211000,0 days 00:00:33.948000,1,101.74,4281.011,0.5879999999997381,False,True,False,7.0,0.0,0.0,27.581,40.211,33.948,0,0,0,0.0,,,0.0,0,0,102.311,100.836,-1.4750000000000085,0.0,-0.5710000000000122,0.13650000000000517,0.0,0.125,0.0,0.0,0,1,2024,United States Grand Prix,0.0,20,0.0
MAG,8,0 days 00:01:40.836000,MEDIUM,8.0,True,0 days 01:13:01.847000,28.0,7,46.9,0 days 00:00:27.075000,0 days 00:00:40.118000,0 days 00:00:33.643000,1,100.836,4381.847,0.8530000000000655,False,True,False,8.0,0.0,0.0,27.075,40.118,33.643,0,0,0,0.0,102.02966666666667,0.28559119967767677,-4.179633924343136,1,0,101.74,100.634,-1.1059999999999945,0.0,-0.9039999999999964,-0.09933333333333394,0.0,-0.17999999999999972,1.040243721442238,-0.1490000000000009,0,1,2024,United States Grand Prix,0.0,20,0.0
MAG,9,0 days 00:01:40.634000,MEDIUM,9.0,True,0 days 01:14:42.481000,28.1,7,46.7,0 days 00:00:27.042000,0 days 00:00:40.206000,0 days 00:00:33.386000,1,100.634,4482.481,1.1720000000004802,False,True,False,9.0,0.0,0.0,27.042,40.206,33.386,0,0,0,0.0,101.73125,0.6407690041400731,-1.7123955636283275,1,1,100.836,101.287,0.4510000000000076,0.0,-0.20199999999999818,-0.40066666666666606,0.0,-0.2569999999999979,0.9479692329747119,-0.40066666666666606,0,0,2024,United States Grand Prix,0.0,20,0.0
MAG,10,0 days 00:01:41.287000,MEDIUM,10.0,True,0 days 01:16:23.768000,28.2,7,47.0,0 days 00:00:27.147000,0 days 00:00:40.207000,0 days 00:00:33.933000,12,101.287,4583.768,1.0770000000002256,False,True,False,10.0,0.0,0.0,27.147,40.207,33.933,0,0,1,0.0,101.5118,0.7407632550282117,-0.30347077622178525,0,1,100.634,101.697,1.0630000000000024,0.0,0.6530000000000058,-0.5590000000000023,0.0,0.546999999999997,0.8799878976440512,-0.5590000000000023,0,0,2024,United States Grand Prix,0.0,20,0.0
MAG,11,0 days 00:01:41.697000,MEDIUM,11.0,True,0 days 01:18:05.465000,28.2,7,47.0,0 days 00:00:27.345000,0 days 00:00:40.604000,0 days 00:00:33.748000,1,101.697,4685.465,0.9929999999994834,False,True,False,11.0,0.0,0.0,27.345,40.604,33.748,0,0,0,0.0,101.3616,0.6811331000619405,0.4924147717524029,0,0,101.287,101.161,-0.12600000000000477,0.6530000000000058,0.4099999999999966,-0.15099999999999625,0.0,0.36199999999999477,0.317111179241601,-0.15099999999999625,0,1,2024,United States Grand Prix,0.0,20,0.0
MAG,12,0 days 00:01:41.161000,MEDIUM,12.0,True,0 days 01:19:46.626000,28.1,7,47.1,0 days 00:00:27.215000,0 days 00:00:40.493000,0 days 00:00:33.453000,1,101.161,4786.626,1.3449999999993452,False,True,False,12.0,0.0,0.0,27.215,40.493,33.453,0,0,0,0.0,101.2388,0.4978711680746176,-0.1562653252263368,0,0,101.697,101.15,-0.546999999999997,1.0630000000000024,-0.5360000000000014,0.2870000000000014,0.0,0.06700000000000017,0.343891407278516,0.2870000000000014,0,0,2024,United States Grand Prix,0.0,20,0.0
MAG,13,0 days 00:01:41.150000,MEDIUM,13.0,True,0 days 01:21:27.776000,28.1,7,47.4,0 days 00:00:27.182000,0 days 00:00:40.370000,0 days 00:00:33.598000,1,101.15,4887.776,1.4180000000005748,False,True,False,13.0,0.0,0.0,27.182,40.37,33.598,0,0,0,0.0,101.123,0.41210010919676476,0.0655180607756388,0,0,101.161,101.279,0.117999999999995,0.527000000000001,-0.01099999999999568,0.175666666666667,0.0,0.14499999999999602,0.3446327030332411,0.175666666666667,0,0,2024,United States Grand Prix,0.0,20,0.0
MAG,14,0 days 00:01:41.279000,MEDIUM,14.0,True,0 days 01:23:09.055000,28.3,7,47.8,0 days 00:00:27.124000,0 days 00:00:40.487000,0 days 00:00:33.668000,1,101.279,4989.055,1.4899999999997817,False,True,False,14.0,0.0,0.0,27.124,40.487,33.668,0,0,0,0.0,101.1858,0.3801140618287947,0.2451895611322417,0,0,101.15,101.736,0.5859999999999985,0.5160000000000053,0.12899999999999068,-0.04566666666666682,0.0,0.2149999999999963,0.3051707718638835,-0.04566666666666682,0,0,2024,United States Grand Prix,0.0,20,0.0
MAG,15,0 days 00:01:41.736000,MEDIUM,15.0,True,0 days 01:24:50.791000,28.4,7,47.5,0 days 00:00:27.180000,0 days 00:00:40.727000,0 days 00:00:33.829000,1,101.736,5090.791,1.2899999999999636,False,True,False,15.0,0.0,0.0,27.18,40.727,33.829,0,0,0,0.0,101.31479999999999,0.22301614291343216,1.888652518591489,0,0,101.279,101.901,0.6219999999999999,0.12899999999999068,0.45700000000000784,-0.13933333333333545,0.0,0.37599999999999767,0.19040273107284872,-0.13933333333333545,0,0,2024,United States Grand Prix,0.0,20,0.0
MAG,16,0 days 00:01:41.901000,MEDIUM,16.0,True,0 days 01:26:32.692000,28.4,7,47.8,0 days 00:00:27.235000,0 days 00:00:40.882000,0 days 00:00:33.784000,1,101.901,5192.692,1.0730000000003201,False,True,False,16.0,0.0,0.0,27.235,40.882,33.784,0,0,0,0.0,101.4046,0.28950872180296094,1.7146288267537688,0,0,101.736,100.868,-0.8680000000000092,0.5859999999999985,0.16499999999999204,0.19166666666666762,0.0,0.18599999999999994,0.13482766778372893,0.19166666666666762,0,0,2024,United States Grand Prix,0.0,20,0.0
MAG,19,0 days 00:01:40.868000,HARD,2.0,True,0 days 01:31:55.246000,28.3,15,47.2,0 days 00:00:27.114000,0 days 00:00:40.322000,0 days 00:00:33.432000,1,100.868,5515.246,12.13299999999981,True,False,False,2.0,0.0,0.0,27.114,40.322,33.432,0,0,0,0.0,101.44539999999999,0.34923244408270815,-1.6533400884805896,1,0,101.901,100.996,-0.9050000000000011,0.7509999999999906,-1.0330000000000013,0.2503333333333302,0.0,-0.2359999999999971,0.11411266362678484,0.2503333333333302,0,0,2024,United States Grand Prix,0.0,20,0.0
MAG,20,0 days 00:01:40.996000,HARD,3.0,True,0 days 01:33:36.242000,28.5,15,47.1,0 days 00:00:27.100000,0 days 00:00:40.123000,0 days 00:00:33.773000,1,100.996,5616.242,4.639000000000124,True,False,False,3.0,0.0,0.0,27.1,40.123,33.773,0,0,0,0.0,101.3868,0.42520312792827,-0.9190901344120053,0,1,100.868,101.259,0.39100000000000534,0.0,0.1280000000000001,-0.13700000000000045,0.0,0.3410000000000011,0.22627350706611435,-0.13700000000000045,0,0,2024,United States Grand Prix,0.0,20,0.0
MAG,21,0 days 00:01:41.259000,HARD,4.0,True,0 days 01:35:17.501000,28.5,14,47.4,0 days 00:00:27.072000,0 days 00:00:40.621000,0 days 00:00:33.566000,1,101.259,5717.501,0.7669999999998254,True,False,False,4.0,0.0,0.0,27.072,40.621,33.566,0,0,0,0.0,101.35600000000001,0.4514138899059124,-0.21488040613953194,0,0,100.996,100.479,-0.5169999999999959,0.1280000000000001,0.26300000000000523,-0.2466666666666697,0.0,0.13400000000000034,0.24422796727647525,-0.2466666666666697,0,1,2024,United States Grand Prix,0.0,20,0.0
MAG,22,0 days 00:01:40.479000,HARD,5.0,True,0 days 01:36:57.980000,28.4,13,47.4,0 days 00:00:27.018000,0 days 00:00:40.107000,0 days 00:00:33.354000,1,100.479,5817.98,0.8690000000005966,True,False,False,5.0,0.0,0.0,27.018,40.107,33.354,0,0,0,0.0,101.352,0.45235439646364334,-1.9299027639055333,1,0,101.259,100.732,-0.527000000000001,0.39100000000000534,-0.7800000000000011,-0.21399999999999864,0.0,-0.07800000000000296,0.24371335621996418,-0.21399999999999864,0,1,2024,United States Grand Prix,0.0,20,0.0
MAG,23,0 days 00:01:40.732000,HARD,6.0,True,0 days 01:38:38.712000,28.5,13,47.8,0 days 00:00:26.888000,0 days 00:00:40.427000,0 days 00:00:33.417000,1,100.732,5918.712,2.3739999999997963,True,False,False,6.0,0.0,0.0,26.888,40.427,33.417,0,0,0,0.0,101.1006,0.5284792332722137,-0.6974730070616398,0,1,100.479,100.626,0.14700000000000557,0.0,0.2530000000000001,-0.12966666666666526,0.0,0.06300000000000239,0.22722851933681174,-0.12966666666666526,0,0,2024,United States Grand Prix,0.0,20,0.0
MAG,24,0 days 00:01:40.626000,HARD,7.0,True,0 days 01:40:19.338000,28.5,13,47.8,0 days 00:00:26.965000,0 days 00:00:40.270000,0 days 00:00:33.391000,1,100.626,6019.338,3.4260000000003856,True,False,False,7.0,0.0,0.0,26.965,40.27,33.391,0,0,0,0.0,100.86679999999998,0.2911506482905149,-0.8270632451407239,0,0,100.732,100.292,-0.4399999999999977,0.2530000000000001,-0.10599999999999454,-0.0879999999999986,0.0,0.036999999999999034,0.21791672721477776,-0.0879999999999986,0,0,2024,United States Grand Prix,0.0,20,0.0
MAG,25,0 days 00:01:40.292000,HARD,8.0,True,0 days 01:41:59.630000,28.5,12,48.0,0 days 00:00:26.842000,0 days 00:00:40.174000,0 days 00:00:33.276000,1,100.292,6119.63,1.2919999999994616,True,False,False,8.0,0.0,0.0,26.842,40.174,33.276,0,0,0,0.0,100.81840000000001,0.31038089503058414,-1.6959806754476283,1,0,100.626,100.479,-0.14700000000000557,0.14700000000000557,-0.3340000000000032,-0.21099999999999852,0.0,-0.07799999999999585,0.15512672239172812,-0.21099999999999852,0,0,2024,United States Grand Prix,0.0,20,0.0
MAG,26,0 days 00:01:40.479000,HARD,9.0,True,0 days 01:43:40.109000,28.4,12,47.6,0 days 00:00:26.940000,0 days 00:00:40.225000,0 days 00:00:33.314000,1,100.479,6220.109,2.3599999999996726,True,False,False,9.0,0.0,0.0,26.94,40.225,33.314,0,0,0,0.0,100.6776,0.3646152766958433,-0.5446837055202933,0,1,100.292,100.126,-0.16599999999999682,0.0,0.1869999999999976,-0.06233333333333254,0.0,0.0379999999999967,0.09252729327068797,-0.06233333333333254,0,0,2024,United States Grand Prix,0.0,20,0.0
MAG,27,0 days 00:01:40.126000,HARD,10.0,True,0 days 01:45:20.235000,28.5,10,47.5,0 days 00:00:26.799000,0 days 00:00:40.151000,0 days 00:00:33.176000,1,100.126,6320.235,3.5950000000002547,True,False,False,10.0,0.0,0.0,26.799,40.151,33.176,0,0,0,0.0,100.5216,0.1669679609984706,-2.369316829613948,1,0,100.479,101.523,1.043999999999997,0.1869999999999976,-0.35299999999999443,-0.08433333333333337,0.0,-0.10000000000000142,0.0687117166136885,-0.08433333333333337,0,0,2024,United States Grand Prix,0.0,20,0.0
MAG,28,0 days 00:01:41.523000,HARD,11.0,True,0 days 01:47:01.758000,28.6,10,47.5,0 days 00:00:26.834000,0 days 00:00:40.737000,0 days 00:00:33.952000,1,101.523,6421.758,3.4409999999998035,True,False,False,11.0,0.0,0.0,26.834,40.737,33.952,0,0,0,0.0,100.451,0.24559926709985708,4.3648338720984174,0,1,100.126,100.25,0.12399999999999523,0.0,1.3969999999999914,-0.16666666666666666,0.0,0.7759999999999962,0.07507662752148497,-0.16666666666666666,0,0,2024,United States Grand Prix,0.0,20,0.0
MAG,29,0 days 00:01:40.250000,HARD,12.0,True,0 days 01:48:42.008000,28.8,10,47.5,0 days 00:00:26.706000,0 days 00:00:40.118000,0 days 00:00:33.426000,1,100.25,6522.008,4.385000000000218,True,False,False,12.0,0.0,0.0,26.706,40.118,33.426,0,0,0,0.0,100.60920000000002,0.5446014138798984,-0.659564942075656,0,0,101.523,100.769,-0.7539999999999907,1.3969999999999914,-1.2729999999999961,0.4103333333333315,0.0,0.25,0.36417276119995384,0.4103333333333315,0,0,2024,United States Grand Prix,0.0,20,0.0
MAG,30,0 days 00:01:40.769000,HARD,13.0,True,0 days 01:50:22.777000,28.9,10,47.7,0 days 00:00:26.888000,0 days 00:00:40.246000,0 days 00:00:33.635000,1,100.769,6622.777,5.068000000000211,True,False,False,13.0,0.0,0.0,26.888,40.246,33.635,0,0,0,0.0,100.53399999999999,0.5671926480482493,0.41432130830444563,0,0,100.25,100.455,0.2049999999999983,0.12399999999999523,0.5190000000000055,-0.07633333333333307,0.0,0.4589999999999961,0.3623550744780576,-0.07633333333333307,0,0,2024,United States Grand Prix,0.0,20,0.0
MAG,31,0 days 00:01:40.455000,HARD,14.0,True,0 days 01:52:03.232000,28.9,10,47.7,0 days 00:00:26.839000,0 days 00:00:40.265000,0 days 00:00:33.351000,1,100.455,6723.232,4.481999999999971,True,False,False,14.0,0.0,0.0,26.839,40.265,33.351,0,0,0,0.0,100.6294,0.5563239164371636,-0.3134864327187415,0,0,100.769,100.166,-0.6030000000000086,0.6430000000000007,-0.31400000000000716,0.21433333333333357,0.0,-0.07500000000000284,0.3470645473107262,0.21433333333333357,0,0,2024,United States Grand Prix,0.0,20,0.0
MAG,32,0 days 00:01:40.166000,HARD,15.0,True,0 days 01:53:43.398000,28.7,10,47.7,0 days 00:00:26.824000,0 days 00:00:39.989000,0 days 00:00:33.353000,1,100.166,6823.398,4.002999999999702,True,False,False,15.0,0.0,0.0,26.824,39.989,33.353,0,0,0,0.0,100.6246,0.558046861831499,-0.8217947834970127,0,0,100.455,99.826,-0.6290000000000049,0.3289999999999935,-0.2890000000000015,-0.35599999999999926,0.0,0.0020000000000024443,0.37005472568256614,-0.35599999999999926,0,0,2024,United States Grand Prix,0.0,20,0.0
MAG,33,0 days 00:01:39.826000,HARD,16.0,True,0 days 01:55:23.224000,28.8,10,47.4,0 days 00:00:26.704000,0 days 00:00:40.004000,0 days 00:00:33.118000,1,99.826,6923.224,3.532000000000153,True,False,False,16.0,0.0,0.0,26.704,40.004,33.118,0,0,0,0.0,100.6326,0.5493307746704036,-1.4683320818571652,0,0,100.166,99.641,-0.5249999999999915,0.0,-0.3400000000000034,-0.028000000000001062,0.0,-0.232999999999997,0.34721650306400875,-0.028000000000001062,0,0,2024,United States Grand Prix,0.0,20,0.0
MAG,34,0 days 00:01:39.641000,HARD,17.0,True,0 days 01:57:02.865000,28.8,10,47.1,0 days 00:00:26.674000,0 days 00:00:40.030000,0 days 00:00:32.937000,1,99.641,7022.865,3.2390000000004875,True,False,False,17.0,0.0,0.0,26.674,40.03,32.937,0,0,0,0.0,100.29319999999998,0.3496022025102059,-1.8655488876130282,1,0,99.826,99.585,-0.24099999999999966,0.0,-0.18499999999998806,-0.31433333333333735,0.0,-0.1810000000000045,0.2741428459763246,-0.31433333333333735,0,0,2024,United States Grand Prix,0.0,20,0.0
MAG,35,0 days 00:01:39.585000,HARD,18.0,True,0 days 01:58:42.450000,28.8,10,47.0,0 days 00:00:26.588000,0 days 00:00:39.962000,0 days 00:00:33.035000,1,99.585,7122.45,2.904000000000451,True,False,False,18.0,0.0,0.0,26.588,39.962,33.035,0,0,0,0.0,100.1714,0.45776882812177877,-1.2809959175376915,0,1,99.641,99.786,0.14499999999999602,0.0,-0.056000000000011596,-0.271333333333331,0.0,0.09799999999999898,0.2753194508203138,-0.271333333333331,0,0,2024,United States Grand Prix,0.0,20,0.0
MAG,36,0 days 00:01:39.786000,HARD,19.0,True,0 days 02:00:22.236000,28.9,10,47.2,0 days 00:00:26.614000,0 days 00:00:40.118000,0 days 00:00:33.054000,1,99.786,7222.236,2.3140000000003056,True,False,False,19.0,0.0,0.0,26.614,40.118,33.054,0,0,0,0.0,99.93459999999999,0.3689773705798077,-0.40273472534773325,0,0,99.585,100.481,0.8960000000000008,0.0,0.20100000000000762,-0.19366666666666768,0.0,0.11700000000000443,0.13418159337256333,-0.19366666666666768,0,0,2024,United States Grand Prix,0.0,20,0.0
MAG,37,0 days 00:01:40.481000,HARD,20.0,True,0 days 02:02:02.717000,28.9,9,46.9,0 days 00:00:26.927000,0 days 00:00:40.327000,0 days 00:00:33.227000,1,100.481,7322.717,1.2229999999999563,True,False,False,20.0,0.0,0.0,26.927,40.327,33.227,0,0,0,0.0,99.8008,0.22711825113801482,2.994915629156798,0,0,99.786,98.975,-0.811000000000007,0.20100000000000762,0.6949999999999932,-0.01333333333333068,0.0,0.28999999999999915,0.16014462213886635,-0.01333333333333068,0,0,2024,United States Grand Prix,0.0,20,0.0
MAG,40,0 days 00:01:38.975000,MEDIUM,2.0,True,0 days 02:07:20.152000,28.9,13,47.4,0 days 00:00:26.839000,0 days 00:00:39.219000,0 days 00:00:32.917000,1,98.975,7640.152,4.648000000000138,False,True,False,2.0,0.0,0.0,26.839,39.219,32.917,0,0,0,0.0,99.8638,0.35909149251964556,-2.4751352190594655,1,0,100.481,100.01,-0.4709999999999894,0.8960000000000008,-1.5060000000000002,0.2799999999999964,0.0,-0.117999999999995,0.21953746832830168,0.2799999999999964,0,0,2024,United States Grand Prix,0.0,20,0.0
MAG,41,0 days 00:01:40.010000,MEDIUM,3.0,True,0 days 02:09:00.162000,28.9,12,47.4,0 days 00:00:27.889000,0 days 00:00:39.642000,0 days 00:00:32.479000,12,100.01,7740.162,5.6729999999997744,False,True,False,3.0,0.0,0.0,27.889,39.642,32.479,0,0,1,0.0,99.6936,0.5383965081610315,0.5876709733514246,0,1,98.975,98.653,-0.3219999999999885,0.0,1.0350000000000108,-0.20333333333333314,0.0,-0.4380000000000024,0.19078181255035834,-0.20333333333333314,0,0,2024,United States Grand Prix,0.0,20,0.0
MAG,42,0 days 00:01:38.653000,MEDIUM,4.0,True,0 days 02:10:38.815000,29.0,12,46.4,0 days 00:00:26.424000,0 days 00:00:39.549000,0 days 00:00:32.680000,1,98.653,7838.815,6.4650000000001455,False,True,False,4.0,0.0,0.0,26.424,39.549,32.68,0,0,0,0.0,99.7674,0.5544351179353567,-2.0099736902486764,1,0,100.01,98.988,-1.0220000000000056,1.0350000000000108,-1.3569999999999993,0.07466666666666792,0.0,0.2010000000000005,0.27957145777063913,0.07466666666666792,0,0,2024,United States Grand Prix,0.0,20,0.0
MAG,43,0 days 00:01:38.988000,MEDIUM,5.0,True,0 days 02:12:17.803000,29.0,12,46.4,0 days 00:00:26.542000,0 days 00:00:39.647000,0 days 00:00:32.799000,1,98.988,7937.803,7.030999999999949,False,True,False,5.0,0.0,0.0,26.542,39.647,32.799,0,0,0,0.0,99.581,0.7524104597890595,-0.788133647379454,0,1,98.653,98.671,0.018000000000000682,0.0,0.33499999999999375,-0.6093333333333296,0.0,0.3200000000000003,0.293009044229014,-0.6093333333333296,0,0,2024,United States Grand Prix,0.0,20,0.0
MAG,44,0 days 00:01:38.671000,MEDIUM,6.0,True,0 days 02:13:56.474000,29.0,12,46.5,0 days 00:00:26.421000,0 days 00:00:39.576000,0 days 00:00:32.674000,1,98.671,8036.474,7.811999999999898,False,True,False,6.0,0.0,0.0,26.421,39.576,32.674,0,0,0,0.0,99.4214,0.7821044047951505,-0.9594626950049521,0,0,98.988,99.045,0.05700000000000216,0.33499999999999375,-0.31699999999999307,0.0043333333333350765,0.0,0.19500000000000028,0.3239073941730878,0.0043333333333350765,0,0,2024,United States Grand Prix,0.0,20,0.0
MAG,45,0 days 00:01:39.045000,MEDIUM,7.0,True,0 days 02:15:35.519000,29.1,12,47.0,0 days 00:00:26.562000,0 days 00:00:39.636000,0 days 00:00:32.847000,1,99.045,8135.519,8.765999999999622,False,True,False,7.0,0.0,0.0,26.562,39.636,32.847,0,0,0,0.0,99.05940000000001,0.5549498175510599,-0.025948292160099962,0,0,98.671,99.085,0.41399999999998727,0.018000000000000682,0.3739999999999952,-0.44633333333333286,0.0,0.17300000000000182,0.3088179075118543,-0.44633333333333286,0,0,2024,United States Grand Prix,0.0,20,0.0
MAG,46,0 days 00:01:39.085000,MEDIUM,8.0,True,0 days 02:17:14.604000,29.1,12,47.0,0 days 00:00:26.363000,0 days 00:00:39.714000,0 days 00:00:33.008000,1,99.085,8234.604,9.221000000001368,False,True,False,8.0,0.0,0.0,26.363,39.714,33.008,0,0,0,0.0,99.0734,0.5531684191997547,0.0209701053013265,0,0,99.045,98.779,-0.26600000000000534,0.3919999999999959,0.03999999999999204,0.1306666666666653,0.0,0.3340000000000032,0.3007984374959429,0.1306666666666653,0,0,2024,United States Grand Prix,0.0,20,0.0
MAG,47,0 days 00:01:38.779000,MEDIUM,9.0,True,0 days 02:18:53.383000,29.1,11,46.7,0 days 00:00:26.483000,0 days 00:00:39.727000,0 days 00:00:32.569000,1,98.779,8333.383,1.7489999999997963,False,True,False,9.0,0.0,0.0,26.483,39.727,32.569,0,0,0,0.0,98.8884,0.20962538014261226,-0.5218833708283843,0,0,99.085,99.025,-0.05999999999998806,0.43199999999998795,-0.3059999999999974,0.0323333333333314,0.0,-0.10499999999999687,0.07610059132490357,0.0323333333333314,0,0,2024,United States Grand Prix,0.0,20,0.0
MAG,48,0 days 00:01:39.025000,MEDIUM,10.0,True,0 days 02:20:32.408000,29.0,11,46.7,0 days 00:00:26.525000,0 days 00:00:39.694000,0 days 00:00:32.806000,1,99.025,8432.408,2.2849999999998545,False,True,False,10.0,0.0,0.0,26.525,39.694,32.806,0,0,0,0.0,98.9136,0.17968806304242368,0.6199632747652366,0,0,98.779,98.746,-0.03300000000000125,0.10799999999998988,0.24600000000000932,0.035999999999996625,0.0,0.23699999999999477,0.17660492631860447,0.035999999999996625,0,0,2024,United States Grand Prix,0.0,20,0.0
MAG,49,0 days 00:01:38.746000,MEDIUM,11.0,True,0 days 02:22:11.154000,28.9,11,46.6,0 days 00:00:26.315000,0 days 00:00:39.747000,0 days 00:00:32.684000,1,98.746,8531.154,2.838999999999942,False,True,False,11.0,0.0,0.0,26.315,39.747,32.684,0,0,0,0.0,98.921,0.18422269132747726,-0.9499372674397016,0,0,99.025,98.676,-0.34900000000000375,0.3539999999999992,-0.2790000000000106,-0.00666666666666534,0.0,0.11499999999999488,0.16400670717991866,-0.00666666666666534,0,0,2024,United States Grand Prix,0.0,20,0.0
MAG,50,0 days 00:01:38.676000,MEDIUM,12.0,True,0 days 02:23:49.830000,29.3,11,46.7,0 days 00:00:26.428000,0 days 00:00:39.780000,0 days 00:00:32.468000,1,98.676,8629.83,3.3369999999995343,False,True,False,12.0,0.0,0.0,26.428,39.78,32.468,0,0,0,0.0,98.936,0.16027476407701202,-1.622214211309493,1,0,98.746,98.877,0.13100000000000023,0.0,-0.06999999999999318,-0.11299999999999955,0.0,-0.10099999999999909,0.1644694500507608,-0.11299999999999955,0,0,2024,United States Grand Prix,0.0,20,0.0
MAG,51,0 days 00:01:38.877000,MEDIUM,13.0,True,0 days 02:25:28.707000,29.2,11,46.5,0 days 00:00:26.457000,0 days 00:00:39.724000,0 days 00:00:32.696000,1,98.877,8728.707,3.8439999999991414,False,True,False,13.0,0.0,0.0,26.457,39.724,32.696,0,0,0,0.0,98.8622,0.1811344804280362,0.08170724847649254,0,1,98.676,98.623,-0.05299999999999727,0.0,0.2009999999999934,-0.034333333333331474,0.0,0.22799999999999443,0.1975449315978506,-0.034333333333331474,0,0,2024,United States Grand Prix,0.0,20,0.0
MAG,52,0 days 00:01:38.623000,MEDIUM,14.0,True,0 days 02:27:07.330000,29.2,11,46.5,0 days 00:00:26.374000,0 days 00:00:39.511000,0 days 00:00:32.738000,1,98.623,8827.33,4.120999999999185,False,True,False,14.0,0.0,0.0,26.374,39.511,32.738,0,0,0,0.0,98.8206,0.13524533263640115,-1.4610485711268855,0,0,98.877,98.508,-0.3689999999999998,0.2009999999999934,-0.2539999999999907,-0.04933333333333678,0.0,0.269999999999996,0.16928437612490588,-0.04933333333333678,0,0,2024,United States Grand Prix,0.0,20,0.0
MAG,53,0 days 00:01:38.508000,MEDIUM,15.0,True,0 days 02:28:45.838000,29.1,11,46.0,0 days 00:00:26.403000,0 days 00:00:39.610000,0 days 00:00:32.495000,1,98.508,8925.838,4.739999999999782,False,True,False,15.0,0.0,0.0,26.403,39.61,32.495,0,0,0,0.0,98.7894,0.16249092282317487,-1.7317890446485358,1,0,98.623,98.325,-0.2980000000000018,0.0,-0.1150000000000091,-0.04099999999999682,0.0,0.026999999999993918,0.15188712914529395,-0.04099999999999682,0,0,2024,United States Grand Prix,0.0,20,0.0
MAG,54,0 days 00:01:38.325000,MEDIUM,16.0,True,0 days 02:30:24.163000,29.3,11,46.1,0 days 00:00:26.361000,0 days 00:00:39.560000,0 days 00:00:32.404000,1,98.325,9024.163,5.143000000000029,False,True,False,16.0,0.0,0.0,26.361,39.56,32.404,0,0,0,0.0,98.686,0.13768986890805135,-2.6218341470066933,1,1,98.508,98.239,-0.26899999999999125,0.0,-0.18299999999999272,-0.056000000000002124,0.0,-0.09099999999999397,0.15077698763405306,-0.056000000000002124,0,0,2024,United States Grand Prix,0.0,20,0.0
MAG,55,0 days 00:01:38.239000,MEDIUM,17.0,True,0 days 02:32:02.402000,29.2,11,46.1,0 days 00:00:26.258000,0 days 00:00:39.672000,0 days 00:00:32.309000,1,98.239,9122.402,5.2150000000001455,False,True,False,17.0,0.0,0.0,26.258,39.672,32.309,0,0,0,0.0,98.6018,0.20439349304689147,-1.7750075826374776,1,1,98.325,98.21,-0.1150000000000091,0.0,-0.08599999999999852,-0.1839999999999975,0.0,-0.09500000000000597,0.1745832179792738,-0.1839999999999975,0,0,2024,United States Grand Prix,0.0,20,0.0
NOR,2,0 days 00:01:40.864000,MEDIUM,2.0,True,0 days 01:00:34.997000,28.1,4,47.2,0 days 00:00:27.416000,0 days 00:00:39.906000,0 days 00:00:33.542000,1,100.864,3634.997,1.9390000000003056,False,True,False,2.0,0.0,0.0,27.416,39.906,33.542,0,0,0,0.0,98.381,0.1783493762251266,13.92211205081966,0,0,100.864,100.663,-0.20100000000000762,2.6540000000000106,0.0,-0.09933333333333394,0.0,1.233000000000004,0.15383660162653004,0.0,0,0,2024,United States Grand Prix,0.0,20,0.0
NOR,6,0 days 00:01:40.663000,MEDIUM,6.0,True,0 days 01:09:36.464000,28.1,4,47.4,0 days 00:00:27.461000,0 days 00:00:40.080000,0 days 00:00:33.122000,1,100.663,4176.464,1.574999999999818,False,True,False,6.0,0.0,0.0,27.461,40.08,33.122,0,0,0,0.0,,,0.0,0,0,100.864,100.469,-0.39500000000001023,0.0,-0.20100000000000762,0.0,0.0,0.0,0.0,0.0,0,0,2024,United States Grand Prix,0.0,20,0.0
NOR,7,0 days 00:01:40.469000,MEDIUM,7.0,True,0 days 01:11:16.933000,28.1,4,47.2,0 days 00:00:27.397000,0 days 00:00:39.899000,0 days 00:00:33.173000,1,100.469,4276.933,2.1920000000000073,False,True,False,7.0,0.0,0.0,27.397,39.899,33.173,0,0,0,0.0,,,0.0,0,0,100.663,100.411,-0.25199999999999534,0.0,-0.19400000000000261,-0.10050000000000381,0.0,0.05100000000000193,0.0,0.0,0,0,2024,United States Grand Prix,0.0,20,0.0
NOR,8,0 days 00:01:40.411000,MEDIUM,8.0,True,0 days 01:12:57.344000,28.0,4,46.9,0 days 00:00:27.272000,0 days 00:00:39.923000,0 days 00:00:33.216000,1,100.411,4377.344,2.4589999999998327,False,True,False,8.0,0.0,0.0,27.272,39.923,33.216,0,0,0,0.0,100.66533333333332,0.1975103372822105,-1.2876963141930107,0,0,100.469,100.196,-0.27299999999999613,0.0,-0.057999999999992724,-0.13166666666667007,0.0,0.0940000000000012,0.6976166569112313,-0.19750000000000512,0,0,2024,United States Grand Prix,0.0,20,0.0
NOR,9,0 days 00:01:40.196000,MEDIUM,9.0,True,0 days 01:14:37.540000,28.1,4,46.7,0 days 00:00:27.082000,0 days 00:00:39.755000,0 days 00:00:33.359000,1,100.196,4477.54,2.5479999999997744,False,True,False,9.0,0.0,0.0,27.082,39.755,33.359,0,0,0,0.0,100.60175,0.20537344034708627,-1.9756692945021028,1,0,100.411,100.369,-0.04200000000000159,0.0,-0.2150000000000034,-0.151000000000001,0.0,0.23700000000000188,0.5935781330204153,-0.151000000000001,0,0,2024,United States Grand Prix,0.0,20,0.0
NOR,10,0 days 00:01:40.369000,MEDIUM,10.0,True,0 days 01:16:17.909000,28.2,4,47.0,0 days 00:00:27.215000,0 days 00:00:39.900000,0 days 00:00:33.254000,12,100.369,4577.909,2.518000000000029,False,True,False,10.0,0.0,0.0,27.215,39.9,33.254,0,0,1,0.0,100.5206,0.25408718975973354,-0.5966455850976032,0,1,100.196,100.668,0.4720000000000084,0.0,0.17300000000000182,-0.15566666666666626,0.0,0.08099999999999596,0.5162969107015859,-0.15566666666666626,0,0,2024,United States Grand Prix,0.0,20,0.0
NOR,11,0 days 00:01:40.668000,MEDIUM,11.0,True,0 days 01:17:58.577000,28.2,4,47.0,0 days 00:00:27.174000,0 days 00:00:40.144000,0 days 00:00:33.350000,1,100.668,4678.577,2.456999999999425,False,True,False,11.0,0.0,0.0,27.174,40.144,33.35,0,0,0,0.0,100.4216,0.16903786558046455,1.4576615668559676,0,0,100.369,100.652,0.28300000000000125,0.17300000000000182,0.2990000000000066,-0.03333333333333144,0.0,0.13400000000000034,0.08844942057469966,-0.03333333333333144,0,0,2024,United States Grand Prix,0.0,20,0.0
NOR,12,0 days 00:01:40.652000,MEDIUM,12.0,True,0 days 01:19:39.229000,28.1,4,47.1,0 days 00:00:27.145000,0 days 00:00:40.183000,0 days 00:00:33.324000,1,100.652,4779.229,2.5009999999992942,False,True,False,12.0,0.0,0.0,27.145,40.183,33.324,0,0,0,0.0,100.4226,0.17082827634791653,1.3428690197212547,0,0,100.668,100.347,-0.32100000000001216,0.4720000000000084,-0.016000000000005343,0.08566666666666833,0.0,0.07000000000000028,0.0721824078290555,0.08566666666666833,0,0,2024,United States Grand Prix,0.0,20,0.0
NOR,13,0 days 00:01:40.347000,MEDIUM,13.0,True,0 days 01:21:19.576000,28.1,4,47.4,0 days 00:00:27.018000,0 days 00:00:40.062000,0 days 00:00:33.267000,1,100.347,4879.576,2.7330000000001746,False,True,False,13.0,0.0,0.0,27.018,40.062,33.267,0,0,0,0.0,100.45920000000001,0.2003140035044932,-0.5601206008420619,0,0,100.652,100.322,-0.3299999999999983,0.45600000000000307,-0.3050000000000068,0.15200000000000102,0.0,0.01300000000000523,0.06806394052653837,0.15200000000000102,0,0,2024,United States Grand Prix,0.0,20,0.0
NOR,14,0 days 00:01:40.322000,MEDIUM,14.0,True,0 days 01:22:59.898000,28.3,4,47.8,0 days 00:00:26.946000,0 days 00:00:40.228000,0 days 00:00:33.148000,1,100.322,4979.898,3.217999999999847,False,True,False,14.0,0.0,0.0,26.946,40.228,33.148,0,0,0,0.0,100.44640000000001,0.20612447695506528,-0.6035188146390177,0,0,100.347,100.36,0.01300000000000523,0.15099999999999625,-0.024999999999991473,-0.00733333333333519,0.0,-0.11899999999999977,0.08442452250383127,-0.00733333333333519,0,0,2024,United States Grand Prix,0.0,20,0.0
NOR,15,0 days 00:01:40.360000,MEDIUM,15.0,True,0 days 01:24:40.258000,28.4,4,47.5,0 days 00:00:26.958000,0 days 00:00:40.236000,0 days 00:00:33.166000,1,100.36,5080.258,3.8710000000000946,False,True,False,15.0,0.0,0.0,26.958,40.236,33.166,0,0,0,0.0,100.4716,0.17287943775937353,-0.6455365741953007,0,0,100.322,100.355,0.03300000000000125,0.0,0.0379999999999967,-0.11533333333333455,0.0,0.017999999999993577,0.09661625122100237,-0.11533333333333455,0,0,2024,United States Grand Prix,0.0,20,0.0
NOR,16,0 days 00:01:40.355000,MEDIUM,16.0,True,0 days 01:26:20.613000,28.4,4,47.8,0 days 00:00:26.973000,0 days 00:00:40.266000,0 days 00:00:33.116000,1,100.355,5180.613,3.744999999999891,False,True,False,16.0,0.0,0.0,26.973,40.266,33.116,0,0,0,0.0,100.4698,0.174256133321033,-0.6588003406944982,0,0,100.36,99.915,-0.4449999999999932,0.0379999999999967,-0.0049999999999954525,-0.09733333333333387,0.0,-0.03200000000000358,0.0932989817736506,-0.09733333333333387,0,0,2024,United States Grand Prix,0.0,20,0.0
NOR,17,0 days 00:01:39.915000,MEDIUM,17.0,True,0 days 01:28:00.528000,28.4,4,47.6,0 days 00:00:27.012000,0 days 00:00:39.961000,0 days 00:00:32.942000,1,99.915,5280.528,3.755000000000109,False,True,False,17.0,0.0,0.0,27.012,39.961,32.942,0,0,0,0.0,100.4072,0.137625215712826,-3.5763794988488162,1,0,100.355,99.944,-0.41100000000000136,0.03300000000000125,-0.4399999999999977,0.0026666666666699257,0.0,-0.1739999999999995,0.0708484297638275,0.0026666666666699257,0,0,2024,United States Grand Prix,0.0,20,0.0
NOR,18,0 days 00:01:39.944000,MEDIUM,18.0,True,0 days 01:29:40.472000,28.3,4,47.6,0 days 00:00:26.960000,0 days 00:00:40.243000,0 days 00:00:32.741000,1,99.944,5380.472,3.8170000000000073,False,True,False,18.0,0.0,0.0,26.96,40.243,32.741,0,0,0,0.0,100.25980000000001,0.1933020951774982,-1.6337122456434272,1,1,99.915,99.612,-0.3030000000000115,0.0,0.028999999999996362,-0.1356666666666655,0.0,-0.2010000000000005,0.08465636420257988,-0.1356666666666655,0,0,2024,United States Grand Prix,0.0,20,0.0
NOR,19,0 days 00:01:39.612000,MEDIUM,19.0,True,0 days 01:31:20.084000,28.3,4,47.2,0 days 00:00:26.886000,0 days 00:00:39.871000,0 days 00:00:32.855000,1,99.612,5480.084,3.8900000000003274,False,True,False,19.0,0.0,0.0,26.886,39.871,32.855,0,0,0,0.0,100.17920000000001,0.22864098495242532,-2.480745086529585,1,1,99.944,99.891,-0.05299999999999727,0.028999999999996362,-0.33200000000000784,-0.1386666666666656,0.0,0.11399999999999721,0.09296934978797845,-0.1386666666666656,0,0,2024,United States Grand Prix,0.0,20,0.0
NOR,20,0 days 00:01:39.891000,MEDIUM,20.0,True,0 days 01:32:59.975000,28.4,4,47.1,0 days 00:00:26.836000,0 days 00:00:39.847000,0 days 00:00:33.208000,1,99.891,5579.975,3.7899999999999636,False,True,False,20.0,0.0,0.0,26.836,39.847,33.208,0,0,0,0.0,100.0372,0.3200042187222307,-0.4568689768646375,0,1,99.612,99.474,-0.13799999999999102,0.0,0.2790000000000106,-0.24766666666666973,0.0,0.46699999999999875,0.1321892582625362,-0.24766666666666973,0,0,2024,United States Grand Prix,0.0,20,0.0
NOR,21,0 days 00:01:39.474000,MEDIUM,21.0,True,0 days 01:34:39.449000,28.4,4,47.3,0 days 00:00:26.763000,0 days 00:00:39.661000,0 days 00:00:33.050000,1,99.474,5679.449,4.027000000000044,False,True,False,21.0,0.0,0.0,26.763,39.661,33.05,0,0,0,0.0,99.94340000000001,0.26589151923299764,-1.765381616360158,1,0,99.891,99.542,-0.34900000000000375,0.2790000000000106,-0.4170000000000016,-0.008000000000000304,0.0,0.3089999999999975,0.2723650124373535,-0.008000000000000304,0,0,2024,United States Grand Prix,0.0,20,0.0
NOR,22,0 days 00:01:39.542000,MEDIUM,22.0,True,0 days 01:36:18.991000,28.4,3,47.4,0 days 00:00:26.772000,0 days 00:00:39.700000,0 days 00:00:33.070000,1,99.542,5778.991,4.34900000000016,False,True,False,22.0,0.0,0.0,26.772,39.7,33.07,0,0,0,0.0,99.7672,0.21123612380471798,-1.06610553130672,0,1,99.474,99.81,0.3359999999999985,0.0,0.06799999999999784,-0.1566666666666663,0.0,0.2150000000000034,0.2933419506309991,-0.1566666666666663,0,0,2024,United States Grand Prix,0.0,20,0.0
NOR,23,0 days 00:01:39.810000,MEDIUM,23.0,True,0 days 01:37:58.801000,28.4,3,47.8,0 days 00:00:26.731000,0 days 00:00:39.980000,0 days 00:00:33.099000,1,99.81,5878.801,4.448999999999614,False,True,False,23.0,0.0,0.0,26.731,39.98,33.099,0,0,0,0.0,99.6926,0.2118532510962417,0.5541571790497115,0,0,99.542,99.789,0.2469999999999999,0.06799999999999784,0.2680000000000007,-0.02333333333333106,0.0,0.04899999999999949,0.2498743684334188,-0.02333333333333106,0,0,2024,United States Grand Prix,0.0,20,0.0
NOR,24,0 days 00:01:39.789000,MEDIUM,24.0,True,0 days 01:39:38.590000,28.4,3,47.7,0 days 00:00:26.810000,0 days 00:00:39.960000,0 days 00:00:33.019000,1,99.789,5978.59,4.929000000000087,False,True,False,24.0,0.0,0.0,26.81,39.96,33.019,0,0,0,0.0,99.6658,0.1778460007985818,0.6927341601542469,0,0,99.81,99.607,-0.20300000000000296,0.3359999999999985,-0.021000000000000796,-0.027000000000001023,0.0,-0.030999999999998806,0.16496120756105034,-0.027000000000001023,0,0,2024,United States Grand Prix,0.0,20,0.0
NOR,25,0 days 00:01:39.607000,MEDIUM,25.0,True,0 days 01:41:18.197000,28.5,3,48.0,0 days 00:00:26.645000,0 days 00:00:40.060000,0 days 00:00:32.902000,1,99.607,6078.197,4.730999999999767,False,True,False,25.0,0.0,0.0,26.645,40.06,32.902,0,0,0,0.0,99.7012,0.18202664640114505,-0.5175066500560884,0,0,99.789,99.527,-0.26200000000000045,0.3149999999999977,-0.18200000000000216,0.10499999999999925,0.0,-0.11699999999999733,0.19971279378146914,0.10499999999999925,0,0,2024,United States Grand Prix,0.0,20,0.0
NOR,26,0 days 00:01:39.527000,MEDIUM,26.0,True,0 days 01:42:57.724000,28.5,2,48.0,0 days 00:00:26.724000,0 days 00:00:39.978000,0 days 00:00:32.825000,1,99.527,6177.724,4.502999999999702,False,True,False,26.0,0.0,0.0,26.724,39.978,32.825,0,0,0,0.0,99.64439999999999,0.1493763702867657,-0.7859342128518072,0,0,99.607,99.093,-0.5139999999999958,0.13299999999999557,-0.0799999999999983,0.021666666666665908,0.0,-0.07699999999999818,0.17509426032854308,0.021666666666665908,0,0,2024,United States Grand Prix,0.0,20,0.0
NOR,27,0 days 00:01:39.093000,MEDIUM,27.0,True,0 days 01:44:36.817000,28.5,1,47.3,0 days 00:00:26.564000,0 days 00:00:39.677000,0 days 00:00:32.852000,1,99.093,6276.817,4.426000000000386,False,True,False,27.0,0.0,0.0,26.564,39.677,32.852,0,0,0,0.0,99.655,0.13549723244424058,-4.147686191533618,1,0,99.527,99.156,-0.3709999999999951,0.0,-0.4339999999999975,-0.09433333333333375,0.0,0.026999999999993918,0.1312448094211732,-0.09433333333333375,0,0,2024,United States Grand Prix,0.0,20,0.0
NOR,28,0 days 00:01:39.156000,MEDIUM,28.0,True,0 days 01:46:15.973000,28.5,1,47.5,0 days 00:00:26.567000,0 days 00:00:39.622000,0 days 00:00:32.967000,1,99.156,6375.973,4.920000000000073,False,True,False,28.0,0.0,0.0,26.567,39.622,32.967,0,0,0,0.0,99.5652,0.28991067589871766,-1.4114692352445668,0,1,99.093,99.548,0.4549999999999983,0.0,0.06300000000000239,-0.23199999999999932,0.0,0.1419999999999959,0.06940605160934923,-0.23199999999999932,0,0,2024,United States Grand Prix,0.0,20,0.0
NOR,29,0 days 00:01:39.548000,MEDIUM,29.0,True,0 days 01:47:55.521000,28.7,1,47.2,0 days 00:00:26.661000,0 days 00:00:39.999000,0 days 00:00:32.888000,1,99.548,6475.521,4.92200000000048,False,True,False,29.0,0.0,0.0,26.661,39.999,32.888,0,0,0,0.0,99.43440000000001,0.29923535887333724,0.3796342799450935,0,0,99.156,99.705,0.5489999999999924,0.06300000000000239,0.3919999999999959,-0.15033333333333113,0.0,0.06299999999999528,0.1010504824332836,-0.15033333333333113,0,0,2024,United States Grand Prix,0.0,20,0.0
NOR,30,0 days 00:01:39.705000,MEDIUM,30.0,True,0 days 01:49:35.226000,29.0,1,47.7,0 days 00:00:26.647000,0 days 00:00:39.898000,0 days 00:00:33.160000,1,99.705,6575.226,4.878000000000611,False,True,False,30.0,0.0,0.0,26.647,39.898,33.16,0,0,0,0.0,99.3862,0.24172029290081612,1.3188797521886488,0,0,99.548,98.641,-0.9069999999999965,0.4549999999999983,0.15699999999999648,0.0070000000000002656,0.0,0.30799999999999983,0.10510851535436742,0.0070000000000002656,0,0,2024,United States Grand Prix,0.0,20,0.0
NOR,33,0 days 00:01:38.641000,HARD,2.0,True,0 days 01:54:54.941000,28.7,4,47.5,0 days 00:00:26.790000,0 days 00:00:39.433000,0 days 00:00:32.418000,1,98.641,6894.941,7.8640000000004875,True,False,False,2.0,0.0,0.0,26.79,39.433,32.418,0,0,0,0.0,99.40580000000001,0.26677462398072327,-2.8668393889490456,1,0,99.705,98.043,-1.661999999999992,0.6119999999999948,-1.063999999999993,0.20399999999999827,0.0,-0.46999999999999886,0.14385861114302473,0.20399999999999827,0,0,2024,United States Grand Prix,0.0,20,0.0
NOR,34,0 days 00:01:38.043000,HARD,3.0,True,0 days 01:56:32.984000,28.8,4,47.1,0 days 00:00:26.614000,0 days 00:00:39.173000,0 days 00:00:32.256000,1,98.043,6992.984,6.894999999999527,True,False,False,3.0,0.0,0.0,26.614,39.173,32.256,0,0,0,0.0,99.2286,0.4177036030489262,-2.838376282478758,1,1,98.641,97.918,-0.722999999999999,0.0,-0.597999999999999,-0.17166666666666686,0.0,-0.16199999999999903,0.2913957789673682,-0.17166666666666686,0,0,2024,United States Grand Prix,0.0,20,0.0
NOR,35,0 days 00:01:37.918000,HARD,4.0,True,0 days 01:58:10.902000,28.8,4,47.1,0 days 00:00:26.379000,0 days 00:00:39.180000,0 days 00:00:32.359000,1,97.918,7090.902,6.998999999999796,True,False,False,4.0,0.0,0.0,26.379,39.18,32.359,0,0,0,0.0,99.01860000000002,0.6827637219419718,-1.6119778550471293,1,1,98.043,98.317,0.2739999999999867,0.0,-0.125,-0.5016666666666652,0.0,0.10300000000000153,0.30137551327206247,-0.5016666666666652,0,0,2024,United States Grand Prix,0.0,20,0.0
NOR,36,0 days 00:01:38.317000,HARD,5.0,True,0 days 01:59:49.219000,28.9,4,47.2,0 days 00:00:26.787000,0 days 00:00:39.178000,0 days 00:00:32.352000,1,98.317,7189.219,6.992000000000189,True,False,False,5.0,0.0,0.0,26.787,39.178,32.352,0,0,0,0.0,98.771,0.8292433297893037,-0.5474870688623582,0,1,97.918,98.31,0.3919999999999959,0.0,0.3989999999999867,-0.595666666666664,0.0,0.09599999999999653,0.29647647461476523,-0.595666666666664,0,0,2024,United States Grand Prix,0.0,20,0.0
NOR,37,0 days 00:01:38.310000,HARD,6.0,True,0 days 02:01:27.529000,28.9,4,46.9,0 days 00:00:26.482000,0 days 00:00:39.316000,0 days 00:00:32.512000,1,98.31,7287.529,7.171999999999571,True,False,False,6.0,0.0,0.0,26.482,39.316,32.512,0,0,0,0.0,98.5248,0.715872334987219,-0.30005350046643686,0,0,98.317,98.081,-0.23599999999999,0.3989999999999867,-0.006999999999990791,-0.10800000000000409,0.0,0.2560000000000002,0.29946118279336226,-0.10800000000000409,0,0,2024,United States Grand Prix,0.0,20,0.0
NOR,38,0 days 00:01:38.081000,HARD,7.0,True,0 days 02:03:05.610000,28.9,4,47.1,0 days 00:00:26.333000,0 days 00:00:39.263000,0 days 00:00:32.485000,1,98.081,7385.61,7.302999999999884,True,False,False,7.0,0.0,0.0,26.333,39.263,32.485,0,0,0,0.0,98.2458,0.28015834808203155,-0.5882387625720347,0,0,98.31,98.062,-0.24800000000000466,0.3919999999999959,-0.2289999999999992,0.08899999999999864,0.0,0.13300000000000267,0.285586764399192,0.08899999999999864,0,0,2024,United States Grand Prix,0.0,20,0.0
NOR,39,0 days 00:01:38.062000,HARD,8.0,True,0 days 02:04:43.672000,29.0,4,46.9,0 days 00:00:26.414000,0 days 00:00:39.197000,0 days 00:00:32.451000,1,98.062,7483.672,7.423999999999978,True,False,False,8.0,0.0,0.0,26.414,39.197,32.451,0,0,0,0.0,98.1338,0.1747933065081514,-0.4107708780979421,0,0,98.081,98.321,0.23999999999999488,0.1629999999999967,-0.019000000000005457,0.054333333333332234,0.0,0.09900000000000375,0.15247852307784188,0.054333333333332234,0,0,2024,United States Grand Prix,0.0,20,0.0
NOR,40,0 days 00:01:38.321000,HARD,9.0,True,0 days 02:06:21.993000,28.9,4,47.3,0 days 00:00:26.311000,0 days 00:00:39.526000,0 days 00:00:32.484000,1,98.321,7581.993,8.451000000000022,True,False,False,9.0,0.0,0.0,26.311,39.526,32.484,0,0,0,0.0,98.13759999999999,0.17251753534076725,1.06308033926953,0,0,98.062,97.966,-0.09600000000000364,0.14399999999999125,0.25900000000000034,-0.08499999999999848,0.0,0.03300000000000125,0.06792863902655476,-0.08499999999999848,0,0,2024,United States Grand Prix,0.0,20,0.0
NOR,41,0 days 00:01:37.966000,HARD,10.0,True,0 days 02:07:59.959000,28.9,4,47.4,0 days 00:00:26.451000,0 days 00:00:39.154000,0 days 00:00:32.361000,12,97.966,7679.959,8.690999999999804,True,False,False,10.0,0.0,0.0,26.451,39.154,32.361,0,0,1,0.0,98.2182,0.13414432526220413,-1.8800646207511296,1,0,98.321,97.925,-0.3960000000000008,0.25900000000000034,-0.355000000000004,0.0036666666666652268,0.0,-0.09000000000000341,0.0824518041039732,0.0036666666666652268,0,0,2024,United States Grand Prix,0.0,20,0.0
NOR,42,0 days 00:01:37.925000,HARD,11.0,True,0 days 02:09:37.884000,29.0,4,46.8,0 days 00:00:26.240000,0 days 00:00:39.278000,0 days 00:00:32.407000,1,97.925,7777.884,8.649000000000342,True,False,False,11.0,0.0,0.0,26.24,39.278,32.407,0,0,0,0.0,98.148,0.1590455909481773,-1.402113687468773,0,1,97.966,98.033,0.06700000000000728,0.0,-0.04099999999999682,-0.03833333333333636,0.0,0.045999999999999375,0.12753705343938432,-0.03833333333333636,0,0,2024,United States Grand Prix,0.0,20,0.0
NOR,43,0 days 00:01:38.033000,HARD,12.0,True,0 days 02:11:15.917000,29.0,4,46.4,0 days 00:00:26.283000,0 days 00:00:39.311000,0 days 00:00:32.439000,1,98.033,7875.917,8.599999999999454,True,False,False,12.0,0.0,0.0,26.283,39.311,32.439,0,0,0,0.0,98.071,0.15412819339775985,-0.24654801410621743,0,0,97.925,98.229,0.30400000000000205,0.0,0.10800000000000409,-0.04566666666666682,0.0,0.07800000000000296,0.08518626649877571,-0.04566666666666682,0,0,2024,United States Grand Prix,0.0,20,0.0
NOR,44,0 days 00:01:38.229000,HARD,13.0,True,0 days 02:12:54.146000,29.0,4,46.4,0 days 00:00:26.432000,0 days 00:00:39.227000,0 days 00:00:32.570000,1,98.229,7974.146,8.826000000000022,True,False,False,13.0,0.0,0.0,26.432,39.227,32.57,0,0,0,0.0,98.0614,0.1548428235342454,1.0823879090717194,0,0,98.033,98.34,0.30700000000000216,0.10800000000000409,0.19599999999999795,-0.0959999999999989,0.0,0.20900000000000318,0.07361861177718845,-0.0959999999999989,0,0,2024,United States Grand Prix,0.0,20,0.0
NOR,45,0 days 00:01:38.340000,HARD,14.0,True,0 days 02:14:32.486000,29.0,4,47.2,0 days 00:00:26.234000,0 days 00:00:39.508000,0 days 00:00:32.598000,1,98.34,8072.486,8.465000000000146,True,False,False,14.0,0.0,0.0,26.234,39.508,32.598,0,0,0,0.0,98.09479999999999,0.17205871091013408,1.4250949498748637,0,0,98.229,98.119,-0.10999999999999943,0.30400000000000205,0.1110000000000042,0.0876666666666684,0.0,0.1910000000000025,0.10704531750618758,0.0876666666666684,0,0,2024,United States Grand Prix,0.0,20,0.0
NOR,46,0 days 00:01:38.119000,HARD,15.0,True,0 days 02:16:10.605000,29.1,4,47.0,0 days 00:00:26.304000,0 days 00:00:39.211000,0 days 00:00:32.604000,1,98.119,8170.605,8.666000000000167,True,False,False,15.0,0.0,0.0,26.304,39.211,32.604,0,0,0,0.0,98.0986,0.1783964685750755,0.11435203938137405,0,0,98.34,99.194,0.8539999999999992,0.41500000000000625,-0.22100000000000364,0.13833333333333542,0.0,0.16499999999999915,0.12123407111864477,0.13833333333333542,0,0,2024,United States Grand Prix,0.0,20,0.0
NOR,47,0 days 00:01:39.194000,HARD,16.0,True,0 days 02:17:49.799000,29.1,4,46.8,0 days 00:00:26.425000,0 days 00:00:39.347000,0 days 00:00:33.422000,1,99.194,8269.799,8.126999999998588,True,False,False,16.0,0.0,0.0,26.425,39.347,33.422,0,0,0,0.0,98.1292,0.1623674844297865,6.557963275340778,0,0,98.119,98.436,0.3170000000000073,0.19400000000000261,1.0750000000000028,0.028666666666666174,0.0,0.8519999999999968,0.07183801222194348,0.028666666666666174,0,0,2024,United States Grand Prix,0.0,20,0.0
NOR,48,0 days 00:01:38.436000,HARD,17.0,True,0 days 02:19:28.235000,29.1,4,46.8,0 days 00:00:26.181000,0 days 00:00:39.376000,0 days 00:00:32.879000,1,98.436,8368.235,7.711999999999534,True,False,False,17.0,0.0,0.0,26.181,39.376,32.879,0,0,0,0.0,98.383,0.46783597552994016,0.11328756823366534,0,0,99.194,98.549,-0.644999999999996,1.1610000000000014,-0.7579999999999956,0.3216666666666678,0.0,0.2809999999999988,0.31319722220990176,0.3216666666666678,0,0,2024,United States Grand Prix,0.0,20,0.0
NOR,49,0 days 00:01:38.549000,HARD,18.0,True,0 days 02:21:06.784000,29.0,4,46.7,0 days 00:00:26.498000,0 days 00:00:39.416000,0 days 00:00:32.635000,1,98.549,8466.784,7.185999999999694,True,False,False,18.0,0.0,0.0,26.498,39.416,32.635,0,0,0,0.0,98.4636,0.42523793339734955,0.20082874384634875,0,0,98.436,98.813,0.37699999999999534,0.3170000000000073,0.11299999999999955,0.032000000000001215,0.0,0.030999999999998806,0.28965980045563605,0.032000000000001215,0,0,2024,United States Grand Prix,0.0,20,0.0
NOR,50,0 days 00:01:38.813000,HARD,19.0,True,0 days 02:22:45.597000,29.0,4,47.0,0 days 00:00:26.487000,0 days 00:00:39.612000,0 days 00:00:32.714000,1,98.813,8565.597,6.352000000000771,True,False,False,19.0,0.0,0.0,26.487,39.612,32.714,0,0,0,0.0,98.5276,0.4046866689181233,0.7052369695373832,0,0,98.549,99.066,0.5169999999999959,0.4300000000000068,0.2639999999999958,0.14333333333333562,0.0,0.07900000000000063,0.31915983456569097,0.14333333333333562,0,0,2024,United States Grand Prix,0.0,20,0.0
NOR,51,0 days 00:01:39.066000,HARD,20.0,True,0 days 02:24:24.663000,29.3,4,46.4,0 days 00:00:26.282000,0 days 00:00:39.497000,0 days 00:00:33.287000,1,99.066,8664.663,5.8179999999993015,True,False,False,20.0,0.0,0.0,26.282,39.497,33.287,0,0,0,0.0,98.6222,0.4051539213682209,1.0953861645995322,0,0,98.813,99.843,1.0300000000000011,0.6940000000000026,0.2530000000000001,-0.12700000000000009,0.0,0.652000000000001,0.3327157946356007,-0.12700000000000009,0,0,2024,United States Grand Prix,0.0,20,0.0
NOR,52,0 days 00:01:39.843000,HARD,21.0,True,0 days 02:26:04.506000,29.2,3,46.5,0 days 00:00:26.593000,0 days 00:00:39.705000,0 days 00:00:33.545000,1,99.843,8764.506,0.42700000000149885,True,False,False,21.0,0.0,0.0,26.593,39.705,33.545,0,0,0,0.0,98.8116,0.32441686146075244,3.179242889398283,0,0,99.066,98.347,-0.7190000000000083,0.6299999999999955,0.777000000000001,0.2099999999999985,0.0,0.9100000000000037,0.36019647416375355,0.2099999999999985,0,1,2024,United States Grand Prix,0.0,20,0.0
NOR,53,0 days 00:01:38.347000,HARD,22.0,True,0 days 02:27:42.853000,29.2,3,46.4,0 days 00:00:26.805000,0 days 00:00:39.218000,0 days 00:00:32.324000,1,98.347,8862.853,1.4639999999999418,True,False,False,22.0,0.0,0.0,26.805,39.218,32.324,0,0,0,0.0,98.94140000000002,0.5599779459943458,-1.0614703744172513,0,0,99.843,97.889,-1.9540000000000077,1.4069999999999965,-1.4960000000000093,0.4313333333333323,0.0,-0.39000000000000057,0.3796462827422406,0.4313333333333323,0,0,2024,United States Grand Prix,0.0,20,0.0
NOR,54,0 days 00:01:37.889000,HARD,23.0,True,0 days 02:29:20.742000,29.3,3,46.0,0 days 00:00:26.273000,0 days 00:00:39.330000,0 days 00:00:32.286000,1,97.889,8960.742,2.235999999998967,True,False,False,23.0,0.0,0.0,26.273,39.33,32.286,0,0,0,0.0,98.9236,0.5810764149404547,-1.7804887161114897,1,0,98.347,97.679,-0.6679999999999922,0.0,-0.4579999999999984,-0.15533333333333607,0.0,-0.0379999999999967,0.5205288656741349,-0.15533333333333607,0,0,2024,United States Grand Prix,0.0,20,0.0
NOR,55,0 days 00:01:37.679000,HARD,24.0,True,0 days 02:30:58.421000,29.3,3,46.1,0 days 00:00:26.186000,0 days 00:00:39.084000,0 days 00:00:32.409000,1,97.679,9058.421,2.808999999999287,True,False,False,24.0,0.0,0.0,26.186,39.084,32.409,0,0,0,0.0,98.79159999999999,0.7405321059886975,-1.5024331706922205,1,1,97.889,97.758,-0.13100000000000023,0.0,-0.20999999999999375,-0.3923333333333356,0.0,0.12299999999999756,0.5288466696500991,-0.3923333333333356,0,0,2024,United States Grand Prix,0.0,20,0.0
OCO,2,0 days 00:01:41.717000,MEDIUM,2.0,True,0 days 01:00:49.693000,28.1,19,47.2,0 days 00:00:27.323000,0 days 00:00:40.361000,0 days 00:00:34.033000,12,101.717,3649.693,0.0,False,True,False,2.0,0.0,0.0,27.323,40.361,34.033,0,0,1,0.0,98.3032,0.8987954160987045,3.798194715787353,0,0,101.717,104.34,2.6230000000000047,4.037999999999997,0.0,-0.1963333333333329,0.0,1.7469999999999999,0.4780946558998554,0.0,0,0,2024,United States Grand Prix,0.0,20,0.0
OCO,6,0 days 00:01:44.340000,MEDIUM,6.0,True,0 days 01:09:45.761000,28.1,17,47.4,0 days 00:00:28.017000,0 days 00:00:41.737000,0 days 00:00:34.586000,1,104.34,4185.761,0.3419999999996435,False,True,False,6.0,0.0,0.0,28.017,41.737,34.586,0,0,0,0.0,,,0.0,0,0,101.717,101.923,0.20600000000000307,0.0,2.6230000000000047,0.0,0.0,0.0,0.0,0.0,0,1,2024,United States Grand Prix,0.0,20,0.0
OCO,7,0 days 00:01:41.923000,MEDIUM,7.0,True,0 days 01:11:27.684000,28.1,17,47.2,0 days 00:00:27.575000,0 days 00:00:40.416000,0 days 00:00:33.932000,1,101.923,4287.684,0.5659999999998035,False,True,False,7.0,0.0,0.0,27.575,40.416,33.932,0,0,0,0.0,,,0.0,0,0,104.34,101.675,-2.6650000000000063,0.0,-2.4170000000000016,1.3115000000000023,0.0,-0.10099999999999909,0.0,0.0,0,1,2024,United States Grand Prix,0.0,20,0.0
OCO,8,0 days 00:01:41.675000,MEDIUM,8.0,True,0 days 01:13:09.359000,28.0,17,46.9,0 days 00:00:27.271000,0 days 00:00:40.504000,0 days 00:00:33.900000,1,101.675,4389.359,0.7639999999992142,False,True,False,8.0,0.0,0.0,27.271,40.504,33.9,0,0,0,0.0,102.66000000000001,1.4585640198496617,-0.6753217456313919,0,0,101.923,101.837,-0.08599999999999852,0.20600000000000307,-0.24800000000000466,0.0686666666666677,0.0,-0.03200000000000358,1.0390150784918055,0.10300000000000153,0,1,2024,United States Grand Prix,0.0,20,0.0
OCO,9,0 days 00:01:41.837000,MEDIUM,9.0,True,0 days 01:14:51.196000,28.1,17,46.7,0 days 00:00:27.236000,0 days 00:00:40.554000,0 days 00:00:34.047000,1,101.837,4491.196,0.899000000000342,False,True,False,9.0,0.0,0.0,27.236,40.554,34.047,0,0,0,0.0,102.41375,1.288731514578066,-0.44753309240584477,0,0,101.675,102.093,0.41800000000000637,0.0,0.16200000000000614,-0.014000000000000531,0.0,0.14699999999999847,0.8966576827307067,-0.014000000000000531,0,1,2024,United States Grand Prix,0.0,20,0.0
OCO,10,0 days 00:01:42.093000,MEDIUM,10.0,True,0 days 01:16:33.289000,28.2,16,47.0,0 days 00:00:27.463000,0 days 00:00:40.552000,0 days 00:00:34.078000,12,102.093,4593.289,0.6190000000005966,False,True,False,10.0,0.0,0.0,27.463,40.552,34.078,0,0,1,0.0,102.2984,1.1454910737321382,-0.17931174210793382,0,0,101.837,102.258,0.42099999999999227,0.16200000000000614,0.2560000000000002,-0.8343333333333334,0.0,0.17800000000000438,0.7849552216528026,-0.8343333333333334,0,1,2024,United States Grand Prix,0.0,20,0.0
OCO,11,0 days 00:01:42.258000,MEDIUM,11.0,True,0 days 01:18:15.547000,28.2,16,47.0,0 days 00:00:27.389000,0 days 00:00:40.729000,0 days 00:00:34.140000,1,102.258,4695.547,1.1380000000008295,False,True,False,11.0,0.0,0.0,27.389,40.729,34.14,0,0,0,0.0,102.37360000000001,1.1095592818772713,-0.10418551030858877,0,0,102.093,101.866,-0.22700000000000387,0.41800000000000637,0.16499999999999204,0.05666666666666723,0.0,0.240000000000002,0.11952531112697504,0.05666666666666723,0,0,2024,United States Grand Prix,0.0,20,0.0
OCO,12,0 days 00:01:41.866000,MEDIUM,12.0,True,0 days 01:19:57.413000,28.1,16,47.1,0 days 00:00:27.238000,0 days 00:00:40.557000,0 days 00:00:34.071000,1,101.866,4797.413,1.4460000000008222,False,True,False,12.0,0.0,0.0,27.238,40.557,34.071,0,0,0,0.0,101.9572,0.22592963506365565,-0.4036655039712033,0,0,102.258,102.257,-0.000999999999990564,0.5829999999999984,-0.3919999999999959,0.1943333333333328,0.0,0.02400000000000091,0.14559635984460717,0.1943333333333328,0,0,2024,United States Grand Prix,0.0,20,0.0
OCO,13,0 days 00:01:42.257000,MEDIUM,13.0,True,0 days 01:21:39.670000,28.1,16,47.4,0 days 00:00:27.271000,0 days 00:00:40.870000,0 days 00:00:34.116000,1,102.257,4899.67,1.2910000000001673,False,True,False,13.0,0.0,0.0,27.271,40.87,34.116,0,0,0,0.0,101.94579999999999,0.2294966230688296,1.356011238155256,0,0,101.866,102.249,0.38299999999999557,0.1910000000000025,0.39100000000000534,0.009666666666665455,0.0,0.045000000000001705,0.11229781832253188,0.009666666666665455,0,0,2024,United States Grand Prix,0.0,20,0.0
OCO,14,0 days 00:01:42.249000,MEDIUM,14.0,True,0 days 01:23:21.919000,28.4,16,47.4,0 days 00:00:27.407000,0 days 00:00:40.873000,0 days 00:00:33.969000,1,102.249,5001.919,1.1040000000002692,False,True,False,14.0,0.0,0.0,27.407,40.873,33.969,0,0,0,0.0,102.06219999999999,0.20398700939030082,0.9157445886300991,0,0,102.257,102.175,-0.08200000000000784,0.4200000000000017,-0.008000000000009777,0.05466666666666716,0.0,-0.10199999999999676,0.09097087445990618,0.05466666666666716,0,0,2024,United States Grand Prix,0.0,20,0.0
OCO,15,0 days 00:01:42.175000,MEDIUM,15.0,True,0 days 01:25:04.094000,28.4,16,47.5,0 days 00:00:27.215000,0 days 00:00:41.024000,0 days 00:00:33.936000,1,102.175,5104.094,1.2770000000000437,False,True,False,15.0,0.0,0.0,27.215,41.024,33.936,0,0,0,0.0,102.1446,0.17078729460941014,0.1779991893982798,0,0,102.249,101.906,-0.3429999999999893,0.38299999999999557,-0.07399999999999807,-0.0030000000000001137,0.0,-0.03300000000000125,0.13476275449841454,-0.0030000000000001137,0,0,2024,United States Grand Prix,0.0,20,0.0
OCO,16,0 days 00:01:41.906000,MEDIUM,16.0,True,0 days 01:26:46,28.4,15,47.8,0 days 00:00:27.335000,0 days 00:00:40.853000,0 days 00:00:33.718000,1,101.906,5206.0,1.681999999999789,False,True,False,16.0,0.0,0.0,27.335,40.853,33.718,0,0,0,0.0,102.161,0.16851557791492874,-1.5132132183573344,1,0,102.175,101.831,-0.3439999999999941,0.3089999999999975,-0.26899999999999125,0.10299999999999916,0.0,-0.21799999999999642,0.12810035128757424,0.10299999999999916,0,0,2024,United States Grand Prix,0.0,20,0.0
OCO,17,0 days 00:01:41.831000,MEDIUM,17.0,True,0 days 01:28:27.831000,28.4,15,47.6,0 days 00:00:27.256000,0 days 00:00:40.630000,0 days 00:00:33.945000,1,101.831,5307.831,1.9049999999997453,False,True,False,17.0,0.0,0.0,27.256,40.63,33.945,0,0,0,0.0,102.0906,0.19001657822410323,-1.3661965836150505,0,1,101.906,101.669,-0.23700000000000898,0.04000000000000625,-0.07500000000000284,-0.1169999999999997,0.0,0.22699999999999676,0.10663817327767589,-0.1169999999999997,0,0,2024,United States Grand Prix,0.0,20,0.0
OCO,18,0 days 00:01:41.669000,MEDIUM,18.0,True,0 days 01:30:09.500000,28.3,14,47.6,0 days 00:00:27.345000,0 days 00:00:40.598000,0 days 00:00:33.726000,1,101.669,5409.5,2.1049999999995634,False,True,False,18.0,0.0,0.0,27.345,40.598,33.726,0,0,0,0.0,102.0836,0.200703263550933,-2.065736215070529,1,0,101.831,101.517,-0.31400000000000716,0.0,-0.16200000000000614,-0.13933333333333073,0.0,0.007999999999995566,0.1667773965500093,-0.13933333333333073,0,0,2024,United States Grand Prix,0.0,20,0.0
OCO,19,0 days 00:01:41.517000,MEDIUM,19.0,True,0 days 01:31:51.017000,28.3,12,47.2,0 days 00:00:27.254000,0 days 00:00:40.556000,0 days 00:00:33.707000,1,101.517,5511.017,2.1580000000003565,False,True,False,19.0,0.0,0.0,27.254,40.556,33.707,0,0,0,0.0,101.966,0.2417664161954365,-1.8571644774559604,1,1,101.669,101.427,-0.24199999999999022,0.0,-0.15200000000000102,-0.16866666666666674,0.0,-0.011000000000002785,0.16418373853703946,-0.16866666666666674,0,0,2024,United States Grand Prix,0.0,20,0.0
OCO,20,0 days 00:01:41.427000,MEDIUM,20.0,True,0 days 01:33:32.444000,28.5,12,47.1,0 days 00:00:27.285000,0 days 00:00:40.465000,0 days 00:00:33.677000,1,101.427,5612.444,2.331999999999425,False,True,False,20.0,0.0,0.0,27.285,40.465,33.677,0,0,0,0.0,101.81960000000001,0.2490738846205571,-1.5762391171523034,1,1,101.517,101.246,-0.2710000000000008,0.0,-0.0899999999999892,-0.12966666666667,0.0,-0.030000000000001137,0.15825706935236455,-0.12966666666667,0,0,2024,United States Grand Prix,0.0,20,0.0
OCO,21,0 days 00:01:41.246000,MEDIUM,21.0,True,0 days 01:35:13.690000,28.4,12,47.3,0 days 00:00:27.217000,0 days 00:00:40.294000,0 days 00:00:33.735000,1,101.246,5713.69,2.5020000000004075,False,True,False,21.0,0.0,0.0,27.217,40.294,33.735,0,0,0,0.0,101.67,0.2025314790346481,-2.093501721416209,1,1,101.427,101.63,0.20299999999998875,0.0,-0.1810000000000116,-0.13466666666666546,0.0,0.05799999999999983,0.15813190696377227,-0.13466666666666546,0,0,2024,United States Grand Prix,0.0,20,0.0
OCO,22,0 days 00:01:41.630000,MEDIUM,22.0,True,0 days 01:36:55.320000,28.4,12,47.4,0 days 00:00:27.244000,0 days 00:00:40.575000,0 days 00:00:33.811000,1,101.63,5815.32,2.6599999999998545,False,True,False,22.0,0.0,0.0,27.244,40.575,33.811,0,0,0,0.0,101.538,0.22418519130386866,0.4103750094505513,0,1,101.246,101.72,0.47400000000000375,0.0,0.38400000000000034,-0.1410000000000006,0.0,0.13400000000000034,0.10401586417465289,-0.1410000000000006,0,0,2024,United States Grand Prix,0.0,20,0.0
OCO,23,0 days 00:01:41.720000,MEDIUM,23.0,True,0 days 01:38:37.040000,28.5,12,47.8,0 days 00:00:27.289000,0 days 00:00:40.641000,0 days 00:00:33.790000,1,101.72,5917.04,1.6720000000004802,False,True,False,23.0,0.0,0.0,27.289,40.641,33.79,0,0,0,0.0,101.4978,0.1699785280555999,1.3072239331741908,0,0,101.63,101.489,-0.14099999999999113,0.38400000000000034,0.09000000000000341,0.037666666666666515,0.0,0.11299999999999955,0.06585742175336094,0.037666666666666515,0,0,2024,United States Grand Prix,0.0,20,0.0
OCO,24,0 days 00:01:41.489000,MEDIUM,24.0,True,0 days 01:40:18.529000,28.5,12,47.8,0 days 00:00:27.304000,0 days 00:00:40.532000,0 days 00:00:33.653000,1,101.489,6018.529,0.808999999999287,False,True,False,24.0,0.0,0.0,27.304,40.532,33.653,0,0,0,0.0,101.50800000000001,0.1837892815154079,-0.10337926044078147,0,0,101.72,102.393,0.6730000000000018,0.47400000000000375,-0.23099999999999454,0.09766666666666406,0.0,-0.08200000000000074,0.07275094501104461,0.09766666666666406,0,1,2024,United States Grand Prix,0.0,20,0.0
OCO,25,0 days 00:01:42.393000,MEDIUM,25.0,True,0 days 01:42:00.922000,28.5,13,48.0,0 days 00:00:27.191000,0 days 00:00:41.039000,0 days 00:00:34.163000,1,102.393,6120.922,3.4760000000005675,False,True,False,25.0,0.0,0.0,27.191,41.039,34.163,0,0,0,0.0,101.5024,0.18387305403443235,4.843559077629891,0,0,101.489,101.547,0.057999999999992724,0.2430000000000092,0.9039999999999964,0.08100000000000307,0.0,0.509999999999998,0.09255160722537442,0.08100000000000307,0,0,2024,United States Grand Prix,0.0,20,0.0
OCO,26,0 days 00:01:41.547000,MEDIUM,26.0,True,0 days 01:43:42.469000,28.4,13,47.6,0 days 00:00:27.262000,0 days 00:00:40.543000,0 days 00:00:33.742000,1,101.547,6222.469,5.060999999999694,False,True,False,26.0,0.0,0.0,27.262,40.543,33.742,0,0,0,0.0,101.6956,0.42897820457450914,-0.34640454553488054,0,0,102.393,101.361,-1.0319999999999965,1.1470000000000056,-0.8460000000000036,0.2543333333333351,0.0,0.08899999999999864,0.2199177118833307,0.2543333333333351,0,0,2024,United States Grand Prix,0.0,20,0.0
OCO,27,0 days 00:01:41.361000,MEDIUM,27.0,True,0 days 01:45:23.830000,28.5,12,47.5,0 days 00:00:27.212000,0 days 00:00:40.496000,0 days 00:00:33.653000,1,101.361,6323.83,6.560999999999694,False,True,False,27.0,0.0,0.0,27.212,40.496,33.653,0,0,0,0.0,101.7558,0.3667120123475306,-1.0765941302894653,0,0,101.547,101.369,-0.17799999999999727,0.057999999999992724,-0.18599999999999284,-0.057666666666667275,0.0,0.0,0.21721579132282187,-0.057666666666667275,0,0,2024,United States Grand Prix,0.0,20,0.0
OCO,28,0 days 00:01:41.369000,MEDIUM,28.0,True,0 days 01:47:05.199000,28.6,11,47.5,0 days 00:00:27.130000,0 days 00:00:40.461000,0 days 00:00:33.778000,1,101.369,6425.199,5.92200000000048,False,True,False,28.0,0.0,0.0,27.13,40.461,33.778,0,0,0,0.0,101.702,0.4072714082770483,-0.8176365765737074,0,0,101.361,101.194,-0.1670000000000016,0.0,0.007999999999995566,-0.04266666666666671,0.0,0.125,0.22810852680248417,-0.04266666666666671,0,0,2024,United States Grand Prix,0.0,20,0.0
OCO,29,0 days 00:01:41.194000,MEDIUM,29.0,True,0 days 01:48:46.393000,28.8,11,47.5,0 days 00:00:27.024000,0 days 00:00:40.495000,0 days 00:00:33.675000,1,101.194,6526.393,1.5820000000003347,False,True,False,29.0,0.0,0.0,27.024,40.495,33.675,0,0,0,0.0,101.6318,0.4328408483495578,-1.0114572172874796,0,0,101.369,101.452,0.08299999999999841,0.007999999999995566,-0.17499999999999716,-0.34133333333333366,0.0,0.021999999999998465,0.22800065789378687,-0.34133333333333366,0,0,2024,United States Grand Prix,0.0,20,0.0
OCO,30,0 days 00:01:41.452000,MEDIUM,30.0,True,0 days 01:50:27.845000,28.9,11,47.7,0 days 00:00:27.085000,0 days 00:00:40.587000,0 days 00:00:33.780000,1,101.452,6627.845,0.4679999999998472,False,True,False,30.0,0.0,0.0,27.085,40.587,33.78,0,0,0,0.0,101.5728,0.4752043770841768,-0.25420641270441074,0,0,101.194,100.214,-0.980000000000004,0.0,0.25799999999999557,-0.11766666666666481,0.0,0.12700000000000244,0.2078622139783941,-0.11766666666666481,0,1,2024,United States Grand Prix,0.0,20,0.0
OCO,33,0 days 00:01:40.214000,HARD,2.0,True,0 days 01:55:52.225000,28.8,17,47.4,0 days 00:00:27.133000,0 days 00:00:40.095000,0 days 00:00:32.986000,1,100.214,6952.225,1.9659999999994398,True,False,False,2.0,0.0,0.0,27.133,40.095,32.986,0,0,0,0.0,101.3846,0.13042737442710545,-8.975109750861726,1,0,101.452,100.077,-1.375,0.25799999999999557,-1.2379999999999995,0.030333333333331325,0.0,-0.6890000000000001,0.0587477659149691,0.030333333333331325,0,0,2024,United States Grand Prix,0.0,20,0.0
OCO,34,0 days 00:01:40.077000,HARD,3.0,True,0 days 01:57:32.302000,28.8,16,47.1,0 days 00:00:26.888000,0 days 00:00:40.145000,0 days 00:00:33.044000,1,100.077,7052.302,2.293000000000575,True,False,False,3.0,0.0,0.0,26.888,40.145,33.044,0,0,0,0.0,101.11800000000001,0.5139547645463846,-2.0254700837704958,1,1,100.214,100.009,-0.2049999999999983,0.0,-0.13700000000000045,-0.3850000000000004,0.0,0.05799999999999983,0.3436982688347442,-0.3850000000000004,0,0,2024,United States Grand Prix,0.0,20,0.0
OCO,35,0 days 00:01:40.009000,HARD,4.0,True,0 days 01:59:12.311000,28.8,16,47.0,0 days 00:00:26.794000,0 days 00:00:39.930000,0 days 00:00:33.285000,1,100.009,7152.311,2.6829999999999927,True,False,False,4.0,0.0,0.0,26.794,39.93,33.285,0,0,0,0.0,100.86120000000001,0.6617210137209696,-1.2878539177831836,0,1,100.077,100.301,0.22400000000000375,0.0,-0.06799999999999784,-0.3723333333333348,0.0,0.2989999999999995,0.3481498240700404,-0.3723333333333348,0,0,2024,United States Grand Prix,0.0,20,0.0
OCO,36,0 days 00:01:40.301000,HARD,5.0,True,0 days 02:00:52.612000,28.9,16,47.2,0 days 00:00:26.904000,0 days 00:00:40.175000,0 days 00:00:33.222000,1,100.301,7252.612,2.8170000000000073,True,False,False,5.0,0.0,0.0,26.904,40.175,33.222,0,0,0,0.0,100.5892,0.6800666879063295,-0.4237819689231701,0,0,100.009,100.09,0.08100000000000307,0.0,0.2920000000000016,-0.48099999999999926,0.0,0.2360000000000042,0.379934599635253,-0.48099999999999926,0,0,2024,United States Grand Prix,0.0,20,0.0
OCO,37,0 days 00:01:40.090000,HARD,6.0,True,0 days 02:02:32.702000,28.9,16,47.1,0 days 00:00:26.759000,0 days 00:00:40.120000,0 days 00:00:33.211000,1,100.09,7352.702,2.936999999999898,True,False,False,6.0,0.0,0.0,26.759,40.12,33.211,0,0,0,0.0,100.4106,0.5932430362000626,-0.5404193230038712,0,0,100.301,99.937,-0.3640000000000043,0.2920000000000016,-0.21099999999999852,0.029000000000001098,0.0,0.1670000000000016,0.3997245301454496,0.029000000000001098,0,0,2024,United States Grand Prix,0.0,20,0.0
OCO,38,0 days 00:01:39.937000,HARD,7.0,True,0 days 02:04:12.639000,29.0,16,47.1,0 days 00:00:26.943000,0 days 00:00:39.893000,0 days 00:00:33.101000,1,99.937,7452.639,3.024999999999636,True,False,False,7.0,0.0,0.0,26.943,39.893,33.101,0,0,0,0.0,100.1382,0.1172719062685227,-1.7156709258166527,1,0,100.09,99.635,-0.4549999999999983,0.08100000000000307,-0.1530000000000058,0.0043333333333350765,0.0,-0.10999999999999943,0.40313236039792244,0.0043333333333350765,0,0,2024,United States Grand Prix,0.0,20,0.0
OCO,39,0 days 00:01:39.635000,HARD,8.0,True,0 days 02:05:52.274000,29.0,16,46.9,0 days 00:00:26.797000,0 days 00:00:39.925000,0 days 00:00:32.913000,1,99.635,7552.274,3.4279999999998836,True,False,False,8.0,0.0,0.0,26.797,39.925,32.913,0,0,0,0.0,100.08279999999999,0.13638255020291595,-3.2834112526399464,1,1,99.937,99.722,-0.2150000000000034,0.0,-0.3019999999999925,-0.02400000000000091,0.0,-0.1880000000000024,0.16120638945153518,-0.02400000000000091,0,0,2024,United States Grand Prix,0.0,20,0.0
OCO,40,0 days 00:01:39.722000,HARD,9.0,True,0 days 02:07:31.996000,28.9,16,47.4,0 days 00:00:26.799000,0 days 00:00:39.862000,0 days 00:00:33.061000,12,99.722,7651.996,3.537000000000262,True,False,False,9.0,0.0,0.0,26.799,39.862,33.061,0,0,1,0.0,99.9944,0.2428060954750597,-1.1218828731092738,0,1,99.635,101.154,1.5189999999999912,0.0,0.08699999999998909,-0.22199999999999895,0.0,0.14800000000000324,0.21667187173235128,-0.22199999999999895,0,0,2024,United States Grand Prix,0.0,20,0.0
OCO,41,0 days 00:01:41.154000,HARD,10.0,True,0 days 02:09:13.150000,28.9,16,47.4,0 days 00:00:27.392000,0 days 00:00:40.352000,0 days 00:00:33.410000,21,101.154,7753.15,2.8580000000001746,True,False,False,10.0,0.0,0.0,27.392,40.352,33.41,0,0,1,0.0,99.93699999999998,0.2708015878827895,4.494065228770979,0,0,99.722,100.078,0.35600000000000875,0.08699999999998909,1.4320000000000022,-0.12266666666666974,0.0,0.4969999999999999,0.18717051049778316,-0.12266666666666974,0,0,2024,United States Grand Prix,0.0,20,0.0
OCO,42,0 days 00:01:40.078000,HARD,11.0,True,0 days 02:10:53.228000,29.0,16,46.4,0 days 00:00:26.843000,0 days 00:00:40.028000,0 days 00:00:33.207000,1,100.078,7853.228,2.8649999999997817,True,False,False,11.0,0.0,0.0,26.843,40.028,33.207,0,0,0,0.0,100.1076,0.6116382100554649,-0.048394622038603285,0,0,101.154,100.247,-0.9069999999999965,1.5189999999999912,-1.0759999999999934,0.40566666666666623,0.0,0.29400000000000404,0.26991054073525966,0.40566666666666623,0,0,2024,United States Grand Prix,0.0,20,0.0
OCO,43,0 days 00:01:40.247000,HARD,12.0,True,0 days 02:12:33.475000,29.0,16,46.4,0 days 00:00:26.951000,0 days 00:00:40.011000,0 days 00:00:33.285000,1,100.247,7953.475,2.5399999999999636,True,False,False,12.0,0.0,0.0,26.951,40.011,33.285,0,0,0,0.0,100.1052,0.6117480690609925,0.23179476515170777,0,0,100.078,101.275,1.1970000000000027,0.44299999999999784,0.16899999999999693,0.14766666666666595,0.0,0.22399999999999665,0.2831151709110632,0.14766666666666595,0,0,2024,United States Grand Prix,0.0,20,0.0
OCO,44,0 days 00:01:41.275000,HARD,13.0,True,0 days 02:14:14.750000,29.0,16,46.5,0 days 00:00:26.934000,0 days 00:00:40.220000,0 days 00:00:34.121000,1,101.275,8054.75,1.2659999999996217,True,False,False,13.0,0.0,0.0,26.934,40.22,34.121,0,0,0,0.0,100.16720000000001,0.6061226773515885,1.8276828130576694,0,0,100.247,99.827,-0.4200000000000017,0.6119999999999948,1.0280000000000058,0.1750000000000019,0.0,0.9140000000000015,0.25037172364306715,0.1750000000000019,0,0,2024,United States Grand Prix,0.0,20,0.0
OCO,45,0 days 00:01:39.827000,HARD,14.0,True,0 days 02:15:54.577000,29.1,15,47.0,0 days 00:00:26.744000,0 days 00:00:39.957000,0 days 00:00:33.126000,1,99.827,8154.577,1.9200000000000728,True,False,False,14.0,0.0,0.0,26.744,39.957,33.126,0,0,0,0.0,100.4952,0.6847632437564793,-0.9758117219235983,0,0,101.275,99.753,-1.5220000000000056,1.5530000000000115,-1.4480000000000075,0.04033333333333644,0.0,-0.08100000000000307,0.30746349376795923,0.04033333333333644,0,0,2024,United States Grand Prix,0.0,20,0.0
OCO,46,0 days 00:01:39.753000,HARD,15.0,True,0 days 02:17:34.330000,29.1,15,46.8,0 days 00:00:26.842000,0 days 00:00:39.865000,0 days 00:00:33.046000,1,99.753,8254.33,3.3400000000001455,True,False,False,15.0,0.0,0.0,26.842,39.865,33.046,0,0,0,0.0,100.5162,0.6561346660556019,-1.1631758531949337,0,0,99.827,99.596,-0.23099999999999454,0.0,-0.07399999999999807,-0.08366666666666826,0.0,-0.0799999999999983,0.36829241099973953,-0.08366666666666826,0,0,2024,United States Grand Prix,0.0,20,0.0
OCO,47,0 days 00:01:39.596000,HARD,16.0,True,0 days 02:19:13.926000,29.1,15,46.7,0 days 00:00:26.777000,0 days 00:00:39.818000,0 days 00:00:33.001000,1,99.596,8353.926,3.268000000000029,True,False,False,16.0,0.0,0.0,26.777,39.818,33.001,0,0,0,0.0,100.23600000000002,0.6134280723930625,-1.0433171039976892,0,0,99.753,100.898,1.144999999999996,0.0,-0.15699999999999648,-0.1646666666666666,0.0,-0.045000000000001705,0.40678028467466404,-0.1646666666666666,0,0,2024,United States Grand Prix,0.0,20,0.0
OCO,48,0 days 00:01:40.898000,HARD,17.0,True,0 days 02:20:54.824000,29.0,15,46.7,0 days 00:00:27.770000,0 days 00:00:40.016000,0 days 00:00:33.112000,1,100.898,8454.824,2.036000000000058,True,False,False,17.0,0.0,0.0,27.77,40.016,33.112,0,0,0,0.0,100.1396,0.6788496151577738,1.1171841053835352,0,0,99.596,99.655,0.0589999999999975,0.0,1.3019999999999925,-0.5596666666666673,0.0,0.1110000000000042,0.4262725653851075,-0.5596666666666673,0,0,2024,United States Grand Prix,0.0,20,0.0
OCO,49,0 days 00:01:39.655000,HARD,18.0,True,0 days 02:22:34.479000,29.0,15,47.0,0 days 00:00:26.602000,0 days 00:00:40.074000,0 days 00:00:32.979000,1,99.655,8554.479,4.070999999999913,True,False,False,18.0,0.0,0.0,26.602,40.074,32.979,0,0,0,0.0,100.2698,0.7619420581644442,-0.8068855018727878,0,0,100.898,99.573,-1.3250000000000028,1.3019999999999925,-1.242999999999995,0.3569999999999993,0.0,-0.021999999999998465,0.42677593652876056,0.3569999999999993,0,0,2024,United States Grand Prix,0.0,20,0.0
OCO,50,0 days 00:01:39.573000,HARD,19.0,True,0 days 02:24:14.052000,29.3,15,46.7,0 days 00:00:26.633000,0 days 00:00:39.831000,0 days 00:00:33.109000,1,99.573,8654.052,4.256999999999607,True,False,False,19.0,0.0,0.0,26.633,39.831,33.109,0,0,0,0.0,99.9458,0.5396514615933443,-0.6908162518439293,0,0,99.655,97.33,-2.325000000000003,0.0589999999999975,-0.08200000000000784,-0.03266666666666632,0.0,0.13000000000000256,0.07914101338749856,-0.03266666666666632,0,0,2024,United States Grand Prix,0.0,20,0.0
OCO,53,0 days 00:01:37.330000,SOFT,5.0,True,0 days 02:29:42.990000,29.3,18,46.0,0 days 00:00:26.416000,0 days 00:00:38.907000,0 days 00:00:32.007000,1,97.33,8982.99,7.462999999999738,False,False,True,5.0,0.0,0.0,26.416,38.907,32.007,0,0,0,0.0,99.89500000000001,0.564990707888041,-4.539897672986676,1,0,99.573,99.993,0.4200000000000017,0.0,-2.242999999999995,-0.007666666666670115,0.0,-0.9720000000000013,0.09534516243627761,-0.007666666666670115,0,0,2024,United States Grand Prix,0.0,20,0.0
OCO,54,0 days 00:01:39.993000,SOFT,6.0,True,0 days 02:31:22.983000,29.2,18,46.1,0 days 00:00:26.734000,0 days 00:00:39.939000,0 days 00:00:33.320000,1,99.993,9082.983,7.066000000000713,False,False,True,6.0,0.0,0.0,26.734,39.939,33.32,0,0,0,0.0,99.4104,1.2905166794736886,0.4514470903526803,0,1,97.33,99.999,2.668999999999997,0.0,2.6629999999999967,-1.1893333333333327,0.0,1.3130000000000024,0.4607475447574315,-1.1893333333333327,0,0,2024,United States Grand Prix,0.0,20,0.0
PER,2,0 days 00:01:42.416000,MEDIUM,2.0,True,0 days 01:00:39.721000,28.1,9,47.2,0 days 00:00:27.954000,0 days 00:00:40.175000,0 days 00:00:34.287000,12,102.416,3639.721,0.6509999999998399,False,True,False,2.0,0.0,0.0,27.954,40.175,34.287,0,0,1,0.0,99.30999999999999,1.123588447786728,2.764357364227341,0,0,102.416,102.576,0.1599999999999966,5.0859999999999985,0.0,0.14200000000000065,0.0,2.280000000000001,0.9110250819818305,0.0,0,1,2024,United States Grand Prix,0.0,20,0.0
PER,6,0 days 00:01:42.576000,MEDIUM,6.0,True,0 days 01:09:40.437000,28.1,9,47.4,0 days 00:00:28.025000,0 days 00:00:40.604000,0 days 00:00:33.947000,1,102.576,4180.437,0.7529999999997017,False,True,False,6.0,0.0,0.0,28.025,40.604,33.947,0,0,0,0.0,,,0.0,0,0,102.416,101.703,-0.7129999999999939,0.0,0.1599999999999966,0.0,0.0,0.0,0.0,0.0,0,1,2024,United States Grand Prix,0.0,20,0.0
PER,7,0 days 00:01:41.703000,MEDIUM,7.0,True,0 days 01:11:22.140000,28.1,9,47.2,0 days 00:00:27.597000,0 days 00:00:40.003000,0 days 00:00:34.103000,1,101.703,4282.14,0.8949999999995271,False,True,False,7.0,0.0,0.0,27.597,40.003,34.103,0,0,0,0.0,,,0.0,0,0,102.576,101.129,-1.4469999999999885,0.0,-0.8729999999999905,0.0799999999999983,0.0,0.1559999999999988,0.0,0.0,0,1,2024,United States Grand Prix,0.0,20,0.0
PER,8,0 days 00:01:41.129000,MEDIUM,8.0,True,0 days 01:13:03.269000,28.0,9,46.9,0 days 00:00:27.156000,0 days 00:00:40.119000,0 days 00:00:33.854000,1,101.129,4383.269,1.0509999999994761,False,True,False,8.0,0.0,0.0,27.156,40.119,33.854,0,0,0,0.0,102.23166666666667,0.46477557308160117,-2.372471210902187,1,0,101.703,101.402,-0.30100000000000193,0.0,-0.5739999999999981,-0.2376666666666646,0.0,-0.09300000000000352,1.2737158238790953,-0.35649999999999693,0,0,2024,United States Grand Prix,0.0,20,0.0
PER,9,0 days 00:01:41.402000,MEDIUM,9.0,True,0 days 01:14:44.671000,28.1,9,46.7,0 days 00:00:27.102000,0 days 00:00:40.319000,0 days 00:00:33.981000,1,101.402,4484.671,1.2999999999992724,False,True,False,9.0,0.0,0.0,27.102,40.319,33.981,0,0,0,0.0,101.956,0.6693125826796702,-0.827714903822664,0,1,101.129,101.136,0.006999999999990791,0.0,0.27299999999999613,-0.42899999999999733,0.0,0.12700000000000244,1.134162356102513,-0.42899999999999733,0,0,2024,United States Grand Prix,0.0,20,0.0
PER,10,0 days 00:01:41.136000,MEDIUM,10.0,True,0 days 01:16:25.807000,28.2,9,47.0,0 days 00:00:26.922000,0 days 00:00:40.250000,0 days 00:00:33.964000,12,101.136,4585.807,1.4639999999999418,False,True,False,10.0,0.0,0.0,26.922,40.25,33.964,0,0,1,0.0,101.8452,0.6303710811894837,-1.1250516103336772,0,0,101.402,101.525,0.12300000000000466,0.27299999999999613,-0.26600000000000534,-0.3913333333333308,0.0,0.10999999999999943,1.003410932768824,-0.3913333333333308,0,0,2024,United States Grand Prix,0.0,20,0.0
PER,11,0 days 00:01:41.525000,MEDIUM,11.0,True,0 days 01:18:07.332000,28.2,9,47.0,0 days 00:00:27.098000,0 days 00:00:40.420000,0 days 00:00:34.007000,1,101.525,4687.332,1.6279999999997017,False,True,False,11.0,0.0,0.0,27.098,40.42,34.007,0,0,0,0.0,101.5892,0.599779709560107,-0.10703929955730819,0,0,101.136,101.491,0.355000000000004,0.006999999999990791,0.38900000000001,-0.18900000000000242,0.0,0.1529999999999987,0.1039398864729043,-0.18900000000000242,0,0,2024,United States Grand Prix,0.0,20,0.0
PER,12,0 days 00:01:41.491000,MEDIUM,12.0,True,0 days 01:19:48.823000,28.1,9,47.1,0 days 00:00:27.140000,0 days 00:00:40.424000,0 days 00:00:33.927000,1,101.491,4788.823,1.5689999999995052,False,True,False,12.0,0.0,0.0,27.14,40.424,33.927,0,0,0,0.0,101.37899999999999,0.24918366720154825,0.44946766077336664,0,0,101.525,101.219,-0.3060000000000116,0.3960000000000008,-0.034000000000006025,0.13200000000000026,0.0,-0.036999999999999034,0.10438055374446063,0.13200000000000026,0,0,2024,United States Grand Prix,0.0,20,0.0
PER,13,0 days 00:01:41.219000,MEDIUM,13.0,True,0 days 01:21:30.042000,28.1,9,47.4,0 days 00:00:26.960000,0 days 00:00:40.442000,0 days 00:00:33.817000,1,101.219,4890.042,1.683999999999287,False,True,False,13.0,0.0,0.0,26.96,40.442,33.817,0,0,0,0.0,101.3366,0.1916697680908801,-0.6135552892423294,0,0,101.491,101.431,-0.060000000000002274,0.36199999999999477,-0.27200000000000557,0.029666666666666213,0.0,-0.10999999999999943,0.10969958978957112,0.029666666666666213,0,0,2024,United States Grand Prix,0.0,20,0.0
PER,14,0 days 00:01:41.431000,MEDIUM,14.0,True,0 days 01:23:11.473000,28.3,9,47.8,0 days 00:00:27.025000,0 days 00:00:40.533000,0 days 00:00:33.873000,1,101.431,4991.473,1.3010000000003856,False,True,False,14.0,0.0,0.0,27.025,40.533,33.873,0,0,0,0.0,101.35459999999999,0.17033878008255365,0.4485179473692361,0,0,101.219,101.611,0.3920000000000101,0.08299999999999841,0.2120000000000033,0.027666666666666135,0.0,0.055999999999997385,0.11543093172975724,0.027666666666666135,0,0,2024,United States Grand Prix,0.0,20,0.0
PER,15,0 days 00:01:41.611000,MEDIUM,15.0,True,0 days 01:24:53.084000,28.4,9,47.5,0 days 00:00:26.862000,0 days 00:00:40.830000,0 days 00:00:33.919000,1,101.611,5093.084,1.5140000000001237,False,True,False,15.0,0.0,0.0,26.862,40.83,33.919,0,0,0,0.0,101.3604,0.1728317100534858,1.4499654023121866,0,0,101.431,101.468,0.03700000000000614,0.2950000000000017,0.18000000000000682,-0.0313333333333361,0.0,0.10199999999999676,0.10746766955694047,-0.0313333333333361,0,0,2024,United States Grand Prix,0.0,20,0.0
PER,16,0 days 00:01:41.468000,MEDIUM,16.0,True,0 days 01:26:34.552000,28.4,9,47.8,0 days 00:00:27.033000,0 days 00:00:40.580000,0 days 00:00:33.855000,1,101.468,5194.552,1.5579999999999927,False,True,False,16.0,0.0,0.0,27.033,40.58,33.855,0,0,0,0.0,101.45540000000001,0.147311913978501,0.08553279676911144,0,0,101.611,101.48,-0.13100000000000023,0.3920000000000101,-0.14300000000000068,0.040000000000001514,0.0,0.0379999999999967,0.10611173356419946,0.040000000000001514,0,0,2024,United States Grand Prix,0.0,20,0.0
PER,17,0 days 00:01:41.480000,MEDIUM,17.0,True,0 days 01:28:16.032000,28.4,8,47.6,0 days 00:00:27.091000,0 days 00:00:40.393000,0 days 00:00:33.996000,1,101.48,5296.032,0.7590000000000146,False,True,False,17.0,0.0,0.0,27.091,40.393,33.996,0,0,0,0.0,101.444,0.14271299870722853,0.25225452710060625,0,0,101.468,100.538,-0.9300000000000068,0.24900000000000944,0.012000000000000455,0.08300000000000314,0.0,0.14100000000000534,0.08362535500671814,0.08300000000000314,0,1,2024,United States Grand Prix,0.0,20,0.0
PER,18,0 days 00:01:40.538000,MEDIUM,18.0,True,0 days 01:29:56.570000,28.3,7,47.6,0 days 00:00:27.076000,0 days 00:00:40.346000,0 days 00:00:33.116000,1,100.538,5396.57,2.860000000000582,False,True,False,18.0,0.0,0.0,27.076,40.346,33.116,0,0,0,0.0,101.4418,0.1418897459297522,-6.369734430615329,1,0,101.48,100.258,-1.2220000000000084,0.2610000000000099,-0.9420000000000073,0.01633333333333553,0.0,-0.7389999999999972,0.09573296193057054,0.01633333333333553,0,0,2024,United States Grand Prix,0.0,20,0.0
PER,19,0 days 00:01:40.258000,MEDIUM,19.0,True,0 days 01:31:36.828000,28.3,6,47.2,0 days 00:00:26.866000,0 days 00:00:40.281000,0 days 00:00:33.111000,1,100.258,5496.828,3.0319999999992433,False,True,False,19.0,0.0,0.0,26.866,40.281,33.111,0,0,0,0.0,101.3056,0.4344517234400325,-2.4113150978087976,1,1,100.538,100.252,-0.28600000000000136,0.0,-0.28000000000000114,-0.3576666666666692,0.0,-0.005000000000002558,0.3703596900311898,-0.3576666666666692,0,0,2024,United States Grand Prix,0.0,20,0.0
PER,20,0 days 00:01:40.252000,MEDIUM,20.0,True,0 days 01:33:17.080000,28.5,6,47.1,0 days 00:00:26.912000,0 days 00:00:40.216000,0 days 00:00:33.124000,1,100.252,5597.08,3.2269999999998618,False,True,False,20.0,0.0,0.0,26.912,40.216,33.124,0,0,0,0.0,101.071,0.6248095709894542,-1.310799382767179,0,1,100.258,100.57,0.3119999999999976,0.0,-0.006000000000000227,-0.403333333333336,0.0,0.01300000000000523,0.3657188811095198,-0.403333333333336,0,0,2024,United States Grand Prix,0.0,20,0.0
PER,21,0 days 00:01:40.570000,MEDIUM,21.0,True,0 days 01:34:57.650000,28.4,6,47.3,0 days 00:00:26.827000,0 days 00:00:40.062000,0 days 00:00:33.681000,1,100.57,5697.65,3.180000000000291,False,True,False,21.0,0.0,0.0,26.827,40.062,33.681,0,0,0,0.0,100.7992,0.6267640704443975,-0.36568784141933197,0,0,100.252,101.456,1.2040000000000077,0.0,0.31799999999999784,-0.4093333333333362,0.0,0.5700000000000003,0.3559140345645275,-0.4093333333333362,0,0,2024,United States Grand Prix,0.0,20,0.0
PER,22,0 days 00:01:41.456000,MEDIUM,22.0,True,0 days 01:36:39.106000,28.4,6,47.4,0 days 00:00:27.335000,0 days 00:00:40.636000,0 days 00:00:33.485000,1,101.456,5799.106,2.4810000000006767,False,True,False,22.0,0.0,0.0,27.335,40.636,33.485,0,0,0,0.0,100.6196,0.5038082968749418,1.6601552717334738,0,0,100.57,100.681,0.1110000000000042,0.31799999999999784,0.8860000000000099,0.010666666666665492,0.0,0.37400000000000233,0.47196821926905147,0.010666666666665492,0,0,2024,United States Grand Prix,0.0,20,0.0
PER,23,0 days 00:01:40.681000,MEDIUM,23.0,True,0 days 01:38:19.787000,28.5,6,47.8,0 days 00:00:26.953000,0 days 00:00:40.464000,0 days 00:00:33.264000,1,100.681,5899.787,2.569999999999709,False,True,False,23.0,0.0,0.0,26.953,40.464,33.264,0,0,0,0.0,100.6148,0.4935718792638273,0.13412433483595865,0,0,101.456,100.564,-0.8920000000000101,1.2040000000000077,-0.7750000000000057,0.3993333333333358,0.0,0.14000000000000057,0.5005040459376919,0.3993333333333358,0,0,2024,United States Grand Prix,0.0,20,0.0
PER,24,0 days 00:01:40.564000,MEDIUM,24.0,True,0 days 01:40:00.351000,28.4,6,47.7,0 days 00:00:26.881000,0 days 00:00:40.480000,0 days 00:00:33.203000,1,100.564,6000.351,2.3350000000000364,False,True,False,24.0,0.0,0.0,26.881,40.48,33.203,0,0,0,0.0,100.6434,0.4921501803311921,-0.16133286783837938,0,0,100.681,100.115,-0.5660000000000025,0.42900000000000205,-0.11700000000000443,0.14300000000000068,0.0,-0.06099999999999994,0.2480308448560378,0.14300000000000068,0,0,2024,United States Grand Prix,0.0,20,0.0
PER,25,0 days 00:01:40.115000,MEDIUM,25.0,True,0 days 01:41:40.466000,28.5,6,48.0,0 days 00:00:26.690000,0 days 00:00:40.169000,0 days 00:00:33.256000,1,100.115,6100.466,2.488999999999578,False,True,False,25.0,0.0,0.0,26.69,40.169,33.256,0,0,0,0.0,100.7046,0.4494138404633557,-1.3119311131853741,0,0,100.564,99.642,-0.921999999999997,0.3119999999999976,-0.44899999999999807,-0.002000000000000076,0.0,0.05299999999999727,0.26153718664847575,-0.002000000000000076,0,0,2024,United States Grand Prix,0.0,20,0.0
PER,28,0 days 00:01:39.642000,HARD,2.0,True,0 days 01:47:00.704000,28.6,9,47.5,0 days 00:00:26.608000,0 days 00:00:40.183000,0 days 00:00:32.851000,1,99.642,6420.704,1.0540000000000873,True,False,False,2.0,0.0,0.0,26.608,40.183,32.851,0,0,0,0.0,100.6772,0.4865487642570104,-2.127638740550121,1,0,100.115,99.451,-0.6640000000000015,0.0,-0.472999999999999,-0.44700000000000273,0.0,-0.35200000000000387,0.2546324802534044,-0.44700000000000273,0,0,2024,United States Grand Prix,0.0,20,0.0
PER,29,0 days 00:01:39.451000,HARD,3.0,True,0 days 01:48:40.155000,28.8,9,47.5,0 days 00:00:26.629000,0 days 00:00:39.817000,0 days 00:00:33.005000,1,99.451,6520.155,1.8530000000000655,True,False,False,3.0,0.0,0.0,26.629,39.817,33.005,0,0,0,0.0,100.49159999999999,0.6772793367585004,-1.5364413817500648,1,1,99.642,99.633,-0.009000000000000341,0.0,-0.1910000000000025,-0.3463333333333338,0.0,0.15400000000000347,0.2670050561319038,-0.3463333333333338,0,0,2024,United States Grand Prix,0.0,20,0.0
PER,30,0 days 00:01:39.633000,HARD,4.0,True,0 days 01:50:19.788000,28.9,9,47.7,0 days 00:00:26.728000,0 days 00:00:39.881000,0 days 00:00:33.024000,1,99.633,6619.788,2.9890000000004875,True,False,False,4.0,0.0,0.0,26.728,39.881,33.024,0,0,0,0.0,100.0906,0.5439681056827222,-0.8412257910336044,0,1,99.451,99.682,0.23100000000000875,0.0,0.18200000000000216,-0.37099999999999983,0.0,0.17300000000000182,0.20789348234132027,-0.37099999999999983,0,0,2024,United States Grand Prix,0.0,20,0.0
PER,31,0 days 00:01:39.682000,HARD,5.0,True,0 days 01:51:59.470000,28.9,9,47.7,0 days 00:00:26.655000,0 days 00:00:39.999000,0 days 00:00:33.028000,1,99.682,6719.47,3.7619999999997162,True,False,False,5.0,0.0,0.0,26.655,39.999,33.028,0,0,0,0.0,99.881,0.45408424328538,-0.43824467142968404,0,0,99.633,99.378,-0.25499999999999545,0.18200000000000216,0.049000000000006594,-0.16066666666666643,0.0,0.1769999999999996,0.21439519584170016,-0.16066666666666643,0,0,2024,United States Grand Prix,0.0,20,0.0
PER,32,0 days 00:01:39.378000,HARD,6.0,True,0 days 01:53:38.848000,28.7,9,47.7,0 days 00:00:26.538000,0 days 00:00:39.921000,0 days 00:00:32.919000,1,99.378,6818.848,4.550000000000182,True,False,False,6.0,0.0,0.0,26.538,39.921,32.919,0,0,0,0.0,99.7046,0.24611846740962953,-1.3270032250624224,0,0,99.682,99.719,0.03699999999999193,0.23100000000000875,-0.30400000000000205,0.013333333333335418,0.0,-0.08600000000000563,0.22543402582574126,0.013333333333335418,0,0,2024,United States Grand Prix,0.0,20,0.0
PER,33,0 days 00:01:39.719000,HARD,7.0,True,0 days 01:55:18.567000,28.8,9,47.4,0 days 00:00:26.519000,0 days 00:00:39.869000,0 days 00:00:33.331000,1,99.719,6918.567,4.657000000000153,True,False,False,7.0,0.0,0.0,26.519,39.869,33.331,0,0,0,0.0,99.5572,0.13407348731226065,1.2068008615541048,0,0,99.378,100.2,0.8220000000000027,0.0,0.340999999999994,-0.024333333333331097,0.0,0.41200000000000614,0.23205753596899473,-0.024333333333331097,0,0,2024,United States Grand Prix,0.0,20,0.0
PER,34,0 days 00:01:40.200000,HARD,8.0,True,0 days 01:56:58.767000,28.8,9,47.1,0 days 00:00:26.732000,0 days 00:00:40.022000,0 days 00:00:33.446000,1,100.2,7018.767,4.097999999999956,True,False,False,8.0,0.0,0.0,26.732,40.022,33.446,0,0,0,0.0,99.5726,0.14975413182971026,4.189533820098155,0,0,99.719,100.105,0.3860000000000099,0.340999999999994,0.48100000000000875,0.028666666666666174,0.0,0.527000000000001,0.1763051332207925,0.028666666666666174,0,0,2024,United States Grand Prix,0.0,20,0.0
PER,35,0 days 00:01:40.105000,HARD,9.0,True,0 days 01:58:38.872000,28.8,9,47.0,0 days 00:00:26.759000,0 days 00:00:39.593000,0 days 00:00:33.753000,1,100.105,7118.872,3.57799999999952,True,False,False,9.0,0.0,0.0,26.759,39.593,33.753,0,0,0,0.0,99.7224,0.29847495707356725,1.2818495854769771,0,0,100.2,100.162,-0.0379999999999967,0.8220000000000027,-0.09499999999999886,0.17266666666666688,0.0,0.8340000000000032,0.23805734603242448,0.17266666666666688,0,0,2024,United States Grand Prix,0.0,20,0.0
PER,36,0 days 00:01:40.162000,HARD,10.0,True,0 days 02:00:19.034000,28.9,9,47.2,0 days 00:00:26.812000,0 days 00:00:39.784000,0 days 00:00:33.566000,1,100.162,7219.034,3.2020000000002256,True,False,False,10.0,0.0,0.0,26.812,39.784,33.566,0,0,0,0.0,99.8168,0.3354783152456589,1.0289785786816883,0,0,100.105,99.499,-0.6060000000000088,0.7270000000000039,0.05700000000000216,0.24233333333333462,0.0,0.23499999999999943,0.3488749059476795,0.24233333333333462,0,0,2024,United States Grand Prix,0.0,20,0.0
PER,37,0 days 00:01:39.499000,HARD,11.0,True,0 days 02:01:58.533000,28.9,7,46.9,0 days 00:00:26.583000,0 days 00:00:40.044000,0 days 00:00:32.872000,1,99.499,7318.533,1.0839999999998327,True,False,False,11.0,0.0,0.0,26.583,40.044,32.872,0,0,0,0.0,99.91279999999999,0.35535010904749237,-1.1644853609562018,0,0,100.162,98.939,-1.2230000000000132,0.784000000000006,-0.6630000000000109,0.1476666666666707,0.0,-0.5739999999999981,0.3416259650553543,0.1476666666666707,0,0,2024,United States Grand Prix,0.0,20,0.0
PER,38,0 days 00:01:38.939000,HARD,12.0,True,0 days 02:03:37.472000,29.0,7,47.1,0 days 00:00:26.444000,0 days 00:00:39.612000,0 days 00:00:32.883000,1,98.939,7417.472,2.255000000000109,True,False,False,12.0,0.0,0.0,26.444,39.612,32.883,0,0,0,0.0,99.937,0.3112017030802798,-3.2069233237536414,1,0,99.499,98.986,-0.512999999999991,0.0,-0.5600000000000023,-0.23366666666666921,0.0,0.011000000000002785,0.5283130700635755,-0.23366666666666921,0,0,2024,United States Grand Prix,0.0,20,0.0
PER,39,0 days 00:01:38.986000,HARD,13.0,True,0 days 02:05:16.458000,29.0,7,46.9,0 days 00:00:26.508000,0 days 00:00:39.680000,0 days 00:00:32.798000,1,98.986,7516.458,5.954999999999927,True,False,False,13.0,0.0,0.0,26.508,39.68,32.798,0,0,0,0.0,99.78099999999999,0.5509505422450117,-1.442960736113488,0,1,98.939,99.066,0.12700000000000955,0.0,0.047000000000011255,-0.3886666666666703,0.0,-0.07399999999999807,0.5349507453962469,-0.3886666666666703,0,0,2024,United States Grand Prix,0.0,20,0.0
PER,40,0 days 00:01:39.066000,HARD,14.0,True,0 days 02:06:55.524000,28.9,7,47.3,0 days 00:00:26.431000,0 days 00:00:39.755000,0 days 00:00:32.880000,1,99.066,7615.524,6.279999999999745,True,False,False,14.0,0.0,0.0,26.431,39.755,32.88,0,0,0,0.0,99.5382,0.5864918584260777,-0.8051262659761502,0,0,98.986,99.701,0.7149999999999892,0.047000000000011255,0.0799999999999983,-0.3920000000000006,0.0,0.08200000000000074,0.5119885740912586,-0.3920000000000006,0,0,2024,United States Grand Prix,0.0,20,0.0
PER,41,0 days 00:01:39.701000,HARD,15.0,True,0 days 02:08:35.225000,28.9,6,47.4,0 days 00:00:26.942000,0 days 00:00:39.819000,0 days 00:00:32.940000,12,99.701,7715.225,5.756999999999607,True,False,False,15.0,0.0,0.0,26.942,39.819,32.94,0,0,1,0.0,99.3304,0.5151934588094784,0.7193414311905038,0,0,99.066,98.866,-0.20000000000000284,0.12700000000000955,0.6349999999999909,-0.1443333333333309,0.0,0.1419999999999959,0.30681509089352094,-0.1443333333333309,0,0,2024,United States Grand Prix,0.0,20,0.0
PER,42,0 days 00:01:38.866000,HARD,16.0,True,0 days 02:10:14.091000,29.0,6,46.8,0 days 00:00:26.501000,0 days 00:00:39.599000,0 days 00:00:32.766000,1,98.866,7814.091,5.831999999999425,True,False,False,16.0,0.0,0.0,26.501,39.599,32.766,0,0,0,0.0,99.2382,0.34094677003906015,-1.0916660097919857,0,0,99.701,98.787,-0.9139999999999873,0.7620000000000005,-0.8349999999999937,0.25400000000000017,0.0,-0.03200000000000358,0.28628971340234916,0.25400000000000017,0,0,2024,United States Grand Prix,0.0,20,0.0
PER,43,0 days 00:01:38.787000,HARD,17.0,True,0 days 02:11:52.878000,29.0,6,46.2,0 days 00:00:26.354000,0 days 00:00:39.748000,0 days 00:00:32.685000,1,98.787,7912.878,5.951000000000022,True,False,False,17.0,0.0,0.0,26.354,39.748,32.685,0,0,0,0.0,99.1116,0.33740080023626046,-0.9620605516427131,0,0,98.866,98.781,-0.08499999999999375,0.0,-0.07899999999999352,-0.040000000000001514,0.0,-0.08099999999999596,0.08686311069723278,-0.040000000000001514,0,0,2024,United States Grand Prix,0.0,20,0.0
PER,44,0 days 00:01:38.781000,HARD,18.0,True,0 days 02:13:31.659000,29.0,6,46.5,0 days 00:00:26.401000,0 days 00:00:39.524000,0 days 00:00:32.856000,1,98.781,8011.659,6.072000000000116,True,False,False,18.0,0.0,0.0,26.401,39.524,32.856,0,0,0,0.0,99.08120000000001,0.36273640567231025,-0.8275982099001092,0,0,98.787,98.514,-0.27300000000001035,0.0,-0.006000000000000227,-0.09299999999999879,0.0,0.17099999999999937,0.09959317245674781,-0.09299999999999879,0,0,2024,United States Grand Prix,0.0,20,0.0
PER,45,0 days 00:01:38.514000,HARD,19.0,True,0 days 02:15:10.173000,29.0,6,47.2,0 days 00:00:26.336000,0 days 00:00:39.599000,0 days 00:00:32.579000,1,98.514,8110.173,5.9760000000005675,True,False,False,19.0,0.0,0.0,26.336,39.599,32.579,0,0,0,0.0,99.0402,0.38696343496519897,-1.3598184026026283,0,0,98.781,98.579,-0.2020000000000124,0.0,-0.2670000000000101,-0.3066666666666625,0.0,-0.10600000000000165,0.1093265749943701,-0.3066666666666625,0,0,2024,United States Grand Prix,0.0,20,0.0
PER,46,0 days 00:01:38.579000,HARD,20.0,True,0 days 02:16:48.752000,29.1,6,47.0,0 days 00:00:26.332000,0 days 00:00:39.599000,0 days 00:00:32.648000,1,98.579,8208.752,5.179000000000087,True,False,False,20.0,0.0,0.0,26.332,39.599,32.648,0,0,0,0.0,98.9298,0.4511770162586593,-0.7775218758016108,0,0,98.514,98.914,0.4000000000000057,0.0,0.06499999999999773,-0.11733333333333462,0.0,0.06900000000000261,0.128898021707083,-0.11733333333333462,0,0,2024,United States Grand Prix,0.0,20,0.0
PER,47,0 days 00:01:38.914000,HARD,21.0,True,0 days 02:18:27.666000,29.1,6,46.7,0 days 00:00:26.367000,0 days 00:00:39.694000,0 days 00:00:32.853000,1,98.914,8307.666,4.055000000000291,True,False,False,21.0,0.0,0.0,26.367,39.694,32.853,0,0,0,0.0,98.7054,0.15064627443142625,1.3847006889968476,0,0,98.579,98.842,0.26300000000000523,0.06499999999999773,0.33500000000000796,-0.06933333333333754,0.0,0.2740000000000009,0.11482029437342497,-0.06933333333333754,0,0,2024,United States Grand Prix,0.0,20,0.0
PER,48,0 days 00:01:38.842000,HARD,22.0,True,0 days 02:20:06.508000,29.1,6,46.8,0 days 00:00:26.317000,0 days 00:00:39.761000,0 days 00:00:32.764000,1,98.842,8406.508,3.254000000000815,True,False,False,22.0,0.0,0.0,26.317,39.761,32.764,0,0,0,0.0,98.715,0.16434567228883284,0.7727614498834898,0,0,98.914,98.682,-0.23199999999999932,0.4000000000000057,-0.07200000000000273,0.04433333333333186,0.0,0.18500000000000227,0.1623955048638966,0.04433333333333186,0,0,2024,United States Grand Prix,0.0,20,0.0
PER,49,0 days 00:01:38.682000,HARD,23.0,True,0 days 02:21:45.190000,28.9,6,46.6,0 days 00:00:26.342000,0 days 00:00:39.742000,0 days 00:00:32.598000,1,98.682,8505.19,2.57300000000032,True,False,False,23.0,0.0,0.0,26.342,39.742,32.598,0,0,0,0.0,98.726,0.17203052054815213,-0.2557685686225726,0,0,98.842,98.729,-0.11299999999999955,0.32800000000000296,-0.1599999999999966,0.10933333333333432,0.0,-0.05000000000000426,0.14509410739241,0.10933333333333432,0,0,2024,United States Grand Prix,0.0,20,0.0
PER,50,0 days 00:01:38.729000,HARD,24.0,True,0 days 02:23:23.919000,29.3,6,46.7,0 days 00:00:26.222000,0 days 00:00:39.742000,0 days 00:00:32.765000,1,98.729,8603.919,1.787000000000262,True,False,False,24.0,0.0,0.0,26.222,39.742,32.765,0,0,0,0.0,98.7062,0.16980047114206684,0.13427524580263175,0,0,98.682,98.67,-0.012000000000000455,0.16800000000000637,0.046999999999997044,0.03433333333333621,0.0,0.1670000000000016,0.1582096710065493,0.03433333333333621,0,0,2024,United States Grand Prix,0.0,20,0.0
PER,51,0 days 00:01:38.670000,HARD,25.0,True,0 days 02:25:02.589000,29.3,6,46.4,0 days 00:00:26.254000,0 days 00:00:39.864000,0 days 00:00:32.552000,1,98.67,8702.589,1.1759999999994761,True,False,False,25.0,0.0,0.0,26.254,39.864,32.552,0,0,0,0.0,98.7492,0.13196855686135148,-0.6001429574107497,0,0,98.729,99.176,0.44700000000000273,0.15000000000000568,-0.0589999999999975,-0.061666666666667425,0.0,-0.045999999999999375,0.12373964603149798,-0.061666666666667425,0,0,2024,United States Grand Prix,0.0,20,0.0
PER,52,0 days 00:01:39.176000,HARD,26.0,True,0 days 02:26:41.765000,29.2,6,46.5,0 days 00:00:26.279000,0 days 00:00:39.876000,0 days 00:00:33.021000,1,99.176,8801.765,0.6080000000001746,True,False,False,26.0,0.0,0.0,26.279,39.876,33.021,0,0,0,0.0,98.7674,0.10643213800383364,3.839065978222568,0,0,98.67,99.739,1.0690000000000026,0.0,0.5060000000000002,-0.05733333333333235,0.0,0.4690000000000012,0.14630960323916012,-0.05733333333333235,0,1,2024,United States Grand Prix,0.0,20,0.0
PER,53,0 days 00:01:39.739000,HARD,27.0,True,0 days 02:28:21.504000,29.1,6,46.0,0 days 00:00:26.567000,0 days 00:00:40.152000,0 days 00:00:33.020000,1,99.739,8901.504,0.7569999999996071,True,False,False,27.0,0.0,0.0,26.567,40.152,33.02,0,0,0,0.0,98.81980000000001,0.21038345942603315,4.369164774206799,0,0,99.176,98.803,-0.37300000000000466,0.5060000000000002,0.5630000000000024,0.1646666666666666,0.0,0.4680000000000035,0.2130528103546174,0.1646666666666666,0,1,2024,United States Grand Prix,0.0,20,0.0
PER,54,0 days 00:01:38.803000,HARD,28.0,True,0 days 02:30:00.307000,29.3,6,46.0,0 days 00:00:26.441000,0 days 00:00:39.746000,0 days 00:00:32.616000,1,98.803,9000.307,0.6779999999998836,True,False,False,28.0,0.0,0.0,26.441,39.746,32.616,0,0,0,0.0,98.9992,0.4638315426963336,-0.422998399072775,0,0,99.739,99.987,0.24799999999999045,1.0690000000000026,-0.936000000000007,0.3366666666666684,0.0,0.06400000000000006,0.2589774121424512,0.3366666666666684,0,1,2024,United States Grand Prix,0.0,20,0.0
PER,55,0 days 00:01:39.987000,HARD,29.0,True,0 days 02:31:40.294000,29.2,7,46.1,0 days 00:00:26.386000,0 days 00:00:40.223000,0 days 00:00:33.378000,1,99.987,9100.294,4.514000000001033,True,False,False,29.0,0.0,0.0,26.386,40.223,33.378,0,0,0,0.0,99.02340000000001,0.44595661223941957,2.1607483184544867,0,0,98.803,99.57,0.7669999999999959,0.13299999999999557,1.1839999999999975,0.04433333333333186,0.0,0.7620000000000005,0.23521755886838122,0.04433333333333186,0,0,2024,United States Grand Prix,0.0,20,0.0
PIA,2,0 days 00:01:41.768000,MEDIUM,2.0,True,0 days 01:00:36.936000,28.1,5,47.2,0 days 00:00:27.734000,0 days 00:00:40.087000,0 days 00:00:33.947000,12,101.768,3636.936,0.7880000000000109,False,True,False,2.0,0.0,0.0,27.734,40.087,33.947,0,0,1,0.0,99.455,0.4690015991444489,4.9317529070676285,0,0,101.768,101.753,-0.015000000000000568,2.9650000000000034,0.0,-0.056333333333337045,0.0,1.331000000000003,0.2582233529330766,0.0,0,1,2024,United States Grand Prix,0.0,20,0.0
PIA,6,0 days 00:01:41.753000,MEDIUM,6.0,True,0 days 01:09:38.039000,28.1,5,47.4,0 days 00:00:27.870000,0 days 00:00:40.532000,0 days 00:00:33.351000,1,101.753,4178.039,0.6580000000003565,False,True,False,6.0,0.0,0.0,27.87,40.532,33.351,0,0,0,0.0,,,0.0,0,0,101.768,101.086,-0.6820000000000022,0.0,-0.015000000000000568,0.0,0.0,0.0,0.0,0.0,0,1,2024,United States Grand Prix,0.0,20,0.0
PIA,7,0 days 00:01:41.086000,MEDIUM,7.0,True,0 days 01:11:19.125000,28.1,5,47.2,0 days 00:00:27.536000,0 days 00:00:40.178000,0 days 00:00:33.372000,1,101.086,4279.125,1.0590000000001965,False,True,False,7.0,0.0,0.0,27.536,40.178,33.372,0,0,0,0.0,,,0.0,0,0,101.753,100.678,-1.0750000000000028,0.0,-0.6670000000000016,-0.007500000000000284,0.0,0.021000000000000796,0.0,0.0,0,0,2024,United States Grand Prix,0.0,20,0.0
PIA,8,0 days 00:01:40.678000,MEDIUM,8.0,True,0 days 01:12:59.803000,28.0,5,46.9,0 days 00:00:27.352000,0 days 00:00:39.782000,0 days 00:00:33.544000,1,100.678,4379.803,1.4179999999996653,False,True,False,8.0,0.0,0.0,27.352,39.782,33.544,0,0,0,0.0,101.53566666666666,0.3894949721541184,-2.2019967598639285,1,0,101.086,100.285,-0.8010000000000019,0.0,-0.40800000000000125,-0.22733333333333405,0.0,0.19299999999999784,0.7624633324516895,-0.3410000000000011,0,0,2024,United States Grand Prix,0.0,20,0.0
PIA,9,0 days 00:01:40.285000,MEDIUM,9.0,True,0 days 01:14:40.088000,28.1,5,46.7,0 days 00:00:27.289000,0 days 00:00:39.779000,0 days 00:00:33.217000,1,100.285,4480.088,1.8450000000002547,False,True,False,9.0,0.0,0.0,27.289,39.779,33.217,0,0,0,0.0,101.32124999999999,0.5338872384065199,-1.9409529306092153,1,1,100.678,100.339,-0.33899999999999864,0.0,-0.3930000000000007,-0.36333333333333445,0.0,-0.13400000000000034,0.6357396610772909,-0.36333333333333445,0,0,2024,United States Grand Prix,0.0,20,0.0
PIA,10,0 days 00:01:40.339000,MEDIUM,10.0,True,0 days 01:16:20.427000,28.2,5,47.0,0 days 00:00:27.205000,0 days 00:00:39.765000,0 days 00:00:33.369000,12,100.339,4580.427,2.0770000000002256,False,True,False,10.0,0.0,0.0,27.205,39.765,33.369,0,0,1,0.0,101.114,0.6546292844045469,-1.1838761547384002,0,1,100.285,100.607,0.32200000000000273,0.0,0.054000000000002046,-0.4893333333333345,0.0,0.15200000000000102,0.597708708318694,-0.4893333333333345,0,0,2024,United States Grand Prix,0.0,20,0.0
PIA,11,0 days 00:01:40.607000,MEDIUM,11.0,True,0 days 01:18:01.034000,28.2,5,47.0,0 days 00:00:27.375000,0 days 00:00:40.106000,0 days 00:00:33.126000,1,100.607,4681.034,2.761000000000422,False,True,False,11.0,0.0,0.0,27.375,40.106,33.126,0,0,0,0.0,100.82820000000001,0.6080005756576331,-0.36381544501130314,0,0,100.339,100.696,0.3569999999999993,0.054000000000002046,0.2680000000000007,-0.24899999999999997,0.0,-0.09100000000000108,0.13036985847963425,-0.24899999999999997,0,0,2024,United States Grand Prix,0.0,20,0.0
PIA,12,0 days 00:01:40.696000,MEDIUM,12.0,True,0 days 01:19:41.730000,28.1,5,47.1,0 days 00:00:27.191000,0 days 00:00:40.172000,0 days 00:00:33.333000,1,100.696,4781.73,3.1510000000007494,False,True,False,12.0,0.0,0.0,27.191,40.172,33.333,0,0,0,0.0,100.599,0.3200273425818766,0.3030991015249814,0,0,100.607,100.579,-0.028000000000005798,0.32200000000000273,0.08899999999999864,-0.023666666666665986,0.0,0.20700000000000074,0.14409614845650776,-0.023666666666665986,0,0,2024,United States Grand Prix,0.0,20,0.0
PIA,13,0 days 00:01:40.579000,MEDIUM,13.0,True,0 days 01:21:22.309000,28.1,5,47.4,0 days 00:00:27.142000,0 days 00:00:40.115000,0 days 00:00:33.322000,1,100.579,4882.309,3.6179999999994834,False,True,False,13.0,0.0,0.0,27.142,40.115,33.322,0,0,0,0.0,100.52099999999999,0.19460858151689608,0.2980341336847539,0,0,100.696,100.807,0.1110000000000042,0.41100000000000136,-0.11700000000000443,0.13700000000000045,0.0,0.19600000000000506,0.16435723288008966,0.13700000000000045,0,0,2024,United States Grand Prix,0.0,20,0.0
PIA,14,0 days 00:01:40.807000,MEDIUM,14.0,True,0 days 01:23:03.116000,28.3,5,47.8,0 days 00:00:27.309000,0 days 00:00:40.258000,0 days 00:00:33.240000,1,100.807,4983.116,4.36200000000008,False,True,False,14.0,0.0,0.0,27.309,40.258,33.24,0,0,0,0.0,100.50120000000001,0.1790564156907497,1.707841625335231,0,0,100.579,101.013,0.4340000000000117,0.29399999999999693,0.22800000000000864,0.0799999999999983,0.0,0.11400000000000432,0.164943929867093,0.0799999999999983,0,0,2024,United States Grand Prix,0.0,20,0.0
PIA,15,0 days 00:01:41.013000,MEDIUM,15.0,True,0 days 01:24:44.129000,28.4,5,47.5,0 days 00:00:27.276000,0 days 00:00:40.490000,0 days 00:00:33.247000,1,101.013,5084.129,4.847999999999956,False,True,False,15.0,0.0,0.0,27.276,40.49,33.247,0,0,0,0.0,100.60560000000001,0.17357937665523163,2.3470530189147136,0,0,100.807,100.229,-0.578000000000003,0.4680000000000035,0.20600000000000307,0.06666666666666761,0.0,0.006999999999997897,0.12127365748587081,0.06666666666666761,0,0,2024,United States Grand Prix,0.0,20,0.0
PIA,16,0 days 00:01:40.229000,MEDIUM,16.0,True,0 days 01:26:24.358000,28.4,5,47.8,0 days 00:00:27.171000,0 days 00:00:40.152000,0 days 00:00:32.906000,1,100.229,5184.358,5.925000000000182,False,True,False,16.0,0.0,0.0,27.171,40.152,32.906,0,0,0,0.0,100.7404,0.17646756075840525,-2.897983050267988,1,0,101.013,99.925,-1.088000000000008,0.4340000000000117,-0.784000000000006,0.10566666666666909,0.0,-0.3340000000000032,0.1275668452224186,0.10566666666666909,0,0,2024,United States Grand Prix,0.0,20,0.0
PIA,17,0 days 00:01:39.925000,MEDIUM,17.0,True,0 days 01:28:04.283000,28.4,5,47.6,0 days 00:00:27.155000,0 days 00:00:39.928000,0 days 00:00:32.842000,1,99.925,5284.283,8.141999999999825,False,True,False,17.0,0.0,0.0,27.155,39.928,32.842,0,0,0,0.0,100.6648,0.2914278641448364,-2.538535572673758,1,1,100.229,100.006,-0.22299999999999898,0.0,-0.30400000000000205,-0.11666666666666477,0.0,-0.06400000000000006,0.22284860331624515,-0.11666666666666477,0,0,2024,United States Grand Prix,0.0,20,0.0
PIA,18,0 days 00:01:40.006000,MEDIUM,18.0,True,0 days 01:29:44.289000,28.3,5,47.6,0 days 00:00:27.111000,0 days 00:00:40.030000,0 days 00:00:32.865000,1,100.006,5384.289,12.280999999999949,False,True,False,18.0,0.0,0.0,27.111,40.03,32.865,0,0,0,0.0,100.5106,0.43793926519555315,-1.1522145651285167,0,1,99.925,99.685,-0.23999999999999488,0.0,0.08100000000000307,-0.29400000000000165,0.0,0.02300000000000324,0.2035932218911063,-0.29400000000000165,0,0,2024,United States Grand Prix,0.0,20,0.0
PIA,19,0 days 00:01:39.685000,MEDIUM,19.0,True,0 days 01:31:23.974000,28.3,5,47.2,0 days 00:00:27.169000,0 days 00:00:39.822000,0 days 00:00:32.694000,1,99.685,5483.974,12.85400000000027,False,True,False,19.0,0.0,0.0,27.169,39.822,32.694,0,0,0,0.0,100.396,0.48770892958815193,-1.4578367482432724,0,0,100.006,99.791,-0.2150000000000034,0.08100000000000307,-0.32099999999999795,-0.33566666666666833,0.0,-0.14799999999999613,0.17053064240775265,-0.33566666666666833,0,0,2024,United States Grand Prix,0.0,20,0.0
PIA,20,0 days 00:01:39.791000,MEDIUM,20.0,True,0 days 01:33:03.765000,28.4,5,47.1,0 days 00:00:26.911000,0 days 00:00:39.908000,0 days 00:00:32.972000,1,99.791,5583.765,13.3149999999996,False,True,False,20.0,0.0,0.0,26.911,39.908,32.972,0,0,0,0.0,100.17159999999998,0.5089850685432921,-0.7477626035067367,0,0,99.685,99.711,0.02599999999999625,0.0,0.10599999999999454,-0.18133333333333232,0.0,0.2779999999999987,0.14567326453402596,-0.18133333333333232,0,0,2024,United States Grand Prix,0.0,20,0.0
PIA,21,0 days 00:01:39.711000,MEDIUM,21.0,True,0 days 01:34:43.476000,28.4,5,47.3,0 days 00:00:27.030000,0 days 00:00:39.610000,0 days 00:00:33.071000,1,99.711,5683.476,14.173999999999978,False,True,False,21.0,0.0,0.0,27.03,39.61,33.071,0,0,0,0.0,99.9272,0.20887125221057853,-1.0350873933672473,0,0,99.791,99.864,0.0730000000000075,0.10599999999999454,-0.0799999999999983,-0.04466666666666678,0.0,0.37699999999999534,0.22547948908936286,-0.04466666666666678,0,0,2024,United States Grand Prix,0.0,20,0.0
PIA,22,0 days 00:01:39.864000,MEDIUM,22.0,True,0 days 01:36:23.340000,28.4,4,47.4,0 days 00:00:26.922000,0 days 00:00:39.894000,0 days 00:00:33.048000,1,99.864,5783.34,15.765999999999622,False,True,False,22.0,0.0,0.0,26.922,39.894,33.048,0,0,0,0.0,99.8236,0.1382960592353042,0.2921269067491405,0,0,99.711,99.91,0.19899999999999807,0.02599999999999625,0.1530000000000058,-0.0983333333333339,0.0,0.3539999999999992,0.22500599991999898,-0.0983333333333339,0,0,2024,United States Grand Prix,0.0,20,0.0
PIA,23,0 days 00:01:39.910000,MEDIUM,23.0,True,0 days 01:38:03.250000,28.4,4,47.8,0 days 00:00:26.867000,0 days 00:00:40.013000,0 days 00:00:33.030000,1,99.91,5883.25,10.569999999999709,False,True,False,23.0,0.0,0.0,26.867,40.013,33.03,0,0,0,0.0,99.8114,0.1295272172171359,0.7612299724983679,0,0,99.864,100.269,0.40500000000000114,0.17900000000000205,0.04599999999999227,0.059666666666667346,0.0,0.05799999999999983,0.22960335363404094,0.059666666666667346,0,0,2024,United States Grand Prix,0.0,20,0.0
PIA,24,0 days 00:01:40.269000,MEDIUM,24.0,True,0 days 01:39:43.519000,28.4,4,47.7,0 days 00:00:26.901000,0 days 00:00:40.130000,0 days 00:00:33.238000,1,100.269,5983.519,9.41399999999976,False,True,False,24.0,0.0,0.0,26.901,40.13,33.238,0,0,0,0.0,99.79220000000001,0.09633119951508326,4.949590604083999,0,0,99.91,99.409,-0.5009999999999906,0.22499999999999432,0.35900000000000887,0.03966666666666659,0.0,0.2079999999999984,0.22421239930030348,0.03966666666666659,0,0,2024,United States Grand Prix,0.0,20,0.0
PIA,25,0 days 00:01:39.409000,MEDIUM,25.0,True,0 days 01:41:22.928000,28.5,4,48.0,0 days 00:00:26.817000,0 days 00:00:39.761000,0 days 00:00:32.831000,1,99.409,6082.928,9.359999999999673,False,True,False,25.0,0.0,0.0,26.817,39.761,32.831,0,0,0,0.0,99.90899999999999,0.21491509951611643,-2.3265000976001264,1,0,100.269,99.299,-0.9699999999999989,0.5580000000000069,-0.8599999999999994,0.1860000000000023,0.0,-0.19899999999999807,0.12867789242911795,0.1860000000000023,0,0,2024,United States Grand Prix,0.0,20,0.0
PIA,26,0 days 00:01:39.299000,MEDIUM,26.0,True,0 days 01:43:02.227000,28.5,3,48.0,0 days 00:00:26.686000,0 days 00:00:39.867000,0 days 00:00:32.746000,1,99.299,6182.227,9.403000000000247,False,True,False,26.0,0.0,0.0,26.686,39.867,32.746,0,0,0,0.0,99.8326,0.31290781390054423,-1.705294582926568,1,1,99.409,99.016,-0.3930000000000007,0.0,-0.10999999999999943,-0.1516666666666661,0.0,-0.08500000000000085,0.2378619347436638,-0.1516666666666661,0,0,2024,United States Grand Prix,0.0,20,0.0
PIA,27,0 days 00:01:39.016000,MEDIUM,27.0,True,0 days 01:44:41.243000,28.5,2,47.3,0 days 00:00:26.707000,0 days 00:00:39.749000,0 days 00:00:32.560000,1,99.016,6281.243,9.346999999999753,False,True,False,27.0,0.0,0.0,26.707,39.749,32.56,0,0,0,0.0,99.7502,0.39611829041337404,-1.8534867431489164,1,1,99.299,99.65,0.3509999999999991,0.0,-0.28300000000000125,-0.20366666666666333,0.0,-0.18599999999999994,0.22146715332075662,-0.20366666666666333,0,0,2024,United States Grand Prix,0.0,20,0.0
PIA,28,0 days 00:01:39.650000,MEDIUM,28.0,True,0 days 01:46:20.893000,28.6,2,47.5,0 days 00:00:26.664000,0 days 00:00:39.663000,0 days 00:00:33.323000,1,99.65,6380.893,1.9459999999999127,False,True,False,28.0,0.0,0.0,26.664,39.663,33.323,0,0,0,0.0,99.5806,0.5024731833640554,0.13811682353945545,0,1,99.016,99.55,0.5339999999999918,0.0,0.6340000000000003,-0.4176666666666667,0.0,0.7629999999999981,0.1730078032922203,-0.4176666666666667,0,0,2024,United States Grand Prix,0.0,20,0.0
PIA,29,0 days 00:01:39.550000,MEDIUM,29.0,True,0 days 01:48:00.443000,28.7,2,47.2,0 days 00:00:26.727000,0 days 00:00:39.770000,0 days 00:00:33.053000,1,99.55,6480.443,1.462999999999738,False,True,False,29.0,0.0,0.0,26.727,39.77,33.053,0,0,0,0.0,99.52860000000001,0.47241644763916457,0.045299015533707965,0,0,99.65,99.661,0.01099999999999568,0.6340000000000003,-0.10000000000000853,0.08033333333333322,0.0,0.492999999999995,0.40517119838408927,0.08033333333333322,0,0,2024,United States Grand Prix,0.0,20,0.0
PIA,30,0 days 00:01:39.661000,MEDIUM,30.0,True,0 days 01:49:40.104000,29.0,2,47.7,0 days 00:00:26.729000,0 days 00:00:39.909000,0 days 00:00:33.023000,1,99.661,6580.104,0.8359999999993306,False,True,False,30.0,0.0,0.0,26.729,39.909,33.023,0,0,0,0.0,99.38480000000001,0.24575536616724908,1.1238818680037304,0,0,99.55,100.829,1.2789999999999964,0.5339999999999918,0.1110000000000042,0.08366666666666352,0.0,0.46300000000000097,0.4424592636616373,0.08366666666666352,0,1,2024,United States Grand Prix,0.0,20,0.0
PIA,31,0 days 00:01:40.829000,MEDIUM,31.0,True,0 days 01:51:20.933000,28.9,3,47.7,0 days 00:00:26.654000,0 days 00:00:40.575000,0 days 00:00:33.600000,1,100.829,6680.933,5.868999999999687,False,True,False,31.0,0.0,0.0,26.654,40.575,33.6,0,0,0,0.0,99.4352,0.27594510323613447,5.051004651484185,0,0,99.661,98.495,-1.1659999999999968,0.644999999999996,1.1679999999999922,0.21499999999999866,0.0,0.5769999999999982,0.40683755972132074,0.21499999999999866,0,0,2024,United States Grand Prix,0.0,20,0.0
PIA,34,0 days 00:01:38.495000,HARD,2.0,True,0 days 01:56:39.879000,28.8,5,47.1,0 days 00:00:26.694000,0 days 00:00:39.448000,0 days 00:00:32.353000,1,98.495,6999.879,2.9970000000002983,True,False,False,2.0,0.0,0.0,26.694,39.448,32.353,0,0,0,0.0,99.7412,0.6634249769190287,-1.8784339501165646,1,0,100.829,98.022,-2.806999999999988,1.8129999999999882,-2.333999999999989,0.39299999999999596,0.0,-0.6700000000000017,0.35940645514514524,0.39299999999999596,0,0,2024,United States Grand Prix,0.0,20,0.0
PIA,35,0 days 00:01:38.022000,HARD,3.0,True,0 days 01:58:17.901000,28.8,5,47.0,0 days 00:00:26.459000,0 days 00:00:39.337000,0 days 00:00:32.226000,1,98.022,7097.901,4.900000000000546,True,False,False,3.0,0.0,0.0,26.459,39.337,32.226,0,0,0,0.0,99.637,0.8266410950346015,-1.9536894665663753,1,1,98.495,98.31,-0.18500000000000227,0.0,-0.472999999999999,-0.3516666666666642,0.0,-0.12700000000000244,0.5684718110865303,-0.3516666666666642,0,0,2024,United States Grand Prix,0.0,20,0.0
PIA,36,0 days 00:01:38.310000,HARD,4.0,True,0 days 01:59:56.211000,28.9,5,47.2,0 days 00:00:26.382000,0 days 00:00:39.596000,0 days 00:00:32.332000,1,98.31,7196.211,5.742000000000189,True,False,False,4.0,0.0,0.0,26.382,39.596,32.332,0,0,0,0.0,99.3114,1.0967362034691752,-0.9130728034985937,0,1,98.022,98.49,0.4679999999999893,0.0,0.2879999999999967,-0.5463333333333319,0.0,0.10600000000000165,0.5354990196069456,-0.5463333333333319,0,0,2024,United States Grand Prix,0.0,20,0.0
PIA,37,0 days 00:01:38.490000,HARD,5.0,True,0 days 02:01:34.701000,28.9,5,46.9,0 days 00:00:26.461000,0 days 00:00:39.572000,0 days 00:00:32.457000,1,98.49,7294.701,6.703000000000429,True,False,False,5.0,0.0,0.0,26.461,39.572,32.457,0,0,0,0.0,99.0634,1.167226756033276,-0.49124987671518017,0,0,98.31,98.212,-0.09799999999999898,0.2879999999999967,0.1799999999999926,-0.8396666666666638,0.0,0.23100000000000165,0.4998006602636701,-0.8396666666666638,0,0,2024,United States Grand Prix,0.0,20,0.0
PIA,38,0 days 00:01:38.212000,HARD,6.0,True,0 days 02:03:12.913000,28.9,5,47.1,0 days 00:00:26.445000,0 days 00:00:39.262000,0 days 00:00:32.505000,1,98.212,7392.913,7.822000000000116,True,False,False,6.0,0.0,0.0,26.445,39.262,32.505,0,0,0,0.0,98.8292,1.1343595990689848,-0.5440955412256908,0,0,98.49,98.183,-0.30699999999998795,0.4679999999999893,-0.2779999999999916,-0.0016666666666698877,0.0,0.27900000000000347,0.46363164257845957,-0.0016666666666698877,0,0,2024,United States Grand Prix,0.0,20,0.0
PIA,39,0 days 00:01:38.183000,HARD,7.0,True,0 days 02:04:51.096000,29.0,5,46.9,0 days 00:00:26.502000,0 days 00:00:39.107000,0 days 00:00:32.574000,1,98.183,7491.096,8.636000000000422,True,False,False,7.0,0.0,0.0,26.502,39.107,32.574,0,0,0,0.0,98.3058,0.19942717969204346,-0.6157636095021073,0,0,98.212,99.348,1.1359999999999957,0.18999999999999773,-0.028999999999996362,0.06333333333333258,0.0,0.24199999999999733,0.3875934725972581,0.06333333333333258,0,0,2024,United States Grand Prix,0.0,20,0.0
PIA,40,0 days 00:01:39.348000,HARD,8.0,True,0 days 02:06:30.444000,28.9,5,47.3,0 days 00:00:26.610000,0 days 00:00:39.875000,0 days 00:00:32.863000,1,99.348,7590.444,25.079999999999927,True,False,False,8.0,0.0,0.0,26.61,39.875,32.863,0,0,0,0.0,98.2434,0.17240881647966325,6.40686493042715,0,0,98.183,98.206,0.022999999999996135,0.16100000000000136,1.164999999999992,-0.04233333333333178,0.0,0.4059999999999988,0.16602620275125374,-0.04233333333333178,0,0,2024,United States Grand Prix,0.0,20,0.0
PIA,41,0 days 00:01:38.206000,HARD,9.0,True,0 days 02:08:08.650000,28.9,5,47.4,0 days 00:00:26.546000,0 days 00:00:39.269000,0 days 00:00:32.391000,12,98.206,7688.65,26.575000000000728,True,False,False,9.0,0.0,0.0,26.546,39.269,32.391,0,0,1,0.0,98.5086,0.4843467765970317,-0.6247589838958633,0,0,99.348,97.883,-1.4650000000000034,1.164999999999992,-1.141999999999996,0.28600000000000136,0.0,-0.11400000000000432,0.10758577972947804,0.28600000000000136,0,0,2024,United States Grand Prix,0.0,20,0.0
PIA,42,0 days 00:01:37.883000,HARD,10.0,True,0 days 02:09:46.533000,29.0,5,46.8,0 days 00:00:26.405000,0 days 00:00:39.172000,0 days 00:00:32.306000,1,97.883,7786.533,27.557999999999993,True,False,False,10.0,0.0,0.0,26.405,39.172,32.306,0,0,0,0.0,98.48780000000001,0.4970736363959895,-1.2167211369025468,0,0,98.206,97.984,-0.2220000000000084,0.022999999999996135,-0.3230000000000075,-0.002000000000000076,0.0,-0.08500000000000085,0.19339777661596996,-0.002000000000000076,0,0,2024,United States Grand Prix,0.0,20,0.0
PIA,43,0 days 00:01:37.984000,HARD,11.0,True,0 days 02:11:24.517000,29.0,5,46.2,0 days 00:00:26.351000,0 days 00:00:39.231000,0 days 00:00:32.402000,1,97.984,7884.517,28.360999999999876,True,False,False,11.0,0.0,0.0,26.351,39.231,32.402,0,0,0,0.0,98.3664,0.5657776064850254,-0.6758839438268315,0,0,97.883,98.455,0.5720000000000027,0.0,0.10099999999999909,-0.1000000000000038,0.0,0.09600000000000364,0.23209114588885235,-0.1000000000000038,0,0,2024,United States Grand Prix,0.0,20,0.0
PIA,44,0 days 00:01:38.455000,HARD,12.0,True,0 days 02:13:02.972000,29.0,5,46.4,0 days 00:00:26.540000,0 days 00:00:39.546000,0 days 00:00:32.369000,1,98.455,7982.972,28.686999999999898,True,False,False,12.0,0.0,0.0,26.54,39.546,32.369,0,0,0,0.0,98.32079999999999,0.5900022881310896,0.22745674499857155,0,0,97.984,97.979,-0.0049999999999954525,0.10099999999999909,0.47100000000000364,-0.4546666666666681,0.0,0.06300000000000239,0.21990452473744174,-0.4546666666666681,0,0,2024,United States Grand Prix,0.0,20,0.0
PIA,45,0 days 00:01:37.979000,HARD,13.0,True,0 days 02:14:40.951000,29.0,5,47.2,0 days 00:00:26.289000,0 days 00:00:39.291000,0 days 00:00:32.399000,1,97.979,8080.951,29.221999999999753,True,False,False,13.0,0.0,0.0,26.289,39.291,32.399,0,0,0,0.0,98.37519999999999,0.5866504069715852,-0.6753596269459051,0,0,98.455,98.32,-0.13500000000000512,0.5720000000000027,-0.4759999999999991,0.08299999999999841,0.0,0.09300000000000352,0.20703308914277507,0.08299999999999841,0,0,2024,United States Grand Prix,0.0,20,0.0
PIA,46,0 days 00:01:38.320000,HARD,14.0,True,0 days 02:16:19.271000,29.1,5,47.0,0 days 00:00:26.424000,0 days 00:00:39.503000,0 days 00:00:32.393000,1,98.32,8179.271,29.481000000000677,True,False,False,14.0,0.0,0.0,26.424,39.503,32.393,0,0,0,0.0,98.1014,0.23045455083356534,0.9485601356506442,0,0,97.979,98.655,0.6760000000000019,0.09600000000000364,0.340999999999994,0.032000000000001215,0.0,0.02400000000000091,0.10184939862365716,0.032000000000001215,0,0,2024,United States Grand Prix,0.0,20,0.0
PIA,47,0 days 00:01:38.655000,HARD,15.0,True,0 days 02:17:57.926000,29.1,5,46.8,0 days 00:00:26.476000,0 days 00:00:39.700000,0 days 00:00:32.479000,1,98.655,8277.926,29.73999999999978,True,False,False,15.0,0.0,0.0,26.476,39.7,32.479,0,0,0,0.0,98.1242,0.24833586128447638,2.1374279061208625,0,0,98.32,98.021,-0.2989999999999924,0.4369999999999976,0.33500000000000796,0.1119999999999995,0.0,0.10999999999999943,0.07473085038991742,0.1119999999999995,0,0,2024,United States Grand Prix,0.0,20,0.0
PIA,48,0 days 00:01:38.021000,HARD,16.0,True,0 days 02:19:35.947000,29.1,5,46.8,0 days 00:00:26.299000,0 days 00:00:39.230000,0 days 00:00:32.492000,1,98.021,8375.947,30.560999999999694,True,False,False,16.0,0.0,0.0,26.299,39.23,32.492,0,0,0,0.0,98.2786,0.2962504008434832,-0.8695346884478758,0,0,98.655,98.023,-0.632000000000005,0.6760000000000019,-0.6340000000000003,0.06666666666666761,0.0,0.09899999999999665,0.034317633951074684,0.06666666666666761,0,0,2024,United States Grand Prix,0.0,20,0.0
PIA,49,0 days 00:01:38.023000,HARD,17.0,True,0 days 02:21:13.970000,29.0,5,46.7,0 days 00:00:26.317000,0 days 00:00:39.431000,0 days 00:00:32.275000,1,98.023,8473.97,31.220000000001164,True,False,False,17.0,0.0,0.0,26.317,39.431,32.275,0,0,0,0.0,98.286,0.2873812798355608,-0.9151605148063002,0,0,98.021,97.979,-0.04200000000000159,0.04200000000000159,0.001999999999995339,0.014000000000000531,0.0,-0.1180000000000021,0.03475197836094921,0.014000000000000531,0,0,2024,United States Grand Prix,0.0,20,0.0
PIA,50,0 days 00:01:37.979000,HARD,18.0,True,0 days 02:22:51.949000,29.0,5,47.0,0 days 00:00:26.325000,0 days 00:00:39.382000,0 days 00:00:32.272000,1,97.979,8571.949,31.969999999999345,True,False,False,18.0,0.0,0.0,26.325,39.382,32.272,0,0,0,0.0,98.1996,0.288805817115781,-0.7638350300664719,0,0,98.023,98.532,0.5090000000000003,0.04399999999999693,-0.04399999999999693,-0.09899999999999902,0.0,-0.0030000000000001137,0.0953902510742061,-0.09899999999999902,0,0,2024,United States Grand Prix,0.0,20,0.0
PIA,51,0 days 00:01:38.532000,HARD,19.0,True,0 days 02:24:30.481000,29.3,5,46.4,0 days 00:00:26.224000,0 days 00:00:39.453000,0 days 00:00:32.855000,1,98.532,8670.481,32.108000000000175,True,False,False,19.0,0.0,0.0,26.224,39.453,32.855,0,0,0,0.0,98.1996,0.288805817115781,1.15094634630138,0,0,97.979,98.18,0.20100000000000762,0.0,0.5529999999999973,-0.22533333333333397,0.0,0.5829999999999984,0.09206139255953029,-0.22533333333333397,0,0,2024,United States Grand Prix,0.0,20,0.0
PIA,52,0 days 00:01:38.180000,HARD,20.0,True,0 days 02:26:08.661000,29.2,5,46.5,0 days 00:00:26.214000,0 days 00:00:39.506000,0 days 00:00:32.460000,1,98.18,8768.661,33.10399999999936,True,False,False,20.0,0.0,0.0,26.214,39.506,32.46,0,0,0,0.0,98.24199999999999,0.32428382630023195,-0.19119054042054473,0,0,98.532,99.104,0.5720000000000027,0.5529999999999973,-0.35199999999998965,0.1703333333333319,0.0,0.1880000000000024,0.2672427735225032,0.1703333333333319,0,0,2024,United States Grand Prix,0.0,20,0.0
PIA,53,0 days 00:01:39.104000,HARD,21.0,True,0 days 02:27:47.765000,29.2,5,46.4,0 days 00:00:26.529000,0 days 00:00:40.029000,0 days 00:00:32.546000,1,99.104,8867.765,33.7390000000014,True,False,False,21.0,0.0,0.0,26.529,40.029,32.546,0,0,0,0.0,98.147,0.22846772200883445,4.188775515356992,0,0,98.18,97.954,-0.2260000000000133,0.20100000000000762,0.9239999999999924,0.052333333333336896,0.0,0.2740000000000009,0.26775305787236126,0.052333333333336896,0,0,2024,United States Grand Prix,0.0,20,0.0
PIA,54,0 days 00:01:37.954000,HARD,22.0,True,0 days 02:29:25.719000,29.3,5,46.0,0 days 00:00:26.330000,0 days 00:00:39.257000,0 days 00:00:32.367000,1,97.954,8965.719,34.58800000000156,True,False,False,22.0,0.0,0.0,26.33,39.257,32.367,0,0,0,0.0,98.36359999999999,0.46748935816757925,-0.8761696771141679,0,0,99.104,97.924,-1.1799999999999926,1.125,-1.1500000000000057,0.375,0.0,-0.09300000000000352,0.2708721100445744,0.375,0,0,2024,United States Grand Prix,0.0,20,0.0
PIA,55,0 days 00:01:37.924000,HARD,23.0,True,0 days 02:31:03.643000,29.3,5,46.1,0 days 00:00:26.501000,0 days 00:00:39.175000,0 days 00:00:32.248000,1,97.924,9063.643,35.522000000000844,True,False,False,23.0,0.0,0.0,26.501,39.175,32.248,0,0,0,0.0,98.34979999999999,0.48088376974060343,-0.8854530487266488,0,0,97.954,99.112,1.1580000000000013,0.0,-0.029999999999986926,-0.19266666666666765,0.0,-0.11899999999999977,0.26402973317412604,-0.19266666666666765,0,0,2024,United States Grand Prix,0.0,20,0.0
RUS,2,0 days 00:01:43.503000,HARD,2.0,True,0 days 01:00:46.381000,28.1,17,47.2,0 days 00:00:28.503000,0 days 00:00:40.570000,0 days 00:00:34.430000,12,103.503,3646.381,0.6630000000000109,True,False,False,2.0,0.0,0.0,28.503,40.57,34.43,0,0,1,0.0,98.4548,0.604449501612785,8.35173159466663,0,0,103.503,104.179,0.6760000000000019,5.5789999999999935,0.0,0.0026666666666651886,0.0,2.182000000000002,0.5064181078910988,0.0,0,1,2024,United States Grand Prix,0.0,20,0.0
RUS,6,0 days 00:01:44.179000,HARD,6.0,True,0 days 01:09:45.077000,28.1,16,47.4,0 days 00:00:28.142000,0 days 00:00:41.853000,0 days 00:00:34.184000,1,104.179,4185.077,0.6840000000001965,True,False,False,6.0,0.0,0.0,28.142,41.853,34.184,0,0,0,0.0,,,0.0,0,0,103.503,101.898,-1.605000000000004,0.0,0.6760000000000019,0.0,0.0,0.0,0.0,0.0,0,1,2024,United States Grand Prix,0.0,20,0.0
RUS,7,0 days 00:01:41.898000,HARD,7.0,True,0 days 01:11:26.975000,28.1,16,47.2,0 days 00:00:27.554000,0 days 00:00:40.370000,0 days 00:00:33.974000,1,101.898,4286.975,0.7089999999998327,True,False,False,7.0,0.0,0.0,27.554,40.37,33.974,0,0,0,0.0,,,0.0,0,0,104.179,101.524,-2.655000000000001,0.0,-2.281000000000006,0.33800000000000097,0.0,-0.21000000000000085,0.0,0.0,0,1,2024,United States Grand Prix,0.0,20,0.0
RUS,8,0 days 00:01:41.524000,HARD,8.0,True,0 days 01:13:08.499000,28.0,16,46.9,0 days 00:00:27.290000,0 days 00:00:40.254000,0 days 00:00:33.980000,1,101.524,4388.499,0.8600000000005821,True,False,False,8.0,0.0,0.0,27.29,40.254,33.98,0,0,0,0.0,103.19333333333333,1.1716058779868561,-1.4248249899545613,0,0,101.898,101.913,0.015000000000000568,0.0,-0.3739999999999952,-0.5350000000000014,0.0,0.006000000000000227,1.324568357365273,-0.802500000000002,0,1,2024,United States Grand Prix,0.0,20,0.0
RUS,9,0 days 00:01:41.913000,HARD,9.0,True,0 days 01:14:50.412000,28.1,16,46.7,0 days 00:00:27.220000,0 days 00:00:40.168000,0 days 00:00:34.525000,1,101.913,4490.412,0.7839999999996508,True,False,False,9.0,0.0,0.0,27.22,40.168,34.525,0,0,0,0.0,102.776,1.2695571406334392,-0.6797645985192995,0,0,101.524,101.994,0.46999999999999886,0.0,0.3889999999999958,-0.6596666666666664,0.0,0.5510000000000019,1.1294746566435223,-0.6596666666666664,0,1,2024,United States Grand Prix,0.0,20,0.0
RUS,10,0 days 00:01:41.994000,HARD,10.0,True,0 days 01:16:32.406000,28.2,15,47.0,0 days 00:00:27.424000,0 days 00:00:40.461000,0 days 00:00:34.109000,12,101.994,4592.406,0.8829999999998108,True,False,False,10.0,0.0,0.0,27.424,40.461,34.109,0,0,1,0.0,102.60340000000001,1.1652404472897515,-0.5229821891416657,0,0,101.913,102.165,0.25200000000000955,0.3889999999999958,0.08100000000000307,-0.7553333333333351,0.0,0.13500000000000512,0.9784800457852997,-0.7553333333333351,0,1,2024,United States Grand Prix,0.0,20,0.0
RUS,11,0 days 00:01:42.165000,HARD,11.0,True,0 days 01:18:14.571000,28.2,15,47.0,0 days 00:00:27.449000,0 days 00:00:40.345000,0 days 00:00:34.371000,1,102.165,4694.571,0.975999999999658,True,False,False,11.0,0.0,0.0,27.449,40.345,34.371,0,0,0,0.0,102.30160000000001,1.0651071777056167,-0.12825000418667354,0,0,101.994,101.837,-0.15699999999999648,0.46999999999999886,0.17100000000000648,0.032000000000001215,0.0,0.39100000000000534,0.2826204168137906,0.032000000000001215,0,1,2024,United States Grand Prix,0.0,20,0.0
RUS,12,0 days 00:01:41.837000,HARD,12.0,True,0 days 01:19:56.408000,28.1,15,47.1,0 days 00:00:27.228000,0 days 00:00:40.423000,0 days 00:00:34.186000,1,101.837,4796.408,1.0049999999991996,True,False,False,12.0,0.0,0.0,27.228,40.423,34.186,0,0,0,0.0,101.8988,0.23484186168575907,-0.2631558085784778,0,0,102.165,101.3,-0.8650000000000091,0.6410000000000053,-0.32800000000000296,0.21366666666666845,0.0,0.07699999999999818,0.30266202272502085,0.21366666666666845,0,0,2024,United States Grand Prix,0.0,20,0.0
RUS,13,0 days 00:01:41.300000,HARD,13.0,True,0 days 01:21:37.708000,28.1,14,47.4,0 days 00:00:27.296000,0 days 00:00:40.082000,0 days 00:00:33.922000,1,101.3,4897.708,0.748000000000502,True,False,False,13.0,0.0,0.0,27.296,40.082,33.922,0,0,0,0.0,101.8866,0.2364726199796364,-2.480625452750169,1,0,101.837,101.098,-0.7390000000000043,0.3130000000000024,-0.5370000000000061,-0.025333333333331137,0.0,-0.18700000000000472,0.22997391156390032,-0.025333333333331137,0,1,2024,United States Grand Prix,0.0,20,0.0
RUS,14,0 days 00:01:41.098000,HARD,14.0,True,0 days 01:23:18.806000,28.4,13,47.4,0 days 00:00:27.109000,0 days 00:00:40.102000,0 days 00:00:33.887000,1,101.098,4998.806,0.910000000000764,True,False,False,14.0,0.0,0.0,27.109,40.102,33.887,0,0,0,0.0,101.8418,0.3264440227665954,-2.2784917110637917,1,1,101.3,101.155,-0.14499999999999602,0.0,-0.20199999999999818,-0.2313333333333342,0.0,-0.03499999999999659,0.28661263056606867,-0.2313333333333342,0,1,2024,United States Grand Prix,0.0,20,0.0
RUS,15,0 days 00:01:41.155000,HARD,15.0,True,0 days 01:24:59.961000,28.4,13,47.5,0 days 00:00:27.171000,0 days 00:00:40.302000,0 days 00:00:33.682000,1,101.155,5099.961,1.5559999999995853,True,False,False,15.0,0.0,0.0,27.171,40.302,33.682,0,0,0,0.0,101.6788,0.4586902004621933,-1.1419472216153603,0,1,101.098,101.26,0.16200000000000614,0.0,0.05700000000000216,-0.3556666666666691,0.0,-0.2049999999999983,0.2145907733338073,-0.3556666666666691,0,0,2024,United States Grand Prix,0.0,20,0.0
RUS,16,0 days 00:01:41.260000,HARD,16.0,True,0 days 01:26:41.221000,28.4,13,47.8,0 days 00:00:27.237000,0 days 00:00:40.293000,0 days 00:00:33.730000,1,101.26,5201.221,2.2520000000004075,True,False,False,16.0,0.0,0.0,27.237,40.293,33.73,0,0,0,0.0,101.511,0.4679257419720096,-0.5364098990198426,0,0,101.155,101.132,-0.022999999999996135,0.05700000000000216,0.10500000000000398,-0.22733333333333405,0.0,0.047999999999994714,0.24325542131677394,-0.22733333333333405,0,0,2024,United States Grand Prix,0.0,20,0.0
RUS,17,0 days 00:01:41.132000,HARD,17.0,True,0 days 01:28:22.353000,28.4,12,47.6,0 days 00:00:27.277000,0 days 00:00:40.152000,0 days 00:00:33.703000,1,101.132,5302.353,0.7119999999995343,True,False,False,17.0,0.0,0.0,27.277,40.152,33.703,0,0,0,0.0,101.33000000000001,0.294659973528919,-0.6719609644591754,0,0,101.26,100.53,-0.730000000000004,0.16200000000000614,-0.1280000000000001,-0.01333333333333068,0.0,0.021000000000000796,0.13058636988598712,-0.01333333333333068,0,1,2024,United States Grand Prix,0.0,20,0.0
RUS,18,0 days 00:01:40.530000,HARD,18.0,True,0 days 01:30:02.883000,28.3,11,47.6,0 days 00:00:27.029000,0 days 00:00:40.184000,0 days 00:00:33.317000,1,100.53,5402.883,1.4200000000000728,True,False,False,18.0,0.0,0.0,27.029,40.184,33.317,0,0,0,0.0,101.189,0.08667179472048755,-7.603396262016215,1,0,101.132,101.203,0.07099999999999795,0.034000000000006025,-0.6020000000000039,0.011333333333335341,0.0,-0.365000000000002,0.1176129244598568,0.011333333333335341,0,0,2024,United States Grand Prix,0.0,20,0.0
RUS,19,0 days 00:01:41.203000,HARD,19.0,True,0 days 01:31:44.086000,28.3,9,47.2,0 days 00:00:27.695000,0 days 00:00:40.067000,0 days 00:00:33.441000,1,101.203,5504.086,1.8939999999993233,True,False,False,19.0,0.0,0.0,27.695,40.067,33.441,0,0,0,0.0,101.035,0.28871612355405185,0.5818864493328317,0,1,100.53,100.766,0.2360000000000042,0.0,0.6730000000000018,-0.20833333333333334,0.0,0.12400000000000233,0.17447120106195171,-0.20833333333333334,0,0,2024,United States Grand Prix,0.0,20,0.0
RUS,20,0 days 00:01:40.766000,HARD,20.0,True,0 days 01:33:24.852000,28.5,9,47.1,0 days 00:00:27.348000,0 days 00:00:40.039000,0 days 00:00:33.379000,1,100.766,5604.852,2.712999999999738,True,False,False,20.0,0.0,0.0,27.348,40.039,33.379,0,0,0,0.0,101.05600000000001,0.2981098790715892,-0.9727956715260838,0,0,101.203,99.965,-1.2379999999999995,0.6730000000000018,-0.4369999999999976,-0.01900000000000072,0.0,0.06199999999999761,0.2030672302465372,-0.01900000000000072,0,0,2024,United States Grand Prix,0.0,20,0.0
RUS,21,0 days 00:01:39.965000,HARD,21.0,True,0 days 01:35:04.817000,28.4,8,47.3,0 days 00:00:26.977000,0 days 00:00:39.502000,0 days 00:00:33.486000,1,99.965,5704.817,1.3739999999997963,True,False,False,21.0,0.0,0.0,26.977,39.502,33.486,0,0,0,0.0,100.97819999999999,0.3160351246302882,-3.205972757570126,1,0,100.766,100.019,-0.7469999999999999,0.2360000000000042,-0.8010000000000019,-0.12199999999999989,0.0,0.16899999999999693,0.19542901524594622,-0.12199999999999989,0,0,2024,United States Grand Prix,0.0,20,0.0
RUS,22,0 days 00:01:40.019000,HARD,22.0,True,0 days 01:36:44.836000,28.4,8,47.4,0 days 00:00:27.030000,0 days 00:00:39.776000,0 days 00:00:33.213000,1,100.019,5804.836,2.8029999999998836,True,False,False,22.0,0.0,0.0,27.03,39.776,33.213,0,0,0,0.0,100.7192,0.5028098049959827,-1.3925742756857926,0,1,99.965,100.174,0.20900000000000318,0.0,0.054000000000002046,-0.18833333333333258,0.0,-0.16599999999999682,0.2129687770542908,-0.18833333333333258,0,0,2024,United States Grand Prix,0.0,20,0.0
RUS,23,0 days 00:01:40.174000,HARD,23.0,True,0 days 01:38:25.010000,28.5,8,47.8,0 days 00:00:26.786000,0 days 00:00:40.021000,0 days 00:00:33.367000,1,100.174,5905.01,3.481999999999971,True,False,False,23.0,0.0,0.0,26.786,40.021,33.367,0,0,0,0.0,100.4966,0.5204308791762006,-0.6198709817346802,0,0,100.019,100.06,0.04099999999999682,0.054000000000002046,0.15500000000000114,-0.39466666666666583,0.0,0.15399999999999636,0.22492598782710704,-0.39466666666666583,0,0,2024,United States Grand Prix,0.0,20,0.0
RUS,24,0 days 00:01:40.060000,HARD,24.0,True,0 days 01:40:05.070000,28.4,8,47.7,0 days 00:00:26.841000,0 days 00:00:39.924000,0 days 00:00:33.295000,1,100.06,6005.07,4.291000000000167,True,False,False,24.0,0.0,0.0,26.841,39.924,33.295,0,0,0,0.0,100.42540000000001,0.5387488283050988,-0.6782381339919658,0,0,100.174,99.692,-0.48200000000001353,0.20900000000000318,-0.11400000000000432,-0.19733333333333292,0.0,0.08200000000000074,0.13740742338025047,-0.19733333333333292,0,0,2024,United States Grand Prix,0.0,20,0.0
RUS,25,0 days 00:01:39.692000,HARD,25.0,True,0 days 01:41:44.762000,28.5,8,48.0,0 days 00:00:26.758000,0 days 00:00:39.863000,0 days 00:00:33.071000,1,99.692,6104.762,5.2520000000004075,True,False,False,25.0,0.0,0.0,26.758,39.863,33.071,0,0,0,0.0,100.19680000000001,0.3273250677845003,-1.5421978017655535,1,0,100.06,100.158,0.09799999999999898,0.09499999999999886,-0.3680000000000092,0.03166666666666629,0.0,-0.142000000000003,0.13442544402009363,0.03166666666666629,0,0,2024,United States Grand Prix,0.0,20,0.0
RUS,26,0 days 00:01:40.158000,HARD,26.0,True,0 days 01:43:24.920000,28.4,8,47.6,0 days 00:00:26.742000,0 days 00:00:40.122000,0 days 00:00:33.294000,1,100.158,6204.92,6.015999999999622,True,False,False,26.0,0.0,0.0,26.742,40.122,33.294,0,0,0,0.0,99.982,0.17937809230823337,0.9811677542961784,0,1,99.692,99.889,0.19700000000000273,0.0,0.4660000000000082,-0.10900000000000414,0.0,0.22299999999999898,0.16189441003320504,-0.10900000000000414,0,0,2024,United States Grand Prix,0.0,20,0.0
RUS,27,0 days 00:01:39.889000,HARD,27.0,True,0 days 01:45:04.809000,28.5,7,47.3,0 days 00:00:26.745000,0 days 00:00:39.829000,0 days 00:00:33.315000,1,99.889,6304.809,6.430999999999585,True,False,False,27.0,0.0,0.0,26.745,39.829,33.315,0,0,0,0.0,100.0206,0.1948994612617957,-0.6752199269716619,0,0,100.158,99.235,-0.9230000000000018,0.4660000000000082,-0.26900000000000546,-0.005333333333335115,0.0,0.24399999999999977,0.1755910020473705,-0.005333333333335115,0,0,2024,United States Grand Prix,0.0,20,0.0
RUS,28,0 days 00:01:39.235000,HARD,28.0,True,0 days 01:46:44.044000,28.6,6,47.5,0 days 00:00:26.468000,0 days 00:00:39.457000,0 days 00:00:33.310000,1,99.235,6404.044,7.431000000000495,True,False,False,28.0,0.0,0.0,26.468,39.457,33.31,0,0,0,0.0,99.9946,0.20364135140030054,-3.7300872085986607,1,0,99.889,99.624,-0.26500000000000057,0.19700000000000273,-0.6539999999999964,-0.05700000000000216,0.0,0.23900000000000432,0.15566374015807352,-0.05700000000000216,0,0,2024,United States Grand Prix,0.0,20,0.0
RUS,29,0 days 00:01:39.624000,HARD,29.0,True,0 days 01:48:23.668000,28.8,6,47.5,0 days 00:00:26.619000,0 days 00:00:39.700000,0 days 00:00:33.305000,1,99.624,6503.668,8.329999999999927,True,False,False,29.0,0.0,0.0,26.619,39.7,33.305,0,0,0,0.0,99.8068,0.3654937755970043,-0.5001453162955002,0,1,99.235,99.577,0.34199999999999875,0.0,0.3889999999999958,-0.1523333333333312,0.0,0.011000000000002785,0.16568856327459833,-0.1523333333333312,0,0,2024,United States Grand Prix,0.0,20,0.0
RUS,30,0 days 00:01:39.577000,HARD,30.0,True,0 days 01:50:03.245000,29.0,6,47.7,0 days 00:00:26.601000,0 days 00:00:39.854000,0 days 00:00:33.122000,1,99.577,6603.245,9.375,True,False,False,30.0,0.0,0.0,26.601,39.854,33.122,0,0,0,0.0,99.7196,0.34118514035660735,-0.41795489642648515,0,0,99.624,99.634,0.010000000000005116,0.3889999999999958,-0.046999999999997044,-0.17800000000000202,0.0,-0.18299999999999983,0.17359867511015298,-0.17800000000000202,0,0,2024,United States Grand Prix,0.0,20,0.0
RUS,31,0 days 00:01:39.634000,HARD,31.0,True,0 days 01:51:42.879000,28.9,6,47.7,0 days 00:00:26.550000,0 days 00:00:39.943000,0 days 00:00:33.141000,1,99.634,6702.879,10.35400000000027,True,False,False,31.0,0.0,0.0,26.55,39.943,33.141,0,0,0,0.0,99.6966,0.34733168585684604,-0.1802311811707387,0,0,99.577,99.553,-0.02400000000000091,0.34199999999999875,0.05700000000000216,-0.1039999999999992,0.0,0.01899999999999835,0.18905343160069868,-0.1039999999999992,0,0,2024,United States Grand Prix,0.0,20,0.0
RUS,32,0 days 00:01:39.553000,HARD,32.0,True,0 days 01:53:22.432000,28.7,6,47.7,0 days 00:00:26.590000,0 days 00:00:39.814000,0 days 00:00:33.149000,1,99.553,6802.432,11.252000000000407,True,False,False,32.0,0.0,0.0,26.59,39.814,33.149,0,0,0,0.0,99.5918,0.23381124866045996,-0.16594582263385582,0,0,99.634,100.373,0.7390000000000043,0.3990000000000009,-0.08100000000000307,0.1330000000000003,0.0,0.027000000000001023,0.1794770180273795,0.1330000000000003,0,0,2024,United States Grand Prix,0.0,20,0.0
RUS,33,0 days 00:01:40.373000,HARD,33.0,True,0 days 01:55:02.805000,28.7,6,47.5,0 days 00:00:27.185000,0 days 00:00:40,0 days 00:00:33.188000,1,100.373,6902.805,11.164999999999964,True,False,False,33.0,0.0,0.0,27.185,40.0,33.188,0,0,0,0.0,99.52459999999999,0.16527946030940327,5.1331242152642975,0,0,99.553,100.071,0.5180000000000007,0.31799999999999784,0.8200000000000074,-0.023666666666665986,0.0,0.0660000000000025,0.14938808520093044,-0.023666666666665986,0,0,2024,United States Grand Prix,0.0,20,0.0
RUS,34,0 days 00:01:40.071000,HARD,34.0,True,0 days 01:56:42.876000,28.8,6,47.1,0 days 00:00:26.707000,0 days 00:00:40.073000,0 days 00:00:33.291000,1,100.071,7002.876,11.542999999999665,True,False,False,34.0,0.0,0.0,26.707,40.073,33.291,0,0,0,0.0,99.7522,0.3486311804761,0.9144334123087735,0,0,100.373,99.925,-0.4480000000000075,0.8200000000000074,-0.3020000000000067,0.2653333333333355,0.0,0.14999999999999858,0.09789790600416401,0.2653333333333355,0,0,2024,United States Grand Prix,0.0,20,0.0
RUS,35,0 days 00:01:39.925000,HARD,35.0,True,0 days 01:58:22.801000,28.8,6,47.0,0 days 00:00:27.003000,0 days 00:00:39.840000,0 days 00:00:33.082000,1,99.925,7102.801,12.101999999999862,True,False,False,35.0,0.0,0.0,27.003,39.84,33.082,0,0,0,0.0,99.8416,0.36448978037820956,0.2288129996771328,0,0,100.071,99.152,-0.9189999999999969,0.5180000000000007,-0.1460000000000008,0.14566666666666586,0.0,-0.06700000000000017,0.12266499093058285,0.14566666666666586,0,0,2024,United States Grand Prix,0.0,20,0.0
RUS,36,0 days 00:01:39.152000,HARD,36.0,True,0 days 02:00:01.953000,28.9,6,47.2,0 days 00:00:26.593000,0 days 00:00:39.605000,0 days 00:00:32.954000,1,99.152,7201.953,16.268999999999323,True,False,False,36.0,0.0,0.0,26.593,39.605,32.954,0,0,0,0.0,99.9112,0.3332164461729829,-2.278398946749071,1,0,99.925,99.451,-0.47400000000000375,0.3719999999999999,-0.7729999999999961,0.12399999999999996,0.0,-0.1280000000000001,0.0787876893937117,0.12399999999999996,0,0,2024,United States Grand Prix,0.0,20,0.0
RUS,37,0 days 00:01:39.451000,HARD,37.0,True,0 days 02:01:41.404000,28.9,6,46.9,0 days 00:00:26.479000,0 days 00:00:39.819000,0 days 00:00:33.153000,1,99.451,7301.404,17.128999999999905,True,False,False,37.0,0.0,0.0,26.479,39.819,33.153,0,0,0,0.0,99.81479999999999,0.4736065877921891,-0.7681480988174667,0,1,99.152,99.331,0.17900000000000205,0.0,0.2989999999999924,-0.4070000000000012,0.0,0.19899999999999807,0.10954131640618536,-0.4070000000000012,0,0,2024,United States Grand Prix,0.0,20,0.0
RUS,38,0 days 00:01:39.331000,HARD,38.0,True,0 days 02:03:20.735000,29.0,6,47.1,0 days 00:00:26.534000,0 days 00:00:39.748000,0 days 00:00:33.049000,1,99.331,7400.735,16.73700000000008,True,False,False,38.0,0.0,0.0,26.534,39.748,33.049,0,0,0,0.0,99.7944,0.4896282263107017,-0.9464323645956122,0,0,99.451,98.997,-0.4539999999999935,0.2989999999999924,-0.11999999999999034,-0.2066666666666682,0.0,0.09499999999999886,0.13932874793092714,-0.2066666666666682,0,0,2024,United States Grand Prix,0.0,20,0.0
RUS,39,0 days 00:01:38.997000,HARD,39.0,True,0 days 02:04:59.732000,29.0,6,46.9,0 days 00:00:26.483000,0 days 00:00:39.544000,0 days 00:00:32.970000,1,98.997,7499.732,16.725999999999658,True,False,False,39.0,0.0,0.0,26.483,39.544,32.97,0,0,0,0.0,99.586,0.39425626184016305,-1.4939521752955376,0,0,99.331,97.656,-1.6749999999999972,0.17900000000000205,-0.3340000000000032,-0.19799999999999804,0.0,0.015999999999998238,0.14106629647084307,-0.19799999999999804,0,0,2024,United States Grand Prix,0.0,20,0.0
RUS,42,0 days 00:01:37.656000,MEDIUM,2.0,True,0 days 02:10:22.242000,29.0,8,46.4,0 days 00:00:26.373000,0 days 00:00:38.929000,0 days 00:00:32.354000,1,97.656,7822.242,8.49499999999989,False,True,False,2.0,0.0,0.0,26.373,38.929,32.354,0,0,0,0.0,99.3712,0.354525316444673,-4.83801838808222,1,0,98.997,98.118,-0.8790000000000049,0.0,-1.340999999999994,-0.05166666666666705,0.0,-0.6159999999999997,0.12952798925328776,-0.05166666666666705,0,0,2024,United States Grand Prix,0.0,20,0.0
RUS,43,0 days 00:01:38.118000,MEDIUM,3.0,True,0 days 02:12:00.360000,29.0,8,46.2,0 days 00:00:26.444000,0 days 00:00:39.192000,0 days 00:00:32.482000,1,98.118,7920.36,9.481000000000677,False,True,False,3.0,0.0,0.0,26.444,39.192,32.482,0,0,0,0.0,98.9174,0.7259988292003137,-1.1011037040934946,0,1,97.656,97.826,0.1699999999999875,0.0,0.4619999999999891,-0.5983333333333292,0.0,0.1280000000000001,0.31900266456567333,-0.5983333333333292,0,0,2024,United States Grand Prix,0.0,20,0.0
RUS,44,0 days 00:01:37.826000,MEDIUM,4.0,True,0 days 02:13:38.186000,29.0,8,46.5,0 days 00:00:26.245000,0 days 00:00:38.874000,0 days 00:00:32.707000,1,97.826,8018.186,10.712000000000444,False,True,False,4.0,0.0,0.0,26.245,38.874,32.707,0,0,0,0.0,98.7106,0.7871577351460405,-1.1237900112051713,0,0,98.118,97.963,-0.15500000000000114,0.4619999999999891,-0.2920000000000016,-0.40433333333333604,0.0,0.35300000000000153,0.33105331896840967,-0.40433333333333604,0,0,2024,United States Grand Prix,0.0,20,0.0
RUS,45,0 days 00:01:37.963000,MEDIUM,5.0,True,0 days 02:15:16.149000,29.0,7,47.2,0 days 00:00:26.484000,0 days 00:00:39.193000,0 days 00:00:32.286000,1,97.963,8116.149,2.1539999999995416,False,True,False,5.0,0.0,0.0,26.484,39.193,32.286,0,0,0,0.0,98.3856,0.7390313254526303,-0.5718296172914935,0,0,97.826,97.782,-0.04399999999999693,0.1699999999999875,0.13700000000000045,-0.3903333333333355,0.0,-0.06799999999999784,0.3638731921975019,-0.3903333333333355,0,0,2024,United States Grand Prix,0.0,20,0.0
RUS,46,0 days 00:01:37.782000,MEDIUM,6.0,True,0 days 02:16:53.931000,29.1,7,47.0,0 days 00:00:26.182000,0 days 00:00:39.182000,0 days 00:00:32.418000,1,97.782,8213.931,3.0169999999998254,False,True,False,6.0,0.0,0.0,26.182,39.182,32.418,0,0,0,0.0,98.112,0.5232575847517982,-0.630664532376593,0,0,97.963,97.79,-0.1729999999999876,0.30699999999998795,-0.18099999999999739,0.10233333333332932,0.0,0.1319999999999979,0.35997749929683126,0.10233333333332932,0,0,2024,United States Grand Prix,0.0,20,0.0
RUS,47,0 days 00:01:37.790000,MEDIUM,7.0,True,0 days 02:18:31.721000,29.1,7,46.7,0 days 00:00:26.227000,0 days 00:00:39.020000,0 days 00:00:32.543000,1,97.79,8311.721,4.22400000000016,False,True,False,7.0,0.0,0.0,26.227,39.02,32.543,0,0,0,0.0,97.869,0.17721738063829523,-0.4457802034735766,0,0,97.782,98.041,0.25900000000000034,0.12599999999999056,0.008000000000009777,-0.1119999999999995,0.0,0.2569999999999979,0.3679296128337593,-0.1119999999999995,0,0,2024,United States Grand Prix,0.0,20,0.0
RUS,48,0 days 00:01:38.041000,MEDIUM,8.0,True,0 days 02:20:09.762000,29.1,7,46.8,0 days 00:00:26.336000,0 days 00:00:39.188000,0 days 00:00:32.517000,1,98.041,8409.762,4.777000000000044,False,True,False,8.0,0.0,0.0,26.336,39.188,32.517,0,0,0,0.0,97.89579999999998,0.1439659682018568,1.0085716910292981,0,0,97.79,98.001,0.21099999999999852,0.008000000000009777,0.25099999999999056,-0.011999999999995717,0.0,0.23100000000000165,0.158468608878856,-0.011999999999995717,0,0,2024,United States Grand Prix,0.0,20,0.0
RUS,49,0 days 00:01:38.001000,MEDIUM,9.0,True,0 days 02:21:47.763000,28.9,7,46.6,0 days 00:00:26.220000,0 days 00:00:39.134000,0 days 00:00:32.647000,1,98.001,8507.763,5.286000000000058,False,True,False,9.0,0.0,0.0,26.22,39.134,32.647,0,0,0,0.0,97.88040000000001,0.11557378595641488,1.0434892220756413,0,0,98.041,97.943,-0.09799999999999898,0.25900000000000034,-0.03999999999999204,0.026000000000000984,0.0,0.2289999999999992,0.15989215115195582,0.026000000000000984,0,0,2024,United States Grand Prix,0.0,20,0.0
RUS,50,0 days 00:01:37.943000,MEDIUM,10.0,True,0 days 02:23:25.706000,29.3,7,46.7,0 days 00:00:26.145000,0 days 00:00:39.401000,0 days 00:00:32.397000,1,97.943,8605.706,5.994000000000597,False,True,False,10.0,0.0,0.0,26.145,39.401,32.397,0,0,0,0.0,97.9154,0.12133548533012406,0.2274684930372982,0,0,98.001,98.059,0.057999999999992724,0.2190000000000083,-0.058000000000006935,0.07300000000000277,0.0,-0.12000000000000455,0.13407721655821964,0.07300000000000277,0,0,2024,United States Grand Prix,0.0,20,0.0
RUS,51,0 days 00:01:38.059000,MEDIUM,11.0,True,0 days 02:25:03.765000,29.3,7,46.4,0 days 00:00:26.243000,0 days 00:00:39.245000,0 days 00:00:32.571000,1,98.059,8703.765,6.338999999999942,False,True,False,11.0,0.0,0.0,26.243,39.245,32.571,0,0,0,0.0,97.9114,0.11969252274180388,1.2331597381266175,0,0,97.943,98.608,0.6650000000000063,0.16100000000000136,0.11599999999999966,0.05099999999999719,0.0,0.1739999999999995,0.15603429110295133,0.05099999999999719,0,0,2024,United States Grand Prix,0.0,20,0.0
RUS,52,0 days 00:01:38.608000,MEDIUM,12.0,True,0 days 02:26:42.373000,29.2,7,46.5,0 days 00:00:26.243000,0 days 00:00:39.254000,0 days 00:00:33.111000,1,98.608,8802.373,6.434000000001106,False,True,False,12.0,0.0,0.0,26.243,39.254,33.111,0,0,0,0.0,97.9668,0.10839833947202622,5.91521976372589,0,0,98.059,99.888,1.8290000000000077,0.26899999999999125,0.5490000000000066,0.006000000000000227,0.0,0.7139999999999986,0.15623603937632496,0.006000000000000227,0,0,2024,United States Grand Prix,0.0,20,0.0
RUS,53,0 days 00:01:39.888000,MEDIUM,13.0,True,0 days 02:28:22.261000,29.1,7,46.0,0 days 00:00:26.487000,0 days 00:00:39.545000,0 days 00:00:33.856000,1,99.888,8902.261,5.057999999999083,False,True,False,13.0,0.0,0.0,26.487,39.545,33.856,0,0,0,0.0,98.1304,0.270672865282578,6.4934473507904285,0,0,98.608,98.724,0.11599999999999966,0.6650000000000063,1.2800000000000011,0.20233333333333312,0.0,1.4590000000000032,0.2994483260931684,0.20233333333333312,0,0,2024,United States Grand Prix,0.0,20,0.0
RUS,54,0 days 00:01:38.724000,MEDIUM,14.0,True,0 days 02:30:00.985000,29.3,7,46.0,0 days 00:00:26.387000,0 days 00:00:39.349000,0 days 00:00:32.988000,1,98.724,9000.985,5.108999999998559,False,True,False,14.0,0.0,0.0,26.387,39.349,32.988,0,0,0,0.0,98.4998,0.8203564469181928,0.273295834807242,0,0,99.888,98.18,-1.7079999999999984,1.9450000000000074,-1.1640000000000015,0.6483333333333358,0.0,0.4170000000000016,0.6183055070108975,0.6483333333333358,0,0,2024,United States Grand Prix,0.0,20,0.0
RUS,55,0 days 00:01:38.180000,MEDIUM,15.0,True,0 days 02:31:39.165000,29.2,6,46.1,0 days 00:00:26.253000,0 days 00:00:39.239000,0 days 00:00:32.688000,1,98.18,9099.165,1.128999999998996,False,True,False,15.0,0.0,0.0,26.253,39.239,32.688,0,0,0,0.0,98.64439999999999,0.7727964156233024,-0.6009344642539777,0,0,98.724,97.955,-0.7690000000000055,0.7810000000000059,-0.5439999999999969,0.22166666666666876,0.0,-0.29999999999999716,0.6039235878817807,0.22166666666666876,0,0,2024,United States Grand Prix,0.0,20,0.0
SAI,2,0 days 00:01:39.923000,MEDIUM,2.0,True,0 days 01:00:33.427000,28.1,3,47.2,0 days 00:00:26.992000,0 days 00:00:39.337000,0 days 00:00:33.594000,1,99.923,3633.427,1.569999999999709,False,True,False,2.0,0.0,0.0,26.992,39.337,33.594,0,0,0,0.0,98.671,0.7485993588029715,1.6724566823059717,0,0,99.923,100.002,0.07899999999999352,1.9680000000000035,0.0,-0.6443333333333356,0.0,0.9059999999999988,0.6677973495005802,0.0,0,0,2024,United States Grand Prix,0.0,20,0.0
SAI,6,0 days 00:01:40.002000,MEDIUM,6.0,True,0 days 01:09:35.347000,28.1,3,47.4,0 days 00:00:27.199000,0 days 00:00:39.976000,0 days 00:00:32.827000,1,100.002,4175.347,1.1170000000001892,False,True,False,6.0,0.0,0.0,27.199,39.976,32.827,0,0,0,0.0,,,0.0,0,0,99.923,99.684,-0.23900000000000432,0.0,0.07899999999999352,0.0,0.0,0.0,0.0,0.0,0,0,2024,United States Grand Prix,0.0,20,0.0
SAI,7,0 days 00:01:39.684000,MEDIUM,7.0,True,0 days 01:11:15.031000,28.1,3,47.2,0 days 00:00:26.936000,0 days 00:00:39.503000,0 days 00:00:33.245000,1,99.684,4275.031,1.9020000000000437,False,True,False,7.0,0.0,0.0,26.936,39.503,33.245,0,0,0,0.0,,,0.0,0,0,100.002,100.944,0.9420000000000073,0.0,-0.31799999999999784,0.03949999999999676,0.0,0.41799999999999926,0.0,0.0,0,0,2024,United States Grand Prix,0.0,20,0.0
SAI,8,0 days 00:01:40.944000,MEDIUM,8.0,True,0 days 01:12:55.975000,28.0,3,46.9,0 days 00:00:27.544000,0 days 00:00:40.262000,0 days 00:00:33.138000,1,100.944,4375.975,1.3689999999996871,False,True,False,8.0,0.0,0.0,27.544,40.262,33.138,0,0,0,0.0,99.86966666666666,0.1655727433285291,6.488588107776003,0,0,99.684,100.022,0.33800000000000807,0.0,1.2600000000000051,-0.0796666666666681,0.0,0.31099999999999994,0.4534504750613156,-0.11950000000000216,0,0,2024,United States Grand Prix,0.0,20,0.0
SAI,9,0 days 00:01:40.022000,MEDIUM,9.0,True,0 days 01:14:35.997000,28.1,3,46.7,0 days 00:00:27.037000,0 days 00:00:39.829000,0 days 00:00:33.156000,1,100.022,4475.997,1.5429999999996653,False,True,False,9.0,0.0,0.0,27.037,39.829,33.156,0,0,0,0.0,100.13825,0.5539171869512635,-0.20986891675961308,0,0,100.944,99.887,-1.0570000000000022,1.2600000000000051,-0.921999999999997,0.3403333333333336,0.0,0.3290000000000006,0.37593206389807493,0.3403333333333336,0,0,2024,United States Grand Prix,0.0,20,0.0
SAI,10,0 days 00:01:39.887000,MEDIUM,10.0,True,0 days 01:16:15.884000,28.1,3,46.7,0 days 00:00:26.884000,0 days 00:00:39.806000,0 days 00:00:33.197000,12,99.887,4575.884,2.024999999999636,False,True,False,10.0,0.0,0.0,26.884,39.806,33.197,0,0,1,0.0,100.115,0.48251528473199706,-0.4725238913967922,0,0,100.022,100.352,0.3299999999999983,0.33800000000000807,-0.13500000000000512,0.0066666666666700776,0.0,0.059000000000004604,0.3275144271631399,0.0066666666666700776,0,0,2024,United States Grand Prix,0.0,20,0.0
SAI,11,0 days 00:01:40.352000,MEDIUM,11.0,True,0 days 01:17:56.236000,28.2,3,47.0,0 days 00:00:26.911000,0 days 00:00:40.086000,0 days 00:00:33.355000,1,100.352,4676.236,2.3410000000003492,False,True,False,11.0,0.0,0.0,26.911,40.086,33.355,0,0,0,0.0,100.1078,0.48634987406187374,0.5021076657438163,0,0,99.887,100.241,0.3539999999999992,0.20300000000000296,0.4650000000000034,0.06766666666666765,0.0,0.21699999999999875,0.18277663964522262,0.06766666666666765,0,0,2024,United States Grand Prix,0.0,20,0.0
SAI,12,0 days 00:01:40.241000,MEDIUM,12.0,True,0 days 01:19:36.477000,28.1,3,47.1,0 days 00:00:26.893000,0 days 00:00:40.020000,0 days 00:00:33.328000,1,100.241,4776.477,2.7520000000004075,False,True,False,12.0,0.0,0.0,26.893,40.02,33.328,0,0,0,0.0,100.1778,0.4924644149580775,0.12833414573797156,0,0,100.352,100.014,-0.33800000000000807,0.6680000000000064,-0.1110000000000042,-0.19733333333333292,0.0,0.17200000000000415,0.13633121432745876,-0.19733333333333292,0,0,2024,United States Grand Prix,0.0,20,0.0
SAI,13,0 days 00:01:40.014000,MEDIUM,13.0,True,0 days 01:21:16.491000,28.0,3,47.1,0 days 00:00:26.894000,0 days 00:00:39.879000,0 days 00:00:33.241000,1,100.014,4876.491,3.0850000000000364,False,True,False,13.0,0.0,0.0,26.894,39.879,33.241,0,0,0,0.0,100.28920000000001,0.4087146926647048,-0.6733303327213068,0,0,100.241,100.038,-0.20300000000000296,0.3539999999999992,-0.22700000000000387,0.07299999999999802,0.0,0.04399999999999693,0.10996272095578372,0.07299999999999802,0,0,2024,United States Grand Prix,0.0,20,0.0
SAI,14,0 days 00:01:40.038000,MEDIUM,14.0,True,0 days 01:22:56.529000,28.3,3,47.8,0 days 00:00:26.872000,0 days 00:00:40.135000,0 days 00:00:33.031000,1,100.038,4976.529,3.368999999999687,False,True,False,14.0,0.0,0.0,26.872,40.135,33.031,0,0,0,0.0,100.1032,0.18853567301705412,-0.34582314824901417,0,0,100.014,100.071,0.05700000000000216,0.12699999999999534,0.02400000000000091,0.04233333333333178,0.0,-0.21000000000000085,0.11781638256201878,0.04233333333333178,0,0,2024,United States Grand Prix,0.0,20,0.0
SAI,15,0 days 00:01:40.071000,MEDIUM,15.0,True,0 days 01:24:36.600000,28.4,3,47.5,0 days 00:00:26.829000,0 days 00:00:40.115000,0 days 00:00:33.127000,1,100.071,5076.6,3.657999999999447,False,True,False,15.0,0.0,0.0,26.829,40.115,33.127,0,0,0,0.0,100.10640000000001,0.18694196960552759,-0.18936357670087983,0,0,100.038,100.286,0.24800000000000466,0.15099999999999625,0.03300000000000125,-0.10466666666666906,0.0,0.09600000000000364,0.16604607794223947,-0.10466666666666906,0,0,2024,United States Grand Prix,0.0,20,0.0
SAI,16,0 days 00:01:40.286000,MEDIUM,16.0,True,0 days 01:26:16.886000,28.4,3,47.8,0 days 00:00:26.894000,0 days 00:00:40.091000,0 days 00:00:33.301000,1,100.286,5176.886,3.7269999999998618,False,True,False,16.0,0.0,0.0,26.894,40.091,33.301,0,0,0,0.0,100.14320000000001,0.14674365403654585,0.9731255565193323,0,0,100.071,100.203,0.132000000000005,0.05700000000000216,0.2150000000000034,-0.05666666666666723,0.0,0.2700000000000031,0.1670125743769023,-0.05666666666666723,0,0,2024,United States Grand Prix,0.0,20,0.0
SAI,17,0 days 00:01:40.203000,MEDIUM,17.0,True,0 days 01:27:57.089000,28.4,3,47.6,0 days 00:00:27.065000,0 days 00:00:40.002000,0 days 00:00:33.136000,1,100.203,5277.089,3.4390000000003056,False,True,False,17.0,0.0,0.0,27.065,40.002,33.136,0,0,0,0.0,100.13,0.12455721576848043,0.5860760418384398,0,0,100.286,99.696,-0.5900000000000034,0.27200000000000557,-0.08299999999999841,0.09066666666666852,0.0,0.10500000000000398,0.18031860691565002,0.09066666666666852,0,0,2024,United States Grand Prix,0.0,20,0.0
SAI,18,0 days 00:01:39.696000,MEDIUM,18.0,True,0 days 01:29:36.785000,28.3,3,47.6,0 days 00:00:26.876000,0 days 00:00:39.951000,0 days 00:00:32.869000,1,99.696,5376.785,3.686999999999898,False,True,False,18.0,0.0,0.0,26.876,39.951,32.869,0,0,0,0.0,100.1224,0.11702264738073227,-3.643739135491542,1,0,100.203,99.898,-0.3050000000000068,0.18900000000000716,-0.507000000000005,0.05500000000000208,0.0,-0.25800000000000267,0.173617395441818,0.05500000000000208,0,0,2024,United States Grand Prix,0.0,20,0.0
SAI,19,0 days 00:01:39.898000,MEDIUM,19.0,True,0 days 01:31:16.683000,28.2,3,47.2,0 days 00:00:26.870000,0 days 00:00:40.101000,0 days 00:00:32.927000,1,99.898,5476.683,3.40099999999984,False,True,False,19.0,0.0,0.0,26.87,40.101,32.927,0,0,0,0.0,100.05879999999999,0.22617404802494384,-0.7109568998042637,0,1,99.696,99.814,0.117999999999995,0.0,0.20199999999999818,-0.125,0.0,0.05799999999999983,0.22572283889762068,-0.125,0,0,2024,United States Grand Prix,0.0,20,0.0
SAI,20,0 days 00:01:39.814000,MEDIUM,20.0,True,0 days 01:32:56.497000,28.4,3,47.1,0 days 00:00:26.771000,0 days 00:00:39.877000,0 days 00:00:33.166000,1,99.814,5576.497,3.4780000000000655,False,True,False,20.0,0.0,0.0,26.771,39.877,33.166,0,0,0,0.0,100.0308,0.23776185564549016,-0.9118367595652577,0,0,99.898,98.731,-1.1670000000000016,0.20199999999999818,-0.08400000000000318,-0.12933333333333508,0.0,0.29699999999999704,0.19260114226037425,-0.12933333333333508,0,0,2024,United States Grand Prix,0.0,20,0.0
SAI,23,0 days 00:01:38.731000,HARD,2.0,True,0 days 01:38:13.820000,28.4,5,47.8,0 days 00:00:26.593000,0 days 00:00:39.519000,0 days 00:00:32.619000,1,98.731,5893.82,5.967000000000553,True,False,False,2.0,0.0,0.0,26.593,39.519,32.619,0,0,0,0.0,99.9794,0.2541157216702308,-4.9127224077071014,1,0,99.814,99.113,-0.7009999999999934,0.117999999999995,-1.0829999999999984,-0.12966666666667,0.0,-0.25,0.22220778564217875,-0.12966666666667,0,0,2024,United States Grand Prix,0.0,20,0.0
SAI,24,0 days 00:01:39.113000,HARD,3.0,True,0 days 01:39:52.933000,28.4,5,47.7,0 days 00:00:26.772000,0 days 00:00:39.558000,0 days 00:00:32.783000,1,99.113,5992.933,7.417999999999665,True,False,False,3.0,0.0,0.0,26.772,39.558,32.783,0,0,0,0.0,99.66839999999999,0.5565952748631154,-0.997852524236003,0,1,98.731,99.355,0.6240000000000094,0.0,0.382000000000005,-0.3216666666666678,0.0,0.16400000000000148,0.2404169295203649,-0.3216666666666678,0,0,2024,United States Grand Prix,0.0,20,0.0
SAI,25,0 days 00:01:39.355000,HARD,4.0,True,0 days 01:41:32.288000,28.5,5,48.0,0 days 00:00:26.826000,0 days 00:00:39.575000,0 days 00:00:32.954000,1,99.355,6092.288,8.178000000000793,True,False,False,4.0,0.0,0.0,26.826,39.575,32.954,0,0,0,0.0,99.4504,0.5060249993823595,-0.18852823500111776,0,0,99.113,99.342,0.2289999999999992,0.382000000000005,0.24200000000000443,-0.26166666666666555,0.0,0.33500000000000085,0.24875128140373473,-0.26166666666666555,0,0,2024,United States Grand Prix,0.0,20,0.0
SAI,26,0 days 00:01:39.342000,HARD,5.0,True,0 days 01:43:11.630000,28.5,4,48.0,0 days 00:00:26.720000,0 days 00:00:39.736000,0 days 00:00:32.886000,1,99.342,6191.63,11.988999999999578,True,False,False,5.0,0.0,0.0,26.72,39.736,32.886,0,0,0,0.0,99.3822,0.48728092513447235,-0.08249861204582326,0,0,99.355,98.96,-0.39500000000001023,0.6240000000000094,-0.01300000000000523,-0.15299999999999633,0.0,0.267000000000003,0.23464377255746605,-0.15299999999999633,0,0,2024,United States Grand Prix,0.0,20,0.0
SAI,27,0 days 00:01:38.960000,HARD,6.0,True,0 days 01:44:50.590000,28.5,4,47.3,0 days 00:00:26.607000,0 days 00:00:39.620000,0 days 00:00:32.733000,1,98.96,6290.59,4.322999999999411,True,False,False,6.0,0.0,0.0,26.607,39.62,32.733,0,0,0,0.0,99.271,0.3948132469913991,-0.7877141974589877,0,0,99.342,99.054,-0.2879999999999967,0.6110000000000042,-0.382000000000005,0.20366666666666808,0.0,-0.05000000000000426,0.23923064185007745,0.20366666666666808,0,0,2024,United States Grand Prix,0.0,20,0.0
SAI,28,0 days 00:01:39.054000,HARD,7.0,True,0 days 01:46:29.644000,28.6,4,47.5,0 days 00:00:26.730000,0 days 00:00:39.390000,0 days 00:00:32.934000,1,99.054,6389.644,4.052999999999884,True,False,False,7.0,0.0,0.0,26.73,39.39,32.934,0,0,0,0.0,99.1002,0.26434768771424855,-0.17476982832526095,0,0,98.96,99.203,0.2430000000000092,0.2289999999999992,0.0940000000000083,-0.05100000000000193,0.0,0.2010000000000005,0.24082088779838165,-0.05100000000000193,0,0,2024,United States Grand Prix,0.0,20,0.0
SAI,29,0 days 00:01:39.203000,HARD,8.0,True,0 days 01:48:08.847000,28.7,4,47.2,0 days 00:00:26.738000,0 days 00:00:39.580000,0 days 00:00:32.885000,1,99.203,6488.847,3.917000000000371,True,False,False,8.0,0.0,0.0,26.738,39.58,32.885,0,0,0,0.0,99.1648,0.17640776626860152,0.2165437543256421,0,0,99.054,98.674,-0.37999999999999545,0.0940000000000083,0.1490000000000009,-0.10033333333333398,0.0,0.15200000000000102,0.14588797071726192,-0.10033333333333398,0,0,2024,United States Grand Prix,0.0,20,0.0
SAI,30,0 days 00:01:38.674000,HARD,9.0,True,0 days 01:49:47.521000,29.0,4,47.7,0 days 00:00:26.628000,0 days 00:00:39.369000,0 days 00:00:32.677000,1,98.674,6587.521,3.993000000000393,True,False,False,9.0,0.0,0.0,26.628,39.369,32.677,0,0,0,0.0,99.1828,0.17438090491759556,-2.9177506576217693,1,0,99.203,99.281,0.07800000000000296,0.2430000000000092,-0.5289999999999964,-0.04633333333333193,0.0,-0.055999999999997385,0.14638476696706074,-0.04633333333333193,0,0,2024,United States Grand Prix,0.0,20,0.0
SAI,31,0 days 00:01:39.281000,HARD,10.0,True,0 days 01:51:26.802000,28.9,4,47.7,0 days 00:00:26.692000,0 days 00:00:39.680000,0 days 00:00:32.909000,1,99.281,6686.802,3.7700000000004366,True,False,False,10.0,0.0,0.0,26.692,39.68,32.909,0,0,0,0.0,99.0466,0.2540212589525991,0.9227574139523003,0,1,98.674,99.025,0.3509999999999991,0.0,0.6069999999999993,-0.09533333333332905,0.0,0.23199999999999932,0.14797871468559393,-0.09533333333332905,0,0,2024,United States Grand Prix,0.0,20,0.0
SAI,32,0 days 00:01:39.025000,HARD,11.0,True,0 days 01:53:05.827000,28.8,3,47.4,0 days 00:00:26.607000,0 days 00:00:39.623000,0 days 00:00:32.795000,1,99.025,6785.827,3.850999999999658,True,False,False,11.0,0.0,0.0,26.607,39.623,32.795,0,0,0,0.0,99.0344,0.23719464580774702,-0.03962989960413514,0,0,99.281,98.76,-0.5210000000000008,0.6069999999999993,-0.2560000000000002,0.07566666666666795,0.0,0.1180000000000021,0.13881354400778087,0.07566666666666795,0,0,2024,United States Grand Prix,0.0,20,0.0
SAI,33,0 days 00:01:38.760000,HARD,12.0,True,0 days 01:54:44.587000,28.7,2,47.5,0 days 00:00:26.571000,0 days 00:00:39.569000,0 days 00:00:32.620000,1,98.76,6884.587,3.9179999999996653,True,False,False,12.0,0.0,0.0,26.571,39.569,32.62,0,0,0,0.0,99.04740000000001,0.23385529713877223,-1.2289651058426057,0,0,99.025,98.812,-0.21300000000000807,0.3509999999999991,-0.26500000000000057,-0.059333333333332426,0.0,-0.05700000000000216,0.11254687912154532,-0.059333333333332426,0,0,2024,United States Grand Prix,0.0,20,0.0
SAI,34,0 days 00:01:38.812000,HARD,13.0,True,0 days 01:56:23.399000,28.8,2,47.1,0 days 00:00:26.672000,0 days 00:00:39.543000,0 days 00:00:32.597000,1,98.812,6983.399,4.168999999999869,True,False,False,13.0,0.0,0.0,26.672,39.543,32.597,0,0,0,0.0,98.98859999999999,0.2664681969764074,-0.6627432541813959,0,0,98.76,98.62,-0.14000000000000057,0.08599999999999852,0.0519999999999925,0.028666666666666174,0.0,-0.022999999999996135,0.12939551769671157,0.028666666666666174,0,0,2024,United States Grand Prix,0.0,20,0.0
SAI,35,0 days 00:01:38.620000,HARD,14.0,True,0 days 01:58:02.019000,28.8,2,47.1,0 days 00:00:26.538000,0 days 00:00:39.505000,0 days 00:00:32.577000,1,98.62,7082.019,4.552999999999884,True,False,False,14.0,0.0,0.0,26.538,39.505,32.577,0,0,0,0.0,98.91040000000001,0.24426686226307695,-1.1888636768389922,0,0,98.812,98.587,-0.22499999999999432,0.13799999999999102,-0.19199999999999307,-0.1563333333333361,0.0,-0.020000000000003126,0.12796757401779507,-0.1563333333333361,0,0,2024,United States Grand Prix,0.0,20,0.0
SAI,36,0 days 00:01:38.587000,HARD,15.0,True,0 days 01:59:40.606000,28.9,2,47.2,0 days 00:00:26.652000,0 days 00:00:39.491000,0 days 00:00:32.444000,1,98.587,7180.606,4.681000000000495,True,False,False,15.0,0.0,0.0,26.652,39.491,32.444,0,0,0,0.0,98.89959999999999,0.25813233040409256,-1.2110067712580996,0,0,98.62,98.428,-0.19200000000000728,0.0,-0.03300000000000125,-0.13500000000000037,0.0,-0.13299999999999557,0.12188724297480885,-0.13500000000000037,0,0,2024,United States Grand Prix,0.0,20,0.0
SAI,37,0 days 00:01:38.428000,HARD,16.0,True,0 days 02:01:19.034000,28.9,2,46.9,0 days 00:00:26.434000,0 days 00:00:39.396000,0 days 00:00:32.598000,1,98.428,7279.034,5.216000000000349,True,False,False,16.0,0.0,0.0,26.434,39.396,32.598,0,0,0,0.0,98.76079999999999,0.17496771130648275,-1.9020652297213947,1,0,98.587,98.189,-0.39800000000001035,0.0,-0.15900000000000603,-0.057666666666667275,0.0,0.15399999999999636,0.09103021476410969,-0.057666666666667275,0,0,2024,United States Grand Prix,0.0,20,0.0
SAI,38,0 days 00:01:38.189000,HARD,17.0,True,0 days 02:02:57.223000,28.9,2,47.1,0 days 00:00:26.445000,0 days 00:00:39.282000,0 days 00:00:32.462000,1,98.189,7377.223,5.667999999999665,True,False,False,17.0,0.0,0.0,26.445,39.282,32.462,0,0,0,0.0,98.6414,0.15176231416202002,-2.9809772109631476,1,1,98.428,98.075,-0.35299999999999443,0.0,-0.23900000000000432,-0.1280000000000001,0.0,0.018000000000000682,0.10527915273215047,-0.1280000000000001,0,0,2024,United States Grand Prix,0.0,20,0.0
SAI,39,0 days 00:01:38.075000,HARD,18.0,True,0 days 02:04:35.298000,29.0,2,46.9,0 days 00:00:26.432000,0 days 00:00:39.145000,0 days 00:00:32.498000,1,98.075,7475.298,5.951000000000022,True,False,False,18.0,0.0,0.0,26.432,39.145,32.498,0,0,0,0.0,98.52720000000001,0.23319455396684544,-1.9391533477419742,1,1,98.189,98.082,-0.10699999999999932,0.0,-0.11399999999999011,-0.14366666666667052,0.0,0.05399999999999494,0.10326519258685095,-0.14366666666667052,0,0,2024,United States Grand Prix,0.0,20,0.0
SAI,40,0 days 00:01:38.082000,HARD,19.0,True,0 days 02:06:13.380000,29.0,2,46.9,0 days 00:00:26.434000,0 days 00:00:39.211000,0 days 00:00:32.437000,1,98.082,7573.38,6.492999999999483,True,False,False,19.0,0.0,0.0,26.434,39.211,32.437,0,0,0,0.0,98.3798,0.240966180199155,-1.2358580766557452,0,1,98.075,97.786,-0.2890000000000015,0.0,0.006999999999990791,-0.17066666666666683,0.0,-0.025000000000005684,0.10485609185926859,-0.17066666666666683,0,0,2024,United States Grand Prix,0.0,20,0.0
SAI,41,0 days 00:01:37.786000,HARD,20.0,True,0 days 02:07:51.166000,28.9,2,47.4,0 days 00:00:26.326000,0 days 00:00:39.097000,0 days 00:00:32.363000,12,97.786,7671.166,7.170000000000073,True,False,False,20.0,0.0,0.0,26.326,39.097,32.363,0,0,1,0.0,98.2722,0.2265826559994233,-2.145795307480349,1,0,98.082,97.763,-0.3189999999999884,0.006999999999990791,-0.29599999999999227,-0.11533333333333455,0.0,-0.07399999999999807,0.10529150013177428,-0.11533333333333455,0,0,2024,United States Grand Prix,0.0,20,0.0
SAI,42,0 days 00:01:37.763000,HARD,21.0,True,0 days 02:09:28.929000,29.0,2,46.8,0 days 00:00:26.220000,0 days 00:00:39.185000,0 days 00:00:32.358000,1,97.763,7768.929,7.524000000000342,True,False,False,21.0,0.0,0.0,26.22,39.185,32.358,0,0,0,0.0,98.112,0.23147894072620304,-1.5076965485719596,1,1,97.786,98.223,0.4369999999999976,0.0,-0.022999999999996135,-0.13433333333333053,0.0,-0.005000000000002558,0.08635855487442883,-0.13433333333333053,0,0,2024,United States Grand Prix,0.0,20,0.0
SAI,43,0 days 00:01:38.223000,HARD,22.0,True,0 days 02:11:07.152000,29.0,2,46.4,0 days 00:00:26.293000,0 days 00:00:39.373000,0 days 00:00:32.557000,1,98.223,7867.152,7.8270000000002256,True,False,False,22.0,0.0,0.0,26.293,39.373,32.557,0,0,0,0.0,97.979,0.19224333538436533,1.269224753680817,0,1,97.763,98.45,0.6869999999999976,0.0,0.45999999999999375,-0.1039999999999992,0.0,0.19900000000000517,0.047857078891213545,-0.1039999999999992,0,0,2024,United States Grand Prix,0.0,20,0.0
SAI,44,0 days 00:01:38.450000,HARD,23.0,True,0 days 02:12:45.602000,29.0,2,46.4,0 days 00:00:26.361000,0 days 00:00:39.459000,0 days 00:00:32.630000,1,98.45,7965.602,7.829999999999927,True,False,False,23.0,0.0,0.0,26.361,39.459,32.63,0,0,0,0.0,97.9858,0.2018878401482054,2.299296478971874,0,0,98.223,98.28,0.05700000000000216,0.45999999999999375,0.22700000000000387,0.04700000000000178,0.0,0.27200000000000557,0.10512230971587559,0.04700000000000178,0,0,2024,United States Grand Prix,0.0,20,0.0
SAI,45,0 days 00:01:38.280000,HARD,24.0,True,0 days 02:14:23.882000,29.0,2,47.2,0 days 00:00:26.318000,0 days 00:00:39.267000,0 days 00:00:32.695000,1,98.28,8063.882,7.819000000000415,True,False,False,24.0,0.0,0.0,26.318,39.267,32.695,0,0,0,0.0,98.0608,0.292589644382228,0.7491721057415353,0,0,98.45,98.618,0.16799999999999216,0.6869999999999976,-0.1700000000000017,0.22133333333333383,0.0,0.3370000000000033,0.15229346670163205,0.22133333333333383,0,0,2024,United States Grand Prix,0.0,20,0.0
SAI,46,0 days 00:01:38.618000,HARD,25.0,True,0 days 02:16:02.500000,29.1,2,47.0,0 days 00:00:26.469000,0 days 00:00:39.456000,0 days 00:00:32.693000,1,98.618,8162.5,7.456000000000131,True,False,False,25.0,0.0,0.0,26.469,39.456,32.693,0,0,0,0.0,98.10040000000001,0.3091088804931422,1.674490875752988,0,0,98.28,98.883,0.6029999999999944,0.5169999999999959,0.33799999999999386,0.17233333333333198,0.0,0.13599999999999568,0.1777405412391916,0.17233333333333198,0,0,2024,United States Grand Prix,0.0,20,0.0
SAI,47,0 days 00:01:38.883000,HARD,26.0,True,0 days 02:17:41.383000,29.1,2,46.8,0 days 00:00:26.419000,0 days 00:00:39.703000,0 days 00:00:32.761000,1,98.883,8261.383,7.764000000001033,True,False,False,26.0,0.0,0.0,26.419,39.703,32.761,0,0,0,0.0,98.2668,0.3212517704227343,1.9181217248674964,0,0,98.618,98.13,-0.48799999999999955,0.8549999999999898,0.26500000000000057,0.13166666666666535,0.0,0.13100000000000023,0.1316537124429116,0.13166666666666535,0,0,2024,United States Grand Prix,0.0,20,0.0
SAI,48,0 days 00:01:38.130000,HARD,27.0,True,0 days 02:19:19.513000,29.1,2,46.8,0 days 00:00:26.421000,0 days 00:00:39.244000,0 days 00:00:32.465000,1,98.13,8359.513,8.205999999998312,True,False,False,27.0,0.0,0.0,26.421,39.244,32.465,0,0,0,0.0,98.4908,0.2682437324519688,-1.3450454059149424,0,0,98.883,98.584,-0.2989999999999924,0.6599999999999966,-0.7530000000000001,0.1443333333333309,0.0,-0.22799999999999443,0.08900280894443989,0.1443333333333309,0,0,2024,United States Grand Prix,0.0,20,0.0
SAI,49,0 days 00:01:38.584000,HARD,28.0,True,0 days 02:20:58.097000,29.0,2,46.7,0 days 00:00:26.387000,0 days 00:00:39.596000,0 days 00:00:32.601000,1,98.584,8458.097,8.219999999999345,True,False,False,28.0,0.0,0.0,26.387,39.596,32.601,0,0,0,0.0,98.4722,0.29349139680706454,0.3809310978662092,0,0,98.13,98.27,0.14000000000000057,0.0,0.45400000000000773,-0.0500000000000019,0.0,0.13599999999999568,0.21863965788483966,-0.0500000000000019,0,0,2024,United States Grand Prix,0.0,20,0.0
SAI,50,0 days 00:01:38.270000,HARD,29.0,True,0 days 02:22:36.367000,29.0,2,47.0,0 days 00:00:26.476000,0 days 00:00:39.475000,0 days 00:00:32.319000,1,98.27,8556.367,8.641999999999825,True,False,False,29.0,0.0,0.0,26.476,39.475,32.319,0,0,0,0.0,98.499,0.2970538671685071,-0.7709039514711868,0,0,98.584,98.501,-0.08299999999999841,0.45400000000000773,-0.31400000000000716,-0.011333333333330605,0.0,-0.1460000000000008,0.2044976772484209,-0.011333333333330605,0,0,2024,United States Grand Prix,0.0,20,0.0
SAI,51,0 days 00:01:38.501000,HARD,30.0,True,0 days 02:24:14.868000,29.3,2,46.7,0 days 00:00:26.279000,0 days 00:00:39.437000,0 days 00:00:32.785000,1,98.501,8654.868,9.245999999999185,True,False,False,30.0,0.0,0.0,26.279,39.437,32.785,0,0,0,0.0,98.497,0.29892473969172373,0.013381294583144989,0,0,98.27,98.088,-0.18200000000000216,0.14000000000000057,0.23100000000000875,-0.20433333333333317,0.0,0.465999999999994,0.1783849769459269,-0.20433333333333317,0,0,2024,United States Grand Prix,0.0,20,0.0
SAI,52,0 days 00:01:38.088000,HARD,31.0,True,0 days 02:25:52.956000,29.2,2,46.5,0 days 00:00:26.102000,0 days 00:00:39.615000,0 days 00:00:32.371000,1,98.088,8752.956,11.549999999999272,True,False,False,31.0,0.0,0.0,26.102,39.615,32.371,0,0,0,0.0,98.4736,0.2915738328447221,-1.3224780709500856,0,0,98.501,98.17,-0.33100000000000307,0.3710000000000093,-0.4130000000000109,0.12366666666666977,0.0,0.0519999999999996,0.2740149630950798,0.12366666666666977,0,0,2024,United States Grand Prix,0.0,20,0.0
SAI,53,0 days 00:01:38.170000,HARD,32.0,True,0 days 02:27:31.126000,29.2,2,46.4,0 days 00:00:26.323000,0 days 00:00:39.550000,0 days 00:00:32.297000,1,98.17,8851.126,11.726999999998952,True,False,False,32.0,0.0,0.0,26.323,39.55,32.297,0,0,0,0.0,98.31460000000001,0.22064405725000208,-0.655354156383062,0,0,98.088,98.2,0.11200000000000898,0.0,0.08200000000000784,-0.16533333333333644,0.0,-0.02200000000000557,0.2720183817318195,-0.16533333333333644,0,0,2024,United States Grand Prix,0.0,20,0.0
SAI,54,0 days 00:01:38.200000,HARD,33.0,True,0 days 02:29:09.326000,29.1,2,46.0,0 days 00:00:26.379000,0 days 00:00:39.379000,0 days 00:00:32.442000,1,98.2,8949.326,11.416000000001077,True,False,False,33.0,0.0,0.0,26.379,39.379,32.442,0,0,0,0.0,98.3226,0.2128656853505105,-0.575950040036349,0,0,98.17,99.009,0.8389999999999986,0.08200000000000784,0.030000000000001137,-0.03333333333333144,0.0,0.14500000000000313,0.23071454223780358,-0.03333333333333144,0,0,2024,United States Grand Prix,0.0,20,0.0
SAI,55,0 days 00:01:39.009000,HARD,34.0,True,0 days 02:30:48.335000,29.3,2,46.1,0 days 00:00:26.450000,0 days 00:00:39.749000,0 days 00:00:32.810000,1,99.009,9048.335,10.08600000000115,True,False,False,34.0,0.0,0.0,26.45,39.749,32.81,0,0,0,0.0,98.2458,0.15688913282866118,4.864581671399059,0,0,98.2,101.083,2.8829999999999956,0.11200000000000898,0.8089999999999975,-0.10033333333333398,0.0,0.5130000000000052,0.2311276703469306,-0.10033333333333398,0,0,2024,United States Grand Prix,0.0,20,0.0
STR,2,0 days 00:01:42.792000,HARD,3.0,True,0 days 01:00:42.543000,28.1,12,47.2,0 days 00:00:28.005000,0 days 00:00:40.326000,0 days 00:00:34.461000,12,102.792,3642.543,0.47100000000000364,True,False,False,3.0,0.0,0.0,28.005,40.326,34.461,0,0,1,0.0,98.91,1.2707393517160968,3.0549144439081677,0,0,102.792,107.096,4.304000000000002,4.704000000000008,0.0,0.9709999999999989,0.0,2.0189999999999984,0.4531482097504107,0.0,0,1,2024,United States Grand Prix,0.0,20,0.0
STR,6,0 days 00:01:47.096000,HARD,7.0,True,0 days 01:09:46.103000,28.1,18,47.4,0 days 00:00:28.514000,0 days 00:00:43.888000,0 days 00:00:34.694000,1,107.096,4186.103,0.3469999999997526,True,False,False,7.0,0.0,0.0,28.514,43.888,34.694,0,0,0,0.0,,,0.0,0,0,102.792,102.147,-0.644999999999996,0.0,4.304000000000002,0.0,0.0,0.0,0.0,0.0,0,1,2024,United States Grand Prix,0.0,20,0.0
STR,7,0 days 00:01:42.147000,HARD,8.0,True,0 days 01:11:28.250000,28.1,18,47.2,0 days 00:00:27.873000,0 days 00:00:40.345000,0 days 00:00:33.929000,1,102.147,4288.25,0.8270000000002256,True,False,False,8.0,0.0,0.0,27.873,40.345,33.929,0,0,0,0.0,,,0.0,0,0,107.096,101.873,-5.222999999999999,0.0,-4.948999999999998,2.152000000000001,0.0,-0.5319999999999965,0.0,0.0,0,1,2024,United States Grand Prix,0.0,20,0.0
STR,8,0 days 00:01:41.873000,HARD,9.0,True,0 days 01:13:10.123000,28.0,18,46.9,0 days 00:00:27.435000,0 days 00:00:40.617000,0 days 00:00:33.821000,1,101.873,4390.123,1.0979999999999563,True,False,False,9.0,0.0,0.0,27.435,40.617,33.821,0,0,0,0.0,104.01166666666667,2.690509307423658,-0.7948928705675363,0,0,102.147,101.972,-0.17500000000001137,0.0,-0.2740000000000009,-0.21499999999999866,0.0,-0.10800000000000409,1.3457950562152199,-0.322499999999998,0,0,2024,United States Grand Prix,0.0,20,0.0
STR,9,0 days 00:01:41.972000,HARD,10.0,True,0 days 01:14:52.095000,28.1,18,46.7,0 days 00:00:27.379000,0 days 00:00:40.473000,0 days 00:00:34.120000,1,101.972,4492.095,1.126999999999498,True,False,False,10.0,0.0,0.0,27.379,40.473,34.12,0,0,0,0.0,103.477,2.4432288745292223,-0.6159881359006953,0,0,101.873,101.813,-0.060000000000002274,0.0,0.09899999999998954,-0.3063333333333323,0.0,0.2989999999999995,1.139537735224243,-0.3063333333333323,0,0,2024,United States Grand Prix,0.0,20,0.0
STR,10,0 days 00:01:41.813000,HARD,11.0,True,0 days 01:16:33.908000,28.2,17,47.0,0 days 00:00:27.301000,0 days 00:00:40.516000,0 days 00:00:33.996000,12,101.813,4593.908,2.0499999999992724,True,False,False,11.0,0.0,0.0,27.301,40.516,33.996,0,0,1,0.0,103.176,2.220367199361404,-0.6138624279767823,0,0,101.972,102.777,0.8050000000000068,0.09899999999998954,-0.15899999999999181,-1.708000000000003,0.0,0.17500000000000426,0.9870806957893553,-1.708000000000003,0,0,2024,United States Grand Prix,0.0,20,0.0
STR,11,0 days 00:01:42.777000,HARD,12.0,True,0 days 01:18:16.685000,28.2,17,47.0,0 days 00:00:27.847000,0 days 00:00:40.883000,0 days 00:00:34.047000,1,102.777,4696.685,1.4919999999992797,True,False,False,12.0,0.0,0.0,27.847,40.883,34.047,0,0,0,0.0,102.9802,2.304275743048129,-0.08818389058385848,0,0,101.813,102.174,0.3610000000000042,0.0,0.9639999999999986,-0.1113333333333344,0.0,0.2259999999999991,0.31984480611696575,-0.1113333333333344,0,0,2024,United States Grand Prix,0.0,20,0.0
STR,12,0 days 00:01:42.174000,HARD,13.0,True,0 days 01:19:58.859000,28.1,17,47.1,0 days 00:00:27.514000,0 days 00:00:40.832000,0 days 00:00:33.828000,1,102.174,4798.859,1.2559999999994034,True,False,False,13.0,0.0,0.0,27.514,40.832,33.828,0,0,0,0.0,102.1164,0.39034446326292804,0.147561975180905,0,0,102.777,102.102,-0.6749999999999972,0.9639999999999986,-0.6029999999999944,0.3013333333333321,0.0,-0.16799999999999926,0.3409802047040256,0.3013333333333321,0,0,2024,United States Grand Prix,0.0,20,0.0
STR,13,0 days 00:01:42.102000,HARD,14.0,True,0 days 01:21:40.961000,28.1,17,47.4,0 days 00:00:27.361000,0 days 00:00:40.854000,0 days 00:00:33.887000,1,102.102,4900.961,1.61200000000008,True,False,False,14.0,0.0,0.0,27.361,40.854,33.887,0,0,0,0.0,102.1218,0.39105971411029206,-0.05063165364664771,0,0,102.174,102.062,-0.11200000000000898,0.3610000000000042,-0.07200000000000273,0.06733333333333746,0.0,0.0589999999999975,0.20918580257751757,0.06733333333333746,0,0,2024,United States Grand Prix,0.0,20,0.0
STR,14,0 days 00:01:42.062000,HARD,15.0,True,0 days 01:23:23.023000,28.4,17,47.4,0 days 00:00:27.499000,0 days 00:00:40.786000,0 days 00:00:33.777000,1,102.062,5003.023,1.7709999999997308,True,False,False,15.0,0.0,0.0,27.499,40.786,33.777,0,0,0,0.0,102.16760000000001,0.36732587711733966,-0.2874831493733193,0,0,102.102,102.348,0.2459999999999951,0.2890000000000015,-0.04000000000000625,0.09633333333333383,0.0,-0.05100000000000193,0.18231209504583007,0.09633333333333383,0,0,2024,United States Grand Prix,0.0,20,0.0
STR,15,0 days 00:01:42.348000,HARD,16.0,True,0 days 01:25:05.371000,28.4,17,47.5,0 days 00:00:27.424000,0 days 00:00:40.935000,0 days 00:00:33.989000,1,102.348,5105.371,1.6859999999996944,True,False,False,16.0,0.0,0.0,27.424,40.935,33.989,0,0,0,0.0,102.1856,0.357416144011462,0.4543723128376574,0,0,102.062,102.311,0.24900000000000944,0.24899999999999523,0.28600000000000136,-0.23833333333333448,0.0,0.2119999999999962,0.1615478257359101,-0.23833333333333448,0,0,2024,United States Grand Prix,0.0,20,0.0
STR,16,0 days 00:01:42.311000,HARD,17.0,True,0 days 01:26:47.682000,28.4,16,47.8,0 days 00:00:27.437000,0 days 00:00:41.075000,0 days 00:00:33.799000,1,102.311,5207.682,1.706000000000131,True,False,False,17.0,0.0,0.0,27.437,41.075,33.799,0,0,0,0.0,102.29260000000001,0.2920972440815238,0.06299272031085765,0,0,102.348,102.054,-0.29399999999999693,0.28600000000000136,-0.03699999999999193,0.05799999999999746,0.0,0.021999999999998465,0.1694617951043816,0.05799999999999746,0,0,2024,United States Grand Prix,0.0,20,0.0
STR,17,0 days 00:01:42.054000,HARD,18.0,True,0 days 01:28:29.736000,28.4,16,47.6,0 days 00:00:27.464000,0 days 00:00:40.881000,0 days 00:00:33.709000,1,102.054,5309.736,1.5360000000000582,True,False,False,18.0,0.0,0.0,27.464,40.881,33.709,0,0,0,0.0,102.1994,0.12604284985679667,-1.1535759479033598,0,0,102.311,101.869,-0.4420000000000073,0.24900000000000944,-0.257000000000005,0.06966666666666772,0.0,-0.06799999999999784,0.14021305217418004,0.06966666666666772,0,0,2024,United States Grand Prix,0.0,20,0.0
STR,18,0 days 00:01:41.869000,HARD,19.0,True,0 days 01:30:11.605000,28.3,15,47.6,0 days 00:00:27.463000,0 days 00:00:40.771000,0 days 00:00:33.635000,1,101.869,5411.605,1.191000000000713,True,False,False,19.0,0.0,0.0,27.463,40.771,33.635,0,0,0,0.0,102.1754,0.1424457791583291,-2.150993885606337,1,0,102.054,101.57,-0.48400000000000887,0.0,-0.18500000000000227,-0.0026666666666651886,0.0,-0.07400000000000517,0.1118914652688014,-0.0026666666666651886,0,0,2024,United States Grand Prix,0.0,20,0.0
STR,19,0 days 00:01:41.570000,HARD,20.0,True,0 days 01:31:53.175000,28.3,13,47.2,0 days 00:00:27.352000,0 days 00:00:40.579000,0 days 00:00:33.639000,1,101.57,5513.175,1.2219999999997526,True,False,False,20.0,0.0,0.0,27.352,40.579,33.639,0,0,0,0.0,102.1288,0.199247835621933,-2.8045474032667133,1,1,101.869,101.601,-0.2680000000000007,0.0,-0.2990000000000066,-0.1596666666666664,0.0,0.0040000000000048885,0.1202006655555599,-0.1596666666666664,0,0,2024,United States Grand Prix,0.0,20,0.0
STR,20,0 days 00:01:41.601000,HARD,21.0,True,0 days 01:33:34.776000,28.5,13,47.1,0 days 00:00:27.341000,0 days 00:00:40.414000,0 days 00:00:33.846000,1,101.601,5614.776,1.0320000000001528,True,False,False,21.0,0.0,0.0,27.341,40.414,33.846,0,0,0,0.0,102.0304,0.32333465635472725,-1.328035803031614,0,1,101.57,101.416,-0.15399999999999636,0.0,0.03100000000000591,-0.24700000000000463,0.0,0.21099999999999852,0.11586716532305222,-0.24700000000000463,0,0,2024,United States Grand Prix,0.0,20,0.0
STR,21,0 days 00:01:41.416000,HARD,22.0,True,0 days 01:35:16.192000,28.4,13,47.3,0 days 00:00:27.236000,0 days 00:00:40.373000,0 days 00:00:33.807000,1,101.416,5716.192,1.3090000000001965,True,False,False,22.0,0.0,0.0,27.236,40.373,33.807,0,0,0,0.0,101.881,0.312287527768939,-1.489012396114827,0,0,101.601,102.657,1.0559999999999974,0.03100000000000591,-0.18500000000000227,-0.151000000000001,0.0,0.17200000000000415,0.11545128842936202,-0.151000000000001,0,0,2024,United States Grand Prix,0.0,20,0.0
STR,22,0 days 00:01:42.657000,HARD,23.0,True,0 days 01:36:58.849000,28.4,14,47.4,0 days 00:00:27.319000,0 days 00:00:40.745000,0 days 00:00:34.593000,1,102.657,5818.849,1.587999999999738,True,False,False,23.0,0.0,0.0,27.319,40.745,34.593,0,0,0,0.0,101.702,0.2555454949711303,3.7371036421827246,0,0,101.416,102.237,0.820999999999998,0.0,1.2409999999999997,-0.151000000000001,0.0,0.9540000000000006,0.13436517405935214,-0.151000000000001,0,0,2024,United States Grand Prix,0.0,20,0.0
STR,23,0 days 00:01:42.237000,HARD,24.0,True,0 days 01:38:41.086000,28.5,14,47.8,0 days 00:00:27.310000,0 days 00:00:41.143000,0 days 00:00:33.784000,1,102.237,5921.086,1.23700000000008,True,False,False,24.0,0.0,0.0,27.31,41.143,33.784,0,0,0,0.0,101.8226,0.4941187104330647,0.8386648618037645,0,0,102.657,101.678,-0.9789999999999992,1.2409999999999997,-0.4200000000000017,0.36233333333333445,0.0,-0.02300000000000324,0.40885669861211776,0.36233333333333445,0,0,2024,United States Grand Prix,0.0,20,0.0
STR,24,0 days 00:01:41.678000,HARD,25.0,True,0 days 01:40:22.764000,28.5,14,47.8,0 days 00:00:27.396000,0 days 00:00:40.603000,0 days 00:00:33.679000,1,101.678,6022.764,0.9909999999999854,True,False,False,25.0,0.0,0.0,27.396,40.603,33.679,0,0,0,0.0,101.8962,0.5289382761722135,-0.41252450395356466,0,0,102.237,101.634,-0.6029999999999944,0.820999999999998,-0.5589999999999975,0.21199999999999855,0.0,-0.10499999999999687,0.39916826026125835,0.21199999999999855,0,1,2024,United States Grand Prix,0.0,20,0.0
STR,25,0 days 00:01:41.634000,HARD,26.0,True,0 days 01:42:04.398000,28.5,14,48.0,0 days 00:00:27.182000,0 days 00:00:40.788000,0 days 00:00:33.664000,1,101.634,6124.398,0.7749999999996362,True,False,False,26.0,0.0,0.0,27.182,40.788,33.664,0,0,0,0.0,101.91779999999999,0.5142895099066593,-0.5518292606269439,0,0,101.678,103.213,1.5349999999999966,0.26200000000000045,-0.04399999999999693,0.08733333333333348,0.0,-0.015000000000000568,0.41935629242924183,0.08733333333333348,0,1,2024,United States Grand Prix,0.0,20,0.0
STR,26,0 days 00:01:43.213000,HARD,27.0,True,0 days 01:43:47.611000,28.4,15,47.6,0 days 00:00:27.304000,0 days 00:00:40.726000,0 days 00:00:35.183000,1,103.213,6227.611,0.37300000000050204,True,False,False,27.0,0.0,0.0,27.304,40.726,35.183,0,0,0,0.0,101.92439999999999,0.5093960149039553,2.529662506768851,0,0,101.634,99.575,-2.0589999999999975,0.21800000000000352,1.5789999999999935,-0.3409999999999987,0.0,1.5189999999999984,0.43537948964093376,-0.3409999999999987,0,1,2024,United States Grand Prix,0.0,20,0.0
STR,29,0 days 00:01:39.575000,MEDIUM,2.0,True,0 days 01:49:12.616000,28.8,18,47.5,0 days 00:00:27.165000,0 days 00:00:39.523000,0 days 00:00:32.887000,1,99.575,6552.616,1.7470000000002983,False,True,False,2.0,0.0,0.0,27.165,39.523,32.887,0,0,0,0.0,102.2838,0.6697228531265932,-4.044658155763979,1,0,103.213,100.384,-2.8289999999999935,1.5789999999999935,-3.637999999999991,0.32533333333333303,0.0,-0.777000000000001,0.7320307370595849,0.32533333333333303,0,0,2024,United States Grand Prix,0.0,20,0.0
STR,30,0 days 00:01:40.384000,MEDIUM,3.0,True,0 days 01:50:53,28.9,18,47.7,0 days 00:00:27.232000,0 days 00:00:39.999000,0 days 00:00:33.153000,1,100.384,6653.0,2.8950000000004366,False,True,False,3.0,0.0,0.0,27.232,39.999,33.153,0,0,0,0.0,101.6674,1.3316051591969829,-0.9637992096500645,0,1,99.575,100.088,0.512999999999991,0.0,0.8089999999999975,-0.7009999999999982,0.0,0.26599999999999824,0.8442613339482029,-0.7009999999999982,0,0,2024,United States Grand Prix,0.0,20,0.0
STR,31,0 days 00:01:40.088000,MEDIUM,4.0,True,0 days 01:52:33.088000,28.8,18,47.4,0 days 00:00:27.056000,0 days 00:00:39.979000,0 days 00:00:33.053000,1,100.088,6753.088,4.3090000000001965,False,True,False,4.0,0.0,0.0,27.056,39.979,33.053,0,0,0,0.0,101.2968,1.3900214746542685,-0.8696268525640355,0,0,100.384,100.689,0.3049999999999926,0.8089999999999975,-0.2960000000000065,-0.4166666666666667,0.0,0.16599999999999682,0.8419304009239711,-0.4166666666666667,0,0,2024,United States Grand Prix,0.0,20,0.0
STR,32,0 days 00:01:40.689000,MEDIUM,5.0,True,0 days 01:54:13.777000,28.7,18,47.7,0 days 00:00:27.073000,0 days 00:00:40.162000,0 days 00:00:33.454000,1,100.689,6853.777,5.26299999999992,False,True,False,5.0,0.0,0.0,27.073,40.162,33.454,0,0,0,0.0,100.9788,1.4610700530775504,-0.19834777900593373,0,0,100.088,100.414,0.3260000000000076,0.512999999999991,0.6009999999999991,-1.0416666666666667,0.0,0.5670000000000002,0.827793875309548,-1.0416666666666667,0,0,2024,United States Grand Prix,0.0,20,0.0
STR,33,0 days 00:01:40.414000,MEDIUM,6.0,True,0 days 01:55:54.191000,28.8,18,47.4,0 days 00:00:27.165000,0 days 00:00:40.137000,0 days 00:00:33.112000,1,100.414,6954.191,5.979000000000269,False,True,False,6.0,0.0,0.0,27.165,40.137,33.112,0,0,0,0.0,100.7898,1.4155383075000267,-0.26548204171436107,0,0,100.689,100.404,-0.2849999999999966,1.11399999999999,-0.2749999999999915,0.37133333333333,0.0,0.059000000000004604,0.8253294493715827,0.37133333333333,0,0,2024,United States Grand Prix,0.0,20,0.0
STR,34,0 days 00:01:40.404000,MEDIUM,7.0,True,0 days 01:57:34.595000,28.8,17,47.1,0 days 00:00:27.053000,0 days 00:00:40.221000,0 days 00:00:33.130000,1,100.404,7054.595,6.961999999999534,False,True,False,7.0,0.0,0.0,27.053,40.221,33.13,0,0,0,0.0,100.22999999999999,0.4235097401478188,0.41085241614342777,0,0,100.414,100.399,-0.015000000000000568,0.8389999999999986,-0.010000000000005116,0.010000000000000378,0.0,0.07700000000000529,0.502796877476382,0.010000000000000378,0,0,2024,United States Grand Prix,0.0,20,0.0
STR,35,0 days 00:01:40.399000,MEDIUM,8.0,True,0 days 01:59:14.994000,28.8,17,47.0,0 days 00:00:27.129000,0 days 00:00:40.032000,0 days 00:00:33.238000,1,100.399,7154.994,8.162000000000262,False,True,False,8.0,0.0,0.0,27.129,40.032,33.238,0,0,0,0.0,100.3958,0.21286427600719193,0.015033053267701135,0,0,100.404,100.435,0.03100000000000591,0.3160000000000025,-0.0049999999999954525,0.10533333333333417,0.0,0.12599999999999767,0.20710263156222597,0.10533333333333417,0,0,2024,United States Grand Prix,0.0,20,0.0
STR,36,0 days 00:01:40.435000,MEDIUM,9.0,True,0 days 02:00:55.429000,28.9,17,47.2,0 days 00:00:26.991000,0 days 00:00:40.222000,0 days 00:00:33.222000,1,100.435,7255.429,7.44800000000032,False,True,False,9.0,0.0,0.0,26.991,40.222,33.222,0,0,0,0.0,100.3988,0.21276207368811248,0.17014310573544003,0,0,100.399,100.21,-0.18900000000000716,0.31100000000000705,0.036000000000001364,-0.09666666666666401,0.0,0.10999999999999943,0.20995594776047505,-0.09666666666666401,0,0,2024,United States Grand Prix,0.0,20,0.0
STR,37,0 days 00:01:40.210000,MEDIUM,10.0,True,0 days 02:02:35.639000,28.9,17,47.1,0 days 00:00:26.989000,0 days 00:00:40.025000,0 days 00:00:33.196000,1,100.21,7355.639,6.869999999999891,False,True,False,10.0,0.0,0.0,26.989,40.025,33.196,0,0,0,0.0,100.4682,0.12420024154590305,-2.078900948872747,1,0,100.435,100.025,-0.4099999999999966,0.036000000000001364,-0.22500000000000853,0.0070000000000002656,0.0,0.0659999999999954,0.21361811720919024,0.0070000000000002656,0,0,2024,United States Grand Prix,0.0,20,0.0
STR,38,0 days 00:01:40.025000,MEDIUM,11.0,True,0 days 02:04:15.664000,29.0,17,47.1,0 days 00:00:27.024000,0 days 00:00:39.904000,0 days 00:00:33.097000,1,100.025,7455.664,6.5349999999998545,False,True,False,11.0,0.0,0.0,27.024,39.904,33.097,0,0,0,0.0,100.3724,0.09182755577749495,-3.7831781218457943,1,1,100.21,100.038,-0.17199999999999704,0.0,-0.18499999999998806,-0.06466666666666754,0.0,-0.09899999999999665,0.029039628096787062,-0.06466666666666754,0,0,2024,United States Grand Prix,0.0,20,0.0
STR,39,0 days 00:01:40.038000,MEDIUM,12.0,True,0 days 02:05:55.702000,29.0,17,46.9,0 days 00:00:27.111000,0 days 00:00:39.901000,0 days 00:00:33.026000,1,100.038,7555.702,6.027999999999338,False,True,False,12.0,0.0,0.0,27.111,39.901,33.026,0,0,0,0.0,100.2946,0.1749437052313513,-1.4667575472959697,0,1,100.025,99.831,-0.19400000000000261,0.0,0.012999999999991019,-0.12466666666666508,0.0,-0.07099999999999795,0.08997499652681001,-0.12466666666666508,0,0,2024,United States Grand Prix,0.0,20,0.0
STR,40,0 days 00:01:39.831000,MEDIUM,13.0,True,0 days 02:07:35.533000,28.9,17,47.4,0 days 00:00:26.922000,0 days 00:00:39.909000,0 days 00:00:33,12,99.831,7655.533,5.862999999999374,False,True,False,13.0,0.0,0.0,26.922,39.909,33.0,0,0,1,0.0,100.22139999999999,0.19332951145668573,-2.0193502640048417,1,0,100.038,100.475,0.4369999999999976,0.012999999999991019,-0.20699999999999363,-0.1323333333333352,0.0,-0.026000000000003354,0.10450980815215027,-0.1323333333333352,0,0,2024,United States Grand Prix,0.0,20,0.0
STR,41,0 days 00:01:40.475000,MEDIUM,14.0,True,0 days 02:09:16.008000,28.9,17,47.4,0 days 00:00:27.474000,0 days 00:00:40.041000,0 days 00:00:32.960000,21,100.475,7756.008,4.793999999999869,False,True,False,14.0,0.0,0.0,27.474,40.041,32.96,0,0,1,0.0,100.1078,0.22685391775344804,1.6186628101308849,0,1,99.831,100.085,0.2539999999999907,0.0,0.6439999999999912,-0.12633333333333022,0.0,-0.03999999999999915,0.08929445671484547,-0.12633333333333022,0,0,2024,United States Grand Prix,0.0,20,0.0
STR,42,0 days 00:01:40.085000,MEDIUM,15.0,True,0 days 02:10:56.093000,29.0,17,46.4,0 days 00:00:26.957000,0 days 00:00:39.925000,0 days 00:00:33.203000,1,100.085,7856.093,3.949999999999818,False,True,False,15.0,0.0,0.0,26.957,39.925,33.203,0,0,0,0.0,100.11580000000001,0.2415092130749569,-0.12753136664171122,0,0,100.475,99.922,-0.5529999999999973,0.6439999999999912,-0.39000000000000057,0.14999999999999622,0.0,0.2430000000000021,0.06263784798346286,0.14999999999999622,0,0,2024,United States Grand Prix,0.0,20,0.0
STR,43,0 days 00:01:39.922000,MEDIUM,16.0,True,0 days 02:12:36.015000,29.0,17,46.4,0 days 00:00:26.926000,0 days 00:00:39.959000,0 days 00:00:33.037000,1,99.922,7956.015,3.3809999999994034,False,True,False,16.0,0.0,0.0,26.926,39.959,33.037,0,0,0,0.0,100.0908,0.235720597318282,-0.7161020374137357,0,0,100.085,100.001,-0.08399999999998897,0.2539999999999907,-0.1629999999999967,0.01566666666666568,0.0,0.07699999999999818,0.1379829699636873,0.01566666666666568,0,0,2024,United States Grand Prix,0.0,20,0.0
STR,44,0 days 00:01:40.001000,MEDIUM,17.0,True,0 days 02:14:16.016000,29.0,17,46.5,0 days 00:00:27.005000,0 days 00:00:39.809000,0 days 00:00:33.187000,1,100.001,8056.016,4.595000000000255,False,True,False,17.0,0.0,0.0,27.005,39.809,33.187,0,0,0,0.0,100.0702,0.2471329601653535,-0.2800112132096593,0,0,99.922,100.481,0.5589999999999975,0.09099999999999397,0.07900000000000773,0.030333333333331325,0.0,0.22699999999999676,0.12805975167865952,0.030333333333331325,0,0,2024,United States Grand Prix,0.0,20,0.0
STR,45,0 days 00:01:40.481000,MEDIUM,18.0,True,0 days 02:15:56.497000,29.1,16,47.0,0 days 00:00:27.107000,0 days 00:00:39.942000,0 days 00:00:33.432000,1,100.481,8156.497,3.2349999999996726,False,True,False,18.0,0.0,0.0,27.107,39.942,33.432,0,0,0,0.0,100.0628,0.24888591764117687,1.6802879165020697,0,0,100.001,101.173,1.171999999999997,0.1700000000000017,0.47999999999998977,-0.1579999999999965,0.0,0.3950000000000031,0.1346391473532119,-0.1579999999999965,0,0,2024,United States Grand Prix,0.0,20,0.0
STR,46,0 days 00:01:41.173000,MEDIUM,19.0,True,0 days 02:17:37.670000,29.1,16,46.8,0 days 00:00:26.929000,0 days 00:00:41.049000,0 days 00:00:33.195000,1,101.173,8257.67,4.635000000000218,False,True,False,19.0,0.0,0.0,26.929,41.049,33.195,0,0,0,0.0,100.1928,0.266663083309405,3.6757993938841755,0,0,100.481,99.524,-0.9569999999999936,0.5589999999999975,0.6920000000000073,0.13200000000000026,0.0,0.15800000000000125,0.16689158157318817,0.13200000000000026,0,0,2024,United States Grand Prix,0.0,20,0.0
STR,47,0 days 00:01:39.524000,MEDIUM,20.0,True,0 days 02:19:17.194000,29.1,16,46.8,0 days 00:00:26.879000,0 days 00:00:39.804000,0 days 00:00:32.841000,1,99.524,8357.194,4.663000000000466,False,True,False,20.0,0.0,0.0,26.879,39.804,32.841,0,0,0,0.0,100.33239999999999,0.5167570028553741,-1.5643716399257785,1,0,101.173,99.666,-1.507000000000005,1.2510000000000048,-1.649000000000001,0.4170000000000016,0.0,-0.34599999999999653,0.11778794505381344,0.4170000000000016,0,0,2024,United States Grand Prix,0.0,20,0.0
STR,48,0 days 00:01:39.666000,MEDIUM,21.0,True,0 days 02:20:56.860000,29.0,16,46.7,0 days 00:00:26.845000,0 days 00:00:39.924000,0 days 00:00:32.897000,1,99.666,8456.86,4.201999999999316,False,True,False,21.0,0.0,0.0,26.845,39.924,32.897,0,0,0,0.0,100.2202,0.6319633691916623,-0.8769495622964352,0,1,99.524,101.69,2.165999999999997,0.0,0.1419999999999959,-0.15900000000000128,0.0,0.055999999999997385,0.27655867370234355,-0.15900000000000128,0,0,2024,United States Grand Prix,0.0,20,0.0
STR,49,0 days 00:01:41.690000,MEDIUM,22.0,True,0 days 02:22:38.550000,29.0,16,47.0,0 days 00:00:28.644000,0 days 00:00:40.145000,0 days 00:00:32.901000,1,101.69,8558.55,2.0210000000006403,False,True,False,22.0,0.0,0.0,28.644,40.145,32.901,0,0,0,0.0,100.169,0.6713080514935622,2.26572584168475,0,0,99.666,99.759,0.09300000000000352,0.1419999999999959,2.024000000000001,-0.2716666666666659,0.0,0.060000000000002274,0.2771957791886438,-0.2716666666666659,0,0,2024,United States Grand Prix,0.0,20,0.0
STR,50,0 days 00:01:39.759000,MEDIUM,23.0,True,0 days 02:24:18.309000,29.3,16,46.4,0 days 00:00:26.799000,0 days 00:00:39.960000,0 days 00:00:33,1,99.759,8658.309,1.90099999999984,False,True,False,23.0,0.0,0.0,26.799,39.96,33.0,0,0,0,0.0,100.5068,0.9377220803628633,-0.7974644253984373,0,0,101.69,99.896,-1.793999999999997,2.165999999999997,-1.9309999999999974,0.17233333333333198,0.0,0.15899999999999892,0.2676635948350087,0.17233333333333198,0,0,2024,United States Grand Prix,0.0,20,0.0
STR,51,0 days 00:01:39.896000,MEDIUM,24.0,True,0 days 02:25:58.205000,29.2,16,46.5,0 days 00:00:26.791000,0 days 00:00:40.226000,0 days 00:00:32.879000,1,99.896,8758.205,1.7250000000003638,False,True,False,24.0,0.0,0.0,26.791,40.226,32.879,0,0,0,0.0,100.36240000000001,0.9964403143189582,-0.4680661684375746,0,0,99.759,99.448,-0.31100000000000705,0.23499999999999943,0.13700000000000045,0.07833333333333314,0.0,-0.018000000000000682,0.2092744609358705,0.07833333333333314,0,0,2024,United States Grand Prix,0.0,20,0.0
STR,52,0 days 00:01:39.448000,MEDIUM,25.0,True,0 days 02:27:37.653000,29.2,15,46.4,0 days 00:00:26.715000,0 days 00:00:39.892000,0 days 00:00:32.841000,1,99.448,8857.653,1.5560000000004948,False,True,False,25.0,0.0,0.0,26.715,39.892,32.841,0,0,0,0.0,100.107,0.8952491273383507,-0.7361079501515597,0,0,99.896,99.435,-0.4609999999999985,0.3719999999999999,-0.4480000000000075,0.07666666666666799,0.0,-0.0379999999999967,0.19395411828574077,0.07666666666666799,0,0,2024,United States Grand Prix,0.0,20,0.0
STR,53,0 days 00:01:39.435000,MEDIUM,26.0,True,0 days 02:29:17.088000,29.3,15,46.0,0 days 00:00:26.749000,0 days 00:00:39.723000,0 days 00:00:32.963000,1,99.435,8957.088,1.470999999999549,False,True,False,26.0,0.0,0.0,26.749,39.723,32.963,0,0,0,0.0,100.0918,0.9081741022513694,-0.723209347603937,0,0,99.448,99.214,-0.23399999999999466,0.0,-0.012999999999991019,-0.7473333333333348,0.0,0.12199999999999989,0.07777017423151128,-0.7473333333333348,0,0,2024,United States Grand Prix,0.0,20,0.0
STR,54,0 days 00:01:39.214000,MEDIUM,27.0,True,0 days 02:30:56.302000,29.3,15,46.1,0 days 00:00:26.765000,0 days 00:00:39.843000,0 days 00:00:32.606000,1,99.214,9056.302,1.3410000000003492,False,True,False,27.0,0.0,0.0,26.765,39.843,32.606,0,0,0,0.0,100.04560000000001,0.9405489354627339,-0.8841645220627207,0,0,99.435,101.498,2.0630000000000024,0.0,-0.22100000000000364,-0.10799999999999936,0.0,-0.23499999999999943,0.08556868586112333,-0.10799999999999936,0,0,2024,United States Grand Prix,0.0,20,0.0
TSU,2,0 days 00:01:42.114000,MEDIUM,2.0,True,0 days 01:00:38.958000,28.1,8,47.2,0 days 00:00:28.040000,0 days 00:00:40.230000,0 days 00:00:33.844000,12,102.114,3638.958,0.76299999999992,False,True,False,2.0,0.0,0.0,28.04,40.23,33.844,0,0,1,0.0,99.8982,0.9279990301719616,2.387718012581765,0,0,102.114,102.559,0.4449999999999932,2.9000000000000057,0.0,0.6833333333333371,0.0,1.2379999999999995,0.42649173497266935,0.0,0,1,2024,United States Grand Prix,0.0,20,0.0
TSU,6,0 days 00:01:42.559000,MEDIUM,6.0,True,0 days 01:09:39.868000,28.1,8,47.4,0 days 00:00:28.199000,0 days 00:00:40.514000,0 days 00:00:33.846000,1,102.559,4179.868,0.5689999999995052,False,True,False,6.0,0.0,0.0,28.199,40.514,33.846,0,0,0,0.0,,,0.0,0,0,102.114,101.731,-0.3830000000000098,0.0,0.4449999999999932,0.0,0.0,0.0,0.0,0.0,0,1,2024,United States Grand Prix,0.0,20,0.0
TSU,7,0 days 00:01:41.731000,MEDIUM,7.0,True,0 days 01:11:21.599000,28.1,8,47.2,0 days 00:00:27.741000,0 days 00:00:40.216000,0 days 00:00:33.774000,1,101.731,4281.599,0.5410000000001673,False,True,False,7.0,0.0,0.0,27.741,40.216,33.774,0,0,0,0.0,,,0.0,0,0,102.559,101.101,-1.4579999999999984,0.0,-0.828000000000003,0.2224999999999966,0.0,-0.07000000000000028,0.0,0.0,0,1,2024,United States Grand Prix,0.0,20,0.0
TSU,8,0 days 00:01:41.101000,MEDIUM,8.0,True,0 days 01:13:02.700000,28.0,8,46.9,0 days 00:00:27.225000,0 days 00:00:40.265000,0 days 00:00:33.611000,1,101.101,4382.7,0.5690000000004147,False,True,False,8.0,0.0,0.0,27.225,40.265,33.611,0,0,0,0.0,102.13466666666666,0.4143866954106188,-2.494449455338796,1,0,101.731,100.953,-0.7779999999999916,0.0,-0.6299999999999955,-0.12766666666666993,0.0,-0.1630000000000038,0.7357997916100093,-0.1915000000000049,0,1,2024,United States Grand Prix,0.0,20,0.0
TSU,9,0 days 00:01:40.953000,MEDIUM,9.0,True,0 days 01:14:43.653000,28.1,8,46.7,0 days 00:00:27.092000,0 days 00:00:40.258000,0 days 00:00:33.603000,1,100.953,4483.653,1.018000000000029,False,True,False,9.0,0.0,0.0,27.092,40.258,33.603,0,0,0,0.0,101.87625,0.6177331543635961,-1.4945773809909082,0,1,101.101,101.192,0.09099999999999397,0.0,-0.14799999999999613,-0.3376666666666684,0.0,-0.007999999999995566,0.6612127116140469,-0.3376666666666684,0,0,2024,United States Grand Prix,0.0,20,0.0
TSU,10,0 days 00:01:41.192000,MEDIUM,10.0,True,0 days 01:16:24.845000,28.2,8,47.0,0 days 00:00:27.197000,0 days 00:00:40.418000,0 days 00:00:33.577000,12,101.192,4584.845,0.9619999999995343,False,True,False,10.0,0.0,0.0,27.197,40.418,33.577,0,0,1,0.0,101.6916,0.675776442323936,-0.7392977450973583,0,0,100.953,101.613,0.6599999999999966,0.0,0.2389999999999901,-0.5353333333333316,0.0,-0.026000000000003354,0.5842463521495022,-0.5353333333333316,0,1,2024,United States Grand Prix,0.0,20,0.0
TSU,11,0 days 00:01:41.613000,MEDIUM,11.0,True,0 days 01:18:06.458000,28.2,8,47.0,0 days 00:00:27.417000,0 days 00:00:40.523000,0 days 00:00:33.673000,1,101.613,4686.458,0.8740000000007058,False,True,False,11.0,0.0,0.0,27.417,40.523,33.673,0,0,0,0.0,101.50719999999998,0.657239834459226,0.1609762440632773,0,0,101.192,101.513,0.32100000000001216,0.2389999999999901,0.4210000000000065,-0.17966666666666717,0.0,0.09600000000000364,0.06699104417756349,-0.17966666666666717,0,1,2024,United States Grand Prix,0.0,20,0.0
TSU,12,0 days 00:01:41.513000,MEDIUM,12.0,True,0 days 01:19:47.971000,28.1,8,47.1,0 days 00:00:27.410000,0 days 00:00:40.509000,0 days 00:00:33.594000,1,101.513,4787.971,0.8520000000007713,False,True,False,12.0,0.0,0.0,27.41,40.509,33.594,0,0,0,0.0,101.318,0.3368174579798149,0.578948612609307,0,0,101.613,101.223,-0.39000000000000057,0.6599999999999966,-0.09999999999999432,0.17066666666666683,0.0,0.017000000000003013,0.09430906637222387,0.17066666666666683,0,1,2024,United States Grand Prix,0.0,20,0.0
TSU,13,0 days 00:01:41.223000,MEDIUM,13.0,True,0 days 01:21:29.194000,28.1,8,47.4,0 days 00:00:27.141000,0 days 00:00:40.472000,0 days 00:00:33.610000,1,101.223,4889.194,0.8479999999999563,False,True,False,13.0,0.0,0.0,27.141,40.472,33.61,0,0,0,0.0,101.2744,0.27916625870614176,-0.18411967204856974,0,0,101.513,101.351,-0.16200000000000614,0.5600000000000023,-0.29000000000000625,0.18666666666666742,0.0,0.03300000000000125,0.0940781589955956,0.18666666666666742,0,1,2024,United States Grand Prix,0.0,20,0.0
TSU,14,0 days 00:01:41.351000,MEDIUM,14.0,True,0 days 01:23:10.545000,28.3,8,47.8,0 days 00:00:27.202000,0 days 00:00:40.575000,0 days 00:00:33.574000,1,101.351,4990.545,0.9279999999998836,False,True,False,14.0,0.0,0.0,27.202,40.575,33.574,0,0,0,0.0,101.2988,0.2652040723668947,0.19682955670372745,0,0,101.223,101.536,0.3130000000000024,0.269999999999996,0.1280000000000001,0.010333333333335304,0.0,-0.020000000000003126,0.04697126781342125,0.010333333333335304,0,1,2024,United States Grand Prix,0.0,20,0.0
TSU,15,0 days 00:01:41.536000,MEDIUM,15.0,True,0 days 01:24:52.081000,28.4,8,47.5,0 days 00:00:27.241000,0 days 00:00:40.783000,0 days 00:00:33.512000,1,101.536,5092.081,1.0029999999997017,False,True,False,15.0,0.0,0.0,27.241,40.783,33.512,0,0,0,0.0,101.37840000000001,0.1822081227607274,0.8649449739787156,0,0,101.351,101.684,0.3329999999999984,0.15900000000000603,0.18500000000000227,-0.08733333333333348,0.0,-0.06199999999999761,0.049168079075760915,-0.08733333333333348,0,0,2024,United States Grand Prix,0.0,20,0.0
TSU,16,0 days 00:01:41.684000,MEDIUM,16.0,True,0 days 01:26:33.765000,28.4,8,47.8,0 days 00:00:27.338000,0 days 00:00:40.830000,0 days 00:00:33.516000,1,101.684,5193.765,0.7869999999993524,False,True,False,16.0,0.0,0.0,27.338,40.83,33.516,0,0,0,0.0,101.4472,0.15749984126973024,1.5034935787298012,0,0,101.536,103.026,1.4899999999999949,0.3130000000000024,0.14799999999999613,0.007666666666665378,0.0,0.003999999999997783,0.059200506754588926,0.007666666666665378,0,1,2024,United States Grand Prix,0.0,20,0.0
TSU,17,0 days 00:01:43.026000,MEDIUM,17.0,True,0 days 01:28:16.791000,28.4,9,47.6,0 days 00:00:27.380000,0 days 00:00:41.096000,0 days 00:00:34.550000,1,103.026,5296.791,0.5090000000000146,False,True,False,17.0,0.0,0.0,27.38,41.096,34.55,0,0,0,0.0,101.4614,0.17804578062956267,8.787627510562938,0,0,101.684,101.198,-0.4860000000000042,0.4609999999999985,1.3419999999999987,0.15366666666666617,0.0,1.0379999999999967,0.037017563399013714,0.15366666666666617,0,1,2024,United States Grand Prix,0.0,20,0.0
TSU,20,0 days 00:01:41.198000,HARD,2.0,True,0 days 01:33:43.513000,28.5,17,47.1,0 days 00:00:27.545000,0 days 00:00:40.349000,0 days 00:00:33.304000,1,101.198,5623.513,4.703000000000429,True,False,False,2.0,0.0,0.0,27.545,40.349,33.304,0,0,0,0.0,101.764,0.7270278536617425,-0.7785121259787937,0,0,103.026,101.337,-1.688999999999993,1.8029999999999973,-1.828000000000003,0.5583333333333323,0.0,-0.2079999999999984,0.47052715118258454,0.5583333333333323,0,0,2024,United States Grand Prix,0.0,20,0.0
TSU,21,0 days 00:01:41.337000,HARD,3.0,True,0 days 01:35:24.850000,28.5,17,47.4,0 days 00:00:27.409000,0 days 00:00:40.412000,0 days 00:00:33.516000,1,101.337,5724.85,4.286000000000058,True,False,False,3.0,0.0,0.0,27.409,40.412,33.516,0,0,0,0.0,101.75899999999999,0.7317492740003249,-0.5767002646862831,0,0,101.198,101.005,-0.19299999999999784,0.0,0.13900000000001,-0.11266666666666936,0.0,0.2119999999999962,0.5029580499405477,-0.11266666666666936,0,0,2024,United States Grand Prix,0.0,20,0.0
TSU,22,0 days 00:01:41.005000,HARD,4.0,True,0 days 01:37:05.855000,28.4,17,47.4,0 days 00:00:27.325000,0 days 00:00:40.372000,0 days 00:00:33.308000,1,101.005,5825.855,4.279000000000451,True,False,False,4.0,0.0,0.0,27.325,40.372,33.308,0,0,0,0.0,101.75619999999999,0.7337248803195938,-1.0238169921030777,0,0,101.337,101.365,0.027999999999991587,0.13900000000001,-0.33200000000000784,-0.11566666666666474,0.0,0.003999999999997783,0.49392833488270155,-0.11566666666666474,0,0,2024,United States Grand Prix,0.0,20,0.0
TSU,23,0 days 00:01:41.365000,HARD,5.0,True,0 days 01:38:47.220000,28.5,17,47.8,0 days 00:00:27.210000,0 days 00:00:40.624000,0 days 00:00:33.531000,1,101.365,5927.22,4.05199999999968,True,False,False,5.0,0.0,0.0,27.21,40.624,33.531,0,0,0,0.0,101.65,0.8082125339290411,-0.3526300175209025,0,0,101.005,101.205,0.20000000000000284,0.0,0.35999999999999943,-0.673666666666667,0.0,0.22699999999999676,0.4861028697714083,-0.673666666666667,0,0,2024,United States Grand Prix,0.0,20,0.0
TSU,24,0 days 00:01:41.205000,HARD,6.0,True,0 days 01:40:28.425000,28.5,17,47.8,0 days 00:00:27.168000,0 days 00:00:40.492000,0 days 00:00:33.545000,1,101.205,6028.425,3.993999999999687,True,False,False,6.0,0.0,0.0,27.168,40.492,33.545,0,0,0,0.0,101.58619999999999,0.8173962931161366,-0.46635885580879594,0,0,101.365,101.073,-0.2920000000000016,0.35999999999999943,-0.1599999999999966,0.0556666666666672,0.0,0.23700000000000188,0.47251751290295974,0.0556666666666672,0,0,2024,United States Grand Prix,0.0,20,0.0
TSU,25,0 days 00:01:41.073000,HARD,7.0,True,0 days 01:42:09.498000,28.5,17,48.0,0 days 00:00:27.277000,0 days 00:00:40.492000,0 days 00:00:33.304000,1,101.073,6129.498,3.8300000000008367,True,False,False,7.0,0.0,0.0,27.277,40.492,33.304,0,0,0,0.0,101.222,0.14285307137054298,-1.043029726770897,0,0,101.205,100.927,-0.2779999999999916,0.20000000000000284,-0.132000000000005,-0.04400000000000167,0.0,-0.003999999999997783,0.19452840409564753,-0.04400000000000167,0,0,2024,United States Grand Prix,0.0,20,0.0
TSU,26,0 days 00:01:40.927000,HARD,8.0,True,0 days 01:43:50.425000,28.4,17,47.6,0 days 00:00:27.148000,0 days 00:00:40.263000,0 days 00:00:33.516000,1,100.927,6230.425,3.742000000000189,True,False,False,8.0,0.0,0.0,27.148,40.263,33.516,0,0,0,0.0,101.197,0.15821504353252028,-1.7065381013816106,1,0,101.073,101.246,0.17300000000000182,0.06799999999999784,-0.14599999999998658,0.022666666666665947,0.0,0.2119999999999962,0.1237727756818913,0.022666666666665947,0,0,2024,United States Grand Prix,0.0,20,0.0
TSU,27,0 days 00:01:41.246000,HARD,9.0,True,0 days 01:45:31.671000,28.5,16,47.5,0 days 00:00:27.129000,0 days 00:00:40.563000,0 days 00:00:33.554000,1,101.246,6331.671,3.3649999999997817,True,False,False,9.0,0.0,0.0,27.129,40.563,33.554,0,0,0,0.0,101.115,0.1730664612222508,0.756934642765769,0,1,100.927,101.467,0.539999999999992,0.0,0.3189999999999884,-0.14599999999999605,0.0,0.25,0.1237727756818913,-0.14599999999999605,0,0,2024,United States Grand Prix,0.0,20,0.0
TSU,28,0 days 00:01:41.467000,HARD,10.0,True,0 days 01:47:13.138000,28.6,14,47.5,0 days 00:00:27.316000,0 days 00:00:40.188000,0 days 00:00:33.963000,1,101.467,6433.138,0.8680000000003929,True,False,False,10.0,0.0,0.0,27.316,40.188,33.963,0,0,0,0.0,101.1632,0.16826526676647813,1.8054825326584782,0,0,101.246,100.793,-0.45299999999998875,0.3189999999999884,0.22100000000000364,0.013666666666665606,0.0,0.6589999999999989,0.1062322926421138,0.013666666666665606,0,1,2024,United States Grand Prix,0.0,20,0.0
TSU,29,0 days 00:01:40.793000,HARD,11.0,True,0 days 01:48:53.931000,28.8,14,47.5,0 days 00:00:27.221000,0 days 00:00:40.233000,0 days 00:00:33.339000,1,100.793,6533.931,1.36200000000008,True,False,False,11.0,0.0,0.0,27.221,40.233,33.339,0,0,0,0.0,101.1836,0.20170721355468194,-1.9364701594774751,1,0,101.467,100.706,-0.7609999999999957,0.539999999999992,-0.6739999999999924,0.13133333333333516,0.0,-0.1769999999999996,0.24044063716435196,0.13133333333333516,0,0,2024,United States Grand Prix,0.0,20,0.0
TSU,30,0 days 00:01:40.706000,HARD,12.0,True,0 days 01:50:34.637000,28.9,14,47.7,0 days 00:00:27.087000,0 days 00:00:40.289000,0 days 00:00:33.330000,1,100.706,6634.637,2.3070000000006985,True,False,False,12.0,0.0,0.0,27.087,40.289,33.33,0,0,0,0.0,101.1012,0.26500226414125494,-1.4913080130868166,0,1,100.793,100.793,0.0,0.0,-0.0870000000000033,-0.04466666666666678,0.0,-0.009000000000000341,0.31478167036852606,-0.04466666666666678,0,0,2024,United States Grand Prix,0.0,20,0.0
TSU,31,0 days 00:01:40.793000,HARD,13.0,True,0 days 01:52:15.430000,28.9,14,47.7,0 days 00:00:27.135000,0 days 00:00:40.379000,0 days 00:00:33.279000,1,100.793,6735.43,3.1489999999994325,True,False,False,13.0,0.0,0.0,27.135,40.379,33.279,0,0,0,0.0,101.0278,0.31990420441124345,-0.7339697220676492,0,0,100.706,100.466,-0.2400000000000091,0.0,0.0870000000000033,-0.17999999999999736,0.0,-0.05099999999999483,0.3155511052111839,-0.17999999999999736,0,0,2024,United States Grand Prix,0.0,20,0.0
TSU,32,0 days 00:01:40.466000,HARD,14.0,True,0 days 01:53:55.896000,28.7,13,47.7,0 days 00:00:27.005000,0 days 00:00:40.369000,0 days 00:00:33.092000,1,100.466,6835.896,3.980000000000473,True,False,False,14.0,0.0,0.0,27.005,40.369,33.092,0,0,0,0.0,101.001,0.335683630819244,-1.5937625516452214,1,0,100.793,100.302,-0.49099999999999966,0.0870000000000033,-0.3270000000000124,-0.22466666666666413,0.0,-0.18700000000000472,0.33184152844392334,-0.22466666666666413,0,0,2024,United States Grand Prix,0.0,20,0.0
TSU,33,0 days 00:01:40.302000,HARD,15.0,True,0 days 01:55:36.198000,28.8,13,47.4,0 days 00:00:26.844000,0 days 00:00:40.422000,0 days 00:00:33.036000,1,100.302,6936.198,5.434999999999491,True,False,False,15.0,0.0,0.0,26.844,40.422,33.036,0,0,0,0.0,100.845,0.3725768377126969,-1.4574174909356892,0,1,100.466,100.139,-0.3269999999999982,0.0,-0.16399999999998727,-0.10900000000000414,0.0,-0.055999999999997385,0.3507905357902347,-0.10900000000000414,0,0,2024,United States Grand Prix,0.0,20,0.0
TSU,34,0 days 00:01:40.139000,HARD,16.0,True,0 days 01:57:16.337000,28.8,13,47.1,0 days 00:00:26.879000,0 days 00:00:40.316000,0 days 00:00:32.944000,1,100.139,7036.337,6.26299999999992,True,False,False,16.0,0.0,0.0,26.879,40.316,32.944,0,0,0,0.0,100.612,0.21896004201678157,-2.16021149632291,1,0,100.302,99.787,-0.5150000000000006,0.0,-0.16300000000001091,-0.13466666666666546,0.0,-0.09199999999999875,0.0806783738061221,-0.13466666666666546,0,0,2024,United States Grand Prix,0.0,20,0.0
TSU,35,0 days 00:01:39.787000,HARD,17.0,True,0 days 01:58:56.124000,28.8,13,47.0,0 days 00:00:26.845000,0 days 00:00:39.962000,0 days 00:00:32.980000,1,99.787,7136.124,7.707000000000335,True,False,False,17.0,0.0,0.0,26.845,39.962,32.98,0,0,0,0.0,100.4812,0.2725797131115726,-2.5467779391045307,1,1,100.139,99.923,-0.21599999999999397,0.0,-0.35199999999998965,-0.21800000000000352,0.0,0.03599999999999426,0.06716770057103601,-0.21800000000000352,0,0,2024,United States Grand Prix,0.0,20,0.0
TSU,36,0 days 00:01:39.923000,HARD,18.0,True,0 days 02:00:36.047000,28.9,13,47.2,0 days 00:00:26.755000,0 days 00:00:40.156000,0 days 00:00:33.012000,1,99.923,7236.047,7.997000000000298,True,False,False,18.0,0.0,0.0,26.755,40.156,33.012,0,0,0,0.0,100.29740000000001,0.37405387312522,-1.0009253396359636,0,1,99.787,101.002,1.2149999999999892,0.0,0.13599999999999568,-0.22633333333332928,0.0,0.06799999999999784,0.08056984547583568,-0.22633333333332928,0,0,2024,United States Grand Prix,0.0,20,0.0
TSU,37,0 days 00:01:41.002000,HARD,19.0,True,0 days 02:02:17.049000,28.9,13,47.1,0 days 00:00:27.535000,0 days 00:00:40.310000,0 days 00:00:33.157000,1,101.002,7337.049,7.605000000000473,True,False,False,19.0,0.0,0.0,27.535,40.31,33.157,0,0,0,0.0,100.12339999999999,0.2751550472006058,3.1931087906210553,0,0,99.923,99.855,-0.06799999999999784,0.13599999999999568,1.0789999999999935,-0.12633333333333496,0.0,0.21299999999999386,0.10224578230910036,-0.12633333333333496,0,0,2024,United States Grand Prix,0.0,20,0.0
TSU,38,0 days 00:01:39.855000,HARD,20.0,True,0 days 02:03:56.904000,29.0,13,47.1,0 days 00:00:26.713000,0 days 00:00:39.956000,0 days 00:00:33.186000,1,99.855,7436.904,7.889999999999418,True,False,False,20.0,0.0,0.0,26.713,39.956,33.186,0,0,0,0.0,100.23060000000001,0.47432720773741344,-0.7918584341633151,0,0,101.002,99.614,-1.387999999999991,1.2149999999999892,-1.1469999999999914,0.2876666666666665,0.0,0.20600000000000307,0.11955835395320233,0.2876666666666665,0,0,2024,United States Grand Prix,0.0,20,0.0
TSU,39,0 days 00:01:39.614000,HARD,21.0,True,0 days 02:05:36.518000,29.0,12,46.9,0 days 00:00:26.684000,0 days 00:00:39.881000,0 days 00:00:33.049000,1,99.614,7536.518,8.354999999999563,True,False,False,21.0,0.0,0.0,26.684,39.881,33.049,0,0,0,0.0,100.1412,0.4989891782393342,-1.0565359390361935,0,0,99.855,99.845,-0.010000000000005116,0.06799999999999784,-0.24099999999999966,0.022666666666665947,0.0,0.036999999999999034,0.12751156810266212,0.022666666666665947,0,0,2024,United States Grand Prix,0.0,20,0.0
TSU,40,0 days 00:01:39.845000,HARD,22.0,True,0 days 02:07:16.363000,28.9,11,47.3,0 days 00:00:26.733000,0 days 00:00:39.870000,0 days 00:00:33.242000,1,99.845,7636.363,3.78899999999976,True,False,False,22.0,0.0,0.0,26.733,39.87,33.242,0,0,0,0.0,100.0362,0.5519897643978188,-0.3463832344945389,0,0,99.614,112.718,13.104,0.0,0.23099999999999454,-0.10299999999999916,0.0,0.19299999999999784,0.08996388164146836,-0.10299999999999916,0,0,2024,United States Grand Prix,0.0,20,0.0
TSU,41,0 days 00:01:52.718000,HARD,23.0,True,0 days 02:09:09.081000,28.9,14,47.4,0 days 00:00:39.567000,0 days 00:00:40.361000,0 days 00:00:32.790000,12,112.718,7749.081,1.5789999999997235,True,False,False,23.0,0.0,0.0,39.567,40.361,32.79,0,0,1,0.0,100.04780000000001,0.546020787150051,23.204611066424693,0,0,99.845,99.212,-0.6329999999999956,0.23099999999999454,12.873000000000005,-0.3856666666666655,0.0,-0.25900000000000034,0.08400773773885326,-0.3856666666666655,0,0,2024,United States Grand Prix,0.0,20,0.0
TSU,42,0 days 00:01:39.212000,HARD,24.0,True,0 days 02:10:48.293000,29.0,14,46.4,0 days 00:00:26.580000,0 days 00:00:39.721000,0 days 00:00:32.911000,1,99.212,7848.293,3.610000000000582,True,False,False,24.0,0.0,0.0,26.58,39.721,32.911,0,0,0,0.0,102.60679999999999,5.678215890576908,-0.5978638476275119,0,0,112.718,99.361,-13.357,13.104,-13.506,4.2876666666666665,0.0,0.12100000000000222,0.20191830030980285,4.2876666666666665,0,0,2024,United States Grand Prix,0.0,20,0.0
TSU,43,0 days 00:01:39.361000,HARD,25.0,True,0 days 02:12:27.654000,29.0,14,46.4,0 days 00:00:26.500000,0 days 00:00:39.840000,0 days 00:00:33.021000,1,99.361,7947.654,4.944999999999709,True,False,False,25.0,0.0,0.0,26.5,39.84,33.021,0,0,0,0.0,102.2488,5.858263539650643,-0.49294470630322856,0,0,99.212,99.379,0.1670000000000016,0.0,0.1490000000000009,-0.13400000000000034,0.0,0.23100000000000165,0.19040430667398311,-0.13400000000000034,0,0,2024,United States Grand Prix,0.0,20,0.0
TSU,44,0 days 00:01:39.379000,HARD,26.0,True,0 days 02:14:07.033000,29.0,14,46.5,0 days 00:00:26.596000,0 days 00:00:39.844000,0 days 00:00:32.939000,1,99.379,8047.033,7.282999999999447,True,False,False,26.0,0.0,0.0,26.596,39.844,32.939,0,0,0,0.0,102.15,5.912641330234744,-0.46865687350766233,0,0,99.361,99.711,0.3499999999999943,0.1490000000000009,0.018000000000000682,-0.16133333333333155,0.0,0.1490000000000009,0.19547071391899126,-0.16133333333333155,0,0,2024,United States Grand Prix,0.0,20,0.0
TSU,45,0 days 00:01:39.711000,HARD,27.0,True,0 days 02:15:46.744000,29.1,14,47.0,0 days 00:00:26.616000,0 days 00:00:40.066000,0 days 00:00:33.029000,1,99.711,8146.744,7.833000000000538,True,False,False,27.0,0.0,0.0,26.616,40.066,33.029,0,0,0,0.0,102.10300000000001,5.938716401715111,-0.40278064116838386,0,0,99.379,99.778,0.3990000000000009,0.1670000000000016,0.33199999999999363,-4.446333333333333,0.0,0.1180000000000021,0.19791917542269652,-4.446333333333333,0,0,2024,United States Grand Prix,0.0,20,0.0
TSU,46,0 days 00:01:39.778000,HARD,28.0,True,0 days 02:17:26.522000,29.1,14,46.8,0 days 00:00:26.672000,0 days 00:00:40.131000,0 days 00:00:32.975000,1,99.778,8246.522,7.807999999999083,True,False,False,28.0,0.0,0.0,26.672,40.131,32.975,0,0,0,0.0,102.0762,5.951741736668358,-0.38613906679466764,0,0,99.711,99.631,-0.0799999999999983,0.4989999999999952,0.06700000000000728,0.16633333333333175,0.0,0.036000000000001364,0.1905833151144148,0.16633333333333175,0,0,2024,United States Grand Prix,0.0,20,0.0
TSU,47,0 days 00:01:39.631000,HARD,29.0,True,0 days 02:19:06.153000,29.1,14,46.7,0 days 00:00:26.643000,0 days 00:00:39.909000,0 days 00:00:33.079000,1,99.631,8346.153,7.772999999999229,True,False,False,29.0,0.0,0.0,26.643,39.909,33.079,0,0,0,0.0,99.4882,0.2439338024955742,0.5854047226709588,0,0,99.778,99.697,-0.08100000000000307,0.5660000000000025,-0.14700000000000557,0.13900000000000054,0.0,0.14000000000000057,0.07003213548079192,0.13900000000000054,0,0,2024,United States Grand Prix,0.0,20,0.0
TSU,48,0 days 00:01:39.697000,HARD,30.0,True,0 days 02:20:45.850000,29.0,14,46.7,0 days 00:00:26.560000,0 days 00:00:40.065000,0 days 00:00:33.072000,1,99.697,8445.85,8.97400000000016,True,False,False,30.0,0.0,0.0,26.56,40.065,33.072,0,0,0,0.0,99.572,0.19170811146103184,0.6520329215459855,0,0,99.631,99.476,-0.15500000000000114,0.269999999999996,0.0660000000000025,0.08399999999999845,0.0,0.09700000000000131,0.06986916344139232,0.08399999999999845,0,0,2024,United States Grand Prix,0.0,20,0.0
TSU,49,0 days 00:01:39.476000,HARD,31.0,True,0 days 02:22:25.326000,29.0,14,47.0,0 days 00:00:26.526000,0 days 00:00:40.087000,0 days 00:00:32.863000,1,99.476,8545.326,9.153000000000247,True,False,False,31.0,0.0,0.0,26.526,40.087,32.863,0,0,0,0.0,99.6392,0.15454190370239598,-1.0560242632592414,0,0,99.697,99.863,0.16599999999999682,0.31799999999999784,-0.22100000000000364,-0.0046666666666652645,0.0,-0.11200000000000188,0.04502776920967745,-0.0046666666666652645,0,0,2024,United States Grand Prix,0.0,20,0.0
TSU,50,0 days 00:01:39.863000,HARD,32.0,True,0 days 02:24:05.189000,29.3,14,46.7,0 days 00:00:26.553000,0 days 00:00:40.162000,0 days 00:00:33.148000,1,99.863,8645.189,8.862999999999374,True,False,False,32.0,0.0,0.0,26.553,40.162,33.148,0,0,0,0.0,99.6586,0.11465295460633732,1.7827713267556264,0,0,99.476,99.521,0.045000000000001705,0.0,0.38700000000000045,-0.1006666666666689,0.0,0.2850000000000037,0.10149482745440902,-0.1006666666666689,0,0,2024,United States Grand Prix,0.0,20,0.0
TSU,51,0 days 00:01:39.521000,HARD,33.0,True,0 days 02:25:44.710000,29.2,14,46.5,0 days 00:00:26.523000,0 days 00:00:40.071000,0 days 00:00:32.927000,1,99.521,8744.71,13.4950000000008,True,False,False,33.0,0.0,0.0,26.523,40.071,32.927,0,0,0,0.0,99.689,0.1474737264734453,-1.1391859690359345,0,0,99.863,99.657,-0.20600000000000307,0.38700000000000045,-0.34199999999999875,0.0773333333333331,0.0,0.06400000000000006,0.1451643895726515,0.0773333333333331,0,0,2024,United States Grand Prix,0.0,20,0.0
TSU,52,0 days 00:01:39.657000,HARD,34.0,True,0 days 02:27:24.367000,29.2,14,46.4,0 days 00:00:26.508000,0 days 00:00:39.950000,0 days 00:00:33.199000,1,99.657,8844.367,13.286000000000058,True,False,False,34.0,0.0,0.0,26.508,39.95,33.199,0,0,0,0.0,99.63759999999999,0.1533681844450202,0.1264929885569525,0,0,99.521,101.114,1.5930000000000035,0.045000000000001705,0.13599999999999568,-0.05866666666666731,0.0,0.3359999999999985,0.1431247707421764,-0.05866666666666731,0,0,2024,United States Grand Prix,0.0,20,0.0
TSU,53,0 days 00:01:41.114000,HARD,35.0,True,0 days 02:29:05.481000,29.1,14,46.0,0 days 00:00:28.276000,0 days 00:00:39.747000,0 days 00:00:33.091000,1,101.114,8945.481,11.606999999999971,True,False,False,35.0,0.0,0.0,28.276,39.747,33.091,0,0,0,0.0,99.6428,0.15352915032645095,9.582545053312542,0,0,99.657,99.193,-0.46399999999999864,0.18099999999999739,1.4570000000000078,0.06033333333333246,0.0,0.16400000000000148,0.1805477776102501,0.06033333333333246,0,0,2024,United States Grand Prix,0.0,20,0.0
TSU,54,0 days 00:01:39.193000,HARD,36.0,True,0 days 02:30:44.674000,29.3,14,46.1,0 days 00:00:26.507000,0 days 00:00:39.734000,0 days 00:00:32.952000,1,99.193,9044.674,11.627999999998792,True,False,False,36.0,0.0,0.0,26.507,39.734,32.952,0,0,0,0.0,99.9262,0.6808448428239581,-1.076897339721167,0,0,101.114,99.379,-1.7349999999999994,1.6380000000000052,-1.9210000000000065,0.4170000000000016,0.0,0.02499999999999858,0.1795989977700331,0.4170000000000016,0,0,2024,United States Grand Prix,0.0,20,0.0
VER,2,0 days 00:01:39.991000,MEDIUM,2.0,True,0 days 01:00:32.879000,28.1,2,47.2,0 days 00:00:26.845000,0 days 00:00:39.996000,0 days 00:00:33.150000,1,99.991,3632.879,0.5480000000002292,False,True,False,2.0,0.0,0.0,26.845,39.996,33.15,0,0,0,0.0,99.77279999999999,0.7692328646125118,0.28365922731333737,0,0,99.991,99.779,-0.2120000000000033,0.7980000000000018,0.0,-0.09266666666666386,0.0,0.1980000000000004,0.12180845619249886,0.0,0,1,2024,United States Grand Prix,0.0,20,0.0
VER,6,0 days 00:01:39.779000,MEDIUM,6.0,True,0 days 01:09:34.592000,28.1,2,47.4,0 days 00:00:27.069000,0 days 00:00:39.822000,0 days 00:00:32.888000,1,99.779,4174.592,0.7550000000001091,False,True,False,6.0,0.0,0.0,27.069,39.822,32.888,0,0,0,0.0,,,0.0,0,0,99.991,99.731,-0.2600000000000051,0.0,-0.2120000000000033,0.0,0.0,0.0,0.0,0.0,0,1,2024,United States Grand Prix,0.0,20,0.0
VER,7,0 days 00:01:39.731000,MEDIUM,7.0,True,0 days 01:11:14.323000,28.1,2,47.2,0 days 00:00:26.838000,0 days 00:00:39.793000,0 days 00:00:33.100000,1,99.731,4274.323,0.7079999999996289,False,True,False,7.0,0.0,0.0,26.838,39.793,33.1,0,0,0,0.0,,,0.0,0,0,99.779,100.082,0.30299999999999727,0.0,-0.04800000000000182,-0.10600000000000165,0.0,0.2120000000000033,0.0,0.0,0,1,2024,United States Grand Prix,0.0,20,0.0
VER,8,0 days 00:01:40.082000,MEDIUM,8.0,True,0 days 01:12:54.405000,28.0,2,46.9,0 days 00:00:26.809000,0 days 00:00:39.973000,0 days 00:00:33.300000,1,100.082,4374.405,1.5700000000006185,False,True,False,8.0,0.0,0.0,26.809,39.973,33.3,0,0,0,0.0,99.83366666666666,0.1383522075477387,1.794935821661154,0,0,99.731,100.032,0.30100000000000193,0.0,0.3509999999999991,-0.08666666666666838,0.0,0.41199999999999903,0.11856362567555703,-0.13000000000000256,0,0,2024,United States Grand Prix,0.0,20,0.0
VER,9,0 days 00:01:40.032000,MEDIUM,9.0,True,0 days 01:14:34.437000,28.1,2,46.7,0 days 00:00:26.901000,0 days 00:00:39.932000,0 days 00:00:33.199000,1,100.032,4474.437,1.5600000000004002,False,True,False,9.0,0.0,0.0,26.901,39.932,33.199,0,0,0,0.0,99.89574999999999,0.16786378406314947,0.811670014234562,0,0,100.082,99.97,-0.11199999999999477,0.3509999999999991,-0.04999999999999716,0.030333333333331325,0.0,0.31099999999999994,0.168296365577711,0.030333333333331325,0,0,2024,United States Grand Prix,0.0,20,0.0
VER,10,0 days 00:01:39.970000,MEDIUM,10.0,True,0 days 01:16:14.407000,28.1,2,46.7,0 days 00:00:26.919000,0 days 00:00:39.916000,0 days 00:00:33.135000,12,99.97,4574.407,1.4769999999998618,False,True,False,10.0,0.0,0.0,26.919,39.916,33.135,0,0,1,0.0,99.923,0.15762772598753103,0.29817089414659786,0,0,100.032,100.246,0.21399999999999864,0.30100000000000193,-0.06199999999999761,0.08433333333333337,0.0,0.03499999999999659,0.1531953001890067,0.08433333333333337,0,0,2024,United States Grand Prix,0.0,20,0.0
VER,11,0 days 00:01:40.246000,MEDIUM,11.0,True,0 days 01:17:54.653000,28.2,2,47.0,0 days 00:00:26.971000,0 days 00:00:40.034000,0 days 00:00:33.241000,1,100.246,4674.653,1.582999999999629,False,True,False,11.0,0.0,0.0,26.971,40.034,33.241,0,0,0,0.0,99.9188,0.15563000995951962,2.1024222775870633,0,0,99.97,100.182,0.2120000000000033,0.23900000000000432,0.27599999999999625,0.0796666666666681,0.0,0.10600000000000165,0.17639019247112406,0.0796666666666681,0,0,2024,United States Grand Prix,0.0,20,0.0
VER,12,0 days 00:01:40.182000,MEDIUM,12.0,True,0 days 01:19:34.835000,28.1,2,47.1,0 days 00:00:26.876000,0 days 00:00:40.067000,0 days 00:00:33.239000,1,100.182,4774.835,1.6419999999998254,False,True,False,12.0,0.0,0.0,26.876,40.067,33.239,0,0,0,0.0,100.01219999999999,0.18760383791384588,0.9050987543121973,0,0,100.246,99.936,-0.30999999999998806,0.5150000000000006,-0.06399999999999295,0.05466666666666716,0.0,0.1039999999999992,0.15191675351981462,0.05466666666666716,0,0,2024,United States Grand Prix,0.0,20,0.0
VER,13,0 days 00:01:39.936000,MEDIUM,13.0,True,0 days 01:21:14.771000,28.0,2,47.1,0 days 00:00:26.778000,0 days 00:00:39.941000,0 days 00:00:33.217000,1,99.936,4874.771,1.7200000000002547,False,True,False,13.0,0.0,0.0,26.778,39.941,33.217,0,0,0,0.0,100.1024,0.11164586870998669,-1.4904268462654853,0,0,100.182,99.846,-0.3359999999999985,0.2120000000000033,-0.2459999999999951,0.0500000000000019,0.0,0.08200000000000074,0.15995092997541502,0.0500000000000019,0,0,2024,United States Grand Prix,0.0,20,0.0
VER,14,0 days 00:01:39.846000,MEDIUM,14.0,True,0 days 01:22:54.617000,28.3,2,47.8,0 days 00:00:26.852000,0 days 00:00:40.132000,0 days 00:00:32.862000,1,99.846,4974.617,1.912000000000262,False,True,False,14.0,0.0,0.0,26.852,40.132,32.862,0,0,0,0.0,100.0732,0.13497110801947973,-1.6833232188269922,1,0,99.936,100.192,0.255999999999986,0.0,-0.09000000000000341,-0.011333333333330605,0.0,-0.3549999999999969,0.10643448689217289,-0.011333333333330605,0,0,2024,United States Grand Prix,0.0,20,0.0
VER,15,0 days 00:01:40.192000,MEDIUM,15.0,True,0 days 01:24:34.809000,28.4,2,47.5,0 days 00:00:26.866000,0 days 00:00:40.207000,0 days 00:00:33.119000,1,100.192,5074.809,1.7910000000001673,False,True,False,15.0,0.0,0.0,26.866,40.207,33.119,0,0,0,0.0,100.03599999999999,0.17019988249115955,0.9165693754700964,0,1,99.846,100.033,0.1869999999999976,0.0,0.3459999999999894,-0.1333333333333305,0.0,0.2569999999999979,0.197401367776415,-0.1333333333333305,0,0,2024,United States Grand Prix,0.0,20,0.0
VER,16,0 days 00:01:40.033000,MEDIUM,16.0,True,0 days 01:26:14.842000,28.4,2,47.4,0 days 00:00:26.828000,0 days 00:00:40.121000,0 days 00:00:33.084000,1,100.033,5174.842,2.0440000000007785,False,True,False,16.0,0.0,0.0,26.828,40.121,33.084,0,0,0,0.0,100.0804,0.1774790128437888,-0.26707383166321774,0,0,100.192,100.16,-0.031999999999996476,0.3459999999999894,-0.15899999999999181,0.0033333333333303017,0.0,0.2220000000000013,0.23093440627156275,0.0033333333333303017,0,0,2024,United States Grand Prix,0.0,20,0.0
VER,17,0 days 00:01:40.160000,MEDIUM,17.0,True,0 days 01:27:55.002000,28.4,2,47.6,0 days 00:00:26.898000,0 days 00:00:40.213000,0 days 00:00:33.049000,1,100.16,5275.002,2.0869999999995343,False,True,False,17.0,0.0,0.0,26.898,40.213,33.049,0,0,0,0.0,100.0378,0.15144702043950806,0.8068828270464536,0,0,100.033,99.921,-0.11199999999999477,0.1869999999999976,0.12699999999999534,0.0323333333333314,0.0,0.1869999999999976,0.2447845991887546,0.0323333333333314,0,0,2024,United States Grand Prix,0.0,20,0.0
VER,18,0 days 00:01:39.921000,MEDIUM,18.0,True,0 days 01:29:34.923000,28.3,2,47.6,0 days 00:00:26.852000,0 days 00:00:40.158000,0 days 00:00:32.911000,1,99.921,5374.923,1.86200000000008,False,True,False,18.0,0.0,0.0,26.852,40.158,32.911,0,0,0,0.0,100.0334,0.14644726013143572,-0.767511798439352,0,0,100.16,99.981,-0.17900000000000205,0.31399999999999295,-0.2389999999999901,0.10466666666666431,0.0,-0.13799999999999812,0.251078274647567,0.10466666666666431,0,0,2024,United States Grand Prix,0.0,20,0.0
VER,19,0 days 00:01:39.981000,MEDIUM,19.0,True,0 days 01:31:14.904000,28.2,2,47.2,0 days 00:00:26.887000,0 days 00:00:40.169000,0 days 00:00:32.925000,1,99.981,5474.904,1.7789999999995416,False,True,False,19.0,0.0,0.0,26.887,40.169,32.925,0,0,0,0.0,100.0304,0.14907145937436947,-0.3313846943427672,0,0,99.921,99.986,0.06499999999999773,0.07500000000000284,0.05999999999998806,-0.09033333333332887,0.0,0.013999999999995794,0.26897267519210744,-0.09033333333332887,0,0,2024,United States Grand Prix,0.0,20,0.0
VER,20,0 days 00:01:39.986000,MEDIUM,20.0,True,0 days 01:32:54.890000,28.4,2,47.1,0 days 00:00:26.727000,0 days 00:00:40.105000,0 days 00:00:33.154000,1,99.986,5574.89,1.606999999999971,False,True,False,20.0,0.0,0.0,26.727,40.105,33.154,0,0,0,0.0,100.0574,0.11584601849008834,-0.6163353814883671,0,0,99.981,99.803,-0.17799999999999727,0.05999999999998806,0.005000000000009663,-0.01733333333333557,0.0,0.2430000000000021,0.16642505820939277,-0.01733333333333557,0,0,2024,United States Grand Prix,0.0,20,0.0
VER,21,0 days 00:01:39.803000,MEDIUM,21.0,True,0 days 01:34:34.693000,28.4,2,47.3,0 days 00:00:26.783000,0 days 00:00:39.936000,0 days 00:00:33.084000,1,99.803,5674.693,4.755999999999403,False,True,False,21.0,0.0,0.0,26.783,39.936,33.084,0,0,0,0.0,100.0162,0.08968667682551713,-2.377164675359474,1,0,99.986,100.099,0.11299999999999955,0.06499999999999773,-0.18300000000000693,-0.05799999999999746,0.0,0.17300000000000182,0.16339002417528456,-0.05799999999999746,0,0,2024,United States Grand Prix,0.0,20,0.0
VER,22,0 days 00:01:40.099000,MEDIUM,22.0,True,0 days 01:36:14.792000,28.5,2,47.4,0 days 00:00:26.679000,0 days 00:00:40.160000,0 days 00:00:33.260000,1,100.099,5774.792,4.198999999999614,False,True,False,22.0,0.0,0.0,26.679,40.16,33.26,0,0,0,0.0,99.9702,0.12919636217789734,0.9969320949040862,0,1,99.803,100.42,0.6170000000000044,0.0,0.2960000000000065,-0.039333333333336405,0.0,0.33500000000000085,0.1559637778460116,-0.039333333333336405,0,0,2024,United States Grand Prix,0.0,20,0.0
VER,23,0 days 00:01:40.420000,MEDIUM,23.0,True,0 days 01:37:55.212000,28.4,2,47.8,0 days 00:00:26.817000,0 days 00:00:40.400000,0 days 00:00:33.203000,1,100.42,5875.212,3.588999999999942,False,True,False,23.0,0.0,0.0,26.817,40.4,33.203,0,0,0,0.0,99.958,0.10792126759819945,4.2808985687609855,0,0,100.099,100.318,0.2189999999999941,0.2960000000000065,0.32099999999999795,0.039333333333336405,0.0,0.11899999999999977,0.18829312255098493,0.039333333333336405,0,0,2024,United States Grand Prix,0.0,20,0.0
VER,24,0 days 00:01:40.318000,MEDIUM,24.0,True,0 days 01:39:35.530000,28.4,2,47.7,0 days 00:00:26.799000,0 days 00:00:40.279000,0 days 00:00:33.240000,1,100.318,5975.53,3.0600000000004,False,True,False,24.0,0.0,0.0,26.799,40.279,33.24,0,0,0,0.0,100.0578,0.22850754910944748,1.1386932336111593,0,0,100.42,99.046,-1.3739999999999952,0.6170000000000044,-0.10200000000000387,0.14466666666666583,0.0,0.1559999999999988,0.12172592164366829,0.14466666666666583,0,0,2024,United States Grand Prix,0.0,20,0.0
VER,27,0 days 00:01:39.046000,HARD,2.0,True,0 days 01:44:54.913000,28.5,5,47.3,0 days 00:00:26.823000,0 days 00:00:39.567000,0 days 00:00:32.656000,1,99.046,6294.913,9.89600000000064,True,False,False,2.0,0.0,0.0,26.823,39.567,32.656,0,0,0,0.0,100.12519999999999,0.2489752999797529,-4.3345665216097675,1,0,100.318,98.784,-1.5339999999999918,0.5150000000000006,-1.2719999999999914,0.17166666666666686,0.0,-0.5470000000000041,0.08538852381907125,0.17166666666666686,0,0,2024,United States Grand Prix,0.0,20,0.0
VER,28,0 days 00:01:38.784000,HARD,3.0,True,0 days 01:46:33.697000,28.6,5,47.5,0 days 00:00:26.643000,0 days 00:00:39.536000,0 days 00:00:32.605000,1,98.784,6393.697,10.346999999999753,True,False,False,3.0,0.0,0.0,26.643,39.536,32.605,0,0,0,0.0,99.9372,0.5514822753271459,-2.0910916843445353,1,1,99.046,99.067,0.020999999999986585,0.0,-0.26200000000000045,-0.3509999999999991,0.0,-0.05100000000000193,0.3423159359422248,-0.3509999999999991,0,0,2024,United States Grand Prix,0.0,20,0.0
VER,29,0 days 00:01:39.067000,HARD,4.0,True,0 days 01:48:12.764000,28.7,5,47.2,0 days 00:00:26.615000,0 days 00:00:39.745000,0 days 00:00:32.707000,1,99.067,6492.764,10.903999999999542,True,False,False,4.0,0.0,0.0,26.615,39.745,32.707,0,0,0,0.0,99.7334,0.7616953459225054,-0.8748904710621789,0,1,98.784,98.75,-0.034000000000006025,0.0,0.28299999999998704,-0.5453333333333319,0.0,0.10200000000000387,0.33634179044537593,-0.5453333333333319,0,0,2024,United States Grand Prix,0.0,20,0.0
VER,30,0 days 00:01:38.750000,HARD,5.0,True,0 days 01:49:51.514000,29.0,5,47.7,0 days 00:00:26.513000,0 days 00:00:39.487000,0 days 00:00:32.750000,1,98.75,6591.514,11.730999999999767,True,False,False,5.0,0.0,0.0,26.513,39.487,32.75,0,0,0,0.0,99.527,0.7775184885261609,-0.999333149585751,0,0,99.067,99.058,-0.00899999999998613,0.28299999999998704,-0.31699999999999307,-0.4170000000000016,0.0,0.14500000000000313,0.29195153707422256,-0.4170000000000016,0,0,2024,United States Grand Prix,0.0,20,0.0
VER,31,0 days 00:01:39.058000,HARD,6.0,True,0 days 01:51:30.572000,28.9,5,47.7,0 days 00:00:26.553000,0 days 00:00:39.801000,0 days 00:00:32.704000,1,99.058,6690.572,12.306999999999789,True,False,False,6.0,0.0,0.0,26.553,39.801,32.704,0,0,0,0.0,99.19300000000001,0.6454920603694592,-0.2091427738440894,0,0,98.75,99.106,0.35599999999999454,0.0,0.30800000000000693,-0.09866666666666883,0.0,0.09900000000000375,0.295791311569494,-0.09866666666666883,0,0,2024,United States Grand Prix,0.0,20,0.0
VER,32,0 days 00:01:39.106000,HARD,7.0,True,0 days 01:53:09.678000,28.8,4,47.4,0 days 00:00:26.539000,0 days 00:00:39.772000,0 days 00:00:32.795000,1,99.106,6789.678,12.753999999999905,True,False,False,7.0,0.0,0.0,26.539,39.772,32.795,0,0,0,0.0,98.941,0.15946786510146194,1.0346912206732701,0,0,99.058,98.827,-0.23100000000000875,0.30800000000000693,0.04799999999998761,0.09133333333333364,0.0,0.09100000000000108,0.28737571226532327,0.09133333333333364,0,0,2024,United States Grand Prix,0.0,20,0.0
VER,33,0 days 00:01:38.827000,HARD,8.0,True,0 days 01:54:48.505000,28.7,3,47.5,0 days 00:00:26.479000,0 days 00:00:39.750000,0 days 00:00:32.598000,1,98.827,6888.505,6.435999999999694,True,False,False,8.0,0.0,0.0,26.479,39.75,32.598,0,0,0,0.0,98.953,0.17117242768628546,-0.7360998596744214,0,0,99.106,99.063,-0.042999999999992156,0.35599999999999454,-0.27899999999999636,0.013000000000000492,0.0,-0.10600000000000165,0.07468734832620788,0.013000000000000492,0,0,2024,United States Grand Prix,0.0,20,0.0
VER,34,0 days 00:01:39.063000,HARD,9.0,True,0 days 01:56:27.568000,28.8,3,47.1,0 days 00:00:26.612000,0 days 00:00:39.814000,0 days 00:00:32.637000,1,99.063,6987.568,5.416000000000167,True,False,False,9.0,0.0,0.0,26.612,39.814,32.637,0,0,0,0.0,98.9616,0.16135767722676528,0.6284175735716304,0,0,98.827,99.004,0.1770000000000067,0.07699999999999818,0.2360000000000042,0.02566666666666606,0.0,0.03900000000000148,0.0985327356770347,0.02566666666666606,0,0,2024,United States Grand Prix,0.0,20,0.0
VER,35,0 days 00:01:39.004000,HARD,10.0,True,0 days 01:58:06.572000,28.8,3,47.1,0 days 00:00:26.464000,0 days 00:00:39.878000,0 days 00:00:32.662000,1,99.004,7086.572,4.329999999999927,True,False,False,10.0,0.0,0.0,26.464,39.878,32.662,0,0,0,0.0,98.96079999999999,0.16071309840836712,0.26880198582347725,0,0,99.063,98.715,-0.347999999999999,0.3130000000000024,-0.0589999999999975,0.0016666666666651508,0.0,0.06400000000000006,0.09682355085411992,0.0016666666666651508,0,0,2024,United States Grand Prix,0.0,20,0.0
VER,36,0 days 00:01:38.715000,HARD,11.0,True,0 days 01:59:45.287000,28.9,3,47.2,0 days 00:00:26.424000,0 days 00:00:39.583000,0 days 00:00:32.708000,1,98.715,7185.287,3.931999999999789,True,False,False,11.0,0.0,0.0,26.424,39.583,32.708,0,0,0,0.0,99.0116,0.1093631565016988,-2.7120651002368494,1,0,99.004,98.963,-0.04100000000001103,0.1770000000000067,-0.2890000000000015,-0.033999999999996554,0.0,0.10999999999999943,0.08357810718124836,-0.033999999999996554,0,0,2024,United States Grand Prix,0.0,20,0.0
VER,37,0 days 00:01:38.963000,HARD,12.0,True,0 days 02:01:24.250000,28.9,3,46.9,0 days 00:00:26.457000,0 days 00:00:39.726000,0 days 00:00:32.780000,1,98.963,7284.25,3.279000000000451,True,False,False,12.0,0.0,0.0,26.457,39.726,32.78,0,0,0,0.0,98.943,0.16592920176996123,0.12053333461896214,0,1,98.715,98.641,-0.07399999999999807,0.0,0.24799999999999045,-0.03733333333333159,0.0,0.14300000000000068,0.08572222582271241,-0.03733333333333159,0,0,2024,United States Grand Prix,0.0,20,0.0
VER,38,0 days 00:01:38.641000,HARD,13.0,True,0 days 02:03:02.891000,28.9,3,47.1,0 days 00:00:26.445000,0 days 00:00:39.580000,0 days 00:00:32.616000,1,98.641,7382.891,2.719000000000051,True,False,False,13.0,0.0,0.0,26.445,39.58,32.616,0,0,0,0.0,98.9144,0.14130746618638984,-1.934788071561416,1,0,98.963,98.358,-0.6049999999999898,0.24799999999999045,-0.3219999999999885,-0.03333333333333618,0.0,-0.045999999999999375,0.09604946642225615,-0.03333333333333618,0,0,2024,United States Grand Prix,0.0,20,0.0
VER,39,0 days 00:01:38.358000,HARD,14.0,True,0 days 02:04:41.249000,29.0,3,46.9,0 days 00:00:26.446000,0 days 00:00:39.359000,0 days 00:00:32.553000,1,98.358,7481.249,2.4229999999997744,True,False,False,14.0,0.0,0.0,26.446,39.359,32.553,0,0,0,0.0,98.87719999999999,0.18712348863789677,-2.7746383085273125,1,1,98.641,98.624,-0.017000000000010118,0.0,-0.28300000000000125,-0.12099999999999984,0.0,-0.06300000000000239,0.07256376506218473,-0.12099999999999984,0,0,2024,United States Grand Prix,0.0,20,0.0
VER,40,0 days 00:01:38.624000,HARD,15.0,True,0 days 02:06:19.873000,28.9,3,47.3,0 days 00:00:26.397000,0 days 00:00:39.556000,0 days 00:00:32.671000,1,98.624,7579.873,2.1200000000008004,True,False,False,15.0,0.0,0.0,26.397,39.556,32.671,0,0,0,0.0,98.73620000000001,0.2625370450051096,-0.42736825958345015,0,1,98.358,98.463,0.10499999999998977,0.0,0.26599999999999113,-0.11899999999999977,0.0,0.1180000000000021,0.09230005417116552,-0.11899999999999977,0,0,2024,United States Grand Prix,0.0,20,0.0
VER,41,0 days 00:01:38.463000,HARD,16.0,True,0 days 02:07:58.336000,28.9,3,47.4,0 days 00:00:26.487000,0 days 00:00:39.487000,0 days 00:00:32.489000,12,98.463,7678.336,1.6229999999995925,True,False,False,16.0,0.0,0.0,26.487,39.487,32.489,0,0,1,0.0,98.6602,0.2166187895820979,-0.9103550083556862,0,0,98.624,98.117,-0.5069999999999908,0.26599999999999113,-0.16100000000000136,-0.11299999999999955,0.0,-0.06400000000000006,0.09852563118295751,-0.11299999999999955,0,0,2024,United States Grand Prix,0.0,20,0.0
VER,42,0 days 00:01:38.117000,HARD,17.0,True,0 days 02:09:36.453000,29.0,3,46.8,0 days 00:00:26.234000,0 days 00:00:39.472000,0 days 00:00:32.411000,1,98.117,7776.453,1.4309999999995853,True,False,False,17.0,0.0,0.0,26.234,39.472,32.411,0,0,0,0.0,98.60979999999999,0.22960770892984525,-2.146269401392613,1,0,98.463,98.526,0.06300000000000239,0.10499999999998977,-0.3459999999999894,-0.05933333333333716,0.0,-0.07799999999999585,0.1036884757338066,-0.05933333333333716,0,0,2024,United States Grand Prix,0.0,20,0.0
VER,43,0 days 00:01:38.526000,HARD,18.0,True,0 days 02:11:14.979000,29.0,3,46.4,0 days 00:00:26.226000,0 days 00:00:39.737000,0 days 00:00:32.563000,1,98.526,7874.979,0.9380000000001019,True,False,False,18.0,0.0,0.0,26.226,39.737,32.563,0,0,0,0.0,98.44059999999999,0.21554419500420138,0.39620644851206693,0,1,98.117,98.453,0.3359999999999985,0.0,0.4089999999999918,-0.08033333333333322,0.0,0.15200000000000102,0.08162597625756184,-0.08033333333333322,0,1,2024,United States Grand Prix,0.0,20,0.0
VER,44,0 days 00:01:38.453000,HARD,19.0,True,0 days 02:12:53.432000,29.0,3,46.4,0 days 00:00:26.351000,0 days 00:00:39.641000,0 days 00:00:32.461000,1,98.453,7973.432,0.7139999999999418,True,False,False,19.0,0.0,0.0,26.351,39.641,32.461,0,0,0,0.0,98.41760000000001,0.19385896935661157,0.18260697515045538,0,0,98.526,98.269,-0.2569999999999908,0.4089999999999918,-0.07299999999999329,-0.03266666666666632,0.0,0.04999999999999716,0.11217397202559985,-0.03266666666666632,0,1,2024,United States Grand Prix,0.0,20,0.0
VER,45,0 days 00:01:38.269000,HARD,20.0,True,0 days 02:14:31.701000,29.0,3,47.2,0 days 00:00:26.288000,0 days 00:00:39.451000,0 days 00:00:32.530000,1,98.269,8071.701,0.7849999999998545,True,False,False,20.0,0.0,0.0,26.288,39.451,32.53,0,0,0,0.0,98.4366,0.19119440368381116,-0.876594695089311,0,0,98.453,98.255,-0.1980000000000075,0.3359999999999985,-0.1839999999999975,-0.0033333333333303017,0.0,0.11899999999999977,0.10412876643848168,-0.0033333333333303017,0,1,2024,United States Grand Prix,0.0,20,0.0
VER,46,0 days 00:01:38.255000,HARD,21.0,True,0 days 02:16:09.956000,29.1,3,47.0,0 days 00:00:26.373000,0 days 00:00:39.529000,0 days 00:00:32.353000,1,98.255,8169.956,0.6489999999994325,True,False,False,21.0,0.0,0.0,26.373,39.529,32.353,0,0,0,0.0,98.3656,0.16880995231326776,-0.6551746415682889,0,0,98.269,99.191,0.921999999999997,0.15200000000000102,-0.014000000000010004,0.050666666666667005,0.0,-0.10799999999999699,0.10432736937160725,0.050666666666667005,0,1,2024,United States Grand Prix,0.0,20,0.0
VER,47,0 days 00:01:39.191000,HARD,22.0,True,0 days 02:17:49.147000,29.1,3,46.8,0 days 00:00:26.584000,0 days 00:00:39.713000,0 days 00:00:32.894000,1,99.191,8269.147,0.6520000000000437,True,False,False,22.0,0.0,0.0,26.584,39.713,32.894,0,0,0,0.0,98.324,0.16437761404768084,5.274440835651226,0,0,98.255,98.572,0.3170000000000073,0.13799999999999102,0.936000000000007,-0.0903333333333336,0.0,0.5409999999999968,0.11604740410711295,-0.0903333333333336,0,1,2024,United States Grand Prix,0.0,20,0.0
VER,48,0 days 00:01:38.572000,HARD,23.0,True,0 days 02:19:27.719000,29.1,3,46.8,0 days 00:00:26.297000,0 days 00:00:39.690000,0 days 00:00:32.585000,1,98.572,8367.719,0.5160000000014406,True,False,False,23.0,0.0,0.0,26.297,39.69,32.585,0,0,0,0.0,98.53880000000001,0.3828265925977605,0.08672333803852866,0,0,99.191,98.598,-0.5930000000000035,0.936000000000007,-0.6189999999999998,0.24599999999999986,0.0,0.23199999999999932,0.24000354164053317,0.24599999999999986,0,1,2024,United States Grand Prix,0.0,20,0.0
VER,49,0 days 00:01:38.598000,HARD,24.0,True,0 days 02:21:06.317000,29.0,3,46.7,0 days 00:00:26.450000,0 days 00:00:39.572000,0 days 00:00:32.576000,1,98.598,8466.317,0.467000000000553,True,False,False,24.0,0.0,0.0,26.45,39.572,32.576,0,0,0,0.0,98.548,0.38299477803230125,0.13055008284154784,0,0,98.572,98.692,0.11999999999999034,0.3170000000000073,0.02599999999999625,0.10099999999999909,0.0,0.22299999999999898,0.2427544026377259,0.10099999999999909,0,1,2024,United States Grand Prix,0.0,20,0.0
VER,50,0 days 00:01:38.692000,HARD,25.0,True,0 days 02:22:45.009000,29.0,3,47.0,0 days 00:00:26.364000,0 days 00:00:39.769000,0 days 00:00:32.559000,1,98.692,8565.009,0.5879999999997381,True,False,False,25.0,0.0,0.0,26.364,39.769,32.559,0,0,0,0.0,98.57700000000001,0.379476613245153,0.3030489784773306,0,0,98.598,99.105,0.507000000000005,0.3430000000000035,0.09399999999999409,0.11433333333333451,0.0,-0.017000000000003013,0.23412026823835436,0.11433333333333451,0,1,2024,United States Grand Prix,0.0,20,0.0
VER,51,0 days 00:01:39.105000,HARD,26.0,True,0 days 02:24:24.114000,29.3,3,46.4,0 days 00:00:26.325000,0 days 00:00:39.912000,0 days 00:00:32.868000,1,99.105,8664.114,0.5490000000008877,True,False,False,26.0,0.0,0.0,26.325,39.912,32.868,0,0,0,0.0,98.66159999999999,0.33859459534967495,1.3095306484207199,0,0,98.692,100.819,2.1270000000000095,0.4369999999999976,0.4130000000000109,-0.16633333333333647,0.0,0.3090000000000046,0.2532088071138112,-0.16633333333333647,0,1,2024,United States Grand Prix,0.0,20,0.0
VER,52,0 days 00:01:40.819000,HARD,27.0,True,0 days 02:26:04.933000,29.2,4,46.5,0 days 00:00:26.468000,0 days 00:00:40.574000,0 days 00:00:33.777000,1,100.819,8764.933,3.727999999999156,True,False,False,27.0,0.0,0.0,26.468,40.574,33.777,0,0,0,0.0,98.8316,0.2938389014409184,6.763570072765231,0,0,99.105,99.384,0.27899999999999636,0.5330000000000013,1.7139999999999986,0.17766666666666708,0.0,1.2180000000000035,0.200134454804764,0.17766666666666708,0,0,2024,United States Grand Prix,0.0,20,0.0
VER,53,0 days 00:01:39.384000,HARD,28.0,True,0 days 02:27:44.317000,29.2,4,46.4,0 days 00:00:27.023000,0 days 00:00:39.838000,0 days 00:00:32.523000,1,99.384,8864.317,3.44800000000032,True,False,False,28.0,0.0,0.0,27.023,39.838,32.523,0,0,0,0.0,99.1572,0.9533990245432412,0.23788570594421743,0,0,100.819,98.661,-2.1580000000000013,2.247,-1.4350000000000023,0.7403333333333345,0.0,-0.03599999999999426,0.47712734149281577,0.7403333333333345,0,0,2024,United States Grand Prix,0.0,20,0.0
VER,54,0 days 00:01:38.661000,HARD,29.0,True,0 days 02:29:22.978000,29.3,4,46.0,0 days 00:00:26.251000,0 days 00:00:39.826000,0 days 00:00:32.584000,1,98.661,8962.978,2.7409999999999854,True,False,False,29.0,0.0,0.0,26.251,39.826,32.584,0,0,0,0.0,99.31960000000001,0.8962406484867802,-0.7348472769138428,0,0,99.384,98.252,-1.132000000000005,0.7860000000000014,-0.722999999999999,0.2306666666666691,0.0,0.06099999999999994,0.5134094856934385,0.2306666666666691,0,0,2024,United States Grand Prix,0.0,20,0.0
VER,55,0 days 00:01:38.252000,HARD,30.0,True,0 days 02:31:01.230000,29.3,4,46.1,0 days 00:00:26.186000,0 days 00:00:39.633000,0 days 00:00:32.433000,1,98.252,9061.23,2.4130000000004657,True,False,False,30.0,0.0,0.0,26.186,39.633,32.433,0,0,0,0.0,99.3322,0.8839178129215435,-1.2220593184220436,0,0,98.661,99.018,0.3569999999999993,0.0,-0.409000000000006,-0.14800000000000088,0.0,-0.09000000000000341,0.5275097155503405,-0.14800000000000088,0,0,2024,United States Grand Prix,0.0,20,0.0
ZHO,2,0 days 00:01:42.960000,MEDIUM,2.0,True,0 days 01:00:43.664000,28.1,14,47.2,0 days 00:00:28.231000,0 days 00:00:40.503000,0 days 00:00:34.226000,12,102.96,3643.664,0.49499999999989086,False,True,False,2.0,0.0,0.0,28.231,40.503,34.226,0,0,1,0.0,99.2268,0.9840953713944611,3.7935347614835946,0,0,102.96,103.259,0.2990000000000066,4.707999999999998,0.0,-0.12199999999999989,0.0,1.7929999999999993,0.5612315030359587,0.0,0,1,2024,United States Grand Prix,0.0,20,0.0
ZHO,6,0 days 00:01:43.259000,MEDIUM,6.0,True,0 days 01:09:43.080000,28.1,13,47.4,0 days 00:00:28.187000,0 days 00:00:41.144000,0 days 00:00:33.928000,1,103.259,4183.08,0.3640000000004875,False,True,False,6.0,0.0,0.0,28.187,41.144,33.928,0,0,0,0.0,,,0.0,0,0,102.96,102.1,-0.8599999999999994,0.0,0.2990000000000066,0.0,0.0,0.0,0.0,0.0,0,1,2024,United States Grand Prix,0.0,20,0.0
ZHO,7,0 days 00:01:42.100000,MEDIUM,7.0,True,0 days 01:11:25.180000,28.1,13,47.2,0 days 00:00:27.845000,0 days 00:00:40.279000,0 days 00:00:33.976000,1,102.1,4285.18,0.5419999999994616,False,True,False,7.0,0.0,0.0,27.845,40.279,33.976,0,0,0,0.0,,,0.0,0,0,103.259,101.474,-1.7849999999999966,0.0,-1.159000000000006,0.1495000000000033,0.0,0.04800000000000182,0.0,0.0,0,1,2024,United States Grand Prix,0.0,20,0.0
ZHO,8,0 days 00:01:41.474000,MEDIUM,8.0,True,0 days 01:13:06.654000,28.0,13,46.9,0 days 00:00:27.418000,0 days 00:00:40.156000,0 days 00:00:33.900000,1,101.474,4386.654,0.5189999999993233,False,True,False,8.0,0.0,0.0,27.418,40.156,33.9,0,0,0,0.0,102.77299999999998,0.6017034153135603,-2.15887091038538,1,0,102.1,101.91,-0.18999999999999773,0.0,-0.6259999999999906,-0.28666666666666646,0.0,-0.027999999999998693,1.0216145718094136,-0.4299999999999997,0,1,2024,United States Grand Prix,0.0,20,0.0
ZHO,9,0 days 00:01:41.910000,MEDIUM,9.0,True,0 days 01:14:48.564000,28.1,13,46.7,0 days 00:00:27.421000,0 days 00:00:40.360000,0 days 00:00:34.129000,1,101.91,4488.564,0.5889999999999418,False,True,False,9.0,0.0,0.0,27.421,40.36,34.129,0,0,0,0.0,102.44825,0.8143800812069664,-0.6609321770275645,0,1,101.474,110.686,9.212000000000003,0.0,0.43599999999999284,-0.49533333333333,0.0,0.2289999999999992,0.8937178432443494,-0.49533333333333,0,1,2024,United States Grand Prix,0.0,20,0.0
ZHO,10,0 days 00:01:50.686000,MEDIUM,10.0,True,0 days 01:16:39.250000,28.2,19,47.0,0 days 00:00:35.127000,0 days 00:00:41.230000,0 days 00:00:34.329000,12,110.686,4599.25,0.0,False,True,False,10.0,0.0,0.0,35.127,41.23,34.329,0,0,1,0.0,102.3406,0.7452206384689027,11.198562639309213,0,0,101.91,102.743,0.8329999999999984,0.43599999999999284,8.77600000000001,-0.44966666666666794,0.0,0.42900000000000205,0.7804526250836746,-0.44966666666666794,0,0,2024,United States Grand Prix,0.0,20,0.0
ZHO,11,0 days 00:01:42.743000,MEDIUM,11.0,True,0 days 01:18:21.993000,28.2,19,47.1,0 days 00:00:27.834000,0 days 00:00:40.949000,0 days 00:00:33.960000,1,102.743,4701.993,0.0,False,True,False,11.0,0.0,0.0,27.834,40.949,33.96,0,0,0,0.0,103.88579999999999,3.8582782688655337,-0.2961942919518909,0,0,110.686,102.262,-8.424000000000007,9.212000000000003,-7.943000000000012,2.862000000000004,0.0,0.060000000000002274,0.19211532994532232,2.862000000000004,0,0,2024,United States Grand Prix,0.0,20,0.0
ZHO,12,0 days 00:01:42.262000,MEDIUM,12.0,True,0 days 01:20:04.255000,28.1,19,47.1,0 days 00:00:27.819000,0 days 00:00:40.711000,0 days 00:00:33.732000,1,102.262,4804.255,0.0,False,True,False,12.0,0.0,0.0,27.819,40.711,33.732,0,0,0,0.0,103.7826,3.8860361295283945,-0.39129847209746355,0,0,102.743,101.376,-1.3669999999999902,1.2689999999999912,-0.48099999999999454,0.4229999999999971,0.0,-0.22800000000000153,0.18319470516365896,0.4229999999999971,0,0,2024,United States Grand Prix,0.0,20,0.0
ZHO,15,0 days 00:01:41.376000,MEDIUM,2.0,True,0 days 01:25:30.893000,28.4,19,47.4,0 days 00:00:27.712000,0 days 00:00:40.306000,0 days 00:00:33.358000,1,101.376,5130.893,0.0,False,True,False,2.0,0.0,0.0,27.712,40.306,33.358,0,0,0,0.0,103.81499999999998,3.8691387930649395,-0.6303728375864036,0,0,102.262,101.633,-0.6290000000000049,0.7879999999999967,-0.8859999999999957,0.11733333333333462,0.0,-0.37400000000000233,0.25008058701146796,0.11733333333333462,0,0,2024,United States Grand Prix,0.0,20,0.0
ZHO,16,0 days 00:01:41.633000,MEDIUM,3.0,True,0 days 01:27:12.526000,28.4,19,47.8,0 days 00:00:27.703000,0 days 00:00:40.642000,0 days 00:00:33.288000,1,101.633,5232.526,0.0,False,True,False,3.0,0.0,0.0,27.703,40.642,33.288,0,0,0,0.0,103.7954,3.884181355189278,-0.5567196282199934,0,0,101.376,101.886,0.5099999999999909,0.0,0.2569999999999908,-3.103333333333334,0.0,-0.07000000000000028,0.32758617186932815,-3.103333333333334,0,0,2024,United States Grand Prix,0.0,20,0.0
ZHO,17,0 days 00:01:41.886000,MEDIUM,4.0,True,0 days 01:28:54.412000,28.4,19,47.6,0 days 00:00:27.812000,0 days 00:00:40.515000,0 days 00:00:33.559000,1,101.886,5334.412,0.0,False,True,False,4.0,0.0,0.0,27.812,40.515,33.559,0,0,0,0.0,103.74000000000001,3.9196094830990513,-0.47300630534604754,0,0,101.633,101.325,-0.3079999999999927,0.2569999999999908,0.2530000000000001,-0.36999999999999983,0.0,0.2710000000000008,0.3072878129701878,-0.36999999999999983,0,0,2024,United States Grand Prix,0.0,20,0.0
ZHO,18,0 days 00:01:41.325000,MEDIUM,5.0,True,0 days 01:30:35.737000,28.2,19,47.2,0 days 00:00:27.551000,0 days 00:00:40.462000,0 days 00:00:33.312000,1,101.325,5435.737,0.0,False,True,False,5.0,0.0,0.0,27.551,40.462,33.312,0,0,0,0.0,101.97999999999999,0.5375299991627955,-1.2185366417133021,0,0,101.886,101.352,-0.5339999999999918,0.5099999999999909,-0.5609999999999928,-0.12533333333333493,0.0,0.02400000000000091,0.250272251757962,-0.12533333333333493,0,0,2024,United States Grand Prix,0.0,20,0.0
ZHO,19,0 days 00:01:41.352000,MEDIUM,6.0,True,0 days 01:32:17.089000,28.4,19,47.1,0 days 00:00:27.486000,0 days 00:00:40.454000,0 days 00:00:33.412000,1,101.352,5537.089,0.0,False,True,False,6.0,0.0,0.0,27.486,40.454,33.412,0,0,0,0.0,101.6964,0.3874484481836865,-0.8888924490845183,0,0,101.325,101.858,0.5330000000000013,0.0,0.027000000000001023,-0.017000000000000643,0.0,0.12400000000000233,0.24614589169840034,-0.017000000000000643,0,0,2024,United States Grand Prix,0.0,20,0.0
ZHO,20,0 days 00:01:41.858000,MEDIUM,7.0,True,0 days 01:33:58.947000,28.5,19,47.1,0 days 00:00:27.704000,0 days 00:00:40.651000,0 days 00:00:33.503000,1,101.858,5638.947,0.0,False,True,False,7.0,0.0,0.0,27.704,40.651,33.503,0,0,0,0.0,101.5144,0.24163671078695462,1.4219693641789108,0,0,101.352,101.435,0.08299999999999841,0.027000000000001023,0.5060000000000002,-0.0936666666666639,0.0,0.1910000000000025,0.24189047108143946,-0.0936666666666639,0,0,2024,United States Grand Prix,0.0,20,0.0
ZHO,21,0 days 00:01:41.435000,MEDIUM,8.0,True,0 days 01:35:40.382000,28.5,19,47.4,0 days 00:00:27.530000,0 days 00:00:40.365000,0 days 00:00:33.540000,1,101.435,5740.382,0.0,False,True,False,8.0,0.0,0.0,27.53,40.365,33.54,0,0,0,0.0,101.61080000000001,0.2673924082690896,-0.6574607003168679,0,0,101.858,102.176,0.31799999999999784,0.5330000000000013,-0.4230000000000018,-0.009333333333330529,0.0,0.22800000000000153,0.1345864034737542,-0.009333333333330529,0,0,2024,United States Grand Prix,0.0,20,0.0
ZHO,22,0 days 00:01:42.176000,MEDIUM,9.0,True,0 days 01:37:22.558000,28.4,19,47.8,0 days 00:00:27.561000,0 days 00:00:40.681000,0 days 00:00:33.934000,1,102.176,5842.558,0.0,False,True,False,9.0,0.0,0.0,27.561,40.681,33.934,0,0,0,0.0,101.5712,0.2777439468286253,2.177545206316138,0,0,101.435,102.259,0.8239999999999981,0.10999999999999943,0.7409999999999997,0.03666666666666648,0.0,0.5219999999999985,0.09670729031463958,0.03666666666666648,0,0,2024,United States Grand Prix,0.0,20,0.0
ZHO,23,0 days 00:01:42.259000,MEDIUM,10.0,True,0 days 01:39:04.817000,28.5,19,47.8,0 days 00:00:27.669000,0 days 00:00:40.775000,0 days 00:00:33.815000,1,102.259,5944.817,0.0,False,True,False,10.0,0.0,0.0,27.669,40.775,33.815,0,0,0,0.0,101.6292,0.3736411379919823,1.6855745686480526,0,0,102.176,101.649,-0.527000000000001,0.8509999999999991,0.08299999999999841,0.274666666666666,0.0,0.3119999999999976,0.18689355259077164,0.274666666666666,0,0,2024,United States Grand Prix,0.0,20,0.0
ZHO,24,0 days 00:01:41.649000,MEDIUM,11.0,True,0 days 01:40:46.466000,28.5,19,47.8,0 days 00:00:27.574000,0 days 00:00:40.477000,0 days 00:00:33.598000,1,101.649,6046.466,0.0,False,True,False,11.0,0.0,0.0,27.574,40.477,33.598,0,0,0,0.0,101.816,0.41474992465333543,-0.4026522732694572,0,0,102.259,101.696,-0.5630000000000024,0.9069999999999965,-0.6099999999999994,0.1336666666666654,0.0,0.05799999999999983,0.15365806194274165,0.1336666666666654,0,0,2024,United States Grand Prix,0.0,20,0.0
ZHO,25,0 days 00:01:41.696000,MEDIUM,12.0,True,0 days 01:42:28.162000,28.5,19,48.0,0 days 00:00:27.484000,0 days 00:00:40.683000,0 days 00:00:33.529000,1,101.696,6148.162,0.0,False,True,False,12.0,0.0,0.0,27.484,40.683,33.529,0,0,0,0.0,101.8754,0.34749863309076434,-0.516261023545215,0,0,101.649,101.364,-0.2849999999999966,0.21399999999999864,0.046999999999997044,0.07133333333333287,0.0,-0.06899999999999551,0.17169216639089746,0.07133333333333287,0,0,2024,United States Grand Prix,0.0,20,0.0
ZHO,26,0 days 00:01:41.364000,MEDIUM,13.0,True,0 days 01:44:09.526000,28.4,19,47.6,0 days 00:00:27.313000,0 days 00:00:40.441000,0 days 00:00:33.610000,1,101.364,6249.526,0.0,False,True,False,13.0,0.0,0.0,27.313,40.441,33.61,0,0,0,0.0,101.84299999999999,0.35695027664921053,-1.3419235992656693,0,0,101.696,101.186,-0.5099999999999909,0.2609999999999957,-0.33199999999999363,-0.16000000000000134,0.0,0.08099999999999596,0.22859177588005877,-0.16000000000000134,0,0,2024,United States Grand Prix,0.0,20,0.0
ZHO,27,0 days 00:01:41.186000,MEDIUM,14.0,True,0 days 01:45:50.712000,28.5,19,47.5,0 days 00:00:27.348000,0 days 00:00:40.440000,0 days 00:00:33.398000,1,101.186,6350.712,0.0,False,True,False,14.0,0.0,0.0,27.348,40.44,33.398,0,0,0,0.0,101.8288,0.3780287026138968,-1.7003999843274438,1,0,101.364,101.42,0.055999999999997385,0.0,-0.17799999999999727,-0.298333333333332,0.0,-0.13100000000000023,0.23509083350909113,-0.298333333333332,0,0,2024,United States Grand Prix,0.0,20,0.0
ZHO,28,0 days 00:01:41.420000,MEDIUM,15.0,True,0 days 01:47:32.132000,28.7,18,47.2,0 days 00:00:27.452000,0 days 00:00:40.479000,0 days 00:00:33.489000,1,101.42,6452.132,0.0,False,True,False,15.0,0.0,0.0,27.452,40.479,33.489,0,0,0,0.0,101.6308,0.4087318191674445,-0.5157415941567147,0,1,101.186,102.231,1.0449999999999875,0.0,0.23399999999999466,-0.1543333333333313,0.0,0.09099999999999397,0.17072697502152187,-0.1543333333333313,0,0,2024,United States Grand Prix,0.0,20,0.0
ZHO,29,0 days 00:01:42.231000,MEDIUM,16.0,True,0 days 01:49:14.363000,28.8,19,47.5,0 days 00:00:27.267000,0 days 00:00:41.012000,0 days 00:00:33.952000,1,102.231,6554.363,0.0,False,True,False,16.0,0.0,0.0,27.267,41.012,33.952,0,0,0,0.0,101.463,0.2105136575139797,3.6482193557869262,0,0,101.42,101.532,0.11199999999999477,0.23399999999999466,0.8109999999999928,-0.09199999999999875,0.0,0.5539999999999949,0.0999349788612546,-0.09199999999999875,0,0,2024,United States Grand Prix,0.0,20,0.0
ZHO,30,0 days 00:01:41.532000,MEDIUM,17.0,True,0 days 01:50:55.895000,28.9,19,47.7,0 days 00:00:27.334000,0 days 00:00:40.558000,0 days 00:00:33.640000,1,101.532,6655.895,0.0,False,True,False,17.0,0.0,0.0,27.334,40.558,33.64,0,0,0,0.0,101.57939999999999,0.40766015257800386,-0.11627332154060935,0,0,102.231,101.502,-0.7289999999999992,1.0449999999999875,-0.6989999999999981,0.28899999999999676,0.0,0.24199999999999733,0.2684887334693926,0.28899999999999676,0,0,2024,United States Grand Prix,0.0,20,0.0
ZHO,31,0 days 00:01:41.502000,MEDIUM,18.0,True,0 days 01:52:37.397000,28.8,19,47.4,0 days 00:00:27.329000,0 days 00:00:40.719000,0 days 00:00:33.454000,1,101.502,6757.397,0.0,False,True,False,18.0,0.0,0.0,27.329,40.719,33.454,0,0,0,0.0,101.5466,0.40249819875363213,-0.11080794929793501,0,0,101.532,101.643,0.1110000000000042,0.3459999999999894,-0.030000000000001137,0.1153333333333298,0.0,-0.03499999999999659,0.25365784040711087,0.1153333333333298,0,0,2024,United States Grand Prix,0.0,20,0.0
ZHO,32,0 days 00:01:41.643000,MEDIUM,19.0,True,0 days 01:54:19.040000,28.7,19,47.5,0 days 00:00:27.285000,0 days 00:00:40.783000,0 days 00:00:33.575000,1,101.643,6859.04,0.0,False,True,False,19.0,0.0,0.0,27.285,40.783,33.575,0,0,0,0.0,101.57419999999999,0.3914258550478265,0.1757676431251682,0,0,101.502,101.13,-0.3719999999999999,0.3159999999999883,0.14100000000000534,0.02733333333333121,0.0,0.12100000000000222,0.26841143790829536,0.02733333333333121,0,0,2024,United States Grand Prix,0.0,20,0.0
ZHO,33,0 days 00:01:41.130000,MEDIUM,20.0,True,0 days 01:56:00.170000,28.8,19,47.4,0 days 00:00:27.250000,0 days 00:00:40.565000,0 days 00:00:33.315000,1,101.13,6960.17,0.0,False,True,False,20.0,0.0,0.0,27.25,40.565,33.315,0,0,0,0.0,101.6656,0.32600659502521084,-1.6429115489476007,1,0,101.643,101.387,-0.2560000000000002,0.22299999999999898,-0.5130000000000052,-0.19599999999999795,0.0,-0.1390000000000029,0.22376393811335826,-0.19599999999999795,0,0,2024,United States Grand Prix,0.0,20,0.0
ZHO,34,0 days 00:01:41.387000,MEDIUM,21.0,True,0 days 01:57:41.557000,28.8,18,47.1,0 days 00:00:27.335000,0 days 00:00:40.667000,0 days 00:00:33.385000,1,101.387,7061.557,0.0,False,True,False,21.0,0.0,0.0,27.335,40.667,33.385,0,0,0,0.0,101.6076,0.39838712328579073,-0.5537327566728427,0,1,101.13,100.161,-0.9689999999999941,0.0,0.257000000000005,-0.13400000000000034,0.0,0.07000000000000028,0.2693776159965762,-0.13400000000000034,0,0,2024,United States Grand Prix,0.0,20,0.0
ZHO,37,0 days 00:01:40.161000,HARD,2.0,True,0 days 02:03:09.594000,28.9,19,47.1,0 days 00:00:27.284000,0 days 00:00:39.920000,0 days 00:00:32.957000,1,100.161,7389.594,0.0,True,False,False,2.0,0.0,0.0,27.284,39.92,32.957,0,0,0,0.0,101.43879999999999,0.1952042520026467,-6.545963967950144,1,0,101.387,100.148,-1.2390000000000043,0.257000000000005,-1.225999999999999,-0.03833333333333163,0.0,-0.357999999999997,0.1459749978592222,-0.03833333333333163,0,0,2024,United States Grand Prix,0.0,20,0.0
ZHO,38,0 days 00:01:40.148000,HARD,3.0,True,0 days 02:04:49.742000,29.0,19,46.9,0 days 00:00:27.053000,0 days 00:00:39.945000,0 days 00:00:33.150000,1,100.148,7489.742,0.0,True,False,False,3.0,0.0,0.0,27.053,39.945,33.15,0,0,0,0.0,101.1646,0.5917299215012595,-1.7180135109963897,1,1,100.161,101.88,1.718999999999994,0.0,-0.01300000000000523,-0.4939999999999998,0.0,0.19299999999999784,0.19039091364873462,-0.4939999999999998,0,0,2024,United States Grand Prix,0.0,20,0.0
ZHO,39,0 days 00:01:41.880000,HARD,4.0,True,0 days 02:06:31.622000,28.9,19,47.3,0 days 00:00:27.073000,0 days 00:00:41.338000,0 days 00:00:33.469000,1,101.88,7591.622,0.0,True,False,False,4.0,0.0,0.0,27.073,41.338,33.469,0,0,0,0.0,100.8938,0.6988474082372071,1.4111807361318203,0,1,100.148,100.131,-0.016999999999995907,0.0,1.7319999999999993,-0.3273333333333331,0.0,0.5120000000000005,0.22456691653046218,-0.3273333333333331,0,0,2024,United States Grand Prix,0.0,20,0.0
ZHO,40,0 days 00:01:40.131000,HARD,5.0,True,0 days 02:08:11.753000,28.9,19,47.4,0 days 00:00:26.932000,0 days 00:00:40.160000,0 days 00:00:33.039000,12,100.131,7691.753,0.0,True,False,False,5.0,0.0,0.0,26.932,40.16,33.039,0,0,1,0.0,100.94120000000001,0.7670734645390004,-1.0562221709584583,0,0,101.88,100.342,-1.5379999999999967,1.7319999999999993,-1.7489999999999952,0.16433333333333167,0.0,0.08200000000000074,0.3302730688384985,0.16433333333333167,0,0,2024,United States Grand Prix,0.0,20,0.0
ZHO,41,0 days 00:01:40.342000,HARD,6.0,True,0 days 02:09:52.095000,29.0,19,46.8,0 days 00:00:26.983000,0 days 00:00:40.289000,0 days 00:00:33.070000,1,100.342,7792.095,0.0,True,False,False,6.0,0.0,0.0,26.983,40.289,33.07,0,0,0,0.0,100.7414,0.8328843257018612,-0.479538379670467,0,0,100.131,100.168,0.03700000000000614,0.0,0.21099999999999852,-0.010000000000000378,0.0,0.030999999999998806,0.3120019230709953,-0.010000000000000378,0,0,2024,United States Grand Prix,0.0,20,0.0
ZHO,42,0 days 00:01:40.168000,HARD,7.0,True,0 days 02:11:32.263000,29.0,19,46.2,0 days 00:00:27.009000,0 days 00:00:40.017000,0 days 00:00:33.142000,1,100.168,7892.263,0.0,True,False,False,7.0,0.0,0.0,27.009,40.017,33.142,0,0,0,0.0,100.5324,0.7581393671349748,-0.4806504130989329,0,0,100.342,100.241,-0.10099999999999909,0.21099999999999852,-0.17399999999999238,0.06466666666666754,0.0,0.10300000000000153,0.3134174532472614,0.06466666666666754,0,0,2024,United States Grand Prix,0.0,20,0.0
ZHO,43,0 days 00:01:40.241000,HARD,8.0,True,0 days 02:13:12.504000,29.0,19,46.4,0 days 00:00:27.182000,0 days 00:00:40.096000,0 days 00:00:32.963000,1,100.241,7992.504,0.0,True,False,False,8.0,0.0,0.0,27.182,40.096,32.963,0,0,0,0.0,100.5338,0.7572880561581701,-0.38664283375260894,0,0,100.168,100.033,-0.13500000000000512,0.03700000000000614,0.07299999999999329,-0.570666666666663,0.0,-0.07600000000000051,0.1923790529137723,-0.570666666666663,0,0,2024,United States Grand Prix,0.0,20,0.0
ZHO,44,0 days 00:01:40.033000,HARD,9.0,True,0 days 02:14:52.537000,29.0,19,47.2,0 days 00:00:27.010000,0 days 00:00:40.007000,0 days 00:00:33.016000,1,100.033,8092.537,0.0,True,False,False,9.0,0.0,0.0,27.01,40.007,33.016,0,0,0,0.0,100.5524,0.7465087407390629,-0.6957721613356933,0,0,100.241,99.658,-0.5829999999999984,0.10999999999999943,-0.2079999999999984,0.03666666666666648,0.0,0.05299999999999727,0.2242728249253576,0.03666666666666648,0,0,2024,United States Grand Prix,0.0,20,0.0
ZHO,45,0 days 00:01:39.658000,HARD,10.0,True,0 days 02:16:32.195000,29.1,19,47.0,0 days 00:00:26.957000,0 days 00:00:39.874000,0 days 00:00:32.827000,1,99.658,8192.195,0.0,True,False,False,10.0,0.0,0.0,26.957,39.874,32.827,0,0,0,0.0,100.183,0.11626908445409104,-4.515387753029933,1,0,100.033,99.858,-0.17499999999999716,0.0,-0.375,-0.10299999999999916,0.0,-0.13600000000000279,0.06969433262468362,-0.10299999999999916,0,0,2024,United States Grand Prix,0.0,20,0.0
ZHO,46,0 days 00:01:39.858000,HARD,11.0,True,0 days 02:18:12.053000,29.1,19,46.8,0 days 00:00:26.942000,0 days 00:00:39.958000,0 days 00:00:32.958000,1,99.858,8292.053,0.0,True,False,False,11.0,0.0,0.0,26.942,39.958,32.958,0,0,0,0.0,100.08840000000001,0.26563565272715906,-0.8673534506177625,0,1,99.658,99.625,-0.03300000000000125,0.0,0.20000000000000284,-0.1700000000000017,0.0,0.13100000000000023,0.0981402058281933,-0.1700000000000017,0,0,2024,United States Grand Prix,0.0,20,0.0
ZHO,47,0 days 00:01:39.625000,HARD,12.0,True,0 days 02:19:51.678000,29.1,19,46.8,0 days 00:00:26.910000,0 days 00:00:39.969000,0 days 00:00:32.746000,1,99.625,8391.678,0.0,True,False,False,12.0,0.0,0.0,26.91,39.969,32.746,0,0,0,0.0,99.99159999999999,0.23673254951479397,-1.5485829927121257,1,0,99.858,100.219,0.36099999999999,0.20000000000000284,-0.2330000000000041,-0.12766666666666518,0.0,-0.08099999999999596,0.11589434843856807,-0.12766666666666518,0,0,2024,United States Grand Prix,0.0,20,0.0
ZHO,48,0 days 00:01:40.219000,HARD,13.0,True,0 days 02:21:31.897000,28.9,19,46.6,0 days 00:00:26.874000,0 days 00:00:40.186000,0 days 00:00:33.159000,1,100.219,8491.897,0.0,True,False,False,13.0,0.0,0.0,26.874,40.186,33.159,0,0,0,0.0,99.883,0.259074313662629,1.2969251766021985,0,1,99.625,100.24,0.6149999999999949,0.0,0.5939999999999941,-0.13600000000000043,0.0,0.4129999999999967,0.11003045033080584,-0.13600000000000043,0,0,2024,United States Grand Prix,0.0,20,0.0
ZHO,49,0 days 00:01:40.240000,HARD,14.0,True,0 days 02:23:12.137000,29.0,19,47.0,0 days 00:00:26.957000,0 days 00:00:40.266000,0 days 00:00:33.017000,1,100.24,8592.137,0.0,True,False,False,14.0,0.0,0.0,26.957,40.266,33.017,0,0,0,0.0,99.8786,0.2515517839327742,1.4366823178505908,0,0,100.219,99.963,-0.2560000000000002,0.5939999999999941,0.021000000000000796,0.1869999999999976,0.0,0.2710000000000008,0.21605323418083658,0.1869999999999976,0,0,2024,United States Grand Prix,0.0,20,0.0
ZHO,50,0 days 00:01:39.963000,HARD,15.0,True,0 days 02:24:52.100000,29.3,19,46.4,0 days 00:00:26.866000,0 days 00:00:40.038000,0 days 00:00:33.059000,1,99.963,8692.1,0.0,True,False,False,15.0,0.0,0.0,26.866,40.038,33.059,0,0,0,0.0,99.91999999999999,0.29635873531881246,0.1450944240052464,0,0,100.24,99.398,-0.8419999999999987,0.6149999999999949,-0.277000000000001,0.12733333333333027,0.0,0.3129999999999953,0.23168254142252384,0.12733333333333027,0,0,2024,United States Grand Prix,0.0,20,0.0
ZHO,51,0 days 00:01:39.398000,HARD,16.0,True,0 days 02:26:31.498000,29.2,19,46.5,0 days 00:00:26.682000,0 days 00:00:40.006000,0 days 00:00:32.710000,1,99.398,8791.498,0.0,True,False,False,16.0,0.0,0.0,26.682,40.006,32.71,0,0,0,0.0,99.98100000000001,0.2578342490821857,-2.2611425831724126,1,0,99.963,99.683,-0.2799999999999869,0.33799999999999386,-0.5649999999999977,0.11266666666666462,0.0,-0.30700000000000216,0.19134994120719973,0.11266666666666462,0,0,2024,United States Grand Prix,0.0,20,0.0
ZHO,52,0 days 00:01:39.683000,HARD,17.0,True,0 days 02:28:11.181000,29.2,19,46.4,0 days 00:00:26.841000,0 days 00:00:39.974000,0 days 00:00:32.868000,1,99.683,8891.181,0.0,True,False,False,17.0,0.0,0.0,26.841,39.974,32.868,0,0,0,0.0,99.889,0.37025464210427084,-0.5563738480879743,0,1,99.398,99.272,-0.12599999999999056,0.0,0.2850000000000108,-0.273666666666666,0.0,0.15800000000000125,0.3035674554361833,-0.273666666666666,0,0,2024,United States Grand Prix,0.0,20,0.0
ZHO,53,0 days 00:01:39.272000,HARD,18.0,True,0 days 02:29:50.453000,29.3,19,46.0,0 days 00:00:26.745000,0 days 00:00:39.890000,0 days 00:00:32.637000,1,99.272,8990.453,0.0,True,False,False,18.0,0.0,0.0,26.745,39.89,32.637,0,0,0,0.0,99.90059999999998,0.36070112281466865,-1.7427170591951762,1,0,99.683,99.596,-0.0870000000000033,0.2850000000000108,-0.41100000000000136,-0.18566666666666265,0.0,-0.0730000000000004,0.28167854018366356,-0.18566666666666265,0,0,2024,United States Grand Prix,0.0,20,0.0
ZHO,54,0 days 00:01:39.596000,HARD,19.0,True,0 days 02:31:30.049000,29.2,19,46.1,0 days 00:00:26.793000,0 days 00:00:39.976000,0 days 00:00:32.827000,1,99.596,9090.049,0.0,True,False,False,19.0,0.0,0.0,26.793,39.976,32.827,0,0,0,0.0,99.7112,0.39837758471045465,-0.2891728963207862,0,1,99.272,100.061,0.7890000000000015,0.0,0.32399999999999807,-0.23033333333332942,0.0,0.18999999999999773,0.259684038785598,-0.23033333333332942,0,0,2024,United States Grand Prix,0.0,20,0.0
