Driver,LapNumber,LapTime,Compound,TyreLife,IsAccurate,Time,AirTemp,Position,TrackTemp,Sector1Time,Sector2Time,Sector3Time,TrackStatus,LapTimeSec,RaceTimeSec,GapBehindSec,compound_HARD,compound_MEDIUM,compound_nan,TyreAge,GapToLeaderSec,GapAheadSec,Sector1Sec,Sector2Sec,Sector3Sec,IsSC,IsVSC,IsYellow,AEBI,LapTime_roll_mean,LapTime_roll_std,LapTime_z,LapSpikeFast,PrevLapSpikeFast,PrevLapTimeSec,NextLapTimeSec,DeltaNextLapSec,PushIndex,TyreDegRate,TyreDegSmooth,DeltaGapAhead,ERSProxy,ERSVolatility,PushTrend,IsDRSRange,IsUnderAttack,Season,RaceName,TrackLengthKm,TrackCorners,TrackAvgSpeedKph
ALB,4,0 days 00:01:33.079000,nan,,True,0 days 01:04:24.629000,26.5,6,38.6,0 days 00:00:31.543000,0 days 00:00:35.543000,0 days 00:00:25.993000,1,93.079,3864.629,0.5540000000000873,False,False,True,0.0,0.0,0.0,31.543,35.543,25.993,0,0,0,0.0,,,0.0,0,0,93.079,93.836,0.757000000000005,0.0,0.0,0.0,0.0,0.0,0.0,0.0,0,1,2025,Miami Grand Prix,0.0,19,0.0
ALB,5,0 days 00:01:33.836000,nan,,True,0 days 01:05:58.465000,26.4,7,38.4,0 days 00:00:32.120000,0 days 00:00:35.883000,0 days 00:00:25.833000,1,93.836,3958.465,0.7239999999997053,False,False,True,0.0,0.0,0.0,32.12,35.883,25.833,0,0,0,0.0,,,0.0,0,0,93.079,93.206,0.12700000000000955,0.0,0.757000000000005,0.0,0.0,0.0,0.0,0.0,0,1,2025,Miami Grand Prix,0.0,19,0.0
ALB,6,0 days 00:01:33.206000,nan,,True,0 days 01:07:31.671000,26.5,7,38.5,0 days 00:00:31.905000,0 days 00:00:35.236000,0 days 00:00:26.065000,1,93.206,4051.671,0.8810000000003129,False,False,True,0.0,0.0,0.0,31.905,35.236,26.065,0,0,0,0.0,,,0.0,0,0,93.836,92.982,-0.8539999999999992,0.0,-0.6299999999999955,0.3785000000000025,0.0,0.23200000000000287,0.0,0.0,0,1,2025,Miami Grand Prix,0.0,19,0.0
ALB,7,0 days 00:01:32.982000,nan,,True,0 days 01:09:04.653000,26.6,7,38.9,0 days 00:00:31.891000,0 days 00:00:35.159000,0 days 00:00:25.932000,1,92.982,4144.653,0.9459999999999127,False,False,True,0.0,0.0,0.0,31.891,35.159,25.932,0,0,0,0.0,93.37366666666667,0.4053965137163047,-0.9661323011296366,0,0,93.206,93.117,-0.08899999999999864,0.12700000000000955,-0.22400000000000375,0.04233333333333652,0.0,0.0990000000000002,0.1339452624519948,0.06350000000000477,0,1,2025,Miami Grand Prix,0.0,19,0.0
ALB,8,0 days 00:01:33.117000,nan,,True,0 days 01:10:37.770000,26.6,7,38.9,0 days 00:00:32.060000,0 days 00:00:35.217000,0 days 00:00:25.840000,1,93.117,4237.77,1.2439999999996871,False,False,True,0.0,0.0,0.0,32.06,35.217,25.84,0,0,0,0.0,93.27575,0.3845970835389517,-0.41276964073472916,0,0,92.982,93.014,0.031999999999996476,0.0,0.13500000000000512,-0.0323333333333314,0.0,0.0070000000000014495,0.10990109189630595,-0.0323333333333314,0,0,2025,Miami Grand Prix,0.0,19,0.0
ALB,9,0 days 00:01:33.014000,nan,,True,0 days 01:12:10.784000,26.7,7,39.0,0 days 00:00:32.176000,0 days 00:00:35.046000,0 days 00:00:25.792000,1,93.014,4330.784,1.26299999999992,False,False,True,0.0,0.0,0.0,32.176,35.046,25.792,0,0,0,0.0,93.244,0.3405532263831901,-0.675371666399097,0,0,93.117,92.834,-0.28300000000000125,0.13500000000000512,-0.10300000000000864,-0.2396666666666647,0.0,-0.047999999999998266,0.10102623421666371,-0.2396666666666647,0,0,2025,Miami Grand Prix,0.0,19,0.0
ALB,10,0 days 00:01:32.834000,nan,,True,0 days 01:13:43.618000,26.7,7,38.9,0 days 00:00:31.880000,0 days 00:00:35.097000,0 days 00:00:25.857000,1,92.834,4423.618,1.2789999999995416,False,False,True,0.0,0.0,0.0,31.88,35.097,25.857,0,0,0,0.0,93.231,0.34954827992710946,-1.1357515479200095,0,0,93.014,93.569,0.5550000000000068,0.031999999999996476,-0.1799999999999926,-0.06400000000000243,0.0,0.06499999999999773,0.11085801730141183,-0.06400000000000243,0,0,2025,Miami Grand Prix,0.0,19,0.0
ALB,11,0 days 00:01:33.569000,nan,,True,0 days 01:15:17.187000,26.6,7,38.5,0 days 00:00:32.148000,0 days 00:00:35.443000,0 days 00:00:25.978000,1,93.569,4517.187,1.268000000000029,False,False,True,0.0,0.0,0.0,32.148,35.443,25.978,0,0,0,0.0,93.03059999999999,0.14099574461666445,3.8185549603911655,0,0,92.834,93.515,0.6809999999999974,0.0,0.7349999999999994,-0.04933333333333204,0.0,0.18599999999999994,0.10606366012918887,-0.04933333333333204,0,0,2025,Miami Grand Prix,0.0,19,0.0
ALB,12,0 days 00:01:33.515000,nan,,True,0 days 01:16:50.702000,26.8,7,38.2,0 days 00:00:31.922000,0 days 00:00:35.733000,0 days 00:00:25.860000,1,93.515,4610.702,0.8490000000001601,False,False,True,0.0,0.0,0.0,31.922,35.733,25.86,0,0,0,0.0,93.1032,0.2794077665348671,1.473831615731452,0,0,93.569,93.031,-0.5379999999999967,0.7349999999999994,-0.054000000000002046,0.15066666666666606,0.0,0.06799999999999784,0.089273176262525,0.15066666666666606,0,1,2025,Miami Grand Prix,0.0,19,0.0
ALB,13,0 days 00:01:33.031000,nan,,True,0 days 01:18:23.733000,26.7,7,38.2,0 days 00:00:31.919000,0 days 00:00:35.226000,0 days 00:00:25.886000,1,93.031,4703.733,0.9299999999993815,False,False,True,0.0,0.0,0.0,31.919,35.226,25.886,0,0,0,0.0,93.2098,0.32029158590258744,-0.5582413271835843,0,0,93.515,92.701,-0.8140000000000072,0.6809999999999974,-0.48399999999999466,0.1670000000000016,0.0,0.028999999999999915,0.0870936277806812,0.1670000000000016,0,1,2025,Miami Grand Prix,0.0,19,0.0
ALB,14,0 days 00:01:32.701000,nan,,True,0 days 01:19:56.434000,26.6,6,37.6,0 days 00:00:31.716000,0 days 00:00:35.028000,0 days 00:00:25.957000,1,92.701,4796.434,0.35199999999986176,False,False,True,0.0,0.0,0.0,31.716,35.028,25.957,0,0,0,0.0,93.1926,0.32871918106492554,-1.495501413721608,0,0,93.031,92.968,-0.06300000000000239,0.19700000000000273,-0.3300000000000125,0.06566666666666758,0.0,0.09700000000000131,0.0845428885241088,0.06566666666666758,0,1,2025,Miami Grand Prix,0.0,19,0.0
ALB,15,0 days 00:01:32.968000,nan,,True,0 days 01:21:29.402000,26.5,6,37.6,0 days 00:00:31.753000,0 days 00:00:35.325000,0 days 00:00:25.890000,1,92.968,4889.402,0.9219999999995707,False,False,True,0.0,0.0,0.0,31.753,35.325,25.89,0,0,0,0.0,93.13000000000001,0.3944629260146005,-0.4106849828366632,0,0,92.701,92.612,-0.08899999999999864,0.0,0.2670000000000101,-0.2893333333333364,0.0,0.030000000000001137,0.059350652902896116,-0.2893333333333364,0,1,2025,Miami Grand Prix,0.0,19,0.0
ALB,16,0 days 00:01:32.612000,nan,,True,0 days 01:23:02.014000,26.6,6,37.7,0 days 00:00:31.539000,0 days 00:00:35.106000,0 days 00:00:25.967000,1,92.612,4982.014,1.2249999999994543,False,False,True,0.0,0.0,0.0,31.539,35.106,25.967,0,0,0,0.0,93.1568,0.37330979092437294,-1.4593777426812191,0,0,92.968,92.506,-0.4620000000000033,0.2670000000000101,-0.35600000000000875,-0.18233333333333235,0.0,0.08099999999999952,0.06471089552772386,-0.18233333333333235,0,0,2025,Miami Grand Prix,0.0,19,0.0
ALB,17,0 days 00:01:32.506000,nan,,True,0 days 01:24:34.520000,26.5,6,37.6,0 days 00:00:31.540000,0 days 00:00:35.010000,0 days 00:00:25.956000,1,92.506,5074.52,1.5759999999991123,False,False,True,0.0,0.0,0.0,31.54,35.01,25.956,0,0,0,0.0,92.9654,0.3539665238409051,-1.2978628459410066,0,0,92.612,92.648,0.036000000000001364,0.0,-0.10599999999999454,-0.13966666666667038,0.0,0.06599999999999895,0.03053686296920479,-0.13966666666667038,0,0,2025,Miami Grand Prix,0.0,19,0.0
ALB,18,0 days 00:01:32.648000,nan,,True,0 days 01:26:07.168000,26.8,6,37.8,0 days 00:00:31.453000,0 days 00:00:35.214000,0 days 00:00:25.981000,1,92.648,5167.168,2.1850000000004,False,False,True,0.0,0.0,0.0,31.453,35.214,25.981,0,0,0,0.0,92.7636,0.22723402034032555,-0.5087266414899843,0,0,92.506,92.736,0.23000000000000398,0.0,0.1419999999999959,-0.06499999999999773,0.0,0.09100000000000108,0.03043517701607789,-0.06499999999999773,0,0,2025,Miami Grand Prix,0.0,19,0.0
ALB,19,0 days 00:01:32.736000,nan,,True,0 days 01:27:39.904000,26.8,6,38.0,0 days 00:00:31.527000,0 days 00:00:35.204000,0 days 00:00:26.005000,1,92.736,5259.904,1.9949999999998909,False,False,True,0.0,0.0,0.0,31.527,35.204,26.005,0,0,0,0.0,92.687,0.1725282585550319,0.28401144490991836,0,0,92.648,92.601,-0.046999999999997044,0.1419999999999959,0.08800000000000807,-0.10666666666666913,0.0,0.04899999999999949,0.026748831750190487,-0.10666666666666913,0,0,2025,Miami Grand Prix,0.0,19,0.0
ALB,20,0 days 00:01:32.601000,nan,,True,0 days 01:29:12.505000,26.6,6,37.6,0 days 00:00:31.463000,0 days 00:00:35.183000,0 days 00:00:25.955000,1,92.601,5352.505,2.05199999999968,False,False,True,0.0,0.0,0.0,31.463,35.183,25.955,0,0,0,0.0,92.69399999999999,0.17394251924136184,-0.5346593829134034,0,0,92.736,92.551,-0.18500000000000227,0.23000000000000398,-0.13500000000000512,0.041333333333336476,0.0,-0.0010000000000012221,0.024501020386914294,0.041333333333336476,0,0,2025,Miami Grand Prix,0.0,19,0.0
ALB,21,0 days 00:01:32.551000,nan,,True,0 days 01:30:45.056000,26.5,6,37.6,0 days 00:00:31.463000,0 days 00:00:35.096000,0 days 00:00:25.992000,1,92.551,5445.056,2.7140000000008513,False,False,True,0.0,0.0,0.0,31.463,35.096,25.992,0,0,0,0.0,92.6206,0.08315527644134918,-0.8369883785917562,0,0,92.601,92.39,-0.21099999999999852,0.09499999999999886,-0.04999999999999716,0.03166666666666629,0.0,0.037000000000002586,0.036196684931082315,0.03166666666666629,0,0,2025,Miami Grand Prix,0.0,19,0.0
ALB,22,0 days 00:01:32.390000,nan,,True,0 days 01:32:17.446000,26.7,6,37.8,0 days 00:00:31.455000,0 days 00:00:35.143000,0 days 00:00:25.792000,1,92.39,5537.446,3.181999999999789,False,False,True,0.0,0.0,0.0,31.455,35.143,25.792,0,0,0,0.0,92.6084,0.08900168537751675,-2.453886115455224,1,0,92.551,92.397,-0.15399999999999636,0.045000000000001705,-0.16100000000000136,-0.0323333333333314,0.0,-0.1629999999999967,0.03426076473168725,-0.0323333333333314,0,0,2025,Miami Grand Prix,0.0,19,0.0
ALB,23,0 days 00:01:32.397000,nan,,True,0 days 01:33:49.843000,26.8,6,37.9,0 days 00:00:31.485000,0 days 00:00:35.094000,0 days 00:00:25.818000,1,92.397,5629.843,3.342000000000553,False,False,True,0.0,0.0,0.0,31.485,35.094,25.818,0,0,0,0.0,92.58520000000001,0.12865341037081338,-1.4628450148159036,0,1,92.39,92.43,0.04000000000000625,0.0,0.007000000000005002,-0.11533333333333455,0.0,0.0259999999999998,0.09821812460029872,-0.11533333333333455,0,0,2025,Miami Grand Prix,0.0,19,0.0
ALB,24,0 days 00:01:32.430000,nan,,True,0 days 01:35:22.273000,26.8,6,37.7,0 days 00:00:31.406000,0 days 00:00:35.167000,0 days 00:00:25.857000,1,92.43,5722.273,3.757999999999811,False,False,True,0.0,0.0,0.0,31.406,35.167,25.857,0,0,0,0.0,92.535,0.1458440948411929,-0.7199468728186934,0,0,92.397,92.076,-0.32100000000001216,0.007000000000005002,0.03300000000000125,-0.06799999999999784,0.0,0.06499999999999773,0.08728573766658433,-0.06799999999999784,0,0,2025,Miami Grand Prix,0.0,19,0.0
ALB,25,0 days 00:01:32.076000,MEDIUM,1.0,True,0 days 01:36:54.349000,26.8,5,37.5,0 days 00:00:31.323000,0 days 00:00:35.056000,0 days 00:00:25.697000,1,92.076,5814.349,5.4979999999995925,False,True,False,1.0,0.0,0.0,31.323,35.056,25.697,0,0,0,0.0,92.47380000000001,0.0961493629726902,-4.137312902561893,1,0,92.43,91.203,-1.2270000000000039,0.04000000000000625,-0.3540000000000134,-0.0403333333333317,0.0,-0.09500000000000242,0.09025076176963664,-0.0403333333333317,0,0,2025,Miami Grand Prix,0.0,19,0.0
ALB,30,0 days 00:01:31.203000,MEDIUM,6.0,True,0 days 01:45:30.612000,26.5,6,36.4,0 days 00:00:31.274000,0 days 00:00:34.422000,0 days 00:00:25.507000,1,91.203,6330.612,4.661000000000058,False,True,False,6.0,0.0,0.0,31.274,34.422,25.507,0,0,0,0.0,92.36880000000001,0.17601051104996182,-6.62346807043293,1,1,92.076,91.071,-1.0049999999999955,0.0,-0.8729999999999905,-0.10466666666666906,0.0,-0.18999999999999773,0.09808669634563,-0.10466666666666906,0,0,2025,Miami Grand Prix,0.0,19,0.0
ALB,31,0 days 00:01:31.071000,MEDIUM,7.0,True,0 days 01:47:01.683000,26.5,5,36.0,0 days 00:00:30.555000,0 days 00:00:34.786000,0 days 00:00:25.730000,1,91.071,6421.683,1.5039999999999054,False,True,False,7.0,0.0,0.0,30.555,34.786,25.73,0,0,0,0.0,92.0992,0.5211503621797652,-1.9729430786528586,1,1,91.203,91.514,0.31099999999999284,0.0,-0.132000000000005,-0.39800000000000085,0.0,0.22299999999999898,0.11303229626969265,-0.39800000000000085,0,0,2025,Miami Grand Prix,0.0,19,0.0
ALB,32,0 days 00:01:31.514000,MEDIUM,8.0,True,0 days 01:48:33.197000,26.4,5,36.4,0 days 00:00:30.927000,0 days 00:00:34.703000,0 days 00:00:25.884000,1,91.514,6513.197,1.9570000000003347,False,True,False,8.0,0.0,0.0,30.927,34.703,25.884,0,0,0,0.0,91.8354,0.6540392190076496,-0.4914078401715114,0,1,91.071,90.608,-0.46299999999999386,0.0,0.44299999999999784,-0.45300000000000296,0.0,0.3769999999999989,0.15778688158398885,-0.45300000000000296,0,0,2025,Miami Grand Prix,0.0,19,0.0
ALB,34,0 days 00:01:30.608000,HARD,2.0,True,0 days 01:52:03.088000,26.2,5,36.1,0 days 00:00:30.687000,0 days 00:00:34.381000,0 days 00:00:25.540000,1,90.608,6723.088,2.686999999999898,True,False,False,2.0,0.0,0.0,30.687,34.381,25.54,0,0,0,0.0,91.6588,0.5794468914405854,-1.8134535114815453,1,0,91.514,91.143,-0.3709999999999951,0.44299999999999784,-0.9059999999999917,-0.18733333333333255,0.0,0.0329999999999977,0.2303953124523146,-0.18733333333333255,0,0,2025,Miami Grand Prix,0.0,19,0.0
ALB,35,0 days 00:01:31.143000,HARD,3.0,True,0 days 01:53:34.231000,26.1,5,35.9,0 days 00:00:30.875000,0 days 00:00:34.679000,0 days 00:00:25.589000,1,91.143,6814.231,2.3510000000005675,True,False,False,3.0,0.0,0.0,30.875,34.679,25.589,0,0,0,0.0,91.2944,0.5450984314783904,-0.277748001566204,0,1,90.608,90.799,0.1910000000000025,0.0,0.5349999999999966,-0.19833333333333295,0.0,0.04899999999999949,0.23122024132847818,-0.19833333333333295,0,0,2025,Miami Grand Prix,0.0,19,0.0
ALB,36,0 days 00:01:30.799000,HARD,4.0,True,0 days 01:55:05.030000,26.1,5,35.5,0 days 00:00:30.642000,0 days 00:00:34.531000,0 days 00:00:25.626000,1,90.799,6905.03,2.5,True,False,False,4.0,0.0,0.0,30.642,34.531,25.626,0,0,0,0.0,91.1078,0.32651753398589595,-0.9457378788525629,0,0,91.143,91.111,-0.031999999999996476,0.5349999999999966,-0.3439999999999941,0.02400000000000091,0.0,0.08600000000000207,0.21391306645457528,0.02400000000000091,0,0,2025,Miami Grand Prix,0.0,19,0.0
ALB,37,0 days 00:01:31.111000,HARD,5.0,True,0 days 01:56:36.141000,26.1,5,35.7,0 days 00:00:30.777000,0 days 00:00:34.680000,0 days 00:00:25.654000,1,91.111,6996.141,2.7409999999999854,True,False,False,5.0,0.0,0.0,30.777,34.68,25.654,0,0,0,0.0,91.027,0.34644840885799905,0.242460342874407,0,0,90.799,91.363,0.563999999999993,0.1910000000000025,0.3119999999999976,-0.23833333333332973,0.0,0.11400000000000077,0.14558433981716554,-0.23833333333332973,0,0,2025,Miami Grand Prix,0.0,19,0.0
ALB,38,0 days 00:01:31.363000,HARD,6.0,True,0 days 01:58:07.504000,26.2,5,36.0,0 days 00:00:30.941000,0 days 00:00:34.730000,0 days 00:00:25.692000,1,91.363,7087.504,2.463999999999942,True,False,False,6.0,0.0,0.0,30.941,34.73,25.692,0,0,0,0.0,91.035,0.34817596126131223,0.9420524002052891,0,0,91.111,91.351,0.23999999999999488,0.5030000000000001,0.25199999999999534,0.1676666666666667,0.0,0.10300000000000153,0.1406723142626151,0.1676666666666667,0,0,2025,Miami Grand Prix,0.0,19,0.0
ALB,39,0 days 00:01:31.351000,HARD,7.0,True,0 days 01:59:38.855000,26.2,5,35.7,0 days 00:00:30.986000,0 days 00:00:34.745000,0 days 00:00:25.620000,1,91.351,7178.855,2.3010000000003856,True,False,False,7.0,0.0,0.0,30.986,34.745,25.62,0,0,0,0.0,91.0048,0.2993696711429591,1.1564297701842814,0,0,91.363,91.181,-0.18200000000000216,0.7549999999999955,-0.012000000000000455,0.07333333333333296,0.0,-0.006000000000000227,0.03480660856791562,0.07333333333333296,0,0,2025,Miami Grand Prix,0.0,19,0.0
ALB,40,0 days 00:01:31.181000,HARD,8.0,True,0 days 02:01:10.036000,26.2,5,35.5,0 days 00:00:30.830000,0 days 00:00:34.690000,0 days 00:00:25.661000,1,91.181,7270.036,2.4080000000003565,True,False,False,8.0,0.0,0.0,30.83,34.69,25.661,0,0,0,0.0,91.1534,0.22939224049699705,0.12031793202854142,0,0,91.351,90.975,-0.3760000000000048,0.5519999999999925,-0.1700000000000017,0.1839999999999975,0.0,0.04100000000000037,0.04872063217980725,0.1839999999999975,0,0,2025,Miami Grand Prix,0.0,19,0.0
ALB,41,0 days 00:01:30.975000,HARD,9.0,True,0 days 02:02:41.011000,26.2,5,35.1,0 days 00:00:30.568000,0 days 00:00:34.751000,0 days 00:00:25.656000,1,90.975,7361.011,3.157999999999447,True,False,False,9.0,0.0,0.0,30.568,34.751,25.656,0,0,0,0.0,91.161,0.2295909405883245,-0.8101364954705265,0,0,91.181,91.389,0.2079999999999984,0.3819999999999908,-0.20600000000000307,0.02333333333333106,0.0,0.03599999999999781,0.049671923659146355,0.02333333333333106,0,0,2025,Miami Grand Prix,0.0,19,0.0
ALB,42,0 days 00:01:31.389000,HARD,10.0,True,0 days 02:04:12.400000,26.1,5,34.9,0 days 00:00:30.812000,0 days 00:00:34.851000,0 days 00:00:25.726000,1,91.389,7452.4,3.34900000000016,True,False,False,10.0,0.0,0.0,30.812,34.851,25.726,0,0,0,0.0,91.1962,0.16447249010163145,1.1722325106214146,0,0,90.975,91.172,0.19700000000000273,0.0,0.4140000000000015,-0.12933333333333508,0.0,0.1059999999999981,0.0500729467876625,-0.12933333333333508,0,0,2025,Miami Grand Prix,0.0,19,0.0
ALB,43,0 days 00:01:31.172000,HARD,11.0,True,0 days 02:05:43.572000,26.0,5,35.2,0 days 00:00:30.767000,0 days 00:00:34.727000,0 days 00:00:25.678000,1,91.172,7543.572,3.7929999999996653,True,False,False,11.0,0.0,0.0,30.767,34.727,25.678,0,0,0,0.0,91.2518,0.17511481947632668,-0.4557010094213861,0,0,91.389,91.169,-0.21999999999999886,0.4140000000000015,-0.21699999999999875,0.012666666666665568,0.0,0.022000000000002018,0.047900939447990065,0.012666666666665568,0,0,2025,Miami Grand Prix,0.0,19,0.0
ALB,44,0 days 00:01:31.169000,HARD,12.0,True,0 days 02:07:14.741000,26.0,5,35.6,0 days 00:00:30.661000,0 days 00:00:34.798000,0 days 00:00:25.710000,1,91.169,7634.741,3.8109999999996944,True,False,False,12.0,0.0,0.0,30.661,34.798,25.71,0,0,0,0.0,91.2136,0.16535356059132802,-0.2697250657349418,0,0,91.172,91.122,-0.04999999999999716,0.19700000000000273,-0.0030000000000001137,-0.0030000000000001137,0.0,0.054000000000002046,0.04126984371184273,-0.0030000000000001137,0,0,2025,Miami Grand Prix,0.0,19,0.0
ALB,45,0 days 00:01:31.122000,HARD,13.0,True,0 days 02:08:45.863000,26.0,5,35.8,0 days 00:00:30.691000,0 days 00:00:34.776000,0 days 00:00:25.655000,1,91.122,7725.863,4.114999999999782,True,False,False,13.0,0.0,0.0,30.691,34.776,25.655,0,0,0,0.0,91.1772,0.1465032422857389,-0.37678347003636653,0,0,91.169,91.073,-0.09600000000000364,0.19400000000000261,-0.046999999999997044,0.06466666666666754,0.0,-0.022999999999999687,0.032391356871855986,0.06466666666666754,0,0,2025,Miami Grand Prix,0.0,19,0.0
ALB,46,0 days 00:01:31.073000,HARD,14.0,True,0 days 02:10:16.936000,26.0,5,35.4,0 days 00:00:30.741000,0 days 00:00:34.674000,0 days 00:00:25.658000,1,91.073,7816.936,4.6140000000004875,True,False,False,14.0,0.0,0.0,30.741,34.674,25.658,0,0,0,0.0,91.1654,0.1484833323987418,-0.6222920681216809,0,0,91.122,91.012,-0.10999999999999943,0.14700000000000557,-0.049000000000006594,-0.08899999999999864,0.0,0.0030000000000001137,0.047053161424073564,-0.08899999999999864,0,0,2025,Miami Grand Prix,0.0,19,0.0
ALB,47,0 days 00:01:31.012000,HARD,15.0,True,0 days 02:11:47.948000,26.1,5,35.3,0 days 00:00:30.633000,0 days 00:00:34.729000,0 days 00:00:25.650000,1,91.012,7907.948,4.976999999999862,True,False,False,15.0,0.0,0.0,30.633,34.729,25.65,0,0,0,0.0,91.185,0.12098966898141555,-1.4298741492265363,0,0,91.073,91.055,-0.01799999999998647,0.0,-0.06099999999999284,-0.03300000000000125,0.0,-0.005000000000002558,0.04981264899601232,-0.03300000000000125,0,0,2025,Miami Grand Prix,0.0,19,0.0
ALB,48,0 days 00:01:31.055000,HARD,16.0,True,0 days 02:13:19.003000,26.0,5,35.3,0 days 00:00:30.742000,0 days 00:00:34.680000,0 days 00:00:25.633000,1,91.055,7999.003,4.994000000000597,True,False,False,16.0,0.0,0.0,30.742,34.68,25.633,0,0,0,0.0,91.1096,0.06789918998221889,-0.8041333043043949,0,0,91.012,90.839,-0.17300000000000182,0.0,0.043000000000006366,-0.052333333333332156,0.0,-0.01699999999999946,0.02933768907054656,-0.052333333333332156,0,0,2025,Miami Grand Prix,0.0,19,0.0
ALB,49,0 days 00:01:30.839000,HARD,17.0,True,0 days 02:14:49.842000,26.0,5,35.0,0 days 00:00:30.546000,0 days 00:00:34.655000,0 days 00:00:25.638000,1,90.839,8089.842,5.286000000000058,True,False,False,17.0,0.0,0.0,30.546,34.655,25.638,0,0,0,0.0,91.08619999999999,0.060808716482457795,-4.065206672653665,1,0,91.055,90.95,-0.10500000000000398,0.043000000000006366,-0.21600000000000819,-0.022333333333331023,0.0,0.005000000000002558,0.030574499178237565,-0.022333333333331023,0,0,2025,Miami Grand Prix,0.0,19,0.0
ALB,50,0 days 00:01:30.950000,HARD,18.0,True,0 days 02:16:20.792000,26.0,5,35.1,0 days 00:00:30.514000,0 days 00:00:34.738000,0 days 00:00:25.698000,1,90.95,8180.792,5.281999999999243,True,False,False,18.0,0.0,0.0,30.514,34.738,25.698,0,0,0,0.0,91.0202,0.10870004599930846,-0.6458138941399015,0,1,90.839,90.687,-0.15200000000000102,0.0,0.1110000000000042,-0.07799999999999822,0.0,0.06500000000000128,0.012280065146407195,-0.07799999999999822,0,0,2025,Miami Grand Prix,0.0,19,0.0
ALB,51,0 days 00:01:30.687000,HARD,19.0,True,0 days 02:17:51.479000,26.0,5,34.9,0 days 00:00:30.422000,0 days 00:00:34.613000,0 days 00:00:25.652000,1,90.687,8271.479,5.56000000000131,True,False,False,19.0,0.0,0.0,30.422,34.613,25.652,0,0,0,0.0,90.98580000000001,0.09475072559223724,-3.15353785559289,1,0,90.95,90.684,-0.26600000000000534,0.1110000000000042,-0.26300000000000523,-0.020666666666665872,0.0,0.019000000000001904,0.031830802691732996,-0.020666666666665872,0,0,2025,Miami Grand Prix,0.0,19,0.0
ALB,52,0 days 00:01:30.684000,HARD,20.0,True,0 days 02:19:22.163000,25.9,5,34.9,0 days 00:00:30.417000,0 days 00:00:34.641000,0 days 00:00:25.626000,1,90.684,8362.163,5.84900000000016,True,False,False,20.0,0.0,0.0,30.417,34.641,25.626,0,0,0,0.0,90.9086,0.14814621156231056,-1.5160698179955976,1,1,90.687,90.688,0.0010000000000047748,0.0,-0.0030000000000001137,-0.12266666666666974,0.0,-0.012000000000000455,0.03173011188130353,-0.12266666666666974,0,0,2025,Miami Grand Prix,0.0,19,0.0
ALB,53,0 days 00:01:30.688000,HARD,21.0,True,0 days 02:20:52.851000,26.0,5,34.8,0 days 00:00:30.313000,0 days 00:00:34.679000,0 days 00:00:25.696000,1,90.688,8452.851,6.1489999999994325,True,False,False,21.0,0.0,0.0,30.313,34.679,25.696,0,0,0,0.0,90.84299999999999,0.16280816932903827,-0.952040678540701,0,1,90.684,90.657,-0.027000000000001023,0.0,0.0040000000000048885,-0.05166666666666705,0.0,0.07000000000000028,0.032878564445547584,-0.05166666666666705,0,0,2025,Miami Grand Prix,0.0,19,0.0
ALB,54,0 days 00:01:30.657000,HARD,22.0,True,0 days 02:22:23.508000,25.9,5,34.9,0 days 00:00:30.261000,0 days 00:00:34.689000,0 days 00:00:25.707000,1,90.657,8543.508,6.404000000000451,True,False,False,22.0,0.0,0.0,30.261,34.689,25.707,0,0,0,0.0,90.7696,0.12059145906854073,-0.9337311354363983,0,0,90.688,90.482,-0.20600000000000307,0.0040000000000048885,-0.03100000000000591,-0.08733333333333348,0.0,0.08099999999999952,0.03651438072869364,-0.08733333333333348,0,0,2025,Miami Grand Prix,0.0,19,0.0
ALB,55,0 days 00:01:30.482000,HARD,23.0,True,0 days 02:23:53.990000,25.9,5,34.9,0 days 00:00:30.251000,0 days 00:00:34.618000,0 days 00:00:25.613000,1,90.482,8633.99,6.751000000000204,True,False,False,23.0,0.0,0.0,30.251,34.618,25.613,0,0,0,0.0,90.7332,0.12186755105557515,-2.061254188044221,1,0,90.657,90.675,0.018000000000000682,0.0,-0.17499999999999716,-0.010000000000000378,0.0,-0.013000000000001677,0.039513288903861105,-0.010000000000000378,0,0,2025,Miami Grand Prix,0.0,19,0.0
ALB,56,0 days 00:01:30.675000,HARD,24.0,True,0 days 02:25:24.665000,26.0,5,34.9,0 days 00:00:30.296000,0 days 00:00:34.711000,0 days 00:00:25.668000,1,90.675,8724.665,7.0129999999990105,True,False,False,24.0,0.0,0.0,30.296,34.711,25.668,0,0,0,0.0,90.6396,0.08902415402738313,0.39764489072377923,0,1,90.482,90.577,0.09499999999999886,0.0,0.19299999999999784,-0.06733333333333273,0.0,0.054999999999999716,0.044525273721786655,-0.06733333333333273,0,0,2025,Miami Grand Prix,0.0,19,0.0
ALO,4,0 days 00:01:33.693000,nan,,True,0 days 01:04:34.995000,26.5,17,38.6,0 days 00:00:32.222000,0 days 00:00:35.543000,0 days 00:00:25.928000,1,93.693,3874.995,1.5579999999999927,False,False,True,0.0,0.0,0.0,32.222,35.543,25.928,0,0,0,0.0,90.61580000000001,0.08634639540995818,35.637851301029556,0,0,93.693,94.064,0.3709999999999951,3.2109999999999985,0.0,-0.0266666666666661,0.0,0.33800000000000097,0.04848711168960282,0.0,0,0,2025,Miami Grand Prix,0.0,19,0.0
ALO,5,0 days 00:01:34.064000,nan,,True,0 days 01:06:09.059000,26.4,17,38.4,0 days 00:00:32.409000,0 days 00:00:35.579000,0 days 00:00:26.076000,1,94.064,3969.059,1.6169999999997344,False,False,True,0.0,0.0,0.0,32.409,35.579,26.076,0,0,0,0.0,,,0.0,0,0,93.693,93.695,0.001999999999995339,0.0,0.3709999999999951,0.0,0.0,0.0,0.0,0.0,0,0,2025,Miami Grand Prix,0.0,19,0.0
ALO,6,0 days 00:01:33.695000,nan,,True,0 days 01:07:42.754000,26.5,17,38.5,0 days 00:00:32.251000,0 days 00:00:35.443000,0 days 00:00:26.001000,1,93.695,4062.754,2.2170000000000982,False,False,True,0.0,0.0,0.0,32.251,35.443,26.001,0,0,0,0.0,,,0.0,0,0,94.064,93.485,-0.5789999999999935,0.0,-0.3689999999999998,0.18549999999999756,0.0,0.0730000000000004,0.0,0.0,0,0,2025,Miami Grand Prix,0.0,19,0.0
ALO,7,0 days 00:01:33.485000,nan,,True,0 days 01:09:16.239000,26.6,17,38.9,0 days 00:00:31.820000,0 days 00:00:35.669000,0 days 00:00:25.996000,1,93.485,4156.239,2.7510000000002037,False,False,True,0.0,0.0,0.0,31.82,35.669,25.996,0,0,0,0.0,93.81733333333334,0.21362194019653666,-1.5557078688995354,1,0,93.695,93.387,-0.3079999999999927,0.001999999999995339,-0.20999999999999375,0.000666666666665113,0.0,0.06799999999999784,0.17785668387777887,0.0009999999999976694,0,0,2025,Miami Grand Prix,0.0,19,0.0
ALO,8,0 days 00:01:33.387000,nan,,True,0 days 01:10:49.626000,26.7,17,38.9,0 days 00:00:31.809000,0 days 00:00:35.579000,0 days 00:00:25.999000,1,93.387,4249.626,3.451000000000022,False,False,True,0.0,0.0,0.0,31.809,35.579,25.999,0,0,0,0.0,93.73425,0.2409029887734902,-1.441451605760298,0,1,93.485,101.044,7.5589999999999975,0.0,-0.09799999999999898,-0.0693333333333328,0.0,0.0030000000000001137,0.14926123631628832,-0.0693333333333328,0,0,2025,Miami Grand Prix,0.0,19,0.0
ALO,9,0 days 00:01:41.044000,nan,,True,0 days 01:12:30.670000,26.7,18,39.0,0 days 00:00:31.805000,0 days 00:00:42.854000,0 days 00:00:26.385000,1,101.044,4350.67,4.994999999999891,False,False,True,0.0,0.0,0.0,31.805,42.854,26.385,0,0,0,0.0,93.66479999999999,0.260081141184824,28.372683872361428,0,0,93.387,93.184,-0.20300000000000296,0.0,7.6569999999999965,-0.22566666666666416,0.0,0.3890000000000029,0.1394105447948617,-0.22566666666666416,0,0,2025,Miami Grand Prix,0.0,19,0.0
ALO,10,0 days 00:01:33.184000,nan,,True,0 days 01:14:03.854000,26.6,18,38.5,0 days 00:00:31.537000,0 days 00:00:35.478000,0 days 00:00:26.169000,1,93.184,4443.854,6.014999999999418,False,False,True,0.0,0.0,0.0,31.537,35.478,26.169,0,0,0,0.0,95.135,3.3134168919711895,-0.5888181486391033,0,0,101.044,93.184,-7.859999999999999,7.6569999999999965,-7.859999999999999,2.4496666666666678,0.0,0.17300000000000182,0.16160538357369297,2.4496666666666678,0,0,2025,Miami Grand Prix,0.0,19,0.0
ALO,11,0 days 00:01:33.184000,nan,,True,0 days 01:15:37.038000,26.6,18,38.5,0 days 00:00:31.676000,0 days 00:00:35.344000,0 days 00:00:26.164000,1,93.184,4537.038,6.821000000000822,False,False,True,0.0,0.0,0.0,31.676,35.344,26.164,0,0,0,0.0,94.95899999999999,3.4065894234556677,-0.5210489963300066,0,0,93.184,92.548,-0.6359999999999957,0.0,0.0,-0.10033333333333398,0.0,0.1650000000000027,0.15126532980164506,-0.10033333333333398,0,0,2025,Miami Grand Prix,0.0,19,0.0
ALO,12,0 days 00:01:32.548000,nan,,True,0 days 01:17:09.586000,26.8,18,38.2,0 days 00:00:31.205000,0 days 00:00:35.279000,0 days 00:00:26.064000,1,92.548,4629.586,8.359999999999673,False,False,True,0.0,0.0,0.0,31.205,35.279,26.064,0,0,0,0.0,94.85679999999999,3.461217661459623,-0.6670484857708577,0,0,93.184,92.982,-0.20199999999999818,0.0,-0.6359999999999957,-0.06766666666666765,0.0,-0.10000000000000142,0.1464131141667318,-0.06766666666666765,0,0,2025,Miami Grand Prix,0.0,19,0.0
ALO,13,0 days 00:01:32.982000,nan,,True,0 days 01:18:42.568000,26.7,18,38.2,0 days 00:00:31.419000,0 days 00:00:35.581000,0 days 00:00:25.982000,1,92.982,4722.568,9.72899999999936,False,False,True,0.0,0.0,0.0,31.419,35.581,25.982,0,0,0,0.0,94.6694,3.577472543570394,-0.4716737807066258,0,0,92.548,93.132,0.5840000000000032,0.0,0.4339999999999975,-2.8319999999999985,0.0,-0.08200000000000074,0.18648324321504234,-2.8319999999999985,0,0,2025,Miami Grand Prix,0.0,19,0.0
ALO,14,0 days 00:01:33.132000,nan,,True,0 days 01:20:15.700000,26.6,18,37.6,0 days 00:00:31.609000,0 days 00:00:35.511000,0 days 00:00:26.012000,1,93.132,4815.7,11.195000000000618,False,False,True,0.0,0.0,0.0,31.609,35.511,26.012,0,0,0,0.0,94.58840000000001,3.618121169889149,-0.40252936029907005,0,0,92.982,93.29,0.30800000000000693,0.4339999999999975,0.15000000000000568,-0.06733333333333273,0.0,0.030000000000001137,0.20358904685665377,-0.06733333333333273,0,0,2025,Miami Grand Prix,0.0,19,0.0
ALO,15,0 days 00:01:33.290000,nan,,True,0 days 01:21:48.990000,26.5,18,37.7,0 days 00:00:31.480000,0 days 00:00:35.713000,0 days 00:00:26.097000,1,93.29,4908.99,12.597000000000662,False,False,True,0.0,0.0,0.0,31.48,35.713,26.097,0,0,0,0.0,93.006,0.2690650478974538,1.0555068457209806,0,0,93.132,93.246,0.11399999999999011,0.5840000000000032,0.15800000000000125,-0.01733333333333083,0.0,0.11500000000000199,0.13024860843786562,-0.01733333333333083,0,0,2025,Miami Grand Prix,0.0,19,0.0
ALO,16,0 days 00:01:33.246000,nan,,True,0 days 01:23:22.236000,26.6,18,37.7,0 days 00:00:31.532000,0 days 00:00:35.611000,0 days 00:00:26.103000,1,93.246,5002.236,13.752000000000407,False,False,True,0.0,0.0,0.0,31.532,35.611,26.103,0,0,0,0.0,93.02720000000001,0.2899606869905981,0.7545850517559367,0,0,93.29,93.477,0.1869999999999976,0.7420000000000044,-0.04400000000001114,0.24733333333333482,0.0,0.12100000000000222,0.11704400881719838,0.24733333333333482,0,0,2025,Miami Grand Prix,0.0,19,0.0
ALO,17,0 days 00:01:33.477000,nan,,True,0 days 01:24:55.713000,26.7,18,37.6,0 days 00:00:31.542000,0 days 00:00:35.794000,0 days 00:00:26.141000,1,93.477,5095.713,15.095000000000255,False,False,True,0.0,0.0,0.0,31.542,35.794,26.141,0,0,0,0.0,93.0396,0.29951093469197254,1.460380738519107,0,0,93.246,93.313,0.06700000000000728,0.6979999999999933,0.23100000000000875,0.0879999999999986,0.0,0.12899999999999778,0.1049747588708845,0.0879999999999986,0,0,2025,Miami Grand Prix,0.0,19,0.0
ALO,18,0 days 00:01:33.313000,nan,,True,0 days 01:26:29.026000,26.8,18,37.8,0 days 00:00:31.564000,0 days 00:00:35.553000,0 days 00:00:26.196000,1,93.313,5189.026,16.503999999999905,False,False,True,0.0,0.0,0.0,31.564,35.553,26.196,0,0,0,0.0,93.22540000000001,0.18430084101831115,0.4753098223316915,0,0,93.477,93.239,-0.23799999999999955,0.49500000000000455,-0.16400000000000148,0.11499999999999962,0.0,0.0990000000000002,0.09019035425143912,0.11499999999999962,0,0,2025,Miami Grand Prix,0.0,19,0.0
ALO,19,0 days 00:01:33.239000,nan,,True,0 days 01:28:02.265000,26.8,18,37.9,0 days 00:00:31.475000,0 days 00:00:35.621000,0 days 00:00:26.143000,1,93.239,5282.265,17.76599999999962,False,False,True,0.0,0.0,0.0,31.475,35.621,26.143,0,0,0,0.0,93.2916,0.12488514723559208,-0.42118699592650427,0,0,93.313,93.19,-0.12300000000000466,0.18099999999999739,-0.07399999999999807,0.007666666666665378,0.0,0.03999999999999915,0.04000249992187952,0.007666666666665378,0,0,2025,Miami Grand Prix,0.0,19,0.0
ALO,20,0 days 00:01:33.190000,nan,,True,0 days 01:29:35.455000,26.6,16,37.6,0 days 00:00:31.547000,0 days 00:00:35.599000,0 days 00:00:26.044000,1,93.19,5375.455,19.024000000000342,False,False,True,0.0,0.0,0.0,31.547,35.599,26.044,0,0,0,0.0,93.31300000000002,0.09668246997287354,-1.2722058097453377,0,0,93.239,93.521,0.2819999999999965,0.0,-0.049000000000006594,-0.002333333333330264,0.0,-0.09699999999999775,0.03572394155185055,-0.002333333333330264,0,0,2025,Miami Grand Prix,0.0,19,0.0
ALO,21,0 days 00:01:33.521000,nan,,True,0 days 01:31:08.976000,26.6,16,37.8,0 days 00:00:31.508000,0 days 00:00:35.756000,0 days 00:00:26.257000,1,93.521,5468.976,10.173999999999978,False,False,True,0.0,0.0,0.0,31.508,35.756,26.257,0,0,0,0.0,93.293,0.11179221797627696,2.0394979554692934,0,0,93.19,93.504,0.31400000000000716,0.0,0.33100000000000307,-0.09566666666666872,0.0,0.21300000000000097,0.09359380321367346,-0.09566666666666872,0,0,2025,Miami Grand Prix,0.0,19,0.0
ALO,22,0 days 00:01:33.504000,nan,,True,0 days 01:32:42.480000,26.7,16,37.8,0 days 00:00:31.747000,0 days 00:00:35.670000,0 days 00:00:26.087000,1,93.504,5562.48,9.084000000000742,False,False,True,0.0,0.0,0.0,31.747,35.67,26.087,0,0,0,0.0,93.348,0.14546477236794197,1.0724245977948248,0,0,93.521,93.461,-0.060000000000002274,0.33100000000000307,-0.016999999999995907,0.0693333333333328,0.0,0.04299999999999926,0.115465146256348,0.0693333333333328,0,0,2025,Miami Grand Prix,0.0,19,0.0
ALO,23,0 days 00:01:33.461000,nan,,True,0 days 01:34:15.941000,26.8,15,37.9,0 days 00:00:31.632000,0 days 00:00:35.739000,0 days 00:00:26.090000,1,93.461,5655.941,8.046000000000276,False,False,True,0.0,0.0,0.0,31.632,35.739,26.09,0,0,0,0.0,93.3534,0.15181337227022454,0.7087649684013299,0,0,93.504,93.165,-0.33899999999999864,0.31400000000000716,-0.043000000000006366,0.08833333333333353,0.0,0.045999999999999375,0.11210173950479056,0.08833333333333353,0,0,2025,Miami Grand Prix,0.0,19,0.0
ALO,24,0 days 00:01:33.165000,HARD,2.0,True,0 days 01:35:49.106000,26.8,14,37.7,0 days 00:00:31.426000,0 days 00:00:35.647000,0 days 00:00:26.092000,1,93.165,5749.106,5.286000000000058,True,False,False,2.0,0.0,0.0,31.426,35.647,26.092,0,0,0,0.0,93.38300000000001,0.15632818044120922,-1.3945022540704834,0,0,93.461,93.268,-0.19299999999999784,0.2710000000000008,-0.29599999999999227,0.0903333333333336,0.0,0.004999999999999005,0.10992952287715946,0.0903333333333336,0,0,2025,Miami Grand Prix,0.0,19,0.0
ALO,25,0 days 00:01:33.268000,HARD,3.0,True,0 days 01:37:22.374000,26.8,14,37.5,0 days 00:00:31.345000,0 days 00:00:35.905000,0 days 00:00:26.018000,1,93.268,5842.374,3.662000000000262,True,False,False,3.0,0.0,0.0,31.345,35.905,26.018,0,0,0,0.0,93.3682,0.17567498399048936,-0.5703714764842418,0,0,93.165,93.205,0.03999999999999204,0.0,0.10299999999999443,-0.11866666666666485,0.0,-0.06899999999999906,0.11174524598388938,-0.11866666666666485,0,0,2025,Miami Grand Prix,0.0,19,0.0
ALO,26,0 days 00:01:33.205000,HARD,4.0,True,0 days 01:38:55.579000,26.6,14,37.2,0 days 00:00:31.499000,0 days 00:00:35.652000,0 days 00:00:26.054000,1,93.205,5935.579,2.3100000000004,True,False,False,4.0,0.0,0.0,31.499,35.652,26.054,0,0,0,0.0,93.3838,0.15852034569751314,-1.1279309240290183,0,0,93.268,93.003,-0.26500000000000057,0.10299999999999443,-0.06300000000000239,-0.07866666666666806,0.0,0.03599999999999781,0.10343016967983786,-0.07866666666666806,0,0,2025,Miami Grand Prix,0.0,19,0.0
ALO,27,0 days 00:01:33.003000,HARD,5.0,True,0 days 01:40:28.582000,26.6,14,37.0,0 days 00:00:31.393000,0 days 00:00:35.491000,0 days 00:00:26.119000,1,93.003,6028.582,1.2089999999998327,True,False,False,5.0,0.0,0.0,31.393,35.491,26.119,0,0,0,0.0,93.3206,0.1530434578806239,-2.075227549077801,1,0,93.205,92.823,-0.382000000000005,0.03999999999999204,-0.20199999999999818,-0.08533333333333341,0.0,0.10099999999999909,0.048225511920558406,-0.08533333333333341,0,0,2025,Miami Grand Prix,0.0,19,0.0
ALO,30,0 days 00:01:32.823000,HARD,8.0,True,0 days 01:45:58.786000,26.5,15,36.0,0 days 00:00:31.384000,0 days 00:00:35.288000,0 days 00:00:26.151000,1,92.823,6358.786,1.0630000000001019,True,False,False,8.0,0.0,0.0,31.384,35.288,26.151,0,0,0,0.0,93.2204,0.16637547896266838,-2.388573138768688,1,1,93.003,92.855,-0.14799999999999613,0.0,-0.18000000000000682,-0.054000000000002046,0.0,0.13299999999999912,0.062383491405979465,-0.054000000000002046,0,0,2025,Miami Grand Prix,0.0,19,0.0
ALO,31,0 days 00:01:32.855000,HARD,9.0,True,0 days 01:47:31.641000,26.5,15,36.0,0 days 00:00:31.093000,0 days 00:00:35.535000,0 days 00:00:26.227000,1,92.855,6451.641,1.1820000000006985,True,False,False,9.0,0.0,0.0,31.093,35.535,26.227,0,0,0,0.0,93.0928,0.17982825139576075,-1.322372864965748,0,1,92.823,92.364,-0.458999999999989,0.0,0.03200000000001069,-0.1483333333333358,0.0,0.17300000000000182,0.07981979704308892,-0.1483333333333358,0,0,2025,Miami Grand Prix,0.0,19,0.0
ALO,34,0 days 00:01:32.364000,MEDIUM,3.0,True,0 days 01:52:36.345000,26.2,15,36.1,0 days 00:00:30.901000,0 days 00:00:35.435000,0 days 00:00:26.028000,1,92.364,6756.345,1.2299999999995634,False,True,False,3.0,0.0,0.0,30.901,35.435,26.028,0,0,0,0.0,93.0308,0.20091590280526783,-3.3188015019710626,1,0,92.855,92.44,-0.41500000000000625,0.03200000000001069,-0.49099999999999966,-0.11666666666666477,0.0,-0.09100000000000108,0.0947375321612297,-0.11666666666666477,0,0,2025,Miami Grand Prix,0.0,19,0.0
ALO,35,0 days 00:01:32.440000,MEDIUM,4.0,True,0 days 01:54:08.785000,26.1,15,35.8,0 days 00:00:31.068000,0 days 00:00:35.361000,0 days 00:00:26.011000,1,92.44,6848.785,1.123000000000502,False,True,False,4.0,0.0,0.0,31.068,35.361,26.011,0,0,0,0.0,92.85,0.3107989703973489,-1.319180689291929,0,1,92.364,92.227,-0.13700000000000045,0.0,0.0759999999999934,-0.2129999999999986,0.0,-0.01699999999999946,0.10321724662090236,-0.2129999999999986,0,0,2025,Miami Grand Prix,0.0,19,0.0
ALO,36,0 days 00:01:32.227000,MEDIUM,5.0,True,0 days 01:55:41.012000,26.1,15,35.5,0 days 00:00:30.976000,0 days 00:00:35.239000,0 days 00:00:26.012000,1,92.227,6941.012,1.2830000000003565,False,True,False,5.0,0.0,0.0,30.976,35.239,26.012,0,0,0,0.0,92.697,0.2790224005345264,-1.684452571190035,1,0,92.44,92.641,0.20100000000000762,0.0759999999999934,-0.21299999999999386,-0.12766666666666518,0.0,0.0010000000000012221,0.11012356696002956,-0.12766666666666518,0,0,2025,Miami Grand Prix,0.0,19,0.0
ALO,37,0 days 00:01:32.641000,MEDIUM,6.0,True,0 days 01:57:13.653000,26.1,15,36.0,0 days 00:00:30.952000,0 days 00:00:35.816000,0 days 00:00:25.873000,1,92.641,7033.653,1.6409999999996217,False,True,False,6.0,0.0,0.0,30.952,35.816,25.873,0,0,0,0.0,92.5418,0.28206506341630877,0.35169190681937795,0,1,92.227,91.287,-0.9399999999999977,0.0,0.4140000000000015,-0.20933333333333337,0.0,-0.13799999999999812,0.10985080791692027,-0.20933333333333337,0,0,2025,Miami Grand Prix,0.0,19,0.0
ALO,38,0 days 00:01:31.287000,MEDIUM,7.0,True,0 days 01:58:44.940000,26.2,15,36.0,0 days 00:00:30.523000,0 days 00:00:34.918000,0 days 00:00:25.846000,1,91.287,7124.94,2.6520000000000437,False,True,False,7.0,0.0,0.0,30.523,34.918,25.846,0,0,0,0.0,92.5054,0.24616315727591578,-4.94956277569322,1,0,92.641,92.011,-0.6300000000000097,0.4140000000000015,-1.3539999999999992,0.09233333333333367,0.0,-0.027000000000001023,0.11885621565572457,0.09233333333333367,0,0,2025,Miami Grand Prix,0.0,19,0.0
ALO,39,0 days 00:01:32.011000,MEDIUM,8.0,True,0 days 02:00:16.951000,26.2,15,35.7,0 days 00:00:30.683000,0 days 00:00:35.400000,0 days 00:00:25.928000,1,92.011,7216.951,2.8779999999997017,False,True,False,8.0,0.0,0.0,30.683,35.4,25.928,0,0,0,0.0,92.19180000000001,0.5274795730642472,-0.3427620883017543,0,1,91.287,92.077,0.789999999999992,0.0,0.7239999999999895,-0.38433333333333053,0.0,0.08200000000000074,0.05819621980850623,-0.38433333333333053,0,0,2025,Miami Grand Prix,0.0,19,0.0
ALO,40,0 days 00:01:32.077000,MEDIUM,9.0,True,0 days 02:01:49.028000,26.2,15,35.1,0 days 00:00:30.915000,0 days 00:00:35.247000,0 days 00:00:25.915000,1,92.077,7309.028,2.9669999999996435,False,True,False,9.0,0.0,0.0,30.915,35.247,25.915,0,0,0,0.0,92.1212,0.5222673644791918,-0.08463098214854012,0,0,92.011,92.121,0.10999999999999943,0.7239999999999895,0.0660000000000025,-0.07200000000000273,0.0,0.06899999999999906,0.07878261229484552,-0.07200000000000273,0,0,2025,Miami Grand Prix,0.0,19,0.0
ALO,41,0 days 00:01:32.121000,MEDIUM,10.0,True,0 days 02:03:21.149000,26.1,15,34.9,0 days 00:00:30.866000,0 days 00:00:35.326000,0 days 00:00:25.929000,1,92.121,7401.149,3.0270000000000437,False,True,False,10.0,0.0,0.0,30.866,35.326,25.929,0,0,0,0.0,92.0486,0.49117695385679633,0.14740105257688896,0,0,92.077,92.246,0.16899999999999693,0.789999999999992,0.04399999999999693,-0.1880000000000024,0.0,0.08299999999999841,0.08835326819082522,-0.1880000000000024,0,0,2025,Miami Grand Prix,0.0,19,0.0
ALO,42,0 days 00:01:32.246000,MEDIUM,11.0,True,0 days 02:04:53.395000,26.0,15,35.2,0 days 00:00:30.961000,0 days 00:00:35.254000,0 days 00:00:26.031000,1,92.246,7493.395,2.9859999999998763,False,True,False,11.0,0.0,0.0,30.961,35.254,26.031,0,0,0,0.0,92.02739999999999,0.4837838360260093,0.4518546998090627,0,0,92.121,91.947,-0.17399999999999238,0.833999999999989,0.125,0.2779999999999963,0.0,0.11599999999999966,0.09642976718835229,0.2779999999999963,0,0,2025,Miami Grand Prix,0.0,19,0.0
ALO,43,0 days 00:01:31.947000,MEDIUM,12.0,True,0 days 02:06:25.342000,26.0,15,35.3,0 days 00:00:30.795000,0 days 00:00:35.212000,0 days 00:00:25.940000,1,91.947,7585.342,3.229000000000269,False,True,False,12.0,0.0,0.0,30.795,35.212,25.94,0,0,0,0.0,91.9484,0.3795600084308617,-0.0036884813175960766,0,0,92.246,91.96,-0.28600000000000136,0.958999999999989,-0.2989999999999924,0.07833333333333314,0.0,0.02500000000000213,0.05406755034214171,0.07833333333333314,0,0,2025,Miami Grand Prix,0.0,19,0.0
ALO,44,0 days 00:01:31.960000,MEDIUM,13.0,True,0 days 02:07:57.302000,26.0,15,35.8,0 days 00:00:30.765000,0 days 00:00:35.301000,0 days 00:00:25.894000,1,91.96,7677.302,3.6220000000002983,False,True,False,13.0,0.0,0.0,30.765,35.301,25.894,0,0,0,0.0,92.0804,0.11368289229275166,-1.0590863547872649,0,0,91.947,91.928,-0.019000000000005457,0.0,0.012999999999991019,-0.043333333333331815,0.0,-0.03500000000000014,0.03290136775272327,-0.043333333333331815,0,0,2025,Miami Grand Prix,0.0,19,0.0
ALO,45,0 days 00:01:31.928000,MEDIUM,14.0,True,0 days 02:09:29.230000,26.0,15,35.7,0 days 00:00:30.700000,0 days 00:00:35.244000,0 days 00:00:25.984000,1,91.928,7769.23,6.23200000000088,False,True,False,14.0,0.0,0.0,30.7,35.244,25.984,0,0,0,0.0,92.0702,0.12334382838247278,-1.1528748690940522,0,0,91.96,92.259,0.2990000000000066,0.012999999999991019,-0.031999999999996476,-0.05366666666666712,0.0,0.09000000000000341,0.05840205475837245,-0.05366666666666712,0,0,2025,Miami Grand Prix,0.0,19,0.0
ALO,46,0 days 00:01:32.259000,MEDIUM,15.0,True,0 days 02:11:01.489000,26.1,15,35.3,0 days 00:00:30.830000,0 days 00:00:35.400000,0 days 00:00:26.029000,1,92.259,7861.489,8.568000000000211,False,True,False,15.0,0.0,0.0,30.83,35.4,26.029,0,0,0,0.0,92.0404,0.13837376919070812,1.5797791827056347,0,0,91.928,93.466,1.5379999999999967,0.0,0.33100000000000307,-0.10599999999999928,0.0,0.13500000000000156,0.06067701376963108,-0.10599999999999928,0,0,2025,Miami Grand Prix,0.0,19,0.0
ALO,47,0 days 00:01:33.466000,MEDIUM,16.0,True,0 days 02:12:34.955000,26.0,15,35.3,0 days 00:00:31.184000,0 days 00:00:36.583000,0 days 00:00:25.699000,1,93.466,7954.955,7.764000000000124,False,True,False,16.0,0.0,0.0,31.184,36.583,25.699,0,0,0,0.0,92.06800000000001,0.16887125273427886,8.2784960575839,0,0,92.259,92.556,0.29699999999999704,0.33100000000000307,1.2069999999999936,0.1039999999999992,0.0,-0.19499999999999673,0.07021182236632269,0.1039999999999992,0,0,2025,Miami Grand Prix,0.0,19,0.0
ALO,48,0 days 00:01:32.556000,MEDIUM,17.0,True,0 days 02:14:07.511000,26.1,15,35.0,0 days 00:00:31.047000,0 days 00:00:35.421000,0 days 00:00:26.088000,1,92.556,8047.511,7.72899999999936,False,True,False,17.0,0.0,0.0,31.047,35.421,26.088,0,0,0,0.0,92.31199999999998,0.6593765995241643,0.370046495699264,0,0,93.466,93.964,0.49800000000000466,1.5379999999999967,-0.9099999999999966,0.5020000000000001,0.0,0.38899999999999935,0.12856904759700116,0.5020000000000001,0,0,2025,Miami Grand Prix,0.0,19,0.0
ALO,49,0 days 00:01:33.964000,MEDIUM,18.0,True,0 days 02:15:41.475000,26.0,15,35.0,0 days 00:00:32.266000,0 days 00:00:35.606000,0 days 00:00:26.092000,1,93.964,8141.475,5.808999999999287,False,True,False,18.0,0.0,0.0,32.266,35.606,26.092,0,0,0,0.0,92.43379999999999,0.6307227600142986,2.426105568103041,0,0,92.556,92.935,0.3790000000000049,0.6280000000000001,1.4080000000000013,0.20933333333333337,0.0,0.39299999999999713,0.21645138022197857,0.20933333333333337,0,0,2025,Miami Grand Prix,0.0,19,0.0
ALO,50,0 days 00:01:32.935000,MEDIUM,19.0,True,0 days 02:17:14.410000,26.0,15,35.0,0 days 00:00:31.294000,0 days 00:00:35.470000,0 days 00:00:26.171000,1,92.935,8234.41,4.643000000000029,False,True,False,19.0,0.0,0.0,31.294,35.47,26.171,0,0,0,0.0,92.8346,0.8522128842020993,0.11781093886418888,0,0,93.964,92.227,-1.7369999999999948,2.0360000000000014,-1.0289999999999964,0.5683333333333328,0.0,0.47199999999999775,0.24405491185386718,0.5683333333333328,0,0,2025,Miami Grand Prix,0.0,19,0.0
ALO,51,0 days 00:01:32.227000,MEDIUM,20.0,True,0 days 02:18:46.637000,26.0,15,34.9,0 days 00:00:30.766000,0 days 00:00:35.640000,0 days 00:00:25.821000,1,92.227,8326.637,4.444999999999709,False,True,False,20.0,0.0,0.0,30.766,35.64,25.821,0,0,0,0.0,93.036,0.6874616352932434,-1.1767929415507101,0,0,92.935,91.981,-0.9540000000000077,0.6760000000000019,-0.7079999999999984,-0.17699999999999724,0.0,-0.26699999999999946,0.27371371905697145,-0.17699999999999724,0,0,2025,Miami Grand Prix,0.0,19,0.0
ALO,52,0 days 00:01:31.981000,MEDIUM,21.0,True,0 days 02:20:18.618000,26.0,15,35.0,0 days 00:00:30.515000,0 days 00:00:35.392000,0 days 00:00:26.074000,1,91.981,8418.618,4.743999999998778,False,True,False,21.0,0.0,0.0,30.515,35.392,26.074,0,0,0,0.0,93.02959999999999,0.6965919178400357,-1.5053289783370587,1,0,92.227,92.609,0.3819999999999908,0.0,-0.24600000000000932,-0.10966666666666451,0.0,0.2530000000000001,0.3579159119122794,-0.10966666666666451,0,0,2025,Miami Grand Prix,0.0,19,0.0
ALO,53,0 days 00:01:32.609000,MEDIUM,22.0,True,0 days 02:21:51.227000,25.9,15,34.9,0 days 00:00:30.861000,0 days 00:00:35.644000,0 days 00:00:26.104000,1,92.609,8511.227,4.40099999999984,False,True,False,22.0,0.0,0.0,30.861,35.644,26.104,0,0,0,0.0,92.7326,0.776053026538822,-0.15926746726478655,0,1,91.981,92.495,0.51400000000001,0.0,0.6280000000000001,-0.6610000000000014,0.0,0.2829999999999977,0.29846775370213674,-0.6610000000000014,0,0,2025,Miami Grand Prix,0.0,19,0.0
ALO,54,0 days 00:01:32.495000,MEDIUM,23.0,True,0 days 02:23:23.722000,25.9,15,34.9,0 days 00:00:30.962000,0 days 00:00:35.546000,0 days 00:00:25.987000,1,92.495,8603.722,4.092000000000553,False,True,False,23.0,0.0,0.0,30.962,35.546,25.987,0,0,0,0.0,92.7432,0.7733952417749062,-0.32092258471928226,0,0,92.609,92.155,-0.4539999999999935,0.6280000000000001,-0.11399999999999011,-0.1086666666666692,0.0,0.16599999999999682,0.28958107672981553,-0.1086666666666692,0,0,2025,Miami Grand Prix,0.0,19,0.0
ALO,55,0 days 00:01:32.155000,MEDIUM,24.0,True,0 days 02:24:55.877000,26.0,15,34.9,0 days 00:00:30.667000,0 days 00:00:35.489000,0 days 00:00:25.999000,1,92.155,8695.877,4.0129999999990105,False,True,False,24.0,0.0,0.0,30.667,35.489,25.999,0,0,0,0.0,92.4494,0.364766774802843,-0.8070910519718241,0,0,92.495,92.277,-0.21800000000000352,0.51400000000001,-0.3400000000000034,0.08933333333333356,0.0,0.012000000000000455,0.27440717920637475,0.08933333333333356,0,0,2025,Miami Grand Prix,0.0,19,0.0
ANT,4,0 days 00:01:33.016000,nan,,True,0 days 01:04:22.635000,26.5,3,38.6,0 days 00:00:31.385000,0 days 00:00:35.730000,0 days 00:00:25.901000,1,93.016,3862.635,0.6979999999998654,False,False,True,0.0,0.0,0.0,31.385,35.73,25.901,0,0,0,0.0,92.3034,0.25335903378420804,2.812609400014319,0,0,93.016,92.859,-0.1570000000000107,1.0350000000000108,0.0,-0.11066666666666454,0.0,-0.08599999999999852,0.10606460295499098,0.0,0,1,2025,Miami Grand Prix,0.0,19,0.0
ANT,5,0 days 00:01:32.859000,nan,,True,0 days 01:05:55.494000,26.4,3,38.4,0 days 00:00:31.587000,0 days 00:00:35.216000,0 days 00:00:26.056000,1,92.859,3955.494,0.6179999999999382,False,False,True,0.0,0.0,0.0,31.587,35.216,26.056,0,0,0,0.0,,,0.0,0,0,93.016,92.883,-0.13300000000000978,0.0,-0.1570000000000107,0.0,0.0,0.0,0.0,0.0,0,1,2025,Miami Grand Prix,0.0,19,0.0
ANT,6,0 days 00:01:32.883000,nan,,True,0 days 01:07:28.377000,26.5,3,38.5,0 days 00:00:31.428000,0 days 00:00:35.276000,0 days 00:00:26.179000,1,92.883,4048.377,0.7710000000001855,False,False,True,0.0,0.0,0.0,31.428,35.276,26.179,0,0,0,0.0,,,0.0,0,0,92.859,93.029,0.1700000000000017,0.0,0.02400000000000091,-0.07850000000000534,0.0,0.2779999999999987,0.0,0.0,0,1,2025,Miami Grand Prix,0.0,19,0.0
ANT,7,0 days 00:01:33.029000,nan,,True,0 days 01:09:01.406000,26.6,3,38.9,0 days 00:00:31.467000,0 days 00:00:35.391000,0 days 00:00:26.171000,1,93.029,4141.406,0.9549999999999272,False,False,True,0.0,0.0,0.0,31.467,35.391,26.171,0,0,0,0.0,92.91933333333333,0.08457146879021438,1.296733617559668,0,0,92.883,92.945,0.06199999999999761,0.02400000000000091,0.1460000000000008,-0.04433333333333659,0.0,0.2699999999999996,0.19025246384738229,-0.06650000000000489,0,1,2025,Miami Grand Prix,0.0,19,0.0
ANT,8,0 days 00:01:32.945000,nan,,True,0 days 01:10:34.351000,26.6,3,38.9,0 days 00:00:31.534000,0 days 00:00:35.278000,0 days 00:00:26.133000,1,92.945,4234.351,0.43699999999989814,False,False,True,0.0,0.0,0.0,31.534,35.278,26.133,0,0,0,0.0,92.94675,0.08817548790149896,-0.01984678555968048,0,0,93.029,93.684,0.6550000000000011,0.1700000000000017,-0.08400000000000318,0.00433333333333034,0.0,0.07699999999999818,0.18638580060365725,0.00433333333333034,0,1,2025,Miami Grand Prix,0.0,19,0.0
ANT,9,0 days 00:01:33.684000,nan,,True,0 days 01:12:08.035000,26.7,4,39.0,0 days 00:00:31.466000,0 days 00:00:36.056000,0 days 00:00:26.162000,1,93.684,4328.035,1.5619999999998981,False,False,True,0.0,0.0,0.0,31.466,36.056,26.162,0,0,0,0.0,92.9464,0.07636622289992182,9.658720465547022,0,0,92.945,93.004,0.05900000000001171,0.08599999999999852,0.7390000000000043,0.028666666666666174,0.0,0.028999999999999915,0.16233052701201872,0.028666666666666174,0,0,2025,Miami Grand Prix,0.0,19,0.0
ANT,10,0 days 00:01:33.004000,nan,,True,0 days 01:13:41.039000,26.7,4,38.9,0 days 00:00:31.519000,0 days 00:00:35.285000,0 days 00:00:26.200000,1,93.004,4421.039,1.719000000000051,False,False,True,0.0,0.0,0.0,31.519,35.285,26.2,0,0,0,0.0,93.08,0.34398110413218846,-0.22094236888892413,0,0,93.684,92.79,-0.8939999999999912,0.8250000000000028,-0.6799999999999926,0.2670000000000006,0.0,0.06700000000000017,0.13361399627284534,0.2670000000000006,0,0,2025,Miami Grand Prix,0.0,19,0.0
ANT,11,0 days 00:01:32.790000,nan,,True,0 days 01:15:13.829000,26.6,4,38.5,0 days 00:00:31.515000,0 days 00:00:35.098000,0 days 00:00:26.177000,1,92.79,4513.829,1.59900000000016,False,False,True,0.0,0.0,0.0,31.515,35.098,26.177,0,0,0,0.0,93.109,0.3263518040397486,-0.9774727642110267,0,0,93.004,92.725,-0.2790000000000106,0.12100000000000932,-0.21399999999999864,-0.008333333333330492,0.0,0.04400000000000048,0.1198695123874288,-0.008333333333330492,0,0,2025,Miami Grand Prix,0.0,19,0.0
ANT,12,0 days 00:01:32.725000,nan,,True,0 days 01:16:46.554000,26.6,4,38.4,0 days 00:00:31.312000,0 days 00:00:35.206000,0 days 00:00:26.207000,1,92.725,4606.554,1.7100000000000364,False,False,True,0.0,0.0,0.0,31.312,35.206,26.207,0,0,0,0.0,93.0904,0.344592948273753,-1.0603815366231046,0,0,92.79,92.745,-0.045000000000001705,0.0,-0.06500000000001194,-0.05166666666666231,0.0,0.045000000000001705,0.09831225762843598,-0.05166666666666231,0,0,2025,Miami Grand Prix,0.0,19,0.0
ANT,13,0 days 00:01:32.745000,nan,,True,0 days 01:18:19.299000,26.7,4,38.2,0 days 00:00:31.467000,0 days 00:00:35.105000,0 days 00:00:26.173000,1,92.745,4699.299,1.793999999999869,False,False,True,0.0,0.0,0.0,31.467,35.105,26.173,0,0,0,0.0,93.0296,0.382831947465201,-0.7434071317307377,0,0,92.725,92.692,-0.03300000000000125,0.0,0.020000000000010232,-0.3196666666666677,0.0,-0.004000000000001336,0.019308029417834698,-0.3196666666666677,0,0,2025,Miami Grand Prix,0.0,19,0.0
ANT,14,0 days 00:01:32.692000,nan,,True,0 days 01:19:51.991000,26.6,4,37.6,0 days 00:00:31.517000,0 days 00:00:35.038000,0 days 00:00:26.137000,1,92.692,4791.991,1.8209999999999127,False,False,True,0.0,0.0,0.0,31.517,35.038,26.137,0,0,0,0.0,92.98960000000001,0.4037577243843125,-0.7370756818431777,0,0,92.745,92.902,0.15699999999999648,0.020000000000010232,-0.05300000000001148,-0.08633333333333344,0.0,-0.03599999999999781,0.026243094329747738,-0.08633333333333344,0,0,2025,Miami Grand Prix,0.0,19,0.0
ANT,15,0 days 00:01:32.902000,nan,,True,0 days 01:21:24.893000,26.5,4,37.6,0 days 00:00:31.430000,0 days 00:00:35.278000,0 days 00:00:26.194000,1,92.902,4884.893,1.6739999999999782,False,False,True,0.0,0.0,0.0,31.43,35.278,26.194,0,0,0,0.0,92.7912,0.12413984050257948,0.8925418266321623,0,0,92.692,92.878,0.18600000000000705,0.0,0.21000000000000796,-0.03266666666667106,0.0,0.05699999999999861,0.042044024545706604,-0.03266666666667106,0,0,2025,Miami Grand Prix,0.0,19,0.0
ANT,16,0 days 00:01:32.878000,nan,,True,0 days 01:22:57.771000,26.6,4,37.7,0 days 00:00:31.309000,0 days 00:00:35.422000,0 days 00:00:26.147000,1,92.878,4977.771,1.6820000000006985,False,False,True,0.0,0.0,0.0,31.309,35.422,26.147,0,0,0,0.0,92.7708,0.08147821794814969,1.315689060212692,0,0,92.902,92.734,-0.16800000000000637,0.21000000000000796,-0.02400000000000091,0.05900000000000224,0.0,0.00999999999999801,0.03960681759495396,0.05900000000000224,0,0,2025,Miami Grand Prix,0.0,19,0.0
ANT,17,0 days 00:01:32.734000,nan,,True,0 days 01:24:30.505000,26.5,4,37.6,0 days 00:00:31.293000,0 days 00:00:35.355000,0 days 00:00:26.086000,1,92.734,5070.505,1.63799999999992,False,False,True,0.0,0.0,0.0,31.293,35.355,26.086,0,0,0,0.0,92.7884,0.09503841328644767,-0.572400128735719,0,0,92.878,93.014,0.13599999999999568,0.18600000000000705,-0.14400000000000546,0.04433333333333186,0.0,-0.05100000000000193,0.03758058009131787,0.04433333333333186,0,0,2025,Miami Grand Prix,0.0,19,0.0
ANT,18,0 days 00:01:33.014000,nan,,True,0 days 01:26:03.519000,26.8,4,37.8,0 days 00:00:31.471000,0 days 00:00:35.380000,0 days 00:00:26.163000,1,93.014,5163.519,1.72400000000016,False,False,True,0.0,0.0,0.0,31.471,35.38,26.163,0,0,0,0.0,92.7902,0.0936119650472396,2.3907200312167407,0,0,92.734,93.113,0.3790000000000049,0.04200000000000159,0.28000000000000114,0.014000000000000531,0.0,0.07700000000000173,0.042269374256072814,0.014000000000000531,0,0,2025,Miami Grand Prix,0.0,19,0.0
ANT,19,0 days 00:01:33.113000,nan,,True,0 days 01:27:36.632000,26.8,4,38.0,0 days 00:00:31.459000,0 days 00:00:35.432000,0 days 00:00:26.222000,1,93.113,5256.632,1.469000000000051,False,False,True,0.0,0.0,0.0,31.459,35.432,26.222,0,0,0,0.0,92.844,0.13098091464027767,2.0537343225826414,0,0,93.014,92.901,-0.11299999999999955,0.32200000000000273,0.09900000000000375,0.03733333333333159,0.0,0.13600000000000279,0.05595801997926691,0.03733333333333159,0,0,2025,Miami Grand Prix,0.0,19,0.0
ANT,20,0 days 00:01:32.901000,nan,,True,0 days 01:29:09.533000,26.6,4,37.6,0 days 00:00:31.358000,0 days 00:00:35.385000,0 days 00:00:26.158000,1,92.901,5349.533,1.3189999999995052,False,False,True,0.0,0.0,0.0,31.358,35.385,26.158,0,0,0,0.0,92.9282,0.14355556415549353,-0.18947367285983935,0,0,93.113,92.781,-0.33199999999999363,0.3790000000000049,-0.2120000000000033,0.07833333333333314,0.0,0.07200000000000273,0.07051028293802453,0.07833333333333314,0,0,2025,Miami Grand Prix,0.0,19,0.0
ANT,21,0 days 00:01:32.781000,nan,,True,0 days 01:30:42.314000,26.5,4,37.6,0 days 00:00:31.343000,0 days 00:00:35.340000,0 days 00:00:26.098000,1,92.781,5442.314,1.3579999999992651,False,False,True,0.0,0.0,0.0,31.343,35.34,26.098,0,0,0,0.0,92.928,0.14360188021053957,-1.023663476999533,0,0,92.901,92.71,-0.1910000000000025,0.1670000000000016,-0.11999999999999034,0.0556666666666672,0.0,-0.060000000000002274,0.07141918509756542,0.0556666666666672,0,0,2025,Miami Grand Prix,0.0,19,0.0
ANT,22,0 days 00:01:32.710000,nan,,True,0 days 01:32:15.024000,26.7,4,37.8,0 days 00:00:31.278000,0 days 00:00:35.325000,0 days 00:00:26.107000,1,92.71,5535.024,1.2399999999997817,False,False,True,0.0,0.0,0.0,31.278,35.325,26.107,0,0,0,0.0,92.9086,0.1578869848974326,-1.2578617555400706,0,0,92.781,92.4,-0.3810000000000002,0.047000000000011255,-0.07100000000001216,-0.07766666666666329,0.0,0.009000000000000341,0.08624789852512593,-0.07766666666666329,0,0,2025,Miami Grand Prix,0.0,19,0.0
ANT,23,0 days 00:01:32.400000,nan,,True,0 days 01:33:47.424000,26.8,4,37.8,0 days 00:00:31.140000,0 days 00:00:35.288000,0 days 00:00:25.972000,1,92.4,5627.424,1.2719999999999345,False,False,True,0.0,0.0,0.0,31.14,35.288,25.972,0,0,0,0.0,92.9038,0.16473827727641854,-3.058184220019853,1,0,92.71,92.5,-0.20999999999999375,0.0,-0.30999999999998806,-0.13433333333333528,0.0,-0.12599999999999767,0.07473085038991795,-0.13433333333333528,0,0,2025,Miami Grand Prix,0.0,19,0.0
ANT,24,0 days 00:01:32.500000,nan,,True,0 days 01:35:19.924000,26.8,4,37.7,0 days 00:00:31.171000,0 days 00:00:35.258000,0 days 00:00:26.071000,1,92.5,5719.924,1.3119999999998981,False,False,True,0.0,0.0,0.0,31.171,35.258,26.071,0,0,0,0.0,92.78099999999999,0.2621192476717456,-1.0720311556513036,0,1,92.4,90.795,-1.605000000000004,0.0,0.09999999999999432,-0.16699999999999685,0.0,0.0990000000000002,0.10373620390201385,-0.16699999999999685,0,0,2025,Miami Grand Prix,0.0,19,0.0
ANT,27,0 days 00:01:30.795000,MEDIUM,3.0,True,0 days 01:40:16.124000,26.6,8,37.0,0 days 00:00:30.265000,0 days 00:00:34.701000,0 days 00:00:25.829000,1,90.795,6016.124,4.164999999999964,False,True,False,3.0,0.0,0.0,30.265,34.701,25.829,0,0,0,0.0,92.6584,0.20518844996734964,-9.081407848719115,1,0,92.5,91.786,-0.7139999999999986,0.09999999999999432,-1.7049999999999983,-0.09366666666666863,0.0,-0.14300000000000068,0.09291770552483544,-0.09366666666666863,0,0,2025,Miami Grand Prix,0.0,19,0.0
ANT,30,0 days 00:01:31.786000,MEDIUM,6.0,True,0 days 01:45:30.470000,26.5,5,36.4,0 days 00:00:31.088000,0 days 00:00:34.695000,0 days 00:00:26.003000,1,91.786,6330.47,0.14199999999982538,False,True,False,6.0,0.0,0.0,31.088,34.695,26.003,0,0,0,0.0,92.2372,0.8207872440529308,-0.5497161454069858,0,1,90.795,92.717,1.921999999999997,0.0,0.9909999999999997,-0.6383333333333306,0.0,0.1739999999999995,0.10004848824445066,-0.6383333333333306,0,1,2025,Miami Grand Prix,0.0,19,0.0
ANT,31,0 days 00:01:32.717000,MEDIUM,7.0,True,0 days 01:47:03.187000,26.5,6,36.0,0 days 00:00:31.783000,0 days 00:00:35.070000,0 days 00:00:25.864000,1,92.717,6423.187,4.859000000000378,False,True,False,7.0,0.0,0.0,31.783,35.07,25.864,0,0,0,0.0,92.03819999999999,0.7753426339367657,0.8754839090344285,0,0,91.786,91.967,0.18099999999999739,0.9909999999999997,0.9309999999999974,-0.2046666666666681,0.0,0.03500000000000014,0.13824724228714244,-0.2046666666666681,0,0,2025,Miami Grand Prix,0.0,19,0.0
ANT,32,0 days 00:01:31.967000,MEDIUM,8.0,True,0 days 01:48:35.154000,26.4,6,36.4,0 days 00:00:30.998000,0 days 00:00:34.980000,0 days 00:00:25.989000,1,91.967,6515.154,4.488999999999578,False,True,False,8.0,0.0,0.0,30.998,34.98,25.989,0,0,0,0.0,92.0396,0.7768637589693592,-0.09345267965171959,0,0,92.717,90.845,-1.8719999999999999,1.921999999999997,-0.75,0.07233333333333292,0.0,0.16000000000000014,0.1390348877080852,0.07233333333333292,0,0,2025,Miami Grand Prix,0.0,19,0.0
ANT,34,0 days 00:01:30.845000,HARD,2.0,True,0 days 01:52:05.775000,26.2,6,36.1,0 days 00:00:30.434000,0 days 00:00:34.608000,0 days 00:00:25.803000,1,90.845,6725.775,6.193000000000211,True,False,False,2.0,0.0,0.0,30.434,34.608,25.803,0,0,0,0.0,91.953,0.7503255959915,-1.476692259892672,0,0,91.967,90.807,-1.1599999999999966,1.171999999999997,-1.1219999999999999,0.39066666666666566,0.0,-0.06099999999999994,0.12867206379008636,0.39066666666666566,0,0,2025,Miami Grand Prix,0.0,19,0.0
ANT,35,0 days 00:01:30.807000,HARD,3.0,True,0 days 01:53:36.582000,26.1,6,35.9,0 days 00:00:30.328000,0 days 00:00:34.762000,0 days 00:00:25.717000,1,90.807,6816.582,5.846999999999753,True,False,False,3.0,0.0,0.0,30.328,34.762,25.717,0,0,0,0.0,91.62199999999999,0.8112650614934609,-1.0046038448884351,0,0,90.845,90.948,0.10299999999999443,0.04999999999999716,-0.0379999999999967,-0.3136666666666675,0.0,-0.08600000000000207,0.1376826060183349,-0.3136666666666675,0,0,2025,Miami Grand Prix,0.0,19,0.0
ANT,36,0 days 00:01:30.948000,HARD,4.0,True,0 days 01:55:07.530000,26.1,6,35.5,0 days 00:00:30.419000,0 days 00:00:34.798000,0 days 00:00:25.731000,1,90.948,6907.53,5.623000000000502,True,False,False,4.0,0.0,0.0,30.419,34.798,25.731,0,0,0,0.0,91.62440000000001,0.808218905990197,-0.8369019766635097,0,0,90.807,91.352,0.5450000000000017,0.0,0.14099999999999113,-0.6366666666666655,0.0,0.014000000000002899,0.12079031418122939,-0.6366666666666655,0,0,2025,Miami Grand Prix,0.0,19,0.0
ANT,37,0 days 00:01:31.352000,HARD,5.0,True,0 days 01:56:38.882000,26.1,6,35.7,0 days 00:00:30.445000,0 days 00:00:35.032000,0 days 00:00:25.875000,1,91.352,6998.882,5.2409999999999854,True,False,False,5.0,0.0,0.0,30.445,35.032,25.875,0,0,0,0.0,91.4568,0.8520306332521081,-0.1230002724197687,0,0,90.948,91.086,0.13800000000000523,0.14099999999999113,0.4040000000000106,-0.3396666666666685,0.0,0.15800000000000125,0.09665557407620169,-0.3396666666666685,0,0,2025,Miami Grand Prix,0.0,19,0.0
ANT,38,0 days 00:01:31.086000,HARD,6.0,True,0 days 01:58:09.968000,26.2,6,36.0,0 days 00:00:30.413000,0 days 00:00:34.804000,0 days 00:00:25.869000,1,91.086,7089.968,5.440000000000509,True,False,False,6.0,0.0,0.0,30.413,34.804,25.869,0,0,0,0.0,91.1838,0.4883796678814359,-0.2002540368321588,0,0,91.352,91.188,-0.16400000000000148,0.5450000000000017,-0.26600000000000534,0.16900000000000168,0.0,0.15200000000000102,0.11729450114988416,0.16900000000000168,0,0,2025,Miami Grand Prix,0.0,19,0.0
ANT,39,0 days 00:01:31.188000,HARD,7.0,True,0 days 01:59:41.156000,26.2,6,35.7,0 days 00:00:30.440000,0 days 00:00:34.900000,0 days 00:00:25.848000,1,91.188,7181.156,5.212999999999738,True,False,False,7.0,0.0,0.0,30.44,34.9,25.848,0,0,0,0.0,91.0076,0.22078790727749945,0.8170737348095264,0,0,91.086,91.288,0.20199999999999818,0.27899999999999636,0.10200000000000387,0.09299999999999879,0.0,0.11699999999999733,0.11523367563347196,0.09299999999999879,0,0,2025,Miami Grand Prix,0.0,19,0.0
ANT,40,0 days 00:01:31.288000,HARD,8.0,True,0 days 02:01:12.444000,26.2,6,35.5,0 days 00:00:30.505000,0 days 00:00:34.965000,0 days 00:00:25.818000,1,91.288,7272.444,4.971999999999753,True,False,False,8.0,0.0,0.0,30.505,34.965,25.818,0,0,0,0.0,91.0762,0.21069219254633142,1.005257942595199,0,0,91.188,91.725,0.5369999999999919,0.3810000000000002,0.09999999999999432,0.08000000000000303,0.0,-0.029999999999997584,0.10505236789335172,0.08000000000000303,0,0,2025,Miami Grand Prix,0.0,19,0.0
ANT,41,0 days 00:01:31.725000,HARD,9.0,True,0 days 02:02:44.169000,26.2,6,35.1,0 days 00:00:30.567000,0 days 00:00:35.269000,0 days 00:00:25.889000,1,91.725,7364.169,4.536000000000058,True,False,False,9.0,0.0,0.0,30.567,35.269,25.889,0,0,0,0.0,91.1724,0.1609993788807364,3.4323113781038126,0,0,91.288,91.58,0.2920000000000016,0.3400000000000034,0.4369999999999976,-0.02133333333333572,0.0,0.07099999999999795,0.08524787387377941,-0.02133333333333572,0,0,2025,Miami Grand Prix,0.0,19,0.0
ANT,42,0 days 00:01:31.580000,HARD,10.0,True,0 days 02:04:15.749000,26.1,6,34.9,0 days 00:00:30.706000,0 days 00:00:34.998000,0 days 00:00:25.876000,1,91.58,7455.749,4.164999999999964,True,False,False,10.0,0.0,0.0,30.706,34.998,25.876,0,0,0,0.0,91.3278,0.24389997949975728,1.0340304272155667,0,0,91.725,91.616,-0.10899999999999466,0.6389999999999958,-0.14499999999999602,0.2129999999999986,0.0,0.05799999999999983,0.07728712700055497,0.2129999999999986,0,0,2025,Miami Grand Prix,0.0,19,0.0
ANT,43,0 days 00:01:31.616000,HARD,11.0,True,0 days 02:05:47.365000,26.0,6,35.2,0 days 00:00:30.666000,0 days 00:00:35.119000,0 days 00:00:25.831000,1,91.616,7547.365,4.070999999999913,True,False,False,11.0,0.0,0.0,30.666,35.119,25.831,0,0,0,0.0,91.37339999999999,0.26952328285323085,0.9001077659480654,0,0,91.58,91.187,-0.3930000000000007,0.4939999999999998,0.036000000000001364,0.1306666666666653,0.0,0.012999999999998124,0.06894418032002311,0.1306666666666653,0,0,2025,Miami Grand Prix,0.0,19,0.0
ANT,44,0 days 00:01:31.187000,HARD,12.0,True,0 days 02:07:18.552000,26.0,6,35.6,0 days 00:00:30.470000,0 days 00:00:34.892000,0 days 00:00:25.825000,1,91.187,7638.552,4.1580000000003565,True,False,False,12.0,0.0,0.0,30.47,34.892,25.825,0,0,0,0.0,91.47939999999998,0.22948158967548002,-1.274176287577065,0,0,91.616,91.426,-0.18999999999999773,0.42799999999999727,-0.42900000000000205,0.10933333333333432,0.0,-0.006000000000000227,0.056291207128643266,0.10933333333333432,0,0,2025,Miami Grand Prix,0.0,19,0.0
ANT,45,0 days 00:01:31.426000,HARD,13.0,True,0 days 02:08:49.978000,26.0,6,35.7,0 days 00:00:30.583000,0 days 00:00:35.017000,0 days 00:00:25.826000,1,91.426,7729.978,3.7780000000002474,True,False,False,13.0,0.0,0.0,30.583,35.017,25.826,0,0,0,0.0,91.47919999999999,0.22979926022506436,-0.23150640236128636,0,0,91.187,91.572,0.3850000000000051,0.0,0.23900000000000432,-0.17933333333333223,0.0,0.0010000000000012221,0.042611031435532,-0.17933333333333223,0,0,2025,Miami Grand Prix,0.0,19,0.0
ANT,46,0 days 00:01:31.572000,HARD,14.0,True,0 days 02:10:21.550000,26.0,6,35.4,0 days 00:00:30.799000,0 days 00:00:34.933000,0 days 00:00:25.840000,1,91.572,7821.55,3.2159999999994398,True,False,False,14.0,0.0,0.0,30.799,34.933,25.84,0,0,0,0.0,91.5068,0.208383540616784,0.31288459638905336,0,0,91.426,91.375,-0.05100000000000193,0.23900000000000432,0.1460000000000008,-0.05133333333333212,0.0,0.015000000000000568,0.03484680760127038,-0.05133333333333212,0,0,2025,Miami Grand Prix,0.0,19,0.0
ANT,47,0 days 00:01:31.375000,HARD,15.0,True,0 days 02:11:52.925000,26.0,6,35.3,0 days 00:00:30.588000,0 days 00:00:34.941000,0 days 00:00:25.846000,1,91.375,7912.925,3.313999999999396,True,False,False,15.0,0.0,0.0,30.588,34.941,25.846,0,0,0,0.0,91.47619999999999,0.17723769350786148,-0.5709846364904468,0,0,91.572,91.072,-0.5,0.3850000000000051,-0.19700000000000273,-0.014666666666665643,0.0,0.021000000000000796,0.02491385156895645,-0.014666666666665643,0,0,2025,Miami Grand Prix,0.0,19,0.0
ANT,48,0 days 00:01:31.072000,HARD,16.0,True,0 days 02:13:23.997000,26.0,6,35.3,0 days 00:00:30.452000,0 days 00:00:34.925000,0 days 00:00:25.695000,1,91.072,8003.997,3.132999999999811,True,False,False,16.0,0.0,0.0,30.452,34.925,25.695,0,0,0,0.0,91.43520000000001,0.17081773912560821,-2.1262428706712515,1,0,91.375,91.131,-0.24399999999999977,0.1880000000000024,-0.30299999999999727,0.06266666666666747,0.0,-0.13100000000000023,0.011009087155618347,0.06266666666666747,0,0,2025,Miami Grand Prix,0.0,19,0.0
ANT,49,0 days 00:01:31.131000,HARD,17.0,True,0 days 02:14:55.128000,26.0,6,35.0,0 days 00:00:30.554000,0 days 00:00:34.819000,0 days 00:00:25.758000,1,91.131,8095.128,2.88799999999992,True,False,False,17.0,0.0,0.0,30.554,34.819,25.758,0,0,0,0.0,91.3264,0.19796034956520492,-0.9870663515657456,0,1,91.072,90.946,-0.12600000000000477,0.0,0.0589999999999975,-0.11799999999999973,0.0,0.06299999999999883,0.06297618597533557,-0.11799999999999973,0,0,2025,Miami Grand Prix,0.0,19,0.0
ANT,50,0 days 00:01:30.946000,HARD,18.0,True,0 days 02:16:26.074000,26.0,6,35.1,0 days 00:00:30.369000,0 days 00:00:34.815000,0 days 00:00:25.762000,1,90.946,8186.074,2.615000000000691,True,False,False,18.0,0.0,0.0,30.369,34.815,25.762,0,0,0,0.0,91.3152,0.2090901719354048,-1.7657453556165474,1,0,91.131,90.965,-0.16599999999999682,0.0589999999999975,-0.18500000000000227,-0.14700000000000082,0.0,0.06700000000000017,0.07349285679574578,-0.14700000000000082,0,0,2025,Miami Grand Prix,0.0,19,0.0
ANT,51,0 days 00:01:30.965000,HARD,19.0,True,0 days 02:17:57.039000,26.0,6,34.9,0 days 00:00:30.366000,0 days 00:00:34.841000,0 days 00:00:25.758000,1,90.965,8277.039,2.4059999999990396,True,False,False,19.0,0.0,0.0,30.366,34.841,25.758,0,0,0,0.0,91.2192,0.25140942703083125,-1.0110997149236725,0,1,90.946,90.973,0.027000000000001023,0.0,0.019000000000005457,-0.14300000000000068,0.0,0.06299999999999883,0.08068457101577722,-0.14300000000000068,0,0,2025,Miami Grand Prix,0.0,19,0.0
ANT,52,0 days 00:01:30.973000,HARD,20.0,True,0 days 02:19:28.012000,25.9,6,34.9,0 days 00:00:30.432000,0 days 00:00:34.726000,0 days 00:00:25.815000,1,90.973,8368.012,2.9769999999989523,True,False,False,20.0,0.0,0.0,30.432,34.726,25.815,0,0,0,0.0,91.09779999999999,0.1726896059407244,-0.7226839120985132,0,0,90.965,90.988,0.022999999999996135,0.019000000000005457,0.007999999999995566,-0.03566666666666644,0.0,0.05700000000000216,0.08463332676906876,-0.03566666666666644,0,0,2025,Miami Grand Prix,0.0,19,0.0
ANT,53,0 days 00:01:30.988000,HARD,21.0,True,0 days 02:20:59,26.0,6,34.8,0 days 00:00:30.307000,0 days 00:00:34.885000,0 days 00:00:25.796000,1,90.988,8459.0,2.540000000000873,True,False,False,21.0,0.0,0.0,30.307,34.885,25.796,0,0,0,0.0,91.01740000000001,0.08015796903589134,-0.3667757598355014,0,0,90.973,90.912,-0.06099999999999284,0.027000000000001023,0.015000000000000568,-0.052666666666667084,0.0,0.038000000000000256,0.08660946830456825,-0.052666666666667084,0,0,2025,Miami Grand Prix,0.0,19,0.0
ANT,54,0 days 00:01:30.912000,HARD,22.0,True,0 days 02:22:29.912000,25.9,6,34.9,0 days 00:00:30.244000,0 days 00:00:34.894000,0 days 00:00:25.774000,1,90.912,8549.912,2.1239999999997963,True,False,False,22.0,0.0,0.0,30.244,34.894,25.774,0,0,0,0.0,91.00059999999999,0.07445334109331751,-1.1900070392937352,0,0,90.988,90.829,-0.15900000000000603,0.04200000000000159,-0.0759999999999934,0.014000000000000531,0.0,0.01600000000000179,0.011523888232710002,0.014000000000000531,0,0,2025,Miami Grand Prix,0.0,19,0.0
ANT,55,0 days 00:01:30.829000,HARD,23.0,True,0 days 02:24:00.741000,25.9,6,34.9,0 days 00:00:30.274000,0 days 00:00:34.846000,0 days 00:00:25.709000,1,90.829,8640.741,1.8960000000006403,True,False,False,23.0,0.0,0.0,30.274,34.846,25.709,0,0,0,0.0,90.9568,0.029269437984961597,-4.366329140507252,1,0,90.912,90.937,0.024999999999991473,0.0,-0.08300000000001262,-0.01766666666666576,0.0,-0.06500000000000128,0.021158922467837845,-0.01766666666666576,0,0,2025,Miami Grand Prix,0.0,19,0.0
ANT,56,0 days 00:01:30.937000,HARD,24.0,True,0 days 02:25:31.678000,26.0,6,34.9,0 days 00:00:30.270000,0 days 00:00:34.893000,0 days 00:00:25.774000,1,90.937,8731.678,1.6659999999992579,True,False,False,24.0,0.0,0.0,30.27,34.893,25.774,0,0,0,0.0,90.93339999999999,0.06500999923054494,0.05537609664075124,0,1,90.829,90.999,0.1700000000000017,0.0,0.10800000000000409,-0.04800000000000182,0.0,0.06500000000000128,0.05188159596620045,-0.04800000000000182,0,0,2025,Miami Grand Prix,0.0,19,0.0
BEA,4,0 days 00:01:33.844000,nan,,True,0 days 01:04:34.714000,26.5,16,38.6,0 days 00:00:32.125000,0 days 00:00:35.690000,0 days 00:00:26.029000,1,93.844,3874.714,0.28099999999994907,False,False,True,0.0,0.0,0.0,32.125,35.69,26.029,0,0,0,0.0,90.93299999999999,0.06828982354608328,42.62714192013694,0,0,93.844,93.888,0.04400000000001114,3.0150000000000006,0.0,0.028999999999996362,0.0,0.3200000000000003,0.04956309110618603,0.0,0,1,2025,Miami Grand Prix,0.0,19,0.0
BEA,5,0 days 00:01:33.888000,nan,,True,0 days 01:06:08.602000,26.4,16,38.4,0 days 00:00:32.362000,0 days 00:00:35.542000,0 days 00:00:25.984000,1,93.888,3968.602,0.4570000000003347,False,False,True,0.0,0.0,0.0,32.362,35.542,25.984,0,0,0,0.0,,,0.0,0,0,93.844,93.489,-0.35499999999998977,0.0,0.04400000000001114,0.0,0.0,0.0,0.0,0.0,0,1,2025,Miami Grand Prix,0.0,19,0.0
BEA,6,0 days 00:01:33.489000,nan,,True,0 days 01:07:42.091000,26.5,16,38.5,0 days 00:00:32.028000,0 days 00:00:35.410000,0 days 00:00:26.051000,1,93.489,4062.091,0.6630000000000109,False,False,True,0.0,0.0,0.0,32.028,35.41,26.051,0,0,0,0.0,,,0.0,0,0,93.888,93.424,-0.46399999999999864,0.0,-0.3990000000000009,0.02200000000000557,0.0,0.06699999999999662,0.0,0.0,0,1,2025,Miami Grand Prix,0.0,19,0.0
BEA,7,0 days 00:01:33.424000,nan,,True,0 days 01:09:15.515000,26.6,16,38.9,0 days 00:00:31.842000,0 days 00:00:35.495000,0 days 00:00:26.087000,1,93.424,4155.515,0.7239999999992506,False,False,True,0.0,0.0,0.0,31.842,35.495,26.087,0,0,0,0.0,93.74033333333334,0.21877004670048708,-1.4459627270931528,0,0,93.489,93.55,0.06099999999999284,0.0,-0.06499999999999773,-0.11833333333332992,0.0,0.10299999999999798,0.1687690729962106,-0.17749999999999488,0,1,2025,Miami Grand Prix,0.0,19,0.0
BEA,8,0 days 00:01:33.550000,nan,,True,0 days 01:10:49.065000,26.7,16,38.9,0 days 00:00:32.080000,0 days 00:00:35.501000,0 days 00:00:25.969000,1,93.55,4249.065,0.5610000000006039,False,False,True,0.0,0.0,0.0,32.08,35.501,25.969,0,0,0,0.0,93.66125,0.2385866369546576,-0.4662876404982434,0,0,93.424,93.626,0.20199999999999818,0.0,0.12599999999999056,-0.13999999999999582,0.0,-0.015000000000000568,0.13841122305169784,-0.13999999999999582,0,1,2025,Miami Grand Prix,0.0,19,0.0
BEA,9,0 days 00:01:33.626000,nan,,True,0 days 01:12:22.691000,26.7,16,39.0,0 days 00:00:31.978000,0 days 00:00:35.608000,0 days 00:00:26.040000,1,93.626,4342.691,4.113000000000284,False,False,True,0.0,0.0,0.0,31.978,35.608,26.04,0,0,0,0.0,93.639,0.21252764526056564,-0.0611685128494818,0,0,93.55,93.757,0.20700000000000784,0.12599999999999056,0.07600000000000762,-0.11266666666666936,0.0,0.07099999999999795,0.1347200801662473,-0.11266666666666936,0,0,2025,Miami Grand Prix,0.0,19,0.0
BEA,10,0 days 00:01:33.757000,nan,,True,0 days 01:13:56.448000,26.6,16,38.5,0 days 00:00:31.986000,0 days 00:00:35.675000,0 days 00:00:26.096000,1,93.757,4436.448,3.786000000000058,False,False,True,0.0,0.0,0.0,31.986,35.675,26.096,0,0,0,0.0,93.59540000000001,0.17979933259053751,0.8987797544722229,0,0,93.626,93.726,0.09999999999999432,0.20199999999999818,0.13100000000000023,0.04566666666666682,0.0,0.1269999999999989,0.05037062636100424,0.04566666666666682,0,0,2025,Miami Grand Prix,0.0,19,0.0
BEA,11,0 days 00:01:33.726000,nan,,True,0 days 01:15:30.174000,26.6,16,38.5,0 days 00:00:31.857000,0 days 00:00:35.671000,0 days 00:00:26.198000,1,93.726,4530.174,3.313000000000102,False,False,True,0.0,0.0,0.0,31.857,35.671,26.198,0,0,0,0.0,93.56920000000001,0.12882041763634877,1.2171983516046774,0,0,93.757,93.36,-0.39700000000000557,0.3329999999999984,-0.03100000000000591,0.11099999999999947,0.0,0.2289999999999992,0.053784756204708836,0.11099999999999947,0,0,2025,Miami Grand Prix,0.0,19,0.0
BEA,12,0 days 00:01:33.360000,nan,,True,0 days 01:17:03.534000,26.8,16,38.2,0 days 00:00:31.810000,0 days 00:00:35.499000,0 days 00:00:26.051000,1,93.36,4623.534,3.1970000000001164,False,False,True,0.0,0.0,0.0,31.81,35.499,26.051,0,0,0,0.0,93.6166,0.1353691249879481,-1.895557794459047,1,0,93.726,93.637,-0.08899999999999864,0.3019999999999925,-0.36599999999999966,0.05866666666666731,0.0,0.010999999999999233,0.08860022573334676,0.05866666666666731,0,0,2025,Miami Grand Prix,0.0,19,0.0
BEA,13,0 days 00:01:33.637000,nan,,True,0 days 01:18:37.171000,26.7,16,38.2,0 days 00:00:31.941000,0 days 00:00:35.703000,0 days 00:00:25.993000,1,93.637,4717.171,2.6729999999997744,False,False,True,0.0,0.0,0.0,31.941,35.703,25.993,0,0,0,0.0,93.6038,0.1590823686019371,0.2086969177776588,0,1,93.36,94.268,0.9080000000000013,0.0,0.277000000000001,-0.08866666666666845,0.0,-0.05799999999999983,0.09768725607775045,-0.08866666666666845,0,0,2025,Miami Grand Prix,0.0,19,0.0
BEA,14,0 days 00:01:34.268000,nan,,True,0 days 01:20:11.439000,26.6,16,37.6,0 days 00:00:32.465000,0 days 00:00:35.828000,0 days 00:00:25.975000,1,94.268,4811.439,1.7139999999999418,False,False,True,0.0,0.0,0.0,32.465,35.828,25.975,0,0,0,0.0,93.6212,0.15646309469009925,4.133882186601844,0,0,93.637,93.878,0.24099999999999966,0.277000000000001,0.6310000000000002,-0.040000000000001514,0.0,-0.01799999999999713,0.10979070998950653,-0.040000000000001514,0,0,2025,Miami Grand Prix,0.0,19,0.0
BEA,15,0 days 00:01:33.878000,nan,,True,0 days 01:21:45.317000,26.5,16,37.6,0 days 00:00:32.032000,0 days 00:00:35.765000,0 days 00:00:26.081000,1,93.878,4905.317,1.6109999999998763,False,False,True,0.0,0.0,0.0,32.032,35.765,26.081,0,0,0,0.0,93.7496,0.3293240045912359,0.38988958657712197,0,0,94.268,93.584,-0.6839999999999975,0.9080000000000013,-0.39000000000000057,0.1806666666666672,0.0,0.1059999999999981,0.11773147412650448,0.1806666666666672,0,0,2025,Miami Grand Prix,0.0,19,0.0
BEA,16,0 days 00:01:33.584000,nan,,True,0 days 01:23:18.901000,26.6,16,37.7,0 days 00:00:31.912000,0 days 00:00:35.756000,0 days 00:00:25.916000,1,93.584,4998.901,1.417000000000371,False,False,True,0.0,0.0,0.0,31.912,35.756,25.916,0,0,0,0.0,93.7738,0.33441022711635093,-0.5675663739014603,0,0,93.878,93.997,0.11899999999999977,0.5180000000000007,-0.29399999999999693,0.17266666666666688,0.0,-0.05900000000000105,0.11500652155421354,0.17266666666666688,0,0,2025,Miami Grand Prix,0.0,19,0.0
BEA,17,0 days 00:01:33.997000,nan,,True,0 days 01:24:52.898000,26.7,16,37.6,0 days 00:00:32.053000,0 days 00:00:35.803000,0 days 00:00:26.141000,1,93.997,5092.898,0.8980000000001382,False,False,True,0.0,0.0,0.0,32.053,35.803,26.141,0,0,0,0.0,93.74539999999999,0.34533577862713305,0.7285662696180368,0,0,93.584,93.693,0.10899999999999466,0.22400000000000375,0.4129999999999967,-0.01766666666666576,0.0,0.22499999999999787,0.06793599929345187,-0.01766666666666576,0,1,2025,Miami Grand Prix,0.0,19,0.0
BEA,18,0 days 00:01:33.693000,nan,,True,0 days 01:26:26.591000,26.8,16,37.8,0 days 00:00:31.890000,0 days 00:00:35.716000,0 days 00:00:26.087000,1,93.693,5186.591,0.7329999999992651,False,False,True,0.0,0.0,0.0,31.89,35.716,26.087,0,0,0,0.0,93.8728,0.2786766943969493,-0.6451920939750047,0,0,93.997,93.533,-0.46399999999999864,0.4129999999999967,-0.30400000000000205,-0.0903333333333336,0.0,0.17099999999999937,0.12384143087028548,-0.0903333333333336,0,1,2025,Miami Grand Prix,0.0,19,0.0
BEA,19,0 days 00:01:33.533000,nan,,True,0 days 01:28:00.124000,26.8,15,37.9,0 days 00:00:31.811000,0 days 00:00:35.700000,0 days 00:00:26.022000,1,93.533,5280.124,0.76299999999992,False,False,True,0.0,0.0,0.0,31.811,35.7,26.022,0,0,0,0.0,93.88399999999999,0.2677414797897614,-1.3109660866728627,0,0,93.693,93.613,-0.0799999999999983,0.10899999999999466,-0.1599999999999966,-0.061666666666667425,0.0,0.1059999999999981,0.12122499742214775,-0.061666666666667425,0,1,2025,Miami Grand Prix,0.0,19,0.0
BEA,20,0 days 00:01:33.613000,nan,,True,0 days 01:29:33.737000,26.6,14,37.6,0 days 00:00:31.818000,0 days 00:00:35.777000,0 days 00:00:26.018000,1,93.613,5373.737,0.5910000000003492,False,False,True,0.0,0.0,0.0,31.818,35.777,26.018,0,0,0,0.0,93.737,0.1964955470233617,-0.6310575576822239,0,0,93.533,93.087,-0.44599999999999795,0.0,0.0799999999999983,-0.017000000000000643,0.0,-0.003999999999997783,0.10669910964951841,-0.017000000000000643,0,1,2025,Miami Grand Prix,0.0,19,0.0
BEA,21,0 days 00:01:33.087000,nan,,True,0 days 01:31:06.824000,26.6,14,37.8,0 days 00:00:31.326000,0 days 00:00:35.575000,0 days 00:00:26.186000,1,93.087,5466.824,0.6469999999999345,False,False,True,0.0,0.0,0.0,31.326,35.575,26.186,0,0,0,0.0,93.684,0.18431766057545687,-3.2389734013338964,1,0,93.613,92.971,-0.6419999999999959,0.0799999999999983,-0.5259999999999962,-0.1280000000000001,0.0,0.16799999999999926,0.11837947457224071,-0.1280000000000001,0,1,2025,Miami Grand Prix,0.0,19,0.0
BEA,22,0 days 00:01:32.971000,nan,,True,0 days 01:32:39.795000,26.7,14,37.8,0 days 00:00:31.295000,0 days 00:00:35.527000,0 days 00:00:26.149000,1,92.971,5559.795,0.7010000000000218,False,False,True,0.0,0.0,0.0,31.295,35.527,26.149,0,0,0,0.0,93.5846,0.32897537901795987,-1.8651851753516562,1,1,93.087,93.088,0.000999999999990564,0.0,-0.11599999999999966,-0.20199999999999818,0.0,0.13100000000000023,0.08750828532201822,-0.20199999999999818,0,1,2025,Miami Grand Prix,0.0,19,0.0
BEA,23,0 days 00:01:33.088000,nan,,True,0 days 01:34:12.883000,26.8,13,37.9,0 days 00:00:31.179000,0 days 00:00:35.510000,0 days 00:00:26.399000,1,93.088,5652.883,0.4110000000000582,False,False,True,0.0,0.0,0.0,31.179,35.51,26.399,0,0,0,0.0,93.3794,0.32741227832812486,-0.8900093835454023,0,1,92.971,92.68,-0.2909999999999968,0.0,0.11699999999999022,-0.18733333333333255,0.0,0.3810000000000002,0.07148636233576192,-0.18733333333333255,0,1,2025,Miami Grand Prix,0.0,19,0.0
BEA,24,0 days 00:01:32.680000,HARD,1.0,True,0 days 01:35:45.563000,26.8,12,37.7,0 days 00:00:31.083000,0 days 00:00:35.480000,0 days 00:00:26.117000,1,92.68,5745.563,0.5619999999998981,True,False,False,1.0,0.0,0.0,31.083,35.48,26.117,0,0,0,0.0,93.25840000000001,0.29247187899012583,-1.9776260268069377,1,0,93.088,93.054,-0.033999999999991815,0.11699999999999022,-0.40799999999998704,-0.1750000000000019,0.0,-0.03200000000000003,0.14097269239111485,-0.1750000000000019,0,1,2025,Miami Grand Prix,0.0,19,0.0
BEA,25,0 days 00:01:33.054000,HARD,2.0,True,0 days 01:37:18.617000,26.8,12,37.5,0 days 00:00:31.073000,0 days 00:00:35.848000,0 days 00:00:26.133000,1,93.054,5838.617,0.3609999999998763,True,False,False,2.0,0.0,0.0,31.073,35.848,26.133,0,0,0,0.0,93.0878,0.33755695815670744,-0.10013124950695898,0,1,92.68,94.14,1.4599999999999937,0.0,0.3739999999999952,-0.1356666666666655,0.0,0.015999999999998238,0.16480200241501883,-0.1356666666666655,0,1,2025,Miami Grand Prix,0.0,19,0.0
BEA,26,0 days 00:01:34.140000,HARD,3.0,True,0 days 01:38:52.757000,26.6,12,37.2,0 days 00:00:32.323000,0 days 00:00:35.617000,0 days 00:00:26.200000,1,94.14,5932.757,0.5800000000008367,True,False,False,3.0,0.0,0.0,32.323,35.617,26.2,0,0,0,0.0,92.976,0.17218449407541053,6.760190609789822,0,0,93.054,93.604,0.5499999999999972,0.3739999999999952,1.0859999999999985,0.027666666666666135,0.0,0.08299999999999841,0.1609711154213703,0.027666666666666135,0,1,2025,Miami Grand Prix,0.0,19,0.0
BOR,4,0 days 00:01:34.522000,nan,,True,0 days 01:04:33.274000,26.5,13,38.6,0 days 00:00:32.693000,0 days 00:00:35.580000,0 days 00:00:26.249000,1,94.522,3873.274,0.2480000000000473,False,False,True,0.0,0.0,0.0,32.693,35.58,26.249,0,0,0,0.0,93.31320000000001,0.5672311698064734,2.1310535533729786,0,0,94.522,93.194,-1.328000000000003,1.8419999999999987,0.0,0.30799999999999744,0.0,0.11599999999999966,0.3340561330076133,0.0,0,1,2025,Miami Grand Prix,0.0,19,0.0
BOR,5,0 days 00:01:33.194000,nan,,True,0 days 01:06:06.468000,26.4,13,38.4,0 days 00:00:31.849000,0 days 00:00:35.346000,0 days 00:00:25.999000,1,93.194,3966.468,0.6060000000002219,False,False,True,0.0,0.0,0.0,31.849,35.346,25.999,0,0,0,0.0,,,0.0,0,0,94.522,93.134,-1.3880000000000052,0.0,-1.328000000000003,0.0,0.0,0.0,0.0,0.0,0,1,2025,Miami Grand Prix,0.0,19,0.0
BOR,6,0 days 00:01:33.134000,nan,,True,0 days 01:07:39.602000,26.5,13,38.5,0 days 00:00:31.821000,0 days 00:00:35.392000,0 days 00:00:25.921000,1,93.134,4059.602,0.7830000000003565,False,False,True,0.0,0.0,0.0,31.821,35.392,25.921,0,0,0,0.0,,,0.0,0,0,93.194,93.607,0.4129999999999967,0.0,-0.060000000000002274,-0.6640000000000015,0.0,-0.0779999999999994,0.0,0.0,0,1,2025,Miami Grand Prix,0.0,19,0.0
BOR,7,0 days 00:01:33.607000,nan,,True,0 days 01:09:13.209000,26.6,13,38.9,0 days 00:00:32.134000,0 days 00:00:35.444000,0 days 00:00:26.029000,1,93.607,4153.209,0.7520000000004075,False,False,True,0.0,0.0,0.0,32.134,35.444,26.029,0,0,0,0.0,93.61666666666667,0.7846154047259962,-0.012320261122136298,0,0,93.134,93.594,0.45999999999999375,0.0,0.472999999999999,-0.4626666666666684,0.0,0.10800000000000054,0.09761830429449819,-0.6940000000000026,0,1,2025,Miami Grand Prix,0.0,19,0.0
BOR,8,0 days 00:01:33.594000,nan,,True,0 days 01:10:46.803000,26.6,13,38.9,0 days 00:00:31.769000,0 days 00:00:35.690000,0 days 00:00:26.135000,1,93.594,4246.803,0.5730000000003201,False,False,True,0.0,0.0,0.0,31.769,35.69,26.135,0,0,0,0.0,93.61425,0.6406540277976381,-0.03160832387118097,0,0,93.607,93.269,-0.33799999999999386,0.472999999999999,-0.01300000000000523,-0.3050000000000021,0.0,0.2140000000000022,0.09287087810503335,-0.3050000000000021,0,1,2025,Miami Grand Prix,0.0,19,0.0
BOR,9,0 days 00:01:33.269000,nan,,True,0 days 01:12:20.072000,26.7,13,39.0,0 days 00:00:31.851000,0 days 00:00:35.329000,0 days 00:00:26.089000,1,93.269,4340.072,0.8209999999999127,False,False,True,0.0,0.0,0.0,31.851,35.329,26.089,0,0,0,0.0,93.61019999999999,0.5548965669383824,-0.6148893691711638,0,0,93.594,93.439,-0.15500000000000114,0.45999999999999375,-0.32499999999998863,0.1333333333333305,0.0,0.16799999999999926,0.11300442469213369,0.1333333333333305,0,1,2025,Miami Grand Prix,0.0,19,0.0
BOR,10,0 days 00:01:33.439000,nan,,True,0 days 01:13:53.511000,26.6,13,38.5,0 days 00:00:31.632000,0 days 00:00:35.609000,0 days 00:00:26.198000,1,93.439,4433.511,0.9659999999994398,False,False,True,0.0,0.0,0.0,31.632,35.609,26.198,0,0,0,0.0,93.3596,0.22509842291760535,0.35273459036652616,0,0,93.269,93.561,0.2920000000000016,0.13500000000000512,0.1699999999999875,0.045000000000001705,0.0,0.16900000000000048,0.12022811651190446,0.045000000000001705,0,1,2025,Miami Grand Prix,0.0,19,0.0
BOR,11,0 days 00:01:33.561000,nan,,True,0 days 01:15:27.072000,26.6,13,38.5,0 days 00:00:31.719000,0 days 00:00:35.580000,0 days 00:00:26.262000,1,93.561,4527.072,1.1409999999996217,False,False,True,0.0,0.0,0.0,31.719,35.58,26.262,0,0,0,0.0,93.4086,0.2058841907480879,0.7402219638440863,0,0,93.439,93.381,-0.057999999999992724,0.3049999999999926,0.1220000000000141,-0.056000000000002124,0.0,0.17300000000000182,0.11490952963092331,-0.056000000000002124,0,0,2025,Miami Grand Prix,0.0,19,0.0
BOR,12,0 days 00:01:33.381000,nan,,True,0 days 01:17:00.453000,26.8,13,38.2,0 days 00:00:31.599000,0 days 00:00:35.542000,0 days 00:00:26.240000,1,93.381,4620.453,1.2010000000000218,False,False,True,0.0,0.0,0.0,31.599,35.542,26.24,0,0,0,0.0,93.494,0.14222165798499325,-0.7945344021507815,0,0,93.561,93.402,-0.15900000000000603,0.2920000000000016,-0.18000000000000682,-0.01099999999999568,0.0,0.1509999999999998,0.03784573952243562,-0.01099999999999568,0,0,2025,Miami Grand Prix,0.0,19,0.0
BOR,13,0 days 00:01:33.402000,nan,,True,0 days 01:18:33.855000,26.7,13,38.2,0 days 00:00:31.695000,0 days 00:00:35.411000,0 days 00:00:26.296000,1,93.402,4713.855,1.1890000000003056,False,False,True,0.0,0.0,0.0,31.695,35.411,26.296,0,0,0,0.0,93.4488,0.13294058823398033,-0.3520369559192479,0,0,93.381,93.203,-0.17799999999999727,0.11199999999999477,0.021000000000000796,0.03733333333333159,0.0,0.09799999999999898,0.023377339455122936,0.03733333333333159,0,0,2025,Miami Grand Prix,0.0,19,0.0
BOR,14,0 days 00:01:33.203000,nan,,True,0 days 01:20:07.058000,26.6,13,37.6,0 days 00:00:31.599000,0 days 00:00:35.504000,0 days 00:00:26.100000,1,93.203,4807.058,1.5460000000002765,False,False,True,0.0,0.0,0.0,31.599,35.504,26.1,0,0,0,0.0,93.41040000000001,0.10538880395940342,-1.967950979687548,1,0,93.402,93.547,0.14499999999999602,0.13299999999999557,-0.19899999999999807,-0.012333333333330643,0.0,-0.13999999999999702,0.031236196951614458,-0.012333333333330643,0,0,2025,Miami Grand Prix,0.0,19,0.0
BOR,15,0 days 00:01:33.547000,nan,,True,0 days 01:21:40.605000,26.5,13,37.6,0 days 00:00:31.658000,0 days 00:00:35.745000,0 days 00:00:26.144000,1,93.547,4900.605,1.7420000000001892,False,False,True,0.0,0.0,0.0,31.658,35.745,26.144,0,0,0,0.0,93.3972,0.1290124025045374,1.1611286751654015,0,1,93.203,93.778,0.5750000000000028,0.0,0.3439999999999941,-0.11933333333333469,0.0,0.04399999999999693,0.13211245210047287,-0.11933333333333469,0,0,2025,Miami Grand Prix,0.0,19,0.0
BOR,16,0 days 00:01:33.778000,nan,,True,0 days 01:23:14.383000,26.6,13,37.7,0 days 00:00:31.652000,0 days 00:00:35.960000,0 days 00:00:26.166000,1,93.778,4994.383,1.555000000000291,False,False,True,0.0,0.0,0.0,31.652,35.96,26.166,0,0,0,0.0,93.4188,0.14571959374083523,2.4650082447995607,0,0,93.547,93.581,0.034000000000006025,0.3439999999999941,0.23100000000000875,0.05533333333333227,0.0,0.06599999999999895,0.1251147473321982,0.05533333333333227,0,0,2025,Miami Grand Prix,0.0,19,0.0
BOR,17,0 days 00:01:33.581000,nan,,True,0 days 01:24:47.964000,26.5,13,37.6,0 days 00:00:31.615000,0 days 00:00:35.709000,0 days 00:00:26.257000,1,93.581,5087.964,1.581000000000131,False,False,True,0.0,0.0,0.0,31.615,35.709,26.257,0,0,0,0.0,93.46220000000001,0.21466415630001287,0.5534226209333207,0,0,93.778,93.89,0.11199999999999477,0.5750000000000028,-0.19700000000000273,0.12533333333333493,0.0,0.15700000000000003,0.11034582003863888,0.12533333333333493,0,0,2025,Miami Grand Prix,0.0,19,0.0
BOR,18,0 days 00:01:33.890000,nan,,True,0 days 01:26:21.854000,26.8,13,37.8,0 days 00:00:31.615000,0 days 00:00:35.959000,0 days 00:00:26.316000,1,93.89,5181.854,1.3119999999998981,False,False,True,0.0,0.0,0.0,31.615,35.959,26.316,0,0,0,0.0,93.50219999999999,0.2143844677209585,1.8088997030548448,0,0,93.581,92.328,-1.2530000000000001,0.3780000000000001,0.3089999999999975,0.12600000000000003,0.0,0.1720000000000006,0.11182575731914222,0.12600000000000003,0,0,2025,Miami Grand Prix,0.0,19,0.0
BOR,21,0 days 00:01:32.328000,nan,,True,0 days 01:31:19.150000,26.6,17,37.8,0 days 00:00:30.895000,0 days 00:00:35.340000,0 days 00:00:26.093000,1,92.328,5479.15,9.820999999999913,False,False,True,0.0,0.0,0.0,30.895,35.34,26.093,0,0,0,0.0,93.5998,0.26294619221431087,-4.836731002985717,1,0,93.89,92.414,-1.475999999999999,0.6869999999999976,-1.5619999999999976,0.11433333333333451,0.0,-0.0730000000000004,0.12474453895862439,0.11433333333333451,0,0,2025,Miami Grand Prix,0.0,19,0.0
BOR,22,0 days 00:01:32.414000,nan,,True,0 days 01:32:51.564000,26.8,17,37.8,0 days 00:00:31.162000,0 days 00:00:35.304000,0 days 00:00:25.948000,1,92.414,5571.564,5.32799999999952,False,False,True,0.0,0.0,0.0,31.162,35.304,25.948,0,0,0,0.0,93.4248,0.6291785914984663,-1.606539087086003,1,1,92.328,92.423,0.09499999999999886,0.0,0.08599999999999852,-0.4833333333333343,0.0,-0.14499999999999957,0.09882155635285303,-0.4833333333333343,0,0,2025,Miami Grand Prix,0.0,19,0.0
BOR,23,0 days 00:01:32.423000,nan,,True,0 days 01:34:23.987000,26.8,17,37.9,0 days 00:00:31.131000,0 days 00:00:35.280000,0 days 00:00:26.012000,1,92.423,5663.987,5.923999999999978,False,False,True,0.0,0.0,0.0,31.131,35.28,26.012,0,0,0,0.0,93.1982,0.7637913327604464,-1.0149368901560054,0,1,92.414,93.275,0.8610000000000042,0.08599999999999852,0.009000000000000341,-0.3890000000000005,0.0,0.06400000000000006,0.14024728161358424,-0.3890000000000005,0,0,2025,Miami Grand Prix,0.0,19,0.0
BOR,24,0 days 00:01:33.275000,HARD,1.0,True,0 days 01:35:57.262000,26.8,17,37.7,0 days 00:00:31.800000,0 days 00:00:35.413000,0 days 00:00:26.062000,1,93.275,5757.262,5.653000000000247,True,False,False,1.0,0.0,0.0,31.8,35.413,26.062,0,0,0,0.0,92.9272,0.7468384698179097,0.46569641770703823,0,0,92.423,93.162,0.7390000000000043,0.09499999999999886,0.8520000000000039,-0.4889999999999996,0.0,0.11400000000000077,0.14014100042457248,-0.4889999999999996,0,0,2025,Miami Grand Prix,0.0,19,0.0
BOR,25,0 days 00:01:33.162000,HARD,2.0,True,0 days 01:37:30.424000,26.8,17,37.5,0 days 00:00:31.370000,0 days 00:00:35.584000,0 days 00:00:26.208000,1,93.162,5850.424,5.177999999999884,True,False,False,2.0,0.0,0.0,31.37,35.584,26.208,0,0,0,0.0,92.866,0.6902633555389944,0.4288218368029604,0,0,93.275,92.822,-0.45300000000000296,0.9470000000000027,-0.11299999999999955,0.3156666666666676,0.0,0.259999999999998,0.13185711964092064,0.3156666666666676,0,0,2025,Miami Grand Prix,0.0,19,0.0
BOR,26,0 days 00:01:32.822000,HARD,3.0,True,0 days 01:39:03.246000,26.6,17,37.2,0 days 00:00:31.229000,0 days 00:00:35.563000,0 days 00:00:26.030000,1,92.822,5943.246,4.989999999999782,True,False,False,3.0,0.0,0.0,31.229,35.563,26.03,0,0,0,0.0,92.7204,0.4579566573377246,0.22185505630738955,0,0,93.162,92.42,-0.7420000000000044,0.8340000000000032,-0.3400000000000034,0.24933333333333488,0.0,0.018000000000000682,0.15919013788548522,0.24933333333333488,0,0,2025,Miami Grand Prix,0.0,19,0.0
BOR,27,0 days 00:01:32.420000,HARD,4.0,True,0 days 01:40:35.666000,26.6,17,37.0,0 days 00:00:30.942000,0 days 00:00:35.377000,0 days 00:00:26.101000,1,92.42,6035.666,5.096999999999753,True,False,False,4.0,0.0,0.0,30.942,35.377,26.101,0,0,0,0.0,92.8192,0.4020058457285799,-0.9930203857520994,0,0,92.822,117.049,24.227000000000004,0.40800000000000125,-0.402000000000001,0.1330000000000003,0.0,0.07099999999999795,0.14722160167584022,0.1330000000000003,0,0,2025,Miami Grand Prix,0.0,19,0.0
GAS,4,0 days 00:01:34.054000,nan,,True,0 days 01:04:36.553000,26.5,18,38.6,0 days 00:00:32.079000,0 days 00:00:35.807000,0 days 00:00:26.168000,1,94.054,3876.553,7.974999999999909,False,False,True,0.0,0.0,0.0,32.079,35.807,26.168,0,0,0,0.0,97.7456,10.796072864704113,-0.3419391519734032,0,0,94.054,94.123,0.06900000000000261,1.6340000000000003,0.0,7.9623333333333335,0.0,0.13799999999999812,4.261218135697818,0.0,0,0,2025,Miami Grand Prix,0.0,19,0.0
GAS,5,0 days 00:01:34.123000,nan,,True,0 days 01:06:10.676000,26.4,18,38.4,0 days 00:00:32.212000,0 days 00:00:35.731000,0 days 00:00:26.180000,1,94.123,3970.676,8.378000000000156,False,False,True,0.0,0.0,0.0,32.212,35.731,26.18,0,0,0,0.0,,,0.0,0,0,94.054,94.295,0.24099999999999966,0.0,0.06900000000000261,0.0,0.0,0.0,0.0,0.0,0,0,2025,Miami Grand Prix,0.0,19,0.0
GAS,6,0 days 00:01:34.295000,nan,,True,0 days 01:07:44.971000,26.5,18,38.5,0 days 00:00:32.308000,0 days 00:00:35.670000,0 days 00:00:26.317000,1,94.295,4064.971,8.416999999999916,False,False,True,0.0,0.0,0.0,32.308,35.67,26.317,0,0,0,0.0,,,0.0,0,0,94.123,94.019,-0.1039999999999992,0.0,0.17199999999999704,0.03450000000000131,0.0,0.1490000000000009,0.0,0.0,0,0,2025,Miami Grand Prix,0.0,19,0.0
GAS,7,0 days 00:01:34.019000,nan,,True,0 days 01:09:18.990000,26.6,18,38.9,0 days 00:00:32.019000,0 days 00:00:35.772000,0 days 00:00:26.228000,1,94.019,4158.99,8.444000000000415,False,False,True,0.0,0.0,0.0,32.019,35.772,26.228,0,0,0,0.0,94.15733333333333,0.12411419472941833,-1.1145649668428503,0,0,94.295,94.087,-0.2079999999999984,0.24099999999999966,-0.27599999999999625,0.08033333333333322,0.0,0.060000000000002274,0.08303212229814015,0.12049999999999983,0,0,2025,Miami Grand Prix,0.0,19,0.0
GAS,8,0 days 00:01:34.087000,nan,,True,0 days 01:10:53.077000,26.7,18,38.9,0 days 00:00:32.167000,0 days 00:00:35.634000,0 days 00:00:26.286000,1,94.087,4253.077,8.493999999999687,False,False,True,0.0,0.0,0.0,32.167,35.634,26.286,0,0,0,0.0,94.12275,0.12269304517099873,-0.29137755893309086,0,0,94.019,93.727,-0.2920000000000016,0.0,0.06799999999999784,-0.01166666666666553,0.0,0.10600000000000165,0.07010171181932673,-0.01166666666666553,0,0,2025,Miami Grand Prix,0.0,19,0.0
GAS,9,0 days 00:01:33.727000,nan,,True,0 days 01:12:26.804000,26.7,17,39.0,0 days 00:00:31.934000,0 days 00:00:35.524000,0 days 00:00:26.269000,1,93.727,4346.804,3.8659999999999854,False,False,True,0.0,0.0,0.0,31.934,35.524,26.269,0,0,0,0.0,94.1156,0.10745138435590165,-3.616519250351131,1,0,94.087,93.43,-0.6569999999999965,0.06799999999999784,-0.35999999999999943,-0.012000000000000455,0.0,0.04099999999999682,0.06131720802515359,-0.012000000000000455,0,0,2025,Miami Grand Prix,0.0,19,0.0
GAS,10,0 days 00:01:33.430000,nan,,True,0 days 01:14:00.234000,26.6,17,38.5,0 days 00:00:31.735000,0 days 00:00:35.545000,0 days 00:00:26.150000,1,93.43,4440.234,3.619999999999891,False,False,True,0.0,0.0,0.0,31.735,35.545,26.15,0,0,0,0.0,94.05019999999999,0.20737212927488965,-2.99075870112639,1,1,93.727,93.253,-0.47400000000000375,0.0,-0.29699999999999704,-0.1893333333333326,0.0,-0.07800000000000296,0.05781608772651518,-0.1893333333333326,0,0,2025,Miami Grand Prix,0.0,19,0.0
GAS,11,0 days 00:01:33.253000,nan,,True,0 days 01:15:33.487000,26.6,17,38.5,0 days 00:00:31.623000,0 days 00:00:35.411000,0 days 00:00:26.219000,1,93.253,4533.487,3.550999999999476,False,False,True,0.0,0.0,0.0,31.623,35.411,26.219,0,0,0,0.0,93.91159999999999,0.33738375775962687,-1.9520797455496368,1,1,93.43,93.244,-0.18600000000000705,0.0,-0.1770000000000067,-0.1963333333333329,0.0,0.06900000000000261,0.0856522037077874,-0.1963333333333329,0,0,2025,Miami Grand Prix,0.0,19,0.0
GAS,12,0 days 00:01:33.244000,nan,,True,0 days 01:17:06.731000,26.8,17,38.2,0 days 00:00:31.675000,0 days 00:00:35.419000,0 days 00:00:26.150000,1,93.244,4626.731,2.855000000000473,False,False,True,0.0,0.0,0.0,31.675,35.419,26.15,0,0,0,0.0,93.70320000000001,0.3622557107900672,-1.267612866608812,0,1,93.253,93.113,-0.14000000000000057,0.0,-0.009000000000000341,-0.2780000000000011,0.0,0.0,0.069859143997048,-0.2780000000000011,0,0,2025,Miami Grand Prix,0.0,19,0.0
GAS,13,0 days 00:01:33.113000,nan,,True,0 days 01:18:39.844000,26.7,17,38.2,0 days 00:00:31.513000,0 days 00:00:35.514000,0 days 00:00:26.086000,1,93.113,4719.844,2.72400000000016,False,False,True,0.0,0.0,0.0,31.513,35.514,26.086,0,0,0,0.0,93.54820000000001,0.3591402233112094,-1.2117829520390164,0,0,93.244,93.309,0.06499999999999773,0.0,-0.13100000000000023,-0.16100000000000136,0.0,-0.06400000000000006,0.07062789817062555,-0.16100000000000136,0,0,2025,Miami Grand Prix,0.0,19,0.0
GAS,14,0 days 00:01:33.309000,nan,,True,0 days 01:20:13.153000,26.6,17,37.6,0 days 00:00:31.687000,0 days 00:00:35.525000,0 days 00:00:26.097000,1,93.309,4813.153,2.5469999999995707,False,False,True,0.0,0.0,0.0,31.687,35.525,26.097,0,0,0,0.0,93.3534,0.23732109050827155,-0.18708830262369155,0,0,93.113,93.775,0.6620000000000061,0.0,0.19599999999999795,-0.10566666666666909,0.0,0.011000000000002785,0.06406481093392948,-0.10566666666666909,0,0,2025,Miami Grand Prix,0.0,19,0.0
GAS,15,0 days 00:01:33.775000,nan,,True,0 days 01:21:46.928000,26.5,17,37.6,0 days 00:00:31.755000,0 days 00:00:35.880000,0 days 00:00:26.140000,1,93.775,4906.928,2.061999999999898,False,False,True,0.0,0.0,0.0,31.755,35.88,26.14,0,0,0,0.0,93.2698,0.11482029437359192,4.399919045288526,0,0,93.309,93.39,0.08100000000000307,0.19599999999999795,0.4660000000000082,0.018666666666665794,0.0,0.054000000000002046,0.05977708591090935,0.018666666666665794,0,0,2025,Miami Grand Prix,0.0,19,0.0
GAS,16,0 days 00:01:33.390000,nan,,True,0 days 01:23:20.318000,26.6,17,37.7,0 days 00:00:31.750000,0 days 00:00:35.520000,0 days 00:00:26.120000,1,93.39,5000.318,1.9179999999996653,False,False,True,0.0,0.0,0.0,31.75,35.52,26.12,0,0,0,0.0,93.3388,0.2542109360354812,0.20140754287946203,0,0,93.775,93.478,-0.29700000000001125,0.6620000000000061,-0.3850000000000051,0.17700000000000196,0.0,0.03400000000000247,0.05223504570688257,0.17700000000000196,0,0,2025,Miami Grand Prix,0.0,19,0.0
GAS,17,0 days 00:01:33.478000,nan,,True,0 days 01:24:53.796000,26.7,17,37.6,0 days 00:00:31.720000,0 days 00:00:35.666000,0 days 00:00:26.092000,1,93.478,5093.796,1.9169999999994616,False,False,True,0.0,0.0,0.0,31.72,35.666,26.092,0,0,0,0.0,93.3662,0.2499993999993485,0.4472010732836938,0,0,93.39,93.528,0.13800000000000523,0.277000000000001,0.08799999999999386,0.09233333333333367,0.0,-0.005000000000002558,0.04484417464955832,0.09233333333333367,0,0,2025,Miami Grand Prix,0.0,19,0.0
GAS,18,0 days 00:01:33.528000,nan,,True,0 days 01:26:27.324000,26.8,17,37.8,0 days 00:00:31.798000,0 days 00:00:35.606000,0 days 00:00:26.124000,1,93.528,5187.324,1.7020000000002256,False,False,True,0.0,0.0,0.0,31.798,35.606,26.124,0,0,0,0.0,93.413,0.24321492552890647,0.4728328236843391,0,0,93.478,93.563,0.08500000000000796,0.3649999999999949,0.05000000000001137,0.05633333333333231,0.0,0.03200000000000003,0.04509434554353912,0.05633333333333231,0,0,2025,Miami Grand Prix,0.0,19,0.0
GAS,19,0 days 00:01:33.563000,nan,,True,0 days 01:28:00.887000,26.8,17,37.9,0 days 00:00:31.882000,0 days 00:00:35.673000,0 days 00:00:26.008000,1,93.563,5280.887,1.3780000000006112,False,False,True,0.0,0.0,0.0,31.882,35.673,26.008,0,0,0,0.0,93.49600000000001,0.17705507617695304,0.37841332452412535,0,0,93.528,93.441,-0.0870000000000033,0.2190000000000083,0.03499999999999659,-0.0823333333333333,0.0,-0.08399999999999963,0.022731036052060165,-0.0823333333333333,0,0,2025,Miami Grand Prix,0.0,19,0.0
GAS,20,0 days 00:01:33.441000,nan,,True,0 days 01:29:34.328000,26.6,15,37.6,0 days 00:00:31.782000,0 days 00:00:35.628000,0 days 00:00:26.031000,1,93.441,5374.328,1.126999999999498,False,False,True,0.0,0.0,0.0,31.782,35.628,26.031,0,0,0,0.0,93.5468,0.14318763913139845,-0.7388905958768762,0,0,93.563,93.143,-0.4200000000000017,0.17300000000000182,-0.12199999999999989,0.057666666666667275,0.0,0.022999999999999687,0.054737555663365904,0.057666666666667275,0,0,2025,Miami Grand Prix,0.0,19,0.0
GAS,21,0 days 00:01:33.143000,nan,,True,0 days 01:31:07.471000,26.6,15,37.8,0 days 00:00:31.396000,0 days 00:00:35.688000,0 days 00:00:26.059000,1,93.143,5467.471,1.5050000000001091,False,False,True,0.0,0.0,0.0,31.396,35.688,26.059,0,0,0,0.0,93.47999999999999,0.06858935777528007,-4.913298665138479,1,0,93.441,93.025,-0.4159999999999968,0.05100000000000193,-0.2980000000000018,-0.012333333333330643,0.0,0.05100000000000193,0.049472214423856437,-0.012333333333330643,0,0,2025,Miami Grand Prix,0.0,19,0.0
GAS,22,0 days 00:01:33.025000,nan,,True,0 days 01:32:40.496000,26.7,15,37.8,0 days 00:00:31.483000,0 days 00:00:35.522000,0 days 00:00:26.020000,1,93.025,5560.496,1.9839999999994689,False,False,True,0.0,0.0,0.0,31.483,35.522,26.02,0,0,0,0.0,93.4306,0.16739563913085811,-2.423002188742343,1,1,93.143,92.798,-0.34499999999999886,0.0,-0.117999999999995,-0.12833333333333505,0.0,0.012000000000000455,0.05286113884509146,-0.12833333333333505,0,0,2025,Miami Grand Prix,0.0,19,0.0
GAS,23,0 days 00:01:32.798000,nan,,True,0 days 01:34:13.294000,26.8,14,37.9,0 days 00:00:31.495000,0 days 00:00:35.424000,0 days 00:00:25.879000,1,92.798,5653.294,2.6469999999999345,False,False,True,0.0,0.0,0.0,31.495,35.424,25.879,0,0,0,0.0,93.34,0.24150983416837082,-2.2442150311036246,1,1,93.025,92.831,-0.19400000000000261,0.0,-0.22700000000000387,-0.17933333333333223,0.0,-0.14099999999999824,0.05273234301640715,-0.17933333333333223,0,0,2025,Miami Grand Prix,0.0,19,0.0
GAS,24,0 days 00:01:32.831000,HARD,1.0,True,0 days 01:35:46.125000,26.8,13,37.7,0 days 00:00:31.513000,0 days 00:00:35.390000,0 days 00:00:25.928000,1,92.831,5746.125,2.980999999999767,True,False,False,1.0,0.0,0.0,31.513,35.39,25.928,0,0,0,0.0,93.194,0.31030146631951927,-1.169830114905794,0,1,92.798,92.853,0.05499999999999261,0.0,0.03300000000000125,-0.21433333333333357,0.0,0.04899999999999949,0.08115848692527458,-0.21433333333333357,0,0,2025,Miami Grand Prix,0.0,19,0.0
GAS,25,0 days 00:01:32.853000,HARD,2.0,True,0 days 01:37:18.978000,26.8,13,37.5,0 days 00:00:31.206000,0 days 00:00:35.831000,0 days 00:00:25.816000,1,92.853,5838.978,3.395999999999731,True,False,False,2.0,0.0,0.0,31.206,35.831,25.816,0,0,0,0.0,93.0476,0.26152973062360263,-0.7440836632072223,0,0,92.831,94.359,1.5279999999999916,0.03300000000000125,0.02199999999999136,-0.1039999999999992,0.0,-0.06300000000000239,0.07991995995994938,-0.1039999999999992,0,0,2025,Miami Grand Prix,0.0,19,0.0
GAS,26,0 days 00:01:34.359000,HARD,3.0,True,0 days 01:38:53.337000,26.6,13,37.2,0 days 00:00:32.634000,0 days 00:00:35.633000,0 days 00:00:26.092000,1,94.359,5933.337,2.2419999999992797,True,False,False,3.0,0.0,0.0,32.634,35.633,26.092,0,0,0,0.0,92.93,0.1479425564199236,9.659154435211198,0,0,92.853,92.77,-0.08299999999999841,0.05499999999999261,1.5060000000000002,-0.05733333333333709,0.0,0.2759999999999998,0.08261839988767636,-0.05733333333333709,0,0,2025,Miami Grand Prix,0.0,19,0.0
GAS,27,0 days 00:01:32.770000,HARD,4.0,True,0 days 01:40:26.107000,26.6,12,37.0,0 days 00:00:31.432000,0 days 00:00:35.366000,0 days 00:00:25.972000,1,92.77,6026.107,0.2539999999999054,True,False,False,4.0,0.0,0.0,31.432,35.366,25.972,0,0,0,0.0,93.1732,0.6686719674100631,-0.602986246846409,0,0,94.359,93.172,-1.1869999999999976,1.5609999999999928,-1.5889999999999986,0.520333333333331,0.0,0.15600000000000236,0.1573477041459453,0.520333333333331,0,1,2025,Miami Grand Prix,0.0,19,0.0
GAS,30,0 days 00:01:33.172000,HARD,7.0,True,0 days 01:45:43.334000,26.5,12,36.4,0 days 00:00:31.247000,0 days 00:00:35.987000,0 days 00:00:25.938000,1,93.172,6343.334,2.219000000000051,True,False,False,7.0,0.0,0.0,31.247,35.987,25.938,0,0,0,0.0,93.12219999999999,0.692114658131186,0.07195339589320683,0,0,92.77,92.523,-0.2469999999999999,0.0,0.402000000000001,-0.020333333333335684,0.0,0.12199999999999989,0.16689607544816645,-0.020333333333335684,0,0,2025,Miami Grand Prix,0.0,19,0.0
GAS,31,0 days 00:01:32.523000,HARD,8.0,True,0 days 01:47:15.857000,26.5,12,36.0,0 days 00:00:31.225000,0 days 00:00:35.260000,0 days 00:00:26.038000,1,92.523,6435.857,1.3670000000001892,True,False,False,8.0,0.0,0.0,31.225,35.26,26.038,0,0,0,0.0,93.197,0.6681111434484871,-1.0088141869945828,0,0,93.172,91.372,-1.7999999999999972,0.402000000000001,-0.6490000000000009,0.10633333333333421,0.0,0.10000000000000142,0.12594244717330316,0.10633333333333421,0,0,2025,Miami Grand Prix,0.0,19,0.0
GAS,34,0 days 00:01:31.372000,MEDIUM,2.0,True,0 days 01:52:29.171000,26.2,14,36.1,0 days 00:00:30.625000,0 days 00:00:34.920000,0 days 00:00:25.827000,1,91.372,6749.171,7.173999999999978,False,True,False,2.0,0.0,0.0,30.625,34.92,25.827,0,0,0,0.0,93.1354,0.7222944690360367,-2.4413865474470704,1,0,92.523,91.159,-1.36399999999999,0.0,-1.1509999999999962,-0.6119999999999995,0.0,-0.1109999999999971,0.12197212796372879,-0.6119999999999995,0,0,2025,Miami Grand Prix,0.0,19,0.0
GAS,35,0 days 00:01:31.159000,MEDIUM,3.0,True,0 days 01:54:00.330000,26.1,14,35.8,0 days 00:00:30.516000,0 days 00:00:34.861000,0 days 00:00:25.782000,1,91.159,6840.33,8.454999999999927,False,True,False,3.0,0.0,0.0,30.516,34.861,25.782,0,0,0,0.0,92.83919999999999,1.0814336318055129,-1.5536783308604882,1,1,91.372,91.533,0.16100000000000136,0.0,-0.21299999999999386,-0.4659999999999987,0.0,-0.045000000000001705,0.14030965754359076,-0.4659999999999987,0,0,2025,Miami Grand Prix,0.0,19,0.0
GAS,36,0 days 00:01:31.533000,MEDIUM,4.0,True,0 days 01:55:31.863000,26.1,14,35.5,0 days 00:00:30.593000,0 days 00:00:34.996000,0 days 00:00:25.944000,1,91.533,6931.863,9.148999999999432,False,True,False,4.0,0.0,0.0,30.593,34.996,25.944,0,0,0,0.0,92.19919999999999,0.8864641560718034,-0.7515250283239058,0,1,91.159,91.682,0.5229999999999961,0.0,0.3739999999999952,-0.670999999999997,0.0,0.16199999999999903,0.11587622707009414,-0.670999999999997,0,0,2025,Miami Grand Prix,0.0,19,0.0
GAS,37,0 days 00:01:31.682000,MEDIUM,5.0,True,0 days 01:57:03.545000,26.1,13,36.0,0 days 00:00:30.634000,0 days 00:00:35.053000,0 days 00:00:25.995000,1,91.682,7023.545,10.108000000000175,False,True,False,5.0,0.0,0.0,30.634,35.053,25.995,0,0,0,0.0,91.9518,0.8595421455636185,-0.3138880407348618,0,0,91.533,91.642,0.10899999999999466,0.3739999999999952,0.1490000000000009,-0.3299999999999983,0.0,0.21300000000000097,0.11734266061411693,-0.3299999999999983,0,0,2025,Miami Grand Prix,0.0,19,0.0
GAS,38,0 days 00:01:31.642000,MEDIUM,6.0,True,0 days 01:58:35.187000,26.2,13,36.0,0 days 00:00:30.594000,0 days 00:00:35.087000,0 days 00:00:25.961000,1,91.642,7115.187,8.761999999999716,False,True,False,6.0,0.0,0.0,30.594,35.087,25.961,0,0,0,0.0,91.6538,0.5232434423861668,-0.0225516443095704,0,0,91.682,91.602,-0.0799999999999983,0.5229999999999961,-0.04000000000000625,0.1033333333333341,0.0,0.1789999999999985,0.1374834535498723,0.1033333333333341,0,0,2025,Miami Grand Prix,0.0,19,0.0
GAS,39,0 days 00:01:31.602000,MEDIUM,7.0,True,0 days 02:00:06.789000,26.2,13,35.7,0 days 00:00:30.595000,0 days 00:00:35.033000,0 days 00:00:25.974000,1,91.602,7206.789,8.204000000000633,False,True,False,7.0,0.0,0.0,30.595,35.033,25.974,0,0,0,0.0,91.4776,0.2147866383184374,0.5791794171831868,0,0,91.642,91.455,-0.1869999999999976,0.4829999999999899,-0.03999999999999204,0.16099999999999662,0.0,0.030000000000001137,0.14690064669701008,0.16099999999999662,0,0,2025,Miami Grand Prix,0.0,19,0.0
GAS,40,0 days 00:01:31.455000,MEDIUM,8.0,True,0 days 02:01:38.244000,26.2,13,35.5,0 days 00:00:30.566000,0 days 00:00:35.004000,0 days 00:00:25.885000,1,91.455,7298.244,8.240000000000691,False,True,False,8.0,0.0,0.0,30.566,35.004,25.885,0,0,0,0.0,91.52360000000002,0.21111442395092844,-0.3249422692973512,0,0,91.602,91.637,0.03499999999999659,0.44299999999999784,-0.14700000000000557,0.02300000000000087,0.0,-0.07599999999999696,0.11008496718444374,0.02300000000000087,0,0,2025,Miami Grand Prix,0.0,19,0.0
GAS,41,0 days 00:01:31.637000,MEDIUM,9.0,True,0 days 02:03:09.881000,26.1,13,34.9,0 days 00:00:30.551000,0 days 00:00:35.122000,0 days 00:00:25.964000,1,91.637,7389.881,7.805999999999585,False,True,False,9.0,0.0,0.0,30.551,35.122,25.964,0,0,0,0.0,91.5828,0.09017593914192999,0.6010472473670371,0,0,91.455,91.528,0.0730000000000075,0.0,0.18200000000000216,-0.07566666666666795,0.0,0.07899999999999707,0.12115816109532057,-0.07566666666666795,0,0,2025,Miami Grand Prix,0.0,19,0.0
GAS,42,0 days 00:01:31.528000,MEDIUM,10.0,True,0 days 02:04:41.409000,26.1,13,34.9,0 days 00:00:30.492000,0 days 00:00:35.053000,0 days 00:00:25.983000,1,91.528,7481.409,7.608000000000175,False,True,False,10.0,0.0,0.0,30.492,35.053,25.983,0,0,0,0.0,91.6036,0.08777983823251834,-0.861245606305846,0,0,91.637,91.511,-0.12600000000000477,0.18200000000000216,-0.10899999999999466,-0.0016666666666651508,0.0,0.09799999999999898,0.11640661493231268,-0.0016666666666651508,0,0,2025,Miami Grand Prix,0.0,19,0.0
GAS,43,0 days 00:01:31.511000,MEDIUM,11.0,True,0 days 02:06:12.920000,26.0,13,35.3,0 days 00:00:30.495000,0 days 00:00:35.071000,0 days 00:00:25.945000,1,91.511,7572.92,7.11200000000008,False,True,False,11.0,0.0,0.0,30.495,35.071,25.945,0,0,0,0.0,91.5728,0.08007309161091729,-0.7717948533859192,0,0,91.528,91.443,-0.08500000000000796,0.0730000000000075,-0.017000000000010118,-0.02466666666666602,0.0,0.05999999999999872,0.09399734038790479,-0.02466666666666602,0,0,2025,Miami Grand Prix,0.0,19,0.0
GAS,44,0 days 00:01:31.443000,MEDIUM,12.0,True,0 days 02:07:44.363000,26.0,13,35.6,0 days 00:00:30.488000,0 days 00:00:35.058000,0 days 00:00:25.897000,1,91.443,7664.363,6.777000000000044,False,True,False,12.0,0.0,0.0,30.488,35.058,25.897,0,0,0,0.0,91.5466,0.07287866628947973,-1.42154083320478,0,0,91.511,92.445,0.9339999999999975,0.055999999999997385,-0.06799999999999784,0.018666666666665794,0.0,-0.04800000000000182,0.06860174924883268,0.018666666666665794,0,0,2025,Miami Grand Prix,0.0,19,0.0
GAS,45,0 days 00:01:32.445000,MEDIUM,13.0,True,0 days 02:09:16.808000,26.0,13,35.7,0 days 00:00:31.023000,0 days 00:00:35.447000,0 days 00:00:25.975000,1,92.445,7756.808,5.653000000000247,False,True,False,13.0,0.0,0.0,31.023,35.447,25.975,0,0,0,0.0,91.5148,0.07722175859261703,12.045827716864936,0,0,91.443,91.913,0.46999999999999886,0.0,1.0019999999999953,-0.06466666666666754,0.0,0.07800000000000296,0.07901139158374422,-0.06466666666666754,0,0,2025,Miami Grand Prix,0.0,19,0.0
GAS,46,0 days 00:01:31.913000,MEDIUM,14.0,True,0 days 02:10:48.721000,26.0,13,35.4,0 days 00:00:30.845000,0 days 00:00:35.103000,0 days 00:00:25.965000,1,91.913,7848.721,4.793000000000575,False,True,False,14.0,0.0,0.0,30.845,35.103,25.965,0,0,0,0.0,91.71279999999999,0.4151893543915992,0.4821896271723393,0,0,92.445,91.438,-1.0069999999999908,1.0019999999999953,-0.5319999999999965,0.3056666666666625,0.0,0.06800000000000139,0.05825633012815055,0.3056666666666625,0,0,2025,Miami Grand Prix,0.0,19,0.0
GAS,47,0 days 00:01:31.438000,MEDIUM,15.0,True,0 days 02:12:20.159000,26.0,13,35.3,0 days 00:00:30.489000,0 days 00:00:35.033000,0 days 00:00:25.916000,1,91.438,7940.159,4.407000000000153,False,True,False,15.0,0.0,0.0,30.489,35.033,25.916,0,0,0,0.0,91.768,0.42090022570688446,-0.7840337919652501,0,0,91.913,91.327,-0.5859999999999985,0.46999999999999886,-0.4749999999999943,0.13400000000000034,0.0,0.019000000000001904,0.057246833973592884,0.13400000000000034,0,0,2025,Miami Grand Prix,0.0,19,0.0
GAS,48,0 days 00:01:31.327000,MEDIUM,16.0,True,0 days 02:13:51.486000,26.1,13,35.0,0 days 00:00:30.480000,0 days 00:00:34.993000,0 days 00:00:25.854000,1,91.327,8031.486,4.2039999999997235,False,True,False,16.0,0.0,0.0,30.48,34.993,25.854,0,0,0,0.0,91.75,0.4354044097159658,-0.971510601548441,0,0,91.438,91.304,-0.13400000000000034,0.0,-0.1110000000000042,-0.0016666666666651508,0.0,-0.062000000000001165,0.0517378004944173,-0.0016666666666651508,0,0,2025,Miami Grand Prix,0.0,19,0.0
GAS,49,0 days 00:01:31.304000,MEDIUM,17.0,True,0 days 02:15:22.790000,26.0,13,35.0,0 days 00:00:30.566000,0 days 00:00:34.817000,0 days 00:00:25.921000,1,91.304,8122.79,4.054000000000087,False,True,False,17.0,0.0,0.0,30.566,34.817,25.921,0,0,0,0.0,91.7132,0.46726459313767005,-0.8757350888759422,0,0,91.327,91.391,0.06400000000000716,0.0,-0.022999999999996135,-0.372666666666665,0.0,0.06700000000000017,0.06444377394287394,-0.372666666666665,0,0,2025,Miami Grand Prix,0.0,19,0.0
GAS,50,0 days 00:01:31.391000,MEDIUM,18.0,True,0 days 02:16:54.181000,26.0,13,35.0,0 days 00:00:30.446000,0 days 00:00:35.031000,0 days 00:00:25.914000,1,91.391,8214.181,3.889999999999418,False,True,False,18.0,0.0,0.0,30.446,35.031,25.914,0,0,0,0.0,91.6854,0.49089642492089375,-0.5997191771104007,0,0,91.304,91.497,0.19299999999999784,0.0,0.0870000000000033,-0.2029999999999982,0.0,0.060000000000002274,0.058356662001866844,-0.2029999999999982,0,0,2025,Miami Grand Prix,0.0,19,0.0
GAS,51,0 days 00:01:31.497000,MEDIUM,19.0,True,0 days 02:18:25.678000,26.0,13,34.9,0 days 00:00:30.579000,0 days 00:00:34.949000,0 days 00:00:25.969000,1,91.497,8305.678,3.7559999999994034,False,True,False,19.0,0.0,0.0,30.579,34.949,25.969,0,0,0,0.0,91.47460000000001,0.25070560424557564,0.08934782318646846,0,0,91.391,92.09,0.6989999999999981,0.0870000000000033,0.10599999999999454,-0.01566666666666568,0.0,0.11500000000000199,0.05544637048536272,-0.01566666666666568,0,0,2025,Miami Grand Prix,0.0,19,0.0
GAS,52,0 days 00:01:32.090000,MEDIUM,20.0,True,0 days 02:19:57.768000,26.0,13,35.0,0 days 00:00:30.635000,0 days 00:00:35.419000,0 days 00:00:26.036000,1,92.09,8397.768,3.4329999999990832,False,True,False,20.0,0.0,0.0,30.635,35.419,26.036,0,0,0,0.0,91.3914,0.07922941373093671,8.817432404238739,0,0,91.497,91.948,0.4509999999999934,0.19299999999999784,0.5930000000000035,0.05666666666666723,0.0,0.12199999999999989,0.0663302344334779,0.05666666666666723,0,0,2025,Miami Grand Prix,0.0,19,0.0
GAS,53,0 days 00:01:31.948000,MEDIUM,21.0,True,0 days 02:21:29.716000,26.0,13,34.8,0 days 00:00:30.785000,0 days 00:00:35.192000,0 days 00:00:25.971000,1,91.948,8489.716,2.904000000000451,False,True,False,21.0,0.0,0.0,30.785,35.192,25.971,0,0,0,0.0,91.52180000000001,0.3263275961363591,1.3060495190908967,0,0,92.09,91.937,-0.1530000000000058,0.7860000000000014,-0.14200000000001012,0.26200000000000045,0.0,0.05699999999999861,0.07382614712959168,0.26200000000000045,0,0,2025,Miami Grand Prix,0.0,19,0.0
GAS,54,0 days 00:01:31.937000,MEDIUM,22.0,True,0 days 02:23:01.653000,25.9,13,34.9,0 days 00:00:30.752000,0 days 00:00:35.169000,0 days 00:00:26.016000,1,91.937,8581.653,2.1039999999993597,False,True,False,22.0,0.0,0.0,30.752,35.169,26.016,0,0,0,0.0,91.646,0.35090240808538237,0.8292904046676991,0,0,91.948,91.574,-0.3739999999999952,0.6439999999999912,-0.01099999999999568,0.18566666666666265,0.0,0.046999999999997044,0.03161803282938415,0.18566666666666265,0,0,2025,Miami Grand Prix,0.0,19,0.0
GAS,55,0 days 00:01:31.574000,MEDIUM,23.0,True,0 days 02:24:33.227000,25.9,13,34.9,0 days 00:00:30.492000,0 days 00:00:35.101000,0 days 00:00:25.981000,1,91.574,8673.227,1.6859999999996944,False,True,False,23.0,0.0,0.0,30.492,35.101,25.981,0,0,0,0.0,91.7726,0.3082649834154163,-0.6442509226951887,0,0,91.937,91.519,-0.41799999999999216,0.5459999999999923,-0.36299999999999955,0.14666666666666592,0.0,0.010000000000001563,0.03537937252128802,0.14666666666666592,0,0,2025,Miami Grand Prix,0.0,19,0.0
GAS,56,0 days 00:01:31.519000,MEDIUM,24.0,True,0 days 02:26:04.746000,26.0,13,34.9,0 days 00:00:30.511000,0 days 00:00:35.063000,0 days 00:00:25.945000,1,91.519,8764.746,3.584000000000742,False,True,False,24.0,0.0,0.0,30.511,35.063,25.945,0,0,0,0.0,91.80919999999999,0.2584737897739442,-1.1227443999400766,0,0,91.574,92.874,1.2999999999999972,0.07699999999999818,-0.05499999999999261,-0.1720000000000018,0.0,-0.0259999999999998,0.047504736605943135,-0.1720000000000018,0,0,2025,Miami Grand Prix,0.0,19,0.0
HAD,4,0 days 00:01:34.546000,nan,,True,0 days 01:04:32.780000,26.5,12,38.6,0 days 00:00:32.714000,0 days 00:00:35.552000,0 days 00:00:26.280000,1,94.546,3872.78,0.49399999999968713,False,False,True,0.0,0.0,0.0,32.714,35.552,26.28,0,0,0,0.0,91.9704,0.5429100293787954,4.744064137011878,0,0,94.546,92.963,-1.5830000000000126,3.027000000000001,0.0,0.3123333333333325,0.0,0.33500000000000085,0.28009159216227764,0.0,0,1,2025,Miami Grand Prix,0.0,19,0.0
HAD,5,0 days 00:01:32.963000,nan,,True,0 days 01:06:05.743000,26.4,12,38.4,0 days 00:00:31.473000,0 days 00:00:35.252000,0 days 00:00:26.238000,1,92.963,3965.743,0.724999999999909,False,False,True,0.0,0.0,0.0,31.473,35.252,26.238,0,0,0,0.0,,,0.0,0,0,94.546,93.291,-1.2550000000000097,0.0,-1.5830000000000126,0.0,0.0,0.0,0.0,0.0,0,1,2025,Miami Grand Prix,0.0,19,0.0
HAD,6,0 days 00:01:33.291000,nan,,True,0 days 01:07:39.034000,26.5,12,38.5,0 days 00:00:31.599000,0 days 00:00:35.443000,0 days 00:00:26.249000,1,93.291,4059.034,0.5679999999997563,False,False,True,0.0,0.0,0.0,31.599,35.443,26.249,0,0,0,0.0,,,0.0,0,0,92.963,93.114,0.15100000000001046,0.0,0.32800000000000296,-0.7915000000000063,0.0,0.010999999999999233,0.0,0.0,0,1,2025,Miami Grand Prix,0.0,19,0.0
HAD,7,0 days 00:01:33.114000,nan,,True,0 days 01:09:12.148000,26.6,12,38.9,0 days 00:00:31.600000,0 days 00:00:35.338000,0 days 00:00:26.176000,1,93.114,4152.148,1.0609999999996944,False,False,True,0.0,0.0,0.0,31.6,35.338,26.176,0,0,0,0.0,93.60000000000001,0.8355136144911225,-0.581678133750109,0,0,93.291,93.342,0.05100000000000193,0.32800000000000296,-0.1769999999999925,-0.41833333333333655,0.0,-0.062000000000001165,0.19031640321667917,-0.6275000000000048,0,0,2025,Miami Grand Prix,0.0,19,0.0
HAD,8,0 days 00:01:33.342000,nan,,True,0 days 01:10:45.490000,26.6,12,38.9,0 days 00:00:31.670000,0 days 00:00:35.372000,0 days 00:00:26.300000,1,93.342,4245.49,1.3130000000001019,False,False,True,0.0,0.0,0.0,31.67,35.372,26.3,0,0,0,0.0,93.4785,0.7241806864772642,-0.18848887100813827,0,0,93.114,93.399,0.2849999999999966,0.15100000000001046,0.22799999999999443,-0.47733333333333405,0.0,0.12400000000000233,0.1789096606297909,-0.47733333333333405,0,0,2025,Miami Grand Prix,0.0,19,0.0
HAD,9,0 days 00:01:33.399000,nan,,True,0 days 01:12:18.889000,26.7,12,39.0,0 days 00:00:31.831000,0 days 00:00:35.390000,0 days 00:00:26.178000,1,93.399,4338.889,1.1829999999999927,False,False,True,0.0,0.0,0.0,31.831,35.39,26.178,0,0,0,0.0,93.4512,0.6301227658163225,-0.08284099993177386,0,0,93.342,93.205,-0.13700000000000045,0.3790000000000049,0.05700000000000216,0.12633333333333496,0.0,0.0020000000000024443,0.1567427829279558,0.12633333333333496,0,0,2025,Miami Grand Prix,0.0,19,0.0
HAD,10,0 days 00:01:33.205000,nan,,True,0 days 01:13:52.094000,26.6,12,38.5,0 days 00:00:31.544000,0 days 00:00:35.375000,0 days 00:00:26.286000,1,93.205,4432.094,1.417000000000371,False,False,True,0.0,0.0,0.0,31.544,35.375,26.286,0,0,0,0.0,93.2218,0.17974620997399382,-0.09346511396504076,0,0,93.399,93.095,-0.30400000000000205,0.43600000000000705,-0.19400000000000261,0.036000000000001364,0.0,0.11000000000000298,0.067490740105589,0.036000000000001364,0,0,2025,Miami Grand Prix,0.0,19,0.0
HAD,11,0 days 00:01:33.095000,nan,,True,0 days 01:15:25.189000,26.6,12,38.5,0 days 00:00:31.587000,0 days 00:00:35.172000,0 days 00:00:26.336000,1,93.095,4525.189,1.8829999999998108,False,False,True,0.0,0.0,0.0,31.587,35.172,26.336,0,0,0,0.0,93.2702,0.11272399921939415,-1.5542386822083283,1,0,93.205,93.235,0.030000000000001137,0.09099999999999397,-0.10999999999999943,0.030333333333331325,0.0,0.1579999999999977,0.07842193570679212,0.030333333333331325,0,0,2025,Miami Grand Prix,0.0,19,0.0
HAD,12,0 days 00:01:33.235000,nan,,True,0 days 01:16:58.424000,26.8,12,38.2,0 days 00:00:31.624000,0 days 00:00:35.391000,0 days 00:00:26.220000,1,93.235,4618.424,2.029000000000451,False,False,True,0.0,0.0,0.0,31.624,35.391,26.22,0,0,0,0.0,93.231,0.13546770832937977,0.029527332006526477,0,1,93.095,93.145,0.04999999999999716,0.0,0.14000000000000057,-0.0823333333333333,0.0,0.04199999999999804,0.09252459132576607,-0.0823333333333333,0,0,2025,Miami Grand Prix,0.0,19,0.0
HAD,13,0 days 00:01:33.145000,nan,,True,0 days 01:18:31.569000,26.7,12,38.2,0 days 00:00:31.695000,0 days 00:00:35.296000,0 days 00:00:26.154000,1,93.145,4711.569,2.2859999999991487,False,False,True,0.0,0.0,0.0,31.695,35.296,26.154,0,0,0,0.0,93.2552,0.11916878785997062,-0.9247387841982304,0,0,93.235,93.641,0.4060000000000059,0.14000000000000057,-0.09000000000000341,-0.05466666666666716,0.0,-0.06599999999999895,0.06361760762556179,-0.05466666666666716,0,0,2025,Miami Grand Prix,0.0,19,0.0
HAD,14,0 days 00:01:33.641000,nan,,True,0 days 01:20:05.210000,26.6,12,37.6,0 days 00:00:32.115000,0 days 00:00:35.293000,0 days 00:00:26.233000,1,93.641,4805.21,1.8479999999999563,False,False,True,0.0,0.0,0.0,32.115,35.293,26.233,0,0,0,0.0,93.21579999999999,0.11581537030987721,3.6713607085341695,0,0,93.145,93.241,0.09600000000000364,0.04999999999999716,0.4960000000000093,-0.020000000000000757,0.0,0.07900000000000063,0.08815440998611389,-0.020000000000000757,0,0,2025,Miami Grand Prix,0.0,19,0.0
HAD,15,0 days 00:01:33.241000,nan,,True,0 days 01:21:38.451000,26.5,12,37.6,0 days 00:00:31.658000,0 days 00:00:35.374000,0 days 00:00:26.209000,1,93.241,4898.451,2.1539999999995416,False,False,True,0.0,0.0,0.0,31.658,35.374,26.209,0,0,0,0.0,93.26419999999999,0.21746999793078653,-0.10668138235496903,0,0,93.641,93.151,-0.4900000000000091,0.5460000000000065,-0.4000000000000057,0.18200000000000216,0.0,0.054999999999999716,0.08449733723615152,0.18200000000000216,0,0,2025,Miami Grand Prix,0.0,19,0.0
HAD,16,0 days 00:01:33.151000,nan,,True,0 days 01:23:11.602000,26.6,12,37.7,0 days 00:00:31.527000,0 days 00:00:35.421000,0 days 00:00:26.203000,1,93.151,4991.602,2.780999999999949,False,False,True,0.0,0.0,0.0,31.527,35.421,26.203,0,0,0,0.0,93.2714,0.21560797758899472,-0.5584208958609016,0,0,93.241,93.366,0.125,0.1460000000000008,-0.09000000000000341,0.002000000000000076,0.0,0.04899999999999949,0.08059962779070283,0.002000000000000076,0,0,2025,Miami Grand Prix,0.0,19,0.0
HAD,17,0 days 00:01:33.366000,nan,,True,0 days 01:24:44.968000,26.5,12,37.6,0 days 00:00:31.658000,0 days 00:00:35.451000,0 days 00:00:26.257000,1,93.366,5084.968,2.9960000000000946,False,False,True,0.0,0.0,0.0,31.658,35.451,26.257,0,0,0,0.0,93.2826,0.20536504084195312,0.40610612038969807,0,0,93.151,93.33,0.17900000000000205,0.006000000000000227,0.2150000000000034,0.002000000000000076,0.0,0.054000000000002046,0.05641542342303164,0.002000000000000076,0,0,2025,Miami Grand Prix,0.0,19,0.0
HAD,18,0 days 00:01:33.330000,nan,,True,0 days 01:26:18.298000,26.8,12,37.8,0 days 00:00:31.601000,0 days 00:00:35.529000,0 days 00:00:26.200000,1,93.33,5178.298,3.5560000000004948,False,False,True,0.0,0.0,0.0,31.601,35.529,26.2,0,0,0,0.0,93.30879999999999,0.20612908576913105,0.10284817361365434,0,0,93.366,93.365,-0.0010000000000047748,0.22100000000000364,-0.036000000000001364,-0.09166666666666856,0.0,-0.0030000000000001137,0.057207516988591424,-0.09166666666666856,0,0,2025,Miami Grand Prix,0.0,19,0.0
HAD,19,0 days 00:01:33.365000,nan,,True,0 days 01:27:51.663000,26.8,12,37.9,0 days 00:00:31.588000,0 days 00:00:35.490000,0 days 00:00:26.287000,1,93.365,5271.663,4.964000000000851,False,False,True,0.0,0.0,0.0,31.588,35.49,26.287,0,0,0,0.0,93.34580000000001,0.1848856403294164,0.10384797848970016,0,0,93.33,93.29,-0.03999999999999204,0.17900000000000205,0.03499999999999659,0.029666666666666213,0.0,0.08699999999999974,0.030169521043596628,0.029666666666666213,0,0,2025,Miami Grand Prix,0.0,19,0.0
HAD,20,0 days 00:01:33.290000,nan,,True,0 days 01:29:24.953000,26.6,12,37.6,0 days 00:00:31.554000,0 days 00:00:35.465000,0 days 00:00:26.271000,1,93.29,5364.953,4.925999999999476,False,False,True,0.0,0.0,0.0,31.554,35.465,26.271,0,0,0,0.0,93.2906,0.09316812759745019,-0.006439970572167181,0,0,93.365,93.069,-0.29599999999999227,0.21399999999999864,-0.07499999999998863,0.07133333333333287,0.0,0.0710000000000015,0.03243146620182325,0.07133333333333287,0,0,2025,Miami Grand Prix,0.0,19,0.0
HAD,21,0 days 00:01:33.069000,nan,,True,0 days 01:30:58.022000,26.6,12,37.8,0 days 00:00:31.457000,0 days 00:00:35.333000,0 days 00:00:26.279000,1,93.069,5458.022,5.139000000000124,False,False,True,0.0,0.0,0.0,31.457,35.333,26.279,0,0,0,0.0,93.3004,0.0891364123128987,-2.5960210198689846,1,0,93.29,92.032,-1.2580000000000098,0.13900000000001,-0.22100000000000364,-0.025333333333331137,0.0,0.07900000000000063,0.03399705869630515,-0.025333333333331137,0,0,2025,Miami Grand Prix,0.0,19,0.0
HAD,24,0 days 00:01:32.032000,HARD,1.0,True,0 days 01:35:54.392000,26.8,15,37.7,0 days 00:00:31.017000,0 days 00:00:35.037000,0 days 00:00:25.978000,1,92.032,5754.392,2.869999999999891,True,False,False,1.0,0.0,0.0,31.017,35.037,25.978,0,0,0,0.0,93.284,0.12415917203337541,-10.083830131079301,1,1,93.069,91.644,-1.4249999999999972,0.0,-1.0370000000000061,-0.08699999999999856,0.0,-0.29299999999999926,0.036011109396962684,-0.08699999999999856,0,0,2025,Miami Grand Prix,0.0,19,0.0
HAD,25,0 days 00:01:31.644000,HARD,2.0,True,0 days 01:37:26.036000,26.8,15,37.5,0 days 00:00:30.803000,0 days 00:00:34.835000,0 days 00:00:26.006000,1,91.644,5846.036,0.8239999999996144,True,False,False,2.0,0.0,0.0,30.803,34.835,26.006,0,0,0,0.0,93.0172,0.562701252886465,-2.440371321293405,1,1,92.032,91.853,-0.17900000000000205,0.0,-0.387999999999991,-0.4443333333333328,0.0,0.027999999999998693,0.16125507743944056,-0.4443333333333328,0,1,2025,Miami Grand Prix,0.0,19,0.0
HAD,26,0 days 00:01:31.853000,HARD,3.0,True,0 days 01:38:57.889000,26.6,15,37.2,0 days 00:00:30.871000,0 days 00:00:35.016000,0 days 00:00:25.966000,1,91.853,5937.889,0.43400000000019645,True,False,False,3.0,0.0,0.0,30.871,35.016,25.966,0,0,0,0.0,92.67999999999999,0.7883282945575232,-1.0490553310206643,0,1,91.644,91.902,0.25799999999999557,0.0,0.20899999999998897,-0.548666666666667,0.0,-0.012000000000000455,0.162270761383559,-0.548666666666667,0,1,2025,Miami Grand Prix,0.0,19,0.0
HAD,27,0 days 00:01:31.902000,HARD,4.0,True,0 days 01:40:29.791000,26.6,15,37.0,0 days 00:00:30.815000,0 days 00:00:35.139000,0 days 00:00:25.948000,1,91.902,6029.791,0.4920000000001892,True,False,False,4.0,0.0,0.0,30.815,35.139,25.948,0,0,0,0.0,92.3776,0.7488860393944884,-0.6350766004191323,0,0,91.853,91.233,-0.6199999999999903,0.20899999999998897,0.049000000000006594,-0.40533333333333604,0.0,-0.018000000000000682,0.15397499797044964,-0.40533333333333604,0,1,2025,Miami Grand Prix,0.0,19,0.0
HAD,30,0 days 00:01:31.233000,HARD,7.0,True,0 days 01:45:45.553000,26.5,13,36.4,0 days 00:00:30.560000,0 days 00:00:34.783000,0 days 00:00:25.890000,1,91.233,6345.553,0.42299999999977445,True,False,False,7.0,0.0,0.0,30.56,34.783,25.89,0,0,0,0.0,92.1,0.5594045941891724,-1.549862137361709,1,0,91.902,91.671,-0.23099999999999454,0.25799999999999557,-0.6689999999999969,-0.043333333333331815,0.0,-0.05799999999999983,0.1449230830475252,-0.043333333333331815,0,1,2025,Miami Grand Prix,0.0,19,0.0
HAD,31,0 days 00:01:31.671000,HARD,8.0,True,0 days 01:47:17.224000,26.5,13,36.0,0 days 00:00:30.679000,0 days 00:00:35.007000,0 days 00:00:25.985000,1,91.671,6437.224,0.6289999999999054,True,False,False,8.0,0.0,0.0,30.679,35.007,25.985,0,0,0,0.0,91.7328,0.31236309000896134,-0.197846678998527,0,1,91.233,91.309,0.0759999999999934,0.0,0.4380000000000024,-0.13700000000000045,0.0,0.09499999999999886,0.12800703105689087,-0.13700000000000045,0,1,2025,Miami Grand Prix,0.0,19,0.0
HAD,34,0 days 00:01:31.309000,HARD,11.0,True,0 days 01:52:20.031000,26.2,12,36.1,0 days 00:00:30.606000,0 days 00:00:34.833000,0 days 00:00:25.870000,1,91.309,6740.031,0.5640000000003056,True,False,False,11.0,0.0,0.0,30.606,34.833,25.87,0,0,0,0.0,91.6606,0.26387364400399477,-1.3324559234672257,0,0,91.671,91.488,-0.18300000000000693,0.4380000000000024,-0.362000000000009,-0.06066666666666265,0.0,-0.019999999999999574,0.05787054518492068,-0.06066666666666265,0,1,2025,Miami Grand Prix,0.0,19,0.0
HAD,35,0 days 00:01:31.488000,HARD,12.0,True,0 days 01:53:51.519000,26.1,12,35.8,0 days 00:00:30.663000,0 days 00:00:34.975000,0 days 00:00:25.850000,1,91.488,6831.519,0.5869999999995343,True,False,False,12.0,0.0,0.0,30.663,34.975,25.85,0,0,0,0.0,91.59360000000001,0.30798506457285685,-0.3428737693708163,0,0,91.309,91.73,0.4210000000000065,0.0759999999999934,0.17900000000000205,-0.19766666666666785,0.0,-0.019999999999999574,0.05749608682336516,-0.19766666666666785,0,1,2025,Miami Grand Prix,0.0,19,0.0
HAD,36,0 days 00:01:31.730000,HARD,13.0,True,0 days 01:55:23.249000,26.1,11,35.5,0 days 00:00:30.729000,0 days 00:00:35.066000,0 days 00:00:25.935000,1,91.73,6923.249,0.5070000000005166,True,False,False,13.0,0.0,0.0,30.729,35.066,25.935,0,0,0,0.0,91.5206,0.2723220519898222,0.7689425019749352,0,0,91.488,91.747,0.25900000000000034,0.25499999999999545,0.24200000000000443,0.08499999999999848,0.0,0.0849999999999973,0.0579327195978226,0.08499999999999848,0,1,2025,Miami Grand Prix,0.0,19,0.0
HAD,37,0 days 00:01:31.747000,HARD,14.0,True,0 days 01:56:54.996000,26.1,11,36.0,0 days 00:00:30.687000,0 days 00:00:35.056000,0 days 00:00:26.004000,1,91.747,7014.996,0.5069999999996071,True,False,False,14.0,0.0,0.0,30.687,35.056,26.004,0,0,0,0.0,91.48620000000001,0.21742975877268345,1.1994678257112354,0,0,91.73,91.452,-0.2780000000000058,0.4969999999999999,0.016999999999995907,0.019666666666665833,0.0,0.15399999999999991,0.06904563708156977,0.019666666666665833,0,1,2025,Miami Grand Prix,0.0,19,0.0
HAD,38,0 days 00:01:31.452000,HARD,15.0,True,0 days 01:58:26.448000,26.2,11,36.0,0 days 00:00:30.547000,0 days 00:00:34.927000,0 days 00:00:25.978000,1,91.452,7106.448,0.657999999999447,True,False,False,15.0,0.0,0.0,30.547,34.927,25.978,0,0,0,0.0,91.589,0.18719642090581076,-0.7318515991763165,0,0,91.747,91.507,-0.23999999999999488,0.4380000000000024,-0.2950000000000017,0.1460000000000008,0.0,0.1280000000000001,0.07661396739498556,0.1460000000000008,0,1,2025,Miami Grand Prix,0.0,19,0.0
HAD,39,0 days 00:01:31.507000,HARD,16.0,True,0 days 01:59:57.955000,26.2,11,35.7,0 days 00:00:30.686000,0 days 00:00:34.867000,0 days 00:00:25.954000,1,91.507,7197.955,0.7039999999997235,True,False,False,16.0,0.0,0.0,30.686,34.867,25.954,0,0,0,0.0,91.5452,0.18882716965507496,-0.20230139587310422,0,0,91.452,91.544,0.09199999999999875,0.14300000000000068,0.05500000000000682,-0.012000000000000455,0.0,0.019000000000001904,0.08176062622069342,-0.012000000000000455,0,1,2025,Miami Grand Prix,0.0,19,0.0
HAD,40,0 days 00:01:31.544000,HARD,17.0,True,0 days 02:01:29.499000,26.2,11,35.5,0 days 00:00:30.724000,0 days 00:00:34.886000,0 days 00:00:25.934000,1,91.544,7289.499,0.7219999999997526,True,False,False,17.0,0.0,0.0,30.724,34.886,25.934,0,0,0,0.0,91.5848,0.14181925116127583,-0.28769013843971664,0,0,91.507,91.573,0.06599999999998829,0.05500000000000682,0.03699999999999193,-0.07433333333333299,0.0,-0.019999999999999574,0.07296368959969005,-0.07433333333333299,0,1,2025,Miami Grand Prix,0.0,19,0.0
HAD,41,0 days 00:01:31.573000,HARD,18.0,True,0 days 02:03:01.072000,26.1,11,34.9,0 days 00:00:30.604000,0 days 00:00:35.053000,0 days 00:00:25.916000,1,91.573,7381.072,0.48800000000028376,True,False,False,18.0,0.0,0.0,30.604,35.053,25.916,0,0,0,0.0,91.596,0.13427397365068564,-0.17129157181156307,0,0,91.544,91.481,-0.06300000000000239,0.09199999999999875,0.028999999999996362,-0.06766666666666765,0.0,-0.018000000000000682,0.07296368959969005,-0.06766666666666765,0,1,2025,Miami Grand Prix,0.0,19,0.0
HAD,42,0 days 00:01:31.481000,HARD,19.0,True,0 days 02:04:32.553000,26.1,11,34.9,0 days 00:00:30.590000,0 days 00:00:34.978000,0 days 00:00:25.913000,1,91.481,7472.553,0.5489999999999782,True,False,False,19.0,0.0,0.0,30.59,34.978,25.913,0,0,0,0.0,91.5646,0.1115360928127969,-0.7495331591032066,0,0,91.573,91.438,-0.1349999999999909,0.12099999999999511,-0.09199999999999875,0.0403333333333317,0.0,-0.0030000000000001137,0.08269099104497407,0.0403333333333317,0,1,2025,Miami Grand Prix,0.0,19,0.0
HAD,43,0 days 00:01:31.438000,HARD,20.0,True,0 days 02:06:03.991000,26.0,11,35.3,0 days 00:00:30.549000,0 days 00:00:34.964000,0 days 00:00:25.925000,1,91.438,7563.991,0.7809999999999491,True,False,False,20.0,0.0,0.0,30.549,34.964,25.925,0,0,0,0.0,91.51140000000001,0.048293891952764054,-1.519860939594569,1,0,91.481,91.459,-0.02199999999999136,0.028999999999996362,-0.042999999999992156,-0.008666666666670153,0.0,0.012000000000000455,0.061706563670326134,-0.008666666666670153,0,1,2025,Miami Grand Prix,0.0,19,0.0
HAD,44,0 days 00:01:31.459000,HARD,21.0,True,0 days 02:07:35.450000,26.0,11,35.6,0 days 00:00:30.615000,0 days 00:00:34.914000,0 days 00:00:25.930000,1,91.459,7655.45,1.1580000000003565,True,False,False,21.0,0.0,0.0,30.615,34.914,25.93,0,0,0,0.0,91.5086,0.052794886115465456,-0.9394849321489213,0,1,91.438,91.512,0.07399999999999807,0.0,0.021000000000000796,-0.03533333333333152,0.0,0.01699999999999946,0.01744992836661591,-0.03533333333333152,0,0,2025,Miami Grand Prix,0.0,19,0.0
HAD,45,0 days 00:01:31.512000,HARD,22.0,True,0 days 02:09:06.962000,26.0,11,35.7,0 days 00:00:30.644000,0 days 00:00:34.933000,0 days 00:00:25.935000,1,91.512,7746.962,1.7449999999998909,True,False,False,22.0,0.0,0.0,30.644,34.933,25.935,0,0,0,0.0,91.499,0.05732800362776331,0.2267652661414059,0,0,91.459,91.53,0.07099999999999795,0.021000000000000796,0.05299999999999727,-0.0379999999999967,0.0,0.021999999999998465,0.016861198059450033,-0.0379999999999967,0,0,2025,Miami Grand Prix,0.0,19,0.0
HAD,46,0 days 00:01:31.530000,HARD,23.0,True,0 days 02:10:38.492000,26.0,11,35.4,0 days 00:00:30.751000,0 days 00:00:34.852000,0 days 00:00:25.927000,1,91.53,7838.492,2.0529999999998836,True,False,False,23.0,0.0,0.0,30.751,34.852,25.927,0,0,0,0.0,91.49260000000001,0.05264313820380418,0.7104439681236241,0,0,91.512,91.572,0.060000000000002274,0.07399999999999807,0.018000000000000682,0.010333333333335304,0.0,0.0019999999999988916,0.016355427233796037,0.010333333333335304,0,0,2025,Miami Grand Prix,0.0,19,0.0
HAD,47,0 days 00:01:31.572000,HARD,24.0,True,0 days 02:12:10.064000,26.0,11,35.3,0 days 00:00:30.578000,0 days 00:00:35.104000,0 days 00:00:25.890000,1,91.572,7930.064,2.143000000000029,True,False,False,24.0,0.0,0.0,30.578,35.104,25.89,0,0,0,0.0,91.484,0.037583240945201955,2.3414691704825565,0,0,91.53,91.172,-0.3580000000000041,0.09199999999999875,0.04200000000000159,0.03066666666666625,0.0,-0.036999999999999034,0.010368220676663717,0.03066666666666625,0,0,2025,Miami Grand Prix,0.0,19,0.0
HAD,48,0 days 00:01:31.172000,HARD,25.0,True,0 days 02:13:41.236000,26.0,11,35.3,0 days 00:00:30.564000,0 days 00:00:34.744000,0 days 00:00:25.864000,1,91.172,8021.236,2.5039999999999054,True,False,False,25.0,0.0,0.0,30.564,34.744,25.864,0,0,0,0.0,91.50219999999999,0.05414979224286679,-6.097899665413551,1,0,91.572,91.042,-0.5300000000000011,0.13400000000000034,-0.4000000000000057,0.037666666666666515,0.0,-0.0259999999999998,0.023657979626332575,0.037666666666666515,0,0,2025,Miami Grand Prix,0.0,19,0.0
HAD,49,0 days 00:01:31.042000,HARD,26.0,True,0 days 02:15:12.278000,26.0,11,35.0,0 days 00:00:30.481000,0 days 00:00:34.689000,0 days 00:00:25.872000,1,91.042,8112.278,3.3859999999995125,True,False,False,26.0,0.0,0.0,30.481,34.689,25.872,0,0,0,0.0,91.449,0.16006873523566056,-2.542657686404483,1,1,91.172,90.997,-0.17499999999999716,0.0,-0.12999999999999545,-0.11333333333333447,0.0,0.007999999999999119,0.026101724080986568,-0.11333333333333447,0,0,2025,Miami Grand Prix,0.0,19,0.0
HAD,50,0 days 00:01:30.997000,HARD,27.0,True,0 days 02:16:43.275000,26.0,11,35.1,0 days 00:00:30.467000,0 days 00:00:34.707000,0 days 00:00:25.823000,1,90.997,8203.275,4.031000000000859,True,False,False,27.0,0.0,0.0,30.467,34.707,25.823,0,0,0,0.0,91.3656,0.24148457507663115,-1.5263914884958245,1,1,91.042,90.971,-0.07099999999999795,0.0,-0.045000000000001705,-0.16266666666666652,0.0,-0.04100000000000037,0.024519380090042085,-0.16266666666666652,0,0,2025,Miami Grand Prix,0.0,19,0.0
HAD,51,0 days 00:01:30.971000,HARD,28.0,True,0 days 02:18:14.246000,26.0,11,34.9,0 days 00:00:30.393000,0 days 00:00:34.720000,0 days 00:00:25.858000,1,90.971,8294.246,4.64600000000064,True,False,False,28.0,0.0,0.0,30.393,34.72,25.858,0,0,0,0.0,91.26259999999999,0.2714070743365701,-1.074400881822178,0,1,90.997,91.228,0.23099999999999454,0.0,-0.02599999999999625,-0.19166666666666762,0.0,0.03500000000000014,0.022509997778764265,-0.19166666666666762,0,0,2025,Miami Grand Prix,0.0,19,0.0
HAD,52,0 days 00:01:31.228000,HARD,29.0,True,0 days 02:19:45.474000,25.9,11,34.9,0 days 00:00:30.498000,0 days 00:00:34.783000,0 days 00:00:25.947000,1,91.228,8385.474,5.183999999999287,True,False,False,29.0,0.0,0.0,30.498,34.783,25.947,0,0,0,0.0,91.1508,0.2478299820440012,0.31150387601724505,0,0,90.971,91.309,0.33799999999999386,0.0,0.2569999999999908,-0.0669999999999978,0.0,0.12399999999999878,0.032675679028904475,-0.0669999999999978,0,0,2025,Miami Grand Prix,0.0,19,0.0
HAD,53,0 days 00:01:31.309000,HARD,30.0,True,0 days 02:21:16.783000,26.0,11,34.8,0 days 00:00:30.559000,0 days 00:00:34.878000,0 days 00:00:25.872000,1,91.309,8476.783,5.690000000000509,True,False,False,30.0,0.0,0.0,30.559,34.878,25.872,0,0,0,0.0,91.08200000000001,0.11242997820832695,2.019034456978817,0,0,91.228,91.217,-0.01099999999999568,0.2569999999999908,0.08100000000000307,0.06199999999999761,0.0,0.04899999999999949,0.06523419348777107,0.06199999999999761,0,0,2025,Miami Grand Prix,0.0,19,0.0
HAD,54,0 days 00:01:31.217000,HARD,31.0,True,0 days 02:22:48,25.9,11,34.9,0 days 00:00:30.336000,0 days 00:00:34.970000,0 days 00:00:25.911000,1,91.217,8568.0,6.266999999999825,True,False,False,31.0,0.0,0.0,30.336,34.97,25.911,0,0,0,0.0,91.10940000000001,0.15019753659739637,0.7163899118293264,0,0,91.309,91.128,-0.18099999999999739,0.33799999999999386,-0.09199999999999875,0.1039999999999992,0.0,0.053000000000000824,0.06046073105743903,0.1039999999999992,0,0,2025,Miami Grand Prix,0.0,19,0.0
HAD,55,0 days 00:01:31.128000,HARD,32.0,True,0 days 02:24:19.128000,25.9,11,34.9,0 days 00:00:30.374000,0 days 00:00:34.879000,0 days 00:00:25.875000,1,91.128,8659.128,6.724999999998545,True,False,False,32.0,0.0,0.0,30.374,34.879,25.875,0,0,0,0.0,91.14439999999999,0.15095297280917735,-0.10864310715312486,0,0,91.217,91.336,0.11899999999999977,0.2459999999999951,-0.08899999999999864,0.08199999999999837,0.0,0.0030000000000001137,0.05876223276901562,0.08199999999999837,0,0,2025,Miami Grand Prix,0.0,19,0.0
HAD,56,0 days 00:01:31.336000,HARD,33.0,True,0 days 02:25:50.464000,26.0,11,34.9,0 days 00:00:30.441000,0 days 00:00:35.030000,0 days 00:00:25.865000,1,91.336,8750.464,6.870999999999185,True,False,False,33.0,0.0,0.0,30.441,35.03,25.865,0,0,0,0.0,91.17060000000001,0.12870236983027797,1.2851356211863616,0,0,91.128,91.313,0.18500000000000227,0.15699999999999648,0.2079999999999984,-0.03333333333333144,0.0,-0.0070000000000014495,0.044386935014708535,-0.03333333333333144,0,0,2025,Miami Grand Prix,0.0,19,0.0
HAM,4,0 days 00:01:32.412000,nan,,True,0 days 01:04:30.772000,26.5,11,38.6,0 days 00:00:31.296000,0 days 00:00:35.135000,0 days 00:00:25.981000,1,92.412,3870.772,2.0080000000002656,False,False,True,0.0,0.0,0.0,31.296,35.135,25.981,0,0,0,0.0,91.2606,0.0869729843108477,13.238593675075276,0,0,92.412,92.899,0.48699999999999477,1.284000000000006,0.0,0.032000000000001215,0.0,0.11600000000000321,0.027107194616928315,0.0,0,0,2025,Miami Grand Prix,0.0,19,0.0
HAM,5,0 days 00:01:32.899000,nan,,True,0 days 01:06:03.671000,26.4,11,38.4,0 days 00:00:31.579000,0 days 00:00:35.276000,0 days 00:00:26.044000,1,92.899,3963.671,2.0720000000001164,False,False,True,0.0,0.0,0.0,31.579,35.276,26.044,0,0,0,0.0,,,0.0,0,0,92.412,93.41,0.9979999999999905,0.0,0.48699999999999477,0.0,0.0,0.0,0.0,0.0,0,0,2025,Miami Grand Prix,0.0,19,0.0
HAM,6,0 days 00:01:33.410000,nan,,True,0 days 01:07:37.081000,26.5,11,38.5,0 days 00:00:32.012000,0 days 00:00:35.274000,0 days 00:00:26.124000,1,93.41,4057.081,1.9529999999999745,False,False,True,0.0,0.0,0.0,32.012,35.274,26.124,0,0,0,0.0,,,0.0,0,0,92.899,92.96,0.06099999999999284,0.0,0.5109999999999957,0.24349999999999739,0.0,0.14299999999999713,0.0,0.0,0,0,2025,Miami Grand Prix,0.0,19,0.0
HAM,7,0 days 00:01:32.960000,nan,,True,0 days 01:09:10.041000,26.6,11,38.9,0 days 00:00:31.611000,0 days 00:00:35.366000,0 days 00:00:25.983000,1,92.96,4150.041,2.106999999999971,False,False,True,0.0,0.0,0.0,31.611,35.366,25.983,0,0,0,0.0,92.907,0.4990480938747257,0.10620218902850208,0,0,93.41,93.229,-0.18099999999999739,0.9979999999999905,-0.45000000000000284,0.3326666666666635,0.0,0.0019999999999988916,0.07597587336341233,0.4989999999999952,0,0,2025,Miami Grand Prix,0.0,19,0.0
HAM,8,0 days 00:01:33.229000,nan,,True,0 days 01:10:43.270000,26.6,11,38.9,0 days 00:00:31.731000,0 days 00:00:35.470000,0 days 00:00:26.028000,1,93.229,4243.27,2.219999999999345,False,False,True,0.0,0.0,0.0,31.731,35.47,26.028,0,0,0,0.0,92.92025,0.40833187074567745,0.7561251573044688,0,0,92.96,93.164,0.20400000000000773,0.5479999999999876,0.26900000000000546,0.18266666666666254,0.0,0.04499999999999815,0.07500833287042184,0.18266666666666254,0,0,2025,Miami Grand Prix,0.0,19,0.0
HAM,9,0 days 00:01:33.164000,nan,,True,0 days 01:12:16.434000,26.7,11,39.0,0 days 00:00:31.673000,0 days 00:00:35.398000,0 days 00:00:26.093000,1,93.164,4336.434,2.4549999999999272,False,False,True,0.0,0.0,0.0,31.673,35.398,26.093,0,0,0,0.0,92.982,0.37962679041395203,0.47941821967186776,0,0,93.229,92.876,-0.35299999999999443,0.8169999999999931,-0.06499999999999773,0.10999999999999943,0.0,0.10999999999999943,0.06558734634058629,0.10999999999999943,0,0,2025,Miami Grand Prix,0.0,19,0.0
HAM,10,0 days 00:01:32.876000,nan,,True,0 days 01:13:49.310000,26.6,11,38.5,0 days 00:00:31.526000,0 days 00:00:35.303000,0 days 00:00:26.047000,1,92.876,4429.31,2.7839999999996508,False,False,True,0.0,0.0,0.0,31.526,35.303,26.047,0,0,0,0.0,93.13239999999999,0.20711663380810608,-1.2379498222124454,0,0,93.164,93.328,0.16400000000000148,0.26500000000000057,-0.2879999999999967,-0.08199999999999837,0.0,0.06400000000000006,0.06437779120162412,-0.08199999999999837,0,0,2025,Miami Grand Prix,0.0,19,0.0
HAM,11,0 days 00:01:33.328000,nan,,True,0 days 01:15:22.638000,26.6,11,38.5,0 days 00:00:31.683000,0 days 00:00:35.445000,0 days 00:00:26.200000,1,93.328,4522.638,2.5510000000003856,False,False,True,0.0,0.0,0.0,31.683,35.445,26.2,0,0,0,0.0,93.12780000000001,0.21374564323045486,0.9366272779845387,0,0,92.876,93.039,0.1629999999999967,0.0,0.4519999999999982,-0.027999999999996323,0.0,0.1720000000000006,0.05516973808166895,-0.027999999999996323,0,0,2025,Miami Grand Prix,0.0,19,0.0
HAM,12,0 days 00:01:33.039000,nan,,True,0 days 01:16:55.677000,26.8,11,38.2,0 days 00:00:31.584000,0 days 00:00:35.421000,0 days 00:00:26.034000,1,93.039,4615.677,2.7470000000002983,False,False,True,0.0,0.0,0.0,31.584,35.421,26.034,0,0,0,0.0,93.1114,0.1883130372544674,-0.3844662114507116,0,0,93.328,92.844,-0.48400000000000887,0.4519999999999982,-0.2890000000000015,0.03300000000000125,0.0,-0.013000000000001677,0.06503691259584891,0.03300000000000125,0,0,2025,Miami Grand Prix,0.0,19,0.0
HAM,13,0 days 00:01:32.844000,nan,,True,0 days 01:18:28.521000,26.7,11,38.2,0 days 00:00:31.660000,0 days 00:00:35.204000,0 days 00:00:25.980000,1,92.844,4708.521,3.048000000000684,False,False,True,0.0,0.0,0.0,31.66,35.204,25.98,0,0,0,0.0,93.1272,0.1752988876176959,-1.6155265093160789,1,0,93.039,93.067,0.027999999999991587,0.1629999999999967,-0.1950000000000074,-0.041666666666666664,0.0,-0.053999999999998494,0.0696369154974581,-0.041666666666666664,0,0,2025,Miami Grand Prix,0.0,19,0.0
HAM,14,0 days 00:01:33.067000,nan,,True,0 days 01:20:01.588000,26.6,11,37.6,0 days 00:00:31.736000,0 days 00:00:35.316000,0 days 00:00:26.015000,1,93.067,4801.588,3.6220000000002983,False,False,True,0.0,0.0,0.0,31.736,35.316,26.015,0,0,0,0.0,93.0502,0.2019361285159329,0.08319462259406313,0,1,92.844,93.369,0.5250000000000057,0.0,0.22299999999999898,-0.01066666666667023,0.0,0.03500000000000014,0.09123705387615273,-0.01066666666667023,0,0,2025,Miami Grand Prix,0.0,19,0.0
HAM,15,0 days 00:01:33.369000,nan,,True,0 days 01:21:34.957000,26.5,11,37.6,0 days 00:00:31.807000,0 days 00:00:35.518000,0 days 00:00:26.044000,1,93.369,4894.957,3.493999999999687,False,False,True,0.0,0.0,0.0,31.807,35.518,26.044,0,0,0,0.0,93.0308,0.19271922581829562,1.7548845921520602,0,0,93.067,93.513,0.44600000000001216,0.22299999999999898,0.3020000000000067,-0.0870000000000033,0.0,0.06400000000000006,0.08612026474645798,-0.0870000000000033,0,0,2025,Miami Grand Prix,0.0,19,0.0
HAM,16,0 days 00:01:33.513000,nan,,True,0 days 01:23:08.470000,26.6,11,37.7,0 days 00:00:31.771000,0 days 00:00:35.794000,0 days 00:00:25.948000,1,93.513,4988.47,3.131999999999607,False,False,True,0.0,0.0,0.0,31.771,35.794,25.948,0,0,0,0.0,93.1294,0.21815659513295227,1.75836994415054,0,0,93.369,93.399,0.030000000000001137,0.5250000000000057,0.14400000000000546,0.10999999999999943,0.0,-0.03200000000000003,0.08612026474645798,0.10999999999999943,0,0,2025,Miami Grand Prix,0.0,19,0.0
HAM,17,0 days 00:01:33.399000,nan,,True,0 days 01:24:41.869000,26.5,11,37.6,0 days 00:00:31.852000,0 days 00:00:35.482000,0 days 00:00:26.065000,1,93.399,5081.869,3.09900000000016,False,False,True,0.0,0.0,0.0,31.852,35.482,26.065,0,0,0,0.0,93.1664,0.26982920523917076,0.8620267765078781,0,0,93.513,93.44,-0.0730000000000075,0.6690000000000111,-0.11400000000000432,0.22300000000000372,0.0,0.11700000000000088,0.04855409354524059,0.22300000000000372,0,0,2025,Miami Grand Prix,0.0,19,0.0
HAM,18,0 days 00:01:33.440000,nan,,True,0 days 01:26:15.309000,26.8,11,37.8,0 days 00:00:31.785000,0 days 00:00:35.575000,0 days 00:00:26.080000,1,93.44,5175.309,2.988999999999578,False,False,True,0.0,0.0,0.0,31.785,35.575,26.08,0,0,0,0.0,93.2384,0.2753103703095845,0.7322644612816488,0,0,93.399,93.444,0.045000000000001705,0.5550000000000068,0.04099999999999682,0.11066666666666929,0.0,0.1319999999999979,0.06994640805645405,0.11066666666666929,0,0,2025,Miami Grand Prix,0.0,19,0.0
HAM,19,0 days 00:01:33.444000,nan,,True,0 days 01:27:48.753000,26.8,11,37.9,0 days 00:00:31.782000,0 days 00:00:35.684000,0 days 00:00:25.978000,1,93.444,5268.753,2.9099999999998545,False,False,True,0.0,0.0,0.0,31.782,35.684,25.978,0,0,0,0.0,93.3576,0.1711952102133555,0.5046870171911927,0,0,93.44,92.965,-0.4749999999999943,0.37300000000000466,0.0040000000000048885,0.023666666666665986,0.0,0.030000000000001137,0.066118832415583,0.023666666666665986,0,0,2025,Miami Grand Prix,0.0,19,0.0
HAM,20,0 days 00:01:32.965000,nan,,True,0 days 01:29:21.718000,26.6,11,37.6,0 days 00:00:31.600000,0 days 00:00:35.489000,0 days 00:00:25.876000,1,92.965,5361.718,3.235000000000582,False,False,True,0.0,0.0,0.0,31.6,35.489,25.876,0,0,0,0.0,93.43299999999999,0.05436451048238941,-8.608557234256548,1,0,93.444,93.329,-0.1150000000000091,0.07500000000000284,-0.4789999999999992,-0.02300000000000087,0.0,-0.10200000000000031,0.06668733013099214,-0.02300000000000087,0,0,2025,Miami Grand Prix,0.0,19,0.0
HAM,21,0 days 00:01:33.329000,nan,,True,0 days 01:30:55.047000,26.6,11,37.8,0 days 00:00:31.642000,0 days 00:00:35.508000,0 days 00:00:26.179000,1,93.329,5455.047,2.975000000000364,False,False,True,0.0,0.0,0.0,31.642,35.508,26.179,0,0,0,0.0,93.35220000000001,0.22028776634210484,-0.10531678805979448,0,1,92.965,94.369,1.4039999999999964,0.0,0.3639999999999901,-0.14466666666666583,0.0,0.30299999999999727,0.09904039579888577,-0.14466666666666583,0,0,2025,Miami Grand Prix,0.0,19,0.0
HAM,22,0 days 00:01:34.369000,nan,,True,0 days 01:32:29.416000,26.7,10,37.8,0 days 00:00:31.964000,0 days 00:00:36.657000,0 days 00:00:25.748000,1,94.369,5549.416,0.49499999999989086,False,False,True,0.0,0.0,0.0,31.964,36.657,25.748,0,0,0,0.0,93.3154,0.2012568011273044,5.2351025858428075,0,0,93.329,93.387,0.058000000000006935,0.3639999999999901,1.0400000000000063,-0.0370000000000014,0.0,-0.1280000000000001,0.14844696022485498,-0.0370000000000014,0,1,2025,Miami Grand Prix,0.0,19,0.0
HAM,23,0 days 00:01:33.387000,nan,,True,0 days 01:34:02.803000,26.8,10,37.9,0 days 00:00:31.451000,0 days 00:00:35.785000,0 days 00:00:26.151000,1,93.387,5642.803,6.511000000000422,False,False,True,0.0,0.0,0.0,31.451,35.785,26.151,0,0,0,0.0,93.5094,0.5188740695004742,-0.23589538810030491,0,0,94.369,92.636,-1.733000000000004,1.4039999999999964,-0.9819999999999993,0.3083333333333324,0.0,0.4029999999999987,0.17739503938949247,0.3083333333333324,0,0,2025,Miami Grand Prix,0.0,19,0.0
HAM,24,0 days 00:01:32.636000,HARD,1.0,True,0 days 01:35:35.439000,26.8,10,37.7,0 days 00:00:31.111000,0 days 00:00:35.486000,0 days 00:00:26.039000,1,92.636,5735.439,6.612999999999374,True,False,False,1.0,0.0,0.0,31.111,35.486,26.039,0,0,0,0.0,93.49879999999999,0.5211825016248951,-1.6554661703146865,1,0,93.387,92.674,-0.7129999999999939,0.42199999999999704,-0.7510000000000048,0.1406666666666657,0.0,0.29100000000000037,0.24015557457614747,0.1406666666666657,0,0,2025,Miami Grand Prix,0.0,19,0.0
HAM,25,0 days 00:01:32.674000,HARD,2.0,True,0 days 01:37:08.113000,26.8,10,37.5,0 days 00:00:31.076000,0 days 00:00:35.575000,0 days 00:00:26.023000,1,92.674,5828.113,6.380000000000109,True,False,False,2.0,0.0,0.0,31.076,35.575,26.023,0,0,0,0.0,93.3372,0.6514163031426222,-1.0180893490084895,0,1,92.636,92.503,-0.13299999999999557,0.0,0.038000000000010914,-0.2309999999999993,0.0,0.2749999999999986,0.24901265028106448,-0.2309999999999993,0,0,2025,Miami Grand Prix,0.0,19,0.0
HAM,26,0 days 00:01:32.503000,HARD,3.0,True,0 days 01:38:40.616000,26.7,8,37.3,0 days 00:00:31.007000,0 days 00:00:35.501000,0 days 00:00:25.995000,1,92.503,5920.616,7.143000000000029,True,False,False,3.0,0.0,0.0,31.007,35.501,25.995,0,0,0,0.0,93.279,0.7038710819461222,-1.1024746148889166,0,0,92.674,92.824,0.14999999999999147,0.038000000000010914,-0.17100000000000648,-0.5649999999999977,0.0,-0.027999999999998693,0.20564581201668025,-0.5649999999999977,0,0,2025,Miami Grand Prix,0.0,19,0.0
HAM,27,0 days 00:01:32.824000,HARD,4.0,True,0 days 01:40:13.440000,26.6,7,37.0,0 days 00:00:31.102000,0 days 00:00:35.396000,0 days 00:00:26.326000,1,92.824,6013.44,2.6840000000001965,True,False,False,4.0,0.0,0.0,31.102,35.396,26.326,0,0,0,0.0,93.1138,0.7818182013742206,-0.37067440933277224,0,0,92.503,90.62,-1.8829999999999956,0.0,0.32099999999999795,-0.2946666666666668,0.0,0.3309999999999995,0.22786465280951254,-0.2946666666666668,0,0,2025,Miami Grand Prix,0.0,19,0.0
HAM,30,0 days 00:01:30.620000,HARD,7.0,True,0 days 01:45:38.992000,26.5,9,36.4,0 days 00:00:30.584000,0 days 00:00:34.701000,0 days 00:00:25.335000,1,90.62,6338.992,0.5320000000001528,True,False,False,7.0,0.0,0.0,30.584,34.701,25.335,0,0,0,0.0,92.8048,0.3449676796455776,-6.333346944979528,1,0,92.824,91.139,-1.6850000000000023,0.32099999999999795,-2.2039999999999935,0.06266666666666747,0.0,-0.6600000000000001,0.16542611643872832,0.06266666666666747,0,1,2025,Miami Grand Prix,0.0,19,0.0
HAM,31,0 days 00:01:31.139000,HARD,8.0,True,0 days 01:47:10.131000,26.5,9,36.0,0 days 00:00:30.502000,0 days 00:00:34.976000,0 days 00:00:25.661000,1,91.139,6430.131,2.520999999999731,True,False,False,8.0,0.0,0.0,30.502,34.976,25.661,0,0,0,0.0,92.2514,0.9191228427147878,-1.2102843584154026,0,1,90.62,91.221,0.6009999999999991,0.0,0.5189999999999912,-0.6846666666666673,0.0,0.3260000000000005,0.41758675745286733,-0.6846666666666673,0,0,2025,Miami Grand Prix,0.0,19,0.0
HAM,32,0 days 00:01:31.221000,HARD,9.0,True,0 days 01:48:41.352000,26.4,9,36.4,0 days 00:00:30.595000,0 days 00:00:34.969000,0 days 00:00:25.657000,1,91.221,6521.352,0.0,True,False,False,9.0,0.0,0.0,30.595,34.969,25.657,0,0,0,0.0,91.952,1.0025544872973973,-0.7291374277028706,0,0,91.139,90.922,-0.21699999999999875,0.5189999999999912,0.08200000000000784,-0.4546666666666681,0.0,0.3219999999999992,0.4230658341204119,-0.4546666666666681,0,0,2025,Miami Grand Prix,0.0,19,0.0
HAM,34,0 days 00:01:30.922000,MEDIUM,2.0,True,0 days 01:52:12.445000,26.2,8,36.1,0 days 00:00:30.773000,0 days 00:00:34.664000,0 days 00:00:25.485000,1,90.922,6732.445,0.6300000000001091,False,True,False,2.0,0.0,0.0,30.773,34.664,25.485,0,0,0,0.0,91.6614,0.9501706688801607,-0.7781759890267245,0,0,91.221,90.562,-0.659000000000006,0.6009999999999991,-0.2990000000000066,-0.5343333333333314,0.0,0.14999999999999858,0.4298164724623754,-0.5343333333333314,0,1,2025,Miami Grand Prix,0.0,19,0.0
HAM,35,0 days 00:01:30.562000,MEDIUM,3.0,True,0 days 01:53:43.007000,26.1,8,35.9,0 days 00:00:30.455000,0 days 00:00:34.662000,0 days 00:00:25.445000,1,90.562,6823.007,0.7710000000006403,False,True,False,3.0,0.0,0.0,30.455,34.662,25.445,0,0,0,0.0,91.3452,0.8587500800583393,-0.9120232046404014,0,0,90.922,90.723,-0.19899999999999807,0.3019999999999925,-0.35999999999999943,0.10066666666666417,0.0,-0.03999999999999915,0.4282606682850994,0.10066666666666417,0,1,2025,Miami Grand Prix,0.0,19,0.0
HAM,36,0 days 00:01:30.723000,MEDIUM,4.0,True,0 days 01:55:13.730000,26.1,8,35.5,0 days 00:00:30.366000,0 days 00:00:34.858000,0 days 00:00:25.499000,1,90.723,6913.73,1.180000000000291,False,True,False,4.0,0.0,0.0,30.366,34.858,25.499,0,0,0,0.0,90.8928,0.297081975219372,-0.5715594151230848,0,0,90.562,90.856,0.29399999999999693,0.0,0.16100000000000136,-0.19233333333333272,0.0,0.053999999999998494,0.40857655341441207,-0.19233333333333272,0,0,2025,Miami Grand Prix,0.0,19,0.0
HAM,37,0 days 00:01:30.856000,MEDIUM,5.0,True,0 days 01:56:44.586000,26.1,8,35.7,0 days 00:00:30.397000,0 days 00:00:34.927000,0 days 00:00:25.532000,1,90.856,7004.586,1.3239999999996144,False,True,False,5.0,0.0,0.0,30.397,34.927,25.532,0,0,0,0.0,90.9134,0.2762793875775801,-0.20776070376905384,0,0,90.723,90.822,0.09900000000000375,0.16100000000000136,0.13299999999999557,-0.16600000000000156,0.0,0.08699999999999974,0.16210120295667146,-0.16600000000000156,0,0,2025,Miami Grand Prix,0.0,19,0.0
HAM,38,0 days 00:01:30.822000,MEDIUM,6.0,True,0 days 01:58:15.408000,26.2,7,36.0,0 days 00:00:30.663000,0 days 00:00:34.720000,0 days 00:00:25.439000,1,90.822,7095.408,1.0049999999991996,False,True,False,6.0,0.0,0.0,30.663,34.72,25.439,0,0,0,0.0,90.85679999999999,0.24581639489718568,-0.14156907644238,0,0,90.856,90.961,0.10500000000000398,0.29399999999999693,-0.033999999999991815,-0.022000000000000835,0.0,-0.006000000000000227,0.13472490489883407,-0.022000000000000835,0,0,2025,Miami Grand Prix,0.0,19,0.0
HAM,39,0 days 00:01:30.961000,MEDIUM,7.0,True,0 days 01:59:46.369000,26.2,7,35.7,0 days 00:00:30.244000,0 days 00:00:34.883000,0 days 00:00:25.834000,1,90.961,7186.369,1.368000000000393,False,True,False,7.0,0.0,0.0,30.244,34.883,25.834,0,0,0,0.0,90.777,0.14002856851463483,1.314017574783442,0,0,90.822,91.047,0.22499999999999432,0.2600000000000051,0.1389999999999958,0.08666666666666838,0.0,0.3949999999999996,0.07519308478842918,0.08666666666666838,0,0,2025,Miami Grand Prix,0.0,19,0.0
HAM,40,0 days 00:01:31.047000,MEDIUM,8.0,True,0 days 02:01:17.416000,26.2,7,35.5,0 days 00:00:30.348000,0 days 00:00:34.875000,0 days 00:00:25.824000,1,91.047,7277.416,1.3429999999998472,False,True,False,8.0,0.0,0.0,30.348,34.875,25.824,0,0,0,0.0,90.78479999999999,0.15079688325777055,1.7387627272892987,0,0,90.961,91.289,0.32800000000000296,0.3990000000000009,0.08599999999999852,0.07933333333333319,0.0,0.38500000000000156,0.17329598956698314,0.07933333333333319,0,0,2025,Miami Grand Prix,0.0,19,0.0
HAM,41,0 days 00:01:31.289000,MEDIUM,9.0,True,0 days 02:02:48.705000,26.2,7,35.1,0 days 00:00:30.327000,0 days 00:00:35.167000,0 days 00:00:25.795000,1,91.289,7368.705,1.2899999999999636,False,True,False,9.0,0.0,0.0,30.327,35.167,25.795,0,0,0,0.0,90.8818,0.12552171127039347,3.2440602974479087,0,0,91.047,91.209,0.16200000000000614,0.32399999999999807,0.24200000000000443,0.0636666666666675,0.0,0.35600000000000165,0.19191534592106035,0.0636666666666675,0,0,2025,Miami Grand Prix,0.0,19,0.0
HAM,42,0 days 00:01:31.209000,MEDIUM,10.0,True,0 days 02:04:19.914000,26.1,7,34.9,0 days 00:00:30.310000,0 days 00:00:35.133000,0 days 00:00:25.766000,1,91.209,7459.914,1.1779999999998836,False,True,False,10.0,0.0,0.0,30.31,35.133,25.766,0,0,0,0.0,90.995,0.18677928150690584,1.145737355200643,0,0,91.289,91.522,0.2330000000000041,0.46699999999999875,-0.0799999999999983,0.15566666666666626,0.0,-0.029000000000003467,0.1886618668411829,0.15566666666666626,0,0,2025,Miami Grand Prix,0.0,19,0.0
HAM,43,0 days 00:01:31.522000,MEDIUM,11.0,True,0 days 02:05:51.436000,26.0,7,35.3,0 days 00:00:30.399000,0 days 00:00:35.292000,0 days 00:00:25.831000,1,91.522,7551.436,0.9140000000006694,False,True,False,11.0,0.0,0.0,30.399,35.292,25.831,0,0,0,0.0,91.06559999999999,0.18781586727491154,2.4300396266944286,0,0,91.209,91.274,0.06499999999999773,0.38700000000000045,0.3130000000000024,0.08266666666666822,0.0,0.06500000000000128,0.21761364846902567,0.08266666666666822,0,1,2025,Miami Grand Prix,0.0,19,0.0
HAM,44,0 days 00:01:31.274000,MEDIUM,12.0,True,0 days 02:07:22.710000,26.0,7,35.6,0 days 00:00:30.420000,0 days 00:00:34.972000,0 days 00:00:25.882000,1,91.274,7642.71,0.6970000000001164,False,True,False,12.0,0.0,0.0,30.42,34.972,25.882,0,0,0,0.0,91.2056,0.21912279662375037,0.31215373778495825,0,0,91.522,91.046,-0.4759999999999991,0.561000000000007,-0.24800000000000466,0.15833333333333618,0.0,0.11600000000000321,0.20083276625092963,0.15833333333333618,0,1,2025,Miami Grand Prix,0.0,19,0.0
HAM,45,0 days 00:01:31.046000,MEDIUM,13.0,True,0 days 02:08:53.756000,26.0,7,35.7,0 days 00:00:30.397000,0 days 00:00:34.906000,0 days 00:00:25.743000,1,91.046,7733.756,0.8179999999993015,False,True,False,13.0,0.0,0.0,30.397,34.906,25.743,0,0,0,0.0,91.26820000000001,0.17125624076279947,-1.2974709652056513,0,0,91.274,91.01,-0.2639999999999958,0.22700000000000387,-0.22799999999999443,-0.005000000000000189,0.0,-0.022999999999999687,0.18302540807221415,-0.005000000000000189,0,1,2025,Miami Grand Prix,0.0,19,0.0
HAM,46,0 days 00:01:31.010000,MEDIUM,14.0,True,0 days 02:10:24.766000,26.0,7,35.4,0 days 00:00:30.415000,0 days 00:00:34.852000,0 days 00:00:25.743000,1,91.01,7824.766,1.1420000000007349,False,True,False,14.0,0.0,0.0,30.415,34.852,25.743,0,0,0,0.0,91.268,0.17157942767186662,-1.5036767723307838,1,0,91.046,91.473,0.4269999999999925,0.0,-0.036000000000001364,-0.054333333333332234,0.0,0.0,0.15711619903752902,-0.054333333333332234,0,0,2025,Miami Grand Prix,0.0,19,0.0
HAM,47,0 days 00:01:31.473000,MEDIUM,15.0,True,0 days 02:11:56.239000,26.0,7,35.3,0 days 00:00:30.996000,0 days 00:00:34.799000,0 days 00:00:25.678000,1,91.473,7916.239,0.6530000000002474,False,True,False,15.0,0.0,0.0,30.996,34.799,25.678,0,0,0,0.0,91.21220000000001,0.20512971505906258,1.2713906414041352,0,1,91.01,90.891,-0.11899999999999977,0.0,0.46299999999999386,-0.17066666666666683,0.0,-0.06499999999999773,0.06269529487928317,-0.17066666666666683,0,1,2025,Miami Grand Prix,0.0,19,0.0
HAM,48,0 days 00:01:30.891000,MEDIUM,16.0,True,0 days 02:13:27.130000,26.0,7,35.3,0 days 00:00:30.380000,0 days 00:00:34.852000,0 days 00:00:25.659000,1,90.891,8007.13,0.6499999999996362,False,True,False,16.0,0.0,0.0,30.38,34.852,25.659,0,0,0,0.0,91.265,0.2357859198514722,-1.5861846213530804,1,0,91.473,90.886,-0.5870000000000033,0.46299999999999386,-0.5819999999999936,0.06633333333333269,0.0,-0.019000000000001904,0.07194650790691719,0.06633333333333269,0,1,2025,Miami Grand Prix,0.0,19,0.0
HAM,49,0 days 00:01:30.886000,MEDIUM,17.0,True,0 days 02:14:58.016000,26.0,7,35.0,0 days 00:00:30.334000,0 days 00:00:34.878000,0 days 00:00:25.674000,1,90.886,8098.016,0.6130000000002838,False,True,False,17.0,0.0,0.0,30.334,34.878,25.674,0,0,0,0.0,91.1388,0.23268798851728784,-1.0864333892388502,0,1,90.891,90.673,-0.21800000000000352,0.0,-0.005000000000009663,-0.05166666666666705,0.0,0.015000000000000568,0.06810800246667154,-0.05166666666666705,0,1,2025,Miami Grand Prix,0.0,19,0.0
HAM,50,0 days 00:01:30.673000,MEDIUM,18.0,True,0 days 02:16:28.689000,26.0,7,35.1,0 days 00:00:30.268000,0 days 00:00:34.770000,0 days 00:00:25.635000,1,90.673,8188.689,0.7680000000000291,False,True,False,18.0,0.0,0.0,30.268,34.77,25.635,0,0,0,0.0,91.0612,0.24088109099768143,-1.6115835343992784,1,0,90.886,90.756,-0.12999999999999545,0.0,-0.21299999999999386,-0.041333333333336476,0.0,-0.023999999999997357,0.03019602622862765,-0.041333333333336476,0,1,2025,Miami Grand Prix,0.0,19,0.0
HAM,51,0 days 00:01:30.756000,MEDIUM,19.0,True,0 days 02:17:59.445000,26.0,7,34.9,0 days 00:00:30.282000,0 days 00:00:34.794000,0 days 00:00:25.680000,1,90.756,8279.445,0.5689999999995052,False,True,False,19.0,0.0,0.0,30.282,34.794,25.68,0,0,0,0.0,90.9866,0.2977990933502703,-0.7743475556144978,0,1,90.673,92.162,1.4890000000000043,0.0,0.08299999999999841,-0.2666666666666657,0.0,0.04499999999999815,0.030237394067610432,-0.2666666666666657,0,1,2025,Miami Grand Prix,0.0,19,0.0
HAM,52,0 days 00:01:32.162000,MEDIUM,20.0,True,0 days 02:19:31.607000,25.9,8,34.9,0 days 00:00:30.301000,0 days 00:00:36.229000,0 days 00:00:25.632000,1,92.162,8371.607,1.1260000000002037,False,True,False,20.0,0.0,0.0,30.301,36.229,25.632,0,0,0,0.0,90.9358,0.31403136786035984,3.9047054705224844,0,0,90.756,90.779,0.022999999999996135,0.08299999999999841,1.406000000000006,-0.045000000000001705,0.0,-0.0030000000000001137,0.04168692840687469,-0.045000000000001705,0,0,2025,Miami Grand Prix,0.0,19,0.0
HAM,53,0 days 00:01:30.779000,MEDIUM,21.0,True,0 days 02:21:02.386000,26.0,8,34.8,0 days 00:00:30.506000,0 days 00:00:34.678000,0 days 00:00:25.595000,1,90.779,8462.386,1.22400000000016,False,True,False,21.0,0.0,0.0,30.506,34.678,25.595,0,0,0,0.0,91.0736,0.6153253610897511,-0.47877110002139567,0,0,92.162,90.993,-1.1690000000000111,1.4890000000000043,-1.3830000000000098,0.42533333333333684,0.0,-0.037000000000002586,0.028092703679068746,0.42533333333333684,0,0,2025,Miami Grand Prix,0.0,19,0.0
HAM,54,0 days 00:01:30.993000,MEDIUM,22.0,True,0 days 02:22:33.379000,25.9,8,34.9,0 days 00:00:30.382000,0 days 00:00:34.865000,0 days 00:00:25.746000,1,90.993,8553.379,1.1349999999983993,False,True,False,22.0,0.0,0.0,30.382,34.865,25.746,0,0,0,0.0,91.0512,0.6255874838903319,-0.09303255179926533,0,0,90.779,90.999,0.21999999999999886,0.10599999999999454,0.21399999999999864,0.03533333333333152,0.0,0.1509999999999998,0.03240678941209683,0.03533333333333152,0,0,2025,Miami Grand Prix,0.0,19,0.0
HAM,55,0 days 00:01:30.999000,MEDIUM,23.0,True,0 days 02:24:04.378000,25.9,8,34.9,0 days 00:00:30.431000,0 days 00:00:34.818000,0 days 00:00:25.750000,1,90.999,8644.378,0.9369999999998981,False,True,False,23.0,0.0,0.0,30.431,34.818,25.75,0,0,0,0.0,91.0726,0.6203316048697127,-0.11864621989630383,0,0,90.993,91.025,0.03200000000001069,0.3199999999999932,0.006000000000000227,0.07899999999999825,0.0,0.15500000000000114,0.07631382574605994,0.07899999999999825,0,1,2025,Miami Grand Prix,0.0,19,0.0
HAM,56,0 days 00:01:31.025000,MEDIUM,24.0,True,0 days 02:25:35.403000,26.0,8,34.9,0 days 00:00:30.356000,0 days 00:00:34.879000,0 days 00:00:25.790000,1,91.025,8735.403,1.0900000000001455,False,True,False,24.0,0.0,0.0,30.356,34.879,25.79,0,0,0,0.0,91.1378,0.5838935690690775,-0.19318589204507594,0,0,90.999,91.958,0.9590000000000032,0.242999999999995,0.02600000000001046,-0.3876666666666703,0.0,0.19500000000000028,0.08787035905241428,-0.3876666666666703,0,0,2025,Miami Grand Prix,0.0,19,0.0
HUL,4,0 days 00:01:34.181000,nan,,True,0 days 01:04:33.522000,26.5,14,38.6,0 days 00:00:32.495000,0 days 00:00:35.648000,0 days 00:00:26.038000,1,94.181,3873.522,0.48800000000028376,False,False,True,0.0,0.0,0.0,32.495,35.648,26.038,0,0,0,0.0,91.1508,0.4619461007522591,6.559639739496545,0,0,94.181,93.552,-0.6289999999999907,3.402000000000001,0.0,0.3216666666666678,0.0,0.28800000000000026,0.24560781746516294,0.0,0,1,2025,Miami Grand Prix,0.0,19,0.0
HUL,5,0 days 00:01:33.552000,nan,,True,0 days 01:06:07.074000,26.4,14,38.4,0 days 00:00:32.235000,0 days 00:00:35.377000,0 days 00:00:25.940000,1,93.552,3967.074,0.83199999999988,False,False,True,0.0,0.0,0.0,32.235,35.377,25.94,0,0,0,0.0,,,0.0,0,0,94.181,93.311,-0.8699999999999903,0.0,-0.6289999999999907,0.0,0.0,0.0,0.0,0.0,0,1,2025,Miami Grand Prix,0.0,19,0.0
HUL,6,0 days 00:01:33.311000,nan,,True,0 days 01:07:40.385000,26.5,14,38.5,0 days 00:00:32.076000,0 days 00:00:35.188000,0 days 00:00:26.047000,1,93.311,4060.385,0.7329999999997199,False,False,True,0.0,0.0,0.0,32.076,35.188,26.047,0,0,0,0.0,,,0.0,0,0,93.552,93.576,0.0239999999999867,0.0,-0.24099999999999966,-0.31449999999999534,0.0,0.10699999999999932,0.0,0.0,0,1,2025,Miami Grand Prix,0.0,19,0.0
HUL,7,0 days 00:01:33.576000,nan,,True,0 days 01:09:13.961000,26.6,14,38.9,0 days 00:00:32.092000,0 days 00:00:35.514000,0 days 00:00:25.970000,1,93.576,4153.961,0.7379999999993743,False,False,True,0.0,0.0,0.0,32.092,35.514,25.97,0,0,0,0.0,93.68133333333333,0.4491885276065383,-0.23449693582913525,0,0,93.311,93.415,0.1039999999999992,0.0,0.26499999999998636,-0.28999999999999676,0.0,0.029999999999997584,0.14557586796352406,-0.43499999999999517,0,1,2025,Miami Grand Prix,0.0,19,0.0
HUL,8,0 days 00:01:33.415000,nan,,True,0 days 01:10:47.376000,26.6,14,38.9,0 days 00:00:31.998000,0 days 00:00:35.479000,0 days 00:00:25.938000,1,93.415,4247.376,0.7919999999994616,False,False,True,0.0,0.0,0.0,31.998,35.479,25.938,0,0,0,0.0,93.655,0.3705230537137085,-0.6477329753020856,0,0,93.576,93.517,-0.0589999999999975,0.26499999999998636,-0.16099999999998715,-0.201666666666668,0.0,-0.0020000000000024443,0.1292758678176254,-0.201666666666668,0,1,2025,Miami Grand Prix,0.0,19,0.0
HUL,9,0 days 00:01:33.517000,nan,,True,0 days 01:12:20.893000,26.7,14,39.0,0 days 00:00:32.159000,0 days 00:00:35.446000,0 days 00:00:25.912000,1,93.517,4340.893,0.8959999999997308,False,False,True,0.0,0.0,0.0,32.159,35.446,25.912,0,0,0,0.0,93.607,0.33835705992338644,-0.2659911988252349,0,0,93.415,93.584,0.16899999999999693,0.1039999999999992,0.10199999999998965,-0.04566666666666682,0.0,-0.0259999999999998,0.12197458751723733,-0.04566666666666682,0,1,2025,Miami Grand Prix,0.0,19,0.0
HUL,10,0 days 00:01:33.584000,nan,,True,0 days 01:13:54.477000,26.6,14,38.5,0 days 00:00:31.835000,0 days 00:00:35.718000,0 days 00:00:26.031000,1,93.584,4434.477,1.1549999999997453,False,False,True,0.0,0.0,0.0,31.835,35.718,26.031,0,0,0,0.0,93.47420000000001,0.10998499897712545,0.9983179617324801,0,0,93.517,93.736,0.2190000000000083,0.20599999999998886,0.06700000000000728,0.06866666666666295,0.0,0.11899999999999977,0.05160620117776529,0.06866666666666295,0,0,2025,Miami Grand Prix,0.0,19,0.0
HUL,11,0 days 00:01:33.736000,nan,,True,0 days 01:15:28.213000,26.6,14,38.5,0 days 00:00:32.010000,0 days 00:00:35.546000,0 days 00:00:26.180000,1,93.736,4528.213,1.0970000000006621,False,False,True,0.0,0.0,0.0,32.01,35.546,26.18,0,0,0,0.0,93.48060000000001,0.11638857332229094,2.1943734913973714,0,0,93.584,93.441,-0.14300000000000068,0.27299999999999613,0.15200000000000102,0.0026666666666699257,0.0,0.2680000000000007,0.06479428987187096,0.0026666666666699257,0,0,2025,Miami Grand Prix,0.0,19,0.0
HUL,12,0 days 00:01:33.441000,nan,,True,0 days 01:17:01.654000,26.8,14,38.2,0 days 00:00:31.804000,0 days 00:00:35.570000,0 days 00:00:26.067000,1,93.441,4621.654,1.2029999999995198,False,False,True,0.0,0.0,0.0,31.804,35.57,26.067,0,0,0,0.0,93.56559999999999,0.11675315841552106,-1.0672088163691382,0,0,93.736,93.39,-0.34600000000000364,0.32099999999999795,-0.2950000000000017,0.10699999999999932,0.0,0.15500000000000114,0.11968792754492913,0.10699999999999932,0,0,2025,Miami Grand Prix,0.0,19,0.0
HUL,13,0 days 00:01:33.390000,nan,,True,0 days 01:18:35.044000,26.7,14,38.2,0 days 00:00:31.796000,0 days 00:00:35.576000,0 days 00:00:26.018000,1,93.39,4715.044,1.63799999999992,False,False,True,0.0,0.0,0.0,31.796,35.576,26.018,0,0,0,0.0,93.5386,0.12874121329240223,-1.1542535307826836,0,0,93.441,93.56,0.11899999999999977,0.02599999999999625,-0.05100000000000193,-0.025333333333331137,0.0,-0.012999999999998124,0.12026096623593292,-0.025333333333331137,0,0,2025,Miami Grand Prix,0.0,19,0.0
HUL,14,0 days 00:01:33.560000,nan,,True,0 days 01:20:08.604000,26.6,14,37.6,0 days 00:00:31.951000,0 days 00:00:35.547000,0 days 00:00:26.062000,1,93.56,4808.604,2.298999999999978,False,False,True,0.0,0.0,0.0,31.951,35.547,26.062,0,0,0,0.0,93.5336,0.13507146256704425,0.19545209253132487,0,0,93.39,93.743,0.35299999999999443,0.0,0.1700000000000017,-0.06466666666666754,0.0,0.04400000000000048,0.12273263624643596,-0.06466666666666754,0,0,2025,Miami Grand Prix,0.0,19,0.0
HUL,15,0 days 00:01:33.743000,nan,,True,0 days 01:21:42.347000,26.5,14,37.6,0 days 00:00:31.753000,0 days 00:00:35.896000,0 days 00:00:26.094000,1,93.743,4902.347,2.25,False,False,True,0.0,0.0,0.0,31.753,35.896,26.094,0,0,0,0.0,93.54220000000001,0.13511920662881424,1.486095167444286,0,0,93.56,93.591,0.0309999999999917,0.1700000000000017,0.18299999999999272,-0.05866666666666731,0.0,0.07600000000000051,0.10776038233042762,-0.05866666666666731,0,0,2025,Miami Grand Prix,0.0,19,0.0
HUL,16,0 days 00:01:33.591000,nan,,True,0 days 01:23:15.938000,26.6,14,37.7,0 days 00:00:31.715000,0 days 00:00:35.790000,0 days 00:00:26.086000,1,93.591,4995.938,2.5720000000001164,False,False,True,0.0,0.0,0.0,31.715,35.79,26.086,0,0,0,0.0,93.574,0.16320692387272845,0.1041622475113421,0,0,93.743,93.607,-0.13599999999999568,0.35299999999999443,-0.15200000000000102,0.10066666666666417,0.0,0.06799999999999784,0.10902981243678238,0.10066666666666417,0,0,2025,Miami Grand Prix,0.0,19,0.0
HUL,17,0 days 00:01:33.607000,nan,,True,0 days 01:24:49.545000,26.7,14,37.6,0 days 00:00:31.594000,0 days 00:00:35.837000,0 days 00:00:26.176000,1,93.607,5089.545,2.8239999999996144,False,False,True,0.0,0.0,0.0,31.594,35.837,26.176,0,0,0,0.0,93.545,0.13819008647511205,0.4486573645148111,0,0,93.591,93.621,0.030000000000001137,0.2009999999999934,0.016000000000005343,0.0669999999999978,0.0,0.11399999999999721,0.06072478900745534,0.0669999999999978,0,0,2025,Miami Grand Prix,0.0,19,0.0
HUL,18,0 days 00:01:33.621000,nan,,True,0 days 01:26:23.166000,26.8,14,37.8,0 days 00:00:31.695000,0 days 00:00:35.760000,0 days 00:00:26.166000,1,93.621,5183.166,2.7929999999996653,False,False,True,0.0,0.0,0.0,31.695,35.76,26.166,0,0,0,0.0,93.5782,0.12639501572450346,0.338620947627307,0,0,93.607,93.461,-0.1460000000000008,0.21699999999999875,0.013999999999995794,0.01566666666666568,0.0,0.08000000000000185,0.04689562879416208,0.01566666666666568,0,0,2025,Miami Grand Prix,0.0,19,0.0
HUL,19,0 days 00:01:33.461000,nan,,True,0 days 01:27:56.627000,26.8,13,37.9,0 days 00:00:31.627000,0 days 00:00:35.748000,0 days 00:00:26.086000,1,93.461,5276.627,2.876999999999498,False,False,True,0.0,0.0,0.0,31.627,35.748,26.086,0,0,0,0.0,93.6244,0.07007710039659981,-2.3317174808209393,1,0,93.621,93.252,-0.3689999999999998,0.06099999999999284,-0.1599999999999966,-0.04066666666666663,0.0,0.0,0.025234896472939018,-0.04066666666666663,0,0,2025,Miami Grand Prix,0.0,19,0.0
HUL,20,0 days 00:01:33.252000,nan,,True,0 days 01:29:29.879000,26.6,13,37.6,0 days 00:00:31.396000,0 days 00:00:35.712000,0 days 00:00:26.144000,1,93.252,5369.879,3.8580000000001746,False,False,True,0.0,0.0,0.0,31.396,35.712,26.144,0,0,0,0.0,93.60459999999999,0.10029356908594067,-3.5156790531390456,1,1,93.461,93.282,-0.17900000000000205,0.0,-0.20900000000000318,-0.043333333333331815,0.0,0.05799999999999983,0.041674932513442016,-0.043333333333331815,0,0,2025,Miami Grand Prix,0.0,19,0.0
HUL,21,0 days 00:01:33.282000,nan,,True,0 days 01:31:03.161000,26.6,13,37.8,0 days 00:00:31.265000,0 days 00:00:35.793000,0 days 00:00:26.224000,1,93.282,5463.161,3.662999999999556,False,False,True,0.0,0.0,0.0,31.265,35.793,26.224,0,0,0,0.0,93.5064,0.15587751601819114,-1.4395918393632536,0,1,93.252,93.272,0.020000000000010232,0.0,0.030000000000001137,-0.11833333333333466,0.0,0.13800000000000168,0.04154515615568124,-0.11833333333333466,0,0,2025,Miami Grand Prix,0.0,19,0.0
HUL,22,0 days 00:01:33.272000,nan,,True,0 days 01:32:36.433000,26.7,12,37.8,0 days 00:00:31.530000,0 days 00:00:35.622000,0 days 00:00:26.120000,1,93.272,5556.433,3.36200000000008,False,False,True,0.0,0.0,0.0,31.53,35.622,26.12,0,0,0,0.0,93.44460000000001,0.1741358664951161,-0.9911800680352292,0,0,93.282,92.881,-0.40099999999999625,0.030000000000001137,-0.009999999999990905,-0.11299999999999955,0.0,0.03400000000000247,0.05334791467339658,-0.11299999999999955,0,0,2025,Miami Grand Prix,0.0,19,0.0
HUL,23,0 days 00:01:32.881000,nan,,True,0 days 01:34:09.314000,26.8,12,37.9,0 days 00:00:31.219000,0 days 00:00:35.599000,0 days 00:00:26.063000,1,92.881,5649.314,3.5689999999995052,False,False,True,0.0,0.0,0.0,31.219,35.599,26.063,0,0,0,0.0,93.3776,0.1598946528186854,-3.1057949171266332,1,0,93.272,92.738,-0.534000000000006,0.020000000000010232,-0.39100000000000534,-0.06299999999999766,0.0,-0.05700000000000216,0.05182663407940017,-0.06299999999999766,0,0,2025,Miami Grand Prix,0.0,19,0.0
HUL,24,0 days 00:01:32.738000,HARD,1.0,True,0 days 01:35:42.052000,26.8,11,37.7,0 days 00:00:31.105000,0 days 00:00:35.571000,0 days 00:00:26.062000,1,92.738,5742.052,3.511000000000422,True,False,False,1.0,0.0,0.0,31.105,35.571,26.062,0,0,0,0.0,93.2296,0.21219872761167113,-2.316696266434007,1,1,92.881,92.441,-0.4399999999999977,0.0,-0.14300000000000068,-0.12366666666666504,0.0,-0.0009999999999976694,0.07215815962176543,-0.12366666666666504,0,0,2025,Miami Grand Prix,0.0,19,0.0
HUL,25,0 days 00:01:32.441000,HARD,2.0,True,0 days 01:37:14.493000,26.8,11,37.5,0 days 00:00:30.960000,0 days 00:00:35.396000,0 days 00:00:26.085000,1,92.441,5834.493,4.123999999999796,True,False,False,2.0,0.0,0.0,30.96,35.396,26.085,0,0,0,0.0,93.08500000000001,0.25675474679159127,-2.5082301614573166,1,1,92.738,93.266,0.5280000000000058,0.0,-0.29699999999999704,-0.18133333333333232,0.0,0.022999999999999687,0.07227931931057553,-0.18133333333333232,0,0,2025,Miami Grand Prix,0.0,19,0.0
HUL,26,0 days 00:01:33.266000,HARD,3.0,True,0 days 01:38:47.759000,26.7,10,37.3,0 days 00:00:31.525000,0 days 00:00:35.681000,0 days 00:00:26.060000,1,93.266,5927.759,4.9979999999995925,True,False,False,3.0,0.0,0.0,31.525,35.681,26.06,0,0,0,0.0,92.9228,0.3602064685704826,0.9527868873705561,0,1,92.441,93.274,0.8329999999999984,0.0,0.8250000000000028,-0.277000000000001,0.0,-0.0020000000000024443,0.07110766484704834,-0.277000000000001,0,0,2025,Miami Grand Prix,0.0,19,0.0
HUL,27,0 days 00:01:33.274000,HARD,4.0,True,0 days 01:40:21.033000,26.6,11,37.0,0 days 00:00:31.208000,0 days 00:00:35.594000,0 days 00:00:26.472000,1,93.274,6021.033,5.073999999999614,True,False,False,4.0,0.0,0.0,31.208,35.594,26.472,0,0,0,0.0,92.9196,0.35626717502461425,0.9947590596173027,0,0,93.266,92.735,-0.5310000000000059,0.8250000000000028,0.007999999999995566,0.12833333333333505,0.0,0.4120000000000026,0.03513260593807545,0.12833333333333505,0,0,2025,Miami Grand Prix,0.0,19,0.0
HUL,30,0 days 00:01:32.735000,HARD,7.0,True,0 days 01:45:39.524000,26.5,10,36.4,0 days 00:00:31.198000,0 days 00:00:35.297000,0 days 00:00:26.240000,1,92.735,6339.524,2.8919999999998254,True,False,False,7.0,0.0,0.0,31.198,35.297,26.24,0,0,0,0.0,92.92,0.35676252605902753,-0.5185522202782963,0,0,93.274,93.128,-0.1460000000000008,0.8329999999999984,-0.5390000000000015,0.1786666666666671,0.0,0.17999999999999972,0.19065807090181258,0.1786666666666671,0,0,2025,Miami Grand Prix,0.0,19,0.0
HUL,31,0 days 00:01:33.128000,HARD,8.0,True,0 days 01:47:12.652000,26.5,10,36.0,0 days 00:00:31.392000,0 days 00:00:35.612000,0 days 00:00:26.124000,1,93.128,6432.652,1.4619999999995343,True,False,False,8.0,0.0,0.0,31.392,35.612,26.124,0,0,0,0.0,92.8908,0.3665920075506545,0.6470408386282831,0,0,92.735,92.815,0.0799999999999983,0.29399999999999693,0.3930000000000007,0.09799999999999898,0.0,0.06400000000000006,0.17872408903111073,0.09799999999999898,0,0,2025,Miami Grand Prix,0.0,19,0.0
HUL,34,0 days 00:01:32.815000,HARD,11.0,True,0 days 01:52:17.763000,26.2,11,36.1,0 days 00:00:30.873000,0 days 00:00:36.171000,0 days 00:00:25.771000,1,92.815,6737.763,2.268000000000029,True,False,False,11.0,0.0,0.0,30.873,36.171,25.771,0,0,0,0.0,92.9688,0.3674421042831325,-0.41856934250924427,0,0,93.128,92.655,-0.472999999999999,0.6869999999999976,-0.3130000000000024,-0.04600000000000174,0.0,-0.352999999999998,0.16963726005804428,-0.04600000000000174,0,0,2025,Miami Grand Prix,0.0,19,0.0
HUL,35,0 days 00:01:32.655000,HARD,12.0,True,0 days 01:53:50.418000,26.1,11,35.8,0 days 00:00:31.142000,0 days 00:00:35.500000,0 days 00:00:26.013000,1,92.655,6830.418,1.1010000000005675,True,False,False,12.0,0.0,0.0,31.142,35.5,26.013,0,0,0,0.0,93.0436,0.2535553194078449,-1.5326044072257534,1,0,92.815,91.365,-1.4500000000000028,0.0799999999999983,-0.1599999999999966,-0.15300000000000105,0.0,0.24200000000000088,0.279612589130032,-0.15300000000000105,0,0,2025,Miami Grand Prix,0.0,19,0.0
HUL,38,0 days 00:01:31.365000,MEDIUM,2.0,True,0 days 01:58:43.949000,26.2,14,36.0,0 days 00:00:30.697000,0 days 00:00:34.786000,0 days 00:00:25.882000,1,91.365,7123.949,0.9909999999999854,False,True,False,2.0,0.0,0.0,30.697,34.786,25.882,0,0,0,0.0,92.92139999999999,0.2664794551180567,-5.840600354389326,1,1,92.655,91.044,-1.6110000000000042,0.0,-1.2900000000000063,-0.0266666666666661,0.0,0.11100000000000065,0.2872316138589205,-0.0266666666666661,0,1,2025,Miami Grand Prix,0.0,19,0.0
HUL,39,0 days 00:01:31.044000,MEDIUM,3.0,True,0 days 02:00:14.993000,26.2,14,35.7,0 days 00:00:30.339000,0 days 00:00:34.890000,0 days 00:00:25.815000,1,91.044,7214.993,1.957999999999629,False,True,False,3.0,0.0,0.0,30.339,34.89,25.815,0,0,0,0.0,92.5396,0.6806693764229631,-2.1972488432778277,1,1,91.365,91.491,0.12600000000000477,0.0,-0.32099999999999795,-0.5876666666666684,0.0,0.04400000000000048,0.2345649163877661,-0.5876666666666684,0,0,2025,Miami Grand Prix,0.0,19,0.0
HUL,40,0 days 00:01:31.491000,MEDIUM,4.0,True,0 days 02:01:46.484000,26.2,14,35.5,0 days 00:00:30.629000,0 days 00:00:34.948000,0 days 00:00:25.914000,1,91.491,7306.484,2.543999999999869,False,True,False,4.0,0.0,0.0,30.629,34.948,25.914,0,0,0,0.0,92.20139999999999,0.9327359218986006,-0.7616303643092902,0,1,91.044,91.203,0.15900000000000603,0.0,0.44700000000000273,-0.5903333333333336,0.0,0.0990000000000002,0.22315532707062985,-0.5903333333333336,0,0,2025,Miami Grand Prix,0.0,19,0.0
HUL,41,0 days 00:01:31.203000,MEDIUM,5.0,True,0 days 02:03:17.687000,26.1,14,34.9,0 days 00:00:30.408000,0 days 00:00:34.943000,0 days 00:00:25.852000,1,91.203,7397.687,3.462000000000444,False,True,False,5.0,0.0,0.0,30.408,34.943,25.852,0,0,0,0.0,91.874,0.8046912451369388,-0.8338601967588257,0,0,91.491,91.33,-0.16100000000000136,0.44700000000000273,-0.2879999999999967,-0.3880000000000005,0.0,0.036999999999999034,0.22535594068051495,-0.3880000000000005,0,0,2025,Miami Grand Prix,0.0,19,0.0
HUL,42,0 days 00:01:31.330000,MEDIUM,6.0,True,0 days 02:04:49.017000,26.0,14,35.2,0 days 00:00:30.305000,0 days 00:00:35.125000,0 days 00:00:25.900000,1,91.33,7489.017,4.378000000000611,False,True,False,6.0,0.0,0.0,30.305,35.125,25.9,0,0,0,0.0,91.5516,0.6393674999560474,-0.34659253092349673,0,0,91.203,91.015,-0.1880000000000024,0.15900000000000603,0.12699999999999534,-0.05399999999999731,0.0,0.0849999999999973,0.08242147778340364,-0.05399999999999731,0,0,2025,Miami Grand Prix,0.0,19,0.0
HUL,43,0 days 00:01:31.015000,MEDIUM,7.0,True,0 days 02:06:20.032000,26.0,14,35.3,0 days 00:00:30.364000,0 days 00:00:34.814000,0 days 00:00:25.837000,1,91.015,7580.032,5.309999999999491,False,True,False,7.0,0.0,0.0,30.364,34.814,25.837,0,0,0,0.0,91.28659999999999,0.17003911314768821,-1.597279560991905,1,0,91.33,91.108,-0.2219999999999942,0.28600000000000136,-0.3149999999999977,0.09533333333333378,0.0,-0.015000000000000568,0.033078694049191754,0.09533333333333378,0,0,2025,Miami Grand Prix,0.0,19,0.0
HUL,44,0 days 00:01:31.108000,MEDIUM,8.0,True,0 days 02:07:51.140000,26.0,14,35.8,0 days 00:00:30.305000,0 days 00:00:34.946000,0 days 00:00:25.857000,1,91.108,7671.14,6.161999999999352,False,True,False,8.0,0.0,0.0,30.305,34.946,25.857,0,0,0,0.0,91.2166,0.19923177457437413,-0.5450937744845249,0,1,91.015,91.321,0.3059999999999974,0.0,0.09300000000000352,-0.15866666666666637,0.0,0.019999999999999574,0.044877611344633785,-0.15866666666666637,0,0,2025,Miami Grand Prix,0.0,19,0.0
HUL,45,0 days 00:01:31.321000,MEDIUM,9.0,True,0 days 02:09:22.461000,26.0,14,35.7,0 days 00:00:30.458000,0 days 00:00:34.992000,0 days 00:00:25.871000,1,91.321,7762.461,6.768999999999323,False,True,False,9.0,0.0,0.0,30.458,34.992,25.871,0,0,0,0.0,91.2294,0.1870542701999973,0.4896974546588085,0,0,91.108,91.053,-0.05500000000000682,0.09300000000000352,0.21299999999999386,-0.03166666666666629,0.0,0.03399999999999892,0.04691694789732171,-0.03166666666666629,0,0,2025,Miami Grand Prix,0.0,19,0.0
HUL,46,0 days 00:01:31.053000,MEDIUM,10.0,True,0 days 02:10:53.514000,26.1,14,35.3,0 days 00:00:30.355000,0 days 00:00:34.851000,0 days 00:00:25.847000,1,91.053,7853.514,7.974999999999454,False,True,False,10.0,0.0,0.0,30.355,34.851,25.847,0,0,0,0.0,91.19539999999999,0.13613706328570438,-1.0460046409341655,0,0,91.321,91.052,-0.26899999999999125,0.3059999999999974,-0.2680000000000007,-0.0030000000000001137,0.0,0.010000000000001563,0.03602360337334348,-0.0030000000000001137,0,0,2025,Miami Grand Prix,0.0,19,0.0
HUL,47,0 days 00:01:31.052000,MEDIUM,11.0,True,0 days 02:12:24.566000,26.0,14,35.3,0 days 00:00:30.323000,0 days 00:00:34.874000,0 days 00:00:25.855000,1,91.052,7944.566,10.389000000000124,False,True,False,11.0,0.0,0.0,30.323,34.874,25.855,0,0,0,0.0,91.1654,0.14987761674131878,-0.7566173152841181,0,0,91.053,91.124,0.07099999999999795,0.0379999999999967,-0.000999999999990564,0.012666666666665568,0.0,0.007999999999999119,0.03713084970748636,0.012666666666665568,0,0,2025,Miami Grand Prix,0.0,19,0.0
HUL,48,0 days 00:01:31.124000,MEDIUM,12.0,True,0 days 02:13:55.690000,26.1,14,35.0,0 days 00:00:30.352000,0 days 00:00:34.890000,0 days 00:00:25.882000,1,91.124,8035.69,11.821000000000822,False,True,False,12.0,0.0,0.0,30.352,34.89,25.882,0,0,0,0.0,91.10979999999999,0.12264053163640458,0.11578553852083359,0,0,91.052,91.154,0.10199999999998965,0.03700000000000614,0.07199999999998852,-0.018666666666665794,0.0,0.03500000000000014,0.01799444358684136,-0.018666666666665794,0,0,2025,Miami Grand Prix,0.0,19,0.0
HUL,49,0 days 00:01:31.154000,MEDIUM,13.0,True,0 days 02:15:26.844000,26.0,14,35.0,0 days 00:00:30.216000,0 days 00:00:34.959000,0 days 00:00:25.979000,1,91.154,8126.844,14.631000000000313,False,True,False,13.0,0.0,0.0,30.216,34.959,25.979,0,0,0,0.0,91.1316,0.11068107335971605,0.2023832921026155,0,0,91.124,91.227,0.10300000000000864,0.07199999999998852,0.030000000000001137,-0.06566666666666758,0.0,0.1319999999999979,0.012798437404621462,-0.06566666666666758,0,0,2025,Miami Grand Prix,0.0,19,0.0
HUL,50,0 days 00:01:31.227000,MEDIUM,14.0,True,0 days 02:16:58.071000,26.0,14,35.0,0 days 00:00:30.335000,0 days 00:00:35.011000,0 days 00:00:25.881000,1,91.227,8218.071,16.338999999999942,False,True,False,14.0,0.0,0.0,30.335,35.011,25.881,0,0,0,0.0,91.14079999999998,0.11013945705358509,0.7826441341369725,0,0,91.154,91.363,0.20900000000000318,0.10199999999998965,0.0730000000000075,0.033666666666666366,0.0,0.0259999999999998,0.05093328970329644,0.033666666666666366,0,0,2025,Miami Grand Prix,0.0,19,0.0
HUL,51,0 days 00:01:31.363000,MEDIUM,15.0,True,0 days 02:18:29.434000,26.0,14,34.9,0 days 00:00:30.438000,0 days 00:00:35.107000,0 days 00:00:25.818000,1,91.363,8309.434,17.20300000000134,False,True,False,15.0,0.0,0.0,30.438,35.107,25.818,0,0,0,0.0,91.122,0.07367835503090032,3.2709742216547246,0,0,91.227,91.767,0.539999999999992,0.17499999999999716,0.13599999999999568,0.058333333333332384,0.0,-0.06299999999999883,0.0514412286011903,0.058333333333332384,0,0,2025,Miami Grand Prix,0.0,19,0.0
HUL,52,0 days 00:01:31.767000,MEDIUM,16.0,True,0 days 02:20:01.201000,26.0,14,35.0,0 days 00:00:30.653000,0 days 00:00:35.138000,0 days 00:00:25.976000,1,91.767,8401.201,17.41700000000128,False,True,False,16.0,0.0,0.0,30.653,35.138,25.976,0,0,0,0.0,91.184,0.11812493386265725,4.935452498774281,0,0,91.363,91.419,0.055999999999997385,0.31099999999999284,0.40399999999999636,0.0796666666666681,0.0,0.1579999999999977,0.06990922685883365,0.0796666666666681,0,0,2025,Miami Grand Prix,0.0,19,0.0
HUL,53,0 days 00:01:31.419000,MEDIUM,17.0,True,0 days 02:21:32.620000,26.0,14,34.8,0 days 00:00:30.490000,0 days 00:00:35.083000,0 days 00:00:25.846000,1,91.419,8492.62,18.60699999999997,False,True,False,17.0,0.0,0.0,30.49,35.083,25.846,0,0,0,0.0,91.327,0.2626946897066109,0.3502164436698299,0,0,91.767,91.137,-0.6299999999999955,0.6430000000000007,-0.347999999999999,0.20433333333333317,0.0,0.027999999999998693,0.08897921105516592,0.20433333333333317,0,0,2025,Miami Grand Prix,0.0,19,0.0
HUL,54,0 days 00:01:31.137000,MEDIUM,18.0,True,0 days 02:23:03.757000,25.9,14,34.9,0 days 00:00:30.268000,0 days 00:00:35.029000,0 days 00:00:25.840000,1,91.137,8583.757,19.965000000000146,False,True,False,18.0,0.0,0.0,30.268,35.029,25.84,0,0,0,0.0,91.386,0.23763627669202764,-1.0478198171851294,0,0,91.419,91.156,-0.262999999999991,0.26500000000000057,-0.2819999999999965,0.06399999999999768,0.0,0.021999999999998465,0.08947737144105082,0.06399999999999768,0,0,2025,Miami Grand Prix,0.0,19,0.0
HUL,55,0 days 00:01:31.156000,MEDIUM,19.0,True,0 days 02:24:34.913000,25.9,14,34.9,0 days 00:00:30.355000,0 days 00:00:35.003000,0 days 00:00:25.798000,1,91.156,8674.913,20.963999999999942,False,True,False,19.0,0.0,0.0,30.355,35.003,25.798,0,0,0,0.0,91.3826,0.24186938623986612,-0.9368692893414274,0,0,91.137,93.417,2.280000000000001,0.0,0.019000000000005457,-0.07533333333333303,0.0,-0.04200000000000159,0.07910246519546554,-0.07533333333333303,0,0,2025,Miami Grand Prix,0.0,19,0.0
LAW,4,0 days 00:01:33.315000,nan,,True,0 days 01:04:44.528000,26.5,19,38.6,0 days 00:00:31.972000,0 days 00:00:35.319000,0 days 00:00:26.024000,1,93.315,3884.528,0.0,False,False,True,0.0,0.0,0.0,31.972,35.319,26.024,0,0,0,0.0,91.7792,0.950405281971878,1.6159421976417827,0,0,93.315,94.526,1.2109999999999985,2.1779999999999973,0.0,0.6660000000000016,0.0,0.22600000000000264,0.7519289860086544,0.0,0,0,2025,Miami Grand Prix,0.0,19,0.0
LAW,5,0 days 00:01:34.526000,nan,,True,0 days 01:06:19.054000,26.4,19,38.4,0 days 00:00:32.646000,0 days 00:00:35.667000,0 days 00:00:26.213000,1,94.526,3979.054,0.0,False,False,True,0.0,0.0,0.0,32.646,35.667,26.213,0,0,0,0.0,,,0.0,0,0,93.315,94.334,1.0190000000000055,0.0,1.2109999999999985,0.0,0.0,0.0,0.0,0.0,0,0,2025,Miami Grand Prix,0.0,19,0.0
LAW,6,0 days 00:01:34.334000,nan,,True,0 days 01:07:53.388000,26.6,19,38.9,0 days 00:00:32.337000,0 days 00:00:35.751000,0 days 00:00:26.246000,1,94.334,4073.388,0.0,False,False,True,0.0,0.0,0.0,32.337,35.751,26.246,0,0,0,0.0,,,0.0,0,0,94.526,94.046,-0.47999999999998977,0.0,-0.19199999999999307,0.6054999999999993,0.0,0.22199999999999775,0.0,0.0,0,0,2025,Miami Grand Prix,0.0,19,0.0
LAW,7,0 days 00:01:34.046000,nan,,True,0 days 01:09:27.434000,26.6,19,38.9,0 days 00:00:32.155000,0 days 00:00:35.632000,0 days 00:00:26.259000,1,94.046,4167.434,0.0,False,False,True,0.0,0.0,0.0,32.155,35.632,26.259,0,0,0,0.0,94.05833333333334,0.6508642971720972,-0.018949162501180405,0,0,94.334,94.137,-0.19700000000000273,1.0190000000000055,-0.2879999999999967,0.3396666666666685,0.0,0.23499999999999943,0.1293419241133105,0.5095000000000027,0,0,2025,Miami Grand Prix,0.0,19,0.0
LAW,8,0 days 00:01:34.137000,nan,,True,0 days 01:11:01.571000,26.7,19,38.9,0 days 00:00:32.170000,0 days 00:00:35.752000,0 days 00:00:26.215000,1,94.137,4261.571,0.0,False,False,True,0.0,0.0,0.0,32.17,35.752,26.215,0,0,0,0.0,94.05525,0.5314642509143925,0.1538203178470563,0,0,94.046,94.094,0.04799999999998761,0.7310000000000088,0.09099999999999397,0.24366666666666958,0.0,0.0019999999999988916,0.1139630788164892,0.24366666666666958,0,0,2025,Miami Grand Prix,0.0,19,0.0
LAW,9,0 days 00:01:34.094000,nan,,True,0 days 01:12:35.665000,26.7,19,39.0,0 days 00:00:32.120000,0 days 00:00:35.592000,0 days 00:00:26.382000,1,94.094,4355.665,0.0,False,False,True,0.0,0.0,0.0,32.12,35.592,26.382,0,0,0,0.0,94.0716,0.46171127341662044,0.04851516800582432,0,0,94.137,94.204,0.06699999999999307,0.8220000000000027,-0.043000000000006366,-0.12966666666666526,0.0,0.1670000000000016,0.1242416999239791,-0.12966666666666526,0,0,2025,Miami Grand Prix,0.0,19,0.0
LAW,10,0 days 00:01:34.204000,nan,,True,0 days 01:14:09.869000,26.6,19,38.5,0 days 00:00:32.191000,0 days 00:00:35.739000,0 days 00:00:26.274000,1,94.204,4449.869,0.0,False,False,True,0.0,0.0,0.0,32.191,35.739,26.274,0,0,0,0.0,94.2274,0.199624146835987,-0.11722028808085559,0,0,94.094,93.99,-0.1039999999999992,0.04799999999998761,0.10999999999999943,-0.08000000000000303,0.0,0.05900000000000105,0.11621832901913519,-0.08000000000000303,0,0,2025,Miami Grand Prix,0.0,19,0.0
LAW,11,0 days 00:01:33.990000,nan,,True,0 days 01:15:43.859000,26.6,19,38.5,0 days 00:00:32.062000,0 days 00:00:35.603000,0 days 00:00:26.325000,1,93.99,4543.859,0.0,False,False,True,0.0,0.0,0.0,32.062,35.603,26.325,0,0,0,0.0,94.163,0.11185705163286012,-1.5466168424305204,1,0,94.204,94.087,-0.11699999999999022,0.15799999999998704,-0.21399999999999864,0.052666666666662344,0.0,0.10999999999999943,0.10251585243268445,0.052666666666662344,0,0,2025,Miami Grand Prix,0.0,19,0.0
LAW,12,0 days 00:01:34.087000,nan,,True,0 days 01:17:17.946000,26.8,19,38.2,0 days 00:00:32.065000,0 days 00:00:35.736000,0 days 00:00:26.286000,1,94.087,4637.946,0.0,False,False,True,0.0,0.0,0.0,32.065,35.736,26.286,0,0,0,0.0,94.0942,0.08226299289471593,-0.08752416787476151,0,1,93.99,94.351,0.3610000000000042,0.0,0.09700000000000841,-0.049000000000001855,0.0,0.012000000000000455,0.09087518913322844,-0.049000000000001855,0,0,2025,Miami Grand Prix,0.0,19,0.0
LAW,13,0 days 00:01:34.351000,nan,,True,0 days 01:18:52.297000,26.6,19,38.1,0 days 00:00:32.201000,0 days 00:00:35.899000,0 days 00:00:26.251000,1,94.351,4732.297,0.0,False,False,True,0.0,0.0,0.0,32.201,35.899,26.251,0,0,0,0.0,94.1024,0.07820038363074833,3.179012537506873,0,0,94.087,94.598,0.5109999999999957,0.09700000000000841,0.2639999999999958,-0.002333333333330264,0.0,-0.022999999999999687,0.06913392799487152,-0.002333333333330264,0,0,2025,Miami Grand Prix,0.0,19,0.0
LAW,14,0 days 00:01:34.598000,nan,,True,0 days 01:20:26.895000,26.6,19,37.6,0 days 00:00:32.371000,0 days 00:00:35.980000,0 days 00:00:26.247000,1,94.598,4826.895,0.0,False,False,True,0.0,0.0,0.0,32.371,35.98,26.247,0,0,0,0.0,94.1452,0.13775594361041543,3.286972511912445,0,0,94.351,94.692,0.340999999999994,0.3610000000000042,0.2469999999999999,0.049000000000001855,0.0,-0.004000000000001336,0.07585842075867408,0.049000000000001855,0,0,2025,Miami Grand Prix,0.0,19,0.0
LAW,15,0 days 00:01:34.692000,nan,,True,0 days 01:22:01.587000,26.5,19,37.7,0 days 00:00:32.335000,0 days 00:00:36.179000,0 days 00:00:26.178000,1,94.692,4921.587,0.0,False,False,True,0.0,0.0,0.0,32.335,36.179,26.178,0,0,0,0.0,94.24600000000001,0.23849004172081475,1.8700990480855708,0,0,94.598,94.401,-0.19700000000000273,0.6080000000000041,0.09399999999999409,0.20266666666666802,0.0,-0.06899999999999906,0.053681467938200014,0.20266666666666802,0,0,2025,Miami Grand Prix,0.0,19,0.0
LAW,16,0 days 00:01:34.401000,nan,,True,0 days 01:23:35.988000,26.6,19,37.7,0 days 00:00:32.109000,0 days 00:00:36.063000,0 days 00:00:26.229000,1,94.401,5015.988,0.0,False,False,True,0.0,0.0,0.0,32.109,36.063,26.229,0,0,0,0.0,94.3436,0.3070151462061704,0.18696146007550818,0,0,94.692,94.82,0.1280000000000001,0.7019999999999982,-0.2909999999999968,0.20166666666666325,0.0,0.05099999999999838,0.06598257345693581,0.20166666666666325,0,0,2025,Miami Grand Prix,0.0,19,0.0
LAW,17,0 days 00:01:34.820000,nan,,True,0 days 01:25:10.808000,26.7,19,37.6,0 days 00:00:32.125000,0 days 00:00:36.200000,0 days 00:00:26.495000,1,94.82,5110.808,0.0,False,False,True,0.0,0.0,0.0,32.125,36.2,26.495,0,0,0,0.0,94.4258,0.23532466934003482,1.6751324929321139,0,0,94.401,94.722,0.32099999999999795,0.31399999999999295,0.41899999999999693,0.01666666666666572,0.0,0.31700000000000017,0.04425268353444699,0.01666666666666572,0,0,2025,Miami Grand Prix,0.0,19,0.0
LAW,18,0 days 00:01:34.722000,nan,,True,0 days 01:26:45.530000,26.8,19,37.8,0 days 00:00:32.117000,0 days 00:00:36.169000,0 days 00:00:26.436000,1,94.722,5205.53,0.0,False,False,True,0.0,0.0,0.0,32.117,36.169,26.436,0,0,0,0.0,94.57239999999999,0.196634940943869,0.760800696366121,0,0,94.82,94.501,-0.3189999999999884,0.4689999999999941,-0.09799999999999898,0.07399999999999807,0.0,0.2579999999999991,0.1529699316859362,0.07399999999999807,0,0,2025,Miami Grand Prix,0.0,19,0.0
LAW,19,0 days 00:01:34.501000,nan,,True,0 days 01:28:20.031000,26.8,19,37.9,0 days 00:00:32.109000,0 days 00:00:36.125000,0 days 00:00:26.267000,1,94.501,5300.031,0.0,False,False,True,0.0,0.0,0.0,32.109,36.125,26.267,0,0,0,0.0,94.64659999999999,0.15850488951448827,-0.9185836502960297,0,0,94.722,94.448,-0.2740000000000009,0.32099999999999795,-0.22099999999998943,0.010000000000000378,0.0,0.038000000000000256,0.16827744946961845,0.010000000000000378,0,0,2025,Miami Grand Prix,0.0,19,0.0
LAW,20,0 days 00:01:34.448000,nan,,True,0 days 01:29:54.479000,26.5,19,37.6,0 days 00:00:31.996000,0 days 00:00:36.165000,0 days 00:00:26.287000,1,94.448,5394.479,0.0,False,False,True,0.0,0.0,0.0,31.996,36.165,26.287,0,0,0,0.0,94.6272,0.17135547846509,-1.045779228100471,0,0,94.501,94.492,-0.009000000000000341,0.10000000000000853,-0.05300000000001148,0.03333333333333618,0.0,0.019999999999999574,0.16206017400953235,0.03333333333333618,0,0,2025,Miami Grand Prix,0.0,19,0.0
LAW,21,0 days 00:01:34.492000,nan,,True,0 days 01:31:28.971000,26.6,19,37.8,0 days 00:00:32.277000,0 days 00:00:35.921000,0 days 00:00:26.294000,1,94.492,5488.971,0.0,False,False,True,0.0,0.0,0.0,32.277,35.921,26.294,0,0,0,0.0,94.5784,0.18265897185739602,-0.47301262632448776,0,0,94.448,94.433,-0.014999999999986358,0.046999999999997044,0.04400000000001114,-0.12399999999999996,0.0,0.027000000000001023,0.13957686054643886,-0.12399999999999996,0,0,2025,Miami Grand Prix,0.0,19,0.0
LAW,22,0 days 00:01:34.433000,nan,,True,0 days 01:33:03.404000,26.8,19,37.8,0 days 00:00:32.179000,0 days 00:00:35.992000,0 days 00:00:26.262000,1,94.433,5583.404,0.0,False,False,True,0.0,0.0,0.0,32.179,35.992,26.262,0,0,0,0.0,94.5966,0.16416089668371134,-0.9965832503656226,0,0,94.492,94.53,0.0379999999999967,0.04400000000001114,-0.0589999999999975,-0.07666666666666326,0.0,-0.004999999999999005,0.14361928839818108,-0.07666666666666326,0,0,2025,Miami Grand Prix,0.0,19,0.0
LAW,23,0 days 00:01:34.530000,nan,,True,0 days 01:34:37.934000,26.8,19,37.9,0 days 00:00:32.124000,0 days 00:00:36.209000,0 days 00:00:26.197000,1,94.53,5677.934,0.0,False,False,True,0.0,0.0,0.0,32.124,36.209,26.197,0,0,0,0.0,94.5192,0.11693887292085761,0.09235594400941868,0,0,94.433,94.337,-0.09600000000000364,0.0,0.0969999999999942,-0.022666666666665947,0.0,-0.06500000000000128,0.10760250926442122,-0.022666666666665947,0,0,2025,Miami Grand Prix,0.0,19,0.0
LAW,24,0 days 00:01:34.337000,HARD,1.0,True,0 days 01:36:12.271000,26.8,19,37.7,0 days 00:00:32.136000,0 days 00:00:35.998000,0 days 00:00:26.203000,1,94.337,5772.271,0.0,True,False,False,1.0,0.0,0.0,32.136,35.998,26.203,0,0,0,0.0,94.4808,0.03973285793900609,-3.619170818790488,1,0,94.53,94.094,-0.43600000000000705,0.0969999999999942,-0.19299999999999784,0.027333333333335947,0.0,0.006000000000000227,0.04116430492550602,0.027333333333335947,0,0,2025,Miami Grand Prix,0.0,19,0.0
LAW,25,0 days 00:01:34.094000,HARD,2.0,True,0 days 01:37:46.365000,26.8,19,37.5,0 days 00:00:31.998000,0 days 00:00:35.874000,0 days 00:00:26.222000,1,94.094,5866.365,0.0,True,False,False,2.0,0.0,0.0,31.998,35.874,26.222,0,0,0,0.0,94.44800000000001,0.07281140020629612,-4.861876011133247,1,1,94.337,94.112,-0.22500000000000853,0.0,-0.2430000000000092,-0.05166666666666705,0.0,0.02500000000000213,0.0365964479150646,-0.05166666666666705,0,0,2025,Miami Grand Prix,0.0,19,0.0
LAW,26,0 days 00:01:34.112000,HARD,3.0,True,0 days 01:39:20.477000,26.6,19,37.2,0 days 00:00:31.862000,0 days 00:00:36.063000,0 days 00:00:26.187000,1,94.112,5960.477,0.0,True,False,False,3.0,0.0,0.0,31.862,36.063,26.187,0,0,0,0.0,94.3772,0.17425469864541118,-1.5219101812551956,1,1,94.094,94.372,0.2780000000000058,0.0,0.018000000000000682,-0.11300000000000428,0.0,-0.00999999999999801,0.037453971752006085,-0.11300000000000428,0,0,2025,Miami Grand Prix,0.0,19,0.0
LAW,27,0 days 00:01:34.372000,HARD,4.0,True,0 days 01:40:54.849000,26.6,19,36.9,0 days 00:00:31.915000,0 days 00:00:36.193000,0 days 00:00:26.264000,1,94.372,6054.849,0.0,True,False,False,4.0,0.0,0.0,31.915,36.193,26.264,0,0,0,0.0,94.3012,0.1934753214236978,0.3659381438367446,0,1,94.112,91.77,-2.3419999999999987,0.018000000000000682,0.2600000000000051,-0.13933333333333545,0.0,0.07699999999999818,0.03365560874505261,-0.13933333333333545,0,0,2025,Miami Grand Prix,0.0,19,0.0
LAW,30,0 days 00:01:31.770000,HARD,7.0,True,0 days 01:46:23.406000,26.5,18,36.0,0 days 00:00:31.034000,0 days 00:00:34.949000,0 days 00:00:25.787000,1,91.77,6383.406,0.0,True,False,False,7.0,0.0,0.0,31.034,34.949,25.787,0,0,0,0.0,94.289,0.1848161248376405,-13.629763107591002,1,0,94.372,92.361,-2.0109999999999957,0.2780000000000058,-2.602000000000004,0.01166666666666553,0.0,-0.40000000000000213,0.05171363456575037,0.01166666666666553,0,0,2025,Miami Grand Prix,0.0,19,0.0
LAW,31,0 days 00:01:32.361000,HARD,8.0,True,0 days 01:47:55.767000,26.4,17,36.4,0 days 00:00:31.238000,0 days 00:00:35.127000,0 days 00:00:25.996000,1,92.361,6475.767,0.0,True,False,False,8.0,0.0,0.0,31.238,35.127,25.996,0,0,0,0.0,93.737,1.106841000324805,-1.2431776556851437,0,1,91.77,94.513,2.743000000000009,0.0,0.5910000000000082,-0.7746666666666661,0.0,0.20899999999999963,0.19264552940569468,-0.7746666666666661,0,0,2025,Miami Grand Prix,0.0,19,0.0
LAW,34,0 days 00:01:34.513000,MEDIUM,3.0,True,0 days 01:53:01.774000,26.1,17,35.9,0 days 00:00:31.228000,0 days 00:00:37.123000,0 days 00:00:26.162000,1,94.513,6781.774,0.0,False,True,False,3.0,0.0,0.0,31.228,37.123,26.162,0,0,0,0.0,93.34179999999999,1.1887860194332815,0.9852067410401982,0,0,92.361,92.855,0.4939999999999998,0.5910000000000082,2.152000000000001,-0.5836666666666636,0.0,0.375,0.22824044339248978,-0.5836666666666636,0,0,2025,Miami Grand Prix,0.0,19,0.0
LEC,4,0 days 00:01:32.763000,nan,,True,0 days 01:04:26.680000,26.5,8,38.6,0 days 00:00:31.521000,0 days 00:00:35.221000,0 days 00:00:26.021000,1,92.763,3866.68,1.5540000000000873,False,False,True,0.0,0.0,0.0,31.521,35.221,26.021,0,0,0,0.0,93.17420000000001,1.2208676013393296,-0.3368096585976308,0,0,92.763,92.509,-0.2540000000000049,0.9930000000000092,0.0,0.3616666666666693,0.0,0.02500000000000213,0.30279646629378043,0.0,0,0,2025,Miami Grand Prix,0.0,19,0.0
LEC,5,0 days 00:01:32.509000,nan,,True,0 days 01:05:59.189000,26.4,8,38.4,0 days 00:00:31.396000,0 days 00:00:35.250000,0 days 00:00:25.863000,1,92.509,3959.189,1.9900000000002365,False,False,True,0.0,0.0,0.0,31.396,35.25,25.863,0,0,0,0.0,,,0.0,0,0,92.763,93.363,0.5999999999999943,0.0,-0.2540000000000049,0.0,0.0,0.0,0.0,0.0,0,0,2025,Miami Grand Prix,0.0,19,0.0
LEC,6,0 days 00:01:33.363000,nan,,True,0 days 01:07:32.552000,26.5,8,38.5,0 days 00:00:31.854000,0 days 00:00:35.541000,0 days 00:00:25.968000,1,93.363,4052.552,1.663000000000011,False,False,True,0.0,0.0,0.0,31.854,35.541,25.968,0,0,0,0.0,,,0.0,0,0,92.509,93.047,0.5379999999999967,0.0,0.8539999999999992,-0.12700000000000244,0.0,0.10500000000000043,0.0,0.0,0,0,2025,Miami Grand Prix,0.0,19,0.0
LEC,7,0 days 00:01:33.047000,nan,,True,0 days 01:09:05.599000,26.6,8,38.9,0 days 00:00:31.760000,0 days 00:00:35.329000,0 days 00:00:25.958000,1,93.047,4145.599,1.6920000000000073,False,False,True,0.0,0.0,0.0,31.76,35.329,25.958,0,0,0,0.0,92.87833333333333,0.4385263200006756,0.3846215357527614,0,0,93.363,93.415,0.05200000000000671,0.8539999999999992,-0.3160000000000025,0.1999999999999981,0.0,0.09499999999999886,0.05484827557301433,0.29999999999999716,0,0,2025,Miami Grand Prix,0.0,19,0.0
LEC,8,0 days 00:01:33.415000,nan,,True,0 days 01:10:39.014000,26.6,8,38.9,0 days 00:00:31.818000,0 days 00:00:35.555000,0 days 00:00:26.042000,1,93.415,4239.014,1.4639999999999418,False,False,True,0.0,0.0,0.0,31.818,35.555,26.042,0,0,0,0.0,92.9205,0.36785277852242376,1.3442877935740756,0,0,93.047,93.033,-0.013999999999995794,0.5379999999999967,0.3680000000000092,0.09466666666666394,0.0,0.17900000000000205,0.05170025789748642,0.09466666666666394,0,0,2025,Miami Grand Prix,0.0,19,0.0
LEC,9,0 days 00:01:33.033000,nan,,True,0 days 01:12:12.047000,26.7,8,39.0,0 days 00:00:31.803000,0 days 00:00:35.257000,0 days 00:00:25.973000,1,93.033,4332.047,1.7030000000004293,False,False,True,0.0,0.0,0.0,31.803,35.257,25.973,0,0,0,0.0,93.01939999999999,0.3878051056909913,0.03506916180429974,0,0,93.415,92.85,-0.5650000000000119,0.9060000000000059,-0.382000000000005,0.302000000000002,0.0,0.015000000000000568,0.07083925465446428,0.302000000000002,0,0,2025,Miami Grand Prix,0.0,19,0.0
LEC,10,0 days 00:01:32.850000,nan,,True,0 days 01:13:44.897000,26.7,8,38.9,0 days 00:00:31.603000,0 days 00:00:35.183000,0 days 00:00:26.064000,1,92.85,4424.897,1.998000000000502,False,False,True,0.0,0.0,0.0,31.603,35.183,26.064,0,0,0,0.0,93.07339999999999,0.3610523507747891,-0.6187468369077219,0,0,93.033,93.558,0.5250000000000057,0.5240000000000009,-0.18300000000000693,-0.10999999999999943,0.0,0.10600000000000165,0.0729191332916134,-0.10999999999999943,0,0,2025,Miami Grand Prix,0.0,19,0.0
LEC,11,0 days 00:01:33.558000,nan,,True,0 days 01:15:18.455000,26.6,8,38.5,0 days 00:00:31.963000,0 days 00:00:35.429000,0 days 00:00:26.166000,1,93.558,4518.455,1.6589999999996508,False,False,True,0.0,0.0,0.0,31.963,35.429,26.166,0,0,0,0.0,93.14160000000001,0.23955124712679166,1.738250186523138,0,0,92.85,93.096,0.24600000000000932,0.0,0.7080000000000126,-0.06566666666666758,0.0,0.1930000000000014,0.058206528843421555,-0.06566666666666758,0,0,2025,Miami Grand Prix,0.0,19,0.0
LEC,12,0 days 00:01:33.096000,nan,,True,0 days 01:16:51.551000,26.8,8,38.2,0 days 00:00:31.792000,0 days 00:00:35.379000,0 days 00:00:25.925000,1,93.096,4611.551,1.8019999999996799,False,False,True,0.0,0.0,0.0,31.792,35.379,25.925,0,0,0,0.0,93.1806,0.29423850869660445,-0.2875218487707451,0,0,93.558,93.112,-0.44600000000001216,0.7080000000000126,-0.4620000000000033,0.04766666666666689,0.0,-0.047999999999998266,0.0718108626880369,0.04766666666666689,0,0,2025,Miami Grand Prix,0.0,19,0.0
LEC,13,0 days 00:01:33.112000,nan,,True,0 days 01:18:24.663000,26.7,8,38.2,0 days 00:00:31.906000,0 days 00:00:35.356000,0 days 00:00:25.850000,1,93.112,4704.663,1.9150000000008731,False,False,True,0.0,0.0,0.0,31.906,35.356,25.85,0,0,0,0.0,93.1904,0.28945345048902255,-0.27085529596398894,0,0,93.096,93.6,0.5039999999999907,0.24600000000000932,0.015999999999991132,0.021000000000000796,0.0,-0.07499999999999929,0.10422331792837934,0.021000000000000796,0,0,2025,Miami Grand Prix,0.0,19,0.0
LEC,14,0 days 00:01:33.600000,nan,,True,0 days 01:19:58.263000,26.6,8,37.6,0 days 00:00:32.061000,0 days 00:00:35.511000,0 days 00:00:26.028000,1,93.6,4798.263,1.4200000000000728,False,False,True,0.0,0.0,0.0,32.061,35.511,26.028,0,0,0,0.0,93.1298,0.26099463596020817,1.801569592685725,0,0,93.112,93.409,0.29700000000001125,0.26200000000000045,0.48799999999999955,0.08733333333333348,0.0,0.17799999999999727,0.11106619647759639,0.08733333333333348,0,0,2025,Miami Grand Prix,0.0,19,0.0
LEC,15,0 days 00:01:33.409000,nan,,True,0 days 01:21:31.672000,26.5,8,37.6,0 days 00:00:31.873000,0 days 00:00:35.496000,0 days 00:00:26.040000,1,93.409,4891.672,1.5,False,False,True,0.0,0.0,0.0,31.873,35.496,26.04,0,0,0,0.0,93.2432,0.32399567898353315,0.5117352198034439,0,0,93.6,93.207,-0.3930000000000007,0.75,-0.1909999999999883,0.013999999999995794,0.0,0.18999999999999773,0.12553366082449685,0.013999999999995794,0,0,2025,Miami Grand Prix,0.0,19,0.0
LEC,16,0 days 00:01:33.207000,nan,,True,0 days 01:23:04.879000,26.6,8,37.7,0 days 00:00:31.610000,0 days 00:00:35.585000,0 days 00:00:26.012000,1,93.207,4984.879,1.6589999999996508,False,False,True,0.0,0.0,0.0,31.61,35.585,26.012,0,0,0,0.0,93.35499999999999,0.2399374918598586,-0.6168273197022464,0,0,93.409,93.05,-0.35900000000000887,0.3130000000000024,-0.2020000000000124,0.10433333333333412,0.0,0.16199999999999903,0.13655877855341142,0.10433333333333412,0,0,2025,Miami Grand Prix,0.0,19,0.0
LEC,17,0 days 00:01:33.050000,nan,,True,0 days 01:24:37.929000,26.5,8,37.6,0 days 00:00:31.544000,0 days 00:00:35.455000,0 days 00:00:26.051000,1,93.05,5077.929,1.8220000000001164,False,False,True,0.0,0.0,0.0,31.544,35.455,26.051,0,0,0,0.0,93.28479999999999,0.21583257400123582,-1.0878802751926053,0,0,93.207,93.269,0.06200000000001182,0.11099999999999,-0.15699999999999648,0.03166666666666629,0.0,0.038999999999997925,0.13117469268117055,0.03166666666666629,0,0,2025,Miami Grand Prix,0.0,19,0.0
LEC,18,0 days 00:01:33.269000,nan,,True,0 days 01:26:11.198000,26.8,8,37.8,0 days 00:00:31.559000,0 days 00:00:35.582000,0 days 00:00:26.128000,1,93.269,5171.198,1.8779999999997017,False,False,True,0.0,0.0,0.0,31.559,35.582,26.128,0,0,0,0.0,93.2756,0.2266038393319937,-0.029125720108926167,0,0,93.05,92.61,-0.4399999999999977,0.0,0.2190000000000083,-0.18333333333333238,0.0,0.11599999999999966,0.11441896695915306,-0.18333333333333238,0,0,2025,Miami Grand Prix,0.0,19,0.0
LEC,19,0 days 00:01:32.610000,nan,,True,0 days 01:27:43.808000,26.8,8,38.0,0 days 00:00:31.309000,0 days 00:00:35.320000,0 days 00:00:25.981000,1,92.61,5263.808,2.4160000000001673,False,False,True,0.0,0.0,0.0,31.309,35.32,25.981,0,0,0,0.0,93.30699999999999,0.20841425095227945,-3.344301058182343,1,0,93.269,92.671,-0.597999999999999,0.2190000000000083,-0.659000000000006,-0.046666666666666856,0.0,-0.030999999999998806,0.06156297588648536,-0.046666666666666856,0,0,2025,Miami Grand Prix,0.0,19,0.0
LEC,20,0 days 00:01:32.671000,nan,,True,0 days 01:29:16.479000,26.6,8,37.6,0 days 00:00:31.269000,0 days 00:00:35.348000,0 days 00:00:26.054000,1,92.671,5356.479,2.894999999999527,False,False,True,0.0,0.0,0.0,31.269,35.348,26.054,0,0,0,0.0,93.10900000000001,0.30728081619260933,-1.425406263323174,0,1,92.61,92.673,0.06300000000000239,0.0,0.06100000000000705,-0.19899999999999807,0.0,0.07299999999999685,0.09078380912916048,-0.19899999999999807,0,0,2025,Miami Grand Prix,0.0,19,0.0
LEC,21,0 days 00:01:32.673000,nan,,True,0 days 01:30:49.152000,26.6,8,37.8,0 days 00:00:31.281000,0 days 00:00:35.369000,0 days 00:00:26.023000,1,92.673,5449.152,2.9799999999995634,False,False,True,0.0,0.0,0.0,31.281,35.369,26.023,0,0,0,0.0,92.9614,0.30438511790163486,-0.9474839045619673,0,0,92.671,92.735,0.06399999999999295,0.06100000000000705,0.001999999999995339,-0.12633333333333022,0.0,0.04199999999999804,0.07371363510233314,-0.12633333333333022,0,0,2025,Miami Grand Prix,0.0,19,0.0
LEC,22,0 days 00:01:32.735000,nan,,True,0 days 01:32:21.887000,26.7,8,37.8,0 days 00:00:31.458000,0 days 00:00:35.368000,0 days 00:00:25.909000,1,92.735,5541.887,3.074000000000524,False,False,True,0.0,0.0,0.0,31.458,35.368,25.909,0,0,0,0.0,92.8546,0.2900108618655404,-0.412398346843493,0,0,92.673,92.685,0.012000000000000455,0.06300000000000239,0.06199999999999761,-0.19866666666666788,0.0,-0.07200000000000273,0.053867429862579475,-0.19866666666666788,0,0,2025,Miami Grand Prix,0.0,19,0.0
LEC,23,0 days 00:01:32.685000,nan,,True,0 days 01:33:54.572000,26.8,8,37.9,0 days 00:00:31.311000,0 days 00:00:35.390000,0 days 00:00:25.984000,1,92.685,5634.572,3.243999999999687,False,False,True,0.0,0.0,0.0,31.311,35.39,25.984,0,0,0,0.0,92.7916,0.27051025858550065,-0.39407008280355843,0,0,92.735,92.858,0.12300000000000466,0.125,-0.04999999999999716,0.041666666666666664,0.0,0.07500000000000284,0.07651339751965008,0.041666666666666664,0,0,2025,Miami Grand Prix,0.0,19,0.0
LEC,24,0 days 00:01:32.858000,nan,,True,0 days 01:35:27.430000,26.8,8,37.7,0 days 00:00:31.549000,0 days 00:00:35.334000,0 days 00:00:25.975000,1,92.858,5727.43,3.058999999999287,False,False,True,0.0,0.0,0.0,31.549,35.334,25.975,0,0,0,0.0,92.6748,0.044566803789300065,4.110682939394083,0,0,92.685,92.417,-0.2680000000000007,0.07500000000000284,0.17300000000000182,0.0046666666666652645,0.0,0.0660000000000025,0.06585818096485861,0.0046666666666652645,0,0,2025,Miami Grand Prix,0.0,19,0.0
LEC,25,0 days 00:01:32.417000,MEDIUM,1.0,True,0 days 01:36:59.847000,26.8,7,37.5,0 days 00:00:31.257000,0 days 00:00:35.230000,0 days 00:00:25.930000,1,92.417,5819.847,3.1700000000000728,False,True,False,1.0,0.0,0.0,31.257,35.23,25.93,0,0,0,0.0,92.7244,0.07906832488420328,-3.8877768113867726,1,0,92.858,92.749,-0.10900000000000887,0.1869999999999976,-0.4410000000000025,0.061666666666667425,0.0,0.021000000000000796,0.06222298610642355,0.061666666666667425,0,0,2025,Miami Grand Prix,0.0,19,0.0
LEC,26,0 days 00:01:32.749000,MEDIUM,2.0,True,0 days 01:38:32.596000,26.7,6,37.3,0 days 00:00:31.250000,0 days 00:00:35.484000,0 days 00:00:26.015000,1,92.749,5912.596,3.055000000000291,False,True,False,2.0,0.0,0.0,31.25,35.484,26.015,0,0,0,0.0,92.6736,0.1610490608479128,0.46818031476263094,0,1,92.417,92.452,0.03499999999999659,0.0,0.33199999999999363,-0.10599999999999928,0.0,0.08500000000000085,0.05891773926416591,-0.10599999999999928,0,0,2025,Miami Grand Prix,0.0,19,0.0
LEC,27,0 days 00:01:32.452000,MEDIUM,3.0,True,0 days 01:40:05.048000,26.6,4,37.0,0 days 00:00:30.933000,0 days 00:00:35.514000,0 days 00:00:26.005000,1,92.452,6005.048,8.391999999999825,False,True,False,3.0,0.0,0.0,30.933,35.514,26.005,0,0,0,0.0,92.6888,0.16452720139841343,-1.4392756819984776,0,0,92.749,92.228,-0.5210000000000008,0.33199999999999363,-0.29699999999999704,0.021333333333330984,0.0,0.07499999999999929,0.06462584622270148,0.021333333333330984,0,0,2025,Miami Grand Prix,0.0,19,0.0
LEC,28,0 days 00:01:32.228000,MEDIUM,4.0,True,0 days 01:41:37.276000,26.6,4,36.9,0 days 00:00:30.797000,0 days 00:00:35.320000,0 days 00:00:26.111000,1,92.228,6097.276,0.0,False,True,False,4.0,0.0,0.0,30.797,35.32,26.111,0,0,0,0.0,92.6322,0.19117975834275971,-2.1142405634561294,1,0,92.452,93.623,1.1710000000000065,0.03499999999999659,-0.22400000000000375,-0.1353333333333353,0.0,0.18100000000000094,0.025175384803414757,-0.1353333333333353,0,0,2025,Miami Grand Prix,0.0,19,0.0
LEC,31,0 days 00:01:33.623000,MEDIUM,7.0,True,0 days 01:47:08.693000,26.5,8,36.0,0 days 00:00:32.614000,0 days 00:00:35.343000,0 days 00:00:25.666000,1,93.623,6428.693,1.4380000000001019,False,True,False,7.0,0.0,0.0,32.614,35.343,25.666,0,0,0,0.0,92.54079999999999,0.25739988344985476,4.20435310807296,0,1,92.228,91.641,-0.5869999999999891,0.0,1.3950000000000102,-0.06300000000000239,0.0,-0.33899999999999864,0.058675378141090834,-0.06300000000000239,0,0,2025,Miami Grand Prix,0.0,19,0.0
LEC,32,0 days 00:01:31.641000,MEDIUM,8.0,True,0 days 01:48:40.334000,26.4,8,36.4,0 days 00:00:30.948000,0 days 00:00:35.003000,0 days 00:00:25.690000,1,91.641,6520.334,1.018000000000029,False,True,False,8.0,0.0,0.0,30.948,35.003,25.69,0,0,0,0.0,92.6938,0.5519317892638563,-1.9074820847050167,1,0,93.623,90.813,-2.8100000000000023,1.3950000000000102,-1.9819999999999993,0.2913333333333365,0.0,0.02400000000000091,0.20054126757353427,0.2913333333333365,0,0,2025,Miami Grand Prix,0.0,19,0.0
LEC,34,0 days 00:01:30.813000,HARD,2.0,True,0 days 01:52:11.968000,26.2,7,36.1,0 days 00:00:30.464000,0 days 00:00:34.612000,0 days 00:00:25.737000,1,90.813,6731.968,0.47699999999986176,True,False,False,2.0,0.0,0.0,30.464,34.612,25.737,0,0,0,0.0,92.5386,0.7297001438947338,-2.3648069887854293,1,1,91.641,90.461,-1.1800000000000068,0.0,-0.828000000000003,-0.2703333333333309,0.0,0.07099999999999795,0.2006070786388154,-0.2703333333333309,0,1,2025,Miami Grand Prix,0.0,19,0.0
LEC,35,0 days 00:01:30.461000,HARD,3.0,True,0 days 01:53:42.429000,26.1,7,35.9,0 days 00:00:30.054000,0 days 00:00:34.734000,0 days 00:00:25.673000,1,90.461,6822.429,0.5779999999995198,True,False,False,3.0,0.0,0.0,30.054,34.734,25.673,0,0,0,0.0,92.1514,1.0384672840296836,-1.627783586441495,1,1,90.813,90.724,-0.08899999999999864,0.0,-0.35200000000000387,-0.471666666666664,0.0,0.006999999999997897,0.19930830389123222,-0.471666666666664,0,1,2025,Miami Grand Prix,0.0,19,0.0
LEC,36,0 days 00:01:30.724000,HARD,4.0,True,0 days 01:55:13.153000,26.1,7,35.5,0 days 00:00:30.175000,0 days 00:00:34.855000,0 days 00:00:25.694000,1,90.724,6913.153,0.5769999999993161,True,False,False,4.0,0.0,0.0,30.175,34.855,25.694,0,0,0,0.0,91.75319999999999,1.2537875418108047,-0.8208727281765367,0,1,90.461,90.97,0.5090000000000003,0.0,0.26300000000000523,-1.054000000000002,0.0,0.021000000000000796,0.1953975434850699,-1.054000000000002,0,1,2025,Miami Grand Prix,0.0,19,0.0
LEC,37,0 days 00:01:30.970000,HARD,5.0,True,0 days 01:56:44.123000,26.1,7,35.7,0 days 00:00:30.202000,0 days 00:00:35.056000,0 days 00:00:25.712000,1,90.97,7004.123,0.46300000000064756,True,False,False,5.0,0.0,0.0,30.202,35.056,25.712,0,0,0,0.0,91.45240000000001,1.2912539641758995,-0.37359033418951676,0,0,90.724,92.29,1.5660000000000025,0.26300000000000523,0.2459999999999951,-0.3056666666666672,0.0,0.03900000000000148,0.16710535598836948,-0.3056666666666672,0,1,2025,Miami Grand Prix,0.0,19,0.0
LEC,38,0 days 00:01:32.290000,HARD,6.0,True,0 days 01:58:16.413000,26.2,8,36.0,0 days 00:00:30.344000,0 days 00:00:34.787000,0 days 00:00:27.159000,1,92.29,7096.413,0.9110000000000582,True,False,False,6.0,0.0,0.0,30.344,34.787,27.159,0,0,0,0.0,90.92179999999999,0.4423999321880246,3.0926767850825905,0,0,90.97,91.324,0.3539999999999992,0.5090000000000003,1.3200000000000074,0.052333333333332156,0.0,1.4860000000000007,0.024388521890429986,0.052333333333332156,0,1,2025,Miami Grand Prix,0.0,19,0.0
LEC,39,0 days 00:01:31.324000,HARD,7.0,True,0 days 01:59:47.737000,26.2,8,35.7,0 days 00:00:30.704000,0 days 00:00:34.818000,0 days 00:00:25.802000,1,91.324,7187.737,0.8720000000002983,True,False,False,7.0,0.0,0.0,30.704,34.818,25.802,0,0,0,0.0,91.0516,0.7164763080521006,0.3801940091230432,0,0,92.29,91.022,-1.2680000000000007,1.8290000000000077,-0.9660000000000082,0.6096666666666692,0.0,0.10800000000000054,0.649571551101186,0.6096666666666692,0,1,2025,Miami Grand Prix,0.0,19,0.0
LEC,40,0 days 00:01:31.022000,HARD,8.0,True,0 days 02:01:18.759000,26.2,8,35.5,0 days 00:00:30.424000,0 days 00:00:34.849000,0 days 00:00:25.749000,1,91.022,7278.759,1.4080000000003565,True,False,False,8.0,0.0,0.0,30.424,34.849,25.749,0,0,0,0.0,91.1538,0.7103521661823567,-0.1855417724821347,0,0,91.324,91.236,-0.08799999999999386,0.8629999999999995,-0.3019999999999925,0.1999999999999981,0.0,0.036999999999999034,0.6461591909119613,0.1999999999999981,0,0,2025,Miami Grand Prix,0.0,19,0.0
LEC,41,0 days 00:01:31.236000,HARD,9.0,True,0 days 02:02:49.995000,26.1,8,34.9,0 days 00:00:30.428000,0 days 00:00:35.073000,0 days 00:00:25.735000,1,91.236,7369.995,1.3820000000005166,True,False,False,9.0,0.0,0.0,30.428,35.073,25.735,0,0,0,0.0,91.26599999999999,0.6109124323501405,-0.04910687426114226,0,0,91.022,91.097,0.07499999999998863,0.2980000000000018,0.21399999999999864,0.01733333333333557,0.0,-0.013999999999999346,0.6425135796230304,0.01733333333333557,0,0,2025,Miami Grand Prix,0.0,19,0.0
LEC,42,0 days 00:01:31.097000,HARD,10.0,True,0 days 02:04:21.092000,26.1,8,34.9,0 days 00:00:30.429000,0 days 00:00:34.928000,0 days 00:00:25.740000,1,91.097,7461.092,1.4440000000004147,True,False,False,10.0,0.0,0.0,30.429,34.928,25.74,0,0,0,0.0,91.3684,0.5356218815544832,-0.506700733010276,0,0,91.236,91.258,0.02199999999999136,0.26600000000000534,-0.13900000000001,-0.351333333333334,0.0,0.004999999999999005,0.6470082688807,-0.351333333333334,0,0,2025,Miami Grand Prix,0.0,19,0.0
LEC,43,0 days 00:01:31.258000,HARD,11.0,True,0 days 02:05:52.350000,26.0,8,35.3,0 days 00:00:30.492000,0 days 00:00:35.063000,0 days 00:00:25.703000,1,91.258,7552.35,1.433999999999287,True,False,False,11.0,0.0,0.0,30.492,35.063,25.703,0,0,0,0.0,91.39380000000001,0.5146048969840503,-0.2638917756047441,0,0,91.097,91.057,-0.03999999999999204,0.07499999999998863,0.16100000000000136,-0.07566666666666795,0.0,-0.03200000000000003,0.6510132871147873,-0.07566666666666795,0,0,2025,Miami Grand Prix,0.0,19,0.0
LEC,44,0 days 00:01:31.057000,HARD,12.0,True,0 days 02:07:23.407000,26.0,8,35.6,0 days 00:00:30.566000,0 days 00:00:34.880000,0 days 00:00:25.611000,1,91.057,7643.407,1.5339999999996508,True,False,False,12.0,0.0,0.0,30.566,34.88,25.611,0,0,0,0.0,91.1874,0.12403144762500168,-1.051346271425031,0,0,91.258,91.167,-0.09099999999999397,0.23599999999999,-0.2009999999999934,0.07866666666666333,0.0,-0.09199999999999875,0.05503362608442251,0.07866666666666333,0,0,2025,Miami Grand Prix,0.0,19,0.0
LEC,45,0 days 00:01:31.167000,HARD,13.0,True,0 days 02:08:54.574000,26.0,8,35.7,0 days 00:00:30.720000,0 days 00:00:34.900000,0 days 00:00:25.547000,1,91.167,7734.574,1.6550000000006548,True,False,False,13.0,0.0,0.0,30.72,34.9,25.547,0,0,0,0.0,91.13399999999999,0.1067965355241065,0.3089987876298345,0,0,91.057,91.334,0.277000000000001,0.03499999999999659,0.10999999999999943,-0.059666666666667346,0.0,-0.06400000000000006,0.04804893339086659,-0.059666666666667346,0,0,2025,Miami Grand Prix,0.0,19,0.0
LEC,46,0 days 00:01:31.334000,HARD,14.0,True,0 days 02:10:25.908000,26.0,8,35.4,0 days 00:00:30.697000,0 days 00:00:34.905000,0 days 00:00:25.732000,1,91.334,7825.908,1.3589999999994689,True,False,False,14.0,0.0,0.0,30.697,34.905,25.732,0,0,0,0.0,91.163,0.08654767472297133,1.9757896505868802,0,0,91.167,90.984,-0.18300000000000693,0.10999999999999943,0.1670000000000016,0.023333333333335798,0.0,0.18499999999999872,0.03886901079266066,0.023333333333335798,0,0,2025,Miami Grand Prix,0.0,19,0.0
LEC,47,0 days 00:01:30.984000,HARD,15.0,True,0 days 02:11:56.892000,26.0,8,35.3,0 days 00:00:30.639000,0 days 00:00:34.811000,0 days 00:00:25.534000,1,90.984,7916.892,1.5030000000006112,True,False,False,15.0,0.0,0.0,30.639,34.811,25.534,0,0,0,0.0,91.18260000000001,0.11396622306611043,-1.7426215825789695,1,0,91.334,90.888,-0.44599999999999795,0.277000000000001,-0.3500000000000085,0.025333333333335872,0.0,-0.013000000000001677,0.1093540122720691,0.025333333333335872,0,0,2025,Miami Grand Prix,0.0,19,0.0
LEC,48,0 days 00:01:30.888000,HARD,16.0,True,0 days 02:13:27.780000,26.0,8,35.3,0 days 00:00:30.521000,0 days 00:00:34.863000,0 days 00:00:25.504000,1,90.888,8007.78,1.548000000000684,True,False,False,16.0,0.0,0.0,30.521,34.863,25.504,0,0,0,0.0,91.16,0.14275328367485562,-1.9053852422723716,1,1,90.984,90.849,-0.1349999999999909,0.0,-0.09599999999998943,-0.024333333333335833,0.0,-0.029999999999997584,0.10946095194177625,-0.024333333333335833,0,0,2025,Miami Grand Prix,0.0,19,0.0
LEC,49,0 days 00:01:30.849000,HARD,17.0,True,0 days 02:14:58.629000,26.0,8,35.0,0 days 00:00:30.590000,0 days 00:00:34.693000,0 days 00:00:25.566000,1,90.849,8098.629,1.5479999999997744,True,False,False,17.0,0.0,0.0,30.59,34.693,25.566,0,0,0,0.0,91.086,0.17212931185579755,-1.3768718264472182,0,1,90.888,90.828,-0.060000000000002274,0.0,-0.03900000000000148,-0.09299999999999879,0.0,0.06199999999999761,0.109332977641697,-0.09299999999999879,0,0,2025,Miami Grand Prix,0.0,19,0.0
LEC,50,0 days 00:01:30.828000,HARD,18.0,True,0 days 02:16:29.457000,26.0,8,35.1,0 days 00:00:30.526000,0 days 00:00:34.723000,0 days 00:00:25.579000,1,90.828,8189.457,1.699999999999818,True,False,False,18.0,0.0,0.0,30.526,34.723,25.579,0,0,0,0.0,91.04440000000001,0.2032173713045919,-1.0648695955999579,0,0,90.849,90.557,-0.2920000000000016,0.0,-0.021000000000000796,-0.1616666666666665,0.0,0.07499999999999929,0.09913879160046205,-0.1616666666666665,0,0,2025,Miami Grand Prix,0.0,19,0.0
LEC,51,0 days 00:01:30.557000,HARD,19.0,True,0 days 02:18:00.014000,26.0,8,34.9,0 days 00:00:30.401000,0 days 00:00:34.687000,0 days 00:00:25.469000,1,90.557,8280.014,1.956000000000131,True,False,False,19.0,0.0,0.0,30.401,34.687,25.469,0,0,0,0.0,90.9766,0.2085684539903971,-2.0118095137211967,1,0,90.828,90.975,0.14699999999999136,0.0,-0.2710000000000008,-0.051999999999997236,0.0,-0.03500000000000014,0.08543242943987883,-0.051999999999997236,0,0,2025,Miami Grand Prix,0.0,19,0.0
LEC,52,0 days 00:01:30.975000,HARD,20.0,True,0 days 02:19:30.989000,25.9,7,34.9,0 days 00:00:30.591000,0 days 00:00:34.634000,0 days 00:00:25.750000,1,90.975,8370.989,0.6180000000003929,True,False,False,20.0,0.0,0.0,30.591,34.634,25.75,0,0,0,0.0,90.8212,0.15936342114780785,0.9650897231764489,0,1,90.557,90.551,-0.006000000000000227,0.0,0.41799999999999216,-0.11033333333333435,0.0,0.2809999999999988,0.05259942965470166,-0.11033333333333435,0,1,2025,Miami Grand Prix,0.0,19,0.0
LEC,53,0 days 00:01:30.551000,HARD,21.0,True,0 days 02:21:01.540000,26.0,7,34.8,0 days 00:00:30.220000,0 days 00:00:34.669000,0 days 00:00:25.662000,1,90.551,8461.54,0.8459999999995489,True,False,False,21.0,0.0,0.0,30.22,34.669,25.662,0,0,0,0.0,90.8194,0.157099649903918,-1.70846975256885,1,0,90.975,90.496,-0.4789999999999992,0.41799999999999216,-0.4239999999999924,0.04199999999999685,0.0,0.19299999999999784,0.1280948867051288,0.04199999999999685,0,1,2025,Miami Grand Prix,0.0,19,0.0
LEC,54,0 days 00:01:30.496000,HARD,22.0,True,0 days 02:22:32.036000,25.9,7,34.9,0 days 00:00:30.082000,0 days 00:00:34.705000,0 days 00:00:25.709000,1,90.496,8552.036,1.3430000000007567,True,False,False,22.0,0.0,0.0,30.082,34.705,25.709,0,0,0,0.0,90.752,0.18930134706316198,-1.3523411426891943,0,1,90.551,90.601,0.04999999999999716,0.0,-0.05500000000000682,-0.09233333333333367,0.0,0.23999999999999844,0.1230333288178448,-0.09233333333333367,0,0,2025,Miami Grand Prix,0.0,19,0.0
LEC,55,0 days 00:01:30.601000,HARD,23.0,True,0 days 02:24:02.637000,25.9,7,34.9,0 days 00:00:30.247000,0 days 00:00:34.695000,0 days 00:00:25.659000,1,90.601,8642.637,1.7409999999999854,True,False,False,23.0,0.0,0.0,30.247,34.695,25.659,0,0,0,0.0,90.6814,0.20889303482864663,-0.38488597796450646,0,0,90.496,90.707,0.21099999999999852,0.0,0.10500000000000398,-0.020333333333335684,0.0,-0.0030000000000001137,0.12938006028751053,-0.020333333333335684,0,0,2025,Miami Grand Prix,0.0,19,0.0
LEC,56,0 days 00:01:30.707000,HARD,24.0,True,0 days 02:25:33.344000,26.0,7,34.9,0 days 00:00:30.247000,0 days 00:00:34.852000,0 days 00:00:25.608000,1,90.707,8733.344,2.059000000001106,True,False,False,24.0,0.0,0.0,30.247,34.852,25.608,0,0,0,0.0,90.636,0.19313984570750356,0.3676092819682706,0,0,90.601,90.867,0.26600000000000534,0.10500000000000398,0.10599999999999454,-0.12466666666666508,0.0,-0.05099999999999838,0.14461051137451872,-0.12466666666666508,0,0,2025,Miami Grand Prix,0.0,19,0.0
NOR,4,0 days 00:01:32.128000,nan,,True,0 days 01:04:24.080000,26.5,5,38.6,0 days 00:00:31.467000,0 days 00:00:34.674000,0 days 00:00:25.987000,1,92.128,3864.08,0.5489999999999782,False,False,True,0.0,0.0,0.0,31.467,34.674,25.987,0,0,0,0.0,90.64439999999999,0.14671332591118,10.11223752706812,0,0,92.128,92.639,0.5109999999999957,1.632000000000005,0.0,0.12366666666666977,0.0,0.3789999999999978,0.1242324434276316,0.0,0,1,2025,Miami Grand Prix,0.0,19,0.0
NOR,5,0 days 00:01:32.639000,nan,,True,0 days 01:05:56.719000,26.4,5,38.4,0 days 00:00:31.302000,0 days 00:00:35.441000,0 days 00:00:25.896000,1,92.639,3956.719,0.7959999999998217,False,False,True,0.0,0.0,0.0,31.302,35.441,25.896,0,0,0,0.0,,,0.0,0,0,92.128,92.634,0.5060000000000002,0.0,0.5109999999999957,0.0,0.0,0.0,0.0,0.0,0,1,2025,Miami Grand Prix,0.0,19,0.0
NOR,6,0 days 00:01:32.634000,nan,,True,0 days 01:07:29.353000,26.5,5,38.5,0 days 00:00:31.301000,0 days 00:00:35.455000,0 days 00:00:25.878000,1,92.634,4049.353,1.4789999999998145,False,False,True,0.0,0.0,0.0,31.301,35.455,25.878,0,0,0,0.0,,,0.0,0,0,92.639,93.008,0.3689999999999998,0.0,-0.0049999999999954525,0.25549999999999784,0.0,-0.018000000000000682,0.0,0.0,0,0,2025,Miami Grand Prix,0.0,19,0.0
NOR,7,0 days 00:01:33.008000,nan,,True,0 days 01:09:02.361000,26.6,4,38.9,0 days 00:00:31.715000,0 days 00:00:35.213000,0 days 00:00:26.080000,1,93.008,4142.361,1.149000000000342,False,False,True,0.0,0.0,0.0,31.715,35.213,26.08,0,0,0,0.0,92.467,0.2935932560533353,1.8426853779697059,0,0,92.634,92.427,-0.20699999999999363,0.5060000000000002,0.3739999999999952,0.16866666666666674,0.0,0.20199999999999818,0.22419262551059269,0.2530000000000001,0,0,2025,Miami Grand Prix,0.0,19,0.0
NOR,8,0 days 00:01:32.427000,nan,,True,0 days 01:10:34.788000,26.6,4,38.9,0 days 00:00:31.408000,0 days 00:00:35.162000,0 days 00:00:25.857000,1,92.427,4234.788,1.8580000000001746,False,False,True,0.0,0.0,0.0,31.408,35.162,25.857,0,0,0,0.0,92.60225,0.36143452611318877,-0.4848734344352842,0,0,93.008,92.146,-0.8619999999999948,0.8799999999999955,-0.5809999999999889,0.29333333333333184,0.0,-0.021000000000000796,0.1875515484695687,0.29333333333333184,0,0,2025,Miami Grand Prix,0.0,19,0.0
NOR,9,0 days 00:01:32.146000,nan,,True,0 days 01:12:06.934000,26.7,3,39.0,0 days 00:00:31.498000,0 days 00:00:34.681000,0 days 00:00:25.967000,1,92.146,4326.934,1.100999999999658,False,False,True,0.0,0.0,0.0,31.498,34.681,25.967,0,0,0,0.0,92.5672,0.3226742939869837,-1.3053410446665132,0,0,92.427,91.901,-0.5260000000000105,0.2990000000000066,-0.2810000000000059,-0.07066666666666303,0.0,0.10999999999999943,0.17780410568937857,-0.07066666666666303,0,0,2025,Miami Grand Prix,0.0,19,0.0
NOR,10,0 days 00:01:31.901000,nan,,True,0 days 01:13:38.835000,26.7,3,38.9,0 days 00:00:30.998000,0 days 00:00:34.894000,0 days 00:00:26.009000,1,91.901,4418.835,2.2039999999997235,False,False,True,0.0,0.0,0.0,30.998,34.894,26.009,0,0,0,0.0,92.5708,0.31659232460689435,-2.1156545751122837,1,0,92.146,91.7,-0.44599999999999795,0.0,-0.24500000000000455,-0.16266666666666652,0.0,0.15200000000000102,0.09844186101450897,-0.16266666666666652,0,0,2025,Miami Grand Prix,0.0,19,0.0
NOR,11,0 days 00:01:31.700000,nan,,True,0 days 01:15:10.535000,26.6,3,38.5,0 days 00:00:30.997000,0 days 00:00:34.809000,0 days 00:00:25.894000,1,91.7,4510.535,3.293999999999869,False,False,True,0.0,0.0,0.0,30.997,34.809,25.894,0,0,0,0.0,92.4232,0.4289448682523156,-1.6859975570906887,1,1,91.901,91.905,0.0040000000000048885,0.0,-0.2009999999999934,-0.3689999999999998,0.0,0.036999999999999034,0.1008067458060223,-0.3689999999999998,0,0,2025,Miami Grand Prix,0.0,19,0.0
NOR,12,0 days 00:01:31.905000,nan,,True,0 days 01:16:42.440000,26.6,3,38.4,0 days 00:00:31.123000,0 days 00:00:34.890000,0 days 00:00:25.892000,1,91.905,4602.44,4.1140000000004875,False,False,True,0.0,0.0,0.0,31.123,34.89,25.892,0,0,0,0.0,92.2364,0.5099228372999114,-0.6499022513970855,0,1,91.7,91.745,0.045000000000001705,0.0,0.2049999999999983,-0.24233333333333462,0.0,-0.0019999999999988916,0.0890758104088871,-0.24233333333333462,0,0,2025,Miami Grand Prix,0.0,19,0.0
NOR,13,0 days 00:01:31.745000,nan,,True,0 days 01:18:14.185000,26.7,3,38.2,0 days 00:00:30.993000,0 days 00:00:34.798000,0 days 00:00:25.954000,1,91.745,4694.185,5.113999999999578,False,False,True,0.0,0.0,0.0,30.993,34.798,25.954,0,0,0,0.0,92.0158,0.27893673117750173,-0.9708294739701034,0,0,91.905,92.333,0.42799999999999727,0.2049999999999983,-0.1599999999999966,-0.08033333333333322,0.0,0.062000000000001165,0.0737949862795572,-0.08033333333333322,0,0,2025,Miami Grand Prix,0.0,19,0.0
NOR,14,0 days 00:01:32.333000,nan,,True,0 days 01:19:46.518000,26.6,3,38.1,0 days 00:00:31.426000,0 days 00:00:35.060000,0 days 00:00:25.847000,1,92.333,4786.518,5.472999999999956,False,False,True,0.0,0.0,0.0,31.426,35.06,25.847,0,0,0,0.0,91.8794,0.1749608527642327,2.5925799562216354,0,0,91.745,93.943,2.1979999999999933,0.045000000000001705,0.5879999999999939,-0.051999999999997236,0.0,-0.04499999999999815,0.06050785073029776,-0.051999999999997236,0,0,2025,Miami Grand Prix,0.0,19,0.0
NOR,15,0 days 00:01:33.943000,nan,,True,0 days 01:21:20.461000,26.5,3,37.6,0 days 00:00:32.749000,0 days 00:00:35.196000,0 days 00:00:25.998000,1,93.943,4880.461,4.431999999999789,False,False,True,0.0,0.0,0.0,32.749,35.196,25.998,0,0,0,0.0,91.9168,0.25006439170738776,8.10271300989929,0,0,92.333,93.099,0.7660000000000053,0.6329999999999956,1.6099999999999994,0.21099999999999852,0.0,0.1509999999999998,0.07420040431156669,0.21099999999999852,0,0,2025,Miami Grand Prix,0.0,19,0.0
NOR,16,0 days 00:01:33.099000,nan,,True,0 days 01:22:53.560000,26.6,3,37.7,0 days 00:00:31.708000,0 days 00:00:35.511000,0 days 00:00:25.880000,1,93.099,4973.56,4.210999999999331,False,False,True,0.0,0.0,0.0,31.708,35.511,25.88,0,0,0,0.0,92.32520000000001,0.9382713893112025,0.8247080842655249,0,0,93.943,94.855,0.9120000000000061,2.242999999999995,-0.8439999999999941,0.6793333333333322,0.0,0.0329999999999977,0.07382614712959018,0.6793333333333322,0,0,2025,Miami Grand Prix,0.0,19,0.0
NOR,17,0 days 00:01:34.855000,nan,,True,0 days 01:24:28.415000,26.5,3,37.6,0 days 00:00:31.598000,0 days 00:00:36.295000,0 days 00:00:26.962000,1,94.855,5068.415,2.0900000000001455,False,False,True,0.0,0.0,0.0,31.598,36.295,26.962,0,0,0,0.0,92.605,0.9134911055943404,2.463078169257152,0,0,93.099,92.384,-0.7150000000000034,1.3539999999999992,1.7560000000000002,0.4513333333333331,0.0,1.1149999999999984,0.07389654931050504,0.4513333333333331,0,0,2025,Miami Grand Prix,0.0,19,0.0
NOR,18,0 days 00:01:32.384000,nan,,True,0 days 01:26:00.799000,26.8,2,37.8,0 days 00:00:31.526000,0 days 00:00:34.842000,0 days 00:00:26.016000,1,92.384,5160.799,0.6480000000001382,False,False,True,0.0,0.0,0.0,31.526,34.842,26.016,0,0,0,0.0,93.19500000000001,1.2419605468773833,-0.6529998090833683,0,0,94.855,92.038,-2.8170000000000073,3.1099999999999994,-2.4710000000000036,0.8406666666666686,0.0,0.13599999999999923,0.4813036463605893,0.8406666666666686,0,1,2025,Miami Grand Prix,0.0,19,0.0
NOR,19,0 days 00:01:32.038000,nan,,True,0 days 01:27:32.837000,26.8,2,38.0,0 days 00:00:30.930000,0 days 00:00:35.115000,0 days 00:00:25.993000,1,92.038,5252.837,1.433999999999287,False,False,True,0.0,0.0,0.0,30.93,35.115,25.993,0,0,0,0.0,93.3228,1.0774299049125975,-1.1924673652939202,0,0,92.384,91.884,-0.5,0.05100000000000193,-0.34600000000000364,-0.5196666666666658,0.0,0.11299999999999955,0.47466198499563816,-0.5196666666666658,0,0,2025,Miami Grand Prix,0.0,19,0.0
NOR,20,0 days 00:01:31.884000,nan,,True,0 days 01:29:04.721000,26.6,2,37.6,0 days 00:00:30.767000,0 days 00:00:35.153000,0 days 00:00:25.964000,1,91.884,5344.721,2.834000000000742,False,False,True,0.0,0.0,0.0,30.767,35.153,25.964,0,0,0,0.0,93.2638,1.1507630946463183,-1.1990304576321837,0,0,92.038,91.555,-0.4829999999999899,0.0,-0.15399999999999636,-0.353666666666669,0.0,-0.028999999999999915,0.4525260213512587,-0.353666666666669,0,0,2025,Miami Grand Prix,0.0,19,0.0
NOR,21,0 days 00:01:31.555000,nan,,True,0 days 01:30:36.276000,26.5,2,37.6,0 days 00:00:30.708000,0 days 00:00:34.940000,0 days 00:00:25.907000,1,91.555,5436.276,3.9719999999997526,False,False,True,0.0,0.0,0.0,30.708,34.94,25.907,0,0,0,0.0,92.852,1.213637301667997,-1.0686883125769355,0,0,91.884,91.537,-0.3469999999999942,0.0,-0.3289999999999935,-0.9903333333333345,0.0,-0.05699999999999861,0.47490399029698593,-0.9903333333333345,0,0,2025,Miami Grand Prix,0.0,19,0.0
NOR,22,0 days 00:01:31.537000,nan,,True,0 days 01:32:07.813000,26.7,2,37.8,0 days 00:00:30.621000,0 days 00:00:35.008000,0 days 00:00:25.908000,1,91.537,5527.813,4.907000000000153,False,False,True,0.0,0.0,0.0,30.621,35.008,25.908,0,0,0,0.0,92.5432,1.3262800232228384,-0.7586633157264507,0,0,91.555,91.478,-0.07700000000001239,0.0,-0.018000000000000682,-0.27633333333333115,0.0,0.0010000000000012221,0.48783275822765243,-0.27633333333333115,0,0,2025,Miami Grand Prix,0.0,19,0.0
NOR,23,0 days 00:01:31.478000,nan,,True,0 days 01:33:39.291000,26.8,2,37.8,0 days 00:00:30.660000,0 days 00:00:34.957000,0 days 00:00:25.861000,1,91.478,5619.291,6.0649999999996,False,False,True,0.0,0.0,0.0,30.66,34.957,25.861,0,0,0,0.0,91.87960000000001,0.354354765736209,-1.1333274978414647,0,0,91.537,91.312,-0.22500000000000853,0.0,-0.05900000000001171,-0.16699999999999685,0.0,-0.045999999999999375,0.0865690475863047,-0.16699999999999685,0,0,2025,Miami Grand Prix,0.0,19,0.0
NOR,24,0 days 00:01:31.312000,nan,,True,0 days 01:35:10.603000,26.8,2,37.7,0 days 00:00:30.531000,0 days 00:00:34.988000,0 days 00:00:25.793000,1,91.312,5710.603,7.193000000000211,False,False,True,0.0,0.0,0.0,30.531,34.988,25.793,0,0,0,0.0,91.69839999999999,0.24746979613674974,-1.561402668253193,1,0,91.478,91.453,-0.024999999999991473,0.0,-0.16599999999999682,-0.1353333333333353,0.0,-0.06800000000000139,0.06875899941098584,-0.1353333333333353,0,0,2025,Miami Grand Prix,0.0,19,0.0
NOR,25,0 days 00:01:31.453000,MEDIUM,1.0,True,0 days 01:36:42.056000,26.8,2,37.7,0 days 00:00:30.409000,0 days 00:00:35.202000,0 days 00:00:25.842000,1,91.453,5802.056,8.26300000000083,False,True,False,1.0,0.0,0.0,30.409,35.202,25.842,0,0,0,0.0,91.5532,0.20828274052347645,-0.48107682733657414,0,1,91.312,91.277,-0.03499999999999659,0.0,0.14100000000000534,-0.08100000000000307,0.0,0.04899999999999949,0.026975915183734853,-0.08100000000000307,0,0,2025,Miami Grand Prix,0.0,19,0.0
NOR,26,0 days 00:01:31.277000,MEDIUM,2.0,True,0 days 01:38:13.333000,26.7,2,37.3,0 days 00:00:30.424000,0 days 00:00:35.018000,0 days 00:00:25.835000,1,91.277,5893.333,12.279000000000451,False,True,False,2.0,0.0,0.0,30.424,35.018,25.835,0,0,0,0.0,91.46700000000001,0.0961587229531102,-1.9758997849073088,1,0,91.453,91.612,0.15899999999999181,0.14100000000000534,-0.17600000000000193,-0.028000000000001062,0.0,0.04200000000000159,0.04863846214674168,-0.028000000000001062,0,0,2025,Miami Grand Prix,0.0,19,0.0
NOR,27,0 days 00:01:31.612000,MEDIUM,3.0,True,0 days 01:39:44.945000,26.6,2,37.2,0 days 00:00:30.527000,0 days 00:00:35.160000,0 days 00:00:25.925000,1,91.612,5984.945,12.831000000000131,False,True,False,3.0,0.0,0.0,30.527,35.16,25.925,0,0,0,0.0,91.4114,0.11167497481519645,1.796284264509162,0,1,91.277,91.786,0.5090000000000003,0.0,0.33499999999999375,-0.0669999999999978,0.0,0.13200000000000145,0.05198365127614724,-0.0669999999999978,0,0,2025,Miami Grand Prix,0.0,19,0.0
NOR,28,0 days 00:01:31.786000,MEDIUM,4.0,True,0 days 01:41:16.731000,26.6,2,36.9,0 days 00:00:30.527000,0 days 00:00:35.061000,0 days 00:00:26.198000,1,91.786,6076.731,13.436000000000604,False,True,False,4.0,0.0,0.0,30.527,35.061,26.198,0,0,0,0.0,91.42639999999999,0.1353007760508901,2.6577822426144824,0,0,91.612,90.375,-1.2369999999999948,0.33499999999999375,0.1740000000000066,0.09999999999999905,0.0,0.36299999999999955,0.08054936374671223,0.09999999999999905,0,0,2025,Miami Grand Prix,0.0,19,0.0
NOR,31,0 days 00:01:30.375000,MEDIUM,7.0,True,0 days 01:46:38.281000,26.5,2,36.0,0 days 00:00:30.722000,0 days 00:00:34.124000,0 days 00:00:25.529000,1,90.375,6398.281,16.43000000000029,False,True,False,7.0,0.0,0.0,30.722,34.124,25.529,0,0,0,0.0,91.488,0.21266287875407278,-5.233635538655023,1,0,91.786,90.414,-1.3719999999999999,0.5090000000000003,-1.4110000000000014,0.11099999999999947,0.0,-0.30600000000000094,0.16149086661480294,0.11099999999999947,0,0,2025,Miami Grand Prix,0.0,19,0.0
NOR,32,0 days 00:01:30.414000,MEDIUM,8.0,True,0 days 01:48:08.695000,26.4,2,36.4,0 days 00:00:30.353000,0 days 00:00:34.422000,0 days 00:00:25.639000,1,90.414,6488.695,17.22400000000016,False,True,False,8.0,0.0,0.0,30.353,34.422,25.639,0,0,0,0.0,91.3006,0.550704367151727,-1.6099382043864023,1,1,90.375,89.834,-0.5409999999999968,0.0,0.03900000000000148,-0.300666666666667,0.0,0.10999999999999943,0.24047557048482113,-0.300666666666667,0,0,2025,Miami Grand Prix,0.0,19,0.0
NOR,35,0 days 00:01:29.834000,HARD,3.0,True,0 days 01:53:07.066000,26.1,2,35.9,0 days 00:00:29.833000,0 days 00:00:34.527000,0 days 00:00:25.474000,1,89.834,6787.066,19.19800000000032,True,False,False,3.0,0.0,0.0,29.833,34.527,25.474,0,0,0,0.0,91.09279999999998,0.6633307621390724,-1.8976957980068205,1,1,90.414,89.746,-0.6680000000000064,0.03900000000000148,-0.5799999999999983,-0.3993333333333311,0.0,-0.054999999999999716,0.24157648892224623,-0.3993333333333311,0,0,2025,Miami Grand Prix,0.0,19,0.0
NOR,36,0 days 00:01:29.746000,HARD,4.0,True,0 days 01:54:36.812000,26.1,2,35.8,0 days 00:00:29.908000,0 days 00:00:34.344000,0 days 00:00:25.494000,1,89.746,6876.812,20.570999999999913,True,False,False,4.0,0.0,0.0,29.908,34.344,25.494,0,0,0,0.0,90.8042,0.8506216550265032,-1.2440313431322514,0,1,89.834,89.975,0.14099999999999113,0.0,-0.08800000000000807,-0.6506666666666661,0.0,0.019999999999999574,0.2480155237076908,-0.6506666666666661,0,0,2025,Miami Grand Prix,0.0,19,0.0
NOR,37,0 days 00:01:29.975000,HARD,5.0,True,0 days 01:56:06.787000,26.1,2,35.7,0 days 00:00:30.045000,0 days 00:00:34.320000,0 days 00:00:25.610000,1,89.975,6966.787,21.792999999999665,True,False,False,5.0,0.0,0.0,30.045,34.32,25.61,0,0,0,0.0,90.43100000000001,0.8162542496061322,-0.5586494651881461,0,0,89.746,90.196,0.45000000000000284,0.0,0.2289999999999992,-0.2096666666666683,0.0,0.13599999999999923,0.2436417451915826,-0.2096666666666683,0,0,2025,Miami Grand Prix,0.0,19,0.0
NOR,38,0 days 00:01:30.196000,HARD,6.0,True,0 days 01:57:36.983000,26.1,2,36.0,0 days 00:00:29.989000,0 days 00:00:34.596000,0 days 00:00:25.611000,1,90.196,7056.983,22.45600000000013,True,False,False,6.0,0.0,0.0,29.989,34.596,25.611,0,0,0,0.0,90.0688,0.3086465616204161,0.41212187601311046,0,0,89.975,90.168,0.19300000000001205,0.2289999999999992,0.22100000000000364,-0.14633333333333573,0.0,0.13700000000000045,0.1773781271746887,-0.14633333333333573,0,0,2025,Miami Grand Prix,0.0,19,0.0
NOR,39,0 days 00:01:30.168000,HARD,7.0,True,0 days 01:59:07.151000,26.2,2,35.7,0 days 00:00:29.982000,0 days 00:00:34.556000,0 days 00:00:25.630000,1,90.168,7147.151,23.288000000000466,True,False,False,7.0,0.0,0.0,29.982,34.556,25.63,0,0,0,0.0,90.033,0.2725178893212495,0.4953803228707105,0,0,90.196,90.117,-0.07899999999999352,0.45000000000000284,-0.027999999999991587,0.12066666666666492,0.0,0.13599999999999923,0.0845121293069817,0.12066666666666492,0,0,2025,Miami Grand Prix,0.0,19,0.0
NOR,40,0 days 00:01:30.117000,HARD,8.0,True,0 days 02:00:37.268000,26.2,2,35.7,0 days 00:00:30.015000,0 days 00:00:34.469000,0 days 00:00:25.633000,1,90.117,7237.268,24.073999999999614,True,False,False,8.0,0.0,0.0,30.015,34.469,25.633,0,0,0,0.0,89.9838,0.1987616663245524,0.6701493424919452,0,0,90.168,90.168,0.0,0.42200000000001125,-0.05100000000000193,0.1406666666666704,0.0,0.022999999999999687,0.0883328930806638,0.1406666666666704,0,0,2025,Miami Grand Prix,0.0,19,0.0
NOR,41,0 days 00:01:30.168000,HARD,9.0,True,0 days 02:02:07.436000,26.2,2,35.1,0 days 00:00:29.987000,0 days 00:00:34.617000,0 days 00:00:25.564000,1,90.168,7327.436,24.753999999999905,True,False,False,9.0,0.0,0.0,29.987,34.617,25.564,0,0,0,0.0,90.0404,0.18527628018747785,0.6887012189087822,0,0,90.117,90.163,0.04599999999999227,0.3710000000000093,0.05100000000000193,0.047333333333336704,0.0,-0.0470000000000006,0.0629070743239584,0.047333333333336704,0,0,2025,Miami Grand Prix,0.0,19,0.0
NOR,42,0 days 00:01:30.163000,HARD,10.0,True,0 days 02:03:37.599000,26.1,2,34.9,0 days 00:00:29.916000,0 days 00:00:34.630000,0 days 00:00:25.617000,1,90.163,7417.599,25.34599999999955,True,False,False,10.0,0.0,0.0,29.916,34.63,25.617,0,0,0,0.0,90.12480000000001,0.08846298661078877,0.43181901791376254,0,0,90.168,90.144,-0.02400000000000091,0.19300000000001205,-0.005000000000009663,-0.009333333333330529,0.0,0.053000000000000824,0.08493232600135261,-0.009333333333330529,0,0,2025,Miami Grand Prix,0.0,19,0.0
NOR,43,0 days 00:01:30.144000,HARD,11.0,True,0 days 02:05:07.743000,26.0,2,35.2,0 days 00:00:29.926000,0 days 00:00:34.583000,0 days 00:00:25.635000,1,90.144,7507.743,26.161999999999352,True,False,False,11.0,0.0,0.0,29.926,34.583,25.635,0,0,0,0.0,90.1624,0.028518415104924928,-0.6451971448028401,0,0,90.163,90.024,-0.1389999999999958,0.04599999999999227,-0.018999999999991246,-0.0016666666666698877,0.0,0.0710000000000015,0.07837601673981683,-0.0016666666666698877,0,0,2025,Miami Grand Prix,0.0,19,0.0
NOR,44,0 days 00:01:30.024000,HARD,12.0,True,0 days 02:06:37.767000,26.0,2,35.3,0 days 00:00:29.850000,0 days 00:00:34.530000,0 days 00:00:25.644000,1,90.024,7597.767,26.932999999999993,True,False,False,12.0,0.0,0.0,29.85,34.53,25.644,0,0,0,0.0,90.152,0.02192031021901051,-5.839333418237458,1,0,90.144,90.095,-0.049000000000006594,0.027000000000001023,-0.12000000000000455,0.009000000000000341,0.0,0.0799999999999983,0.06697910121821612,0.009000000000000341,0,0,2025,Miami Grand Prix,0.0,19,0.0
NOR,45,0 days 00:01:30.095000,HARD,13.0,True,0 days 02:08:07.862000,26.0,2,35.8,0 days 00:00:29.876000,0 days 00:00:34.646000,0 days 00:00:25.573000,1,90.095,7687.862,27.675000000000182,True,False,False,13.0,0.0,0.0,29.876,34.646,25.573,0,0,0,0.0,90.1232,0.05895506763713874,-0.4783303815978262,0,1,90.024,89.982,-0.04200000000000159,0.0,0.07099999999999795,-0.04800000000000182,0.0,-0.04400000000000048,0.05125426811495843,-0.04800000000000182,0,0,2025,Miami Grand Prix,0.0,19,0.0
NOR,46,0 days 00:01:29.982000,HARD,14.0,True,0 days 02:09:37.844000,26.0,2,35.7,0 days 00:00:29.969000,0 days 00:00:34.472000,0 days 00:00:25.541000,1,89.982,7777.844,28.47099999999955,True,False,False,14.0,0.0,0.0,29.969,34.472,25.541,0,0,0,0.0,90.11880000000001,0.06033821343145566,-2.267219929463326,1,0,90.095,90.055,-0.03999999999999204,0.07099999999999795,-0.11299999999999955,-0.022666666666665947,0.0,-0.03200000000000003,0.06293091450153937,-0.022666666666665947,0,0,2025,Miami Grand Prix,0.0,19,0.0
NOR,47,0 days 00:01:30.055000,HARD,15.0,True,0 days 02:11:07.899000,26.1,2,35.3,0 days 00:00:30.028000,0 days 00:00:34.432000,0 days 00:00:25.595000,1,90.055,7867.899,29.295000000000073,True,False,False,15.0,0.0,0.0,30.028,34.432,25.595,0,0,0,0.0,90.08160000000001,0.0773582574784473,-0.34385469459951257,0,1,89.982,90.11,0.1280000000000001,0.0,0.0730000000000075,-0.054000000000002046,0.0,0.053999999999998494,0.05901948830682996,-0.054000000000002046,0,0,2025,Miami Grand Prix,0.0,19,0.0
NOR,48,0 days 00:01:30.110000,HARD,16.0,True,0 days 02:12:38.009000,26.0,2,35.3,0 days 00:00:30.052000,0 days 00:00:34.571000,0 days 00:00:25.487000,1,90.11,7958.009,30.006000000000313,True,False,False,16.0,0.0,0.0,30.052,34.571,25.487,0,0,0,0.0,90.06,0.06262188116068657,0.7984429575294633,0,0,90.055,90.211,0.1559999999999917,0.0730000000000075,0.05499999999999261,0.010333333333335304,0.0,-0.054000000000002046,0.05913712877710589,0.010333333333335304,0,0,2025,Miami Grand Prix,0.0,19,0.0
NOR,49,0 days 00:01:30.211000,HARD,17.0,True,0 days 02:14:08.220000,26.1,2,35.0,0 days 00:00:30.120000,0 days 00:00:34.554000,0 days 00:00:25.537000,1,90.211,8048.22,30.73700000000008,True,False,False,17.0,0.0,0.0,30.12,34.554,25.537,0,0,0,0.0,90.0532,0.052198658987596666,3.0230661679927584,0,0,90.11,89.791,-0.3190000000000026,0.1280000000000001,0.10099999999999909,0.005000000000000189,0.0,0.05000000000000071,0.06162142484558419,0.005000000000000189,0,0,2025,Miami Grand Prix,0.0,19,0.0
NOR,50,0 days 00:01:29.791000,HARD,18.0,True,0 days 02:15:38.011000,26.0,2,35.0,0 days 00:00:29.860000,0 days 00:00:34.379000,0 days 00:00:25.552000,1,89.791,8138.011,31.69799999999941,True,False,False,18.0,0.0,0.0,29.86,34.379,25.552,0,0,0,0.0,90.09060000000001,0.08359605253897964,-3.5839012836199786,1,0,90.211,89.9,-0.31099999999999284,0.2289999999999992,-0.4200000000000017,0.07633333333333307,0.0,0.06500000000000128,0.052812877217588275,0.07633333333333307,0,0,2025,Miami Grand Prix,0.0,19,0.0
NOR,51,0 days 00:01:29.900000,HARD,19.0,True,0 days 02:17:07.911000,26.0,2,35.0,0 days 00:00:29.849000,0 days 00:00:34.517000,0 days 00:00:25.534000,1,89.9,8227.911,32.4419999999991,True,False,False,19.0,0.0,0.0,29.849,34.517,25.534,0,0,0,0.0,90.0298,0.15748872975583286,-0.8241859604889057,0,1,89.791,90.398,0.6069999999999993,0.0,0.10900000000000887,-0.08800000000000334,0.0,0.0470000000000006,0.05523404747074135,-0.08800000000000334,0,0,2025,Miami Grand Prix,0.0,19,0.0
NOR,52,0 days 00:01:30.398000,HARD,20.0,True,0 days 02:18:38.309000,26.0,2,34.9,0 days 00:00:29.940000,0 days 00:00:34.778000,0 days 00:00:25.680000,1,90.398,8318.309,32.681000000000495,True,False,False,20.0,0.0,0.0,29.94,34.778,25.68,0,0,0,0.0,90.0134,0.16765231880325218,2.294033287134775,0,0,89.9,90.54,0.6400000000000006,0.10900000000000887,0.49799999999999045,-0.06999999999999791,0.0,0.1460000000000008,0.048778068842463676,-0.06999999999999791,0,0,2025,Miami Grand Prix,0.0,19,0.0
NOR,53,0 days 00:01:30.540000,HARD,21.0,True,0 days 02:20:08.849000,26.0,2,35.0,0 days 00:00:30.272000,0 days 00:00:34.654000,0 days 00:00:25.614000,1,90.54,8408.849,32.65899999999965,True,False,False,21.0,0.0,0.0,30.272,34.654,25.614,0,0,0,0.0,90.08200000000001,0.24242833992769527,1.8892180680550705,0,0,90.398,90.475,0.07699999999999818,0.6069999999999993,0.14200000000001012,0.06233333333333254,0.0,0.08000000000000185,0.07117373110916819,0.06233333333333254,0,0,2025,Miami Grand Prix,0.0,19,0.0
NOR,54,0 days 00:01:30.475000,HARD,22.0,True,0 days 02:21:39.324000,26.0,2,34.8,0 days 00:00:29.926000,0 days 00:00:34.874000,0 days 00:00:25.675000,1,90.475,8499.324,32.69999999999891,True,False,False,22.0,0.0,0.0,29.926,34.874,25.675,0,0,0,0.0,90.168,0.31901645725587435,0.9623327982535762,0,0,90.54,90.764,0.22399999999998954,0.7490000000000094,-0.06500000000001194,0.2496666666666698,0.0,0.1410000000000018,0.0404388427134114,0.2496666666666698,0,0,2025,Miami Grand Prix,0.0,19,0.0
NOR,55,0 days 00:01:30.764000,HARD,23.0,True,0 days 02:23:10.088000,25.9,2,34.9,0 days 00:00:30.179000,0 days 00:00:34.880000,0 days 00:00:25.705000,1,90.764,8590.088,32.725000000000364,True,False,False,23.0,0.0,0.0,30.179,34.88,25.705,0,0,0,0.0,90.2208,0.34840594139606956,1.5591008517919802,0,0,90.475,90.732,0.257000000000005,0.6839999999999975,0.2890000000000015,0.19166666666666288,0.0,0.09099999999999753,0.04511873225169382,0.19166666666666288,0,0,2025,Miami Grand Prix,0.0,19,0.0
NOR,56,0 days 00:01:30.732000,HARD,24.0,True,0 days 02:24:40.820000,25.9,2,34.9,0 days 00:00:30.184000,0 days 00:00:34.844000,0 days 00:00:25.704000,1,90.732,8680.82,32.9940000000006,True,False,False,24.0,0.0,0.0,30.184,34.844,25.704,0,0,0,0.0,90.4154,0.31880213299169463,0.9930924772333377,0,0,90.764,90.985,0.22100000000000364,0.8639999999999901,-0.031999999999996476,0.12199999999999989,0.0,0.08999999999999986,0.04207730979993915,0.12199999999999989,0,0,2025,Miami Grand Prix,0.0,19,0.0
OCO,4,0 days 00:01:32.670000,nan,,True,0 days 01:04:29.022000,26.5,10,38.6,0 days 00:00:31.470000,0 days 00:00:35.332000,0 days 00:00:25.868000,1,92.67,3869.022,1.75,False,False,True,0.0,0.0,0.0,31.47,35.332,25.868,0,0,0,0.0,90.69919999999999,0.20159786705226812,9.77589708074165,0,0,92.67,92.756,0.08599999999999852,2.1950000000000074,0.0,0.1700000000000017,0.0,0.24799999999999756,0.07349353713082567,0.0,0,0,2025,Miami Grand Prix,0.0,19,0.0
OCO,5,0 days 00:01:32.756000,nan,,True,0 days 01:06:01.778000,26.4,10,38.4,0 days 00:00:31.550000,0 days 00:00:35.236000,0 days 00:00:25.970000,1,92.756,3961.778,1.893000000000029,False,False,True,0.0,0.0,0.0,31.55,35.236,25.97,0,0,0,0.0,,,0.0,0,0,92.67,93.113,0.44299999999999784,0.0,0.08599999999999852,0.0,0.0,0.0,0.0,0.0,0,0,2025,Miami Grand Prix,0.0,19,0.0
OCO,6,0 days 00:01:33.113000,nan,,True,0 days 01:07:34.891000,26.5,10,38.5,0 days 00:00:31.647000,0 days 00:00:35.398000,0 days 00:00:26.068000,1,93.113,4054.891,2.1900000000000546,False,False,True,0.0,0.0,0.0,31.647,35.398,26.068,0,0,0,0.0,,,0.0,0,0,92.756,93.054,0.2980000000000018,0.0,0.3569999999999993,0.04299999999999926,0.0,0.20000000000000284,0.0,0.0,0,0,2025,Miami Grand Prix,0.0,19,0.0
OCO,7,0 days 00:01:33.054000,nan,,True,0 days 01:09:07.945000,26.6,10,38.9,0 days 00:00:31.795000,0 days 00:00:35.216000,0 days 00:00:26.043000,1,93.054,4147.945,2.0960000000004584,False,False,True,0.0,0.0,0.0,31.795,35.216,26.043,0,0,0,0.0,92.84633333333333,0.23490920231726584,0.8840295085000368,0,0,93.113,93.145,0.031999999999996476,0.44299999999999784,-0.0589999999999975,0.14766666666666595,0.0,0.1750000000000007,0.13153453285481057,0.22149999999999892,0,0,2025,Miami Grand Prix,0.0,19,0.0
OCO,8,0 days 00:01:33.145000,nan,,True,0 days 01:10:41.090000,26.6,10,38.9,0 days 00:00:31.792000,0 days 00:00:35.404000,0 days 00:00:25.949000,1,93.145,4241.09,2.180000000000291,False,False,True,0.0,0.0,0.0,31.792,35.404,25.949,0,0,0,0.0,92.89825,0.21810452387177526,1.1313382942256491,0,0,93.054,94.012,0.9579999999999984,0.38400000000000034,0.09099999999999397,0.1280000000000001,0.0,-0.020999999999997243,0.10816153043789002,0.1280000000000001,0,0,2025,Miami Grand Prix,0.0,19,0.0
OCO,9,0 days 00:01:34.012000,nan,,True,0 days 01:12:15.102000,26.7,10,39.0,0 days 00:00:32.448000,0 days 00:00:35.395000,0 days 00:00:26.169000,1,94.012,4335.102,1.3320000000003347,False,False,True,0.0,0.0,0.0,32.448,35.395,26.169,0,0,0,0.0,92.9476,0.21875625705336785,4.865689394842475,0,0,93.145,93.278,0.13300000000000978,0.4749999999999943,0.8670000000000044,0.12966666666666526,0.0,0.21999999999999886,0.12256549269676104,0.12966666666666526,0,0,2025,Miami Grand Prix,0.0,19,0.0
OCO,10,0 days 00:01:33.278000,nan,,True,0 days 01:13:48.380000,26.7,10,38.9,0 days 00:00:31.653000,0 days 00:00:35.460000,0 days 00:00:26.165000,1,93.278,4428.38,0.930000000000291,False,False,True,0.0,0.0,0.0,31.653,35.46,26.165,0,0,0,0.0,93.216,0.47093258540898836,0.13165366322266064,0,0,94.012,93.257,-0.7549999999999955,1.2560000000000002,-0.7339999999999947,0.29966666666666697,0.0,0.21599999999999753,0.11572683353483709,0.29966666666666697,0,1,2025,Miami Grand Prix,0.0,19,0.0
OCO,11,0 days 00:01:33.257000,nan,,True,0 days 01:15:21.637000,26.6,10,38.5,0 days 00:00:31.583000,0 days 00:00:35.461000,0 days 00:00:26.213000,1,93.257,4521.637,1.0010000000002037,False,False,True,0.0,0.0,0.0,31.583,35.461,26.213,0,0,0,0.0,93.3204,0.39523954761636815,-0.16040904910036857,0,0,93.278,93.153,-0.125,0.22400000000000375,-0.021000000000000796,0.07466666666666792,0.0,0.26399999999999935,0.10161446747387752,0.07466666666666792,0,0,2025,Miami Grand Prix,0.0,19,0.0
OCO,12,0 days 00:01:33.153000,nan,,True,0 days 01:16:54.790000,26.8,10,38.2,0 days 00:00:31.542000,0 days 00:00:35.471000,0 days 00:00:26.140000,1,93.153,4614.79,0.8869999999997162,False,False,True,0.0,0.0,0.0,31.542,35.471,26.14,0,0,0,0.0,93.34920000000001,0.381351150516148,-0.514486450963773,0,0,93.257,93.061,-0.19599999999999795,0.20300000000000296,-0.1039999999999992,0.03733333333333633,0.0,-0.02499999999999858,0.11175285231259031,0.03733333333333633,0,1,2025,Miami Grand Prix,0.0,19,0.0
OCO,13,0 days 00:01:33.061000,nan,,True,0 days 01:18:27.851000,26.7,10,38.2,0 days 00:00:31.561000,0 days 00:00:35.441000,0 days 00:00:26.059000,1,93.061,4707.851,0.6700000000000728,False,False,True,0.0,0.0,0.0,31.561,35.441,26.059,0,0,0,0.0,93.369,0.3643850984878339,-0.8452595928817221,0,0,93.153,93.214,0.06099999999999284,0.008000000000009777,-0.09199999999999875,-0.28633333333333155,0.0,-0.08099999999999952,0.1416640391913187,-0.28633333333333155,0,1,2025,Miami Grand Prix,0.0,19,0.0
OCO,14,0 days 00:01:33.214000,nan,,True,0 days 01:20:01.065000,26.6,10,37.6,0 days 00:00:31.687000,0 days 00:00:35.420000,0 days 00:00:26.107000,1,93.214,4801.065,0.5230000000001382,False,False,True,0.0,0.0,0.0,31.687,35.42,26.107,0,0,0,0.0,93.35220000000001,0.3789402327544398,-0.3647013118545478,0,0,93.061,93.377,0.3159999999999883,0.0,0.1529999999999916,-0.07233333333333292,0.0,0.047999999999998266,0.15919390691857405,-0.07233333333333292,0,1,2025,Miami Grand Prix,0.0,19,0.0
OCO,15,0 days 00:01:33.377000,nan,,True,0 days 01:21:34.442000,26.5,10,37.6,0 days 00:00:31.684000,0 days 00:00:35.603000,0 days 00:00:26.090000,1,93.377,4894.442,0.5150000000003274,False,False,True,0.0,0.0,0.0,31.684,35.603,26.09,0,0,0,0.0,93.1926,0.08772855863402924,2.101938101698951,0,0,93.214,93.697,0.4830000000000041,0.1529999999999916,0.1629999999999967,-0.014333333333335455,0.0,0.030999999999998806,0.15018754941738577,-0.014333333333335455,0,1,2025,Miami Grand Prix,0.0,19,0.0
OCO,16,0 days 00:01:33.697000,nan,,True,0 days 01:23:08.139000,26.6,10,37.7,0 days 00:00:31.690000,0 days 00:00:35.885000,0 days 00:00:26.122000,1,93.697,4988.139,0.33100000000013097,False,False,True,0.0,0.0,0.0,31.69,35.885,26.122,0,0,0,0.0,93.2124,0.11782953789267894,4.112720873448404,0,0,93.377,93.186,-0.1909999999999883,0.3159999999999883,0.3200000000000074,0.07466666666666318,0.0,0.06299999999999883,0.13125661888072485,0.07466666666666318,0,1,2025,Miami Grand Prix,0.0,19,0.0
OCO,17,0 days 00:01:33.186000,nan,,True,0 days 01:24:41.325000,26.5,10,37.6,0 days 00:00:31.546000,0 days 00:00:35.483000,0 days 00:00:26.157000,1,93.186,5081.325,0.543999999999869,False,False,True,0.0,0.0,0.0,31.546,35.483,26.157,0,0,0,0.0,93.3004,0.24983154324463205,-0.457908551155088,0,0,93.697,93.61,-0.0870000000000033,0.6359999999999957,-0.5109999999999957,0.21199999999999855,0.0,0.06700000000000017,0.05949957983044814,0.21199999999999855,0,1,2025,Miami Grand Prix,0.0,19,0.0
OCO,18,0 days 00:01:33.610000,nan,,True,0 days 01:26:14.935000,26.8,10,37.8,0 days 00:00:31.648000,0 days 00:00:35.684000,0 days 00:00:26.278000,1,93.61,5174.935,0.3739999999997963,False,False,True,0.0,0.0,0.0,31.648,35.684,26.278,0,0,0,0.0,93.307,0.24535993968044897,1.2349204209726223,0,0,93.186,93.406,0.21999999999999886,0.125,0.4239999999999924,-0.009333333333330529,0.0,0.18799999999999883,0.06125193874482611,-0.009333333333330529,0,1,2025,Miami Grand Prix,0.0,19,0.0
OCO,19,0 days 00:01:33.406000,nan,,True,0 days 01:27:48.341000,26.8,10,38.0,0 days 00:00:31.458000,0 days 00:00:35.795000,0 days 00:00:26.153000,1,93.406,5268.341,0.41199999999935244,False,False,True,0.0,0.0,0.0,31.458,35.795,26.153,0,0,0,0.0,93.4168,0.23011888231952077,-0.046932263407194925,0,0,93.61,92.989,-0.6209999999999951,0.4239999999999924,-0.20399999999999352,0.07766666666666804,0.0,0.030999999999998806,0.06234019570068735,0.07766666666666804,0,1,2025,Miami Grand Prix,0.0,19,0.0
OCO,20,0 days 00:01:32.989000,nan,,True,0 days 01:29:21.330000,26.6,10,37.6,0 days 00:00:31.324000,0 days 00:00:35.640000,0 days 00:00:26.025000,1,92.989,5361.33,0.38799999999991996,False,False,True,0.0,0.0,0.0,31.324,35.64,26.025,0,0,0,0.0,93.4552,0.20213535069349345,-2.306375398467138,1,0,93.406,93.479,0.07299999999999329,0.21999999999999886,-0.4170000000000016,-0.09699999999999893,0.0,-0.1280000000000001,0.06489221833163042,-0.09699999999999893,0,1,2025,Miami Grand Prix,0.0,19,0.0
OCO,21,0 days 00:01:33.479000,nan,,True,0 days 01:30:54.809000,26.6,10,37.8,0 days 00:00:31.471000,0 days 00:00:35.658000,0 days 00:00:26.350000,1,93.479,5454.809,0.23799999999937427,False,False,True,0.0,0.0,0.0,31.471,35.658,26.35,0,0,0,0.0,93.3776,0.29349327079165977,0.3454934408768041,0,1,92.989,95.102,2.1129999999999995,0.0,0.4899999999999949,-0.06566666666666758,0.0,0.32500000000000284,0.11333446077870543,-0.06566666666666758,0,1,2025,Miami Grand Prix,0.0,19,0.0
OCO,22,0 days 00:01:35.102000,nan,,True,0 days 01:32:29.911000,26.7,11,37.8,0 days 00:00:31.641000,0 days 00:00:36.862000,0 days 00:00:26.599000,1,95.102,5549.911,6.5219999999999345,False,False,True,0.0,0.0,0.0,31.641,36.862,26.599,0,0,0,0.0,93.334,0.24663434472917403,7.168506892020325,0,0,93.479,91.358,-2.120999999999995,0.4899999999999949,1.6230000000000047,-0.04366666666666674,0.0,0.5740000000000016,0.17040041079762783,-0.04366666666666674,0,0,2025,Miami Grand Prix,0.0,19,0.0
OCO,25,0 days 00:01:31.358000,HARD,2.0,True,0 days 01:37:26.860000,26.8,16,37.5,0 days 00:00:30.765000,0 days 00:00:34.874000,0 days 00:00:25.719000,1,91.358,5846.86,3.5640000000003056,True,False,False,2.0,0.0,0.0,30.765,34.874,25.719,0,0,0,0.0,93.7172,0.808242352268156,-2.9189264746884653,1,0,95.102,91.463,-3.63900000000001,2.1129999999999995,-3.7439999999999998,0.5653333333333327,0.0,-0.3059999999999974,0.2700786922361714,0.5653333333333327,0,0,2025,Miami Grand Prix,0.0,19,0.0
OCO,26,0 days 00:01:31.463000,HARD,3.0,True,0 days 01:38:58.323000,26.6,16,37.2,0 days 00:00:30.945000,0 days 00:00:34.892000,0 days 00:00:25.626000,1,91.463,5938.323,4.9229999999997744,True,False,False,3.0,0.0,0.0,30.945,34.892,25.626,0,0,0,0.0,93.2668,1.3372597728190265,-1.3488777847534346,0,1,91.358,91.96,0.6019999999999897,0.0,0.10499999999998977,-0.5436666666666667,0.0,-0.09299999999999997,0.3524481522153297,-0.5436666666666667,0,0,2025,Miami Grand Prix,0.0,19,0.0
OCO,27,0 days 00:01:31.960000,HARD,4.0,True,0 days 01:40:30.283000,26.6,16,37.0,0 days 00:00:31.125000,0 days 00:00:35.119000,0 days 00:00:25.716000,1,91.96,6030.283,5.382999999999811,True,False,False,4.0,0.0,0.0,31.125,35.119,25.716,0,0,0,0.0,92.8782,1.551799181595361,-0.5917002733923583,0,0,91.463,91.122,-0.340999999999994,0.10499999999998977,0.4969999999999999,-0.6720000000000018,0.0,0.08999999999999986,0.3626614123393889,-0.6720000000000018,0,0,2025,Miami Grand Prix,0.0,19,0.0
OCO,30,0 days 00:01:31.122000,HARD,7.0,True,0 days 01:45:45.976000,26.5,14,36.4,0 days 00:00:30.856000,0 days 00:00:34.696000,0 days 00:00:25.570000,1,91.122,6345.976,12.8100000000004,True,False,False,7.0,0.0,0.0,30.856,34.696,25.57,0,0,0,0.0,92.67240000000001,1.6008879723453635,-0.9684625200404334,0,0,91.96,91.877,-0.08299999999999841,0.6019999999999897,-0.8379999999999939,-1.0473333333333368,0.0,-0.05600000000000094,0.3449152069712208,-1.0473333333333368,0,0,2025,Miami Grand Prix,0.0,19,0.0
OCO,31,0 days 00:01:31.877000,HARD,8.0,True,0 days 01:47:17.853000,26.5,14,36.0,0 days 00:00:31.052000,0 days 00:00:35.128000,0 days 00:00:25.697000,1,91.877,6437.853,13.787999999999556,True,False,False,8.0,0.0,0.0,31.052,35.128,25.697,0,0,0,0.0,92.201,1.6502587675877034,-0.19633284571098575,0,0,91.122,91.33,0.2079999999999984,0.0,0.7549999999999955,-0.07866666666666806,0.0,0.1269999999999989,0.3294923367849395,-0.07866666666666806,0,0,2025,Miami Grand Prix,0.0,19,0.0
OCO,34,0 days 00:01:31.330000,HARD,11.0,True,0 days 01:52:20.595000,26.2,13,36.1,0 days 00:00:30.859000,0 days 00:00:34.824000,0 days 00:00:25.647000,1,91.33,6740.595,8.576000000000022,True,False,False,11.0,0.0,0.0,30.859,34.824,25.647,0,0,0,0.0,91.556,0.35442418089083283,-0.6376540094751887,0,0,91.877,91.511,-0.36599999999999966,0.7549999999999955,-0.546999999999997,0.13800000000000048,0.0,0.07699999999999818,0.17198924384972314,0.13800000000000048,0,0,2025,Miami Grand Prix,0.0,19,0.0
OCO,35,0 days 00:01:31.511000,HARD,12.0,True,0 days 01:53:52.106000,26.1,13,35.8,0 days 00:00:30.896000,0 days 00:00:35.011000,0 days 00:00:25.604000,1,91.511,6832.106,8.22400000000016,True,False,False,12.0,0.0,0.0,30.896,35.011,25.604,0,0,0,0.0,91.5504,0.3585321463971382,-0.10989251701954231,0,0,91.33,91.65,0.3200000000000074,0.2079999999999984,0.18099999999999739,-0.2099999999999985,0.0,0.03399999999999892,0.09713135436098841,-0.2099999999999985,0,0,2025,Miami Grand Prix,0.0,19,0.0
OCO,36,0 days 00:01:31.650000,HARD,13.0,True,0 days 01:55:23.756000,26.1,12,35.5,0 days 00:00:30.982000,0 days 00:00:34.965000,0 days 00:00:25.703000,1,91.65,6923.756,8.106999999999971,True,False,False,13.0,0.0,0.0,30.982,34.965,25.703,0,0,0,0.0,91.55999999999999,0.35624219289710457,0.252637115407643,0,0,91.511,91.747,0.2360000000000042,0.3889999999999958,0.13900000000001,0.12966666666666526,0.0,0.0990000000000002,0.07009493562305315,0.12966666666666526,0,0,2025,Miami Grand Prix,0.0,19,0.0
OCO,37,0 days 00:01:31.747000,HARD,14.0,True,0 days 01:56:55.503000,26.1,12,36.0,0 days 00:00:30.967000,0 days 00:00:35.022000,0 days 00:00:25.758000,1,91.747,7015.503,8.042000000000371,True,False,False,14.0,0.0,0.0,30.967,35.022,25.758,0,0,0,0.0,91.498,0.2900491337689998,0.8584752409510836,0,0,91.65,91.603,-0.047000000000011255,0.5280000000000058,0.0969999999999942,-0.07566666666666322,0.0,0.15399999999999991,0.0713421334135725,-0.07566666666666322,0,0,2025,Miami Grand Prix,0.0,19,0.0
OCO,38,0 days 00:01:31.603000,HARD,15.0,True,0 days 01:58:27.106000,26.2,12,36.0,0 days 00:00:30.876000,0 days 00:00:35.007000,0 days 00:00:25.720000,1,91.603,7107.106,8.081000000000131,True,False,False,15.0,0.0,0.0,30.876,35.007,25.72,0,0,0,0.0,91.623,0.21155023044216417,-0.09454019481901743,0,0,91.747,91.553,-0.19400000000000261,0.4170000000000016,-0.14400000000000546,0.13900000000000054,0.0,0.11599999999999966,0.04613783696707077,0.13900000000000054,0,0,2025,Miami Grand Prix,0.0,19,0.0
OCO,39,0 days 00:01:31.553000,HARD,16.0,True,0 days 01:59:58.659000,26.2,12,35.7,0 days 00:00:30.940000,0 days 00:00:34.950000,0 days 00:00:25.663000,1,91.553,7198.659,8.13000000000011,True,False,False,16.0,0.0,0.0,30.94,34.95,25.663,0,0,0,0.0,91.5682,0.15802120110966023,-0.09618962451411207,0,0,91.603,91.562,-0.04099999999999682,0.27299999999999613,-0.04999999999999716,0.03066666666666625,0.0,-0.03999999999999915,0.04465982534672534,0.03066666666666625,0,0,2025,Miami Grand Prix,0.0,19,0.0
OCO,40,0 days 00:01:31.562000,HARD,17.0,True,0 days 02:01:30.221000,26.2,12,35.5,0 days 00:00:30.863000,0 days 00:00:35.038000,0 days 00:00:25.661000,1,91.562,7290.221,8.023000000000138,True,False,False,17.0,0.0,0.0,30.863,35.038,25.661,0,0,0,0.0,91.6128,0.09141772257136008,-0.5556909379397539,0,0,91.553,91.339,-0.21399999999999864,0.04200000000000159,0.009000000000000341,-0.032333333333336135,0.0,-0.0019999999999988916,0.07644475129137338,-0.032333333333336135,0,0,2025,Miami Grand Prix,0.0,19,0.0
OCO,41,0 days 00:01:31.339000,HARD,18.0,True,0 days 02:03:01.560000,26.1,12,34.9,0 days 00:00:30.781000,0 days 00:00:34.977000,0 days 00:00:25.581000,1,91.339,7381.56,8.320999999999913,True,False,False,18.0,0.0,0.0,30.781,34.977,25.581,0,0,0,0.0,91.623,0.07925591460662566,-3.5833287825848155,1,0,91.562,91.542,-0.01999999999999602,0.009000000000000341,-0.22299999999999898,-0.061666666666667425,0.0,-0.08000000000000185,0.08244877197387403,-0.061666666666667425,0,0,2025,Miami Grand Prix,0.0,19,0.0
OCO,42,0 days 00:01:31.542000,HARD,19.0,True,0 days 02:04:33.102000,26.1,12,34.9,0 days 00:00:30.873000,0 days 00:00:35.027000,0 days 00:00:25.642000,1,91.542,7473.102,8.306999999999789,True,False,False,19.0,0.0,0.0,30.873,35.027,25.642,0,0,0,0.0,91.5608,0.14638032654746067,-0.12843255950725949,0,1,91.339,91.67,0.33100000000000307,0.0,0.20300000000000296,-0.0879999999999986,0.0,0.06099999999999994,0.10098910832362072,-0.0879999999999986,0,0,2025,Miami Grand Prix,0.0,19,0.0
OCO,43,0 days 00:01:31.670000,HARD,20.0,True,0 days 02:06:04.772000,26.0,12,35.3,0 days 00:00:30.824000,0 days 00:00:35.155000,0 days 00:00:25.691000,1,91.67,7564.772,8.148000000000138,True,False,False,20.0,0.0,0.0,30.824,35.155,25.691,0,0,0,0.0,91.5198,0.1036662915327217,1.4488798410676078,0,0,91.542,91.836,0.29399999999999693,0.20300000000000296,0.1280000000000001,-0.0036666666666652268,0.0,0.10999999999999943,0.0783836717690617,-0.0036666666666652268,0,0,2025,Miami Grand Prix,0.0,19,0.0
OCO,44,0 days 00:01:31.836000,HARD,21.0,True,0 days 02:07:36.608000,26.0,12,35.6,0 days 00:00:30.807000,0 days 00:00:35.010000,0 days 00:00:26.019000,1,91.836,7656.608,7.755000000000109,True,False,False,21.0,0.0,0.0,30.807,35.01,26.019,0,0,0,0.0,91.5332,0.12013201072214418,2.52056049157753,0,0,91.67,92.099,0.42900000000000205,0.33100000000000307,0.16599999999999682,0.036000000000001364,0.0,0.43799999999999883,0.07639502601609605,0.036000000000001364,0,0,2025,Miami Grand Prix,0.0,19,0.0
OCO,45,0 days 00:01:32.099000,HARD,22.0,True,0 days 02:09:08.707000,26.0,12,35.7,0 days 00:00:30.821000,0 days 00:00:35.343000,0 days 00:00:25.935000,1,92.099,7748.707,8.100999999999658,True,False,False,22.0,0.0,0.0,30.821,35.343,25.935,0,0,0,0.0,91.5898,0.18234911570977128,2.792445677721053,0,0,91.836,91.838,0.001999999999995339,0.4969999999999999,0.26300000000000523,0.16566666666666663,0.0,0.29299999999999926,0.19907486029129817,0.16566666666666663,0,0,2025,Miami Grand Prix,0.0,19,0.0
OCO,46,0 days 00:01:31.838000,HARD,23.0,True,0 days 02:10:40.545000,26.0,12,35.4,0 days 00:00:30.820000,0 days 00:00:35.149000,0 days 00:00:25.869000,1,91.838,7840.545,8.175999999999476,True,False,False,23.0,0.0,0.0,30.82,35.149,25.869,0,0,0,0.0,91.6972,0.28889565590385446,0.48737319901707854,0,0,92.099,91.662,-0.4369999999999976,0.7600000000000051,-0.2610000000000099,0.1856666666666674,0.0,0.17800000000000082,0.20296378987395758,0.1856666666666674,0,0,2025,Miami Grand Prix,0.0,19,0.0
OCO,47,0 days 00:01:31.662000,HARD,24.0,True,0 days 02:12:12.207000,26.0,12,35.3,0 days 00:00:30.635000,0 days 00:00:35.213000,0 days 00:00:25.814000,1,91.662,7932.207,7.951999999999316,True,False,False,24.0,0.0,0.0,30.635,35.213,25.814,0,0,0,0.0,91.797,0.2094994033406809,-0.6443932433566812,0,0,91.838,91.533,-0.3049999999999926,0.29599999999999227,-0.17599999999998772,0.055999999999997385,0.0,-0.054999999999999716,0.15158990731575708,0.055999999999997385,0,0,2025,Miami Grand Prix,0.0,19,0.0
OCO,48,0 days 00:01:31.533000,HARD,25.0,True,0 days 02:13:43.740000,26.0,12,35.3,0 days 00:00:30.596000,0 days 00:00:35.153000,0 days 00:00:25.784000,1,91.533,8023.74,7.746000000000095,True,False,False,25.0,0.0,0.0,30.596,35.153,25.784,0,0,0,0.0,91.821,0.1773978579354808,-1.62346943391358,1,0,91.662,91.924,0.26200000000000045,0.0,-0.1290000000000049,-0.05799999999999746,0.0,-0.030000000000001137,0.18617384349043173,-0.05799999999999746,0,0,2025,Miami Grand Prix,0.0,19,0.0
OCO,49,0 days 00:01:31.924000,HARD,26.0,True,0 days 02:15:15.664000,26.0,12,35.0,0 days 00:00:30.657000,0 days 00:00:35.305000,0 days 00:00:25.962000,1,91.924,8115.664,7.126000000000204,True,False,False,26.0,0.0,0.0,30.657,35.305,25.962,0,0,0,0.0,91.7936,0.21346498541939307,0.6108730185599892,0,1,91.533,91.642,0.10899999999999466,0.0,0.39100000000000534,-0.1886666666666675,0.0,0.17800000000000082,0.21065777934840155,-0.1886666666666675,0,0,2025,Miami Grand Prix,0.0,19,0.0
OCO,50,0 days 00:01:31.642000,HARD,27.0,True,0 days 02:16:47.306000,26.0,12,35.1,0 days 00:00:30.647000,0 days 00:00:35.059000,0 days 00:00:25.936000,1,91.642,8207.306,6.875,True,False,False,27.0,0.0,0.0,30.647,35.059,25.936,0,0,0,0.0,91.81120000000001,0.22131809686534687,-0.7645104598155004,0,0,91.924,91.586,-0.33800000000000807,0.39100000000000534,-0.2820000000000107,0.02866666666667091,0.0,0.15200000000000102,0.1496018048019475,0.02866666666667091,0,0,2025,Miami Grand Prix,0.0,19,0.0
OCO,51,0 days 00:01:31.586000,HARD,28.0,True,0 days 02:18:18.892000,26.0,12,34.9,0 days 00:00:30.479000,0 days 00:00:35.273000,0 days 00:00:25.834000,1,91.586,8298.892,6.786000000000058,True,False,False,28.0,0.0,0.0,30.479,35.273,25.834,0,0,0,0.0,91.7198,0.15807972672077267,-0.8464083458111504,0,0,91.642,91.766,0.12400000000000944,0.10899999999999466,-0.055999999999997385,-0.0066666666666700776,0.0,0.05000000000000071,0.11684519673482567,-0.0066666666666700776,0,0,2025,Miami Grand Prix,0.0,19,0.0
OCO,52,0 days 00:01:31.766000,HARD,29.0,True,0 days 02:19:50.658000,26.0,12,35.0,0 days 00:00:30.617000,0 days 00:00:35.232000,0 days 00:00:25.917000,1,91.766,8390.658,7.110000000000582,True,False,False,29.0,0.0,0.0,30.617,35.232,25.917,0,0,0,0.0,91.6694,0.15098609207513988,0.6397940278627471,0,0,91.586,91.815,0.2289999999999992,0.05299999999999727,0.18000000000000682,0.01766666666666576,0.0,0.08300000000000196,0.10465180361560945,0.01766666666666576,0,0,2025,Miami Grand Prix,0.0,19,0.0
OCO,53,0 days 00:01:31.815000,HARD,30.0,True,0 days 02:21:22.473000,26.0,12,34.8,0 days 00:00:30.659000,0 days 00:00:35.310000,0 days 00:00:25.846000,1,91.815,8482.473,7.243000000000393,True,False,False,30.0,0.0,0.0,30.659,35.31,25.846,0,0,0,0.0,91.6902,0.15676479196592308,0.7960971238179674,0,0,91.766,91.794,0.027999999999991587,0.2330000000000041,0.04899999999999238,-0.052666666666667084,0.0,0.012000000000000455,0.08303493240799369,-0.052666666666667084,0,0,2025,Miami Grand Prix,0.0,19,0.0
OCO,54,0 days 00:01:31.794000,HARD,31.0,True,0 days 02:22:54.267000,25.9,12,34.9,0 days 00:00:30.635000,0 days 00:00:35.247000,0 days 00:00:25.912000,1,91.794,8574.267,7.386000000000422,True,False,False,31.0,0.0,0.0,30.635,35.247,25.912,0,0,0,0.0,91.7466,0.13533218390356755,0.3502492801990952,0,0,91.815,91.586,-0.2289999999999992,0.2289999999999992,-0.021000000000000796,0.057666666666667275,0.0,0.0779999999999994,0.0692748150484718,0.057666666666667275,0,0,2025,Miami Grand Prix,0.0,19,0.0
OCO,55,0 days 00:01:31.586000,HARD,32.0,True,0 days 02:24:25.853000,25.9,12,34.9,0 days 00:00:30.371000,0 days 00:00:35.350000,0 days 00:00:25.865000,1,91.586,8665.853,7.374000000001615,True,False,False,32.0,0.0,0.0,30.371,35.35,25.865,0,0,0,0.0,91.72059999999999,0.10081567338520771,-1.3351098641745638,0,0,91.794,91.482,-0.3119999999999976,0.2079999999999984,-0.2079999999999984,0.0693333333333328,0.0,0.01899999999999835,0.051468436929830906,0.0693333333333328,0,0,2025,Miami Grand Prix,0.0,19,0.0
OCO,56,0 days 00:01:31.482000,HARD,33.0,True,0 days 02:25:57.335000,26.0,12,34.9,0 days 00:00:30.432000,0 days 00:00:35.234000,0 days 00:00:25.816000,1,91.482,8757.335,7.411000000000058,True,False,False,33.0,0.0,0.0,30.432,35.234,25.816,0,0,0,0.0,91.7094,0.1139815774593191,-1.9950592461414542,1,0,91.586,91.846,0.2600000000000051,0.0,-0.1039999999999992,-0.060000000000002274,0.0,-0.030000000000001137,0.032654249340629465,-0.060000000000002274,0,0,2025,Miami Grand Prix,0.0,19,0.0
PIA,4,0 days 00:01:31.920000,nan,,True,0 days 01:04:21.940000,26.5,2,38.6,0 days 00:00:31.339000,0 days 00:00:34.520000,0 days 00:00:26.061000,1,91.92,3861.94,0.6950000000001637,False,False,True,0.0,0.0,0.0,31.339,34.52,26.061,0,0,0,0.0,91.7046,0.16108320831208905,1.337197106123426,0,0,91.92,92.282,0.36199999999999477,0.4380000000000024,0.0,0.01733333333333557,0.0,0.245000000000001,0.05084092839435591,0.0,0,1,2025,Miami Grand Prix,0.0,19,0.0
PIA,5,0 days 00:01:32.282000,nan,,True,0 days 01:05:54.222000,26.4,2,38.4,0 days 00:00:31.194000,0 days 00:00:35.139000,0 days 00:00:25.949000,1,92.282,3954.222,1.2719999999999345,False,False,True,0.0,0.0,0.0,31.194,35.139,25.949,0,0,0,0.0,,,0.0,0,0,91.92,92.047,0.12699999999999534,0.0,0.36199999999999477,0.0,0.0,0.0,0.0,0.0,0,0,2025,Miami Grand Prix,0.0,19,0.0
PIA,6,0 days 00:01:32.047000,nan,,True,0 days 01:07:26.269000,26.5,2,38.5,0 days 00:00:31.005000,0 days 00:00:35.063000,0 days 00:00:25.979000,1,92.047,4046.269,2.1080000000001746,False,False,True,0.0,0.0,0.0,31.005,35.063,25.979,0,0,0,0.0,,,0.0,0,0,92.282,92.197,-0.08499999999999375,0.0,-0.23499999999999943,0.18099999999999739,0.0,0.029999999999997584,0.0,0.0,0,0,2025,Miami Grand Prix,0.0,19,0.0
PIA,7,0 days 00:01:32.197000,nan,,True,0 days 01:08:58.466000,26.6,2,38.9,0 days 00:00:31.278000,0 days 00:00:35.052000,0 days 00:00:25.867000,1,92.197,4138.466,2.9399999999996,False,False,True,0.0,0.0,0.0,31.278,35.052,25.867,0,0,0,0.0,92.08300000000001,0.18366545674132392,0.6206937440639626,0,0,92.047,91.985,-0.06199999999999761,0.12699999999999534,0.15000000000000568,0.04233333333333178,0.0,-0.08200000000000074,0.13363507523600843,0.06349999999999767,0,0,2025,Miami Grand Prix,0.0,19,0.0
PIA,8,0 days 00:01:31.985000,nan,,True,0 days 01:10:30.451000,26.6,2,38.9,0 days 00:00:31.214000,0 days 00:00:34.980000,0 days 00:00:25.791000,1,91.985,4230.451,3.899999999999636,False,False,True,0.0,0.0,0.0,31.214,34.98,25.791,0,0,0,0.0,92.1115,0.16042963151072206,-0.7885077015311397,0,0,92.197,92.236,0.03900000000000148,0.277000000000001,-0.2120000000000033,0.09233333333333367,0.0,-0.07600000000000051,0.13944742139363336,0.09233333333333367,0,0,2025,Miami Grand Prix,0.0,19,0.0
PIA,9,0 days 00:01:32.236000,nan,,True,0 days 01:12:02.687000,26.7,2,39.0,0 days 00:00:31.253000,0 days 00:00:35.121000,0 days 00:00:25.862000,1,92.236,4322.687,4.247000000000298,False,False,True,0.0,0.0,0.0,31.253,35.121,25.862,0,0,0,0.0,92.08619999999999,0.1500123328263377,0.9985845641999965,0,0,91.985,92.076,0.09099999999999397,0.06499999999999773,0.2510000000000048,-0.09899999999999902,0.0,0.07099999999999795,0.13293532261968663,-0.09899999999999902,0,0,2025,Miami Grand Prix,0.0,19,0.0
PIA,10,0 days 00:01:32.076000,nan,,True,0 days 01:13:34.763000,26.7,2,38.9,0 days 00:00:31.178000,0 days 00:00:35.017000,0 days 00:00:25.881000,1,92.076,4414.763,4.072000000000116,False,False,True,0.0,0.0,0.0,31.178,35.017,25.881,0,0,0,0.0,92.14939999999999,0.12733931050543515,-0.5764127331038083,0,0,92.236,92.9,0.6640000000000015,0.2510000000000048,-0.1600000000000108,0.06300000000000239,0.0,0.08999999999999986,0.06669182858491668,0.06300000000000239,0,0,2025,Miami Grand Prix,0.0,19,0.0
PIA,11,0 days 00:01:32.900000,nan,,True,0 days 01:15:07.663000,26.6,2,38.5,0 days 00:00:31.676000,0 days 00:00:35.254000,0 days 00:00:25.970000,1,92.9,4507.663,2.8720000000002983,False,False,True,0.0,0.0,0.0,31.676,35.254,25.97,0,0,0,0.0,92.1082,0.10509376765536786,7.534224128271288,0,0,92.076,92.253,0.1770000000000067,0.09099999999999397,0.8240000000000123,-0.04033333333333644,0.0,0.1789999999999985,0.08112213014954646,-0.04033333333333644,0,0,2025,Miami Grand Prix,0.0,19,0.0
PIA,12,0 days 00:01:32.253000,nan,,True,0 days 01:16:39.916000,26.6,2,38.4,0 days 00:00:31.469000,0 days 00:00:34.911000,0 days 00:00:25.873000,1,92.253,4599.916,2.5239999999994325,False,False,True,0.0,0.0,0.0,31.469,34.911,25.873,0,0,0,0.0,92.2788,0.361198975635314,-0.07142877400087894,0,0,92.9,91.879,-1.0210000000000008,0.9150000000000063,-0.6470000000000056,0.3050000000000021,0.0,0.011000000000002785,0.11297920162578565,0.3050000000000021,0,0,2025,Miami Grand Prix,0.0,19,0.0
PIA,13,0 days 00:01:31.879000,nan,,True,0 days 01:18:11.795000,26.7,2,38.2,0 days 00:00:31.196000,0 days 00:00:35,0 days 00:00:25.683000,1,91.879,4691.795,2.3900000000003274,False,False,True,0.0,0.0,0.0,31.196,35.0,25.683,0,0,0,0.0,92.29,0.35888925868574034,-1.145200058383167,0,0,92.253,92.986,0.7330000000000041,0.2680000000000007,-0.3739999999999952,0.005666666666665303,0.0,-0.19000000000000128,0.09480770010922035,0.005666666666665303,0,0,2025,Miami Grand Prix,0.0,19,0.0
PIA,14,0 days 00:01:32.986000,nan,,True,0 days 01:19:44.781000,26.6,1,38.1,0 days 00:00:32.016000,0 days 00:00:34.981000,0 days 00:00:25.989000,1,92.986,4784.781,1.6419999999998254,False,False,True,0.0,0.0,0.0,32.016,34.981,25.989,0,0,0,0.0,92.26880000000001,0.3836843754963189,1.8692447381320902,0,0,91.879,91.816,-0.06300000000000239,0.0,1.1069999999999993,-0.06566666666666283,0.0,0.30600000000000094,0.1380387626719392,-0.06566666666666283,0,0,2025,Miami Grand Prix,0.0,19,0.0
PIA,15,0 days 00:01:31.816000,nan,,True,0 days 01:21:16.597000,26.5,1,37.6,0 days 00:00:30.799000,0 days 00:00:35.034000,0 days 00:00:25.983000,1,91.816,4876.597,3.561999999999898,False,False,True,0.0,0.0,0.0,30.799,35.034,25.983,0,0,0,0.0,92.4188,0.49740697622771224,-1.2118848926719537,0,0,92.986,91.687,-1.2990000000000066,1.1069999999999993,-1.1700000000000017,0.028666666666666174,0.0,0.3000000000000007,0.18616847208912715,0.028666666666666174,0,0,2025,Miami Grand Prix,0.0,19,0.0
PIA,16,0 days 00:01:31.687000,nan,,True,0 days 01:22:48.284000,26.5,1,37.7,0 days 00:00:30.729000,0 days 00:00:35.011000,0 days 00:00:25.947000,1,91.687,4968.284,5.053000000000793,False,False,True,0.0,0.0,0.0,30.729,35.011,25.947,0,0,0,0.0,92.3668,0.5527184635960654,-1.2299209177437718,0,0,91.816,91.793,-0.022999999999996135,0.0,-0.1290000000000049,-0.14566666666666586,0.0,0.26399999999999935,0.21121718680069612,-0.14566666666666586,0,0,2025,Miami Grand Prix,0.0,19,0.0
PIA,17,0 days 00:01:31.793000,nan,,True,0 days 01:24:20.077000,26.5,1,37.6,0 days 00:00:30.752000,0 days 00:00:35.076000,0 days 00:00:25.965000,1,91.793,5060.077,8.11700000000019,False,False,True,0.0,0.0,0.0,30.752,35.076,25.965,0,0,0,0.0,92.1242,0.5257239770069491,-0.6299883864639061,0,0,91.687,91.954,0.2669999999999959,0.0,0.10600000000000875,-0.06400000000000243,0.0,0.018000000000000682,0.22025939253525634,-0.06400000000000243,0,0,2025,Miami Grand Prix,0.0,19,0.0
PIA,18,0 days 00:01:31.954000,nan,,True,0 days 01:25:52.031000,26.8,1,37.8,0 days 00:00:30.722000,0 days 00:00:35.238000,0 days 00:00:25.994000,1,91.954,5152.031,8.768000000000029,False,False,True,0.0,0.0,0.0,30.722,35.238,25.994,0,0,0,0.0,92.0322,0.53766318453099,-0.1454442153561702,0,0,91.793,91.662,-0.13100000000000023,0.10600000000000875,0.16099999999998715,-0.39766666666666595,0.0,0.0470000000000006,0.21926878482811973,-0.39766666666666595,0,0,2025,Miami Grand Prix,0.0,19,0.0
PIA,19,0 days 00:01:31.662000,nan,,True,0 days 01:27:23.693000,26.8,1,38.0,0 days 00:00:30.613000,0 days 00:00:35.097000,0 days 00:00:25.952000,1,91.662,5243.693,9.144000000000233,False,False,True,0.0,0.0,0.0,30.613,35.097,25.952,0,0,0,0.0,92.0472,0.5333495101713374,-0.7222280936871075,0,0,91.954,91.711,-0.242999999999995,0.2669999999999959,-0.2919999999999874,0.04599999999999701,0.0,0.005000000000002558,0.14232006183247664,0.04599999999999701,0,0,2025,Miami Grand Prix,0.0,19,0.0
PIA,20,0 days 00:01:31.711000,nan,,True,0 days 01:28:55.404000,26.6,1,37.6,0 days 00:00:30.673000,0 days 00:00:35.108000,0 days 00:00:25.930000,1,91.711,5335.404,9.316999999999098,False,False,True,0.0,0.0,0.0,30.673,35.108,25.93,0,0,0,0.0,91.7824,0.11649592267550204,-0.6128969869519025,0,0,91.662,91.822,0.1599999999999966,0.0,0.04899999999999238,-0.008333333333330492,0.0,-0.022000000000002018,0.14305837969164828,-0.008333333333330492,0,0,2025,Miami Grand Prix,0.0,19,0.0
PIA,21,0 days 00:01:31.822000,nan,,True,0 days 01:30:27.226000,26.5,1,37.6,0 days 00:00:30.780000,0 days 00:00:35.048000,0 days 00:00:25.994000,1,91.822,5427.226,9.050000000000182,False,False,True,0.0,0.0,0.0,30.78,35.048,25.994,0,0,0,0.0,91.76140000000001,0.11837356123737167,0.5119386404069912,0,0,91.711,91.843,0.132000000000005,0.04899999999999238,0.1110000000000042,-0.027333333333335947,0.0,0.06400000000000006,0.11540060658419403,-0.027333333333335947,0,0,2025,Miami Grand Prix,0.0,19,0.0
PIA,22,0 days 00:01:31.843000,nan,,True,0 days 01:31:59.069000,26.7,1,37.8,0 days 00:00:30.620000,0 days 00:00:35.214000,0 days 00:00:26.009000,1,91.843,5519.069,8.743999999999687,False,False,True,0.0,0.0,0.0,30.62,35.214,26.009,0,0,0,0.0,91.7884,0.11240685032512983,0.48573552094094485,0,0,91.822,91.465,-0.3569999999999993,0.1599999999999966,0.021000000000000796,-0.04399999999999693,0.0,0.07900000000000063,0.03401911227530828,-0.04399999999999693,0,0,2025,Miami Grand Prix,0.0,19,0.0
PIA,23,0 days 00:01:31.465000,nan,,True,0 days 01:33:30.534000,26.8,1,37.8,0 days 00:00:30.575000,0 days 00:00:35,0 days 00:00:25.890000,1,91.465,5610.534,8.757000000000517,False,False,True,0.0,0.0,0.0,30.575,35.0,25.89,0,0,0,0.0,91.7984,0.11510994744163318,-2.896361325931878,1,0,91.843,91.429,-0.4140000000000015,0.18099999999999739,-0.3780000000000001,0.06033333333333246,0.0,-0.03999999999999915,0.04203926735803133,0.06033333333333246,0,0,2025,Miami Grand Prix,0.0,19,0.0
PIA,24,0 days 00:01:31.429000,nan,,True,0 days 01:35:01.963000,26.8,1,37.7,0 days 00:00:30.508000,0 days 00:00:35.064000,0 days 00:00:25.857000,1,91.429,5701.963,8.640000000000327,False,False,True,0.0,0.0,0.0,30.508,35.064,25.857,0,0,0,0.0,91.7006,0.15175737214389887,-1.7896988868682877,1,1,91.465,91.392,-0.0730000000000075,0.0,-0.036000000000001364,-0.08199999999999837,0.0,-0.03300000000000125,0.052361245210556455,-0.08199999999999837,0,0,2025,Miami Grand Prix,0.0,19,0.0
PIA,25,0 days 00:01:31.392000,MEDIUM,1.0,True,0 days 01:36:33.355000,26.8,1,37.7,0 days 00:00:30.490000,0 days 00:00:34.991000,0 days 00:00:25.911000,1,91.392,5793.355,8.701000000000022,False,True,False,1.0,0.0,0.0,30.49,34.991,25.911,0,0,0,0.0,91.65400000000001,0.1959209024071311,-1.3372743631793238,0,1,91.429,91.507,0.07800000000000296,0.0,-0.03700000000000614,-0.13100000000000023,0.0,0.054000000000002046,0.057116547514709445,-0.13100000000000023,0,0,2025,Miami Grand Prix,0.0,19,0.0
PIA,26,0 days 00:01:31.507000,MEDIUM,2.0,True,0 days 01:38:04.862000,26.7,1,37.3,0 days 00:00:30.463000,0 days 00:00:35.218000,0 days 00:00:25.826000,1,91.507,5884.862,8.470999999999549,False,True,False,2.0,0.0,0.0,30.463,35.218,25.826,0,0,0,0.0,91.59020000000001,0.22281315041987368,-0.3734070446166272,0,0,91.392,91.432,0.04000000000000625,0.0,0.1150000000000091,-0.15033333333333587,0.0,-0.030999999999998806,0.05671595895336742,-0.15033333333333587,0,0,2025,Miami Grand Prix,0.0,19,0.0
PIA,27,0 days 00:01:31.432000,MEDIUM,3.0,True,0 days 01:39:36.294000,26.6,1,37.2,0 days 00:00:30.387000,0 days 00:00:35.168000,0 days 00:00:25.877000,1,91.432,5976.294,8.65099999999984,False,True,False,3.0,0.0,0.0,30.387,35.168,25.877,0,0,0,0.0,91.52720000000001,0.18161002174999272,-0.5242001464603058,0,0,91.507,91.718,0.21099999999999852,0.1150000000000091,-0.07500000000000284,0.014000000000000531,0.0,0.05099999999999838,0.05621120884663535,0.014000000000000531,0,0,2025,Miami Grand Prix,0.0,19,0.0
PIA,28,0 days 00:01:31.718000,MEDIUM,4.0,True,0 days 01:41:08.012000,26.6,1,36.9,0 days 00:00:30.425000,0 days 00:00:35.125000,0 days 00:00:26.168000,1,91.718,6068.012,8.719000000000051,False,True,False,4.0,0.0,0.0,30.425,35.125,26.168,0,0,0,0.0,91.44500000000001,0.043237715018683565,6.3139321743073005,0,0,91.432,90.17,-1.2620000000000005,0.04000000000000625,0.28600000000000136,0.001000000000000038,0.0,0.34199999999999875,0.047871703541862806,0.001000000000000038,0,0,2025,Miami Grand Prix,0.0,19,0.0
PIA,31,0 days 00:01:30.170000,MEDIUM,7.0,True,0 days 01:46:31.061000,26.5,1,36.0,0 days 00:00:30.318000,0 days 00:00:34.295000,0 days 00:00:25.557000,1,90.17,6391.061,7.220000000000255,False,True,False,7.0,0.0,0.0,30.318,34.295,25.557,0,0,0,0.0,91.4956,0.13115372659606134,-10.107223289832188,1,0,91.718,90.211,-1.507000000000005,0.3260000000000076,-1.5480000000000018,0.1086666666666692,0.0,-0.2690000000000019,0.15426697637537282,0.1086666666666692,0,0,2025,Miami Grand Prix,0.0,19,0.0
PIA,32,0 days 00:01:30.211000,MEDIUM,8.0,True,0 days 01:48:01.272000,26.4,1,36.4,0 days 00:00:30.088000,0 days 00:00:34.578000,0 days 00:00:25.545000,1,90.211,6481.272,7.4229999999997744,False,True,False,8.0,0.0,0.0,30.088,34.578,25.545,0,0,0,0.0,91.2438,0.6133043290243808,-1.6839926788759672,1,1,90.17,89.822,-0.347999999999999,0.0,0.04099999999999682,-0.44566666666666777,0.0,-0.011999999999996902,0.21879282437959446,-0.44566666666666777,0,0,2025,Miami Grand Prix,0.0,19,0.0
PIA,35,0 days 00:01:29.822000,HARD,3.0,True,0 days 01:52:59.723000,26.1,1,35.9,0 days 00:00:29.889000,0 days 00:00:34.351000,0 days 00:00:25.582000,1,89.822,6779.723,7.342999999999847,True,False,False,3.0,0.0,0.0,29.889,34.351,25.582,0,0,0,0.0,91.0076,0.7533805811142605,-1.5737066095418528,1,1,90.211,90.201,-0.010000000000005116,0.04099999999999682,-0.3889999999999958,-0.4070000000000012,0.0,0.036999999999999034,0.21892852714984395,-0.4070000000000012,0,0,2025,Miami Grand Prix,0.0,19,0.0
PIA,36,0 days 00:01:30.201000,HARD,4.0,True,0 days 01:54:29.924000,26.1,1,35.8,0 days 00:00:29.971000,0 days 00:00:34.565000,0 days 00:00:25.665000,1,90.201,6869.924,6.88799999999992,True,False,False,4.0,0.0,0.0,29.971,34.565,25.665,0,0,0,0.0,90.67060000000001,0.8453891411652257,-0.5554838323955167,0,1,89.822,90.07,0.24799999999999045,0.0,0.3789999999999907,-0.6320000000000002,0.0,0.11999999999999744,0.2173699611261869,-0.6320000000000002,0,0,2025,Miami Grand Prix,0.0,19,0.0
PIA,37,0 days 00:01:30.070000,HARD,5.0,True,0 days 01:55:59.994000,26.1,1,35.7,0 days 00:00:29.945000,0 days 00:00:34.527000,0 days 00:00:25.598000,1,90.07,6959.994,6.793000000000575,True,False,False,5.0,0.0,0.0,29.945,34.527,25.598,0,0,0,0.0,90.4244,0.7410217945513417,-0.47825853788090966,0,0,90.201,90.167,-0.033999999999991815,0.3789999999999907,-0.13100000000000023,0.010333333333330566,0.0,0.05299999999999727,0.22120872496355096,0.010333333333330566,0,0,2025,Miami Grand Prix,0.0,19,0.0
PIA,38,0 days 00:01:30.167000,HARD,6.0,True,0 days 01:57:30.161000,26.1,1,36.0,0 days 00:00:29.897000,0 days 00:00:34.681000,0 days 00:00:25.589000,1,90.167,7050.161,6.822000000000116,True,False,False,6.0,0.0,0.0,29.897,34.681,25.589,0,0,0,0.0,90.09479999999999,0.16238134129297452,0.44463236616418517,0,0,90.07,90.194,0.12400000000000944,0.24799999999999045,0.09700000000000841,-0.04700000000000178,0.0,0.006999999999997897,0.150062320387231,-0.04700000000000178,0,0,2025,Miami Grand Prix,0.0,19,0.0
PIA,39,0 days 00:01:30.194000,HARD,7.0,True,0 days 01:59:00.355000,26.2,1,35.7,0 days 00:00:30.041000,0 days 00:00:34.488000,0 days 00:00:25.665000,1,90.194,7140.355,6.7960000000002765,True,False,False,7.0,0.0,0.0,30.041,34.488,25.665,0,0,0,0.0,90.0942,0.16203919279021856,0.6159003774426743,0,0,90.167,90.236,0.06900000000000261,0.34499999999999886,0.027000000000001023,0.11499999999999962,0.0,0.07600000000000051,0.05090677754484012,0.11499999999999962,0,0,2025,Miami Grand Prix,0.0,19,0.0
PIA,40,0 days 00:01:30.236000,HARD,8.0,True,0 days 02:00:30.591000,26.2,1,35.7,0 days 00:00:30.047000,0 days 00:00:34.527000,0 days 00:00:25.662000,1,90.236,7230.591,6.67699999999968,True,False,False,8.0,0.0,0.0,30.047,34.527,25.662,0,0,0,0.0,90.09079999999999,0.15912793595125274,0.9124733449976844,0,0,90.194,90.37,0.17600000000000193,0.3719999999999999,0.04200000000000159,-0.002333333333330264,0.0,0.0730000000000004,0.04252411080786991,-0.002333333333330264,0,0,2025,Miami Grand Prix,0.0,19,0.0
PIA,41,0 days 00:01:30.370000,HARD,9.0,True,0 days 02:02:00.961000,26.2,1,35.1,0 days 00:00:30.023000,0 days 00:00:34.701000,0 days 00:00:25.646000,1,90.37,7320.961,6.474999999999454,True,False,False,9.0,0.0,0.0,30.023,34.701,25.646,0,0,0,0.0,90.1736,0.06292296878011881,3.1212767580360246,0,0,90.236,90.307,0.07099999999999795,0.16600000000001103,0.13400000000000034,0.05533333333333701,0.0,0.05700000000000216,0.04097194161862498,0.05533333333333701,0,0,2025,Miami Grand Prix,0.0,19,0.0
PIA,42,0 days 00:01:30.307000,HARD,10.0,True,0 days 02:03:31.268000,26.1,1,34.9,0 days 00:00:30.018000,0 days 00:00:34.629000,0 days 00:00:25.660000,1,90.307,7411.268,6.331000000000131,True,False,False,10.0,0.0,0.0,30.018,34.629,25.66,0,0,0,0.0,90.2074,0.10948424544245525,0.9097199290864626,0,0,90.37,90.413,0.042999999999992156,0.30000000000001137,-0.06300000000000239,0.06766666666666765,0.0,0.013999999999999346,0.02766224864323331,0.06766666666666765,0,0,2025,Miami Grand Prix,0.0,19,0.0
PIA,43,0 days 00:01:30.413000,HARD,11.0,True,0 days 02:05:01.681000,26.0,1,35.2,0 days 00:00:30.077000,0 days 00:00:34.669000,0 days 00:00:25.667000,1,90.413,7501.681,6.062000000000808,True,False,False,11.0,0.0,0.0,30.077,34.669,25.667,0,0,0,0.0,90.2548,0.08329885953662561,1.8991856656865134,0,0,90.307,90.137,-0.1700000000000017,0.14000000000000057,0.10599999999999454,0.037666666666666515,0.0,0.021000000000000796,0.03276125760711999,0.037666666666666515,0,0,2025,Miami Grand Prix,0.0,19,0.0
PIA,44,0 days 00:01:30.137000,HARD,12.0,True,0 days 02:06:31.818000,26.0,1,35.3,0 days 00:00:29.999000,0 days 00:00:34.500000,0 days 00:00:25.638000,1,90.137,7591.818,5.948999999999614,True,False,False,12.0,0.0,0.0,29.999,34.5,25.638,0,0,0,0.0,90.304,0.0907882150948121,-1.8394457895840324,1,0,90.413,90.589,0.17600000000000193,0.2189999999999941,-0.27599999999999625,0.0589999999999975,0.0,-0.007999999999999119,0.02904651442083925,0.0589999999999975,0,0,2025,Miami Grand Prix,0.0,19,0.0
PIA,45,0 days 00:01:30.589000,HARD,13.0,True,0 days 02:08:02.407000,26.0,1,35.8,0 days 00:00:30.292000,0 days 00:00:34.682000,0 days 00:00:25.615000,1,90.589,7682.407,5.454999999999927,True,False,False,13.0,0.0,0.0,30.292,34.682,25.615,0,0,0,0.0,90.29260000000001,0.10966904759366854,2.7026768856256873,0,1,90.137,90.653,0.5160000000000053,0.0,0.4519999999999982,-0.07766666666666804,0.0,-0.02300000000000324,0.03297423236407516,-0.07766666666666804,0,0,2025,Miami Grand Prix,0.0,19,0.0
PIA,46,0 days 00:01:30.653000,HARD,14.0,True,0 days 02:09:33.060000,26.0,1,35.7,0 days 00:00:30.562000,0 days 00:00:34.517000,0 days 00:00:25.574000,1,90.653,7773.06,4.783999999999651,True,False,False,14.0,0.0,0.0,30.562,34.517,25.574,0,0,0,0.0,90.36319999999999,0.16419256986874028,1.7650006954132413,0,0,90.589,90.372,-0.21699999999999875,0.4519999999999982,0.06400000000000716,0.09399999999999882,0.0,-0.04099999999999682,0.03055650503575469,0.09399999999999882,0,0,2025,Miami Grand Prix,0.0,19,0.0
PIA,47,0 days 00:01:30.372000,HARD,15.0,True,0 days 02:11:03.432000,26.1,1,35.3,0 days 00:00:30.279000,0 days 00:00:34.590000,0 days 00:00:25.503000,1,90.372,7863.432,4.467000000000553,True,False,False,15.0,0.0,0.0,30.279,34.59,25.503,0,0,0,0.0,90.4198,0.20961679322063123,-0.2280351648624044,0,0,90.653,90.559,-0.0940000000000083,0.5160000000000053,-0.2810000000000059,0.08000000000000303,0.0,-0.0710000000000015,0.025676837811537054,0.08000000000000303,0,0,2025,Miami Grand Prix,0.0,19,0.0
PIA,48,0 days 00:01:30.559000,HARD,16.0,True,0 days 02:12:33.991000,26.0,1,35.3,0 days 00:00:30.395000,0 days 00:00:34.580000,0 days 00:00:25.584000,1,90.559,7953.991,4.018000000000029,True,False,False,16.0,0.0,0.0,30.395,34.58,25.584,0,0,0,0.0,90.43280000000001,0.20277623134899364,0.6223609106472789,0,0,90.372,89.992,-0.37999999999999545,0.23499999999999943,0.1869999999999976,0.07833333333333314,0.0,0.08099999999999952,0.03456587912956989,0.07833333333333314,0,0,2025,Miami Grand Prix,0.0,19,0.0
PIA,49,0 days 00:01:29.992000,HARD,17.0,True,0 days 02:14:03.983000,26.1,1,35.0,0 days 00:00:29.980000,0 days 00:00:34.404000,0 days 00:00:25.608000,1,89.992,8043.983,4.23700000000008,True,False,False,17.0,0.0,0.0,29.98,34.404,25.608,0,0,0,0.0,90.462,0.20960916010542316,-2.242268418821066,1,0,90.559,90.136,-0.4230000000000018,0.42199999999999704,-0.5669999999999931,-0.010000000000000378,0.0,0.10500000000000043,0.0572433402239946,-0.010000000000000378,0,0,2025,Miami Grand Prix,0.0,19,0.0
PIA,50,0 days 00:01:30.136000,HARD,18.0,True,0 days 02:15:34.119000,26.0,1,35.0,0 days 00:00:29.978000,0 days 00:00:34.486000,0 days 00:00:25.672000,1,90.136,8134.119,3.892000000000735,True,False,False,18.0,0.0,0.0,29.978,34.486,25.672,0,0,0,0.0,90.433,0.2677750921951099,-1.1091397544309576,0,1,89.992,90.103,0.11099999999999,0.0,0.14399999999999125,-0.2203333333333338,0.0,0.16900000000000048,0.07796922469795399,-0.2203333333333338,0,0,2025,Miami Grand Prix,0.0,19,0.0
PIA,51,0 days 00:01:30.103000,HARD,19.0,True,0 days 02:17:04.222000,26.0,1,35.0,0 days 00:00:30.076000,0 days 00:00:34.451000,0 days 00:00:25.576000,1,90.103,8224.222,3.6890000000003056,True,False,False,19.0,0.0,0.0,30.076,34.451,25.576,0,0,0,0.0,90.3424,0.27822886262948876,-0.8604427223598549,0,0,90.136,90.245,0.10900000000000887,0.14399999999999125,-0.03300000000000125,-0.07866666666666806,0.0,-0.007999999999999119,0.10131534928134028,-0.07866666666666806,0,0,2025,Miami Grand Prix,0.0,19,0.0
PIA,52,0 days 00:01:30.245000,HARD,20.0,True,0 days 02:18:34.467000,26.0,1,34.9,0 days 00:00:30.194000,0 days 00:00:34.446000,0 days 00:00:25.605000,1,90.245,8314.467,3.841999999998734,True,False,False,20.0,0.0,0.0,30.194,34.446,25.605,0,0,0,0.0,90.2324,0.2291207105438031,0.054992846216742615,0,0,90.103,90.658,0.5550000000000068,0.11099999999999,0.14200000000001012,-0.15200000000000102,0.0,0.028999999999999915,0.09489046316674873,-0.15200000000000102,0,0,2025,Miami Grand Prix,0.0,19,0.0
PIA,53,0 days 00:01:30.658000,HARD,21.0,True,0 days 02:20:05.125000,26.0,1,35.0,0 days 00:00:30.205000,0 days 00:00:34.727000,0 days 00:00:25.726000,1,90.658,8405.125,3.72400000000016,True,False,False,21.0,0.0,0.0,30.205,34.727,25.726,0,0,0,0.0,90.207,0.21646593265476458,2.083468721700864,0,0,90.245,90.269,0.02400000000000091,0.2530000000000001,0.4129999999999967,0.08433333333333337,0.0,0.14999999999999858,0.068514232098156,0.08433333333333337,0,0,2025,Miami Grand Prix,0.0,19,0.0
PIA,54,0 days 00:01:30.269000,HARD,22.0,True,0 days 02:21:35.394000,26.0,1,34.8,0 days 00:00:30.113000,0 days 00:00:34.520000,0 days 00:00:25.636000,1,90.269,8495.394,3.930000000000291,True,False,False,22.0,0.0,0.0,30.113,34.52,25.636,0,0,0,0.0,90.2268,0.2573746296745224,0.1639633247976874,0,0,90.658,90.761,0.10299999999999443,0.6659999999999968,-0.3889999999999958,0.17400000000000185,0.0,0.05999999999999872,0.07646240906484661,0.17400000000000185,0,0,2025,Miami Grand Prix,0.0,19,0.0
PIA,55,0 days 00:01:30.761000,HARD,23.0,True,0 days 02:23:06.155000,25.9,1,34.9,0 days 00:00:30.212000,0 days 00:00:34.859000,0 days 00:00:25.690000,1,90.761,8586.155,3.9329999999990832,True,False,False,23.0,0.0,0.0,30.212,34.859,25.69,0,0,0,0.0,90.2822,0.22151230214166068,2.1615052318574715,0,0,90.269,90.579,0.30999999999998806,0.16600000000001103,0.4919999999999902,0.05533333333333701,0.0,0.08500000000000085,0.07675610724886943,0.05533333333333701,0,0,2025,Miami Grand Prix,0.0,19,0.0
PIA,56,0 days 00:01:30.579000,HARD,24.0,True,0 days 02:24:36.734000,25.9,1,34.9,0 days 00:00:30.313000,0 days 00:00:34.558000,0 days 00:00:25.708000,1,90.579,8676.734,4.085999999999331,True,False,False,24.0,0.0,0.0,30.313,34.558,25.708,0,0,0,0.0,90.40719999999999,0.28549115573007794,0.6017699552221352,0,0,90.761,90.441,-0.3199999999999932,0.6580000000000013,-0.18200000000000216,0.17199999999999704,0.0,0.07199999999999918,0.05970510865914171,0.17199999999999704,0,0,2025,Miami Grand Prix,0.0,19,0.0
RUS,4,0 days 00:01:32.646000,nan,,True,0 days 01:04:23.333000,26.5,4,38.6,0 days 00:00:31.480000,0 days 00:00:35.224000,0 days 00:00:25.942000,1,92.646,3863.333,0.7469999999998436,False,False,True,0.0,0.0,0.0,31.48,35.224,25.942,0,0,0,0.0,90.5416,0.19203853779930627,10.958217158470784,0,0,92.646,92.779,0.13299999999999557,2.3769999999999953,0.0,0.05733333333333235,0.0,0.5399999999999991,0.1497724941369398,0.0,0,1,2025,Miami Grand Prix,0.0,19,0.0
RUS,5,0 days 00:01:32.779000,nan,,True,0 days 01:05:56.112000,26.4,4,38.4,0 days 00:00:31.580000,0 days 00:00:35.190000,0 days 00:00:26.009000,1,92.779,3956.112,0.6069999999999709,False,False,True,0.0,0.0,0.0,31.58,35.19,26.009,0,0,0,0.0,,,0.0,0,0,92.646,93.036,0.39000000000000057,0.0,0.13299999999999557,0.0,0.0,0.0,0.0,0.0,0,1,2025,Miami Grand Prix,0.0,19,0.0
RUS,6,0 days 00:01:33.036000,nan,,True,0 days 01:07:29.148000,26.5,4,38.5,0 days 00:00:31.423000,0 days 00:00:35.469000,0 days 00:00:26.144000,1,93.036,4049.148,0.20499999999992724,False,False,True,0.0,0.0,0.0,31.423,35.469,26.144,0,0,0,0.0,,,0.0,0,0,92.779,94.362,1.5829999999999984,0.0,0.257000000000005,0.06649999999999778,0.0,0.20199999999999818,0.0,0.0,0,1,2025,Miami Grand Prix,0.0,19,0.0
RUS,7,0 days 00:01:34.362000,nan,,True,0 days 01:09:03.510000,26.6,5,38.9,0 days 00:00:32.601000,0 days 00:00:35.612000,0 days 00:00:26.149000,1,94.362,4143.51,0.35099999999965803,False,False,True,0.0,0.0,0.0,32.601,35.612,26.149,0,0,0,0.0,92.82033333333334,0.198258249092772,7.776053070786765,0,0,93.036,93.136,0.09999999999999432,0.39000000000000057,1.3259999999999934,0.1300000000000002,0.0,0.20700000000000074,0.27283939109544497,0.19500000000000028,0,1,2025,Miami Grand Prix,0.0,19,0.0
RUS,8,0 days 00:01:33.136000,nan,,True,0 days 01:10:36.646000,26.6,5,38.9,0 days 00:00:31.678000,0 days 00:00:35.346000,0 days 00:00:26.112000,1,93.136,4236.646,0.44500000000061846,False,False,True,0.0,0.0,0.0,31.678,35.346,26.112,0,0,0,0.0,93.20575,0.7876472878135208,-0.08855486596497078,0,0,94.362,92.951,-1.4110000000000014,1.715999999999994,-1.225999999999999,0.571999999999998,0.0,0.10299999999999798,0.2236833699674606,0.571999999999998,0,1,2025,Miami Grand Prix,0.0,19,0.0
RUS,9,0 days 00:01:32.951000,nan,,True,0 days 01:12:09.597000,26.7,5,39.0,0 days 00:00:31.529000,0 days 00:00:35.372000,0 days 00:00:26.050000,1,92.951,4329.597,0.5940000000000509,False,False,True,0.0,0.0,0.0,31.529,35.372,26.05,0,0,0,0.0,93.1918,0.6828354120869805,-0.35264720566269314,0,0,93.136,93.161,0.025000000000005684,0.4899999999999949,-0.18500000000000227,0.11899999999999977,0.0,-0.06199999999999761,0.2028060649980665,0.11899999999999977,0,1,2025,Miami Grand Prix,0.0,19,0.0
RUS,10,0 days 00:01:33.161000,nan,,True,0 days 01:13:42.758000,26.7,5,38.9,0 days 00:00:31.483000,0 days 00:00:35.414000,0 days 00:00:26.264000,1,93.161,4422.758,0.3389999999999418,False,False,True,0.0,0.0,0.0,31.483,35.414,26.264,0,0,0,0.0,93.2528,0.6337465581760562,-0.14485285768524817,0,0,92.951,92.67,-0.2809999999999917,0.17199999999999704,0.21000000000000796,-0.028333333333335986,0.0,0.21399999999999864,0.120006249837247,-0.028333333333335986,0,1,2025,Miami Grand Prix,0.0,19,0.0
RUS,11,0 days 00:01:32.670000,nan,,True,0 days 01:15:15.428000,26.6,5,38.5,0 days 00:00:31.448000,0 days 00:00:35.085000,0 days 00:00:26.137000,1,92.67,4515.428,1.3209999999999127,False,False,True,0.0,0.0,0.0,31.448,35.085,26.137,0,0,0,0.0,93.32919999999999,0.5833726939101601,-1.1299808970858372,0,0,93.161,92.836,-0.32500000000000284,0.21000000000000796,-0.49099999999999966,-0.40033333333333115,0.0,0.08699999999999974,0.11802838641614866,-0.40033333333333115,0,0,2025,Miami Grand Prix,0.0,19,0.0
RUS,12,0 days 00:01:32.836000,nan,,True,0 days 01:16:48.264000,26.6,5,38.4,0 days 00:00:31.529000,0 days 00:00:35.167000,0 days 00:00:26.140000,1,92.836,4608.264,1.863999999999578,False,False,True,0.0,0.0,0.0,31.529,35.167,26.14,0,0,0,0.0,93.256,0.6486682511114552,-0.6474804328412193,0,0,92.67,92.829,0.15899999999999181,0.0,0.16599999999999682,-0.15533333333333132,0.0,0.08999999999999986,0.11223502127232733,-0.15533333333333132,0,0,2025,Miami Grand Prix,0.0,19,0.0
RUS,13,0 days 00:01:32.829000,nan,,True,0 days 01:18:21.093000,26.7,5,38.2,0 days 00:00:31.434000,0 days 00:00:35.299000,0 days 00:00:26.096000,1,92.829,4701.093,2.0789999999997235,False,False,True,0.0,0.0,0.0,31.434,35.299,26.096,0,0,0,0.0,92.9508,0.20646476697002833,-0.5899311625294822,0,0,92.836,92.719,-0.11700000000000443,0.16599999999999682,-0.007000000000005002,-0.03833333333333163,0.0,-0.04100000000000037,0.09822576036865134,-0.03833333333333163,0,0,2025,Miami Grand Prix,0.0,19,0.0
RUS,14,0 days 00:01:32.719000,nan,,True,0 days 01:19:53.812000,26.6,5,37.6,0 days 00:00:31.430000,0 days 00:00:35.251000,0 days 00:00:26.038000,1,92.719,4793.812,2.6220000000002983,False,False,True,0.0,0.0,0.0,31.43,35.251,26.038,0,0,0,0.0,92.8894,0.18179466438811312,-0.9373212386267514,0,0,92.829,92.755,-0.07399999999999807,0.15899999999999181,-0.10999999999999943,-0.11066666666666929,0.0,-0.05799999999999983,0.11225105790147263,-0.11066666666666929,0,0,2025,Miami Grand Prix,0.0,19,0.0
RUS,15,0 days 00:01:32.755000,nan,,True,0 days 01:21:26.567000,26.5,5,37.6,0 days 00:00:31.446000,0 days 00:00:35.251000,0 days 00:00:26.058000,1,92.755,4886.567,2.8350000000000364,False,False,True,0.0,0.0,0.0,31.446,35.251,26.058,0,0,0,0.0,92.843,0.19149020862693125,-0.4595535230287055,0,0,92.719,92.886,0.1670000000000016,0.04899999999999238,0.036000000000001364,0.016333333333330795,0.0,0.019999999999999574,0.11119487398257122,0.016333333333330795,0,0,2025,Miami Grand Prix,0.0,19,0.0
RUS,16,0 days 00:01:32.886000,nan,,True,0 days 01:22:59.453000,26.6,5,37.7,0 days 00:00:31.440000,0 days 00:00:35.408000,0 days 00:00:26.038000,1,92.886,4979.453,2.5609999999996944,False,False,True,0.0,0.0,0.0,31.44,35.408,26.038,0,0,0,0.0,92.7618,0.07128604351472889,1.7422765225333352,0,0,92.755,92.69,-0.06499999999999773,0.08499999999999375,0.13100000000000023,-0.027000000000001023,0.0,0.0,0.06926976252305178,-0.027000000000001023,0,0,2025,Miami Grand Prix,0.0,19,0.0
RUS,17,0 days 00:01:32.690000,nan,,True,0 days 01:24:32.143000,26.5,5,37.6,0 days 00:00:31.326000,0 days 00:00:35.343000,0 days 00:00:26.021000,1,92.69,5072.143,2.3770000000004075,False,False,True,0.0,0.0,0.0,31.326,35.343,26.021,0,0,0,0.0,92.80499999999999,0.06707085805314095,-1.7146045739996225,1,0,92.886,93.1,0.21399999999999864,0.1670000000000016,-0.19599999999999795,0.01900000000000072,0.0,-0.01699999999999946,0.05813948744184103,0.01900000000000072,0,0,2025,Miami Grand Prix,0.0,19,0.0
RUS,18,0 days 00:01:33.100000,nan,,True,0 days 01:26:05.243000,26.8,5,37.8,0 days 00:00:31.459000,0 days 00:00:35.563000,0 days 00:00:26.078000,1,93.1,5165.243,1.9249999999992724,False,False,True,0.0,0.0,0.0,31.459,35.563,26.078,0,0,0,0.0,92.77579999999999,0.08061451482198544,4.021608276324797,0,1,92.69,92.858,0.16800000000000637,0.0,0.4099999999999966,-0.009666666666665455,0.0,0.05699999999999861,0.031188138771013424,-0.009666666666665455,0,0,2025,Miami Grand Prix,0.0,19,0.0
RUS,19,0 days 00:01:32.858000,nan,,True,0 days 01:27:38.101000,26.8,5,38.0,0 days 00:00:31.373000,0 days 00:00:35.482000,0 days 00:00:26.003000,1,92.858,5258.101,1.803000000000793,False,False,True,0.0,0.0,0.0,31.373,35.482,26.003,0,0,0,0.0,92.83,0.1685096436409063,0.1661625969589832,0,0,93.1,92.751,-0.34899999999998954,0.4099999999999966,-0.24199999999999022,0.11499999999999962,0.0,-0.018000000000000682,0.04272352981671744,0.11499999999999962,0,0,2025,Miami Grand Prix,0.0,19,0.0
RUS,20,0 days 00:01:32.751000,nan,,True,0 days 01:29:10.852000,26.6,5,37.6,0 days 00:00:31.416000,0 days 00:00:35.334000,0 days 00:00:26.001000,1,92.751,5350.852,1.6530000000002474,False,False,True,0.0,0.0,0.0,31.416,35.334,26.001,0,0,0,0.0,92.8578,0.15666907799558252,-0.6816916354291945,0,0,92.858,92.82,-0.038000000000010914,0.16800000000000637,-0.10699999999999932,-0.009333333333330529,0.0,-0.0019999999999988916,0.03126179777300025,-0.009333333333330529,0,0,2025,Miami Grand Prix,0.0,19,0.0
RUS,21,0 days 00:01:32.820000,nan,,True,0 days 01:30:43.672000,26.5,5,37.6,0 days 00:00:31.461000,0 days 00:00:35.381000,0 days 00:00:25.978000,1,92.82,5443.672,1.3840000000000146,False,False,True,0.0,0.0,0.0,31.461,35.381,25.978,0,0,0,0.0,92.857,0.15733403954639125,-0.2351684359384695,0,0,92.751,92.592,-0.15900000000000603,0.06100000000000705,0.0689999999999884,0.020333333333335684,0.0,-0.022999999999999687,0.030765240125829655,0.020333333333335684,0,0,2025,Miami Grand Prix,0.0,19,0.0
RUS,22,0 days 00:01:32.592000,nan,,True,0 days 01:32:16.264000,26.7,5,37.8,0 days 00:00:31.237000,0 days 00:00:35.359000,0 days 00:00:25.996000,1,92.592,5536.264,1.181999999999789,False,False,True,0.0,0.0,0.0,31.237,35.359,25.996,0,0,0,0.0,92.8438,0.15706113459409732,-1.6031973833039284,1,0,92.82,92.432,-0.387999999999991,0.12999999999999545,-0.22799999999999443,-0.09333333333333371,0.0,0.01799999999999713,0.033140609529698675,-0.09333333333333371,0,0,2025,Miami Grand Prix,0.0,19,0.0
RUS,23,0 days 00:01:32.432000,nan,,True,0 days 01:33:48.696000,26.8,5,37.9,0 days 00:00:31.176000,0 days 00:00:35.363000,0 days 00:00:25.893000,1,92.432,5628.696,1.1469999999999345,False,False,True,0.0,0.0,0.0,31.176,35.363,25.893,0,0,0,0.0,92.82419999999999,0.18473007335023914,-2.123097733287836,1,1,92.592,92.54,-0.0519999999999925,0.0,-0.1599999999999966,-0.08866666666666845,0.0,-0.08500000000000085,0.032500769221665275,-0.08866666666666845,0,0,2025,Miami Grand Prix,0.0,19,0.0
RUS,24,0 days 00:01:32.540000,nan,,True,0 days 01:35:21.236000,26.8,5,37.7,0 days 00:00:31.217000,0 days 00:00:35.403000,0 days 00:00:25.920000,1,92.54,5721.236,1.037000000000262,False,False,True,0.0,0.0,0.0,31.217,35.403,25.92,0,0,0,0.0,92.69059999999999,0.17678461471514487,-0.8518840864214713,0,1,92.432,92.356,-0.07600000000000762,0.0,0.10800000000000409,-0.10633333333333421,0.0,0.027000000000001023,0.03868462226776909,-0.10633333333333421,0,0,2025,Miami Grand Prix,0.0,19,0.0
RUS,25,0 days 00:01:32.356000,HARD,1.0,True,0 days 01:36:53.592000,26.8,4,37.5,0 days 00:00:31.111000,0 days 00:00:35.349000,0 days 00:00:25.896000,1,92.356,5813.592,0.7570000000005166,True,False,False,1.0,0.0,0.0,31.111,35.349,25.896,0,0,0,0.0,92.62700000000001,0.15767371372546243,-1.7187392469988594,1,0,92.54,92.02,-0.5200000000000102,0.10800000000000409,-0.1840000000000117,-0.09333333333332898,0.0,0.0030000000000001137,0.04462622547336945,-0.09333333333332898,0,1,2025,Miami Grand Prix,0.0,19,0.0
RUS,26,0 days 00:01:32.020000,HARD,2.0,True,0 days 01:38:25.612000,26.7,3,37.3,0 days 00:00:30.870000,0 days 00:00:35.247000,0 days 00:00:25.903000,1,92.02,5905.612,6.983999999999469,True,False,False,2.0,0.0,0.0,30.87,35.247,25.903,0,0,0,0.0,92.548,0.1776963702498592,-2.9713606375728663,1,1,92.356,92.164,-0.19199999999999307,0.0,-0.3359999999999985,-0.07866666666666806,0.0,0.00999999999999801,0.044988887516808025,-0.07866666666666806,0,0,2025,Miami Grand Prix,0.0,19,0.0
RUS,27,0 days 00:01:32.164000,HARD,3.0,True,0 days 01:39:57.776000,26.6,3,37.0,0 days 00:00:30.861000,0 days 00:00:35.371000,0 days 00:00:25.932000,1,92.164,5997.776,7.2719999999999345,True,False,False,3.0,0.0,0.0,30.861,35.371,25.932,0,0,0,0.0,92.388,0.22533530571120933,-0.9940741389504364,0,1,92.02,92.391,0.3710000000000093,0.0,0.14400000000000546,-0.1373333333333354,0.0,0.03599999999999781,0.04539052764619508,-0.1373333333333354,0,0,2025,Miami Grand Prix,0.0,19,0.0
RUS,28,0 days 00:01:32.391000,HARD,4.0,True,0 days 01:41:30.167000,26.6,3,36.9,0 days 00:00:30.769000,0 days 00:00:35.365000,0 days 00:00:26.257000,1,92.391,6090.167,7.108999999999469,True,False,False,4.0,0.0,0.0,30.769,35.365,26.257,0,0,0,0.0,92.3024,0.2091812611109247,0.4235561040671647,0,0,92.164,90.318,-1.8460000000000036,0.14400000000000546,0.22700000000000387,-0.12533333333333493,0.0,0.36100000000000065,0.048329080272647394,-0.12533333333333493,0,0,2025,Miami Grand Prix,0.0,19,0.0
RUS,31,0 days 00:01:30.318000,HARD,7.0,True,0 days 01:46:54.711000,26.5,3,36.0,0 days 00:00:30.102000,0 days 00:00:34.570000,0 days 00:00:25.646000,1,90.318,6414.711,2.293999999999869,True,False,False,7.0,0.0,0.0,30.102,34.57,25.646,0,0,0,0.0,92.2942,0.20355883670319078,-9.708249624561883,1,0,92.391,91.208,-1.183000000000007,0.3710000000000093,-2.0730000000000075,0.011666666666670267,0.0,-0.2569999999999979,0.15350993453193895,0.011666666666670267,0,0,2025,Miami Grand Prix,0.0,19,0.0
RUS,32,0 days 00:01:31.208000,HARD,8.0,True,0 days 01:48:25.919000,26.4,3,36.4,0 days 00:00:30.209000,0 days 00:00:34.970000,0 days 00:00:26.029000,1,91.208,6505.919,2.867000000000189,True,False,False,8.0,0.0,0.0,30.209,34.97,26.029,0,0,0,0.0,91.84979999999999,0.8693728774236714,-0.7382332905322752,0,1,90.318,90.826,0.5079999999999956,0.0,0.8900000000000006,-0.5673333333333327,0.0,0.3829999999999991,0.21971185675789054,-0.5673333333333327,0,0,2025,Miami Grand Prix,0.0,19,0.0
RUS,34,0 days 00:01:30.826000,MEDIUM,2.0,True,0 days 01:51:55.408000,26.2,3,36.1,0 days 00:00:30.357000,0 days 00:00:34.736000,0 days 00:00:25.733000,1,90.826,6715.408,3.3339999999998327,False,True,False,2.0,0.0,0.0,30.357,34.736,25.733,0,0,0,0.0,91.6202,0.8537161120653002,-0.9302858277779062,0,0,91.208,90.856,-0.35200000000000387,0.8900000000000006,-0.382000000000005,-0.3186666666666677,0.0,0.08699999999999974,0.26815909456887665,-0.3186666666666677,0,0,2025,Miami Grand Prix,0.0,19,0.0
RUS,35,0 days 00:01:30.856000,MEDIUM,3.0,True,0 days 01:53:26.264000,26.1,3,35.9,0 days 00:00:30.327000,0 days 00:00:34.820000,0 days 00:00:25.709000,1,90.856,6806.264,3.157999999999447,False,True,False,3.0,0.0,0.0,30.327,34.82,25.709,0,0,0,0.0,91.3814,0.8804986087438579,-0.596707359651089,0,0,90.826,91.119,0.29300000000000637,0.5079999999999956,0.030000000000001137,-0.5216666666666706,0.0,0.06299999999999883,0.2633932421304686,-0.5216666666666706,0,0,2025,Miami Grand Prix,0.0,19,0.0
RUS,36,0 days 00:01:31.119000,MEDIUM,4.0,True,0 days 01:54:57.383000,26.1,3,35.5,0 days 00:00:30.419000,0 days 00:00:34.851000,0 days 00:00:25.849000,1,91.119,6897.383,2.868000000000393,False,True,False,4.0,0.0,0.0,30.419,34.851,25.849,0,0,0,0.0,91.1198,0.7782224617677389,-0.001027983692710345,0,0,90.856,91.197,0.3410000000000082,0.5379999999999967,0.26300000000000523,0.17933333333333223,0.0,0.14000000000000057,0.2614589833989255,0.17933333333333223,0,0,2025,Miami Grand Prix,0.0,19,0.0
RUS,37,0 days 00:01:31.197000,MEDIUM,5.0,True,0 days 01:56:28.580000,26.1,3,35.7,0 days 00:00:30.416000,0 days 00:00:34.951000,0 days 00:00:25.830000,1,91.197,6988.58,2.42200000000048,False,True,False,5.0,0.0,0.0,30.416,34.951,25.83,0,0,0,0.0,90.8654,0.347482085868906,0.9542937995517586,0,0,91.119,90.859,-0.2600000000000051,0.8010000000000019,0.07800000000000296,-0.029666666666666213,0.0,0.12099999999999866,0.22872734860527616,-0.029666666666666213,0,0,2025,Miami Grand Prix,0.0,19,0.0
RUS,38,0 days 00:01:30.859000,MEDIUM,6.0,True,0 days 01:57:59.439000,26.2,3,36.0,0 days 00:00:30.202000,0 days 00:00:34.839000,0 days 00:00:25.818000,1,90.859,7079.439,2.5549999999993815,False,True,False,6.0,0.0,0.0,30.202,34.839,25.818,0,0,0,0.0,91.0412,0.18625171140106317,-0.978246044717787,0,0,91.197,91.0,-0.19700000000000273,0.3710000000000093,-0.33800000000000807,0.12366666666666977,0.0,0.10900000000000176,0.1288223583078651,0.12366666666666977,0,0,2025,Miami Grand Prix,0.0,19,0.0
RUS,39,0 days 00:01:31,MEDIUM,7.0,True,0 days 01:59:30.439000,26.2,3,35.7,0 days 00:00:30.272000,0 days 00:00:34.908000,0 days 00:00:25.820000,1,91.0,7170.439,2.3479999999999563,False,True,False,7.0,0.0,0.0,30.272,34.908,25.82,0,0,0,0.0,90.97139999999999,0.17304132454364426,0.1652784389823487,0,0,90.859,90.903,0.04400000000001114,0.03300000000000125,0.14100000000000534,0.001000000000000038,0.0,0.0019999999999988916,0.029916550603303525,0.001000000000000038,0,0,2025,Miami Grand Prix,0.0,19,0.0
RUS,40,0 days 00:01:30.903000,MEDIUM,8.0,True,0 days 02:01:01.342000,26.2,3,35.5,0 days 00:00:30.201000,0 days 00:00:34.895000,0 days 00:00:25.807000,1,90.903,7261.342,2.188000000000102,False,True,False,8.0,0.0,0.0,30.201,34.895,25.807,0,0,0,0.0,91.0062,0.15280281410962776,-0.675380231714585,0,0,91.0,90.848,-0.15200000000000102,0.14400000000000546,-0.0969999999999942,-0.03966666666666659,0.0,-0.011000000000002785,0.05533985905294722,-0.03966666666666659,0,0,2025,Miami Grand Prix,0.0,19,0.0
RUS,41,0 days 00:01:30.848000,MEDIUM,9.0,True,0 days 02:02:32.190000,26.2,3,35.1,0 days 00:00:30.198000,0 days 00:00:34.915000,0 days 00:00:25.735000,1,90.848,7352.19,1.8060000000004948,False,True,False,9.0,0.0,0.0,30.198,34.915,25.735,0,0,0,0.0,91.0156,0.14234043698057627,-1.1774587991666623,0,0,90.903,90.755,-0.14800000000001035,0.04400000000001114,-0.05500000000000682,-0.09799999999999898,0.0,-0.07199999999999918,0.0710330908802381,-0.09799999999999898,0,0,2025,Miami Grand Prix,0.0,19,0.0
RUS,42,0 days 00:01:30.755000,MEDIUM,10.0,True,0 days 02:04:02.945000,26.1,3,34.9,0 days 00:00:30.082000,0 days 00:00:34.867000,0 days 00:00:25.806000,1,90.755,7442.945,1.7359999999998763,False,True,False,10.0,0.0,0.0,30.082,34.867,25.806,0,0,0,0.0,90.9614,0.14470072563680167,-1.4263922941068412,0,0,90.848,90.96,0.11199999999999477,0.0,-0.09300000000000352,-0.0036666666666652268,0.0,0.0710000000000015,0.08275083081153947,-0.0036666666666652268,0,0,2025,Miami Grand Prix,0.0,19,0.0
RUS,43,0 days 00:01:30.960000,MEDIUM,11.0,True,0 days 02:05:33.905000,26.0,3,35.2,0 days 00:00:30.116000,0 days 00:00:35.035000,0 days 00:00:25.809000,1,90.96,7533.905,1.5510000000003856,False,True,False,11.0,0.0,0.0,30.116,35.035,25.809,0,0,0,0.0,90.873,0.08912631485599386,0.9761426817720403,0,0,90.755,90.795,0.04000000000000625,0.0,0.2049999999999983,-0.08166666666666818,0.0,0.07400000000000162,0.07118777985019706,-0.08166666666666818,0,0,2025,Miami Grand Prix,0.0,19,0.0
RUS,44,0 days 00:01:30.795000,MEDIUM,12.0,True,0 days 02:07:04.700000,26.0,3,35.6,0 days 00:00:30.109000,0 days 00:00:34.904000,0 days 00:00:25.782000,1,90.795,7624.7,1.5780000000004293,False,True,False,12.0,0.0,0.0,30.109,34.904,25.782,0,0,0,0.0,90.89320000000001,0.09631562697616303,-1.019564561670859,0,0,90.96,90.837,-0.12299999999999045,0.2049999999999983,-0.16499999999999204,0.018999999999995982,0.0,0.0470000000000006,0.06125112243869566,0.018999999999995982,0,0,2025,Miami Grand Prix,0.0,19,0.0
RUS,45,0 days 00:01:30.837000,MEDIUM,13.0,True,0 days 02:08:35.537000,26.0,3,35.8,0 days 00:00:30.161000,0 days 00:00:34.916000,0 days 00:00:25.760000,1,90.837,7715.537,1.3840000000000146,False,True,False,13.0,0.0,0.0,30.161,34.916,25.76,0,0,0,0.0,90.8522,0.08206521796600501,-0.18521854174919147,0,0,90.795,90.778,-0.016999999999995907,0.04000000000000625,0.04200000000000159,-0.01766666666666576,0.0,-0.021999999999998465,0.06255957160978713,-0.01766666666666576,0,0,2025,Miami Grand Prix,0.0,19,0.0
RUS,46,0 days 00:01:30.778000,MEDIUM,14.0,True,0 days 02:10:06.315000,26.0,3,35.4,0 days 00:00:30.145000,0 days 00:00:34.837000,0 days 00:00:25.796000,1,90.778,7806.315,1.5830000000005384,False,True,False,14.0,0.0,0.0,30.145,34.837,25.796,0,0,0,0.0,90.839,0.07700324668354357,-0.7921743903952715,0,0,90.837,90.879,0.04200000000000159,0.08200000000000784,-0.0589999999999975,0.027333333333335947,0.0,0.03599999999999781,0.06417398226695933,0.027333333333335947,0,0,2025,Miami Grand Prix,0.0,19,0.0
RUS,47,0 days 00:01:30.879000,MEDIUM,15.0,True,0 days 02:11:37.194000,26.1,3,35.3,0 days 00:00:30.224000,0 days 00:00:34.884000,0 days 00:00:25.771000,1,90.879,7897.194,1.839999999999236,False,True,False,15.0,0.0,0.0,30.224,34.884,25.771,0,0,0,0.0,90.825,0.08120652683008668,0.6649711803706309,0,0,90.778,90.821,0.042999999999992156,0.023000000000010346,0.10099999999999909,-0.06066666666666265,0.0,0.010999999999999233,0.03879046274537076,-0.06066666666666265,0,0,2025,Miami Grand Prix,0.0,19,0.0
RUS,48,0 days 00:01:30.821000,MEDIUM,16.0,True,0 days 02:13:08.015000,26.0,3,35.3,0 days 00:00:30.211000,0 days 00:00:34.846000,0 days 00:00:25.764000,1,90.821,7988.015,1.8979999999992287,False,True,False,16.0,0.0,0.0,30.211,34.846,25.764,0,0,0,0.0,90.84979999999999,0.0730047943617881,-0.3944946390406397,0,0,90.879,90.942,0.06299999999998818,0.10099999999999909,-0.058000000000006935,0.028000000000001062,0.0,0.003999999999997783,0.03647876094386967,0.028000000000001062,0,0,2025,Miami Grand Prix,0.0,19,0.0
RUS,49,0 days 00:01:30.942000,MEDIUM,17.0,True,0 days 02:14:38.957000,26.1,3,35.0,0 days 00:00:30.212000,0 days 00:00:34.999000,0 days 00:00:25.731000,1,90.942,8078.957,1.545999999999367,False,True,False,17.0,0.0,0.0,30.212,34.999,25.731,0,0,0,0.0,90.822,0.03917907604583798,3.062859365534681,0,0,90.821,90.752,-0.06900000000000261,0.042999999999992156,0.12099999999999511,-0.005333333333335115,0.0,-0.0329999999999977,0.02725252281899717,-0.005333333333335115,0,0,2025,Miami Grand Prix,0.0,19,0.0
RUS,50,0 days 00:01:30.752000,MEDIUM,18.0,True,0 days 02:16:09.709000,26.0,3,35.1,0 days 00:00:30.173000,0 days 00:00:34.797000,0 days 00:00:25.782000,1,90.752,8169.709,1.4620000000004438,False,True,False,18.0,0.0,0.0,30.173,34.797,25.782,0,0,0,0.0,90.85140000000001,0.06222780728747522,-1.5973566213062367,1,0,90.942,90.644,-0.2979999999999876,0.16399999999998727,-0.18999999999999773,0.05466666666666242,0.0,0.05099999999999838,0.02739890508761045,0.05466666666666242,0,0,2025,Miami Grand Prix,0.0,19,0.0
RUS,51,0 days 00:01:30.644000,MEDIUM,19.0,True,0 days 02:17:40.353000,26.0,3,35.0,0 days 00:00:30.093000,0 days 00:00:34.846000,0 days 00:00:25.705000,1,90.644,8260.353,1.3520000000007713,False,True,False,19.0,0.0,0.0,30.093,34.846,25.705,0,0,0,0.0,90.83439999999999,0.07700194802604803,-2.4726647166844993,1,1,90.752,90.637,-0.11499999999999488,0.0,-0.10799999999998988,-0.04233333333333652,0.0,-0.026000000000003354,0.03229086558145961,-0.04233333333333652,0,0,2025,Miami Grand Prix,0.0,19,0.0
RUS,52,0 days 00:01:30.637000,MEDIUM,20.0,True,0 days 02:19:10.990000,25.9,3,34.9,0 days 00:00:30.065000,0 days 00:00:34.810000,0 days 00:00:25.762000,1,90.637,8350.99,1.4879999999993743,False,True,False,20.0,0.0,0.0,30.065,34.81,25.762,0,0,0,0.0,90.80760000000001,0.11532259102103355,-1.4793285382297028,0,1,90.644,90.518,-0.12600000000000477,0.0,-0.007000000000005002,-0.0589999999999975,0.0,0.05700000000000216,0.03351566797782716,-0.0589999999999975,0,0,2025,Miami Grand Prix,0.0,19,0.0
RUS,53,0 days 00:01:30.518000,MEDIUM,21.0,True,0 days 02:20:41.508000,26.0,3,35.0,0 days 00:00:30.048000,0 days 00:00:34.700000,0 days 00:00:25.770000,1,90.518,8441.508,1.856999999999971,False,True,False,21.0,0.0,0.0,30.048,34.7,25.77,0,0,0,0.0,90.75919999999999,0.12795585176068186,-1.8850251604835768,1,0,90.637,90.516,-0.12099999999999511,0.0,-0.11899999999999977,-0.1016666666666642,0.0,0.06500000000000128,0.04203926735803117,-0.1016666666666642,0,0,2025,Miami Grand Prix,0.0,19,0.0
RUS,54,0 days 00:01:30.516000,MEDIUM,22.0,True,0 days 02:22:12.024000,25.9,3,34.9,0 days 00:00:29.877000,0 days 00:00:34.924000,0 days 00:00:25.715000,1,90.516,8532.024,2.9470000000001164,False,True,False,22.0,0.0,0.0,29.877,34.924,25.715,0,0,0,0.0,90.6986,0.15928527866629402,-1.1463708481343369,0,1,90.518,90.789,0.2710000000000008,0.0,-0.001999999999995339,-0.07799999999999822,0.0,0.010000000000001563,0.04806453994370536,-0.07799999999999822,0,0,2025,Miami Grand Prix,0.0,19,0.0
RUS,55,0 days 00:01:30.789000,MEDIUM,23.0,True,0 days 02:23:42.813000,25.9,3,34.9,0 days 00:00:30.054000,0 days 00:00:34.941000,0 days 00:00:25.794000,1,90.789,8622.813,2.6810000000004948,False,True,False,23.0,0.0,0.0,30.054,34.941,25.794,0,0,0,0.0,90.6134,0.0991100398536722,1.7717680293465907,0,0,90.516,91.001,0.48499999999999943,0.0,0.27299999999999613,-0.04266666666666671,0.0,0.07900000000000063,0.03847466699011314,-0.04266666666666671,0,0,2025,Miami Grand Prix,0.0,19,0.0
RUS,56,0 days 00:01:31.001000,MEDIUM,24.0,True,0 days 02:25:13.814000,26.0,3,34.9,0 days 00:00:30.071000,0 days 00:00:35.199000,0 days 00:00:25.731000,1,91.001,8713.814,2.331000000000131,False,True,False,24.0,0.0,0.0,30.071,35.199,25.731,0,0,0,0.0,90.6208,0.11251977603869034,3.3789615780009097,0,0,90.789,91.005,0.21599999999999397,0.27299999999999613,0.2120000000000033,0.050666666666667005,0.0,0.01600000000000179,0.04372070447739979,0.050666666666667005,0,0,2025,Miami Grand Prix,0.0,19,0.0
SAI,4,0 days 00:01:32.521000,nan,,True,0 days 01:04:25.183000,26.5,7,38.6,0 days 00:00:31.809000,0 days 00:00:34.925000,0 days 00:00:25.787000,1,92.521,3865.183,1.4969999999998436,False,False,True,0.0,0.0,0.0,31.809,34.925,25.787,0,0,0,0.0,90.7658,0.24335098109480086,7.212627588775732,0,0,92.521,92.332,-0.18900000000000716,2.0049999999999955,0.0,0.1629999999999967,0.0,0.055999999999997385,0.030425318404249325,0.0,0,0,2025,Miami Grand Prix,0.0,19,0.0
SAI,5,0 days 00:01:32.332000,nan,,True,0 days 01:05:57.515000,26.4,6,38.4,0 days 00:00:31.915000,0 days 00:00:34.600000,0 days 00:00:25.817000,1,92.332,3957.515,0.9500000000002728,False,False,True,0.0,0.0,0.0,31.915,34.6,25.817,0,0,0,0.0,,,0.0,0,0,92.521,93.317,0.7959999999999923,0.0,-0.18900000000000716,0.0,0.0,0.0,0.0,0.0,0,1,2025,Miami Grand Prix,0.0,19,0.0
SAI,6,0 days 00:01:33.317000,nan,,True,0 days 01:07:30.832000,26.5,6,38.5,0 days 00:00:32.042000,0 days 00:00:35.214000,0 days 00:00:26.061000,1,93.317,4050.832,0.8389999999999418,False,False,True,0.0,0.0,0.0,32.042,35.214,26.061,0,0,0,0.0,,,0.0,0,0,92.332,93.029,0.6970000000000027,0.0,0.9849999999999994,-0.09450000000000358,0.0,0.2740000000000009,0.0,0.0,0,1,2025,Miami Grand Prix,0.0,19,0.0
SAI,7,0 days 00:01:33.029000,nan,,True,0 days 01:09:03.861000,26.6,6,38.9,0 days 00:00:31.847000,0 days 00:00:35.302000,0 days 00:00:25.880000,1,93.029,4143.861,0.7920000000003711,False,False,True,0.0,0.0,0.0,31.847,35.302,25.88,0,0,0,0.0,92.72333333333331,0.5227430853998263,0.5847359347333856,0,0,93.317,93.23,-0.08699999999998909,0.9849999999999994,-0.2879999999999967,0.26533333333333076,0.0,0.09299999999999997,0.14476187343358157,0.39799999999999613,0,1,2025,Miami Grand Prix,0.0,19,0.0
SAI,8,0 days 00:01:33.230000,nan,,True,0 days 01:10:37.091000,26.6,6,38.9,0 days 00:00:32.219000,0 days 00:00:35.213000,0 days 00:00:25.798000,1,93.23,4237.091,0.6790000000000873,False,False,True,0.0,0.0,0.0,32.219,35.213,25.798,0,0,0,0.0,92.79974999999999,0.4533559124278981,0.9490336140006607,0,0,93.029,93.1,0.07099999999999795,0.6970000000000027,0.20100000000000762,0.16933333333333186,0.0,-0.019000000000001904,0.11850281290613678,0.16933333333333186,0,1,2025,Miami Grand Prix,0.0,19,0.0
SAI,9,0 days 00:01:33.100000,nan,,True,0 days 01:12:10.191000,26.7,6,39.0,0 days 00:00:32.057000,0 days 00:00:35.191000,0 days 00:00:25.852000,1,93.1,4330.191,0.5929999999998472,False,False,True,0.0,0.0,0.0,32.057,35.191,25.852,0,0,0,0.0,92.88579999999999,0.43723186068721237,0.48990025489757255,0,0,93.23,92.906,-0.32399999999999807,0.8980000000000103,-0.13000000000000966,0.2993333333333368,0.0,0.054000000000002046,0.11681053034722604,0.2993333333333368,0,1,2025,Miami Grand Prix,0.0,19,0.0
SAI,10,0 days 00:01:32.906000,nan,,True,0 days 01:13:43.097000,26.7,6,38.9,0 days 00:00:31.785000,0 days 00:00:35.077000,0 days 00:00:26.044000,1,92.906,4423.097,0.5210000000006403,False,False,True,0.0,0.0,0.0,31.785,35.077,26.044,0,0,0,0.0,93.0016,0.3906536829469348,-0.2447180307601922,0,0,93.1,93.652,0.5520000000000067,0.7680000000000007,-0.1939999999999884,-0.07233333333333292,0.0,0.24600000000000222,0.11692005815941145,-0.07233333333333292,0,1,2025,Miami Grand Prix,0.0,19,0.0
SAI,11,0 days 00:01:33.652000,nan,,True,0 days 01:15:16.749000,26.6,6,38.5,0 days 00:00:32.131000,0 days 00:00:35.402000,0 days 00:00:26.119000,1,93.652,4516.749,0.43800000000010186,False,False,True,0.0,0.0,0.0,32.131,35.402,26.119,0,0,0,0.0,93.1164,0.16226613941300952,3.300750248557778,0,0,92.906,93.379,0.472999999999999,0.0,0.7459999999999951,-0.04099999999999682,0.0,0.3210000000000015,0.12603293220424677,-0.04099999999999682,0,1,2025,Miami Grand Prix,0.0,19,0.0
SAI,12,0 days 00:01:33.379000,nan,,True,0 days 01:16:50.128000,26.8,6,38.2,0 days 00:00:31.761000,0 days 00:00:35.480000,0 days 00:00:26.138000,1,93.379,4610.128,0.5740000000005239,False,False,True,0.0,0.0,0.0,31.761,35.48,26.138,0,0,0,0.0,93.18339999999999,0.28701184644541183,0.6815049706919161,0,0,93.652,93.044,-0.6080000000000041,0.7459999999999951,-0.27299999999999613,0.1406666666666657,0.0,0.28600000000000136,0.1404261371682648,0.1406666666666657,0,1,2025,Miami Grand Prix,0.0,19,0.0
SAI,13,0 days 00:01:33.044000,nan,,True,0 days 01:18:23.172000,26.7,6,38.2,0 days 00:00:31.755000,0 days 00:00:35.274000,0 days 00:00:26.015000,1,93.044,4703.172,0.5610000000006039,False,False,True,0.0,0.0,0.0,31.755,35.274,26.015,0,0,0,0.0,93.25340000000001,0.2825876855066503,-0.7410089354197585,0,0,93.379,93.614,0.23499999999999943,0.472999999999999,-0.33500000000000796,0.09300000000000352,0.0,-0.028999999999999915,0.15076571228233665,0.09300000000000352,0,1,2025,Miami Grand Prix,0.0,19,0.0
SAI,14,0 days 00:01:33.614000,nan,,True,0 days 01:19:56.786000,26.6,7,37.6,0 days 00:00:31.769000,0 days 00:00:36.128000,0 days 00:00:25.717000,1,93.614,4796.786,1.4769999999998618,False,False,True,0.0,0.0,0.0,31.769,36.128,25.717,0,0,0,0.0,93.2162,0.298246877603112,1.333794349154497,0,0,93.044,93.538,0.4939999999999998,0.13799999999999102,0.5700000000000074,0.04599999999999701,0.0,-0.2980000000000018,0.15405615859159974,0.04599999999999701,0,0,2025,Miami Grand Prix,0.0,19,0.0
SAI,15,0 days 00:01:33.538000,nan,,True,0 days 01:21:30.324000,26.5,7,37.6,0 days 00:00:32.329000,0 days 00:00:35.410000,0 days 00:00:25.799000,1,93.538,4890.324,1.3479999999999563,False,False,True,0.0,0.0,0.0,32.329,35.41,25.799,0,0,0,0.0,93.319,0.3345549282255545,0.6546010281825706,0,0,93.614,92.915,-0.6989999999999981,0.7079999999999984,-0.07600000000000762,-0.012666666666665568,0.0,0.08200000000000074,0.26441577108788505,-0.012666666666665568,0,0,2025,Miami Grand Prix,0.0,19,0.0
SAI,16,0 days 00:01:32.915000,nan,,True,0 days 01:23:03.239000,26.6,7,37.7,0 days 00:00:31.794000,0 days 00:00:35.040000,0 days 00:00:26.081000,1,92.915,4983.239,1.6400000000003274,False,False,True,0.0,0.0,0.0,31.794,35.04,26.081,0,0,0,0.0,93.44539999999999,0.24759604197160728,-2.1421990261896386,1,0,93.538,92.857,-0.6809999999999974,0.4939999999999998,-0.6229999999999905,0.05299999999999727,0.0,0.36400000000000077,0.25248623724868785,0.05299999999999727,0,0,2025,Miami Grand Prix,0.0,19,0.0
SAI,17,0 days 00:01:32.857000,nan,,True,0 days 01:24:36.096000,26.5,7,37.6,0 days 00:00:31.776000,0 days 00:00:35.119000,0 days 00:00:25.962000,1,92.857,5076.096,1.8330000000005384,False,False,True,0.0,0.0,0.0,31.776,35.119,25.962,0,0,0,0.0,93.298,0.30627683555895713,-1.4398738291623483,0,1,92.915,93.257,0.34199999999999875,0.0,-0.058000000000006935,-0.042999999999996895,0.0,0.245000000000001,0.2635602397934874,-0.042999999999996895,0,0,2025,Miami Grand Prix,0.0,19,0.0
SAI,18,0 days 00:01:33.257000,nan,,True,0 days 01:26:09.353000,26.8,7,37.8,0 days 00:00:31.574000,0 days 00:00:35.730000,0 days 00:00:25.953000,1,93.257,5169.353,1.8450000000002547,False,False,True,0.0,0.0,0.0,31.574,35.73,25.953,0,0,0,0.0,93.19359999999999,0.356596831169338,0.17779182106615174,0,0,92.857,92.546,-0.31099999999999284,0.0,0.4000000000000057,-0.252333333333335,0.0,0.15399999999999991,0.2561204794623041,-0.252333333333335,0,0,2025,Miami Grand Prix,0.0,19,0.0
SAI,19,0 days 00:01:32.546000,nan,,True,0 days 01:27:41.899000,26.8,7,38.0,0 days 00:00:31.548000,0 days 00:00:35.135000,0 days 00:00:25.863000,1,92.546,5261.899,1.9089999999996508,False,False,True,0.0,0.0,0.0,31.548,35.135,25.863,0,0,0,0.0,93.23620000000001,0.34684679615070857,-1.9899275635808533,1,0,93.257,92.658,-0.5990000000000038,0.4000000000000057,-0.7109999999999985,-0.0936666666666639,0.0,-0.08999999999999986,0.25095975773019963,-0.0936666666666639,0,0,2025,Miami Grand Prix,0.0,19,0.0
SAI,20,0 days 00:01:32.658000,nan,,True,0 days 01:29:14.557000,26.6,7,37.6,0 days 00:00:31.616000,0 days 00:00:35.121000,0 days 00:00:25.921000,1,92.658,5354.557,1.9220000000004802,False,False,True,0.0,0.0,0.0,31.616,35.121,25.921,0,0,0,0.0,93.0226,0.3829912531638572,-0.9519799655685793,0,1,92.546,93.213,0.6669999999999874,0.0,0.11199999999999477,-0.12299999999999993,0.0,0.05799999999999983,0.17106723824274497,-0.12299999999999993,0,0,2025,Miami Grand Prix,0.0,19,0.0
SAI,21,0 days 00:01:33.213000,nan,,True,0 days 01:30:47.770000,26.5,7,37.6,0 days 00:00:31.616000,0 days 00:00:35.627000,0 days 00:00:25.970000,1,93.213,5447.77,1.381999999999607,False,False,True,0.0,0.0,0.0,31.616,35.627,25.97,0,0,0,0.0,92.84660000000001,0.2734708393961519,1.339813783469669,0,0,92.658,92.858,0.20000000000000284,0.11199999999999477,0.5549999999999926,-0.06633333333333269,0.0,0.10699999999999932,0.17380218640742154,-0.06633333333333269,0,0,2025,Miami Grand Prix,0.0,19,0.0
SAI,22,0 days 00:01:32.858000,nan,,True,0 days 01:32:20.628000,26.7,7,37.8,0 days 00:00:31.517000,0 days 00:00:35.455000,0 days 00:00:25.886000,1,92.858,5540.628,1.2590000000000146,False,False,True,0.0,0.0,0.0,31.517,35.455,25.886,0,0,0,0.0,92.9062,0.3205287818590217,-0.150376511339921,0,0,93.213,92.557,-0.6559999999999917,0.6669999999999874,-0.35499999999998977,-0.01466666666667038,0.0,0.022999999999999687,0.12421634353014922,-0.01466666666667038,0,0,2025,Miami Grand Prix,0.0,19,0.0
SAI,23,0 days 00:01:32.557000,nan,,True,0 days 01:33:53.185000,26.8,7,37.9,0 days 00:00:31.452000,0 days 00:00:35.203000,0 days 00:00:25.902000,1,92.557,5633.185,1.3869999999997162,False,False,True,0.0,0.0,0.0,31.452,35.203,25.902,0,0,0,0.0,92.90639999999999,0.3204907174943266,-1.0902031819569744,0,0,92.858,92.846,-0.012000000000000455,0.3119999999999976,-0.30100000000000193,0.1039999999999992,0.0,0.01600000000000179,0.09281325336394562,0.1039999999999992,0,0,2025,Miami Grand Prix,0.0,19,0.0
SAI,24,0 days 00:01:32.846000,nan,,True,0 days 01:35:26.031000,26.8,7,37.7,0 days 00:00:31.590000,0 days 00:00:35.361000,0 days 00:00:25.895000,1,92.846,5726.031,1.399000000000342,False,False,True,0.0,0.0,0.0,31.59,35.361,25.895,0,0,0,0.0,92.7664,0.2792924990042563,0.2850058640450138,0,0,92.557,91.198,-1.3590000000000089,0.01099999999999568,0.2890000000000015,-0.033666666666666366,0.0,0.009000000000000341,0.07262712991713187,-0.033666666666666366,0,0,2025,Miami Grand Prix,0.0,19,0.0
SAI,27,0 days 00:01:31.198000,MEDIUM,9.0,True,0 days 01:40:20.289000,26.6,10,37.0,0 days 00:00:30.793000,0 days 00:00:34.978000,0 days 00:00:25.427000,1,91.198,6020.289,0.7440000000005966,False,True,False,9.0,0.0,0.0,30.793,34.978,25.427,0,0,0,0.0,92.8264,0.25088702636851584,-6.490570770320085,1,0,92.846,91.546,-1.2999999999999972,0.2890000000000015,-1.6480000000000103,-0.12233333333333007,0.0,-0.45899999999999963,0.0406361907663593,-0.12233333333333007,0,1,2025,Miami Grand Prix,0.0,19,0.0
SAI,30,0 days 00:01:31.546000,MEDIUM,12.0,True,0 days 01:45:35.273000,26.5,8,36.4,0 days 00:00:31.135000,0 days 00:00:34.709000,0 days 00:00:25.702000,1,91.546,6335.273,3.719000000000051,False,True,False,12.0,0.0,0.0,31.135,34.709,25.702,0,0,0,0.0,92.5344,0.7824297412548163,-1.2632444140158308,0,1,91.198,92.773,1.5750000000000028,0.0,0.3480000000000132,-0.5533333333333369,0.0,0.27500000000000213,0.22611545723368837,-0.5533333333333369,0,0,2025,Miami Grand Prix,0.0,19,0.0
SAI,31,0 days 00:01:32.773000,MEDIUM,13.0,True,0 days 01:47:08.046000,26.5,7,36.0,0 days 00:00:31.828000,0 days 00:00:35.197000,0 days 00:00:25.748000,1,92.773,6428.046,0.6469999999999345,False,True,False,13.0,0.0,0.0,31.828,35.197,25.748,0,0,0,0.0,92.201,0.7761191918772002,0.7370002004672837,0,0,91.546,91.597,0.05099999999998772,0.3480000000000132,1.2269999999999897,-0.3369999999999986,0.0,0.3210000000000015,0.2662108187132902,-0.3369999999999986,0,1,2025,Miami Grand Prix,0.0,19,0.0
SAI,32,0 days 00:01:31.597000,MEDIUM,14.0,True,0 days 01:48:39.643000,26.4,7,36.4,0 days 00:00:30.968000,0 days 00:00:34.799000,0 days 00:00:25.830000,1,91.597,6519.643,0.6909999999998035,False,True,False,14.0,0.0,0.0,30.968,34.799,25.83,0,0,0,0.0,92.184,0.7588698834451906,-0.7735186397634917,0,0,92.773,91.979,-0.7939999999999969,1.5750000000000028,-1.176000000000002,-0.024333333333335833,0.0,0.4029999999999987,0.3100141932234722,-0.024333333333335833,0,1,2025,Miami Grand Prix,0.0,19,0.0
SAI,34,0 days 00:01:31.979000,HARD,2.0,True,0 days 01:52:13.075000,26.2,9,36.1,0 days 00:00:32.051000,0 days 00:00:34.482000,0 days 00:00:25.446000,1,91.979,6733.075,4.020000000000437,True,False,False,2.0,0.0,0.0,32.051,34.482,25.446,0,0,0,0.0,91.99199999999999,0.762340803053428,-0.017052740648174285,0,0,91.597,90.703,-0.8939999999999912,0.3990000000000009,0.382000000000005,0.1330000000000003,0.0,-0.2560000000000002,0.35055555907730235,0.1330000000000003,0,0,2025,Miami Grand Prix,0.0,19,0.0
SAI,35,0 days 00:01:30.703000,HARD,3.0,True,0 days 01:53:43.778000,26.1,9,35.9,0 days 00:00:30.771000,0 days 00:00:34.504000,0 days 00:00:25.428000,1,90.703,6823.778,4.726999999999862,True,False,False,3.0,0.0,0.0,30.771,34.504,25.428,0,0,0,0.0,91.81859999999999,0.6010759519396619,-1.8560050462840247,1,0,91.979,91.132,-0.8469999999999942,0.7810000000000059,-1.2759999999999962,0.1443333333333309,0.0,-0.018000000000000682,0.3876728001807712,0.1443333333333309,0,0,2025,Miami Grand Prix,0.0,19,0.0
SAI,36,0 days 00:01:31.132000,HARD,4.0,True,0 days 01:55:14.910000,26.1,9,35.5,0 days 00:00:30.717000,0 days 00:00:34.887000,0 days 00:00:25.528000,1,91.132,6914.91,4.882000000000517,True,False,False,4.0,0.0,0.0,30.717,34.887,25.528,0,0,0,0.0,91.7196,0.7509299567870398,-0.7824964161958922,0,1,90.703,91.0,0.29699999999999704,0.0,0.42900000000000205,-0.6899999999999977,0.0,0.09999999999999787,0.27468618458160615,-0.6899999999999977,0,0,2025,Miami Grand Prix,0.0,19,0.0
SAI,37,0 days 00:01:31,HARD,5.0,True,0 days 01:56:45.910000,26.1,9,35.7,0 days 00:00:30.694000,0 days 00:00:34.717000,0 days 00:00:25.589000,1,91.0,7005.91,5.3770000000004075,True,False,False,5.0,0.0,0.0,30.694,34.717,25.589,0,0,0,0.0,91.63680000000001,0.796310366628616,-0.799688195315181,0,0,91.132,91.414,0.2819999999999965,0.42900000000000205,-0.132000000000005,-0.1549999999999964,0.0,0.1609999999999978,0.2649575437688085,-0.1549999999999964,0,0,2025,Miami Grand Prix,0.0,19,0.0
SAI,38,0 days 00:01:31.414000,HARD,6.0,True,0 days 01:58:17.324000,26.2,9,36.0,0 days 00:00:30.902000,0 days 00:00:34.796000,0 days 00:00:25.716000,1,91.414,7097.324,5.162000000000262,True,False,False,6.0,0.0,0.0,30.902,34.796,25.716,0,0,0,0.0,91.2822,0.5055439644583577,0.26070927410083816,0,0,91.0,91.285,0.2849999999999966,0.29699999999999704,0.4140000000000015,-0.3263333333333331,0.0,0.28800000000000026,0.24174883660526633,-0.3263333333333331,0,0,2025,Miami Grand Prix,0.0,19,0.0
SAI,39,0 days 00:01:31.285000,HARD,7.0,True,0 days 01:59:48.609000,26.2,9,35.7,0 days 00:00:30.870000,0 days 00:00:34.762000,0 days 00:00:25.653000,1,91.285,7188.609,5.433999999999287,True,False,False,7.0,0.0,0.0,30.87,34.762,25.653,0,0,0,0.0,91.2456,0.4831855751161054,0.08154216936325771,0,0,91.414,91.558,0.14400000000000546,0.7109999999999985,-0.1290000000000049,0.23699999999999952,0.0,0.125,0.20591260281973986,0.23699999999999952,0,0,2025,Miami Grand Prix,0.0,19,0.0
SAI,40,0 days 00:01:31.558000,HARD,8.0,True,0 days 02:01:20.167000,26.2,9,35.5,0 days 00:00:30.926000,0 days 00:00:34.951000,0 days 00:00:25.681000,1,91.558,7280.167,5.2039999999997235,True,False,False,8.0,0.0,0.0,30.926,34.951,25.681,0,0,0,0.0,91.10679999999999,0.27441884046162934,1.6442019769524656,0,0,91.285,91.21,-0.07500000000000284,0.5819999999999936,0.27300000000001035,0.05099999999999719,0.0,0.0920000000000023,0.11039338748312819,0.05099999999999719,0,0,2025,Miami Grand Prix,0.0,19,0.0
SAI,41,0 days 00:01:31.210000,HARD,9.0,True,0 days 02:02:51.377000,26.1,9,34.9,0 days 00:00:30.757000,0 days 00:00:34.847000,0 days 00:00:25.606000,1,91.21,7371.377,5.338999999999942,True,False,False,9.0,0.0,0.0,30.757,34.847,25.606,0,0,0,0.0,91.2778,0.2211022387952588,-0.3066454703011324,0,0,91.558,91.159,-0.3990000000000009,0.5580000000000069,-0.3480000000000132,0.1860000000000023,0.0,-0.046999999999997044,0.08000437488037766,0.1860000000000023,0,0,2025,Miami Grand Prix,0.0,19,0.0
SAI,42,0 days 00:01:31.159000,HARD,10.0,True,0 days 02:04:22.536000,26.1,9,34.9,0 days 00:00:30.790000,0 days 00:00:34.833000,0 days 00:00:25.536000,1,91.159,7462.536,5.390999999999622,True,False,False,10.0,0.0,0.0,30.79,34.833,25.536,0,0,0,0.0,91.29339999999999,0.21075293592325928,-0.637713536047364,0,0,91.21,91.248,0.038000000000010914,0.20999999999999375,-0.05099999999998772,-0.06800000000000257,0.0,-0.07000000000000028,0.12096569761713319,-0.06800000000000257,0,0,2025,Miami Grand Prix,0.0,19,0.0
SAI,43,0 days 00:01:31.248000,HARD,11.0,True,0 days 02:05:53.784000,26.0,9,35.3,0 days 00:00:30.782000,0 days 00:00:34.860000,0 days 00:00:25.606000,1,91.248,7553.784,5.372000000000298,True,False,False,11.0,0.0,0.0,30.782,34.86,25.606,0,0,0,0.0,91.3252,0.16170250461965024,-0.4774199396699338,0,0,91.159,91.157,-0.0020000000000095497,0.0,0.08899999999999864,-0.04199999999999685,0.0,0.07000000000000028,0.14494240235348624,-0.04199999999999685,0,0,2025,Miami Grand Prix,0.0,19,0.0
SAI,44,0 days 00:01:31.157000,HARD,12.0,True,0 days 02:07:24.941000,26.0,9,35.6,0 days 00:00:30.817000,0 days 00:00:34.723000,0 days 00:00:25.617000,1,91.157,7644.941,5.398000000000138,True,False,False,12.0,0.0,0.0,30.817,34.723,25.617,0,0,0,0.0,91.292,0.15584768204972893,-0.8662304002502161,0,0,91.248,91.288,0.03999999999999204,0.08899999999999864,-0.09100000000000819,-0.1033333333333341,0.0,0.08099999999999952,0.08706032391393904,-0.1033333333333341,0,0,2025,Miami Grand Prix,0.0,19,0.0
SAI,45,0 days 00:01:31.288000,HARD,13.0,True,0 days 02:08:56.229000,26.0,9,35.7,0 days 00:00:30.764000,0 days 00:00:34.929000,0 days 00:00:25.595000,1,91.288,7736.229,5.444999999999709,True,False,False,13.0,0.0,0.0,30.764,34.929,25.595,0,0,0,0.0,91.2664,0.16737174194074184,0.12905404311105156,0,0,91.157,91.038,-0.11899999999999977,0.0,0.13100000000000023,-0.01766666666666576,0.0,0.0589999999999975,0.07723147026957339,-0.01766666666666576,0,0,2025,Miami Grand Prix,0.0,19,0.0
SAI,46,0 days 00:01:31.038000,HARD,14.0,True,0 days 02:10:27.267000,26.0,9,35.4,0 days 00:00:30.791000,0 days 00:00:34.694000,0 days 00:00:25.553000,1,91.038,7827.267,5.833999999999833,True,False,False,14.0,0.0,0.0,30.791,34.694,25.553,0,0,0,0.0,91.2124,0.05680933022212782,-3.069918256703457,1,0,91.288,91.128,-0.1599999999999966,0.13100000000000023,-0.25,0.042999999999996895,0.0,-0.04199999999999804,0.07127622324450054,0.042999999999996895,0,0,2025,Miami Grand Prix,0.0,19,0.0
SAI,47,0 days 00:01:31.128000,HARD,15.0,True,0 days 02:11:58.395000,26.0,9,35.3,0 days 00:00:30.836000,0 days 00:00:34.762000,0 days 00:00:25.530000,1,91.128,7918.395,5.751999999999498,True,False,False,15.0,0.0,0.0,30.836,34.762,25.53,0,0,0,0.0,91.178,0.09669798343447066,-0.5170738646673089,0,1,91.038,90.933,-0.10499999999998977,0.0,0.09000000000000341,-0.07000000000000266,0.0,-0.022999999999999687,0.07015197787660671,-0.07000000000000266,0,0,2025,Miami Grand Prix,0.0,19,0.0
SAI,48,0 days 00:01:30.933000,HARD,16.0,True,0 days 02:13:29.328000,26.0,9,35.3,0 days 00:00:30.810000,0 days 00:00:34.590000,0 days 00:00:25.533000,1,90.933,8009.328,6.346999999999753,True,False,False,16.0,0.0,0.0,30.81,34.59,25.533,0,0,0,0.0,91.1718,0.09918265977626423,-2.4076789283397075,1,0,91.128,90.849,-0.27899999999999636,0.09000000000000341,-0.19499999999999318,-0.009666666666665455,0.0,0.0030000000000001137,0.057074512700503184,-0.009666666666665455,0,0,2025,Miami Grand Prix,0.0,19,0.0
SAI,49,0 days 00:01:30.849000,HARD,17.0,True,0 days 02:15:00.177000,26.0,9,35.0,0 days 00:00:30.804000,0 days 00:00:34.560000,0 days 00:00:25.485000,1,90.849,8100.177,6.628999999999905,True,False,False,17.0,0.0,0.0,30.804,34.56,25.485,0,0,0,0.0,91.1088,0.1329687933325109,-1.9538419014627344,1,1,90.933,90.98,0.046999999999997044,0.0,-0.08400000000000318,-0.11833333333332992,0.0,-0.045000000000001705,0.052742772016645935,-0.11833333333332992,0,0,2025,Miami Grand Prix,0.0,19,0.0
SAI,50,0 days 00:01:30.980000,HARD,18.0,True,0 days 02:16:31.157000,26.0,9,35.1,0 days 00:00:30.735000,0 days 00:00:34.743000,0 days 00:00:25.502000,1,90.98,8191.157,7.011999999999716,True,False,False,18.0,0.0,0.0,30.735,34.743,25.502,0,0,0,0.0,91.0472,0.1709698803892532,-0.3930516875077825,0,1,90.849,90.813,-0.036000000000001364,0.0,0.13100000000000023,-0.06299999999999766,0.0,0.01699999999999946,0.042857904755131654,-0.06299999999999766,0,0,2025,Miami Grand Prix,0.0,19,0.0
SAI,51,0 days 00:01:30.813000,HARD,19.0,True,0 days 02:18:01.970000,26.0,9,34.9,0 days 00:00:30.718000,0 days 00:00:34.541000,0 days 00:00:25.554000,1,90.813,8281.97,7.378000000000611,True,False,False,19.0,0.0,0.0,30.718,34.541,25.554,0,0,0,0.0,90.9856,0.10545283305975019,-1.63675071585992,1,0,90.98,90.763,-0.21699999999999875,0.13100000000000023,-0.1670000000000016,-0.04933333333333204,0.0,0.06899999999999906,0.02736786436680832,-0.04933333333333204,0,0,2025,Miami Grand Prix,0.0,19,0.0
SAI,52,0 days 00:01:30.763000,HARD,20.0,True,0 days 02:19:32.733000,25.9,9,34.9,0 days 00:00:30.640000,0 days 00:00:34.601000,0 days 00:00:25.522000,1,90.763,8372.733,7.851999999998952,True,False,False,20.0,0.0,0.0,30.64,34.601,25.522,0,0,0,0.0,90.9406,0.12389632763054766,-1.4334565309279552,0,1,90.813,90.877,0.06399999999999295,0.0,-0.04999999999999716,-0.040000000000001514,0.0,0.036999999999999034,0.043372802537996406,-0.040000000000001514,0,0,2025,Miami Grand Prix,0.0,19,0.0
SAI,53,0 days 00:01:30.877000,HARD,21.0,True,0 days 02:21:03.610000,26.0,9,34.8,0 days 00:00:30.912000,0 days 00:00:34.464000,0 days 00:00:25.501000,1,90.877,8463.61,8.24200000000019,True,False,False,21.0,0.0,0.0,30.912,34.464,25.501,0,0,0,0.0,90.86760000000001,0.08828816455420148,0.10646953696963982,0,0,90.763,90.904,0.14099999999999113,0.0,0.11399999999999011,-0.028666666666666174,0.0,-0.0009999999999976694,0.04225162718760118,-0.028666666666666174,0,0,2025,Miami Grand Prix,0.0,19,0.0
SAI,54,0 days 00:01:30.904000,HARD,22.0,True,0 days 02:22:34.514000,25.9,9,34.9,0 days 00:00:30.693000,0 days 00:00:34.624000,0 days 00:00:25.587000,1,90.904,8554.514,8.679000000000087,True,False,False,22.0,0.0,0.0,30.693,34.624,25.587,0,0,0,0.0,90.8564,0.08118374221697222,0.5863242898163855,0,0,90.877,90.801,-0.0759999999999934,0.11399999999999011,0.027000000000001023,-0.03433333333333621,0.0,0.08599999999999852,0.0426004694809813,-0.03433333333333621,0,0,2025,Miami Grand Prix,0.0,19,0.0
SAI,55,0 days 00:01:30.801000,HARD,23.0,True,0 days 02:24:05.315000,25.9,9,34.9,0 days 00:00:30.665000,0 days 00:00:34.601000,0 days 00:00:25.535000,1,90.801,8645.315,8.841999999998734,True,False,False,23.0,0.0,0.0,30.665,34.601,25.535,0,0,0,0.0,90.8674,0.08361997369259111,-0.7940686545071794,0,0,90.904,91.178,0.2740000000000009,0.14099999999999113,-0.10299999999999443,0.030333333333331325,0.0,0.03399999999999892,0.03592770518694359,0.030333333333331325,0,0,2025,Miami Grand Prix,0.0,19,0.0
SAI,56,0 days 00:01:31.178000,HARD,24.0,True,0 days 02:25:36.493000,26.0,9,34.9,0 days 00:00:30.744000,0 days 00:00:34.718000,0 days 00:00:25.716000,1,91.178,8736.493,9.06500000000051,True,False,False,24.0,0.0,0.0,30.744,34.718,25.716,0,0,0,0.0,90.83160000000001,0.05764373340057035,6.009326245280308,0,0,90.801,91.259,0.4579999999999984,0.0379999999999967,0.37699999999999534,0.012666666666665568,0.0,0.21499999999999986,0.03375648085923552,0.012666666666665568,0,0,2025,Miami Grand Prix,0.0,19,0.0
STR,4,0 days 00:01:33.892000,nan,,True,0 days 01:04:34.010000,26.5,15,38.6,0 days 00:00:32.362000,0 days 00:00:35.610000,0 days 00:00:25.920000,1,93.892,3874.01,0.7039999999997235,False,False,True,0.0,0.0,0.0,32.362,35.61,25.92,0,0,0,0.0,91.00379999999998,0.20164250544050893,14.32336894292421,0,0,93.892,93.896,0.0040000000000048885,3.090999999999994,0.0,0.11833333333333466,0.0,0.38500000000000156,0.23041419227122314,0.0,0,1,2025,Miami Grand Prix,0.0,19,0.0
STR,5,0 days 00:01:33.896000,nan,,True,0 days 01:06:07.906000,26.4,15,38.4,0 days 00:00:32.508000,0 days 00:00:35.392000,0 days 00:00:25.996000,1,93.896,3967.906,0.6959999999999127,False,False,True,0.0,0.0,0.0,32.508,35.392,25.996,0,0,0,0.0,,,0.0,0,0,93.892,93.212,-0.6799999999999926,0.0,0.0040000000000048885,0.0,0.0,0.0,0.0,0.0,0,1,2025,Miami Grand Prix,0.0,19,0.0
STR,6,0 days 00:01:33.212000,nan,,True,0 days 01:07:41.118000,26.5,15,38.5,0 days 00:00:32.027000,0 days 00:00:35.215000,0 days 00:00:25.970000,1,93.212,4061.118,0.9729999999999563,False,False,True,0.0,0.0,0.0,32.027,35.215,25.97,0,0,0,0.0,,,0.0,0,0,93.896,93.581,-0.3149999999999977,0.0,-0.6839999999999975,0.0020000000000024443,0.0,0.04999999999999716,0.0,0.0,0,1,2025,Miami Grand Prix,0.0,19,0.0
STR,7,0 days 00:01:33.581000,nan,,True,0 days 01:09:14.699000,26.6,15,38.9,0 days 00:00:32.133000,0 days 00:00:35.454000,0 days 00:00:25.994000,1,93.581,4154.699,0.816000000000713,False,False,True,0.0,0.0,0.0,32.133,35.454,25.994,0,0,0,0.0,93.66666666666667,0.39375796288244674,-0.21756173777301724,0,0,93.212,93.469,0.2569999999999908,0.0,0.3689999999999998,-0.2266666666666642,0.0,0.07399999999999807,0.20934421415458476,-0.3399999999999963,0,1,2025,Miami Grand Prix,0.0,19,0.0
STR,8,0 days 00:01:33.469000,nan,,True,0 days 01:10:48.168000,26.6,15,38.9,0 days 00:00:32.180000,0 days 00:00:35.421000,0 days 00:00:25.868000,1,93.469,4248.168,0.8969999999999345,False,False,True,0.0,0.0,0.0,32.18,35.421,25.868,0,0,0,0.0,93.64525,0.324342797052749,-0.5434065488784265,0,0,93.581,93.621,0.03999999999999204,0.3689999999999998,-0.11200000000000898,-0.10366666666666428,0.0,-0.10200000000000031,0.1745763920656718,-0.10366666666666428,0,1,2025,Miami Grand Prix,0.0,19,0.0
STR,9,0 days 00:01:33.621000,nan,,True,0 days 01:12:21.789000,26.7,15,39.0,0 days 00:00:32.171000,0 days 00:00:35.537000,0 days 00:00:25.913000,1,93.621,4341.789,0.9020000000000437,False,False,True,0.0,0.0,0.0,32.171,35.537,25.913,0,0,0,0.0,93.61,0.29173875299658275,0.037704966813663345,0,0,93.469,93.843,0.37400000000000944,0.2569999999999908,0.15200000000000102,-0.14233333333333556,0.0,0.045000000000001705,0.18267128947921818,-0.14233333333333556,0,1,2025,Miami Grand Prix,0.0,19,0.0
STR,10,0 days 00:01:33.843000,nan,,True,0 days 01:13:55.632000,26.6,15,38.5,0 days 00:00:32.089000,0 days 00:00:35.679000,0 days 00:00:26.075000,1,93.843,4435.632,0.816000000000713,False,False,True,0.0,0.0,0.0,32.089,35.679,26.075,0,0,0,0.0,93.5558,0.2481707073770022,1.1572679267247525,0,0,93.621,93.678,0.05700000000000216,0.4089999999999918,0.2220000000000084,0.13633333333333061,0.0,0.20700000000000074,0.06983408909694422,0.13633333333333061,0,1,2025,Miami Grand Prix,0.0,19,0.0
STR,11,0 days 00:01:33.678000,nan,,True,0 days 01:15:29.310000,26.6,15,38.5,0 days 00:00:31.916000,0 days 00:00:35.630000,0 days 00:00:26.132000,1,93.678,4529.31,0.863999999999578,False,False,True,0.0,0.0,0.0,31.916,35.63,26.132,0,0,0,0.0,93.5452,0.23051073727703433,0.5761119918696036,0,0,93.843,93.547,-0.2960000000000065,0.6310000000000002,-0.16500000000000625,0.08733333333333348,0.0,0.2640000000000029,0.10981666540193281,0.08733333333333348,0,1,2025,Miami Grand Prix,0.0,19,0.0
STR,12,0 days 00:01:33.547000,nan,,True,0 days 01:17:02.857000,26.8,15,38.2,0 days 00:00:31.869000,0 days 00:00:35.611000,0 days 00:00:26.067000,1,93.547,4622.857,0.6769999999996799,False,False,True,0.0,0.0,0.0,31.869,35.611,26.067,0,0,0,0.0,93.6384,0.13758924376564236,-0.6642961142783089,0,0,93.678,93.825,0.14700000000000557,0.20900000000000318,-0.13100000000000023,0.06966666666666772,0.0,0.15399999999999991,0.1438933632937958,0.06966666666666772,0,1,2025,Miami Grand Prix,0.0,19,0.0
STR,13,0 days 00:01:33.825000,nan,,True,0 days 01:18:36.682000,26.7,15,38.2,0 days 00:00:31.973000,0 days 00:00:35.739000,0 days 00:00:26.113000,1,93.825,4716.682,0.4890000000004875,False,False,True,0.0,0.0,0.0,31.973,35.739,26.113,0,0,0,0.0,93.63159999999999,0.14190771649209663,1.3628575300962036,0,0,93.547,94.221,0.6740000000000066,0.07800000000000296,0.2780000000000058,-0.02466666666666602,0.0,0.045999999999999375,0.14505619600692773,-0.02466666666666602,0,1,2025,Miami Grand Prix,0.0,19,0.0
STR,14,0 days 00:01:34.221000,nan,,True,0 days 01:20:10.903000,26.6,15,37.6,0 days 00:00:32.510000,0 days 00:00:35.684000,0 days 00:00:26.027000,1,94.221,4810.903,0.5360000000000582,False,False,True,0.0,0.0,0.0,32.51,35.684,26.027,0,0,0,0.0,93.7028,0.12861648416902915,4.029032540797674,0,0,93.825,93.694,-0.13100000000000023,0.2780000000000058,0.3960000000000008,-0.006000000000000227,0.0,-0.03999999999999915,0.0973021068631104,-0.006000000000000227,0,1,2025,Miami Grand Prix,0.0,19,0.0
STR,15,0 days 00:01:33.694000,nan,,True,0 days 01:21:44.597000,26.5,15,37.6,0 days 00:00:31.788000,0 days 00:00:35.830000,0 days 00:00:26.076000,1,93.694,4904.597,0.7200000000002547,False,False,True,0.0,0.0,0.0,31.788,35.83,26.076,0,0,0,0.0,93.8228,0.25298656090789395,-0.5091179528974706,0,0,94.221,93.913,-0.30800000000000693,0.6740000000000066,-0.527000000000001,0.18100000000000213,0.0,0.04899999999999949,0.1228258930356307,0.18100000000000213,0,1,2025,Miami Grand Prix,0.0,19,0.0
STR,16,0 days 00:01:33.913000,nan,,True,0 days 01:23:18.510000,26.6,15,37.7,0 days 00:00:31.910000,0 days 00:00:35.885000,0 days 00:00:26.118000,1,93.913,4998.51,0.39099999999962165,False,False,True,0.0,0.0,0.0,31.91,35.885,26.118,0,0,0,0.0,93.79299999999999,0.2587228246599122,0.4638168285219636,0,0,93.694,93.859,0.16499999999999204,0.14700000000000557,0.2189999999999941,0.049000000000001855,0.0,0.09099999999999753,0.11702905622109505,0.049000000000001855,0,1,2025,Miami Grand Prix,0.0,19,0.0
STR,17,0 days 00:01:33.859000,nan,,True,0 days 01:24:52.369000,26.7,15,37.6,0 days 00:00:31.916000,0 days 00:00:35.766000,0 days 00:00:26.177000,1,93.859,5092.369,0.5290000000004511,False,False,True,0.0,0.0,0.0,31.916,35.766,26.177,0,0,0,0.0,93.84,0.25390943267236576,0.0748298312513189,0,0,93.913,93.59,-0.3229999999999933,0.36599999999999966,-0.054000000000002046,0.029333333333331286,0.0,0.14999999999999858,0.070911917193092,0.029333333333331286,0,1,2025,Miami Grand Prix,0.0,19,0.0
STR,18,0 days 00:01:33.590000,nan,,True,0 days 01:26:25.959000,26.8,15,37.8,0 days 00:00:31.739000,0 days 00:00:35.710000,0 days 00:00:26.141000,1,93.59,5185.959,0.6320000000005166,False,False,True,0.0,0.0,0.0,31.739,35.71,26.141,0,0,0,0.0,93.9024,0.1955269802354695,-1.5977334668789913,1,0,93.859,93.545,-0.31399999999999295,0.16499999999999204,-0.26899999999999125,-0.12066666666666966,0.0,0.06499999999999773,0.06959669532384333,-0.12066666666666966,0,1,2025,Miami Grand Prix,0.0,19,0.0
STR,19,0 days 00:01:33.545000,nan,,True,0 days 01:27:59.504000,26.8,14,37.9,0 days 00:00:31.732000,0 days 00:00:35.665000,0 days 00:00:26.148000,1,93.545,5279.504,0.6199999999998909,False,False,True,0.0,0.0,0.0,31.732,35.665,26.148,0,0,0,0.0,93.8554,0.2415994619199341,-1.2847710733017597,0,1,93.59,92.538,-1.0520000000000067,0.0,-0.045000000000001705,-0.0346666666666664,0.0,0.030000000000001137,0.06921343800158952,-0.0346666666666664,0,1,2025,Miami Grand Prix,0.0,19,0.0
STR,22,0 days 00:01:32.538000,nan,,True,0 days 01:32:56.892000,26.8,18,37.8,0 days 00:00:31.285000,0 days 00:00:35.302000,0 days 00:00:25.951000,1,92.538,5576.892,6.512000000000626,False,False,True,0.0,0.0,0.0,31.285,35.302,25.951,0,0,0,0.0,93.7202,0.16184158921613062,-7.304673698064378,1,0,93.545,93.019,-0.5259999999999962,0.0,-1.007000000000005,-0.122666666666665,0.0,-0.18999999999999773,0.046534933114811064,-0.122666666666665,0,0,2025,Miami Grand Prix,0.0,19,0.0
STR,23,0 days 00:01:33.019000,nan,,True,0 days 01:34:29.911000,26.8,18,37.9,0 days 00:00:31.521000,0 days 00:00:35.513000,0 days 00:00:25.985000,1,93.019,5669.911,8.023000000000138,False,False,True,0.0,0.0,0.0,31.521,35.513,25.985,0,0,0,0.0,93.489,0.5555209266985431,-0.8460527361106007,0,1,92.538,93.004,0.4660000000000082,0.0,0.48100000000000875,-0.44033333333333263,0.0,0.03399999999999892,0.13013723525570828,-0.44033333333333263,0,0,2025,Miami Grand Prix,0.0,19,0.0
STR,24,0 days 00:01:33.004000,HARD,2.0,True,0 days 01:36:02.915000,26.8,18,37.7,0 days 00:00:31.567000,0 days 00:00:35.468000,0 days 00:00:25.969000,1,93.004,5762.915,9.355999999999767,True,False,False,2.0,0.0,0.0,31.567,35.468,25.969,0,0,0,0.0,93.3102,0.5281313283644619,-0.5797800349171525,0,0,93.019,92.687,-0.33200000000000784,0.48100000000000875,-0.015000000000000568,-0.19033333333333266,0.0,0.018000000000000682,0.12579427649936872,-0.19033333333333266,0,0,2025,Miami Grand Prix,0.0,19,0.0
STR,25,0 days 00:01:32.687000,HARD,3.0,True,0 days 01:37:35.602000,26.8,18,37.5,0 days 00:00:31.244000,0 days 00:00:35.442000,0 days 00:00:26.001000,1,92.687,5855.602,10.76299999999992,True,False,False,3.0,0.0,0.0,31.244,35.442,26.001,0,0,0,0.0,93.1392,0.43648104197091686,-1.036012922710479,0,0,93.004,92.634,-0.37000000000000455,0.4660000000000082,-0.3170000000000073,-0.18033333333333226,0.0,0.05000000000000071,0.10287759717256104,-0.18033333333333226,0,0,2025,Miami Grand Prix,0.0,19,0.0
STR,26,0 days 00:01:32.634000,HARD,4.0,True,0 days 01:39:08.236000,26.6,18,37.2,0 days 00:00:31.202000,0 days 00:00:35.415000,0 days 00:00:26.017000,1,92.634,5948.236,12.240999999999985,True,False,False,4.0,0.0,0.0,31.202,35.415,26.017,0,0,0,0.0,92.9586,0.3873774644968723,-0.8379423940460651,0,0,92.687,92.527,-0.1599999999999966,0.1490000000000009,-0.05299999999999727,0.04966666666666697,0.0,0.047999999999998266,0.10038326553763753,0.04966666666666697,0,0,2025,Miami Grand Prix,0.0,19,0.0
STR,27,0 days 00:01:32.527000,HARD,5.0,True,0 days 01:40:40.763000,26.6,18,37.0,0 days 00:00:31.211000,0 days 00:00:35.419000,0 days 00:00:25.897000,1,92.527,6040.763,14.08600000000024,True,False,False,5.0,0.0,0.0,31.211,35.419,25.897,0,0,0,0.0,92.77640000000001,0.22122454655854573,-1.127361334353583,0,0,92.634,92.804,0.1700000000000017,0.09600000000000364,-0.10699999999999932,-0.12833333333333505,0.0,-0.07200000000000273,0.10254754994635304,-0.12833333333333505,0,0,2025,Miami Grand Prix,0.0,19,0.0
STR,30,0 days 00:01:32.804000,HARD,8.0,True,0 days 01:45:59.849000,26.5,16,36.0,0 days 00:00:31.734000,0 days 00:00:35.314000,0 days 00:00:25.756000,1,92.804,6359.849,19.19799999999941,True,False,False,8.0,0.0,0.0,31.734,35.314,25.756,0,0,0,0.0,92.77420000000001,0.2242224342032562,0.13290373956506507,0,0,92.527,92.974,0.44700000000000273,0.0,0.277000000000001,-0.15900000000000128,0.0,-0.14099999999999824,0.050624104930360125,-0.15900000000000128,0,0,2025,Miami Grand Prix,0.0,19,0.0
STR,31,0 days 00:01:32.974000,HARD,9.0,True,0 days 01:47:32.823000,26.5,16,36.0,0 days 00:00:31.577000,0 days 00:00:35.502000,0 days 00:00:25.895000,1,92.974,6452.823,22.943999999999505,True,False,False,9.0,0.0,0.0,31.577,35.502,25.895,0,0,0,0.0,92.7312,0.18222156842710788,1.33244380506541,0,0,92.804,92.189,-0.6150000000000091,0.277000000000001,0.1700000000000017,0.03900000000000148,0.0,0.13899999999999935,0.08412966183219783,0.03900000000000148,0,0,2025,Miami Grand Prix,0.0,19,0.0
STR,34,0 days 00:01:32.189000,HARD,12.0,True,0 days 01:52:37.575000,26.2,16,36.1,0 days 00:00:31.113000,0 days 00:00:35.247000,0 days 00:00:25.829000,1,92.189,6757.575,24.199000000000524,True,False,False,12.0,0.0,0.0,31.113,35.247,25.829,0,0,0,0.0,92.7252,0.17115110283032106,-3.132904148047447,1,0,92.974,92.333,-0.6410000000000053,0.44700000000000273,-0.7850000000000108,0.11333333333333447,0.0,0.0730000000000004,0.11076416387983945,0.11333333333333447,0,0,2025,Miami Grand Prix,0.0,19,0.0
STR,35,0 days 00:01:32.333000,HARD,13.0,True,0 days 01:54:09.908000,26.1,16,35.8,0 days 00:00:31.166000,0 days 00:00:35.359000,0 days 00:00:25.808000,1,92.333,6849.908,24.72099999999955,True,False,False,13.0,0.0,0.0,31.166,35.359,25.808,0,0,0,0.0,92.62559999999999,0.29733028772737113,-0.9840907975990816,0,1,92.189,92.387,0.1980000000000075,0.0,0.14400000000000546,-0.11266666666666936,0.0,0.0519999999999996,0.11355307129267767,-0.11266666666666936,0,0,2025,Miami Grand Prix,0.0,19,0.0
STR,36,0 days 00:01:32.387000,HARD,14.0,True,0 days 01:55:42.295000,26.1,16,35.5,0 days 00:00:31.246000,0 days 00:00:35.371000,0 days 00:00:25.770000,1,92.387,6942.295,0.0,True,False,False,14.0,0.0,0.0,31.246,35.371,25.77,0,0,0,0.0,92.5654,0.32443997904087535,-0.5498705816940033,0,0,92.333,92.999,0.6659999999999968,0.14400000000000546,0.054000000000002046,-0.15700000000000122,0.0,-0.038000000000000256,0.11390654063748912,-0.15700000000000122,0,0,2025,Miami Grand Prix,0.0,19,0.0
STR,37,0 days 00:01:32.999000,HARD,15.0,True,0 days 01:57:15.294000,26.1,16,36.0,0 days 00:00:31.521000,0 days 00:00:35.542000,0 days 00:00:25.936000,1,92.999,7035.294,0.0,True,False,False,15.0,0.0,0.0,31.521,35.542,25.936,0,0,0,0.0,92.5374,0.3344686831379657,1.3800993135419608,0,0,92.387,92.298,-0.08899999999999864,0.1980000000000075,0.6119999999999948,-0.19566666666666777,0.0,0.16600000000000037,0.1086669222900872,-0.19566666666666777,0,0,2025,Miami Grand Prix,0.0,19,0.0
STR,38,0 days 00:01:32.298000,HARD,16.0,True,0 days 01:58:47.592000,26.2,16,36.0,0 days 00:00:31.097000,0 days 00:00:35.313000,0 days 00:00:25.888000,1,92.298,7127.592,0.0,True,False,False,16.0,0.0,0.0,31.097,35.313,25.888,0,0,0,0.0,92.5764,0.3814024121581317,-0.7299377012974385,0,0,92.999,92.237,-0.7620000000000005,0.8100000000000023,-0.7009999999999934,0.27000000000000074,0.0,0.1180000000000021,0.08003311814492815,0.27000000000000074,0,0,2025,Miami Grand Prix,0.0,19,0.0
STR,39,0 days 00:01:32.237000,HARD,17.0,True,0 days 02:00:19.829000,26.2,16,35.7,0 days 00:00:31.137000,0 days 00:00:35.294000,0 days 00:00:25.806000,1,92.237,7219.829,0.0,True,False,False,17.0,0.0,0.0,31.137,35.294,25.806,0,0,0,0.0,92.44120000000001,0.32011591650533155,-0.637893929890279,0,0,92.298,92.166,-0.132000000000005,0.10900000000000887,-0.06100000000000705,-0.01166666666666553,0.0,0.036000000000001364,0.07653234610280868,-0.01166666666666553,0,0,2025,Miami Grand Prix,0.0,19,0.0
STR,40,0 days 00:01:32.166000,HARD,18.0,True,0 days 02:01:51.995000,26.2,16,35.1,0 days 00:00:31.006000,0 days 00:00:35.298000,0 days 00:00:25.862000,1,92.166,7311.995,0.0,True,False,False,18.0,0.0,0.0,31.006,35.298,25.862,0,0,0,0.0,92.4508,0.3112590560932275,-0.9149934577797524,0,0,92.237,92.181,-0.055999999999997385,0.0,-0.07099999999999795,-0.0500000000000019,0.0,0.055999999999997385,0.07844233550832154,-0.0500000000000019,0,0,2025,Miami Grand Prix,0.0,19,0.0
STR,41,0 days 00:01:32.181000,HARD,19.0,True,0 days 02:03:24.176000,26.1,16,34.9,0 days 00:00:30.826000,0 days 00:00:35.433000,0 days 00:00:25.922000,1,92.181,7404.176,0.0,True,False,False,19.0,0.0,0.0,30.826,35.433,25.922,0,0,0,0.0,92.4174,0.3351064010132428,-0.7054475810823476,0,0,92.166,92.205,0.03900000000000148,0.0,0.015000000000000568,-0.2776666666666661,0.0,0.11599999999999966,0.0782738781459057,-0.2776666666666661,0,0,2025,Miami Grand Prix,0.0,19,0.0
STR,42,0 days 00:01:32.205000,HARD,20.0,True,0 days 02:04:56.381000,26.0,16,35.2,0 days 00:00:30.958000,0 days 00:00:35.404000,0 days 00:00:25.843000,1,92.205,7496.381,0.0,True,False,False,20.0,0.0,0.0,30.958,35.404,25.843,0,0,0,0.0,92.3762,0.35201519853558827,-0.48634263722761056,0,0,92.181,92.19,0.009000000000000341,0.015000000000000568,0.02400000000000091,-0.03900000000000148,0.0,0.036999999999999034,0.05233354564712825,-0.03900000000000148,0,0,2025,Miami Grand Prix,0.0,19,0.0
STR,43,0 days 00:01:32.190000,HARD,21.0,True,0 days 02:06:28.571000,26.0,16,35.3,0 days 00:00:30.872000,0 days 00:00:35.445000,0 days 00:00:25.873000,1,92.19,7588.571,0.0,True,False,False,21.0,0.0,0.0,30.872,35.445,25.873,0,0,0,0.0,92.2174,0.052443302718803125,-0.5224690013692833,0,0,92.205,92.353,0.14799999999999613,0.03900000000000148,-0.015000000000000568,-0.010666666666665492,0.0,0.030000000000001137,0.041313436071090344,-0.010666666666665492,0,0,2025,Miami Grand Prix,0.0,19,0.0
STR,44,0 days 00:01:32.353000,HARD,22.0,True,0 days 02:08:00.924000,26.0,16,35.8,0 days 00:00:30.960000,0 days 00:00:35.482000,0 days 00:00:25.911000,1,92.353,7680.924,0.0,True,False,False,22.0,0.0,0.0,30.96,35.482,25.911,0,0,0,0.0,92.19579999999999,0.027031463150493713,5.815445472737274,0,0,92.19,94.538,2.347999999999999,0.02400000000000091,0.1629999999999967,0.008000000000000304,0.0,0.06800000000000139,0.03546829570193619,0.008000000000000304,0,0,2025,Miami Grand Prix,0.0,19,0.0
STR,45,0 days 00:01:34.538000,HARD,23.0,True,0 days 02:09:35.462000,26.0,16,35.7,0 days 00:00:30.858000,0 days 00:00:37.703000,0 days 00:00:25.977000,1,94.538,7775.462,0.0,True,False,False,23.0,0.0,0.0,30.858,37.703,25.977,0,0,0,0.0,92.219,0.07623319486979288,30.41981913470739,0,0,92.353,94.595,2.2420000000000044,0.1869999999999976,2.1850000000000023,0.05733333333333235,0.0,0.13400000000000034,0.03404115156689049,0.05733333333333235,0,0,2025,Miami Grand Prix,0.0,19,0.0
STR,46,0 days 00:01:34.595000,HARD,24.0,True,0 days 02:11:10.057000,26.1,16,35.3,0 days 00:00:31.272000,0 days 00:00:37.368000,0 days 00:00:25.955000,1,94.595,7870.057,0.0,True,False,False,24.0,0.0,0.0,31.272,37.368,25.955,0,0,0,0.0,92.6934,1.0335522725048996,1.8398682394566428,0,0,94.538,92.662,-1.8759999999999906,2.3569999999999993,0.05700000000000216,0.7776666666666662,0.0,0.08199999999999719,0.0465295604965274,0.7776666666666662,0,0,2025,Miami Grand Prix,0.0,19,0.0
STR,47,0 days 00:01:32.662000,HARD,25.0,True,0 days 02:12:42.719000,26.0,16,35.3,0 days 00:00:31.273000,0 days 00:00:35.385000,0 days 00:00:26.004000,1,92.662,7962.719,0.0,True,False,False,25.0,0.0,0.0,31.273,35.385,26.004,0,0,0,0.0,93.1762,1.2709219881645089,-0.40458816889509186,0,0,94.595,92.521,-2.073999999999998,2.405000000000001,-1.9329999999999927,0.8016666666666671,0.0,0.09299999999999997,0.041631718676989546,0.8016666666666671,0,0,2025,Miami Grand Prix,0.0,19,0.0
STR,48,0 days 00:01:32.521000,HARD,26.0,True,0 days 02:14:15.240000,26.1,16,35.0,0 days 00:00:31.012000,0 days 00:00:35.535000,0 days 00:00:25.974000,1,92.521,8055.24,0.0,True,False,False,26.0,0.0,0.0,31.012,35.535,25.974,0,0,0,0.0,93.26759999999999,1.1979537971057248,-0.6232293781310965,0,0,92.662,92.044,-0.6180000000000092,0.4720000000000084,-0.14100000000000534,0.10300000000000391,0.0,0.019000000000001904,0.037825917041097404,0.10300000000000391,0,0,2025,Miami Grand Prix,0.0,19,0.0
STR,49,0 days 00:01:32.044000,HARD,27.0,True,0 days 02:15:47.284000,26.0,16,35.0,0 days 00:00:30.825000,0 days 00:00:35.340000,0 days 00:00:25.879000,1,92.044,8147.284,0.0,True,False,False,27.0,0.0,0.0,30.825,35.34,25.879,0,0,0,0.0,93.3338,1.1307796867648527,-1.140628908616233,0,0,92.521,91.769,-0.7519999999999953,0.16800000000000637,-0.47700000000000387,-0.672333333333332,0.0,-0.07599999999999696,0.041685728972874564,-0.672333333333332,0,0,2025,Miami Grand Prix,0.0,19,0.0
STR,50,0 days 00:01:31.769000,HARD,28.0,True,0 days 02:17:19.053000,26.0,16,35.0,0 days 00:00:30.626000,0 days 00:00:35.285000,0 days 00:00:25.858000,1,91.769,8239.053,0.0,True,False,False,28.0,0.0,0.0,30.626,35.285,25.858,0,0,0,0.0,93.272,1.2038656486502208,-1.2484781849911324,0,0,92.044,92.029,-0.015000000000000568,0.0,-0.2749999999999915,-0.8503333333333339,0.0,-0.021000000000000796,0.08180036674734266,-0.8503333333333339,0,0,2025,Miami Grand Prix,0.0,19,0.0
STR,51,0 days 00:01:32.029000,HARD,29.0,True,0 days 02:18:51.082000,25.9,16,34.9,0 days 00:00:30.804000,0 days 00:00:35.360000,0 days 00:00:25.865000,1,92.029,8331.082,0.0,True,False,False,29.0,0.0,0.0,30.804,35.36,25.865,0,0,0,0.0,92.7182,1.1090481053588332,-0.6214338193896544,0,0,91.769,92.28,0.5109999999999957,0.0,0.2599999999999909,-0.2976666666666669,0.0,0.006999999999997897,0.07083290195946935,-0.2976666666666669,0,0,2025,Miami Grand Prix,0.0,19,0.0
STR,52,0 days 00:01:32.280000,HARD,30.0,True,0 days 02:20:23.362000,26.0,16,35.0,0 days 00:00:30.962000,0 days 00:00:35.380000,0 days 00:00:25.938000,1,92.28,8423.362,0.0,True,False,False,30.0,0.0,0.0,30.962,35.38,25.938,0,0,0,0.0,92.205,0.37272577050697,0.20122032318288638,0,0,92.029,92.266,0.23700000000000898,0.2599999999999909,0.2510000000000048,-0.16400000000000148,0.0,0.0799999999999983,0.061601948021145526,-0.16400000000000148,0,0,2025,Miami Grand Prix,0.0,19,0.0
STR,53,0 days 00:01:32.266000,HARD,31.0,True,0 days 02:21:55.628000,25.9,16,34.9,0 days 00:00:30.827000,0 days 00:00:35.573000,0 days 00:00:25.866000,1,92.266,8515.628,0.0,True,False,False,31.0,0.0,0.0,30.827,35.573,25.866,0,0,0,0.0,92.12859999999999,0.28429263092808515,0.48330482415764947,0,0,92.28,92.186,-0.09399999999999409,0.5109999999999957,-0.013999999999995794,0.07866666666666806,0.0,0.007999999999999119,0.0570324469052473,0.07866666666666806,0,0,2025,Miami Grand Prix,0.0,19,0.0
STR,54,0 days 00:01:32.186000,HARD,32.0,True,0 days 02:23:27.814000,25.9,16,34.9,0 days 00:00:30.798000,0 days 00:00:35.470000,0 days 00:00:25.918000,1,92.186,8607.814,0.0,True,False,False,32.0,0.0,0.0,30.798,35.47,25.918,0,0,0,0.0,92.0776,0.20927565553597843,0.5179771135939276,0,0,92.266,92.076,-0.19000000000001194,0.4969999999999999,-0.0799999999999983,0.16566666666666663,0.0,0.053000000000000824,0.056411878181814076,0.16566666666666663,0,0,2025,Miami Grand Prix,0.0,19,0.0
STR,55,0 days 00:01:32.076000,HARD,33.0,True,0 days 02:24:59.890000,26.0,16,34.9,0 days 00:00:30.832000,0 days 00:00:35.344000,0 days 00:00:25.900000,1,92.076,8699.89,0.0,True,False,False,33.0,0.0,0.0,30.832,35.344,25.9,0,0,0,0.0,92.10600000000001,0.21317481089475168,-0.14072957247667925,0,0,92.186,92.447,0.2609999999999957,0.4170000000000016,-0.11000000000001364,0.052333333333336896,0.0,0.03399999999999892,0.04042647647272796,0.052333333333336896,0,0,2025,Miami Grand Prix,0.0,19,0.0
TSU,4,0 days 00:01:32.955000,nan,,True,0 days 01:04:28.234000,26.5,9,38.6,0 days 00:00:31.511000,0 days 00:00:35.372000,0 days 00:00:26.072000,1,92.955,3868.234,0.7880000000000109,False,False,True,0.0,0.0,0.0,31.511,35.372,26.072,0,0,0,0.0,92.251,0.13631947769857794,5.164339035663262,0,0,92.955,92.945,-0.010000000000005116,0.8790000000000049,0.0,0.06033333333333246,0.0,0.1720000000000006,0.0275644698842554,0.0,0,1,2025,Miami Grand Prix,0.0,19,0.0
TSU,5,0 days 00:01:32.945000,nan,,True,0 days 01:06:01.179000,26.4,9,38.4,0 days 00:00:31.408000,0 days 00:00:35.372000,0 days 00:00:26.165000,1,92.945,3961.179,0.5989999999997053,False,False,True,0.0,0.0,0.0,31.408,35.372,26.165,0,0,0,0.0,,,0.0,0,0,92.955,93.036,0.08100000000000307,0.0,-0.010000000000005116,0.0,0.0,0.0,0.0,0.0,0,1,2025,Miami Grand Prix,0.0,19,0.0
TSU,6,0 days 00:01:33.036000,nan,,True,0 days 01:07:34.215000,26.5,9,38.5,0 days 00:00:31.403000,0 days 00:00:35.445000,0 days 00:00:26.188000,1,93.036,4054.215,0.6759999999999309,False,False,True,0.0,0.0,0.0,31.403,35.445,26.188,0,0,0,0.0,,,0.0,0,0,92.945,93.076,0.13100000000000023,0.0,0.09100000000000819,-0.005000000000002558,0.0,0.11599999999999966,0.0,0.0,0,1,2025,Miami Grand Prix,0.0,19,0.0
TSU,7,0 days 00:01:33.076000,nan,,True,0 days 01:09:07.291000,26.6,9,38.9,0 days 00:00:31.509000,0 days 00:00:35.381000,0 days 00:00:26.186000,1,93.076,4147.291,0.6539999999995416,False,False,True,0.0,0.0,0.0,31.509,35.381,26.186,0,0,0,0.0,92.97866666666665,0.049903239707801104,1.9504411718208148,0,0,93.036,93.187,0.15099999999999625,0.09100000000000819,0.03999999999999204,0.027000000000001023,0.0,0.11400000000000077,0.08772684879784545,0.040500000000001535,0,1,2025,Miami Grand Prix,0.0,19,0.0
TSU,8,0 days 00:01:33.187000,nan,,True,0 days 01:10:40.478000,26.6,9,38.9,0 days 00:00:31.606000,0 days 00:00:35.479000,0 days 00:00:26.102000,1,93.187,4240.478,0.61200000000008,False,False,True,0.0,0.0,0.0,31.606,35.479,26.102,0,0,0,0.0,93.003,0.06347177850562921,2.898926173680147,0,0,93.076,93.272,0.19600000000001216,0.13100000000000023,0.1110000000000042,0.0403333333333317,0.0,-0.06299999999999883,0.07219187396561123,0.0403333333333317,0,1,2025,Miami Grand Prix,0.0,19,0.0
TSU,9,0 days 00:01:33.272000,nan,,True,0 days 01:12:13.750000,26.7,9,39.0,0 days 00:00:31.673000,0 days 00:00:35.403000,0 days 00:00:26.196000,1,93.272,4333.75,1.3519999999998618,False,False,True,0.0,0.0,0.0,31.673,35.403,26.196,0,0,0,0.0,93.03979999999999,0.09895807192948806,2.346448303534782,0,0,93.187,93.145,-0.04200000000000159,0.24200000000000443,0.08500000000000796,0.08066666666666815,0.0,0.0940000000000012,0.0962039500228549,0.08066666666666815,0,0,2025,Miami Grand Prix,0.0,19,0.0
TSU,10,0 days 00:01:33.145000,nan,,True,0 days 01:13:46.895000,26.7,9,38.9,0 days 00:00:31.513000,0 days 00:00:35.497000,0 days 00:00:26.135000,1,93.145,4426.895,1.4849999999996726,False,False,True,0.0,0.0,0.0,31.513,35.497,26.135,0,0,0,0.0,93.1032,0.128256383856729,0.3259097032291848,0,0,93.272,93.219,-0.05300000000001148,0.3270000000000124,-0.12700000000000955,0.07866666666666806,0.0,0.03300000000000125,0.08005123359449229,0.07866666666666806,0,0,2025,Miami Grand Prix,0.0,19,0.0
TSU,11,0 days 00:01:33.219000,nan,,True,0 days 01:15:20.114000,26.6,9,38.5,0 days 00:00:31.689000,0 days 00:00:35.284000,0 days 00:00:26.246000,1,93.219,4520.114,1.5230000000001382,False,False,True,0.0,0.0,0.0,31.689,35.284,26.246,0,0,0,0.0,93.14320000000001,0.09289617860819431,0.8159646729892558,0,0,93.145,93.239,0.0940000000000083,0.10899999999999466,0.07399999999999807,0.02300000000000087,0.0,0.14399999999999835,0.07592562149893765,0.02300000000000087,0,0,2025,Miami Grand Prix,0.0,19,0.0
TSU,12,0 days 00:01:33.239000,nan,,True,0 days 01:16:53.353000,26.8,9,38.2,0 days 00:00:31.587000,0 days 00:00:35.518000,0 days 00:00:26.134000,1,93.239,4613.353,1.4369999999998981,False,False,True,0.0,0.0,0.0,31.587,35.518,26.134,0,0,0,0.0,93.1798,0.07428795326301244,0.7968990583225489,0,0,93.219,93.225,0.006000000000000227,0.14300000000000068,0.020000000000010232,0.010666666666665492,0.0,-0.0010000000000012221,0.08198963349106933,0.010666666666665492,0,0,2025,Miami Grand Prix,0.0,19,0.0
TSU,13,0 days 00:01:33.225000,nan,,True,0 days 01:18:26.578000,26.7,9,38.2,0 days 00:00:31.659000,0 days 00:00:35.405000,0 days 00:00:26.161000,1,93.225,4706.578,1.2729999999992287,False,False,True,0.0,0.0,0.0,31.659,35.405,26.161,0,0,0,0.0,93.2124,0.04871139497088365,0.258666375855657,0,0,93.239,93.105,-0.13400000000000034,0.0940000000000083,-0.014000000000010004,-0.011000000000000417,0.0,0.027000000000001023,0.080717408283467,-0.011000000000000417,0,0,2025,Miami Grand Prix,0.0,19,0.0
TSU,14,0 days 00:01:33.105000,nan,,True,0 days 01:19:59.683000,26.6,9,37.6,0 days 00:00:31.561000,0 days 00:00:35.455000,0 days 00:00:26.089000,1,93.105,4799.683,1.381999999999607,False,False,True,0.0,0.0,0.0,31.561,35.455,26.089,0,0,0,0.0,93.22,0.04667976006804071,-2.463594496466352,1,0,93.225,93.489,0.26400000000001,0.0799999999999983,-0.11999999999999034,0.0266666666666661,0.0,-0.045000000000001705,0.05862849136725211,0.0266666666666661,0,0,2025,Miami Grand Prix,0.0,19,0.0
TSU,15,0 days 00:01:33.489000,nan,,True,0 days 01:21:33.172000,26.5,9,37.6,0 days 00:00:31.669000,0 days 00:00:35.611000,0 days 00:00:26.209000,1,93.489,4893.172,1.2700000000004366,False,False,True,0.0,0.0,0.0,31.669,35.611,26.209,0,0,0,0.0,93.1866,0.0584362900944875,5.174866500098578,0,1,93.105,93.366,0.2609999999999957,0.0,0.38400000000000034,-0.0379999999999967,0.0,0.120000000000001,0.06997713912414534,-0.0379999999999967,0,0,2025,Miami Grand Prix,0.0,19,0.0
TSU,16,0 days 00:01:33.366000,nan,,True,0 days 01:23:06.538000,26.6,9,37.7,0 days 00:00:31.553000,0 days 00:00:35.641000,0 days 00:00:26.172000,1,93.366,4986.538,1.6010000000005675,False,False,True,0.0,0.0,0.0,31.553,35.641,26.172,0,0,0,0.0,93.2554,0.14116231791810865,0.7834952105573005,0,0,93.489,93.213,-0.27600000000001046,0.38400000000000034,-0.12300000000000466,0.08333333333333333,0.0,0.08300000000000196,0.0804456338156401,0.08333333333333333,0,0,2025,Miami Grand Prix,0.0,19,0.0
TSU,17,0 days 00:01:33.213000,nan,,True,0 days 01:24:39.751000,26.5,9,37.6,0 days 00:00:31.513000,0 days 00:00:35.543000,0 days 00:00:26.157000,1,93.213,5079.751,1.5739999999996144,False,False,True,0.0,0.0,0.0,31.513,35.543,26.157,0,0,0,0.0,93.28479999999999,0.14687818081667445,-0.48884047719526863,0,0,93.366,93.325,-0.04099999999999682,0.2609999999999957,-0.1530000000000058,0.04700000000000178,0.0,0.06800000000000139,0.06571301241002558,0.04700000000000178,0,0,2025,Miami Grand Prix,0.0,19,0.0
TSU,18,0 days 00:01:33.325000,nan,,True,0 days 01:26:13.076000,26.8,9,37.8,0 days 00:00:31.456000,0 days 00:00:35.615000,0 days 00:00:26.254000,1,93.325,5173.076,1.8590000000003783,False,False,True,0.0,0.0,0.0,31.456,35.615,26.254,0,0,0,0.0,93.27959999999999,0.14934456802982674,0.30399498688795834,0,0,93.213,93.148,-0.06499999999999773,0.10799999999998988,0.11200000000000898,0.035999999999996625,0.0,0.09700000000000131,0.06297856778301765,0.035999999999996625,0,0,2025,Miami Grand Prix,0.0,19,0.0
TSU,19,0 days 00:01:33.148000,nan,,True,0 days 01:27:46.224000,26.8,9,38.0,0 days 00:00:31.417000,0 days 00:00:35.568000,0 days 00:00:26.163000,1,93.148,5266.224,2.117000000000189,False,False,True,0.0,0.0,0.0,31.417,35.568,26.163,0,0,0,0.0,93.2996,0.14688022331143696,-1.0321335070314908,0,0,93.325,93.15,-0.17499999999999716,0.21999999999999886,-0.1770000000000067,-0.05466666666666716,0.0,0.006000000000000227,0.06418956301455996,-0.05466666666666716,0,0,2025,Miami Grand Prix,0.0,19,0.0
TSU,20,0 days 00:01:33.150000,nan,,True,0 days 01:29:19.374000,26.6,9,37.6,0 days 00:00:31.377000,0 days 00:00:35.574000,0 days 00:00:26.199000,1,93.15,5359.374,1.956000000000131,False,False,True,0.0,0.0,0.0,31.377,35.574,26.199,0,0,0,0.0,93.3082,0.13326552442405853,-1.1871037215641174,0,0,93.148,92.758,-0.39000000000000057,0.0,0.0020000000000095497,-0.07266666666666784,0.0,0.04200000000000159,0.04296161077054761,-0.07266666666666784,0,0,2025,Miami Grand Prix,0.0,19,0.0
TSU,21,0 days 00:01:32.758000,nan,,True,0 days 01:30:52.132000,26.6,9,37.8,0 days 00:00:31.276000,0 days 00:00:35.279000,0 days 00:00:26.203000,1,92.758,5452.132,2.6770000000005894,False,False,True,0.0,0.0,0.0,31.276,35.279,26.203,0,0,0,0.0,93.2404,0.10049029803922216,-4.800463421968495,1,0,93.15,92.829,-0.32100000000001216,0.0020000000000095497,-0.3920000000000101,-0.02099999999999606,0.0,0.03999999999999915,0.03605135226312647,-0.02099999999999606,0,0,2025,Miami Grand Prix,0.0,19,0.0
TSU,22,0 days 00:01:32.829000,nan,,True,0 days 01:32:24.961000,26.7,9,37.8,0 days 00:00:31.310000,0 days 00:00:35.430000,0 days 00:00:26.089000,1,92.829,5544.961,4.454999999999927,False,False,True,0.0,0.0,0.0,31.31,35.43,26.089,0,0,0,0.0,93.11880000000001,0.21412309543812058,-1.353427099524456,0,1,92.758,92.855,0.09700000000000841,0.0,0.07099999999999795,-0.18900000000000242,0.0,-0.07400000000000162,0.03402646029195565,-0.18900000000000242,0,0,2025,Miami Grand Prix,0.0,19,0.0
TSU,23,0 days 00:01:32.855000,nan,,True,0 days 01:33:57.816000,26.8,9,37.9,0 days 00:00:31.225000,0 days 00:00:35.525000,0 days 00:00:26.105000,1,92.855,5637.816,4.98700000000008,False,False,True,0.0,0.0,0.0,31.225,35.525,26.105,0,0,0,0.0,93.042,0.23927703608996423,-0.7815208807989776,0,0,92.829,92.673,-0.1559999999999917,0.07099999999999795,0.02600000000001046,-0.10633333333333421,0.0,0.01600000000000179,0.0628903808225084,-0.10633333333333421,0,0,2025,Miami Grand Prix,0.0,19,0.0
TSU,24,0 days 00:01:32.673000,nan,,True,0 days 01:35:30.489000,26.8,9,37.7,0 days 00:00:31.228000,0 days 00:00:35.372000,0 days 00:00:26.073000,1,92.673,5730.489,4.950000000000728,False,False,True,0.0,0.0,0.0,31.228,35.372,26.073,0,0,0,0.0,92.94800000000001,0.18689167985758895,-1.4714405703322646,0,0,92.855,92.528,-0.3269999999999982,0.09700000000000841,-0.18200000000000216,-0.0983333333333339,0.0,-0.015999999999998238,0.047307504690060405,-0.0983333333333339,0,0,2025,Miami Grand Prix,0.0,19,0.0
TSU,25,0 days 00:01:32.528000,MEDIUM,1.0,True,0 days 01:37:03.017000,26.8,8,37.5,0 days 00:00:31.146000,0 days 00:00:35.305000,0 days 00:00:26.077000,1,92.528,5823.017,5.096000000000458,False,True,False,1.0,0.0,0.0,31.146,35.305,26.077,0,0,0,0.0,92.853,0.1804258850608368,-1.8012936441486969,1,0,92.673,92.634,-0.03900000000000148,0.0,-0.14499999999999602,-0.02833333333333125,0.0,0.004000000000001336,0.04831976821136535,-0.02833333333333125,0,0,2025,Miami Grand Prix,0.0,19,0.0
TSU,26,0 days 00:01:32.634000,MEDIUM,2.0,True,0 days 01:38:35.651000,26.7,7,37.3,0 days 00:00:31.154000,0 days 00:00:35.409000,0 days 00:00:26.071000,1,92.634,5915.651,4.9650000000001455,False,True,False,2.0,0.0,0.0,31.154,35.409,26.071,0,0,0,0.0,92.7286,0.13252660110324535,-0.7138189556849897,0,1,92.528,91.531,-0.9969999999999999,0.0,0.10599999999999454,-0.10033333333332924,0.0,-0.0019999999999988916,0.043081318457076634,-0.10033333333332924,0,0,2025,Miami Grand Prix,0.0,19,0.0
TSU,30,0 days 00:01:31.531000,MEDIUM,6.0,True,0 days 01:45:42.416000,26.5,11,36.4,0 days 00:00:30.941000,0 days 00:00:34.736000,0 days 00:00:25.854000,1,91.531,6342.416,0.9179999999996653,False,True,False,6.0,0.0,0.0,30.941,34.736,25.854,0,0,0,0.0,92.7038,0.13717033206921223,-8.549953785985105,1,0,92.634,91.698,-0.936000000000007,0.10599999999999454,-1.1029999999999944,-0.07366666666666788,0.0,-0.2170000000000023,0.03525336863336739,-0.07366666666666788,0,1,2025,Miami Grand Prix,0.0,19,0.0
TSU,31,0 days 00:01:31.698000,MEDIUM,7.0,True,0 days 01:47:14.114000,26.5,11,36.0,0 days 00:00:30.683000,0 days 00:00:35.089000,0 days 00:00:25.926000,1,91.698,6434.114,1.743000000000393,False,True,False,7.0,0.0,0.0,30.683,35.089,25.926,0,0,0,0.0,92.4442,0.5239481844609919,-1.4241866316755156,0,1,91.531,91.393,-0.13800000000000523,0.0,0.16699999999998738,-0.3806666666666653,0.0,0.07199999999999918,0.09794896630388873,-0.3806666666666653,0,0,2025,Miami Grand Prix,0.0,19,0.0
TSU,34,0 days 00:01:31.393000,HARD,2.0,True,0 days 01:52:17.095000,26.2,10,36.1,0 days 00:00:30.662000,0 days 00:00:34.789000,0 days 00:00:25.942000,1,91.393,6737.095,0.6679999999996653,True,False,False,2.0,0.0,0.0,30.662,34.789,25.942,0,0,0,0.0,92.2128,0.5519091410730297,-1.4853894219003763,0,0,91.698,91.41,-0.2879999999999967,0.16699999999998738,-0.3049999999999926,-0.27666666666667084,0.0,0.08800000000000097,0.10896421430910344,-0.27666666666667084,0,1,2025,Miami Grand Prix,0.0,19,0.0
TSU,35,0 days 00:01:31.410000,HARD,3.0,True,0 days 01:53:48.505000,26.1,10,35.9,0 days 00:00:30.560000,0 days 00:00:35.073000,0 days 00:00:25.777000,1,91.41,6828.505,1.9129999999995562,True,False,False,3.0,0.0,0.0,30.56,35.073,25.777,0,0,0,0.0,91.9568,0.5811675317840548,-0.9408646734297949,0,0,91.393,91.287,-0.10599999999999454,0.0,0.016999999999995907,-0.41366666666666657,0.0,-0.07699999999999818,0.12189339604753108,-0.41366666666666657,0,0,2025,Miami Grand Prix,0.0,19,0.0
TSU,36,0 days 00:01:31.287000,HARD,4.0,True,0 days 01:55:19.792000,26.1,10,35.5,0 days 00:00:30.321000,0 days 00:00:35.081000,0 days 00:00:25.885000,1,91.287,6919.792,3.456999999999425,True,False,False,4.0,0.0,0.0,30.321,35.081,25.885,0,0,0,0.0,91.7332,0.5181116675003251,-0.8612043078526318,0,0,91.41,91.495,0.08500000000000796,0.016999999999995907,-0.12299999999999045,-0.04033333333333644,0.0,0.10800000000000054,0.12475055110098793,-0.04033333333333644,0,0,2025,Miami Grand Prix,0.0,19,0.0
TSU,37,0 days 00:01:31.495000,HARD,5.0,True,0 days 01:56:51.287000,26.1,10,36.0,0 days 00:00:30.453000,0 days 00:00:35.141000,0 days 00:00:25.901000,1,91.495,7011.287,3.7089999999998327,True,False,False,5.0,0.0,0.0,30.453,35.141,25.901,0,0,0,0.0,91.4638,0.1569480805870655,0.1987918544992363,0,0,91.287,91.199,-0.08800000000000807,0.0,0.2079999999999984,-0.1369999999999957,0.0,0.12399999999999878,0.13917147696277504,-0.1369999999999957,0,0,2025,Miami Grand Prix,0.0,19,0.0
TSU,38,0 days 00:01:31.199000,HARD,6.0,True,0 days 01:58:22.486000,26.2,10,36.0,0 days 00:00:30.437000,0 days 00:00:34.822000,0 days 00:00:25.940000,1,91.199,7102.486,3.962000000000444,True,False,False,6.0,0.0,0.0,30.437,34.822,25.94,0,0,0,0.0,91.45660000000001,0.15389054551844208,-1.6739169981637383,1,0,91.495,91.557,0.06199999999999761,0.2079999999999984,-0.2960000000000065,0.034000000000001286,0.0,0.16300000000000026,0.0807031597894398,0.034000000000001286,0,0,2025,Miami Grand Prix,0.0,19,0.0
TSU,39,0 days 00:01:31.557000,HARD,7.0,True,0 days 01:59:54.043000,26.2,10,35.7,0 days 00:00:30.522000,0 days 00:00:35.088000,0 days 00:00:25.947000,1,91.557,7194.043,3.912000000000262,True,False,False,7.0,0.0,0.0,30.522,35.088,25.947,0,0,0,0.0,91.35679999999999,0.11512254340468461,1.7390164782605286,0,1,91.199,91.328,0.1290000000000049,0.0,0.3580000000000041,-0.07033333333333285,0.0,0.06199999999999761,0.09262127185479505,-0.07033333333333285,0,0,2025,Miami Grand Prix,0.0,19,0.0
TSU,40,0 days 00:01:31.328000,HARD,8.0,True,0 days 02:01:25.371000,26.2,10,35.5,0 days 00:00:30.407000,0 days 00:00:35.011000,0 days 00:00:25.910000,1,91.328,7285.371,4.127999999999702,True,False,False,8.0,0.0,0.0,30.407,35.011,25.91,0,0,0,0.0,91.3896,0.14697210619693987,-0.41912715000120976,0,0,91.557,91.345,-0.2120000000000033,0.3580000000000041,-0.2289999999999992,0.08999999999999868,0.0,0.009000000000000341,0.09287356997553106,0.08999999999999868,0,0,2025,Miami Grand Prix,0.0,19,0.0
TSU,41,0 days 00:01:31.345000,HARD,9.0,True,0 days 02:02:56.716000,26.1,10,34.9,0 days 00:00:30.323000,0 days 00:00:35.129000,0 days 00:00:25.893000,1,91.345,7376.716,4.355999999999767,True,False,False,9.0,0.0,0.0,30.323,35.129,25.893,0,0,0,0.0,91.3732,0.14869162720195184,-0.18965425646796644,0,0,91.328,91.211,-0.11700000000000443,0.1290000000000049,0.016999999999995907,-0.0556666666666672,0.0,-0.01699999999999946,0.05937760520600351,-0.0556666666666672,0,0,2025,Miami Grand Prix,0.0,19,0.0
TSU,42,0 days 00:01:31.211000,HARD,10.0,True,0 days 02:04:27.927000,26.1,10,34.9,0 days 00:00:30.251000,0 days 00:00:35.126000,0 days 00:00:25.834000,1,91.211,7467.927,4.626000000000204,True,False,False,10.0,0.0,0.0,30.251,35.126,25.834,0,0,0,0.0,91.38480000000001,0.14241558903422255,-1.2203720195143097,0,0,91.345,91.229,-0.11599999999999966,0.1460000000000008,-0.13400000000000034,0.048666666666666934,0.0,-0.05900000000000105,0.07566835534092142,0.048666666666666934,0,0,2025,Miami Grand Prix,0.0,19,0.0
TSU,43,0 days 00:01:31.229000,HARD,11.0,True,0 days 02:05:59.156000,26.0,10,35.3,0 days 00:00:30.338000,0 days 00:00:34.968000,0 days 00:00:25.923000,1,91.229,7559.156,4.835000000000036,True,False,False,11.0,0.0,0.0,30.338,34.968,25.923,0,0,0,0.0,91.328,0.14410065926276067,-0.6870197576229127,0,0,91.211,91.183,-0.027999999999991587,0.012000000000000455,0.018000000000000682,-0.11533333333333455,0.0,0.08899999999999864,0.08554414065264791,-0.11533333333333455,0,0,2025,Miami Grand Prix,0.0,19,0.0
TSU,44,0 days 00:01:31.183000,HARD,12.0,True,0 days 02:07:30.339000,26.0,10,35.6,0 days 00:00:30.312000,0 days 00:00:34.971000,0 days 00:00:25.900000,1,91.183,7650.339,5.110999999999876,True,False,False,12.0,0.0,0.0,30.312,34.971,25.9,0,0,0,0.0,91.334,0.1378767565616568,-1.0951809700605404,0,0,91.229,91.335,0.10599999999999454,0.018000000000000682,-0.04599999999999227,-0.03300000000000125,0.0,0.06599999999999895,0.05959194576450684,-0.03300000000000125,0,0,2025,Miami Grand Prix,0.0,19,0.0
TSU,45,0 days 00:01:31.335000,HARD,13.0,True,0 days 02:09:01.674000,26.0,10,35.7,0 days 00:00:30.416000,0 days 00:00:35.029000,0 days 00:00:25.890000,1,91.335,7741.674,5.288000000000466,True,False,False,13.0,0.0,0.0,30.416,35.029,25.89,0,0,0,0.0,91.25919999999999,0.072692503051964,1.0427485203778937,0,0,91.183,91.427,0.24399999999999977,0.0,0.1519999999999868,-0.05399999999999731,0.0,0.05600000000000094,0.06037217902312251,-0.05399999999999731,0,0,2025,Miami Grand Prix,0.0,19,0.0
TSU,46,0 days 00:01:31.427000,HARD,14.0,True,0 days 02:10:33.101000,26.0,10,35.4,0 days 00:00:30.469000,0 days 00:00:35.079000,0 days 00:00:25.879000,1,91.427,7833.101,5.391000000000531,True,False,False,14.0,0.0,0.0,30.469,35.079,25.879,0,0,0,0.0,91.2606,0.07439623646367707,2.2366722822229397,0,0,91.335,91.046,-0.28899999999998727,0.1519999999999868,0.09200000000001296,0.041333333333331744,0.0,-0.010999999999999233,0.06232575711533701,0.041333333333331744,0,0,2025,Miami Grand Prix,0.0,19,0.0
TSU,47,0 days 00:01:31.046000,HARD,15.0,True,0 days 02:12:04.147000,26.0,10,35.3,0 days 00:00:30.342000,0 days 00:00:34.883000,0 days 00:00:25.821000,1,91.046,7924.147,5.917000000000371,True,False,False,15.0,0.0,0.0,30.342,34.883,25.821,0,0,0,0.0,91.277,0.10168579055089241,-2.27170383146485,1,0,91.427,91.528,0.10099999999999909,0.24399999999999977,-0.3810000000000002,0.0660000000000025,0.0,-0.05799999999999983,0.061316392587953024,0.0660000000000025,0,0,2025,Miami Grand Prix,0.0,19,0.0
TSU,48,0 days 00:01:31.528000,HARD,16.0,True,0 days 02:13:35.675000,26.0,10,35.3,0 days 00:00:30.447000,0 days 00:00:35.184000,0 days 00:00:25.897000,1,91.528,8015.675,5.560999999999694,True,False,False,16.0,0.0,0.0,30.447,35.184,25.897,0,0,0,0.0,91.244,0.14570518178829114,1.9491413861495779,0,1,91.046,91.131,0.08499999999999375,0.0,0.4819999999999993,-0.04566666666666682,0.0,0.07599999999999696,0.060961463237031374,-0.04566666666666682,0,0,2025,Miami Grand Prix,0.0,19,0.0
TSU,49,0 days 00:01:31.131000,HARD,17.0,True,0 days 02:15:06.806000,26.0,10,35.0,0 days 00:00:30.391000,0 days 00:00:34.888000,0 days 00:00:25.852000,1,91.131,8106.806,5.472000000000662,True,False,False,17.0,0.0,0.0,30.391,34.888,25.852,0,0,0,0.0,91.3038,0.19200963517480113,-0.8999548373844992,0,0,91.528,91.363,-0.16500000000000625,0.4819999999999993,-0.39700000000000557,0.06433333333333735,0.0,0.030999999999998806,0.057932719597822216,0.06433333333333735,0,0,2025,Miami Grand Prix,0.0,19,0.0
TSU,50,0 days 00:01:31.363000,HARD,18.0,True,0 days 02:16:38.169000,26.0,10,35.1,0 days 00:00:30.423000,0 days 00:00:35.013000,0 days 00:00:25.927000,1,91.363,8198.169,5.105999999999767,True,False,False,18.0,0.0,0.0,30.423,35.013,25.927,0,0,0,0.0,91.29339999999999,0.20136856755700552,0.34563487660657477,0,0,91.131,91.179,0.04800000000000182,0.08499999999999375,0.23199999999999932,-0.09866666666666883,0.0,0.1059999999999981,0.05383028887160001,-0.09866666666666883,0,0,2025,Miami Grand Prix,0.0,19,0.0
TSU,51,0 days 00:01:31.179000,HARD,19.0,True,0 days 02:18:09.348000,26.0,10,34.9,0 days 00:00:30.356000,0 days 00:00:34.944000,0 days 00:00:25.879000,1,91.179,8289.348,4.897999999999229,True,False,False,19.0,0.0,0.0,30.356,34.944,25.879,0,0,0,0.0,91.299,0.2031957184587326,-0.5905636246187715,0,0,91.363,91.237,-0.12600000000000477,0.31699999999999307,-0.1839999999999975,0.10566666666666436,0.0,0.027000000000001023,0.06578525670695395,0.10566666666666436,0,0,2025,Miami Grand Prix,0.0,19,0.0
TSU,52,0 days 00:01:31.237000,HARD,20.0,True,0 days 02:19:40.585000,25.9,10,34.9,0 days 00:00:30.414000,0 days 00:00:34.937000,0 days 00:00:25.886000,1,91.237,8380.585,4.889000000001033,True,False,False,20.0,0.0,0.0,30.414,34.937,25.886,0,0,0,0.0,91.24940000000001,0.19420942304625521,-0.06384860119305541,0,0,91.179,91.267,0.08799999999999386,0.13299999999999557,0.057999999999992724,-0.11633333333333458,0.0,0.03399999999999892,0.062131312556551244,-0.11633333333333458,0,0,2025,Miami Grand Prix,0.0,19,0.0
TSU,53,0 days 00:01:31.267000,HARD,21.0,True,0 days 02:21:11.852000,26.0,10,34.8,0 days 00:00:30.364000,0 days 00:00:34.985000,0 days 00:00:25.918000,1,91.267,8471.852,4.930999999998676,True,False,False,21.0,0.0,0.0,30.364,34.985,25.918,0,0,0,0.0,91.2876,0.15996499617091509,-0.12877817330731278,0,0,91.237,91.341,0.1039999999999992,0.10599999999999454,0.030000000000001137,0.03533333333333152,0.0,0.038999999999997925,0.03479511459960908,0.03533333333333152,0,0,2025,Miami Grand Prix,0.0,19,0.0
TSU,54,0 days 00:01:31.341000,HARD,22.0,True,0 days 02:22:43.193000,25.9,10,34.9,0 days 00:00:30.216000,0 days 00:00:35.221000,0 days 00:00:25.904000,1,91.341,8563.193,4.8070000000006985,True,False,False,22.0,0.0,0.0,30.216,35.221,25.904,0,0,0,0.0,91.2354,0.08854829190876265,1.1925695880029212,0,0,91.267,90.964,-0.30299999999999727,0.13599999999999568,0.07399999999999807,-0.032000000000001215,0.0,0.02499999999999858,0.033049962178495124,-0.032000000000001215,0,0,2025,Miami Grand Prix,0.0,19,0.0
TSU,55,0 days 00:01:30.964000,HARD,23.0,True,0 days 02:24:14.157000,25.9,10,34.9,0 days 00:00:30.093000,0 days 00:00:34.985000,0 days 00:00:25.886000,1,90.964,8654.157,4.971000000001368,True,False,False,23.0,0.0,0.0,30.093,34.985,25.886,0,0,0,0.0,91.2774,0.07549039673997857,-4.1515214323152385,1,0,91.341,91.401,0.060000000000002274,0.16199999999999193,-0.37699999999999534,0.05399999999999731,0.0,0.0,0.033892477041372486,0.05399999999999731,0,0,2025,Miami Grand Prix,0.0,19,0.0
TSU,56,0 days 00:01:31.401000,HARD,24.0,True,0 days 02:25:45.558000,26.0,10,34.9,0 days 00:00:30.300000,0 days 00:00:35.179000,0 days 00:00:25.922000,1,91.401,8745.558,4.90599999999904,True,False,False,24.0,0.0,0.0,30.3,35.179,25.922,0,0,0,0.0,91.1976,0.14304474824319544,1.421932664414876,0,1,90.964,91.051,0.0870000000000033,0.0,0.4369999999999976,-0.0909999999999987,0.0,0.036000000000001364,0.01504991694329176,-0.0909999999999987,0,0,2025,Miami Grand Prix,0.0,19,0.0
VER,4,0 days 00:01:32.569000,nan,,True,0 days 01:04:20.900000,26.5,1,38.6,0 days 00:00:31.185000,0 days 00:00:35.126000,0 days 00:00:26.258000,1,92.569,3860.9,1.0399999999999636,False,False,True,0.0,0.0,0.0,31.185,35.126,26.258,0,0,0,0.0,91.20479999999999,0.18878082529737691,7.226369509991576,0,0,92.569,92.133,-0.43600000000000705,1.605000000000004,0.0,-0.09666666666666401,0.0,0.3789999999999978,0.02098332671432149,0.0,0,0,2025,Miami Grand Prix,0.0,19,0.0
VER,5,0 days 00:01:32.133000,nan,,True,0 days 01:05:53.033000,26.4,1,38.4,0 days 00:00:31.182000,0 days 00:00:34.799000,0 days 00:00:26.152000,1,92.133,3953.033,1.1890000000003056,False,False,True,0.0,0.0,0.0,31.182,34.799,26.152,0,0,0,0.0,,,0.0,0,0,92.569,92.096,-0.472999999999999,0.0,-0.43600000000000705,0.0,0.0,0.0,0.0,0.0,0,0,2025,Miami Grand Prix,0.0,19,0.0
VER,6,0 days 00:01:32.096000,nan,,True,0 days 01:07:25.129000,26.5,1,38.5,0 days 00:00:31.075000,0 days 00:00:34.815000,0 days 00:00:26.206000,1,92.096,4045.129,1.1399999999998727,False,False,True,0.0,0.0,0.0,31.075,34.815,26.206,0,0,0,0.0,,,0.0,0,0,92.133,92.083,-0.04999999999999716,0.0,-0.03699999999999193,-0.21800000000000352,0.0,0.053999999999998494,0.0,0.0,0,0,2025,Miami Grand Prix,0.0,19,0.0
VER,7,0 days 00:01:32.083000,nan,,True,0 days 01:08:57.212000,26.6,1,38.9,0 days 00:00:31.076000,0 days 00:00:34.867000,0 days 00:00:26.140000,1,92.083,4137.212,1.2539999999999054,False,False,True,0.0,0.0,0.0,31.076,34.867,26.14,0,0,0,0.0,92.266,0.26305702803765074,-0.6956666444730554,0,0,92.096,92.583,0.48699999999999477,0.0,-0.01300000000000523,-0.15766666666666632,0.0,-0.012000000000000455,0.2050130077173957,-0.2364999999999995,0,0,2025,Miami Grand Prix,0.0,19,0.0
VER,8,0 days 00:01:32.583000,nan,,True,0 days 01:10:29.795000,26.6,1,38.9,0 days 00:00:31.420000,0 days 00:00:35.021000,0 days 00:00:26.142000,1,92.583,4229.795,0.6559999999999491,False,False,True,0.0,0.0,0.0,31.42,35.021,26.142,0,0,0,0.0,92.22025,0.23346288070412485,1.5537801936905353,0,0,92.083,92.406,0.3230000000000075,0.0,0.5,-0.1620000000000014,0.0,0.0019999999999988916,0.18474374143661723,-0.1620000000000014,0,1,2025,Miami Grand Prix,0.0,19,0.0
VER,9,0 days 00:01:32.406000,nan,,True,0 days 01:12:02.201000,26.7,1,39.0,0 days 00:00:31.176000,0 days 00:00:34.998000,0 days 00:00:26.232000,1,92.406,4322.201,0.4859999999998763,False,False,True,0.0,0.0,0.0,31.176,34.998,26.232,0,0,0,0.0,92.2928,0.2592222984235742,0.4366908274805712,0,0,92.583,92.392,-0.1910000000000025,0.5,-0.1769999999999925,0.15000000000000094,0.0,0.09199999999999875,0.16652267112918817,0.15000000000000094,0,1,2025,Miami Grand Prix,0.0,19,0.0
VER,10,0 days 00:01:32.392000,nan,,True,0 days 01:13:34.593000,26.7,1,38.9,0 days 00:00:30.922000,0 days 00:00:35.089000,0 days 00:00:26.381000,1,92.392,4414.593,0.17000000000007276,False,False,True,0.0,0.0,0.0,30.922,35.089,26.381,0,0,0,0.0,92.2602,0.22360612692858078,0.5894292871594478,0,0,92.406,92.595,0.18899999999999295,0.3230000000000075,-0.014000000000010004,0.1033333333333341,0.0,0.24099999999999966,0.04424025316383218,0.1033333333333341,0,1,2025,Miami Grand Prix,0.0,19,0.0
VER,11,0 days 00:01:32.595000,nan,,True,0 days 01:15:07.188000,26.6,1,38.5,0 days 00:00:31.315000,0 days 00:00:35.014000,0 days 00:00:26.266000,1,92.595,4507.188,0.4749999999994543,False,False,True,0.0,0.0,0.0,31.315,35.014,26.266,0,0,0,0.0,92.312,0.21666448716852552,1.306166985177773,0,0,92.392,92.236,-0.1559999999999917,0.3089999999999975,0.20300000000000296,0.10299999999999916,0.0,0.12399999999999878,0.1014682216262808,0.10299999999999916,0,1,2025,Miami Grand Prix,0.0,19,0.0
VER,12,0 days 00:01:32.236000,nan,,True,0 days 01:16:39.424000,26.6,1,38.4,0 days 00:00:30.879000,0 days 00:00:35.080000,0 days 00:00:26.277000,1,92.236,4599.424,0.4920000000001892,False,False,True,0.0,0.0,0.0,30.879,35.08,26.277,0,0,0,0.0,92.4118,0.20700652163639846,-0.8492486063254732,0,0,92.595,92.272,-0.3229999999999933,0.5120000000000005,-0.35899999999999466,0.004000000000000152,0.0,0.045000000000001705,0.10260019493158881,0.004000000000000152,0,1,2025,Miami Grand Prix,0.0,19,0.0
VER,13,0 days 00:01:32.272000,nan,,True,0 days 01:18:11.696000,26.7,1,38.2,0 days 00:00:30.973000,0 days 00:00:35.031000,0 days 00:00:26.268000,1,92.272,4691.696,0.09900000000016007,False,False,True,0.0,0.0,0.0,30.973,35.031,26.268,0,0,0,0.0,92.4424,0.14960046791370807,-1.1390338705243235,0,0,92.236,94.727,2.4909999999999997,0.0,0.036000000000001364,-0.05666666666666723,0.0,0.0020000000000024443,0.091031313293833,-0.05666666666666723,0,1,2025,Miami Grand Prix,0.0,19,0.0
VER,14,0 days 00:01:34.727000,nan,,True,0 days 01:19:46.423000,26.6,2,38.1,0 days 00:00:33.180000,0 days 00:00:35.275000,0 days 00:00:26.272000,1,94.727,4786.423,0.09500000000025466,False,False,True,0.0,0.0,0.0,33.18,35.275,26.272,0,0,0,0.0,92.3802,0.1409297697436593,16.652265907115687,0,0,92.272,93.736,1.4639999999999986,0.036000000000001364,2.4549999999999983,-0.03999999999999678,0.0,0.006000000000000227,0.09103131329383204,-0.03999999999999678,0,1,2025,Miami Grand Prix,0.0,19,0.0
VER,15,0 days 00:01:33.736000,nan,,True,0 days 01:21:20.159000,26.5,2,37.6,0 days 00:00:32.111000,0 days 00:00:35.324000,0 days 00:00:26.301000,1,93.736,4880.159,0.30200000000058935,False,False,True,0.0,0.0,0.0,32.111,35.324,26.301,0,0,0,0.0,92.8444,1.0617016059138273,0.8397839798241554,0,0,94.727,93.178,-1.5490000000000066,2.4909999999999997,-0.9909999999999997,0.7106666666666683,0.0,0.0329999999999977,0.10071891580035902,0.7106666666666683,0,1,2025,Miami Grand Prix,0.0,19,0.0
VER,16,0 days 00:01:33.178000,nan,,True,0 days 01:22:53.337000,26.6,2,37.7,0 days 00:00:31.413000,0 days 00:00:35.507000,0 days 00:00:26.258000,1,93.178,4973.337,0.22299999999995634,False,False,True,0.0,0.0,0.0,31.413,35.507,26.258,0,0,0,0.0,93.1132,1.0883311536476366,0.0595407011761156,0,0,93.736,94.857,1.1209999999999951,1.5,-0.5580000000000069,0.5,0.0,-0.010000000000001563,0.049269666124299165,0.5,0,1,2025,Miami Grand Prix,0.0,19,0.0
VER,17,0 days 00:01:34.857000,nan,,True,0 days 01:24:28.194000,26.5,2,37.6,0 days 00:00:31.316000,0 days 00:00:37.421000,0 days 00:00:26.120000,1,94.857,5068.194,0.2209999999995489,False,False,True,0.0,0.0,0.0,31.316,37.421,26.12,0,0,0,0.0,93.2298,1.0494699614567318,1.5504969744358799,0,0,93.178,93.253,0.07500000000000284,0.9419999999999931,1.679000000000002,0.3019999999999972,0.0,-0.13799999999999812,0.022906331002585507,0.3019999999999972,0,1,2025,Miami Grand Prix,0.0,19,0.0
VER,18,0 days 00:01:33.253000,nan,,True,0 days 01:26:01.447000,26.8,3,37.8,0 days 00:00:31.311000,0 days 00:00:36.003000,0 days 00:00:25.939000,1,93.253,5161.447,2.0720000000001164,False,False,True,0.0,0.0,0.0,31.311,36.003,25.939,0,0,0,0.0,93.75399999999999,1.0830237762856336,-0.4625937222894895,0,0,94.857,92.824,-2.0330000000000013,2.5849999999999937,-1.6039999999999992,0.043333333333331815,0.0,-0.18100000000000094,0.06705072706540813,0.043333333333331815,0,0,2025,Miami Grand Prix,0.0,19,0.0
VER,19,0 days 00:01:32.824000,nan,,True,0 days 01:27:34.271000,26.8,3,38.0,0 days 00:00:31.438000,0 days 00:00:35.239000,0 days 00:00:26.147000,1,92.824,5254.271,2.3609999999998763,False,False,True,0.0,0.0,0.0,31.438,35.239,26.147,0,0,0,0.0,93.9502,0.79905675643223,-1.4094117732368028,0,0,93.253,93.284,0.03100000000000591,0.07500000000000284,-0.42900000000000205,-0.16100000000000136,0.0,0.2079999999999984,0.09514462675316905,-0.16100000000000136,0,0,2025,Miami Grand Prix,0.0,19,0.0
VER,20,0 days 00:01:33.284000,nan,,True,0 days 01:29:07.555000,26.6,3,37.6,0 days 00:00:31.207000,0 days 00:00:35.936000,0 days 00:00:26.141000,1,93.284,5347.555,1.9780000000000655,False,False,True,0.0,0.0,0.0,31.207,35.936,26.141,0,0,0,0.0,93.56960000000001,0.7897140621769407,-0.3616498852922942,0,0,92.824,92.693,-0.13100000000000023,0.0,0.46000000000000796,-0.11799999999999973,0.0,0.20199999999999818,0.15387429934852578,-0.11799999999999973,0,0,2025,Miami Grand Prix,0.0,19,0.0
VER,21,0 days 00:01:32.693000,nan,,True,0 days 01:30:40.248000,26.5,3,37.6,0 days 00:00:31.131000,0 days 00:00:35.377000,0 days 00:00:26.185000,1,92.693,5440.248,2.066000000000713,False,False,True,0.0,0.0,0.0,31.131,35.377,26.185,0,0,0,0.0,93.47919999999999,0.7917718737111121,-0.9929627789315091,0,0,93.284,92.472,-0.8120000000000118,0.46000000000000796,-0.5910000000000082,-0.5243333333333311,0.0,0.24599999999999866,0.18348078918513416,-0.5243333333333311,0,0,2025,Miami Grand Prix,0.0,19,0.0
VER,22,0 days 00:01:32.472000,nan,,True,0 days 01:32:12.720000,26.7,3,37.8,0 days 00:00:31.083000,0 days 00:00:35.251000,0 days 00:00:26.138000,1,92.472,5532.72,2.3040000000000873,False,False,True,0.0,0.0,0.0,31.083,35.251,26.138,0,0,0,0.0,93.3822,0.8642850802831235,-1.0531247394688785,0,0,92.693,92.636,-0.05700000000000216,0.0,-0.22100000000000364,-0.18666666666666742,0.0,-0.002999999999996561,0.20837178311853927,-0.18666666666666742,0,0,2025,Miami Grand Prix,0.0,19,0.0
VER,23,0 days 00:01:32.636000,nan,,True,0 days 01:33:45.356000,26.8,3,37.8,0 days 00:00:31.056000,0 days 00:00:35.499000,0 days 00:00:26.081000,1,92.636,5625.356,2.068000000000211,False,False,True,0.0,0.0,0.0,31.056,35.499,26.081,0,0,0,0.0,92.90520000000001,0.35487279411079375,-0.758581679033885,0,0,92.472,92.44,-0.031999999999996476,0.0,0.16400000000000148,-0.11733333333333462,0.0,-0.05700000000000216,0.18220675069821007,-0.11733333333333462,0,0,2025,Miami Grand Prix,0.0,19,0.0
VER,24,0 days 00:01:32.440000,nan,,True,0 days 01:35:17.796000,26.8,3,37.7,0 days 00:00:31.003000,0 days 00:00:35.288000,0 days 00:00:26.149000,1,92.44,5717.796,2.1279999999997017,False,False,True,0.0,0.0,0.0,31.003,35.288,26.149,0,0,0,0.0,92.7818,0.307857434537482,-1.1102541685034142,0,0,92.636,92.523,-0.11299999999999955,0.16400000000000148,-0.19599999999999795,-0.21600000000000344,0.0,0.06800000000000139,0.1385629820695259,-0.21600000000000344,0,0,2025,Miami Grand Prix,0.0,19,0.0
VER,25,0 days 00:01:32.523000,MEDIUM,1.0,True,0 days 01:36:50.319000,26.8,3,37.5,0 days 00:00:30.940000,0 days 00:00:35.338000,0 days 00:00:26.245000,1,92.523,5810.319,3.2729999999992287,False,True,False,1.0,0.0,0.0,30.94,35.338,26.245,0,0,0,0.0,92.705,0.3408298695830479,-0.5339907568038292,0,0,92.44,91.025,-1.414999999999992,0.0,0.08299999999999841,-0.08433333333333337,0.0,0.16400000000000148,0.13001422999041212,-0.08433333333333337,0,0,2025,Miami Grand Prix,0.0,19,0.0
VER,31,0 days 00:01:31.025000,MEDIUM,7.0,True,0 days 01:46:57.005000,26.5,4,36.0,0 days 00:00:30.488000,0 days 00:00:34.641000,0 days 00:00:25.896000,1,91.025,6417.005,4.677999999999884,False,True,False,7.0,0.0,0.0,30.488,34.641,25.896,0,0,0,0.0,92.5528,0.10807266074262195,-14.136785284101567,1,0,92.523,91.781,-0.7419999999999902,0.08299999999999841,-1.4979999999999905,0.017000000000000643,0.0,-0.18499999999999872,0.1228303708371832,0.017000000000000643,0,0,2025,Miami Grand Prix,0.0,19,0.0
VER,32,0 days 00:01:31.781000,MEDIUM,8.0,True,0 days 01:48:28.786000,26.4,4,36.4,0 days 00:00:30.464000,0 days 00:00:34.720000,0 days 00:00:26.597000,1,91.781,6508.786,4.411000000000058,False,True,False,8.0,0.0,0.0,30.464,34.72,26.597,0,0,0,0.0,92.2192,0.6717125129100868,-0.6523624193057883,0,1,91.025,90.879,-0.1460000000000008,0.0,0.7560000000000002,-0.5369999999999967,0.0,0.7010000000000005,0.1313099386946781,-0.5369999999999967,0,0,2025,Miami Grand Prix,0.0,19,0.0
VER,34,0 days 00:01:30.879000,HARD,2.0,True,0 days 01:51:58.742000,26.2,4,36.1,0 days 00:00:30.357000,0 days 00:00:34.612000,0 days 00:00:25.910000,1,90.879,6718.742,4.345999999999549,True,False,False,2.0,0.0,0.0,30.357,34.612,25.91,0,0,0,0.0,92.08099999999999,0.6777547491533973,-1.7735028806532693,1,0,91.781,90.68,-1.100999999999999,0.7560000000000002,-0.902000000000001,-0.21966666666666393,0.0,0.013999999999999346,0.34091743868567376,-0.21966666666666393,0,0,2025,Miami Grand Prix,0.0,19,0.0
VER,35,0 days 00:01:30.680000,HARD,3.0,True,0 days 01:53:29.422000,26.1,4,35.9,0 days 00:00:30.323000,0 days 00:00:34.643000,0 days 00:00:25.714000,1,90.68,6809.422,4.8090000000001965,True,False,False,3.0,0.0,0.0,30.323,34.643,25.714,0,0,0,0.0,91.7296,0.7675896038899861,-1.3673973627063751,0,1,90.879,90.829,-0.05000000000001137,0.0,-0.19899999999999807,-0.547999999999997,0.0,-0.18200000000000216,0.33211940623817804,-0.547999999999997,0,0,2025,Miami Grand Prix,0.0,19,0.0
VER,36,0 days 00:01:30.829000,HARD,4.0,True,0 days 01:55:00.251000,26.1,4,35.5,0 days 00:00:30.253000,0 days 00:00:34.733000,0 days 00:00:25.843000,1,90.829,6900.251,4.778999999999542,True,False,False,4.0,0.0,0.0,30.253,34.733,25.843,0,0,0,0.0,91.3776,0.763912167726099,-0.7181453878827444,0,0,90.68,90.751,0.07099999999999795,0.0,0.1489999999999867,-0.11499999999999962,0.0,0.12900000000000134,0.3651757111309573,-0.11499999999999962,0,0,2025,Miami Grand Prix,0.0,19,0.0
VER,37,0 days 00:01:30.751000,HARD,5.0,True,0 days 01:56:31.002000,26.1,4,35.7,0 days 00:00:30.171000,0 days 00:00:34.707000,0 days 00:00:25.873000,1,90.751,6991.002,5.138999999999214,True,False,False,5.0,0.0,0.0,30.171,34.707,25.873,0,0,0,0.0,91.03880000000001,0.4328223654110214,-0.6649379121772059,0,0,90.829,90.992,0.16300000000001091,0.1489999999999867,-0.07799999999998875,-0.31733333333333746,0.0,0.15900000000000247,0.3640333775905725,-0.31733333333333746,0,0,2025,Miami Grand Prix,0.0,19,0.0
VER,38,0 days 00:01:30.992000,HARD,6.0,True,0 days 01:58:01.994000,26.2,4,36.0,0 days 00:00:30.344000,0 days 00:00:34.765000,0 days 00:00:25.883000,1,90.992,7081.994,5.510000000000218,True,False,False,6.0,0.0,0.0,30.344,34.765,25.883,0,0,0,0.0,90.984,0.451930304361182,0.017701844560563458,0,0,90.751,90.793,0.04200000000000159,0.07099999999999795,0.24099999999999966,-0.04266666666666671,0.0,0.16900000000000048,0.3285706925457603,-0.04266666666666671,0,0,2025,Miami Grand Prix,0.0,19,0.0
VER,39,0 days 00:01:30.793000,HARD,7.0,True,0 days 01:59:32.787000,26.2,4,35.7,0 days 00:00:30.241000,0 days 00:00:34.755000,0 days 00:00:25.797000,1,90.793,7172.787,6.0679999999993015,True,False,False,7.0,0.0,0.0,30.241,34.755,25.797,0,0,0,0.0,90.8262,0.11970254800958034,-0.2773541628983247,0,0,90.992,90.743,-0.24900000000000944,0.3119999999999976,-0.19899999999999807,0.1039999999999992,0.0,-0.045999999999999375,0.14756252911901613,0.1039999999999992,0,0,2025,Miami Grand Prix,0.0,19,0.0
VER,40,0 days 00:01:30.743000,HARD,8.0,True,0 days 02:01:03.530000,26.2,4,35.5,0 days 00:00:30.307000,0 days 00:00:34.600000,0 days 00:00:25.836000,1,90.743,7263.53,6.506000000000313,True,False,False,8.0,0.0,0.0,30.307,34.6,25.836,0,0,0,0.0,90.809,0.1163507627821375,-0.5672502562238037,0,0,90.793,90.466,-0.3270000000000124,0.11299999999999955,-0.05000000000001137,-0.011999999999995717,0.0,0.038999999999997925,0.1543006804910479,-0.011999999999995717,0,0,2025,Miami Grand Prix,0.0,19,0.0
VER,41,0 days 00:01:30.466000,HARD,9.0,True,0 days 02:02:33.996000,26.2,4,35.1,0 days 00:00:30.085000,0 days 00:00:34.649000,0 days 00:00:25.732000,1,90.466,7353.996,7.015000000000327,True,False,False,9.0,0.0,0.0,30.085,34.649,25.732,0,0,0,0.0,90.8216,0.10133015345881063,-3.509320649993453,1,0,90.743,90.685,-0.057999999999992724,0.0,-0.277000000000001,-0.0026666666666699257,0.0,-0.06500000000000128,0.09167878707749216,-0.0026666666666699257,0,0,2025,Miami Grand Prix,0.0,19,0.0
VER,42,0 days 00:01:30.685000,HARD,10.0,True,0 days 02:04:04.681000,26.1,4,34.9,0 days 00:00:30.149000,0 days 00:00:34.729000,0 days 00:00:25.807000,1,90.685,7444.681,7.719000000000051,True,False,False,10.0,0.0,0.0,30.149,34.729,25.807,0,0,0,0.0,90.749,0.1878257170889722,-0.3407414117294515,0,1,90.466,90.775,0.3090000000000117,0.0,0.2190000000000083,-0.1753333333333368,0.0,0.07499999999999929,0.11022340949181449,-0.1753333333333368,0,0,2025,Miami Grand Prix,0.0,19,0.0
VER,43,0 days 00:01:30.775000,HARD,11.0,True,0 days 02:05:35.456000,26.0,4,35.2,0 days 00:00:30.232000,0 days 00:00:34.767000,0 days 00:00:25.776000,1,90.775,7535.456,8.115999999999985,True,False,False,11.0,0.0,0.0,30.232,34.767,25.776,0,0,0,0.0,90.73580000000001,0.18995710042003275,0.20636238347139932,0,0,90.685,90.822,0.13700000000000045,0.2190000000000083,0.09000000000000341,-0.036000000000001364,0.0,0.04400000000000048,0.09504104376531256,-0.036000000000001364,0,0,2025,Miami Grand Prix,0.0,19,0.0
VER,44,0 days 00:01:30.822000,HARD,12.0,True,0 days 02:07:06.278000,26.0,4,35.6,0 days 00:00:30.192000,0 days 00:00:34.800000,0 days 00:00:25.830000,1,90.822,7626.278,8.462999999999738,True,False,False,12.0,0.0,0.0,30.192,34.8,25.83,0,0,0,0.0,90.69239999999999,0.1330556274645526,0.9740287011501064,0,0,90.775,90.643,-0.132000000000005,0.3090000000000117,0.046999999999997044,0.01066666666667023,0.0,0.09799999999999898,0.06119885619846166,0.01066666666667023,0,0,2025,Miami Grand Prix,0.0,19,0.0
VER,45,0 days 00:01:30.643000,HARD,13.0,True,0 days 02:08:36.921000,26.0,4,35.8,0 days 00:00:30.260000,0 days 00:00:34.591000,0 days 00:00:25.792000,1,90.643,7716.921,8.942000000000007,True,False,False,13.0,0.0,0.0,30.26,34.591,25.792,0,0,0,0.0,90.6982,0.13903488770803257,-0.3970226531625424,0,0,90.822,90.977,0.15500000000000114,0.35600000000000875,-0.17900000000000205,0.11866666666666958,0.0,0.01600000000000179,0.0624795966696331,0.11866666666666958,0,0,2025,Miami Grand Prix,0.0,19,0.0
VER,46,0 days 00:01:30.977000,HARD,14.0,True,0 days 02:10:07.898000,26.0,4,35.4,0 days 00:00:30.322000,0 days 00:00:34.829000,0 days 00:00:25.826000,1,90.977,7807.898,9.037999999999556,True,False,False,14.0,0.0,0.0,30.322,34.829,25.826,0,0,0,0.0,90.6782,0.1381690992949792,2.162567473658401,0,0,90.643,91.136,0.492999999999995,0.1770000000000067,0.3340000000000032,-0.014000000000000531,0.0,0.05000000000000071,0.0632479248671449,-0.014000000000000531,0,0,2025,Miami Grand Prix,0.0,19,0.0
VER,47,0 days 00:01:31.136000,HARD,15.0,True,0 days 02:11:39.034000,26.1,4,35.3,0 days 00:00:30.383000,0 days 00:00:34.962000,0 days 00:00:25.791000,1,91.136,7899.034,8.91400000000067,True,False,False,15.0,0.0,0.0,30.383,34.962,25.791,0,0,0,0.0,90.78040000000001,0.13075855612534487,2.719516110740041,0,0,90.977,90.879,-0.09799999999999898,0.3340000000000032,0.15899999999999181,0.06733333333333273,0.0,-0.0010000000000012221,0.03123779761762878,0.06733333333333273,0,0,2025,Miami Grand Prix,0.0,19,0.0
VER,48,0 days 00:01:30.879000,HARD,16.0,True,0 days 02:13:09.913000,26.0,4,35.3,0 days 00:00:30.367000,0 days 00:00:34.789000,0 days 00:00:25.723000,1,90.879,7989.913,9.090000000000146,True,False,False,16.0,0.0,0.0,30.367,34.789,25.723,0,0,0,0.0,90.8706,0.19043450317624985,0.044109653764972015,0,0,91.136,90.59,-0.5459999999999923,0.492999999999995,-0.2569999999999908,0.10466666666666431,0.0,-0.06800000000000139,0.037839133182460474,0.10466666666666431,0,0,2025,Miami Grand Prix,0.0,19,0.0
VER,49,0 days 00:01:30.590000,HARD,17.0,True,0 days 02:14:40.503000,26.1,4,35.0,0 days 00:00:30.325000,0 days 00:00:34.553000,0 days 00:00:25.712000,1,90.59,8080.503,9.338999999999942,True,False,False,17.0,0.0,0.0,30.325,34.553,25.712,0,0,0,0.0,90.8914,0.18291336747210576,-1.6477745949648235,1,0,90.879,90.668,-0.21099999999999852,0.2360000000000042,-0.2890000000000015,0.07866666666666806,0.0,-0.010999999999999233,0.06160357132504612,0.07866666666666806,0,0,2025,Miami Grand Prix,0.0,19,0.0
VER,50,0 days 00:01:30.668000,HARD,18.0,True,0 days 02:16:11.171000,26.0,4,35.1,0 days 00:00:30.311000,0 days 00:00:34.567000,0 days 00:00:25.790000,1,90.668,8171.171,9.621000000000095,True,False,False,18.0,0.0,0.0,30.311,34.567,25.79,0,0,0,0.0,90.845,0.22863180006285969,-0.774170521997939,0,1,90.59,90.534,-0.055999999999997385,0.0,0.07800000000000296,-0.12900000000000014,0.0,0.0779999999999994,0.043193749547823235,-0.12900000000000014,0,0,2025,Miami Grand Prix,0.0,19,0.0
VER,51,0 days 00:01:30.534000,HARD,19.0,True,0 days 02:17:41.705000,26.0,4,35.0,0 days 00:00:30.166000,0 days 00:00:34.602000,0 days 00:00:25.766000,1,90.534,8261.705,9.773999999999432,True,False,False,19.0,0.0,0.0,30.166,34.602,25.766,0,0,0,0.0,90.85,0.223321517100309,-1.415000238683006,0,0,90.668,90.773,0.10499999999998977,0.07800000000000296,-0.13400000000000034,-0.15599999999999645,0.0,0.053999999999998494,0.05672124822321922,-0.15599999999999645,0,0,2025,Miami Grand Prix,0.0,19,0.0
VER,52,0 days 00:01:30.773000,HARD,20.0,True,0 days 02:19:12.478000,25.9,4,34.9,0 days 00:00:30.293000,0 days 00:00:34.719000,0 days 00:00:25.761000,1,90.773,8352.478,9.68500000000131,True,False,False,20.0,0.0,0.0,30.293,34.719,25.761,0,0,0,0.0,90.76140000000001,0.24696517973184243,0.046970184268821165,0,0,90.534,90.887,0.35299999999999443,0.0,0.2389999999999901,-0.11499999999999962,0.0,0.04899999999999949,0.057456940398876125,-0.11499999999999962,0,0,2025,Miami Grand Prix,0.0,19,0.0
VER,53,0 days 00:01:30.887000,HARD,21.0,True,0 days 02:20:43.365000,26.0,4,35.0,0 days 00:00:30.271000,0 days 00:00:34.757000,0 days 00:00:25.859000,1,90.887,8443.365,9.486000000000786,True,False,False,21.0,0.0,0.0,30.271,34.757,25.859,0,0,0,0.0,90.6888,0.1391247641506759,1.4246205642105811,0,0,90.773,91.606,0.8329999999999984,0.2389999999999901,0.11400000000000432,0.06099999999999758,0.0,0.09800000000000253,0.05929839795475088,0.06099999999999758,0,0,2025,Miami Grand Prix,0.0,19,0.0
VER,54,0 days 00:01:31.606000,HARD,22.0,True,0 days 02:22:14.971000,25.9,4,34.9,0 days 00:00:30.530000,0 days 00:00:35.198000,0 days 00:00:25.878000,1,91.606,8534.971,8.537000000000262,True,False,False,22.0,0.0,0.0,30.53,35.198,25.878,0,0,0,0.0,90.6904,0.14187776429018378,6.453442543169157,0,0,90.887,90.523,-0.3640000000000043,0.35299999999999443,0.7189999999999941,0.07299999999999802,0.0,0.11700000000000088,0.041113258202191034,0.07299999999999802,0,0,2025,Miami Grand Prix,0.0,19,0.0
VER,55,0 days 00:01:30.523000,HARD,23.0,True,0 days 02:23:45.494000,25.9,4,34.9,0 days 00:00:30.075000,0 days 00:00:34.666000,0 days 00:00:25.782000,1,90.523,8625.494,8.495999999999185,True,False,False,23.0,0.0,0.0,30.075,34.666,25.782,0,0,0,0.0,90.8936,0.41901945062250096,-0.8844458161773681,0,0,91.606,90.651,-0.9549999999999983,1.0719999999999885,-1.0829999999999984,0.3573333333333295,0.0,0.021000000000000796,0.028856541719341062,0.3573333333333295,0,0,2025,Miami Grand Prix,0.0,19,0.0
VER,56,0 days 00:01:30.651000,HARD,24.0,True,0 days 02:25:16.145000,26.0,4,34.9,0 days 00:00:30.119000,0 days 00:00:34.738000,0 days 00:00:25.794000,1,90.651,8716.145,8.520000000000437,True,False,False,24.0,0.0,0.0,30.119,34.738,25.794,0,0,0,0.0,90.8646,0.44287503880889906,-0.4823030906742255,0,0,90.523,90.986,0.46300000000000807,0.0,0.1280000000000001,-0.08333333333333333,0.0,0.012000000000000455,0.03894483277663495,-0.08333333333333333,0,0,2025,Miami Grand Prix,0.0,19,0.0
