Driver,LapNumber,LapTime,Compound,TyreLife,IsAccurate,Time,Position,Sector1Time,Sector2Time,Sector3Time,TrackStatus,LapTimeSec,RaceTimeSec,GapBehindSec,compound_HARD,compound_MEDIUM,compound_SOFT,TyreAge,AirTemp,TrackTemp,GapToLeaderSec,GapAheadSec,Sector1Sec,Sector2Sec,Sector3Sec,IsSC,IsVSC,IsYellow,AEBI,LapTime_roll_mean,LapTime_roll_std,LapTime_z,LapSpikeFast,PrevLapSpikeFast,PrevLapTimeSec,NextLapTimeSec,DeltaNextLapSec,PushIndex,TyreDegRate,TyreDegSmooth,DeltaGapAhead,ERSProxy,ERSVolatility,PushTrend,IsDRSRange,IsUnderAttack,Season,RaceName,RaceKey
ALB,2,0 days 00:01:29.828000,HARD,2.0,True,0 days 01:01:48.650000,17,0 days 00:00:33.707000,0 days 00:00:30.158000,0 days 00:00:25.963000,1,89.828,3708.65,0.8330000000000837,True,False,False,2.0,0.0,0.0,0.0,0.0,33.707,30.158,25.963,0,0,0,0.0,,,0.0,0,0,89.828,88.892,-0.936000000000007,0.0,0.0,0.0,0.0,0.0,0.0,0.0,0,1,2025,Qatar Grand Prix,2025_Qatar Grand Prix
ALB,3,0 days 00:01:28.892000,HARD,3.0,True,0 days 01:03:17.542000,17,0 days 00:00:32.662000,0 days 00:00:30.347000,0 days 00:00:25.883000,1,88.892,3797.542,0.7910000000001673,True,False,False,3.0,0.0,0.0,0.0,0.0,32.662,30.347,25.883,0,0,0,0.0,,,0.0,0,0,89.828,88.916,-0.9120000000000061,0.0,-0.936000000000007,0.0,0.0,0.0,0.0,0.0,0,1,2025,Qatar Grand Prix,2025_Qatar Grand Prix
ALB,4,0 days 00:01:28.916000,HARD,4.0,True,0 days 01:04:46.458000,17,0 days 00:00:32.754000,0 days 00:00:30.227000,0 days 00:00:25.935000,1,88.916,3886.458,0.7260000000001128,True,False,False,4.0,0.0,0.0,0.0,0.0,32.754,30.227,25.935,0,0,0,0.0,,,0.0,0,0,88.892,88.583,-0.3089999999999975,0.0,0.02400000000000091,-0.4680000000000035,0.0,0.0519999999999996,0.0,0.0,0,1,2025,Qatar Grand Prix,2025_Qatar Grand Prix
ALB,5,0 days 00:01:28.583000,HARD,5.0,True,0 days 01:06:15.041000,17,0 days 00:00:32.747000,0 days 00:00:30.215000,0 days 00:00:25.621000,1,88.583,3975.041,0.9209999999998217,True,False,False,5.0,0.0,0.0,0.0,0.0,32.747,30.215,25.621,0,0,0,0.0,89.21199999999999,0.5336065966608782,-1.1787710345712568,0,0,88.916,88.381,-0.5349999999999966,0.02400000000000091,-0.3329999999999984,-0.30400000000000205,0.0,-0.26200000000000045,0.03002221399786031,-0.45600000000000307,0,1,2025,Qatar Grand Prix,2025_Qatar Grand Prix
ALB,6,0 days 00:01:28.381000,HARD,6.0,True,0 days 01:07:43.422000,17,0 days 00:00:32.583000,0 days 00:00:30.078000,0 days 00:00:25.720000,1,88.381,4063.422,0.8049999999998363,True,False,False,6.0,0.0,0.0,0.0,0.0,32.583,30.078,25.72,0,0,0,0.0,89.05475,0.537339976178959,-1.2538616702056213,0,0,88.583,88.247,-0.3359999999999985,0.0,-0.20199999999999818,-0.41500000000000153,0.0,0.0990000000000002,0.14180150445840375,-0.41500000000000153,0,1,2025,Qatar Grand Prix,2025_Qatar Grand Prix
ALB,11,0 days 00:01:28.247000,MEDIUM,4.0,True,0 days 01:17:48.072000,13,0 days 00:00:32.920000,0 days 00:00:29.752000,0 days 00:00:25.575000,1,88.247,4668.072,0.8029999999998836,False,True,False,4.0,0.0,0.0,0.0,0.0,32.92,29.752,25.575,0,0,0,0.0,88.92,0.5543811865494744,-1.2139661596181195,0,0,88.381,88.305,-0.0759999999999934,0.0,-0.13400000000000034,-0.1703333333333319,0.0,-0.045999999999999375,0.14025405519984102,-0.1703333333333319,0,1,2025,Qatar Grand Prix,2025_Qatar Grand Prix
ALB,12,0 days 00:01:28.305000,MEDIUM,5.0,True,0 days 01:19:16.377000,13,0 days 00:00:32.849000,0 days 00:00:29.882000,0 days 00:00:25.574000,1,88.305,4756.377,0.6489999999994325,False,True,False,5.0,0.0,0.0,0.0,0.0,32.849,29.882,25.574,0,0,0,0.0,88.6038,0.29912656184297753,-0.9989082820296347,0,0,88.247,88.153,-0.09399999999999409,0.0,0.058000000000006935,-0.22299999999999898,0.0,-0.0009999999999976694,0.13994213089702487,-0.22299999999999898,0,1,2025,Qatar Grand Prix,2025_Qatar Grand Prix
ALB,13,0 days 00:01:28.153000,MEDIUM,6.0,True,0 days 01:20:44.530000,13,0 days 00:00:32.639000,0 days 00:00:29.848000,0 days 00:00:25.666000,1,88.153,4844.53,0.6779999999998836,False,True,False,6.0,0.0,0.0,0.0,0.0,32.639,29.848,25.666,0,0,0,0.0,88.48639999999999,0.2716685480507413,-1.227230764813128,0,0,88.305,87.671,-0.6340000000000003,0.058000000000006935,-0.15200000000000102,-0.09266666666666386,0.0,0.09199999999999875,0.13988673990053554,-0.09266666666666386,0,1,2025,Qatar Grand Prix,2025_Qatar Grand Prix
ALB,14,0 days 00:01:27.671000,MEDIUM,7.0,True,0 days 01:22:12.201000,13,0 days 00:00:32.341000,0 days 00:00:29.840000,0 days 00:00:25.490000,1,87.671,4932.201,0.7470000000002983,False,True,False,7.0,0.0,0.0,0.0,0.0,32.341,29.84,25.49,0,0,0,0.0,88.3338,0.1623120451475954,-4.083492382819066,1,0,88.153,87.841,-0.3120000000000118,0.0,-0.4819999999999993,-0.07599999999999814,0.0,-0.08400000000000318,0.14683426030732752,-0.07599999999999814,0,1,2025,Qatar Grand Prix,2025_Qatar Grand Prix
ALB,15,0 days 00:01:27.841000,MEDIUM,8.0,True,0 days 01:23:40.042000,13,0 days 00:00:32.292000,0 days 00:00:30.009000,0 days 00:00:25.540000,1,87.841,5020.042,0.7280000000000655,False,True,False,8.0,0.0,0.0,0.0,0.0,32.292,30.009,25.54,0,0,0,0.0,88.1514,0.28117396750054097,-1.1039428819078143,0,1,87.671,87.648,-0.023000000000010346,0.0,0.1699999999999875,-0.1919999999999978,0.0,0.05000000000000071,0.08172820810466899,-0.1919999999999978,0,1,2025,Qatar Grand Prix,2025_Qatar Grand Prix
ALB,16,0 days 00:01:27.648000,MEDIUM,9.0,True,0 days 01:25:07.690000,13,0 days 00:00:32.337000,0 days 00:00:29.925000,0 days 00:00:25.386000,1,87.648,5107.69,0.7260000000005675,False,True,False,9.0,0.0,0.0,0.0,0.0,32.337,29.925,25.386,0,0,0,0.0,88.04339999999999,0.27456656752051556,-1.4400879304813792,0,0,87.841,87.683,-0.15799999999998704,0.1699999999999875,-0.19299999999999784,-0.15466666666667095,0.0,-0.1039999999999992,0.07090980186123837,-0.15466666666667095,0,1,2025,Qatar Grand Prix,2025_Qatar Grand Prix
ALB,17,0 days 00:01:27.683000,MEDIUM,10.0,True,0 days 01:26:35.373000,13,0 days 00:00:32.296000,0 days 00:00:29.926000,0 days 00:00:25.461000,1,87.683,5195.373,0.7380000000002838,False,True,False,10.0,0.0,0.0,0.0,0.0,32.296,29.926,25.461,0,0,0,0.0,87.92360000000001,0.29354522649840564,-0.8196351985349262,0,0,87.648,87.609,-0.03900000000000148,0.0,0.0350000000000108,-0.16833333333333655,0.0,0.07499999999999929,0.0842543767409151,-0.16833333333333655,0,1,2025,Qatar Grand Prix,2025_Qatar Grand Prix
ALB,18,0 days 00:01:27.609000,MEDIUM,11.0,True,0 days 01:28:02.982000,13,0 days 00:00:32.202000,0 days 00:00:29.951000,0 days 00:00:25.456000,1,87.609,5282.982,0.8930000000000291,False,True,False,11.0,0.0,0.0,0.0,0.0,32.202,29.951,25.456,0,0,0,0.0,87.79920000000001,0.21196745033141556,-0.8973075804923675,0,0,87.683,87.552,-0.13100000000000023,0.0350000000000108,-0.07400000000001228,0.004000000000000152,0.0,0.07000000000000028,0.09259157629071903,0.004000000000000152,0,1,2025,Qatar Grand Prix,2025_Qatar Grand Prix
ALB,19,0 days 00:01:27.552000,MEDIUM,12.0,True,0 days 01:29:30.534000,13,0 days 00:00:32.175000,0 days 00:00:29.960000,0 days 00:00:25.417000,1,87.552,5370.534,0.8930000000000291,False,True,False,12.0,0.0,0.0,0.0,0.0,32.175,29.96,25.417,0,0,0,0.0,87.6904,0.08879076528560834,-1.558720656982812,1,0,87.609,87.586,-0.022999999999996135,0.0,-0.05699999999998795,-0.0773333333333331,0.0,0.03100000000000236,0.08787377310665623,-0.0773333333333331,0,1,2025,Qatar Grand Prix,2025_Qatar Grand Prix
ALB,20,0 days 00:01:27.586000,MEDIUM,13.0,True,0 days 01:30:58.120000,13,0 days 00:00:32.147000,0 days 00:00:30.021000,0 days 00:00:25.418000,1,87.586,5458.12,0.9830000000001746,False,True,False,13.0,0.0,0.0,0.0,0.0,32.147,30.021,25.418,0,0,0,0.0,87.6666,0.10895090637532363,-0.7397827395978337,0,1,87.552,87.617,0.06499999999999773,0.0,0.033999999999991815,-0.031999999999996476,0.0,0.0009999999999976694,0.07386677196141686,-0.031999999999996476,0,1,2025,Qatar Grand Prix,2025_Qatar Grand Prix
ALB,21,0 days 00:01:27.617000,MEDIUM,14.0,True,0 days 01:32:25.737000,13,0 days 00:00:32.226000,0 days 00:00:29.991000,0 days 00:00:25.400000,1,87.617,5545.737,0.9399999999995998,False,True,False,14.0,0.0,0.0,0.0,0.0,32.226,29.991,25.4,0,0,0,0.0,87.6156,0.0513741179973648,0.027251076117270855,0,0,87.586,87.74,0.15399999999999636,0.033999999999991815,0.03100000000000591,-0.032333333333336135,0.0,-0.017000000000003013,0.07286494355998624,-0.032333333333336135,0,1,2025,Qatar Grand Prix,2025_Qatar Grand Prix
ALB,22,0 days 00:01:27.740000,MEDIUM,15.0,True,0 days 01:33:53.477000,13,0 days 00:00:32.425000,0 days 00:00:29.969000,0 days 00:00:25.346000,1,87.74,5633.477,1.01299999999992,False,True,False,15.0,0.0,0.0,0.0,0.0,32.425,29.969,25.346,0,0,0,0.0,87.6094,0.0482628221305746,2.7060166445854352,0,0,87.617,87.57,-0.047000000000011255,0.06499999999999773,0.12299999999999045,0.0026666666666699257,0.0,-0.053999999999998494,0.04079215610874355,0.0026666666666699257,0,0,2025,Qatar Grand Prix,2025_Qatar Grand Prix
ALB,23,0 days 00:01:27.570000,MEDIUM,16.0,True,0 days 01:35:21.047000,13,0 days 00:00:32.395000,0 days 00:00:29.891000,0 days 00:00:25.284000,1,87.57,5721.047,1.1760000000003856,False,True,False,16.0,0.0,0.0,0.0,0.0,32.395,29.891,25.284,0,0,0,0.0,87.6208,0.07125096490579506,-0.7129728006796127,0,0,87.74,87.534,-0.20599999999998886,0.18799999999998818,-0.1700000000000017,0.06266666666666272,0.0,-0.062000000000001165,0.047103078455659766,0.06266666666666272,0,0,2025,Qatar Grand Prix,2025_Qatar Grand Prix
ALB,24,0 days 00:01:27.534000,MEDIUM,17.0,True,0 days 01:36:48.581000,13,0 days 00:00:32.364000,0 days 00:00:29.939000,0 days 00:00:25.231000,1,87.534,5808.581,1.3499999999994543,False,True,False,17.0,0.0,0.0,0.0,0.0,32.364,29.939,25.231,0,0,0,0.0,87.613,0.07490660852025649,-1.0546466000877623,0,0,87.57,87.38,-0.18999999999999773,0.01799999999998647,-0.03599999999998715,-0.005333333333335115,0.0,-0.05299999999999727,0.03863547592563129,-0.005333333333335115,0,0,2025,Qatar Grand Prix,2025_Qatar Grand Prix
ALB,25,0 days 00:01:27.380000,MEDIUM,18.0,True,0 days 01:38:15.961000,13,0 days 00:00:32.313000,0 days 00:00:29.854000,0 days 00:00:25.213000,1,87.38,5895.961,1.6049999999995634,False,True,False,18.0,0.0,0.0,0.0,0.0,32.313,29.854,25.213,0,0,0,0.0,87.6094,0.07889740173165892,-2.907573569789024,1,0,87.534,87.431,-0.10300000000000864,0.0,-0.15400000000001057,-0.027666666666666135,0.0,-0.018000000000000682,0.027449954462619986,-0.027666666666666135,0,0,2025,Qatar Grand Prix,2025_Qatar Grand Prix
ALB,26,0 days 00:01:27.431000,MEDIUM,19.0,True,0 days 01:39:43.392000,13,0 days 00:00:32.369000,0 days 00:00:29.878000,0 days 00:00:25.184000,1,87.431,5983.392,1.5489999999999782,False,True,False,19.0,0.0,0.0,0.0,0.0,32.369,29.878,25.184,0,0,0,0.0,87.5682,0.1308518245956328,-1.0485142291595235,0,1,87.38,87.343,-0.03699999999999193,0.0,0.05100000000000193,-0.11999999999999982,0.0,-0.028999999999999915,0.021556901447099198,-0.11999999999999982,0,0,2025,Qatar Grand Prix,2025_Qatar Grand Prix
ALB,27,0 days 00:01:27.343000,MEDIUM,20.0,True,0 days 01:41:10.735000,13,0 days 00:00:32.388000,0 days 00:00:29.813000,0 days 00:00:25.142000,1,87.343,6070.735,1.3659999999999854,False,True,False,20.0,0.0,0.0,0.0,0.0,32.388,29.813,25.142,0,0,0,0.0,87.53099999999999,0.13965314174770738,-1.3461924139137706,0,0,87.431,87.511,0.0799999999999983,0.05100000000000193,-0.08799999999999386,-0.04633333333333193,0.0,-0.04200000000000159,0.018726985876002227,-0.04633333333333193,0,0,2025,Qatar Grand Prix,2025_Qatar Grand Prix
ALB,28,0 days 00:01:27.511000,MEDIUM,21.0,True,0 days 01:42:38.246000,13,0 days 00:00:32.424000,0 days 00:00:29.892000,0 days 00:00:25.195000,1,87.511,6158.246,1.3040000000000873,False,True,False,21.0,0.0,0.0,0.0,0.0,32.424,29.892,25.195,0,0,0,0.0,87.4516,0.09766422067474015,0.6082063583737761,0,0,87.343,87.41,0.06699999999999307,0.0,0.16799999999999216,-0.0636666666666675,0.0,0.053000000000000824,0.017739785793520587,-0.0636666666666675,0,0,2025,Qatar Grand Prix,2025_Qatar Grand Prix
ALB,29,0 days 00:01:27.410000,MEDIUM,22.0,True,0 days 01:44:05.656000,13,0 days 00:00:32.471000,0 days 00:00:29.774000,0 days 00:00:25.165000,1,87.41,6245.656,1.1760000000003856,False,True,False,22.0,0.0,0.0,0.0,0.0,32.471,29.774,25.165,0,0,0,0.0,87.4398,0.08210785589701361,-0.3629372570316086,0,0,87.511,87.373,-0.13799999999999102,0.16799999999999216,-0.10099999999999909,0.04366666666666674,0.0,0.022999999999999687,0.04172169699329122,0.04366666666666674,0,0,2025,Qatar Grand Prix,2025_Qatar Grand Prix
ALB,30,0 days 00:01:27.373000,MEDIUM,23.0,True,0 days 01:45:33.029000,13,0 days 00:00:32.432000,0 days 00:00:29.812000,0 days 00:00:25.129000,1,87.373,6333.029,0.9919999999992797,False,True,False,23.0,0.0,0.0,0.0,0.0,32.432,29.812,25.129,0,0,0,0.0,87.41499999999999,0.06305949571637837,-0.6660376763697902,0,0,87.41,87.123,-0.28699999999999193,0.06699999999999307,-0.03699999999999193,-0.0070000000000002656,0.0,-0.012999999999998124,0.03947530873850209,-0.0070000000000002656,0,1,2025,Qatar Grand Prix,2025_Qatar Grand Prix
ALB,31,0 days 00:01:27.123000,MEDIUM,24.0,True,0 days 01:47:00.152000,13,0 days 00:00:32.311000,0 days 00:00:29.765000,0 days 00:00:25.047000,1,87.123,6420.152,0.9669999999996435,False,True,False,24.0,0.0,0.0,0.0,0.0,32.311,29.765,25.047,0,0,0,0.0,87.4136,0.06409992199686097,-4.533546858516125,1,0,87.373,85.421,-1.9519999999999982,0.030000000000001137,-0.25,0.010000000000000378,0.0,-0.08200000000000074,0.03904868755797107,0.010000000000000378,0,1,2025,Qatar Grand Prix,2025_Qatar Grand Prix
ALB,34,0 days 00:01:25.421000,MEDIUM,2.0,True,0 days 01:51:44.981000,14,0 days 00:00:31.721000,0 days 00:00:28.932000,0 days 00:00:24.768000,1,85.421,6704.981,0.8609999999998763,False,True,False,2.0,0.0,0.0,0.0,0.0,31.721,28.932,24.768,0,0,0,0.0,87.352,0.14283556979968756,-13.519041529417564,1,1,87.123,85.658,-1.4650000000000034,0.0,-1.7019999999999982,-0.12933333333333033,0.0,-0.2789999999999999,0.05303489417355403,-0.12933333333333033,0,1,2025,Qatar Grand Prix,2025_Qatar Grand Prix
ALB,35,0 days 00:01:25.658000,MEDIUM,3.0,True,0 days 01:53:10.639000,13,0 days 00:00:31.698000,0 days 00:00:29.120000,0 days 00:00:24.840000,1,85.658,6790.639,1.0299999999997453,False,True,False,3.0,0.0,0.0,0.0,0.0,31.698,29.12,24.84,0,0,0,0.0,86.9676,0.8762806628015839,-1.4944983446434168,0,1,85.421,85.891,0.46999999999999886,0.0,0.23699999999999477,-0.6629999999999967,0.0,0.07199999999999918,0.13258129581505862,-0.6629999999999967,0,0,2025,Qatar Grand Prix,2025_Qatar Grand Prix
ALB,36,0 days 00:01:25.891000,MEDIUM,4.0,True,0 days 01:54:36.530000,13,0 days 00:00:31.724000,0 days 00:00:29.302000,0 days 00:00:24.865000,1,85.891,6876.53,1.342000000000553,False,True,False,4.0,0.0,0.0,0.0,0.0,31.724,29.302,24.865,0,0,0,0.0,86.59700000000001,0.9752586836321813,-0.7239104986695724,0,0,85.658,86.097,0.43899999999999295,0.23699999999999477,0.2330000000000041,-0.5716666666666678,0.0,0.09699999999999775,0.13681995468497998,-0.5716666666666678,0,0,2025,Qatar Grand Prix,2025_Qatar Grand Prix
ALB,37,0 days 00:01:26.097000,MEDIUM,5.0,True,0 days 01:56:02.627000,13,0 days 00:00:31.861000,0 days 00:00:29.307000,0 days 00:00:24.929000,1,86.097,6962.627,1.3179999999993015,False,True,False,5.0,0.0,0.0,0.0,0.0,31.861,29.307,24.929,0,0,0,0.0,86.2932,0.8916996130984766,-0.22002925325743847,0,0,85.891,85.841,-0.05000000000001137,0.46999999999999886,0.20599999999998886,-0.41066666666666646,0.0,0.1609999999999978,0.1507663755616611,-0.41066666666666646,0,0,2025,Qatar Grand Prix,2025_Qatar Grand Prix
ALB,38,0 days 00:01:25.841000,MEDIUM,6.0,True,0 days 01:57:28.468000,13,0 days 00:00:31.745000,0 days 00:00:29.243000,0 days 00:00:24.853000,1,85.841,7048.468,1.5820000000003347,False,True,False,6.0,0.0,0.0,0.0,0.0,31.745,29.243,24.853,0,0,0,0.0,86.038,0.6571537110904625,-0.299777657305026,0,0,86.097,85.943,-0.15399999999999636,0.6759999999999877,-0.2560000000000002,0.22533333333332925,0.0,0.013000000000001677,0.17669663267872335,0.22533333333332925,0,0,2025,Qatar Grand Prix,2025_Qatar Grand Prix
ALB,39,0 days 00:01:25.943000,MEDIUM,7.0,True,0 days 01:58:54.411000,13,0 days 00:00:31.899000,0 days 00:00:29.271000,0 days 00:00:24.773000,1,85.943,7134.411,1.4949999999998909,False,True,False,7.0,0.0,0.0,0.0,0.0,31.899,29.271,24.773,0,0,0,0.0,85.7816,0.25508978811383914,0.6327183898399426,0,0,85.841,85.875,0.034000000000006025,0.4199999999999875,0.10200000000000387,0.06099999999999758,0.0,-0.08000000000000185,0.17154066573264692,0.06099999999999758,0,0,2025,Qatar Grand Prix,2025_Qatar Grand Prix
ALB,40,0 days 00:01:25.875000,MEDIUM,8.0,True,0 days 02:00:20.286000,13,0 days 00:00:31.896000,0 days 00:00:29.302000,0 days 00:00:24.677000,1,85.875,7220.286,1.4570000000003347,False,True,False,8.0,0.0,0.0,0.0,0.0,31.896,29.302,24.677,0,0,0,0.0,85.886,0.15953369550024799,-0.0689509508665433,0,0,85.943,85.757,-0.18599999999999284,0.2849999999999966,-0.06799999999999784,0.01733333333333083,0.0,-0.09600000000000009,0.09117181582046018,0.01733333333333083,0,0,2025,Qatar Grand Prix,2025_Qatar Grand Prix
ALB,41,0 days 00:01:25.757000,MEDIUM,9.0,True,0 days 02:01:46.043000,13,0 days 00:00:31.787000,0 days 00:00:29.213000,0 days 00:00:24.757000,1,85.757,7306.043,1.5150000000003274,False,True,False,9.0,0.0,0.0,0.0,0.0,31.787,29.213,24.757,0,0,0,0.0,85.9294,0.100651875292845,-1.7128344553780157,1,0,85.875,85.61,-0.26500000000000057,0.034000000000006025,-0.117999999999995,-0.07399999999999807,0.0,0.08000000000000185,0.11102927541869238,-0.07399999999999807,0,0,2025,Qatar Grand Prix,2025_Qatar Grand Prix
ALB,42,0 days 00:01:25.610000,MEDIUM,10.0,True,0 days 02:03:11.653000,13,0 days 00:00:31.628000,0 days 00:00:29.310000,0 days 00:00:24.672000,1,85.61,7391.653,1.4569999999994252,False,True,False,10.0,0.0,0.0,0.0,0.0,31.628,29.31,24.672,0,0,0,0.0,85.90259999999999,0.1276510869517592,-2.2921857305497912,1,1,85.757,85.617,-0.14000000000000057,0.0,-0.14700000000000557,-0.027999999999996323,0.0,-0.004999999999999005,0.10826957097910749,-0.027999999999996323,0,0,2025,Qatar Grand Prix,2025_Qatar Grand Prix
ALB,43,0 days 00:01:25.617000,MEDIUM,11.0,True,0 days 02:04:37.270000,13,0 days 00:00:31.678000,0 days 00:00:29.247000,0 days 00:00:24.692000,1,85.617,7477.27,1.8259999999991123,False,True,False,11.0,0.0,0.0,0.0,0.0,31.678,29.247,24.692,0,0,0,0.0,85.80519999999999,0.12803202724304358,-1.4699447009670477,0,1,85.61,85.582,-0.028000000000005798,0.0,0.007000000000005002,-0.11099999999999947,0.0,0.019999999999999574,0.07187002156671574,-0.11099999999999947,0,0,2025,Qatar Grand Prix,2025_Qatar Grand Prix
ALB,44,0 days 00:01:25.582000,MEDIUM,12.0,True,0 days 02:06:02.852000,13,0 days 00:00:31.687000,0 days 00:00:29.231000,0 days 00:00:24.664000,1,85.582,7562.852,2.088999999999942,False,True,False,12.0,0.0,0.0,0.0,0.0,31.687,29.231,24.664,0,0,0,0.0,85.76039999999999,0.14972574928836385,-1.191511819763262,0,0,85.617,85.427,-0.18999999999999773,0.007000000000005002,-0.0350000000000108,-0.08599999999999852,0.0,-0.007999999999999119,0.07267874517353853,-0.08599999999999852,0,0,2025,Qatar Grand Prix,2025_Qatar Grand Prix
ALB,45,0 days 00:01:25.427000,MEDIUM,13.0,True,0 days 02:07:28.279000,13,0 days 00:00:31.634000,0 days 00:00:29.141000,0 days 00:00:24.652000,1,85.427,7648.279,2.181999999999789,False,True,False,13.0,0.0,0.0,0.0,0.0,31.634,29.141,24.652,0,0,0,0.0,85.6882,0.12459012801967896,-2.0964742885466148,1,0,85.582,85.68,0.09800000000001319,0.0,-0.15499999999998693,-0.05833333333333712,0.0,-0.012000000000000455,0.06342081677178302,-0.05833333333333712,0,0,2025,Qatar Grand Prix,2025_Qatar Grand Prix
ALB,46,0 days 00:01:25.680000,MEDIUM,14.0,True,0 days 02:08:53.959000,13,0 days 00:00:31.751000,0 days 00:00:29.169000,0 days 00:00:24.760000,1,85.68,7733.959,2.1790000000000873,False,True,False,14.0,0.0,0.0,0.0,0.0,31.751,29.169,24.76,0,0,0,0.0,85.5986,0.11755977203089435,0.6924137278746207,0,1,85.427,85.236,-0.1910000000000025,0.0,0.2530000000000001,-0.06099999999999758,0.0,0.10800000000000054,0.0384317577011519,-0.06099999999999758,0,0,2025,Qatar Grand Prix,2025_Qatar Grand Prix
ALB,47,0 days 00:01:25.236000,MEDIUM,15.0,True,0 days 02:10:19.195000,13,0 days 00:00:31.610000,0 days 00:00:29.117000,0 days 00:00:24.509000,1,85.236,7819.195,2.9400000000005093,False,True,False,15.0,0.0,0.0,0.0,0.0,31.61,29.117,24.509,0,0,0,0.0,85.5832,0.09438061241566154,-3.6787216263325115,1,0,85.68,85.328,-0.35200000000000387,0.2530000000000001,-0.4440000000000026,0.021000000000000796,0.0,-0.14300000000000068,0.050436098183741465,0.021000000000000796,0,0,2025,Qatar Grand Prix,2025_Qatar Grand Prix
ALB,48,0 days 00:01:25.328000,MEDIUM,16.0,True,0 days 02:11:44.523000,13,0 days 00:00:31.726000,0 days 00:00:29.071000,0 days 00:00:24.531000,1,85.328,7904.523,3.220999999999549,False,True,False,16.0,0.0,0.0,0.0,0.0,31.726,29.071,24.531,0,0,0,0.0,85.50840000000001,0.17852534834009307,-1.010500759008976,0,1,85.236,85.184,-0.05200000000000671,0.0,0.09199999999999875,-0.1153333333333298,0.0,0.021999999999998465,0.09010549372818549,-0.1153333333333298,0,0,2025,Qatar Grand Prix,2025_Qatar Grand Prix
ALB,49,0 days 00:01:25.184000,MEDIUM,17.0,True,0 days 02:13:09.707000,12,0 days 00:00:31.559000,0 days 00:00:29.084000,0 days 00:00:24.541000,1,85.184,7989.707,3.505000000000109,False,True,False,17.0,0.0,0.0,0.0,0.0,31.559,29.084,24.541,0,0,0,0.0,85.45060000000001,0.1813361519387356,-1.4701977358054992,0,0,85.328,85.03,-0.2980000000000018,0.09199999999999875,-0.14400000000000546,-0.03300000000000125,0.0,0.03200000000000003,0.09025962552548099,-0.03300000000000125,0,0,2025,Qatar Grand Prix,2025_Qatar Grand Prix
ALB,50,0 days 00:01:25.030000,MEDIUM,18.0,True,0 days 02:14:34.737000,12,0 days 00:00:31.419000,0 days 00:00:29.027000,0 days 00:00:24.584000,1,85.03,8074.737,3.69800000000032,False,True,False,18.0,0.0,0.0,0.0,0.0,31.419,29.027,24.584,0,0,0,0.0,85.37100000000001,0.19599744896285184,-1.7398185629683336,1,0,85.184,84.792,-0.3919999999999959,0.0,-0.15399999999999636,-0.16533333333333644,0.0,0.07499999999999929,0.09186294138552319,-0.16533333333333644,0,0,2025,Qatar Grand Prix,2025_Qatar Grand Prix
ALB,51,0 days 00:01:24.792000,MEDIUM,19.0,True,0 days 02:15:59.529000,12,0 days 00:00:31.443000,0 days 00:00:28.835000,0 days 00:00:24.514000,1,84.792,8159.529,4.229999999999563,False,True,False,19.0,0.0,0.0,0.0,0.0,31.443,28.835,24.514,0,0,0,0.0,85.2916,0.24252999814443693,-2.0599513619856125,1,1,85.03,84.866,-0.16400000000000148,0.0,-0.23799999999999955,-0.0686666666666677,0.0,-0.01699999999999946,0.09679721070361512,-0.0686666666666677,0,0,2025,Qatar Grand Prix,2025_Qatar Grand Prix
ALB,52,0 days 00:01:24.866000,MEDIUM,20.0,True,0 days 02:17:24.395000,12,0 days 00:00:31.503000,0 days 00:00:28.935000,0 days 00:00:24.428000,1,84.866,8244.395,4.211999999999534,False,True,False,20.0,0.0,0.0,0.0,0.0,31.503,28.935,24.428,0,0,0,0.0,85.114,0.20995237555199642,-1.1812202617282863,0,1,84.792,84.593,-0.19899999999999807,0.0,0.07399999999999807,-0.1786666666666671,0.0,-0.08599999999999852,0.08318473417641002,-0.1786666666666671,0,0,2025,Qatar Grand Prix,2025_Qatar Grand Prix
ALB,53,0 days 00:01:24.593000,MEDIUM,21.0,True,0 days 02:18:48.988000,12,0 days 00:00:31.326000,0 days 00:00:28.838000,0 days 00:00:24.429000,1,84.593,8328.988,5.359000000000378,False,True,False,21.0,0.0,0.0,0.0,0.0,31.326,28.838,24.429,0,0,0,0.0,85.04,0.22111083193711273,-2.02161059267841,1,0,84.866,84.584,-0.2819999999999965,0.07399999999999807,-0.27299999999999613,-0.10599999999999928,0.0,0.0009999999999976694,0.06058630208223549,-0.10599999999999928,0,0,2025,Qatar Grand Prix,2025_Qatar Grand Prix
ALB,54,0 days 00:01:24.584000,MEDIUM,22.0,True,0 days 02:20:13.572000,12,0 days 00:00:31.423000,0 days 00:00:28.814000,0 days 00:00:24.347000,1,84.584,8413.572,5.852000000000771,False,True,False,22.0,0.0,0.0,0.0,0.0,31.423,28.814,24.347,0,0,0,0.0,84.893,0.22604203148953098,-1.3670024020037561,0,1,84.593,84.704,0.11099999999999,0.0,-0.009000000000000341,-0.14566666666666586,0.0,-0.08099999999999952,0.05985398900658091,-0.14566666666666586,0,0,2025,Qatar Grand Prix,2025_Qatar Grand Prix
ALB,55,0 days 00:01:24.704000,MEDIUM,23.0,True,0 days 02:21:38.276000,11,0 days 00:00:31.438000,0 days 00:00:28.901000,0 days 00:00:24.365000,1,84.704,8498.276,7.35399999999936,False,True,False,23.0,0.0,0.0,0.0,0.0,31.438,28.901,24.365,0,0,0,0.0,84.773,0.18919566591206893,-0.3647018004739666,0,0,84.584,84.412,-0.17199999999999704,0.0,0.11999999999999034,-0.0693333333333328,0.0,0.01799999999999713,0.06621782237434182,-0.0693333333333328,0,0,2025,Qatar Grand Prix,2025_Qatar Grand Prix
ALB,56,0 days 00:01:24.412000,MEDIUM,24.0,True,0 days 02:23:02.688000,11,0 days 00:00:31.349000,0 days 00:00:28.731000,0 days 00:00:24.332000,1,84.412,8582.688,9.175999999999476,False,True,False,24.0,0.0,0.0,0.0,0.0,31.349,28.731,24.332,0,0,0,0.0,84.70779999999999,0.12312270302389564,-2.402481368059121,1,0,84.704,84.261,-0.44299999999999784,0.11999999999999034,-0.2919999999999874,-0.054000000000002046,0.0,-0.015000000000000568,0.047765049984270364,-0.054000000000002046,0,0,2025,Qatar Grand Prix,2025_Qatar Grand Prix
ALO,2,0 days 00:01:28.246000,MEDIUM,2.0,True,0 days 01:01:42.076000,6,0 days 00:00:32.647000,0 days 00:00:29.898000,0 days 00:00:25.701000,1,88.246,3702.076,0.5969999999997526,False,True,False,2.0,0.0,0.0,0.0,0.0,32.647,29.898,25.701,0,0,0,0.0,84.5108,0.17435796511748294,21.422594588570718,0,0,88.246,88.081,-0.16499999999999204,3.9849999999999994,0.0,-0.10766666666666917,0.0,1.4780000000000015,0.05493814703828232,0.0,0,1,2025,Qatar Grand Prix,2025_Qatar Grand Prix
ALO,3,0 days 00:01:28.081000,MEDIUM,3.0,True,0 days 01:03:10.157000,6,0 days 00:00:32.313000,0 days 00:00:29.845000,0 days 00:00:25.923000,1,88.081,3790.157,0.5749999999998181,False,True,False,3.0,0.0,0.0,0.0,0.0,32.313,29.845,25.923,0,0,0,0.0,,,0.0,0,0,88.246,87.928,-0.31799999999999784,0.0,-0.16499999999999204,0.0,0.0,0.0,0.0,0.0,0,1,2025,Qatar Grand Prix,2025_Qatar Grand Prix
ALO,4,0 days 00:01:27.928000,MEDIUM,4.0,True,0 days 01:04:38.085000,6,0 days 00:00:32.477000,0 days 00:00:29.830000,0 days 00:00:25.621000,1,87.928,3878.085,0.5909999999998945,False,True,False,4.0,0.0,0.0,0.0,0.0,32.477,29.83,25.621,0,0,0,0.0,,,0.0,0,0,88.081,87.867,-0.21399999999999864,0.0,-0.1530000000000058,-0.08249999999999602,0.0,-0.08000000000000185,0.0,0.0,0,1,2025,Qatar Grand Prix,2025_Qatar Grand Prix
ALO,5,0 days 00:01:27.867000,MEDIUM,5.0,True,0 days 01:06:05.952000,6,0 days 00:00:32.484000,0 days 00:00:29.817000,0 days 00:00:25.566000,1,87.867,3965.952,0.8729999999995925,False,True,False,5.0,0.0,0.0,0.0,0.0,32.484,29.817,25.566,0,0,0,0.0,88.085,0.15903773137214663,-1.3707438990680243,0,0,87.928,87.726,-0.20199999999999818,0.0,-0.06099999999999284,-0.10599999999999928,0.0,-0.054999999999999716,0.8773300405206712,-0.15899999999999892,0,1,2025,Qatar Grand Prix,2025_Qatar Grand Prix
ALO,6,0 days 00:01:27.726000,MEDIUM,6.0,True,0 days 01:07:33.678000,6,0 days 00:00:32.426000,0 days 00:00:29.811000,0 days 00:00:25.489000,1,87.726,4053.678,0.9190000000003238,False,True,False,6.0,0.0,0.0,0.0,0.0,32.426,29.811,25.489,0,0,0,0.0,88.0305,0.16953760644764837,-1.7960616902659363,1,0,87.867,87.797,-0.07000000000000739,0.0,-0.14100000000000534,-0.12633333333333022,0.0,-0.07699999999999818,0.7622328493752211,-0.12633333333333022,0,1,2025,Qatar Grand Prix,2025_Qatar Grand Prix
ALO,11,0 days 00:01:27.797000,MEDIUM,4.0,True,0 days 01:17:44.521000,6,0 days 00:00:32.693000,0 days 00:00:29.633000,0 days 00:00:25.471000,1,87.797,4664.521,0.6159999999999854,False,True,False,4.0,0.0,0.0,0.0,0.0,32.693,29.633,25.471,0,0,0,0.0,87.9696,0.20025308986379373,-0.861909297466522,0,1,87.726,87.486,-0.23999999999999488,0.0,0.07099999999999795,-0.11833333333333466,0.0,-0.018000000000000682,0.685435409064925,-0.11833333333333466,0,1,2025,Qatar Grand Prix,2025_Qatar Grand Prix
ALO,12,0 days 00:01:27.486000,MEDIUM,5.0,True,0 days 01:19:12.007000,6,0 days 00:00:32.487000,0 days 00:00:29.653000,0 days 00:00:25.346000,1,87.486,4752.007,0.8820000000005166,False,True,False,5.0,0.0,0.0,0.0,0.0,32.487,29.653,25.346,0,0,0,0.0,87.8798,0.13553486636284476,-2.9055254235891166,1,0,87.797,87.724,-0.07299999999999329,0.07099999999999795,-0.31099999999999284,-0.04366666666666674,0.0,-0.125,0.035700140055747766,-0.04366666666666674,0,1,2025,Qatar Grand Prix,2025_Qatar Grand Prix
ALO,13,0 days 00:01:27.724000,MEDIUM,6.0,True,0 days 01:20:39.731000,6,0 days 00:00:32.428000,0 days 00:00:29.729000,0 days 00:00:25.567000,1,87.724,4839.731,0.8720000000002983,False,True,False,6.0,0.0,0.0,0.0,0.0,32.428,29.729,25.567,0,0,0,0.0,87.76079999999999,0.17122412213233673,-0.21492298831319503,0,1,87.486,87.628,0.1419999999999959,0.0,0.23799999999999955,-0.12700000000000009,0.0,0.22100000000000009,0.03904484601070928,-0.12700000000000009,0,1,2025,Qatar Grand Prix,2025_Qatar Grand Prix
ALO,14,0 days 00:01:27.628000,MEDIUM,7.0,True,0 days 01:22:07.359000,6,0 days 00:00:32.392000,0 days 00:00:29.699000,0 days 00:00:25.537000,1,87.628,4927.359,0.9869999999991705,False,True,False,7.0,0.0,0.0,0.0,0.0,32.392,29.699,25.537,0,0,0,0.0,87.72,0.1434799637579715,-0.6412045110018881,0,0,87.724,87.604,-0.12000000000000455,0.23799999999999955,-0.09600000000000364,-0.000666666666665113,0.0,0.19099999999999895,0.13524126589173868,-0.000666666666665113,0,1,2025,Qatar Grand Prix,2025_Qatar Grand Prix
ALO,15,0 days 00:01:27.604000,MEDIUM,8.0,True,0 days 01:23:34.963000,6,0 days 00:00:32.319000,0 days 00:00:29.778000,0 days 00:00:25.507000,1,87.604,5014.963,1.0140000000001237,False,True,False,8.0,0.0,0.0,0.0,0.0,32.319,29.778,25.507,0,0,0,0.0,87.6722,0.12018402556075619,-0.5674631023698535,0,0,87.628,87.386,-0.24200000000000443,0.1419999999999959,-0.02400000000000091,-0.05633333333333231,0.0,0.16100000000000136,0.15797721354676394,-0.05633333333333231,0,0,2025,Qatar Grand Prix,2025_Qatar Grand Prix
ALO,16,0 days 00:01:27.386000,MEDIUM,9.0,True,0 days 01:25:02.349000,6,0 days 00:00:32.412000,0 days 00:00:29.545000,0 days 00:00:25.429000,1,87.386,5102.349,1.0379999999995562,False,True,False,9.0,0.0,0.0,0.0,0.0,32.412,29.545,25.429,0,0,0,0.0,87.64779999999999,0.11890836808226997,-2.2016953408935898,1,0,87.604,87.571,-0.03300000000000125,0.117999999999995,-0.21800000000000352,0.039333333333331666,0.0,-0.07800000000000296,0.1501765627519822,0.039333333333331666,0,0,2025,Qatar Grand Prix,2025_Qatar Grand Prix
ALO,17,0 days 00:01:27.571000,MEDIUM,10.0,True,0 days 01:26:29.920000,6,0 days 00:00:32.525000,0 days 00:00:29.550000,0 days 00:00:25.496000,1,87.571,5189.92,0.943000000000211,False,True,False,10.0,0.0,0.0,0.0,0.0,32.525,29.55,25.496,0,0,0,0.0,87.5656,0.1313879750966191,0.041099651593104386,0,1,87.386,87.38,-0.006000000000000227,0.0,0.18500000000000227,-0.11266666666666936,0.0,0.06700000000000017,0.16245922565370133,-0.11266666666666936,0,1,2025,Qatar Grand Prix,2025_Qatar Grand Prix
ALO,18,0 days 00:01:27.380000,MEDIUM,11.0,True,0 days 01:27:57.300000,6,0 days 00:00:32.294000,0 days 00:00:29.689000,0 days 00:00:25.397000,1,87.38,5277.3,0.9899999999997817,False,True,False,11.0,0.0,0.0,0.0,0.0,32.294,29.689,25.397,0,0,0,0.0,87.58259999999999,0.12379337623633173,-1.6365980649336975,1,0,87.571,87.457,-0.11400000000000432,0.18500000000000227,-0.1910000000000025,-0.01900000000000072,0.0,-0.03200000000000003,0.12108591990813916,-0.01900000000000072,0,1,2025,Qatar Grand Prix,2025_Qatar Grand Prix
ALO,19,0 days 00:01:27.457000,MEDIUM,12.0,True,0 days 01:29:24.757000,6,0 days 00:00:32.503000,0 days 00:00:29.568000,0 days 00:00:25.386000,1,87.457,5364.757,0.9290000000000873,False,True,False,12.0,0.0,0.0,0.0,0.0,32.503,29.568,25.386,0,0,0,0.0,87.51379999999999,0.12112472910181857,-0.46893809729183306,0,1,87.38,87.325,-0.05499999999999261,0.0,0.07699999999999818,-0.07466666666666792,0.0,-0.010999999999999233,0.11715673262770786,-0.07466666666666792,0,1,2025,Qatar Grand Prix,2025_Qatar Grand Prix
ALO,20,0 days 00:01:27.325000,MEDIUM,13.0,True,0 days 01:30:52.082000,6,0 days 00:00:32.431000,0 days 00:00:29.516000,0 days 00:00:25.378000,1,87.325,5452.082,1.0039999999999054,False,True,False,13.0,0.0,0.0,0.0,0.0,32.431,29.516,25.378,0,0,0,0.0,87.47959999999999,0.10370776248665163,-1.490727369804036,0,0,87.457,87.367,-0.0899999999999892,0.07699999999999818,-0.1319999999999908,0.023666666666665986,0.0,-0.007999999999999119,0.09400691463929796,0.023666666666665986,0,0,2025,Qatar Grand Prix,2025_Qatar Grand Prix
ALO,21,0 days 00:01:27.367000,MEDIUM,14.0,True,0 days 01:32:19.449000,6,0 days 00:00:32.461000,0 days 00:00:29.580000,0 days 00:00:25.326000,1,87.367,5539.449,0.9920000000001892,False,True,False,14.0,0.0,0.0,0.0,0.0,32.461,29.58,25.326,0,0,0,0.0,87.4238,0.09470850014641782,-0.5997349753420615,0,0,87.325,87.313,-0.012000000000000455,0.0,0.04200000000000159,-0.08199999999999837,0.0,-0.0519999999999996,0.05247189724033356,-0.08199999999999837,0,1,2025,Qatar Grand Prix,2025_Qatar Grand Prix
ALO,22,0 days 00:01:27.313000,MEDIUM,15.0,True,0 days 01:33:46.762000,6,0 days 00:00:32.565000,0 days 00:00:29.541000,0 days 00:00:25.207000,1,87.313,5626.762,1.0170000000007349,False,True,False,15.0,0.0,0.0,0.0,0.0,32.565,29.541,25.207,0,0,0,0.0,87.41999999999999,0.09695875411732319,-1.1035620349505697,0,0,87.367,87.191,-0.17600000000000193,0.04200000000000159,-0.054000000000002046,-0.00433333333333034,0.0,-0.11899999999999977,0.04511873225169358,-0.00433333333333034,0,0,2025,Qatar Grand Prix,2025_Qatar Grand Prix
ALO,23,0 days 00:01:27.191000,MEDIUM,16.0,True,0 days 01:35:13.953000,6,0 days 00:00:32.350000,0 days 00:00:29.494000,0 days 00:00:25.347000,1,87.191,5713.953,0.9539999999997235,False,True,False,16.0,0.0,0.0,0.0,0.0,32.35,29.494,25.347,0,0,0,0.0,87.3684,0.05687530219682805,-3.1191043062252986,1,0,87.313,86.939,-0.37400000000000944,0.0,-0.12199999999999989,-0.04799999999999708,0.0,0.14000000000000057,0.04532438637201872,-0.04799999999999708,0,1,2025,Qatar Grand Prix,2025_Qatar Grand Prix
ALO,24,0 days 00:01:26.939000,MEDIUM,17.0,True,0 days 01:36:40.892000,6,0 days 00:00:32.195000,0 days 00:00:29.505000,0 days 00:00:25.239000,1,86.939,5800.892,1.0450000000000728,False,True,False,17.0,0.0,0.0,0.0,0.0,32.195,29.505,25.239,0,0,0,0.0,87.3306,0.09634728849312797,-4.064463111776541,1,1,87.191,87.15,-0.04099999999999682,0.0,-0.25200000000000955,-0.04466666666666678,0.0,0.03200000000000003,0.09506576670915794,-0.04466666666666678,0,0,2025,Qatar Grand Prix,2025_Qatar Grand Prix
ALO,25,0 days 00:01:27.150000,MEDIUM,18.0,True,0 days 01:38:08.042000,6,0 days 00:00:32.400000,0 days 00:00:29.589000,0 days 00:00:25.161000,1,87.15,5888.042,1.0469999999995707,False,True,False,18.0,0.0,0.0,0.0,0.0,32.4,29.589,25.161,0,0,0,0.0,87.227,0.17381024135526132,-0.443011869724139,0,1,86.939,87.738,0.7990000000000066,0.0,0.21100000000001273,-0.1426666666666705,0.0,-0.045999999999999375,0.09688033856257952,-0.1426666666666705,0,0,2025,Qatar Grand Prix,2025_Qatar Grand Prix
ALO,26,0 days 00:01:27.738000,MEDIUM,19.0,True,0 days 01:39:35.780000,6,0 days 00:00:32.847000,0 days 00:00:29.819000,0 days 00:00:25.072000,1,87.738,5975.78,1.0039999999999054,False,True,False,19.0,0.0,0.0,0.0,0.0,32.847,29.819,25.072,0,0,0,0.0,87.192,0.1666133247971839,3.2770488234638178,0,0,87.15,86.459,-0.6910000000000025,0.21100000000001273,0.5879999999999939,-0.054333333333332234,0.0,-0.08900000000000219,0.0989949493661168,-0.054333333333332234,0,0,2025,Qatar Grand Prix,2025_Qatar Grand Prix
ALO,27,0 days 00:01:26.459000,MEDIUM,20.0,True,0 days 01:41:02.239000,6,0 days 00:00:31.986000,0 days 00:00:29.474000,0 days 00:00:24.999000,1,86.459,6062.239,1.2970000000004802,False,True,False,20.0,0.0,0.0,0.0,0.0,31.986,29.474,24.999,0,0,0,0.0,87.2662,0.2962274463988345,-2.72493318837579,1,0,87.738,86.248,-1.4899999999999949,0.7990000000000066,-1.2789999999999964,0.18233333333333235,0.0,-0.0730000000000004,0.10425593508285332,0.18233333333333235,0,0,2025,Qatar Grand Prix,2025_Qatar Grand Prix
ALO,28,0 days 00:01:26.248000,MEDIUM,21.0,True,0 days 01:42:28.487000,6,0 days 00:00:31.997000,0 days 00:00:29.314000,0 days 00:00:24.937000,1,86.248,6148.487,1.76299999999992,False,True,False,21.0,0.0,0.0,0.0,0.0,31.997,29.314,24.937,0,0,0,0.0,87.09540000000001,0.46220157940012074,-1.8333991872114017,1,1,86.459,85.973,-0.4860000000000042,0.0,-0.21099999999999852,-0.1599999999999966,0.0,-0.06199999999999761,0.0945129620739936,-0.1599999999999966,0,0,2025,Qatar Grand Prix,2025_Qatar Grand Prix
ALO,29,0 days 00:01:25.973000,MEDIUM,22.0,True,0 days 01:43:54.460000,6,0 days 00:00:31.877000,0 days 00:00:29.306000,0 days 00:00:24.790000,1,85.973,6234.46,2.4309999999995853,False,True,False,22.0,0.0,0.0,0.0,0.0,31.877,29.306,24.79,0,0,0,0.0,86.9068,0.588561551581446,-1.5865800229235405,1,1,86.248,85.851,-0.39700000000000557,0.0,-0.2750000000000057,-0.300666666666667,0.0,-0.14700000000000202,0.04718368362050652,-0.300666666666667,0,0,2025,Qatar Grand Prix,2025_Qatar Grand Prix
ALO,30,0 days 00:01:25.851000,MEDIUM,23.0,True,0 days 01:45:20.311000,6,0 days 00:00:31.831000,0 days 00:00:29.250000,0 days 00:00:24.770000,1,85.851,6320.311,3.0900000000001455,False,True,False,23.0,0.0,0.0,0.0,0.0,31.831,29.25,24.77,0,0,0,0.0,86.71360000000001,0.7193631211008513,-1.1991162386528322,0,1,85.973,85.869,-0.1039999999999992,0.0,-0.12199999999999989,-0.5883333333333335,0.0,-0.019999999999999574,0.038862578401337784,-0.5883333333333335,0,0,2025,Qatar Grand Prix,2025_Qatar Grand Prix
ALO,31,0 days 00:01:25.869000,MEDIUM,24.0,True,0 days 01:46:46.180000,6,0 days 00:00:31.794000,0 days 00:00:29.292000,0 days 00:00:24.783000,1,85.869,6406.18,3.645999999999731,False,True,False,24.0,0.0,0.0,0.0,0.0,31.794,29.292,24.783,0,0,0,0.0,86.4538,0.7559905422688551,-0.7735546508887768,0,0,85.851,86.64,0.7890000000000015,0.0,0.018000000000000682,-0.20266666666666802,0.0,0.013000000000001677,0.0461703367975601,-0.20266666666666802,0,0,2025,Qatar Grand Prix,2025_Qatar Grand Prix
ALO,34,0 days 00:01:26.640000,HARD,2.0,True,0 days 01:51:32.648000,7,0 days 00:00:32.171000,0 days 00:00:29.277000,0 days 00:00:25.192000,1,86.64,6692.648,1.3659999999999854,True,False,False,2.0,0.0,0.0,0.0,0.0,32.171,29.277,25.192,0,0,0,0.0,86.08,0.2647054967316674,2.11555863748336,0,0,85.869,86.043,0.1740000000000066,0.018000000000000682,0.7710000000000008,-0.12633333333333496,0.0,0.4220000000000006,0.06051198228450441,-0.12633333333333496,0,0,2025,Qatar Grand Prix,2025_Qatar Grand Prix
ALO,35,0 days 00:01:26.043000,HARD,3.0,True,0 days 01:52:58.691000,6,0 days 00:00:31.956000,0 days 00:00:29.123000,0 days 00:00:24.964000,1,86.043,6778.691,1.01299999999992,True,False,False,3.0,0.0,0.0,0.0,0.0,31.956,29.123,24.964,0,0,0,0.0,86.1162,0.3330475941963244,-0.2197884064487495,0,0,86.64,85.663,-0.9770000000000039,0.7890000000000015,-0.5969999999999942,0.22233333333333385,0.0,0.19399999999999906,0.22114407068696226,0.22233333333333385,0,0,2025,Qatar Grand Prix,2025_Qatar Grand Prix
ALO,36,0 days 00:01:25.663000,HARD,4.0,True,0 days 01:54:24.354000,6,0 days 00:00:31.955000,0 days 00:00:29.059000,0 days 00:00:24.649000,1,85.663,6864.354,1.1219999999993888,True,False,False,4.0,0.0,0.0,0.0,0.0,31.955,29.059,24.649,0,0,0,0.0,86.07520000000001,0.3252940208487676,-1.267161317396758,0,0,86.043,86.02,-0.023000000000010346,0.19200000000000728,-0.38000000000000966,0.06400000000000243,0.0,-0.13400000000000034,0.2209124260878057,0.06400000000000243,0,0,2025,Qatar Grand Prix,2025_Qatar Grand Prix
ALO,37,0 days 00:01:26.020000,HARD,5.0,True,0 days 01:55:50.374000,6,0 days 00:00:31.927000,0 days 00:00:29.083000,0 days 00:00:25.010000,1,86.02,6950.374,1.1239999999997963,True,False,False,5.0,0.0,0.0,0.0,0.0,31.927,29.083,25.01,0,0,0,0.0,86.01320000000001,0.37533611603462613,0.018117094810446717,0,0,85.663,85.712,0.049000000000006594,0.0,0.3569999999999993,-0.0686666666666677,0.0,0.36100000000000065,0.21743964679883018,-0.0686666666666677,0,0,2025,Qatar Grand Prix,2025_Qatar Grand Prix
ALO,38,0 days 00:01:25.712000,HARD,6.0,True,0 days 01:57:16.086000,6,0 days 00:00:31.822000,0 days 00:00:28.991000,0 days 00:00:24.899000,1,85.712,7036.086,1.1880000000001019,True,False,False,6.0,0.0,0.0,0.0,0.0,31.822,28.991,24.899,0,0,0,0.0,86.047,0.3645318916088942,-0.9189868094158818,0,0,86.02,85.886,-0.13400000000000034,0.3569999999999993,-0.3079999999999927,-0.2066666666666682,0.0,0.25,0.23324815111807437,-0.2066666666666682,0,0,2025,Qatar Grand Prix,2025_Qatar Grand Prix
ALO,39,0 days 00:01:25.886000,HARD,7.0,True,0 days 01:58:41.972000,6,0 days 00:00:31.963000,0 days 00:00:28.996000,0 days 00:00:24.927000,1,85.886,7121.972,1.0950000000002547,True,False,False,7.0,0.0,0.0,0.0,0.0,31.963,28.996,24.927,0,0,0,0.0,86.01559999999999,0.38959761292897743,-0.332650908781677,0,0,85.712,85.544,-0.16800000000000637,0.049000000000006594,0.17399999999999238,-0.11033333333333435,0.0,0.2779999999999987,0.2165451454085272,-0.11033333333333435,0,0,2025,Qatar Grand Prix,2025_Qatar Grand Prix
ALO,40,0 days 00:01:25.544000,HARD,8.0,True,0 days 02:00:07.516000,6,0 days 00:00:31.842000,0 days 00:00:28.903000,0 days 00:00:24.799000,1,85.544,7207.516,1.1020000000007713,True,False,False,8.0,0.0,0.0,0.0,0.0,31.842,28.903,24.799,0,0,0,0.0,85.86479999999999,0.173466711503836,-1.8493461784043634,1,0,85.886,88.674,2.788000000000011,0.22299999999999898,-0.34199999999999875,0.07433333333333299,0.0,-0.10000000000000142,0.1907726395477089,0.07433333333333299,0,0,2025,Qatar Grand Prix,2025_Qatar Grand Prix
ALO,41,0 days 00:01:28.674000,HARD,9.0,True,0 days 02:01:36.190000,8,0 days 00:00:31.882000,0 days 00:00:31.842000,0 days 00:00:24.950000,1,88.674,7296.19,1.0430000000005748,True,False,False,9.0,0.0,0.0,0.0,0.0,31.882,31.842,24.95,0,0,0,0.0,85.765,0.18822858443912052,15.454613382277625,0,1,85.544,86.052,0.5080000000000098,0.0,3.1300000000000097,-0.15866666666666637,0.0,0.1509999999999998,0.23035624584543005,-0.15866666666666637,0,0,2025,Qatar Grand Prix,2025_Qatar Grand Prix
ALO,42,0 days 00:01:26.052000,HARD,10.0,True,0 days 02:03:02.242000,8,0 days 00:00:32.114000,0 days 00:00:29.299000,0 days 00:00:24.639000,1,86.052,7382.242,0.9549999999999272,True,False,False,10.0,0.0,0.0,0.0,0.0,32.114,29.299,24.639,0,0,0,0.0,86.3672,1.301957449381488,-0.24209700566614528,0,0,88.674,85.575,-3.0990000000000038,3.1300000000000097,-2.622,0.9873333333333344,0.0,-0.16000000000000014,0.17761334409328658,0.9873333333333344,0,1,2025,Qatar Grand Prix,2025_Qatar Grand Prix
ALO,43,0 days 00:01:25.575000,HARD,11.0,True,0 days 02:04:27.817000,8,0 days 00:00:31.876000,0 days 00:00:29.223000,0 days 00:00:24.476000,1,85.575,7467.817,0.8999999999996362,True,False,False,11.0,0.0,0.0,0.0,0.0,31.876,29.223,24.476,0,0,0,0.0,86.3736,1.2999010731590108,-0.6143544431879273,0,0,86.052,85.336,-0.7160000000000082,0.5080000000000098,-0.47700000000000387,0.05533333333333701,0.0,-0.16300000000000026,0.2019113666934084,0.05533333333333701,0,1,2025,Qatar Grand Prix,2025_Qatar Grand Prix
ALO,44,0 days 00:01:25.336000,HARD,12.0,True,0 days 02:05:53.153000,8,0 days 00:00:31.678000,0 days 00:00:29.077000,0 days 00:00:24.581000,1,85.336,7553.153,0.988999999999578,True,False,False,12.0,0.0,0.0,0.0,0.0,31.678,29.077,24.581,0,0,0,0.0,86.3462,1.3186418012485228,-0.766091291087174,0,0,85.575,85.175,-0.4000000000000057,0.03100000000000591,-0.23900000000000432,0.010333333333335304,0.0,0.10500000000000043,0.20139935451733684,0.010333333333335304,0,1,2025,Qatar Grand Prix,2025_Qatar Grand Prix
ALO,45,0 days 00:01:25.175000,HARD,13.0,True,0 days 02:07:18.328000,8,0 days 00:00:31.621000,0 days 00:00:29.036000,0 days 00:00:24.518000,1,85.175,7638.328,0.9169999999994616,True,False,False,13.0,0.0,0.0,0.0,0.0,31.621,29.036,24.518,0,0,0,0.0,86.23620000000001,1.3877576157239961,-0.7646868501934925,0,0,85.336,84.787,-0.5489999999999924,0.0,-0.16100000000000136,-1.1126666666666694,0.0,0.04200000000000159,0.1503472646907821,-1.1126666666666694,0,1,2025,Qatar Grand Prix,2025_Qatar Grand Prix
ALO,46,0 days 00:01:24.787000,HARD,14.0,True,0 days 02:08:43.115000,8,0 days 00:00:31.451000,0 days 00:00:28.899000,0 days 00:00:24.437000,1,84.787,7723.115,0.9099999999998545,True,False,False,14.0,0.0,0.0,0.0,0.0,31.451,28.899,24.437,0,0,0,0.0,86.1624,1.4425027902919119,-0.9534816911665498,0,0,85.175,84.691,-0.48399999999999466,0.0,-0.387999999999991,-0.2923333333333365,0.0,-0.038999999999997925,0.14801520192196507,-0.2923333333333365,0,1,2025,Qatar Grand Prix,2025_Qatar Grand Prix
ALO,47,0 days 00:01:24.691000,HARD,15.0,True,0 days 02:10:07.806000,8,0 days 00:00:31.539000,0 days 00:00:28.850000,0 days 00:00:24.302000,1,84.691,7807.806,1.0970000000006621,True,False,False,15.0,0.0,0.0,0.0,0.0,31.539,28.85,24.302,0,0,0,0.0,85.385,0.47039717261049885,-1.4753490037973778,0,0,84.787,84.99,0.20299999999998875,0.0,-0.09600000000000364,-0.26266666666666555,0.0,-0.13500000000000156,0.11961814243667279,-0.26266666666666555,0,0,2025,Qatar Grand Prix,2025_Qatar Grand Prix
ALO,48,0 days 00:01:24.990000,HARD,16.0,True,0 days 02:11:32.796000,8,0 days 00:00:31.463000,0 days 00:00:28.967000,0 days 00:00:24.560000,1,84.99,7892.796,0.8939999999993233,True,False,False,16.0,0.0,0.0,0.0,0.0,31.463,28.967,24.56,0,0,0,0.0,85.11280000000001,0.3712737534487909,-0.330753248403135,0,0,84.691,84.506,-0.18500000000000227,0.0,0.2989999999999924,-0.21499999999999866,0.0,0.2579999999999991,0.11389029809426349,-0.21499999999999866,0,1,2025,Qatar Grand Prix,2025_Qatar Grand Prix
ALO,49,0 days 00:01:24.506000,HARD,17.0,True,0 days 02:12:57.302000,8,0 days 00:00:31.252000,0 days 00:00:28.910000,0 days 00:00:24.344000,1,84.506,7977.302,0.9949999999998909,True,False,False,17.0,0.0,0.0,0.0,0.0,31.252,28.91,24.344,0,0,0,0.0,84.9958,0.2666377692675117,-1.8369490614384683,1,0,84.99,84.717,-0.27299999999999613,0.2989999999999924,-0.48399999999999466,-0.061666666666667425,0.0,0.04200000000000159,0.14868322030410824,-0.061666666666667425,0,1,2025,Qatar Grand Prix,2025_Qatar Grand Prix
ALO,50,0 days 00:01:24.717000,HARD,18.0,True,0 days 02:14:22.019000,8,0 days 00:00:31.262000,0 days 00:00:28.795000,0 days 00:00:24.660000,1,84.717,8062.019,1.0479999999997744,True,False,False,18.0,0.0,0.0,0.0,0.0,31.262,28.795,24.66,0,0,0,0.0,84.8298,0.2601782081573265,-0.43354899243444084,0,1,84.506,84.815,0.3089999999999975,0.0,0.21099999999999852,-0.09366666666666863,0.0,0.35800000000000054,0.1450803225802865,-0.09366666666666863,0,0,2025,Qatar Grand Prix,2025_Qatar Grand Prix
ALO,51,0 days 00:01:24.815000,HARD,19.0,True,0 days 02:15:46.834000,8,0 days 00:00:31.555000,0 days 00:00:28.835000,0 days 00:00:24.425000,1,84.815,8146.834,1.0510000000003856,True,False,False,19.0,0.0,0.0,0.0,0.0,31.555,28.835,24.425,0,0,0,0.0,84.73819999999999,0.17491340714753523,0.43907440402911374,0,0,84.717,84.268,-0.44899999999999807,0.21099999999999852,0.09799999999999898,0.008666666666665416,0.0,0.08099999999999952,0.2057831382791117,0.008666666666665416,0,0,2025,Qatar Grand Prix,2025_Qatar Grand Prix
ALO,52,0 days 00:01:24.268000,HARD,20.0,True,0 days 02:17:11.102000,8,0 days 00:00:31.280000,0 days 00:00:28.723000,0 days 00:00:24.265000,1,84.268,8231.102,1.4039999999986321,True,False,False,20.0,0.0,0.0,0.0,0.0,31.28,28.723,24.265,0,0,0,0.0,84.7438,0.17729833614549073,-2.6836123245372803,1,0,84.815,84.151,-0.6640000000000015,0.3089999999999975,-0.546999999999997,-0.058333333333332384,0.0,-0.07900000000000063,0.19255830285916048,-0.058333333333332384,0,0,2025,Qatar Grand Prix,2025_Qatar Grand Prix
ALO,53,0 days 00:01:24.151000,HARD,21.0,True,0 days 02:18:35.253000,8,0 days 00:00:31.186000,0 days 00:00:28.779000,0 days 00:00:24.186000,1,84.151,8315.253,2.3619999999991705,True,False,False,21.0,0.0,0.0,0.0,0.0,31.186,28.779,24.186,0,0,0,0.0,84.6592,0.27997803485266215,-1.8151423923931795,1,1,84.268,84.07,-0.1980000000000075,0.0,-0.11700000000000443,-0.07933333333333319,0.0,-0.07900000000000063,0.1747669877293765,-0.07933333333333319,0,0,2025,Qatar Grand Prix,2025_Qatar Grand Prix
ALO,54,0 days 00:01:24.070000,HARD,22.0,True,0 days 02:19:59.323000,8,0 days 00:00:31.190000,0 days 00:00:28.653000,0 days 00:00:24.227000,1,84.07,8399.323,3.1790000000000873,True,False,False,22.0,0.0,0.0,0.0,0.0,31.19,28.653,24.227,0,0,0,0.0,84.4914,0.28355122993906967,-1.486151197759069,0,1,84.151,86.439,2.2879999999999967,0.0,-0.08100000000000307,-0.1886666666666675,0.0,0.04100000000000037,0.17895893383678885,-0.1886666666666675,0,0,2025,Qatar Grand Prix,2025_Qatar Grand Prix
ALO,55,0 days 00:01:26.439000,HARD,23.0,True,0 days 02:21:25.762000,7,0 days 00:00:32.390000,0 days 00:00:29.239000,0 days 00:00:24.810000,1,86.439,8485.762,1.6790000000000873,True,False,False,23.0,0.0,0.0,0.0,0.0,32.39,29.239,24.81,0,0,0,0.0,84.40419999999999,0.33946678777158923,5.994106266940973,0,0,84.07,84.361,0.291000000000011,0.0,2.3689999999999998,-0.24833333333333485,0.0,0.6239999999999988,0.1789910612293256,-0.24833333333333485,0,0,2025,Qatar Grand Prix,2025_Qatar Grand Prix
ALO,56,0 days 00:01:24.361000,HARD,24.0,True,0 days 02:22:50.123000,7,0 days 00:00:31.508000,0 days 00:00:28.599000,0 days 00:00:24.254000,1,84.361,8570.123,1.75,True,False,False,24.0,0.0,0.0,0.0,0.0,31.508,28.599,24.254,0,0,0,0.0,84.7486,0.9887443046611935,-0.3920123718263119,0,0,86.439,83.94,-2.4989999999999952,2.3689999999999998,-2.0779999999999887,0.7236666666666641,0.0,0.06800000000000139,0.2919551335393845,0.7236666666666641,0,0,2025,Qatar Grand Prix,2025_Qatar Grand Prix
ANT,2,0 days 00:01:27.953000,MEDIUM,2.0,True,0 days 01:01:40.446000,4,0 days 00:00:32.591000,0 days 00:00:29.700000,0 days 00:00:25.662000,1,87.953,3700.446,0.8250000000002728,False,True,False,2.0,0.0,0.0,0.0,0.0,32.591,29.7,25.662,0,0,0,0.0,84.59219999999999,1.0436520972047887,3.22023019835943,0,0,87.953,87.737,-0.21600000000000819,4.013000000000005,0.0,-0.043333333333331815,0.0,1.509999999999998,0.29176137509958316,0.0,0,1,2025,Qatar Grand Prix,2025_Qatar Grand Prix
ANT,3,0 days 00:01:27.737000,MEDIUM,3.0,True,0 days 01:03:08.183000,4,0 days 00:00:32.439000,0 days 00:00:29.703000,0 days 00:00:25.595000,1,87.737,3788.183,1.1179999999999382,False,True,False,3.0,0.0,0.0,0.0,0.0,32.439,29.703,25.595,0,0,0,0.0,,,0.0,0,0,87.953,87.48,-0.472999999999999,0.0,-0.21600000000000819,0.0,0.0,0.0,0.0,0.0,0,0,2025,Qatar Grand Prix,2025_Qatar Grand Prix
ANT,4,0 days 00:01:27.480000,MEDIUM,4.0,True,0 days 01:04:35.663000,4,0 days 00:00:32.105000,0 days 00:00:29.816000,0 days 00:00:25.559000,1,87.48,3875.663,1.4420000000000073,False,True,False,4.0,0.0,0.0,0.0,0.0,32.105,29.816,25.559,0,0,0,0.0,,,0.0,0,0,87.737,87.505,-0.23199999999999932,0.0,-0.2569999999999908,-0.10800000000000409,0.0,-0.03599999999999781,0.0,0.0,0,0,2025,Qatar Grand Prix,2025_Qatar Grand Prix
ANT,5,0 days 00:01:27.505000,MEDIUM,5.0,True,0 days 01:06:03.168000,4,0 days 00:00:32.134000,0 days 00:00:29.894000,0 days 00:00:25.477000,1,87.505,3963.168,1.6359999999999673,False,True,False,5.0,0.0,0.0,0.0,0.0,32.134,29.894,25.477,0,0,0,0.0,87.72333333333334,0.2367959740648732,-0.9220314416052225,0,0,87.48,87.305,-0.17499999999999716,0.0,0.024999999999991473,-0.15766666666666632,0.0,-0.08200000000000074,0.8823748258723898,-0.2364999999999995,0,0,2025,Qatar Grand Prix,2025_Qatar Grand Prix
ANT,6,0 days 00:01:27.305000,MEDIUM,6.0,True,0 days 01:07:30.473000,4,0 days 00:00:32.136000,0 days 00:00:29.733000,0 days 00:00:25.436000,1,87.305,4050.473,1.724999999999909,False,True,False,6.0,0.0,0.0,0.0,0.0,32.136,29.733,25.436,0,0,0,0.0,87.66875,0.22203359355436597,-1.6382656073659867,1,0,87.505,87.485,-0.01999999999999602,0.024999999999991473,-0.19999999999998863,-0.14933333333333584,0.0,-0.04100000000000037,0.775393233570338,-0.14933333333333584,0,0,2025,Qatar Grand Prix,2025_Qatar Grand Prix
ANT,11,0 days 00:01:27.485000,MEDIUM,4.0,True,0 days 01:17:43.587000,5,0 days 00:00:32.574000,0 days 00:00:29.558000,0 days 00:00:25.353000,1,87.485,4663.587,0.933999999999287,False,True,False,4.0,0.0,0.0,0.0,0.0,32.574,29.558,25.353,0,0,0,0.0,87.596,0.25186702840982605,-0.4407087370697457,0,1,87.305,87.33,0.024999999999991473,0.0,0.1799999999999926,-0.143999999999996,0.0,-0.08299999999999841,0.6936787440883557,-0.143999999999996,0,1,2025,Qatar Grand Prix,2025_Qatar Grand Prix
ANT,12,0 days 00:01:27.330000,MEDIUM,5.0,True,0 days 01:19:10.917000,5,0 days 00:00:32.290000,0 days 00:00:29.521000,0 days 00:00:25.519000,1,87.33,4750.917,1.089999999999236,False,True,False,5.0,0.0,0.0,0.0,0.0,32.29,29.521,25.519,0,0,0,0.0,87.50240000000001,0.15396038451495445,-1.1197685725659174,0,0,87.485,87.005,-0.480000000000004,0.1799999999999926,-0.15500000000000114,0.0016666666666651508,0.0,0.16599999999999682,0.03491847648451937,0.0016666666666651508,0,0,2025,Qatar Grand Prix,2025_Qatar Grand Prix
ANT,13,0 days 00:01:27.005000,MEDIUM,6.0,True,0 days 01:20:37.922000,5,0 days 00:00:32.015000,0 days 00:00:29.648000,0 days 00:00:25.342000,1,87.005,4837.922,1.8090000000001965,False,True,False,6.0,0.0,0.0,0.0,0.0,32.015,29.648,25.342,0,0,0,0.0,87.421,0.09535460135719569,-4.362663092069218,1,0,87.33,86.878,-0.4519999999999982,0.024999999999991473,-0.32500000000000284,-0.058333333333332384,0.0,-0.011000000000002785,0.10367111458839245,-0.058333333333332384,0,0,2025,Qatar Grand Prix,2025_Qatar Grand Prix
ANT,14,0 days 00:01:26.878000,MEDIUM,7.0,True,0 days 01:22:04.800000,5,0 days 00:00:32.027000,0 days 00:00:29.475000,0 days 00:00:25.376000,1,86.878,4924.8,2.5590000000001965,False,True,False,7.0,0.0,0.0,0.0,0.0,32.027,29.475,25.376,0,0,0,0.0,87.326,0.20051184503660927,-2.2342819693180616,1,1,87.005,87.361,0.35600000000000875,0.0,-0.12699999999999534,-0.1000000000000038,0.0,0.03400000000000247,0.10301795959928362,-0.1000000000000038,0,0,2025,Qatar Grand Prix,2025_Qatar Grand Prix
ANT,15,0 days 00:01:27.361000,MEDIUM,8.0,True,0 days 01:23:32.161000,5,0 days 00:00:32.186000,0 days 00:00:29.770000,0 days 00:00:25.405000,1,87.361,5012.161,2.80199999999968,False,True,False,8.0,0.0,0.0,0.0,0.0,32.186,29.77,25.405,0,0,0,0.0,87.2006,0.25042823323255486,0.6405028615565794,0,1,86.878,87.033,0.15500000000000114,0.0,0.4830000000000041,-0.20233333333333312,0.0,0.06300000000000239,0.0956007322147675,-0.20233333333333312,0,0,2025,Qatar Grand Prix,2025_Qatar Grand Prix
ANT,16,0 days 00:01:27.033000,MEDIUM,9.0,True,0 days 01:24:59.194000,5,0 days 00:00:32.063000,0 days 00:00:29.511000,0 days 00:00:25.459000,1,87.033,5099.194,3.1549999999997453,False,True,False,9.0,0.0,0.0,0.0,0.0,32.063,29.511,25.459,0,0,0,0.0,87.2118,0.25741930774512634,-0.6945865932365386,0,0,87.361,86.994,-0.36700000000000443,0.4830000000000041,-0.32800000000000296,0.010333333333335304,0.0,0.11700000000000088,0.092166696805298,0.010333333333335304,0,0,2025,Qatar Grand Prix,2025_Qatar Grand Prix
ANT,17,0 days 00:01:26.994000,MEDIUM,10.0,True,0 days 01:26:26.188000,5,0 days 00:00:32.032000,0 days 00:00:29.541000,0 days 00:00:25.421000,1,86.994,5186.188,3.731999999999971,False,True,False,10.0,0.0,0.0,0.0,0.0,32.032,29.541,25.421,0,0,0,0.0,87.1214,0.21303121836945135,-0.5980344147450247,0,0,87.033,87.021,-0.012000000000000455,0.15500000000000114,-0.03900000000000148,0.009333333333335267,0.0,0.04499999999999815,0.06938803931514323,0.009333333333335267,0,0,2025,Qatar Grand Prix,2025_Qatar Grand Prix
ANT,18,0 days 00:01:27.021000,MEDIUM,11.0,True,0 days 01:27:53.209000,5,0 days 00:00:31.965000,0 days 00:00:29.584000,0 days 00:00:25.472000,1,87.021,5273.209,4.091000000000349,False,True,False,11.0,0.0,0.0,0.0,0.0,31.965,29.584,25.472,0,0,0,0.0,87.0542,0.18142960067190556,-0.18299108787673538,0,0,86.994,86.617,-0.37699999999999534,0.11599999999999966,0.027000000000001023,0.03866666666666655,0.0,0.06700000000000017,0.04652741127550564,0.03866666666666655,0,0,2025,Qatar Grand Prix,2025_Qatar Grand Prix
ANT,19,0 days 00:01:26.617000,MEDIUM,12.0,True,0 days 01:29:19.826000,5,0 days 00:00:31.990000,0 days 00:00:29.509000,0 days 00:00:25.118000,1,86.617,5359.826,4.930999999999585,False,True,False,12.0,0.0,0.0,0.0,0.0,31.99,29.509,25.118,0,0,0,0.0,87.0574,0.1804835172528708,-2.440112020772311,1,0,87.021,86.509,-0.5120000000000005,0.14300000000000068,-0.40399999999999636,-0.11333333333333447,0.0,-0.3030000000000008,0.031909246308866886,-0.11333333333333447,0,0,2025,Qatar Grand Prix,2025_Qatar Grand Prix
ANT,20,0 days 00:01:26.509000,MEDIUM,13.0,True,0 days 01:30:46.335000,5,0 days 00:00:31.900000,0 days 00:00:29.496000,0 days 00:00:25.113000,1,86.509,5446.335,5.747000000000298,False,True,False,13.0,0.0,0.0,0.0,0.0,31.9,29.496,25.113,0,0,0,0.0,87.0052,0.2638374499572854,-1.8807034410025385,1,1,86.617,86.522,-0.09499999999999886,0.0,-0.10800000000000409,-0.1386666666666656,0.0,-0.004999999999999005,0.1702621508145605,-0.1386666666666656,0,0,2025,Qatar Grand Prix,2025_Qatar Grand Prix
ANT,21,0 days 00:01:26.522000,MEDIUM,14.0,True,0 days 01:32:12.857000,5,0 days 00:00:31.889000,0 days 00:00:29.502000,0 days 00:00:25.131000,1,86.522,5532.857,6.5919999999996435,False,True,False,14.0,0.0,0.0,0.0,0.0,31.889,29.502,25.131,0,0,0,0.0,86.8348,0.251436274232558,-1.244052796100062,0,1,86.509,86.748,0.23900000000000432,0.0,0.01300000000000523,-0.1616666666666665,0.0,0.018000000000000682,0.1664247577735959,-0.1616666666666665,0,0,2025,Qatar Grand Prix,2025_Qatar Grand Prix
ANT,22,0 days 00:01:26.748000,MEDIUM,15.0,True,0 days 01:33:39.605000,5,0 days 00:00:32.071000,0 days 00:00:29.578000,0 days 00:00:25.099000,1,86.748,5619.605,7.157000000000153,False,True,False,15.0,0.0,0.0,0.0,0.0,32.071,29.578,25.099,0,0,0,0.0,86.7326,0.2545668870845975,0.06049490637359256,0,0,86.522,86.735,0.21299999999999386,0.01300000000000523,0.2259999999999991,-0.16633333333333175,0.0,-0.013999999999999346,0.15193353810136856,-0.16633333333333175,0,0,2025,Qatar Grand Prix,2025_Qatar Grand Prix
ANT,23,0 days 00:01:26.735000,MEDIUM,16.0,True,0 days 01:35:06.340000,5,0 days 00:00:31.991000,0 days 00:00:29.694000,0 days 00:00:25.050000,1,86.735,5706.34,7.613000000000284,False,True,False,16.0,0.0,0.0,0.0,0.0,31.991,29.694,25.05,0,0,0,0.0,86.68339999999999,0.21155448470769736,0.24390879763812534,0,0,86.748,86.626,-0.12199999999999989,0.23900000000000432,-0.01300000000000523,0.04366666666666674,0.0,-0.04899999999999949,0.14629524941022556,0.04366666666666674,0,0,2025,Qatar Grand Prix,2025_Qatar Grand Prix
ANT,24,0 days 00:01:26.626000,MEDIUM,17.0,True,0 days 01:36:32.966000,5,0 days 00:00:32.095000,0 days 00:00:29.569000,0 days 00:00:24.962000,1,86.626,5792.966,7.925999999999476,False,True,False,17.0,0.0,0.0,0.0,0.0,32.095,29.569,24.962,0,0,0,0.0,86.62620000000001,0.11330357452408979,-0.0017651693765770536,0,0,86.735,86.608,-0.12699999999999534,0.2259999999999991,-0.10899999999999466,0.07533333333333303,0.0,-0.08800000000000097,0.1321298603647189,0.07533333333333303,0,0,2025,Qatar Grand Prix,2025_Qatar Grand Prix
ANT,25,0 days 00:01:26.608000,MEDIUM,18.0,True,0 days 01:37:59.574000,4,0 days 00:00:31.952000,0 days 00:00:29.594000,0 days 00:00:25.062000,1,86.608,5879.574,8.468000000000757,False,True,False,18.0,0.0,0.0,0.0,0.0,31.952,29.594,25.062,0,0,0,0.0,86.628,0.11319231422643533,-0.1766904417201601,0,0,86.626,86.574,-0.05200000000000671,0.11700000000000443,-0.018000000000000682,0.0346666666666664,0.0,0.10000000000000142,0.041476499370125076,0.0346666666666664,0,0,2025,Qatar Grand Prix,2025_Qatar Grand Prix
ANT,26,0 days 00:01:26.574000,MEDIUM,19.0,True,0 days 01:39:26.148000,3,0 days 00:00:31.948000,0 days 00:00:29.574000,0 days 00:00:25.052000,1,86.574,5966.148,3.936999999999898,False,True,False,19.0,0.0,0.0,0.0,0.0,31.948,29.574,25.052,0,0,0,0.0,86.6478,0.09424542429177565,-0.7830618892597613,0,0,86.608,86.425,-0.18300000000000693,0.08599999999999852,-0.034000000000006025,-0.046666666666666856,0.0,0.08999999999999986,0.07149685307760084,-0.046666666666666856,0,0,2025,Qatar Grand Prix,2025_Qatar Grand Prix
ANT,27,0 days 00:01:26.425000,MEDIUM,20.0,True,0 days 01:40:52.573000,3,0 days 00:00:31.970000,0 days 00:00:29.535000,0 days 00:00:24.920000,1,86.425,6052.573,2.462999999999738,False,True,False,20.0,0.0,0.0,0.0,0.0,31.97,29.535,24.92,0,0,0,0.0,86.6582,0.07843596113988381,-2.9731260586468027,1,0,86.574,86.554,-0.01999999999999602,0.0,-0.1490000000000009,-0.05366666666666712,0.0,-0.04199999999999804,0.08387013771301449,-0.05366666666666712,0,0,2025,Qatar Grand Prix,2025_Qatar Grand Prix
ANT,28,0 days 00:01:26.554000,MEDIUM,21.0,True,0 days 01:42:19.127000,3,0 days 00:00:31.946000,0 days 00:00:29.717000,0 days 00:00:24.891000,1,86.554,6139.127,1.1779999999998836,False,True,False,21.0,0.0,0.0,0.0,0.0,31.946,29.717,24.891,0,0,0,0.0,86.59360000000001,0.11187180162996428,-0.35397660020700455,0,1,86.425,86.365,-0.060000000000002274,0.0,0.1290000000000049,-0.06700000000000254,0.0,-0.029000000000003467,0.08658059828853103,-0.06700000000000254,0,0,2025,Qatar Grand Prix,2025_Qatar Grand Prix
ANT,29,0 days 00:01:26.365000,MEDIUM,22.0,True,0 days 01:43:45.492000,3,0 days 00:00:31.872000,0 days 00:00:29.624000,0 days 00:00:24.869000,1,86.365,6225.492,0.5090000000000146,False,True,False,22.0,0.0,0.0,0.0,0.0,31.872,29.624,24.869,0,0,0,0.0,86.5574,0.0791883829859674,-2.429649308966198,1,0,86.554,88.262,1.7079999999999984,0.1290000000000049,-0.18900000000000716,-0.018000000000000682,0.0,-0.021999999999998465,0.08404879535127228,-0.018000000000000682,0,1,2025,Qatar Grand Prix,2025_Qatar Grand Prix
ANT,30,0 days 00:01:28.262000,MEDIUM,23.0,True,0 days 01:45:13.754000,4,0 days 00:00:33.249000,0 days 00:00:29.930000,0 days 00:00:25.083000,1,88.262,6313.754,1.0079999999998108,False,True,False,23.0,0.0,0.0,0.0,0.0,33.249,29.93,25.083,0,0,0,0.0,86.5052,0.10460736111731289,16.79422921327514,0,1,86.365,86.25,-0.11499999999999488,0.0,1.8970000000000056,-0.06966666666666772,0.0,0.21399999999999864,0.06947517542259231,-0.06966666666666772,0,0,2025,Qatar Grand Prix,2025_Qatar Grand Prix
ANT,31,0 days 00:01:26.250000,MEDIUM,24.0,True,0 days 01:46:40.004000,4,0 days 00:00:31.848000,0 days 00:00:29.496000,0 days 00:00:24.906000,1,86.25,6400.004,0.543999999999869,False,True,False,24.0,0.0,0.0,0.0,0.0,31.848,29.496,24.906,0,0,0,0.0,86.836,0.8019360947107722,-0.7307315431553763,0,0,88.262,85.173,-3.0889999999999986,1.8970000000000056,-2.0120000000000005,0.6123333333333344,0.0,0.036999999999999034,0.10963667269668394,0.6123333333333344,0,1,2025,Qatar Grand Prix,2025_Qatar Grand Prix
ANT,34,0 days 00:01:25.173000,HARD,2.0,True,0 days 01:51:24.874000,5,0 days 00:00:31.564000,0 days 00:00:28.855000,0 days 00:00:24.754000,1,85.173,6684.874,7.774000000000342,True,False,False,2.0,0.0,0.0,0.0,0.0,31.564,28.855,24.754,0,0,0,0.0,86.7712,0.8405597539734795,-1.9013520364792724,1,0,86.25,84.738,-1.5120000000000005,0.0,-1.0769999999999982,-0.10133333333333401,0.0,-0.11499999999999844,0.10637339893037072,-0.10133333333333401,0,0,2025,Qatar Grand Prix,2025_Qatar Grand Prix
ANT,35,0 days 00:01:24.738000,HARD,3.0,True,0 days 01:52:49.612000,5,0 days 00:00:31.296000,0 days 00:00:28.762000,0 days 00:00:24.680000,1,84.738,6769.612,9.078999999999724,True,False,False,3.0,0.0,0.0,0.0,0.0,31.296,28.762,24.68,0,0,0,0.0,86.5208,1.1120983319832487,-1.6030956514615549,1,1,85.173,84.755,-0.41800000000000637,0.0,-0.4350000000000023,-0.39733333333333104,0.0,-0.07400000000000162,0.12274974541725019,-0.39733333333333104,0,0,2025,Qatar Grand Prix,2025_Qatar Grand Prix
ANT,36,0 days 00:01:24.755000,HARD,4.0,True,0 days 01:54:14.367000,5,0 days 00:00:31.390000,0 days 00:00:28.849000,0 days 00:00:24.516000,1,84.755,6854.367,9.98700000000008,True,False,False,4.0,0.0,0.0,0.0,0.0,31.39,28.849,24.516,0,0,0,0.0,86.15759999999999,1.3660850266362905,-1.0267296490714146,0,1,84.738,84.389,-0.34900000000000375,0.0,0.016999999999995907,-1.174666666666667,0.0,-0.16400000000000148,0.12848151618034293,-1.174666666666667,0,0,2025,Qatar Grand Prix,2025_Qatar Grand Prix
ANT,37,0 days 00:01:24.389000,HARD,5.0,True,0 days 01:55:38.756000,5,0 days 00:00:31.170000,0 days 00:00:28.806000,0 days 00:00:24.413000,1,84.389,6938.756,11.617999999999483,True,False,False,5.0,0.0,0.0,0.0,0.0,31.17,28.806,24.413,0,0,0,0.0,85.8356,1.4891780618850898,-0.9714083473461942,0,0,84.755,84.429,-0.3259999999999934,0.016999999999995907,-0.36599999999999966,-0.49833333333333485,0.0,-0.10299999999999798,0.15056659656112248,-0.49833333333333485,0,0,2025,Qatar Grand Prix,2025_Qatar Grand Prix
ANT,38,0 days 00:01:24.429000,HARD,6.0,True,0 days 01:57:03.185000,5,0 days 00:00:31.183000,0 days 00:00:28.824000,0 days 00:00:24.422000,1,84.429,7023.185,12.90099999999984,True,False,False,6.0,0.0,0.0,0.0,0.0,31.183,28.824,24.422,0,0,0,0.0,85.061,0.7203842724544456,-0.8773095473707337,0,0,84.389,84.651,0.26200000000000045,0.0,0.04000000000000625,-0.26133333333333536,0.0,0.009000000000000341,0.0749379743521259,-0.26133333333333536,0,0,2025,Qatar Grand Prix,2025_Qatar Grand Prix
ANT,39,0 days 00:01:24.651000,HARD,7.0,True,0 days 01:58:27.836000,5,0 days 00:00:31.209000,0 days 00:00:28.887000,0 days 00:00:24.555000,1,84.651,7107.836,14.135999999999513,True,False,False,7.0,0.0,0.0,0.0,0.0,31.209,28.887,24.555,0,0,0,0.0,84.69680000000001,0.31555855241089764,-0.1451394666698071,0,0,84.429,84.464,0.03499999999999659,0.04000000000000625,0.2219999999999942,-0.10299999999999916,0.0,0.14199999999999946,0.06388505302494439,-0.10299999999999916,0,0,2025,Qatar Grand Prix,2025_Qatar Grand Prix
ANT,40,0 days 00:01:24.464000,HARD,8.0,True,0 days 01:59:52.300000,5,0 days 00:00:31.104000,0 days 00:00:28.954000,0 days 00:00:24.406000,1,84.464,7192.3,15.21599999999944,True,False,False,8.0,0.0,0.0,0.0,0.0,31.104,28.954,24.406,0,0,0,0.0,84.5924,0.17258563091881288,-0.7439785068804521,0,0,84.651,84.416,-0.23499999999999943,0.26200000000000045,-0.1869999999999976,-0.0346666666666664,0.0,-0.0070000000000014495,0.1183279341491262,-0.0346666666666664,0,0,2025,Qatar Grand Prix,2025_Qatar Grand Prix
ANT,41,0 days 00:01:24.416000,HARD,9.0,True,0 days 02:01:16.716000,5,0 days 00:00:31.195000,0 days 00:00:28.881000,0 days 00:00:24.340000,1,84.416,7276.716,17.76800000000003,True,False,False,9.0,0.0,0.0,0.0,0.0,31.195,28.881,24.34,0,0,0,0.0,84.5376,0.15765088011056808,-0.7713245870541093,0,0,84.464,84.395,-0.06900000000000261,0.07500000000000284,-0.04800000000000182,0.02500000000000095,0.0,-0.06599999999999895,0.1170183746255258,0.02500000000000095,0,0,2025,Qatar Grand Prix,2025_Qatar Grand Prix
ANT,42,0 days 00:01:24.395000,HARD,10.0,True,0 days 02:02:41.111000,5,0 days 00:00:31.138000,0 days 00:00:28.835000,0 days 00:00:24.422000,1,84.395,7361.111,18.804000000000087,True,False,False,10.0,0.0,0.0,0.0,0.0,31.138,28.835,24.422,0,0,0,0.0,84.46979999999999,0.10482700033687556,-0.7135566195695424,0,0,84.416,84.308,-0.10799999999998988,0.027000000000001023,-0.021000000000000796,-0.0043333333333350765,0.0,0.08200000000000074,0.09372032863792021,-0.0043333333333350765,0,0,2025,Qatar Grand Prix,2025_Qatar Grand Prix
ANT,43,0 days 00:01:24.308000,HARD,11.0,True,0 days 02:04:05.419000,5,0 days 00:00:31.103000,0 days 00:00:28.893000,0 days 00:00:24.312000,1,84.308,7445.419,19.692000000000007,True,False,False,11.0,0.0,0.0,0.0,0.0,31.103,28.893,24.312,0,0,0,0.0,84.471,0.10369908389001038,-1.5718557376349103,1,0,84.395,84.411,0.016000000000005343,0.0,-0.08699999999998909,-0.08533333333333341,0.0,-0.027999999999998693,0.08101543062898509,-0.08533333333333341,0,0,2025,Qatar Grand Prix,2025_Qatar Grand Prix
ANT,44,0 days 00:01:24.411000,HARD,12.0,True,0 days 02:05:29.830000,5,0 days 00:00:31.135000,0 days 00:00:28.944000,0 days 00:00:24.332000,1,84.411,7529.83,20.34900000000016,True,False,False,12.0,0.0,0.0,0.0,0.0,31.135,28.944,24.332,0,0,0,0.0,84.44680000000001,0.12736836341738247,-0.2810745073538659,0,1,84.308,84.315,0.006999999999990791,0.0,0.10299999999999443,-0.051999999999997236,0.0,0.019999999999999574,0.08522206287106564,-0.051999999999997236,0,0,2025,Qatar Grand Prix,2025_Qatar Grand Prix
ANT,45,0 days 00:01:24.315000,HARD,13.0,True,0 days 02:06:54.145000,4,0 days 00:00:31.150000,0 days 00:00:28.825000,0 days 00:00:24.340000,1,84.315,7614.145,20.841999999999643,True,False,False,13.0,0.0,0.0,0.0,0.0,31.15,28.825,24.34,0,0,0,0.0,84.39880000000001,0.056909577397955685,-1.4725113738592097,0,0,84.411,84.147,-0.2639999999999958,0.10299999999999443,-0.09600000000000364,-0.0016666666666651508,0.0,0.027999999999998693,0.055481528457675997,-0.0016666666666651508,0,0,2025,Qatar Grand Prix,2025_Qatar Grand Prix
ANT,46,0 days 00:01:24.147000,HARD,14.0,True,0 days 02:08:18.292000,4,0 days 00:00:31.026000,0 days 00:00:28.811000,0 days 00:00:24.310000,1,84.147,7698.292,3.0649999999996,True,False,False,14.0,0.0,0.0,0.0,0.0,31.026,28.811,24.31,0,0,0,0.0,84.369,0.05311779362519227,-4.179390461254133,1,0,84.315,84.176,-0.1389999999999958,0.006999999999990791,-0.16799999999999216,-0.0266666666666661,0.0,-0.0020000000000024443,0.05654378834142512,-0.0266666666666661,0,0,2025,Qatar Grand Prix,2025_Qatar Grand Prix
ANT,47,0 days 00:01:24.176000,HARD,15.0,True,0 days 02:09:42.468000,4,0 days 00:00:31.014000,0 days 00:00:28.840000,0 days 00:00:24.322000,1,84.176,7782.468,2.08600000000024,True,False,False,15.0,0.0,0.0,0.0,0.0,31.014,28.84,24.322,0,0,0,0.0,84.3152,0.10474826967353007,-1.3289002332339084,0,1,84.147,84.032,-0.1150000000000091,0.0,0.028999999999996362,-0.05366666666666712,0.0,0.012000000000000455,0.04091454509095692,-0.05366666666666712,0,0,2025,Qatar Grand Prix,2025_Qatar Grand Prix
ANT,48,0 days 00:01:24.032000,HARD,16.0,True,0 days 02:11:06.500000,4,0 days 00:00:30.959000,0 days 00:00:28.813000,0 days 00:00:24.260000,1,84.032,7866.5,1.3590000000003783,True,False,False,16.0,0.0,0.0,0.0,0.0,30.959,28.813,24.26,0,0,0,0.0,84.2714,0.1087487930948753,-2.2014037414754988,1,0,84.176,84.453,0.277000000000001,0.028999999999996362,-0.14400000000000546,-0.07833333333333314,0.0,-0.04999999999999716,0.021999999999997834,-0.07833333333333314,0,0,2025,Qatar Grand Prix,2025_Qatar Grand Prix
ANT,49,0 days 00:01:24.453000,HARD,17.0,True,0 days 02:12:30.953000,4,0 days 00:00:31.042000,0 days 00:00:29.046000,0 days 00:00:24.365000,1,84.453,7950.953,0.5799999999999272,True,False,False,17.0,0.0,0.0,0.0,0.0,31.042,29.046,24.365,0,0,0,0.0,84.2162,0.1483600350484729,1.5961171748350822,0,1,84.032,84.076,0.04399999999999693,0.0,0.4210000000000065,-0.09433333333333375,0.0,0.10499999999999687,0.030899838187276086,-0.09433333333333375,0,1,2025,Qatar Grand Prix,2025_Qatar Grand Prix
ANT,50,0 days 00:01:24.076000,HARD,18.0,True,0 days 02:13:55.029000,4,0 days 00:00:30.954000,0 days 00:00:28.870000,0 days 00:00:24.252000,1,84.076,8035.029,0.6409999999996217,True,False,False,18.0,0.0,0.0,0.0,0.0,30.954,28.87,24.252,0,0,0,0.0,84.2246,0.1626477789568147,-0.9136306745354159,0,0,84.453,84.122,-0.33100000000000307,0.4210000000000065,-0.37700000000000955,0.10199999999999913,0.0,-0.008000000000002672,0.056407446316951076,0.10199999999999913,0,1,2025,Qatar Grand Prix,2025_Qatar Grand Prix
ANT,51,0 days 00:01:24.122000,HARD,19.0,True,0 days 02:15:19.151000,4,0 days 00:00:31.004000,0 days 00:00:28.833000,0 days 00:00:24.285000,1,84.122,8119.151,0.6459999999997308,True,False,False,19.0,0.0,0.0,0.0,0.0,31.004,28.833,24.285,0,0,0,0.0,84.1768,0.16454695378395756,-0.3330356396141494,0,0,84.076,83.975,-0.10099999999999909,0.04399999999999693,0.04600000000000648,-0.03333333333333618,0.0,0.03300000000000125,0.05719965034857942,-0.03333333333333618,0,1,2025,Qatar Grand Prix,2025_Qatar Grand Prix
ANT,52,0 days 00:01:23.975000,HARD,20.0,True,0 days 02:16:43.126000,4,0 days 00:00:30.934000,0 days 00:00:28.831000,0 days 00:00:24.210000,1,83.975,8203.126,0.8119999999998981,True,False,False,20.0,0.0,0.0,0.0,0.0,30.934,28.831,24.21,0,0,0,0.0,84.17179999999999,0.16605179914586746,-1.1851723438848019,0,0,84.122,84.037,-0.08499999999999375,0.09000000000000341,-0.14700000000000557,0.030000000000001137,0.0,-0.04199999999999804,0.05729136060524085,0.030000000000001137,0,1,2025,Qatar Grand Prix,2025_Qatar Grand Prix
ANT,53,0 days 00:01:24.037000,HARD,21.0,True,0 days 02:18:07.163000,4,0 days 00:00:30.975000,0 days 00:00:28.800000,0 days 00:00:24.262000,1,84.037,8287.163,0.7579999999998108,True,False,False,21.0,0.0,0.0,0.0,0.0,30.975,28.8,24.262,0,0,0,0.0,84.1316,0.18770002663712218,-0.5039956663559172,0,0,83.975,84.074,0.09900000000000375,0.0,0.06200000000001182,-0.1593333333333362,0.0,0.0519999999999996,0.06354761993969316,-0.1593333333333362,0,1,2025,Qatar Grand Prix,2025_Qatar Grand Prix
ANT,54,0 days 00:01:24.074000,HARD,22.0,True,0 days 02:19:31.237000,4,0 days 00:00:30.917000,0 days 00:00:28.866000,0 days 00:00:24.291000,1,84.074,8371.237,0.7570000000014261,True,False,False,22.0,0.0,0.0,0.0,0.0,30.917,28.866,24.291,0,0,0,0.0,84.1326,0.18704892408024185,-0.3132870198967822,0,0,84.037,83.955,-0.08200000000000784,0.06200000000001182,0.03699999999999193,-0.012999999999995756,0.0,0.08099999999999952,0.05640478703088764,-0.012999999999995756,0,1,2025,Qatar Grand Prix,2025_Qatar Grand Prix
ANT,55,0 days 00:01:23.955000,HARD,23.0,True,0 days 02:20:55.192000,4,0 days 00:00:30.873000,0 days 00:00:28.854000,0 days 00:00:24.228000,1,83.955,8455.192,0.717000000000553,True,False,False,23.0,0.0,0.0,0.0,0.0,30.873,28.854,24.228,0,0,0,0.0,84.0568,0.05476951706532466,-1.8586981491653176,1,0,84.074,86.977,2.903000000000006,0.09900000000000375,-0.11899999999999977,-0.016000000000000607,0.0,0.018000000000000682,0.04871036850609834,-0.016000000000000607,0,1,2025,Qatar Grand Prix,2025_Qatar Grand Prix
ANT,56,0 days 00:01:26.977000,HARD,24.0,True,0 days 02:22:22.169000,5,0 days 00:00:30.943000,0 days 00:00:30.141000,0 days 00:00:25.893000,1,86.977,8542.169,23.152000000000044,True,False,False,24.0,0.0,0.0,0.0,0.0,30.943,30.141,25.893,0,0,0,0.0,84.03259999999999,0.06903839511146918,42.64873184328802,0,1,83.955,86.166,2.2109999999999985,0.0,3.0220000000000056,-0.00666666666666534,0.0,1.6649999999999991,0.045850845139428414,-0.00666666666666534,0,0,2025,Qatar Grand Prix,2025_Qatar Grand Prix
BEA,2,0 days 00:01:29.227000,MEDIUM,2.0,True,0 days 01:01:45.990000,12,0 days 00:00:33.207000,0 days 00:00:30.175000,0 days 00:00:25.845000,1,89.227,3705.99,0.5650000000000546,False,True,False,2.0,0.0,0.0,0.0,0.0,33.207,30.175,25.845,0,0,0,0.0,85.0418,1.4262028958039699,2.934505330421977,0,0,89.227,88.95,-0.277000000000001,5.272000000000006,0.0,0.6973333333333329,0.0,1.6169999999999973,0.7221479765255865,0.0,0,1,2025,Qatar Grand Prix,2025_Qatar Grand Prix
BEA,3,0 days 00:01:28.950000,MEDIUM,3.0,True,0 days 01:03:14.940000,12,0 days 00:00:32.953000,0 days 00:00:30.286000,0 days 00:00:25.711000,1,88.95,3794.94,0.543999999999869,False,True,False,3.0,0.0,0.0,0.0,0.0,32.953,30.286,25.711,0,0,0,0.0,,,0.0,0,0,89.227,88.572,-0.6550000000000011,0.0,-0.277000000000001,0.0,0.0,0.0,0.0,0.0,0,1,2025,Qatar Grand Prix,2025_Qatar Grand Prix
BEA,4,0 days 00:01:28.572000,MEDIUM,4.0,True,0 days 01:04:43.512000,12,0 days 00:00:32.797000,0 days 00:00:30.165000,0 days 00:00:25.610000,1,88.572,3883.512,0.6219999999998436,False,True,False,4.0,0.0,0.0,0.0,0.0,32.797,30.165,25.61,0,0,0,0.0,,,0.0,0,0,88.95,88.363,-0.5870000000000033,0.0,-0.3780000000000001,-0.1385000000000005,0.0,-0.10099999999999909,0.0,0.0,0,1,2025,Qatar Grand Prix,2025_Qatar Grand Prix
BEA,5,0 days 00:01:28.363000,MEDIUM,5.0,True,0 days 01:06:11.875000,12,0 days 00:00:32.598000,0 days 00:00:30.088000,0 days 00:00:25.677000,1,88.363,3971.875,0.6829999999999927,False,True,False,5.0,0.0,0.0,0.0,0.0,32.598,30.088,25.677,0,0,0,0.0,88.91633333333334,0.32879527571626865,-1.6829114473373286,1,0,88.572,87.786,-0.7860000000000014,0.0,-0.20900000000000318,-0.2183333333333337,0.0,0.06700000000000017,0.9640551505662578,-0.32750000000000057,0,1,2025,Qatar Grand Prix,2025_Qatar Grand Prix
BEA,6,0 days 00:01:27.786000,MEDIUM,6.0,True,0 days 01:07:39.661000,12,0 days 00:00:32.259000,0 days 00:00:30.122000,0 days 00:00:25.405000,1,87.786,4059.661,0.9029999999997926,False,True,False,6.0,0.0,0.0,0.0,0.0,32.259,30.122,25.405,0,0,0,0.0,88.778,0.3855065931126706,-2.573237443205222,1,1,88.363,88.174,-0.18899999999999295,0.0,-0.5769999999999982,-0.2880000000000014,0.0,-0.2049999999999983,0.8170897033577958,-0.2880000000000014,0,1,2025,Qatar Grand Prix,2025_Qatar Grand Prix
BEA,11,0 days 00:01:28.174000,MEDIUM,4.0,True,0 days 01:17:46.715000,10,0 days 00:00:32.583000,0 days 00:00:29.965000,0 days 00:00:25.626000,1,88.174,4666.715,0.44799999999941065,False,True,False,4.0,0.0,0.0,0.0,0.0,32.583,29.965,25.626,0,0,0,0.0,88.5796,0.5552245491690763,-0.7305152493833262,0,1,87.786,87.958,0.17199999999999704,0.0,0.38800000000000523,-0.3880000000000005,0.0,0.22100000000000009,0.7569060707908198,-0.3880000000000005,0,1,2025,Qatar Grand Prix,2025_Qatar Grand Prix
BEA,12,0 days 00:01:27.958000,MEDIUM,5.0,True,0 days 01:19:14.673000,10,0 days 00:00:32.509000,0 days 00:00:30.049000,0 days 00:00:25.400000,1,87.958,4754.673,0.680000000000291,False,True,False,5.0,0.0,0.0,0.0,0.0,32.509,30.049,25.4,0,0,0,0.0,88.369,0.4349482727865479,-0.9449399519783833,0,0,88.174,87.66,-0.51400000000001,0.38800000000000523,-0.21600000000000819,-0.13266666666666538,0.0,-0.005000000000002558,0.1623970443080779,-0.13266666666666538,0,1,2025,Qatar Grand Prix,2025_Qatar Grand Prix
BEA,13,0 days 00:01:27.660000,MEDIUM,6.0,True,0 days 01:20:42.333000,10,0 days 00:00:32.246000,0 days 00:00:29.977000,0 days 00:00:25.437000,1,87.66,4842.333,0.6610000000000582,False,True,False,6.0,0.0,0.0,0.0,0.0,32.246,29.977,25.437,0,0,0,0.0,88.17060000000001,0.31275677450696276,-1.6325785454365707,1,0,87.958,87.641,-0.31699999999999307,0.17199999999999704,-0.2980000000000018,-0.13500000000000037,0.0,0.037000000000002586,0.16238472834598644,-0.13500000000000037,0,1,2025,Qatar Grand Prix,2025_Qatar Grand Prix
BEA,14,0 days 00:01:27.641000,MEDIUM,7.0,True,0 days 01:22:09.974000,10,0 days 00:00:32.190000,0 days 00:00:30.012000,0 days 00:00:25.439000,1,87.641,4929.974,0.8409999999994398,False,True,False,7.0,0.0,0.0,0.0,0.0,32.19,30.012,25.439,0,0,0,0.0,87.98819999999999,0.28482836937354955,-1.2189796991206214,0,1,87.66,87.871,0.21099999999999852,0.0,-0.018999999999991246,-0.04200000000000159,0.0,0.03900000000000148,0.15338187637397022,-0.04200000000000159,0,1,2025,Qatar Grand Prix,2025_Qatar Grand Prix
BEA,15,0 days 00:01:27.871000,MEDIUM,8.0,True,0 days 01:23:37.845000,10,0 days 00:00:32.361000,0 days 00:00:30.056000,0 days 00:00:25.454000,1,87.871,5017.845,0.7579999999998108,False,True,False,8.0,0.0,0.0,0.0,0.0,32.361,30.056,25.454,0,0,0,0.0,87.8438,0.2237882928126333,0.12154344473580951,0,0,87.641,87.573,-0.06800000000001205,0.0,0.22999999999998977,-0.17766666666666708,0.0,0.054000000000002046,0.15187758228257356,-0.17766666666666708,0,1,2025,Qatar Grand Prix,2025_Qatar Grand Prix
BEA,16,0 days 00:01:27.573000,MEDIUM,9.0,True,0 days 01:25:05.418000,10,0 days 00:00:32.201000,0 days 00:00:30.028000,0 days 00:00:25.344000,1,87.573,5105.418,0.8140000000003056,False,True,False,9.0,0.0,0.0,0.0,0.0,32.201,30.028,25.344,0,0,0,0.0,87.8608,0.22151681651737623,-1.2992241606064643,0,0,87.871,87.551,-0.3199999999999932,0.22999999999998977,-0.2980000000000018,-0.029000000000001098,0.0,-0.09299999999999997,0.08764816027732718,-0.029000000000001098,0,1,2025,Qatar Grand Prix,2025_Qatar Grand Prix
BEA,17,0 days 00:01:27.551000,MEDIUM,10.0,True,0 days 01:26:32.969000,10,0 days 00:00:32.029000,0 days 00:00:30.220000,0 days 00:00:25.302000,1,87.551,5192.969,0.8609999999998763,False,True,False,10.0,0.0,0.0,0.0,0.0,32.029,30.22,25.302,0,0,0,0.0,87.7406,0.16490391141507849,-1.1497604779231574,0,0,87.573,87.617,0.04400000000001114,0.0,-0.02199999999999136,-0.029000000000001098,0.0,-0.04200000000000159,0.05973943421225328,-0.029000000000001098,0,1,2025,Qatar Grand Prix,2025_Qatar Grand Prix
BEA,18,0 days 00:01:27.617000,MEDIUM,11.0,True,0 days 01:28:00.586000,10,0 days 00:00:32.197000,0 days 00:00:30.108000,0 days 00:00:25.312000,1,87.617,5280.586,0.8409999999994398,False,True,False,11.0,0.0,0.0,0.0,0.0,32.197,30.108,25.312,0,0,0,0.0,87.6592,0.12681561418055826,-0.332766594024536,0,0,87.551,87.489,-0.06199999999999761,0.0,0.0660000000000025,-0.030000000000001137,0.0,0.010000000000001563,0.06366710296534764,-0.030000000000001137,0,1,2025,Qatar Grand Prix,2025_Qatar Grand Prix
BEA,19,0 days 00:01:27.489000,MEDIUM,12.0,True,0 days 01:29:28.075000,10,0 days 00:00:32.103000,0 days 00:00:30.098000,0 days 00:00:25.288000,1,87.489,5368.075,0.8969999999999345,False,True,False,12.0,0.0,0.0,0.0,0.0,32.103,30.098,25.288,0,0,0,0.0,87.65060000000001,0.12819828391984048,-1.2605472948534315,0,0,87.617,87.258,-0.35900000000000887,0.0660000000000025,-0.1280000000000001,-0.08466666666666356,0.0,-0.013999999999999346,0.0607149075598419,-0.08466666666666356,0,1,2025,Qatar Grand Prix,2025_Qatar Grand Prix
BEA,20,0 days 00:01:27.258000,MEDIUM,13.0,True,0 days 01:30:55.333000,10,0 days 00:00:32.052000,0 days 00:00:30.042000,0 days 00:00:25.164000,1,87.258,5455.333,1.01299999999992,False,True,False,13.0,0.0,0.0,0.0,0.0,32.052,30.042,25.164,0,0,0,0.0,87.6202,0.14759810296880976,-2.453961078866583,1,0,87.489,87.548,0.0589999999999975,0.0,-0.23100000000000875,-0.027999999999996323,0.0,-0.12399999999999878,0.05518151864528672,-0.027999999999996323,0,0,2025,Qatar Grand Prix,2025_Qatar Grand Prix
BEA,21,0 days 00:01:27.548000,MEDIUM,14.0,True,0 days 01:32:22.881000,10,0 days 00:00:32.074000,0 days 00:00:30.112000,0 days 00:00:25.362000,1,87.548,5542.881,0.819999999999709,False,True,False,14.0,0.0,0.0,0.0,0.0,32.074,30.112,25.362,0,0,0,0.0,87.4976,0.1416643921385801,0.3557704179515593,0,1,87.258,87.095,-0.1629999999999967,0.0,0.29000000000000625,-0.09766666666666879,0.0,0.19799999999999685,0.05534256951027862,-0.09766666666666879,0,1,2025,Qatar Grand Prix,2025_Qatar Grand Prix
BEA,22,0 days 00:01:27.095000,MEDIUM,15.0,True,0 days 01:33:49.976000,10,0 days 00:00:31.900000,0 days 00:00:30.093000,0 days 00:00:25.102000,1,87.095,5629.976,1.1950000000006185,False,True,False,15.0,0.0,0.0,0.0,0.0,31.9,30.093,25.102,0,0,0,0.0,87.4926,0.13874905405080684,-2.8656051222836063,1,0,87.548,87.638,0.09000000000000341,0.29000000000000625,-0.45300000000000296,-0.02300000000000087,0.0,-0.062000000000001165,0.1188309723935627,-0.02300000000000087,0,0,2025,Qatar Grand Prix,2025_Qatar Grand Prix
BEA,23,0 days 00:01:27.638000,MEDIUM,16.0,True,0 days 01:35:17.614000,10,0 days 00:00:32.070000,0 days 00:00:30.405000,0 days 00:00:25.163000,1,87.638,5717.614,1.167000000000371,False,True,False,16.0,0.0,0.0,0.0,0.0,32.07,30.405,25.163,0,0,0,0.0,87.4014,0.217998394489491,1.0853290940700742,0,1,87.095,87.196,0.10099999999999909,0.0,0.5430000000000064,-0.13133333333333516,0.0,0.06099999999999994,0.12114784356314257,-0.13133333333333516,0,0,2025,Qatar Grand Prix,2025_Qatar Grand Prix
BEA,24,0 days 00:01:27.196000,MEDIUM,17.0,True,0 days 01:36:44.810000,10,0 days 00:00:32.040000,0 days 00:00:30.087000,0 days 00:00:25.069000,1,87.196,5804.81,1.282999999999447,False,True,False,17.0,0.0,0.0,0.0,0.0,32.04,30.087,25.069,0,0,0,0.0,87.40559999999999,0.22332778600074818,-0.9385307746672081,0,0,87.638,87.506,-0.132000000000005,0.5430000000000064,-0.4420000000000073,0.1266666666666699,0.0,-0.03300000000000125,0.12414185434413193,0.1266666666666699,0,0,2025,Qatar Grand Prix,2025_Qatar Grand Prix
BEA,25,0 days 00:01:27.506000,MEDIUM,18.0,True,0 days 01:38:12.316000,10,0 days 00:00:32.130000,0 days 00:00:30.206000,0 days 00:00:25.170000,1,87.506,5892.316,1.0740000000005239,False,True,False,18.0,0.0,0.0,0.0,0.0,32.13,30.206,25.17,0,0,0,0.0,87.34700000000001,0.23415166025462464,0.6790470749901568,0,0,87.196,87.291,0.09499999999999886,0.10099999999999909,0.3100000000000023,-0.11733333333333462,0.0,0.10100000000000264,0.12541331667729586,-0.11733333333333462,0,0,2025,Qatar Grand Prix,2025_Qatar Grand Prix
BEA,26,0 days 00:01:27.291000,MEDIUM,19.0,True,0 days 01:39:39.607000,10,0 days 00:00:32.056000,0 days 00:00:30.019000,0 days 00:00:25.216000,1,87.291,5979.607,0.9909999999999854,False,True,False,19.0,0.0,0.0,0.0,0.0,32.056,30.019,25.216,0,0,0,0.0,87.3966,0.23683707480037008,-0.4458761369562595,0,0,87.506,87.437,-0.06900000000000261,0.41100000000000136,-0.2150000000000034,0.13700000000000045,0.0,0.14700000000000202,0.10489756908527463,0.13700000000000045,0,1,2025,Qatar Grand Prix,2025_Qatar Grand Prix
BEA,27,0 days 00:01:27.437000,MEDIUM,20.0,True,0 days 01:41:07.044000,10,0 days 00:00:32.170000,0 days 00:00:30.138000,0 days 00:00:25.129000,1,87.437,6067.044,1.1459999999997308,False,True,False,20.0,0.0,0.0,0.0,0.0,32.17,30.138,25.129,0,0,0,0.0,87.3452,0.223263745377518,0.4111728926018281,0,0,87.291,87.698,0.4069999999999965,0.19599999999999795,0.1460000000000008,-0.11566666666666947,0.0,0.060000000000002274,0.08846581260577613,-0.11566666666666947,0,0,2025,Qatar Grand Prix,2025_Qatar Grand Prix
BEA,28,0 days 00:01:27.698000,MEDIUM,21.0,True,0 days 01:42:34.742000,10,0 days 00:00:32.268000,0 days 00:00:30.086000,0 days 00:00:25.344000,1,87.698,6154.742,0.9250000000001819,False,True,False,21.0,0.0,0.0,0.0,0.0,32.268,30.086,25.344,0,0,0,0.0,87.4136,0.17451446931414044,1.6296642972798285,0,0,87.437,87.255,-0.18200000000000216,0.24099999999999966,0.2609999999999957,0.08033333333333322,0.0,0.21499999999999986,0.06640933669296951,0.08033333333333322,0,1,2025,Qatar Grand Prix,2025_Qatar Grand Prix
BEA,29,0 days 00:01:27.255000,MEDIUM,22.0,True,0 days 01:44:01.997000,10,0 days 00:00:32.218000,0 days 00:00:29.993000,0 days 00:00:25.044000,1,87.255,6241.997,1.2719999999999345,False,True,False,22.0,0.0,0.0,0.0,0.0,32.218,29.993,25.044,0,0,0,0.0,87.4256,0.1946979712272172,-0.8762289556726461,0,0,87.698,87.04,-0.657999999999987,0.5019999999999953,-0.44299999999999784,0.06399999999999768,0.0,-0.08500000000000085,0.09314504817756064,0.06399999999999768,0,0,2025,Qatar Grand Prix,2025_Qatar Grand Prix
BEA,30,0 days 00:01:27.040000,MEDIUM,23.0,True,0 days 01:45:29.037000,10,0 days 00:00:32.162000,0 days 00:00:29.803000,0 days 00:00:25.075000,1,87.04,6329.037,1.238999999999578,False,True,False,23.0,0.0,0.0,0.0,0.0,32.162,29.803,25.075,0,0,0,0.0,87.4374,0.17841048175483987,-2.227447603364873,1,0,87.255,86.817,-0.4380000000000024,0.0,-0.2149999999999892,-0.012000000000000455,0.0,0.030999999999998806,0.11235123497318629,-0.012000000000000455,0,0,2025,Qatar Grand Prix,2025_Qatar Grand Prix
BEA,31,0 days 00:01:26.817000,MEDIUM,24.0,True,0 days 01:46:55.854000,10,0 days 00:00:32.168000,0 days 00:00:29.672000,0 days 00:00:24.977000,1,86.817,6415.854,1.2379999999993743,False,True,False,24.0,0.0,0.0,0.0,0.0,32.168,29.672,24.977,0,0,0,0.0,87.3442,0.24347012137014384,-2.1653581023952984,1,1,87.04,84.93,-2.1099999999999994,0.0,-0.2230000000000132,-0.13233333333333044,0.0,-0.06700000000000017,0.11460279228709983,-0.13233333333333044,0,0,2025,Qatar Grand Prix,2025_Qatar Grand Prix
BEA,34,0 days 00:01:24.930000,HARD,2.0,True,0 days 01:51:56.903000,18,0 days 00:00:31.425000,0 days 00:00:28.885000,0 days 00:00:24.620000,1,84.93,6716.903,2.4349999999994907,True,False,False,2.0,0.0,0.0,0.0,0.0,31.425,28.885,24.62,0,0,0,0.0,87.24940000000001,0.3417913105975539,-6.786012189557989,1,1,86.817,85.533,-1.2839999999999918,0.0,-1.8869999999999862,-0.29366666666666674,0.0,-0.3569999999999993,0.12016322232696693,-0.29366666666666674,0,0,2025,Qatar Grand Prix,2025_Qatar Grand Prix
BEA,35,0 days 00:01:25.533000,HARD,3.0,True,0 days 01:53:22.436000,18,0 days 00:00:31.854000,0 days 00:00:29.011000,0 days 00:00:24.668000,1,85.533,6802.436,2.691000000000713,True,False,False,3.0,0.0,0.0,0.0,0.0,31.854,29.011,24.668,0,0,0,0.0,86.748,1.0670869224200876,-1.1386138977736302,0,1,84.93,85.581,0.6509999999999962,0.0,0.6029999999999944,-0.7749999999999962,0.0,0.047999999999998266,0.20767474569624456,-0.7749999999999962,0,0,2025,Qatar Grand Prix,2025_Qatar Grand Prix
BEA,36,0 days 00:01:25.581000,HARD,4.0,True,0 days 01:54:48.017000,18,0 days 00:00:31.419000,0 days 00:00:29.312000,0 days 00:00:24.850000,1,85.581,6888.017,2.8209999999999127,True,False,False,4.0,0.0,0.0,0.0,0.0,31.419,29.312,24.85,0,0,0,0.0,86.31500000000001,1.0235939136200307,-0.7170812469997528,0,0,85.533,85.451,-0.08200000000000784,0.6029999999999944,0.04800000000000182,-0.502333333333335,0.0,0.23000000000000043,0.16236378906640397,-0.502333333333335,0,0,2025,Qatar Grand Prix,2025_Qatar Grand Prix
BEA,37,0 days 00:01:25.451000,HARD,5.0,True,0 days 01:56:13.468000,18,0 days 00:00:31.672000,0 days 00:00:29.092000,0 days 00:00:24.687000,1,85.451,6973.468,3.0650000000005093,True,False,False,5.0,0.0,0.0,0.0,0.0,31.672,29.092,24.687,0,0,0,0.0,85.9802,0.9063220729961128,-0.5838983908342622,0,0,85.581,85.577,-0.0040000000000048885,0.6509999999999962,-0.13000000000000966,-0.41199999999999665,0.0,0.06700000000000017,0.21532417421181452,-0.41199999999999665,0,0,2025,Qatar Grand Prix,2025_Qatar Grand Prix
BEA,38,0 days 00:01:25.577000,HARD,6.0,True,0 days 01:57:39.045000,18,0 days 00:00:31.643000,0 days 00:00:29.248000,0 days 00:00:24.686000,1,85.577,7059.045,3.207999999999629,True,False,False,6.0,0.0,0.0,0.0,0.0,31.643,29.248,24.686,0,0,0,0.0,85.6624,0.6959833331337508,-0.12270408777676182,0,0,85.451,85.337,-0.11399999999999011,0.5209999999999866,0.12600000000000477,0.1736666666666622,0.0,0.018000000000000682,0.21816438756130638,0.1736666666666622,0,0,2025,Qatar Grand Prix,2025_Qatar Grand Prix
BOR,2,0 days 00:01:29.881000,MEDIUM,2.0,True,0 days 01:01:49.810000,19,0 days 00:00:33.686000,0 days 00:00:30.300000,0 days 00:00:25.895000,1,89.881,3709.81,1.1350000000002183,False,True,False,2.0,0.0,0.0,0.0,0.0,33.686,30.3,25.895,0,0,0,0.0,85.4958,0.10303009269125428,42.5623221862076,0,0,89.881,88.921,-0.9599999999999937,4.543999999999997,0.0,-0.08133333333333326,0.0,1.25,0.10119436743218496,0.0,0,0,2025,Qatar Grand Prix,2025_Qatar Grand Prix
BOR,3,0 days 00:01:28.921000,MEDIUM,3.0,True,0 days 01:03:18.731000,19,0 days 00:00:32.740000,0 days 00:00:30.292000,0 days 00:00:25.889000,1,88.921,3798.731,0.8969999999999345,False,True,False,3.0,0.0,0.0,0.0,0.0,32.74,30.292,25.889,0,0,0,0.0,,,0.0,0,0,89.881,88.869,-1.0120000000000005,0.0,-0.9599999999999937,0.0,0.0,0.0,0.0,0.0,0,1,2025,Qatar Grand Prix,2025_Qatar Grand Prix
BOR,4,0 days 00:01:28.869000,MEDIUM,4.0,True,0 days 01:04:47.600000,19,0 days 00:00:32.736000,0 days 00:00:30.329000,0 days 00:00:25.804000,1,88.869,3887.6,0.7860000000000582,False,True,False,4.0,0.0,0.0,0.0,0.0,32.736,30.329,25.804,0,0,0,0.0,,,0.0,0,0,88.921,88.669,-0.25200000000000955,0.0,-0.05200000000000671,-0.4799999999999969,0.0,-0.08500000000000085,0.0,0.0,0,1,2025,Qatar Grand Prix,2025_Qatar Grand Prix
BOR,5,0 days 00:01:28.669000,MEDIUM,5.0,True,0 days 01:06:16.269000,19,0 days 00:00:32.680000,0 days 00:00:30.324000,0 days 00:00:25.665000,1,88.669,3976.269,1.0070000000000618,False,True,False,5.0,0.0,0.0,0.0,0.0,32.68,30.324,25.665,0,0,0,0.0,89.22366666666666,0.5698608017168206,-0.9733371114412803,0,0,88.869,88.605,-0.2639999999999958,0.0,-0.20000000000000284,-0.3373333333333335,0.0,-0.13899999999999935,0.7474345010322535,-0.5060000000000002,0,0,2025,Qatar Grand Prix,2025_Qatar Grand Prix
BOR,6,0 days 00:01:28.605000,MEDIUM,6.0,True,0 days 01:07:44.874000,19,0 days 00:00:32.697000,0 days 00:00:30.237000,0 days 00:00:25.671000,1,88.605,4064.874,1.268000000000029,False,True,False,6.0,0.0,0.0,0.0,0.0,32.697,30.237,25.671,0,0,0,0.0,89.08500000000001,0.5416714871580433,-0.8861459600142375,0,0,88.669,88.925,0.2560000000000002,0.0,-0.06399999999999295,-0.4040000000000011,0.0,0.006000000000000227,0.6647999699157634,-0.4040000000000011,0,0,2025,Qatar Grand Prix,2025_Qatar Grand Prix
BOR,11,0 days 00:01:28.925000,MEDIUM,4.0,True,0 days 01:17:49.118000,15,0 days 00:00:33.354000,0 days 00:00:30.070000,0 days 00:00:25.501000,1,88.925,4669.118,0.6999999999998181,False,True,False,4.0,0.0,0.0,0.0,0.0,33.354,30.07,25.501,0,0,0,0.0,88.989,0.5158837078257125,-0.12405896722295617,0,0,88.605,88.373,-0.23199999999999932,0.0,0.3199999999999932,-0.10533333333333417,0.0,-0.16399999999999793,0.5865315848272793,-0.10533333333333417,0,1,2025,Qatar Grand Prix,2025_Qatar Grand Prix
BOR,12,0 days 00:01:28.373000,MEDIUM,5.0,True,0 days 01:19:17.491000,15,0 days 00:00:32.899000,0 days 00:00:30.009000,0 days 00:00:25.465000,1,88.373,4757.491,0.7770000000000437,False,True,False,5.0,0.0,0.0,0.0,0.0,32.899,30.009,25.465,0,0,0,0.0,88.7978,0.150157250907196,-2.829034212024408,1,0,88.925,88.247,-0.6779999999999973,0.3199999999999932,-0.5519999999999925,0.018666666666665794,0.0,-0.036000000000001364,0.07793138007247062,0.018666666666665794,0,1,2025,Qatar Grand Prix,2025_Qatar Grand Prix
BOR,13,0 days 00:01:28.247000,MEDIUM,6.0,True,0 days 01:20:45.738000,15,0 days 00:00:32.545000,0 days 00:00:30.069000,0 days 00:00:25.633000,1,88.247,4845.738,0.6660000000001673,False,True,False,6.0,0.0,0.0,0.0,0.0,32.545,30.069,25.633,0,0,0,0.0,88.6882,0.2210230757183686,-1.9961716602033877,1,1,88.373,87.914,-0.4590000000000032,0.0,-0.12600000000000477,-0.09866666666666409,0.0,0.16799999999999926,0.07040809612537358,-0.09866666666666409,0,1,2025,Qatar Grand Prix,2025_Qatar Grand Prix
BOR,14,0 days 00:01:27.914000,MEDIUM,7.0,True,0 days 01:22:13.652000,15,0 days 00:00:32.264000,0 days 00:00:30.128000,0 days 00:00:25.522000,1,87.914,4933.652,0.8189999999995052,False,True,False,7.0,0.0,0.0,0.0,0.0,32.264,30.128,25.522,0,0,0,0.0,88.5638,0.26457361924426925,-2.4560271800948796,1,1,88.247,87.805,-0.44199999999999307,0.0,-0.3329999999999984,-0.11933333333333469,0.0,0.05699999999999861,0.1325971342073415,-0.11933333333333469,0,1,2025,Qatar Grand Prix,2025_Qatar Grand Prix
BOR,15,0 days 00:01:27.805000,MEDIUM,8.0,True,0 days 01:23:41.457000,15,0 days 00:00:32.238000,0 days 00:00:30.083000,0 days 00:00:25.484000,1,87.805,5021.457,0.7919999999994616,False,True,False,8.0,0.0,0.0,0.0,0.0,32.238,30.083,25.484,0,0,0,0.0,88.41279999999999,0.3798568151290932,-1.6000765967392852,1,1,87.914,87.729,-0.18500000000000227,0.0,-0.10899999999999466,-0.3369999999999986,0.0,0.019000000000001904,0.12197212796372674,-0.3369999999999986,0,1,2025,Qatar Grand Prix,2025_Qatar Grand Prix
BOR,16,0 days 00:01:27.729000,MEDIUM,9.0,True,0 days 01:25:09.186000,15,0 days 00:00:32.302000,0 days 00:00:29.988000,0 days 00:00:25.439000,1,87.729,5109.186,0.8450000000002547,False,True,False,9.0,0.0,0.0,0.0,0.0,32.302,29.988,25.439,0,0,0,0.0,88.25280000000001,0.44205339044058983,-1.184924742864075,0,1,87.805,87.744,-0.06100000000000705,0.0,-0.07600000000000762,-0.1893333333333326,0.0,-0.045000000000001705,0.12210528244101376,-0.1893333333333326,0,1,2025,Qatar Grand Prix,2025_Qatar Grand Prix
BOR,17,0 days 00:01:27.744000,MEDIUM,10.0,True,0 days 01:26:36.930000,15,0 days 00:00:32.178000,0 days 00:00:30.132000,0 days 00:00:25.434000,1,87.744,5196.93,0.7849999999998545,False,True,False,10.0,0.0,0.0,0.0,0.0,32.178,30.132,25.434,0,0,0,0.0,88.0136,0.28199077999116856,-0.9560596272276716,0,0,87.729,87.465,-0.2639999999999958,0.0,0.015000000000000568,-0.17266666666666688,0.0,-0.004999999999999005,0.08637302819746456,-0.17266666666666688,0,1,2025,Qatar Grand Prix,2025_Qatar Grand Prix
BOR,18,0 days 00:01:27.465000,MEDIUM,11.0,True,0 days 01:28:04.395000,15,0 days 00:00:32.050000,0 days 00:00:30.077000,0 days 00:00:25.338000,1,87.465,5284.395,0.8489999999992506,False,True,False,11.0,0.0,0.0,0.0,0.0,32.05,30.077,25.338,0,0,0,0.0,87.8878,0.2135783228701595,-1.9796016483237753,1,0,87.744,87.773,0.028999999999996362,0.015000000000000568,-0.27899999999999636,-0.05666666666666723,0.0,-0.09600000000000009,0.08117388742693026,-0.05666666666666723,0,1,2025,Qatar Grand Prix,2025_Qatar Grand Prix
BOR,19,0 days 00:01:27.773000,MEDIUM,12.0,True,0 days 01:29:32.168000,15,0 days 00:00:32.145000,0 days 00:00:30.126000,0 days 00:00:25.502000,1,87.773,5372.168,0.761000000000422,False,True,False,12.0,0.0,0.0,0.0,0.0,32.145,30.126,25.502,0,0,0,0.0,87.73140000000001,0.16575071643897712,0.25097930732205187,0,1,87.465,87.704,0.2389999999999901,0.0,0.3079999999999927,-0.11333333333333447,0.0,0.16399999999999793,0.058940648113165406,-0.11333333333333447,0,1,2025,Qatar Grand Prix,2025_Qatar Grand Prix
BOR,20,0 days 00:01:27.704000,MEDIUM,13.0,True,0 days 01:30:59.872000,15,0 days 00:00:32.009000,0 days 00:00:30.277000,0 days 00:00:25.418000,1,87.704,5459.872,0.7569999999996071,False,True,False,13.0,0.0,0.0,0.0,0.0,32.009,30.277,25.418,0,0,0,0.0,87.70320000000001,0.13629453400644687,0.0058696411108172825,0,0,87.773,87.562,-0.21099999999999852,0.3079999999999927,-0.06900000000000261,0.014666666666665643,0.0,0.0799999999999983,0.09778701345270682,0.014666666666665643,0,1,2025,Qatar Grand Prix,2025_Qatar Grand Prix
BOR,21,0 days 00:01:27.562000,MEDIUM,14.0,True,0 days 01:32:27.434000,15,0 days 00:00:32.144000,0 days 00:00:30.152000,0 days 00:00:25.266000,1,87.562,5547.434,0.8319999999994252,False,True,False,14.0,0.0,0.0,0.0,0.0,32.144,30.152,25.266,0,0,0,0.0,87.683,0.12440056269983012,-0.9726644106262918,0,0,87.704,87.864,0.1600000000000108,0.2389999999999901,-0.1419999999999959,-0.013333333333335418,0.0,-0.07200000000000273,0.10324872880573309,-0.013333333333335418,0,1,2025,Qatar Grand Prix,2025_Qatar Grand Prix
BOR,22,0 days 00:01:27.864000,MEDIUM,15.0,True,0 days 01:33:55.298000,15,0 days 00:00:32.205000,0 days 00:00:30.320000,0 days 00:00:25.339000,1,87.864,5635.298,0.7190000000000509,False,True,False,15.0,0.0,0.0,0.0,0.0,32.205,30.32,25.339,0,0,0,0.0,87.6496,0.13119565541600484,1.6342004567160582,0,0,87.562,87.577,0.015000000000000568,0.0969999999999942,0.3020000000000067,0.0323333333333314,0.0,0.0730000000000004,0.10806572074436867,0.0323333333333314,0,1,2025,Qatar Grand Prix,2025_Qatar Grand Prix
BOR,23,0 days 00:01:27.577000,MEDIUM,16.0,True,0 days 01:35:22.875000,15,0 days 00:00:32.141000,0 days 00:00:30.201000,0 days 00:00:25.235000,1,87.577,5722.875,0.831000000000131,False,True,False,16.0,0.0,0.0,0.0,0.0,32.141,30.201,25.235,0,0,0,0.0,87.6736,0.16048769423240894,-0.6019153085974595,0,0,87.864,88.015,0.15099999999999625,0.3990000000000009,-0.28700000000000614,0.03033333333333606,0.0,-0.030999999999998806,0.11020979992722944,0.03033333333333606,0,1,2025,Qatar Grand Prix,2025_Qatar Grand Prix
BOR,24,0 days 00:01:28.015000,MEDIUM,17.0,True,0 days 01:36:50.890000,15,0 days 00:00:32.380000,0 days 00:00:30.207000,0 days 00:00:25.428000,1,88.015,5810.89,1.9069999999992433,False,True,False,17.0,0.0,0.0,0.0,0.0,32.38,30.207,25.428,0,0,0,0.0,87.696,0.12877693892943343,2.4771515975760745,0,0,87.577,87.582,0.0049999999999954525,0.015000000000000568,0.4380000000000024,-0.04233333333333178,0.0,0.1930000000000014,0.09435412020680355,-0.04233333333333178,0,0,2025,Qatar Grand Prix,2025_Qatar Grand Prix
BOR,25,0 days 00:01:27.582000,MEDIUM,18.0,True,0 days 01:38:18.472000,15,0 days 00:00:32.118000,0 days 00:00:30.117000,0 days 00:00:25.347000,1,87.582,5898.472,1.7449999999998909,False,True,False,18.0,0.0,0.0,0.0,0.0,32.118,30.117,25.347,0,0,0,0.0,87.7444,0.1939414860210043,-0.8373659670856441,0,0,88.015,87.896,-0.11899999999999977,0.45300000000000296,-0.43300000000000693,0.151000000000001,0.0,0.11200000000000188,0.10405911781290561,0.151000000000001,0,0,2025,Qatar Grand Prix,2025_Qatar Grand Prix
BOR,26,0 days 00:01:27.896000,MEDIUM,19.0,True,0 days 01:39:46.368000,15,0 days 00:00:32.417000,0 days 00:00:29.985000,0 days 00:00:25.494000,1,87.896,5986.368,2.2619999999997162,False,True,False,19.0,0.0,0.0,0.0,0.0,32.417,29.985,25.494,0,0,0,0.0,87.72,0.20749578308976763,0.8482100087974325,0,0,87.582,87.398,-0.1839999999999975,0.01999999999999602,0.31400000000000716,-0.09400000000000357,0.0,0.25900000000000034,0.10740344500992624,-0.09400000000000357,0,0,2025,Qatar Grand Prix,2025_Qatar Grand Prix
BOR,27,0 days 00:01:27.398000,MEDIUM,20.0,True,0 days 01:41:13.766000,15,0 days 00:00:32.221000,0 days 00:00:29.911000,0 days 00:00:25.266000,1,87.398,6073.766,2.2600000000002183,False,True,False,20.0,0.0,0.0,0.0,0.0,32.221,29.911,25.266,0,0,0,0.0,87.7868,0.19743277336864723,-1.969277913520642,1,0,87.896,87.622,-0.2740000000000009,0.3190000000000026,-0.49800000000000466,0.10633333333333421,0.0,-0.08100000000000307,0.11148632203100048,0.10633333333333421,0,0,2025,Qatar Grand Prix,2025_Qatar Grand Prix
BOR,28,0 days 00:01:27.622000,MEDIUM,21.0,True,0 days 01:42:41.388000,15,0 days 00:00:32.360000,0 days 00:00:29.984000,0 days 00:00:25.278000,1,87.622,6161.388,2.0399999999999636,False,True,False,21.0,0.0,0.0,0.0,0.0,32.36,29.984,25.278,0,0,0,0.0,87.69359999999999,0.2538174540886348,-0.2820924993400424,0,1,87.398,87.794,0.3960000000000008,0.0,0.22400000000000375,-0.20566666666666814,0.0,0.012000000000000455,0.14451228321495818,-0.20566666666666814,0,0,2025,Qatar Grand Prix,2025_Qatar Grand Prix
BOR,29,0 days 00:01:27.794000,MEDIUM,22.0,True,0 days 01:44:09.182000,15,0 days 00:00:32.600000,0 days 00:00:29.953000,0 days 00:00:25.241000,1,87.794,6249.182,1.6440000000002328,False,True,False,22.0,0.0,0.0,0.0,0.0,32.6,29.953,25.241,0,0,0,0.0,87.70259999999999,0.24940890120450002,0.3664664715597494,0,0,87.622,87.682,0.060000000000002274,0.22400000000000375,0.17199999999999704,0.013333333333335418,0.0,-0.02499999999999858,0.13654120257270455,0.013333333333335418,0,0,2025,Qatar Grand Prix,2025_Qatar Grand Prix
BOR,30,0 days 00:01:27.682000,MEDIUM,23.0,True,0 days 01:45:36.864000,15,0 days 00:00:32.261000,0 days 00:00:30.018000,0 days 00:00:25.403000,1,87.682,6336.864,1.3200000000006185,False,True,False,23.0,0.0,0.0,0.0,0.0,32.261,30.018,25.403,0,0,0,0.0,87.6584,0.19352725906196264,0.12194664521366319,0,0,87.794,87.179,-0.6149999999999949,0.3960000000000008,-0.11199999999999477,-0.034000000000001286,0.0,0.16199999999999903,0.1337994768300691,-0.034000000000001286,0,0,2025,Qatar Grand Prix,2025_Qatar Grand Prix
BOR,31,0 days 00:01:27.179000,MEDIUM,24.0,True,0 days 01:47:04.043000,15,0 days 00:00:32.209000,0 days 00:00:29.831000,0 days 00:00:25.139000,1,87.179,6424.043,1.3980000000001382,False,True,False,24.0,0.0,0.0,0.0,0.0,32.209,29.831,25.139,0,0,0,0.0,87.6784,0.188766522455744,-2.6455962291569883,1,0,87.682,85.591,-2.091000000000008,0.284000000000006,-0.5030000000000001,0.09466666666666868,0.0,-0.10200000000000031,0.1407739322459954,0.09466666666666868,0,0,2025,Qatar Grand Prix,2025_Qatar Grand Prix
BOR,34,0 days 00:01:25.591000,SOFT,2.0,True,0 days 01:51:49.266000,16,0 days 00:00:31.629000,0 days 00:00:28.957000,0 days 00:00:25.005000,1,85.591,6709.266,2.074000000000524,False,False,True,2.0,0.0,0.0,0.0,0.0,31.629,28.957,25.005,0,0,0,0.0,87.535,0.24584751371539687,-7.907340491758873,1,1,87.179,85.731,-1.4480000000000075,0.0,-1.588000000000008,-0.14766666666666595,0.0,-0.13400000000000034,0.1045786785152691,-0.14766666666666595,0,0,2025,Qatar Grand Prix,2025_Qatar Grand Prix
BOR,35,0 days 00:01:25.731000,SOFT,3.0,True,0 days 01:53:14.997000,15,0 days 00:00:31.792000,0 days 00:00:28.967000,0 days 00:00:24.972000,1,85.731,6794.997,2.844999999999345,False,False,True,3.0,0.0,0.0,0.0,0.0,31.792,28.967,24.972,0,0,0,0.0,87.17360000000001,0.915024753763568,-1.5765693704640087,1,1,85.591,85.722,0.13100000000000023,0.0,0.14000000000000057,-0.7343333333333343,0.0,-0.0329999999999977,0.11603792483494314,-0.7343333333333343,0,0,2025,Qatar Grand Prix,2025_Qatar Grand Prix
BOR,36,0 days 00:01:25.722000,SOFT,4.0,True,0 days 01:54:40.719000,15,0 days 00:00:31.627000,0 days 00:00:29.134000,0 days 00:00:24.961000,1,85.722,6880.719,2.9539999999997235,False,False,True,4.0,0.0,0.0,0.0,0.0,31.627,29.134,24.961,0,0,0,0.0,86.7954,1.0623014167363802,-1.0104476781154295,0,1,85.731,86.228,0.4969999999999999,0.14000000000000057,-0.009000000000000341,-0.6503333333333359,0.0,-0.011000000000002785,0.11492736836802582,-0.6503333333333359,0,0,2025,Qatar Grand Prix,2025_Qatar Grand Prix
BOR,37,0 days 00:01:26.228000,SOFT,5.0,True,0 days 01:56:06.947000,15,0 days 00:00:31.807000,0 days 00:00:29.374000,0 days 00:00:25.047000,1,86.228,6966.947,2.470999999999549,False,False,True,5.0,0.0,0.0,0.0,0.0,31.807,29.374,25.047,0,0,0,0.0,86.381,0.9759976946694954,-0.1567626653583609,0,0,85.722,86.246,0.5240000000000009,0.13100000000000023,0.5060000000000002,-0.4856666666666693,0.0,0.08600000000000207,0.11514034913964731,-0.4856666666666693,0,0,2025,Qatar Grand Prix,2025_Qatar Grand Prix
BOR,38,0 days 00:01:26.246000,SOFT,6.0,True,0 days 01:57:33.193000,15,0 days 00:00:31.750000,0 days 00:00:29.435000,0 days 00:00:25.061000,1,86.246,7053.193,2.1239999999997963,False,False,True,6.0,0.0,0.0,0.0,0.0,31.75,29.435,25.061,0,0,0,0.0,86.09020000000001,0.6554141438817114,0.23771229451542583,0,0,86.228,86.126,-0.10199999999998965,0.6370000000000005,0.018000000000000682,0.21233333333333348,0.0,0.10000000000000142,0.08578869389377652,0.21233333333333348,0,0,2025,Qatar Grand Prix,2025_Qatar Grand Prix
BOR,39,0 days 00:01:26.126000,SOFT,7.0,True,0 days 01:58:59.319000,15,0 days 00:00:31.834000,0 days 00:00:29.309000,0 days 00:00:24.983000,1,86.126,7139.319,1.9459999999999127,False,False,True,7.0,0.0,0.0,0.0,0.0,31.834,29.309,24.983,0,0,0,0.0,85.9036,0.3094192948091834,0.7187657774773223,0,0,86.246,86.028,-0.2179999999999893,0.6550000000000011,-0.11999999999999034,0.17166666666666686,0.0,0.022000000000002018,0.09558922533424008,0.17166666666666686,0,0,2025,Qatar Grand Prix,2025_Qatar Grand Prix
BOR,40,0 days 00:01:26.028000,SOFT,8.0,True,0 days 02:00:25.347000,15,0 days 00:00:31.813000,0 days 00:00:29.347000,0 days 00:00:24.868000,1,86.028,7225.347,2.0709999999999127,False,False,True,8.0,0.0,0.0,0.0,0.0,31.813,29.347,24.868,0,0,0,0.0,86.0106,0.2633719802868266,0.06606625344525878,0,0,86.126,86.139,0.012999999999991019,0.4040000000000106,-0.09799999999999898,0.13466666666667018,0.0,-0.11500000000000199,0.05854656266596739,0.13466666666667018,0,0,2025,Qatar Grand Prix,2025_Qatar Grand Prix
BOR,41,0 days 00:01:26.139000,SOFT,9.0,True,0 days 02:01:51.486000,15,0 days 00:00:31.934000,0 days 00:00:29.370000,0 days 00:00:24.835000,1,86.139,7311.486,2.132999999999811,False,False,True,9.0,0.0,0.0,0.0,0.0,31.934,29.37,24.835,0,0,0,0.0,86.07000000000001,0.21327447104658345,0.32352676652480084,0,0,86.028,85.853,-0.17500000000001137,0.3060000000000116,0.11099999999999,-0.06666666666666288,0.0,-0.0329999999999977,0.08643089725324084,-0.06666666666666288,0,0,2025,Qatar Grand Prix,2025_Qatar Grand Prix
BOR,42,0 days 00:01:25.853000,SOFT,10.0,True,0 days 02:03:17.339000,15,0 days 00:00:31.824000,0 days 00:00:29.318000,0 days 00:00:24.711000,1,85.853,7397.339,2.1350000000002183,False,False,True,10.0,0.0,0.0,0.0,0.0,31.824,29.318,24.711,0,0,0,0.0,86.1534,0.08778268622111379,-3.4220871214095654,1,0,86.139,85.946,-0.19299999999999784,0.11099999999999,-0.28600000000000136,-0.03566666666666644,0.0,-0.12400000000000233,0.08870456583513722,-0.03566666666666644,0,0,2025,Qatar Grand Prix,2025_Qatar Grand Prix
BOR,43,0 days 00:01:25.946000,SOFT,11.0,True,0 days 02:04:43.285000,15,0 days 00:00:31.897000,0 days 00:00:29.283000,0 days 00:00:24.766000,1,85.946,7483.285,1.9859999999998763,False,False,True,11.0,0.0,0.0,0.0,0.0,31.897,29.283,24.766,0,0,0,0.0,86.07839999999999,0.14779479016595592,-0.89583671962537,0,1,85.853,85.911,0.058000000000006935,0.0,0.09300000000000352,-0.09100000000000345,0.0,0.054999999999999716,0.0944378102245086,-0.09100000000000345,0,0,2025,Qatar Grand Prix,2025_Qatar Grand Prix
BOR,44,0 days 00:01:25.911000,SOFT,12.0,True,0 days 02:06:09.196000,15,0 days 00:00:31.855000,0 days 00:00:29.297000,0 days 00:00:24.759000,1,85.911,7569.196,2.423999999999978,False,False,True,12.0,0.0,0.0,0.0,0.0,31.855,29.297,24.759,0,0,0,0.0,86.0184,0.1212571647376011,-0.8857208580821642,0,0,85.946,85.736,-0.20999999999999375,0.09300000000000352,-0.03499999999999659,-0.027333333333335947,0.0,0.04800000000000182,0.07999062445062043,-0.027333333333335947,0,0,2025,Qatar Grand Prix,2025_Qatar Grand Prix
BOR,45,0 days 00:01:25.736000,SOFT,13.0,True,0 days 02:07:34.932000,15,0 days 00:00:31.763000,0 days 00:00:29.300000,0 days 00:00:24.673000,1,85.736,7654.932,2.5529999999998836,False,False,True,13.0,0.0,0.0,0.0,0.0,31.763,29.3,24.673,0,0,0,0.0,85.97540000000001,0.11127129009858165,-2.1514983765165763,1,0,85.911,85.676,-0.23499999999999943,0.058000000000006935,-0.17499999999999716,-0.07599999999999814,0.0,-0.038000000000000256,0.08559614477299905,-0.07599999999999814,0,0,2025,Qatar Grand Prix,2025_Qatar Grand Prix
BOR,46,0 days 00:01:25.676000,SOFT,14.0,True,0 days 02:09:00.608000,15,0 days 00:00:31.776000,0 days 00:00:29.192000,0 days 00:00:24.708000,1,85.676,7740.608,2.769000000000233,False,False,True,14.0,0.0,0.0,0.0,0.0,31.776,29.192,24.708,0,0,0,0.0,85.917,0.14749406767800463,-1.6339640216996965,1,1,85.736,85.94,0.20399999999999352,0.0,-0.060000000000002274,-0.03899999999999674,0.0,0.03500000000000014,0.07339141639183784,-0.03899999999999674,0,0,2025,Qatar Grand Prix,2025_Qatar Grand Prix
BOR,47,0 days 00:01:25.940000,SOFT,15.0,True,0 days 02:10:26.548000,15,0 days 00:00:31.897000,0 days 00:00:29.292000,0 days 00:00:24.751000,1,85.94,7826.548,2.8140000000003056,False,False,True,15.0,0.0,0.0,0.0,0.0,31.897,29.292,24.751,0,0,0,0.0,85.8244,0.11504477389350515,1.0048261740860076,0,1,85.676,85.765,0.08899999999999864,0.0,0.2639999999999958,-0.08999999999999868,0.0,0.07800000000000296,0.07625418021328505,-0.08999999999999868,0,0,2025,Qatar Grand Prix,2025_Qatar Grand Prix
BOR,48,0 days 00:01:25.765000,SOFT,16.0,True,0 days 02:11:52.313000,15,0 days 00:00:31.748000,0 days 00:00:29.334000,0 days 00:00:24.683000,1,85.765,7912.313,2.88799999999992,False,False,True,16.0,0.0,0.0,0.0,0.0,31.748,29.334,24.683,0,0,0,0.0,85.8418,0.12646422419090436,-0.6072863728169647,0,0,85.94,85.815,-0.125,0.2639999999999958,-0.17499999999999716,0.009666666666665455,0.0,0.010000000000001563,0.04400340895885284,0.009666666666665455,0,0,2025,Qatar Grand Prix,2025_Qatar Grand Prix
BOR,49,0 days 00:01:25.815000,SOFT,17.0,True,0 days 02:13:18.128000,15,0 days 00:00:31.854000,0 days 00:00:29.266000,0 days 00:00:24.695000,1,85.815,7998.128,2.798999999999978,False,False,True,17.0,0.0,0.0,0.0,0.0,31.854,29.266,24.695,0,0,0,0.0,85.8056,0.11452205027944662,0.08208026294554067,0,0,85.765,86.061,0.2960000000000065,0.08899999999999864,0.04999999999999716,0.009666666666665455,0.0,0.012000000000000455,0.04364401448079749,0.009666666666665455,0,0,2025,Qatar Grand Prix,2025_Qatar Grand Prix
BOR,50,0 days 00:01:26.061000,SOFT,18.0,True,0 days 02:14:44.189000,14,0 days 00:00:31.899000,0 days 00:00:29.355000,0 days 00:00:24.807000,1,86.061,8084.189,2.420999999999367,False,False,True,18.0,0.0,0.0,0.0,0.0,31.899,29.355,24.807,0,0,0,0.0,85.7864,0.09949522601717445,2.759931415730503,0,0,85.815,86.028,0.21300000000000807,0.1389999999999958,0.24600000000000932,0.04633333333333193,0.0,0.12399999999999878,0.04217582245789707,0.04633333333333193,0,0,2025,Qatar Grand Prix,2025_Qatar Grand Prix
BOR,51,0 days 00:01:26.028000,SOFT,19.0,True,0 days 02:16:10.217000,14,0 days 00:00:31.987000,0 days 00:00:29.330000,0 days 00:00:24.711000,1,86.028,8170.217,2.1640000000006694,False,False,True,19.0,0.0,0.0,0.0,0.0,31.987,29.33,24.711,0,0,0,0.0,85.8514,0.15111022467128815,1.1686833262551737,0,0,86.061,85.98,-0.08100000000000307,0.3850000000000051,-0.03300000000000125,0.04033333333333644,0.0,0.027999999999998693,0.048766791979788074,0.04033333333333644,0,0,2025,Qatar Grand Prix,2025_Qatar Grand Prix
BOR,52,0 days 00:01:25.980000,SOFT,20.0,True,0 days 02:17:36.197000,14,0 days 00:00:31.947000,0 days 00:00:29.368000,0 days 00:00:24.665000,1,85.98,8256.197,1.8279999999995198,False,False,True,20.0,0.0,0.0,0.0,0.0,31.947,29.368,24.665,0,0,0,0.0,85.9218,0.12940131374991953,0.44976359445991754,0,0,86.028,85.788,-0.2400000000000091,0.26300000000000523,-0.04800000000000182,0.0876666666666684,0.0,-0.030000000000001137,0.04946513923967,0.0876666666666684,0,0,2025,Qatar Grand Prix,2025_Qatar Grand Prix
BOR,53,0 days 00:01:25.788000,SOFT,21.0,True,0 days 02:19:01.985000,14,0 days 00:00:31.834000,0 days 00:00:29.272000,0 days 00:00:24.682000,1,85.788,8341.985,2.006999999999607,False,False,True,21.0,0.0,0.0,0.0,0.0,31.834,29.272,24.682,0,0,0,0.0,85.9298,0.1320178018306809,-1.0740975689162642,0,0,85.98,85.233,-0.7469999999999999,0.2150000000000034,-0.19200000000000728,0.05500000000000208,0.0,0.01699999999999946,0.05735154749437827,0.05500000000000208,0,0,2025,Qatar Grand Prix,2025_Qatar Grand Prix
BOR,54,0 days 00:01:25.233000,SOFT,22.0,True,0 days 02:20:27.218000,14,0 days 00:00:31.589000,0 days 00:00:29.072000,0 days 00:00:24.572000,1,85.233,8427.218,2.6849999999994907,False,False,True,22.0,0.0,0.0,0.0,0.0,31.589,29.072,24.572,0,0,0,0.0,85.93440000000001,0.1250571869194447,-5.60863407595928,1,0,85.788,85.673,-0.11499999999999488,0.0,-0.5549999999999926,-0.09100000000000345,0.0,-0.09299999999999997,0.056861234597922215,-0.09100000000000345,0,0,2025,Qatar Grand Prix,2025_Qatar Grand Prix
BOR,55,0 days 00:01:25.673000,SOFT,23.0,True,0 days 02:21:52.891000,13,0 days 00:00:31.849000,0 days 00:00:29.181000,0 days 00:00:24.643000,1,85.673,8512.891,4.434000000001106,False,False,True,23.0,0.0,0.0,0.0,0.0,31.849,29.181,24.643,0,0,0,0.0,85.81800000000001,0.3436997235963504,-0.42187988539176674,0,1,85.233,85.319,0.08599999999999852,0.0,0.4399999999999977,-0.26500000000000057,0.0,0.0710000000000015,0.07996061530528578,-0.26500000000000057,0,0,2025,Qatar Grand Prix,2025_Qatar Grand Prix
BOR,56,0 days 00:01:25.319000,SOFT,24.0,True,0 days 02:23:18.210000,13,0 days 00:00:31.583000,0 days 00:00:29.156000,0 days 00:00:24.580000,1,85.319,8598.21,5.091000000000349,False,False,True,24.0,0.0,0.0,0.0,0.0,31.583,29.156,24.58,0,0,0,0.0,85.7404,0.31795644355824715,-1.3253387642788694,0,0,85.673,86.62,0.9470000000000027,0.4399999999999977,-0.3539999999999992,-0.10233333333333405,0.0,0.007999999999999119,0.06255637457525821,-0.10233333333333405,0,0,2025,Qatar Grand Prix,2025_Qatar Grand Prix
COL,2,0 days 00:01:30.394000,HARD,2.0,True,0 days 01:01:50.945000,20,0 days 00:00:33.628000,0 days 00:00:30.397000,0 days 00:00:26.369000,1,90.394,3710.945,0.0,True,False,False,2.0,0.0,0.0,0.0,0.0,33.628,30.397,26.369,0,0,0,0.0,85.72659999999999,0.5510411055449579,8.470148511668908,0,0,90.394,88.683,-1.7109999999999985,5.161000000000001,0.0,0.4623333333333335,0.0,1.7890000000000015,0.40605516866554026,0.0,0,0,2025,Qatar Grand Prix,2025_Qatar Grand Prix
COL,3,0 days 00:01:28.683000,HARD,3.0,True,0 days 01:03:19.628000,20,0 days 00:00:32.722000,0 days 00:00:30.092000,0 days 00:00:25.869000,1,88.683,3799.628,0.0,True,False,False,3.0,0.0,0.0,0.0,0.0,32.722,30.092,25.869,0,0,0,0.0,,,0.0,0,0,90.394,88.758,-1.63600000000001,0.0,-1.7109999999999985,0.0,0.0,0.0,0.0,0.0,0,0,2025,Qatar Grand Prix,2025_Qatar Grand Prix
COL,4,0 days 00:01:28.758000,HARD,4.0,True,0 days 01:04:48.386000,20,0 days 00:00:32.571000,0 days 00:00:30.194000,0 days 00:00:25.993000,1,88.758,3888.386,0.0,True,False,False,4.0,0.0,0.0,0.0,0.0,32.571,30.194,25.993,0,0,0,0.0,,,0.0,0,0,88.683,88.89,0.20699999999999363,0.0,0.07499999999998863,-0.8554999999999993,0.0,0.12399999999999878,0.0,0.0,0,0,2025,Qatar Grand Prix,2025_Qatar Grand Prix
COL,5,0 days 00:01:28.890000,HARD,5.0,True,0 days 01:06:17.276000,20,0 days 00:00:32.433000,0 days 00:00:30.519000,0 days 00:00:25.938000,1,88.89,3977.276,0.0,True,False,False,5.0,0.0,0.0,0.0,0.0,32.433,30.519,25.938,0,0,0,0.0,89.27833333333335,0.9669231268996153,-0.40161758730346914,0,0,88.758,88.866,0.10800000000000409,0.07499999999998863,0.132000000000005,-0.5453333333333367,0.0,0.06899999999999906,0.9990096762961487,-0.818000000000005,0,0,2025,Qatar Grand Prix,2025_Qatar Grand Prix
COL,6,0 days 00:01:28.866000,HARD,6.0,True,0 days 01:07:46.142000,20,0 days 00:00:32.580000,0 days 00:00:30.326000,0 days 00:00:25.960000,1,88.866,4066.142,0.0,True,False,False,6.0,0.0,0.0,0.0,0.0,32.58,30.326,25.96,0,0,0,0.0,89.18125,0.8130155287569841,-0.3877539712949768,0,0,88.89,89.282,0.3919999999999959,0.20699999999999363,-0.02400000000000091,-0.501333333333335,0.0,0.09100000000000108,0.8638242491000905,-0.501333333333335,0,0,2025,Qatar Grand Prix,2025_Qatar Grand Prix
COL,11,0 days 00:01:29.282000,MEDIUM,4.0,True,0 days 01:17:50.202000,17,0 days 00:00:33.387000,0 days 00:00:30.345000,0 days 00:00:25.550000,1,89.282,4670.202,0.5079999999998108,False,True,False,4.0,0.0,0.0,0.0,0.0,33.387,30.345,25.55,0,0,0,0.0,89.1182,0.7180683811448596,0.2281119797237676,0,0,88.866,88.55,-0.3160000000000025,0.18299999999999272,0.4159999999999968,0.06099999999999758,0.0,-0.3879999999999981,0.7696546628196318,0.06099999999999758,0,1,2025,Qatar Grand Prix,2025_Qatar Grand Prix
COL,12,0 days 00:01:28.550000,MEDIUM,5.0,True,0 days 01:19:18.752000,17,0 days 00:00:33.018000,0 days 00:00:29.997000,0 days 00:00:25.535000,1,88.55,4758.752,0.6719999999995707,False,True,False,5.0,0.0,0.0,0.0,0.0,33.018,29.997,25.535,0,0,0,0.0,88.8958,0.23148693267654707,-1.4938208217704354,0,0,89.282,88.38,-0.902000000000001,0.5989999999999895,-0.7319999999999993,0.17466666666666697,0.0,-0.015000000000000568,0.21023724693783358,0.17466666666666697,0,1,2025,Qatar Grand Prix,2025_Qatar Grand Prix
COL,13,0 days 00:01:28.380000,MEDIUM,6.0,True,0 days 01:20:47.132000,17,0 days 00:00:32.527000,0 days 00:00:30.213000,0 days 00:00:25.640000,1,88.38,4847.132,0.7229999999999563,False,True,False,6.0,0.0,0.0,0.0,0.0,32.527,30.213,25.64,0,0,0,0.0,88.8692,0.26697415605259767,-1.8323871015576192,1,0,88.55,88.167,-0.38299999999999557,0.0,-0.1700000000000017,-0.11333333333333447,0.0,0.10500000000000043,0.20997309351438248,-0.11333333333333447,0,1,2025,Qatar Grand Prix,2025_Qatar Grand Prix
COL,14,0 days 00:01:28.167000,MEDIUM,7.0,True,0 days 01:22:15.299000,17,0 days 00:00:32.465000,0 days 00:00:30.095000,0 days 00:00:25.607000,1,88.167,4935.299,0.8109999999996944,False,True,False,7.0,0.0,0.0,0.0,0.0,32.465,30.095,25.607,0,0,0,0.0,88.7936,0.34766190472928854,-1.8023257408311864,1,1,88.38,88.027,-0.35299999999999443,0.0,-0.21299999999999386,-0.1620000000000014,0.0,0.07199999999999918,0.20677717475582197,-0.1620000000000014,0,1,2025,Qatar Grand Prix,2025_Qatar Grand Prix
COL,15,0 days 00:01:28.027000,MEDIUM,8.0,True,0 days 01:23:43.326000,17,0 days 00:00:32.522000,0 days 00:00:29.971000,0 days 00:00:25.534000,1,88.027,5023.326,0.8530000000000655,False,True,False,8.0,0.0,0.0,0.0,0.0,32.522,29.971,25.534,0,0,0,0.0,88.649,0.4365386580819568,-1.4248451734673728,0,1,88.167,87.879,-0.2879999999999967,0.0,-0.14000000000000057,-0.371666666666665,0.0,-0.0010000000000012221,0.20713160067937425,-0.371666666666665,0,1,2025,Qatar Grand Prix,2025_Qatar Grand Prix
COL,16,0 days 00:01:27.879000,MEDIUM,9.0,True,0 days 01:25:11.205000,17,0 days 00:00:32.412000,0 days 00:00:29.960000,0 days 00:00:25.507000,1,87.879,5111.205,0.9250000000001819,False,True,False,9.0,0.0,0.0,0.0,0.0,32.412,29.96,25.507,0,0,0,0.0,88.4812,0.49022311247022654,-1.228420253311844,0,0,88.027,87.746,-0.2810000000000059,0.0,-0.14799999999999613,-0.17433333333333204,0.0,-0.02699999999999747,0.1979098279520238,-0.17433333333333204,0,1,2025,Qatar Grand Prix,2025_Qatar Grand Prix
COL,17,0 days 00:01:27.746000,MEDIUM,10.0,True,0 days 01:26:38.951000,17,0 days 00:00:32.397000,0 days 00:00:30.034000,0 days 00:00:25.315000,1,87.746,5198.951,0.5850000000000364,False,True,False,10.0,0.0,0.0,0.0,0.0,32.397,30.034,25.315,0,0,0,0.0,88.20060000000001,0.268773696629711,-1.69138574830972,1,0,87.879,87.691,-0.1880000000000024,0.0,-0.13300000000000978,-0.16699999999999685,0.0,-0.19200000000000017,0.058251180245553695,-0.16699999999999685,0,1,2025,Qatar Grand Prix,2025_Qatar Grand Prix
COL,18,0 days 00:01:27.691000,MEDIUM,11.0,True,0 days 01:28:06.642000,17,0 days 00:00:32.472000,0 days 00:00:29.927000,0 days 00:00:25.292000,1,87.691,5286.642,1.0200000000004366,False,True,False,11.0,0.0,0.0,0.0,0.0,32.472,29.927,25.292,0,0,0,0.0,88.0398,0.24711070393652204,-1.4115131171719582,0,1,87.746,87.825,0.07900000000000773,0.0,-0.05499999999999261,-0.1403333333333355,0.0,-0.022999999999999687,0.11557811211470799,-0.1403333333333355,0,0,2025,Qatar Grand Prix,2025_Qatar Grand Prix
COL,19,0 days 00:01:27.825000,MEDIUM,12.0,True,0 days 01:29:34.467000,17,0 days 00:00:32.454000,0 days 00:00:30.024000,0 days 00:00:25.347000,1,87.825,5374.467,1.050000000000182,False,True,False,12.0,0.0,0.0,0.0,0.0,32.454,30.024,25.347,0,0,0,0.0,87.902,0.19700000000001175,-0.390862944162404,0,0,87.691,87.646,-0.045000000000001705,0.0,0.13400000000000034,-0.1119999999999995,0.0,0.054999999999999716,0.09677138006662918,-0.1119999999999995,0,0,2025,Qatar Grand Prix,2025_Qatar Grand Prix
COL,20,0 days 00:01:27.646000,MEDIUM,13.0,True,0 days 01:31:02.113000,17,0 days 00:00:32.299000,0 days 00:00:29.932000,0 days 00:00:25.415000,1,87.646,5462.113,0.8549999999995634,False,True,False,13.0,0.0,0.0,0.0,0.0,32.299,29.932,25.415,0,0,0,0.0,87.8336,0.12994922085185728,-1.4436408219320391,0,0,87.825,87.59,-0.23499999999999943,0.13400000000000034,-0.17900000000000205,-0.018000000000000682,0.0,0.12299999999999756,0.0923027626888818,-0.018000000000000682,0,1,2025,Qatar Grand Prix,2025_Qatar Grand Prix
COL,21,0 days 00:01:27.590000,MEDIUM,14.0,True,0 days 01:32:29.703000,17,0 days 00:00:32.280000,0 days 00:00:29.857000,0 days 00:00:25.453000,1,87.59,5549.703,0.7969999999995707,False,True,False,14.0,0.0,0.0,0.0,0.0,32.28,29.857,25.453,0,0,0,0.0,87.75739999999999,0.09526961740242994,-1.7571184241547795,1,0,87.646,87.612,-0.034000000000006025,0.0,-0.055999999999997385,-0.03333333333333144,0.0,0.1609999999999978,0.11774633752265865,-0.03333333333333144,0,1,2025,Qatar Grand Prix,2025_Qatar Grand Prix
COL,22,0 days 00:01:27.612000,MEDIUM,15.0,True,0 days 01:33:57.315000,17,0 days 00:00:32.226000,0 days 00:00:30.098000,0 days 00:00:25.288000,1,87.612,5637.315,0.9620000000004438,False,True,False,15.0,0.0,0.0,0.0,0.0,32.226,30.098,25.288,0,0,0,0.0,87.6996,0.09060518748948838,-0.9668320592589907,0,1,87.59,87.777,0.1869999999999976,0.0,0.02199999999999136,-0.033666666666666366,0.0,-0.05900000000000105,0.13999357128096906,-0.033666666666666366,0,1,2025,Qatar Grand Prix,2025_Qatar Grand Prix
COL,23,0 days 00:01:27.777000,MEDIUM,16.0,True,0 days 01:35:25.092000,17,0 days 00:00:32.307000,0 days 00:00:30.080000,0 days 00:00:25.390000,1,87.777,5725.092,0.9010000000007494,False,True,False,16.0,0.0,0.0,0.0,0.0,32.307,30.08,25.39,0,0,0,0.0,87.6728,0.09322928724390032,1.1176745321178383,0,0,87.612,87.705,0.09300000000000352,0.02199999999999136,0.16500000000000625,-0.07100000000000269,0.0,0.10200000000000031,0.09337451472430719,-0.07100000000000269,0,1,2025,Qatar Grand Prix,2025_Qatar Grand Prix
COL,24,0 days 00:01:27.705000,MEDIUM,17.0,True,0 days 01:36:52.797000,16,0 days 00:00:32.390000,0 days 00:00:29.951000,0 days 00:00:25.364000,1,87.705,5812.797,0.9720000000006621,False,True,False,17.0,0.0,0.0,0.0,0.0,32.39,29.951,25.364,0,0,0,0.0,87.69000000000001,0.10465896999304802,0.14332264115519897,0,0,87.777,87.42,-0.3569999999999993,0.1869999999999976,-0.07200000000000273,0.04366666666666674,0.0,0.07600000000000051,0.08481627202370985,0.04366666666666674,0,1,2025,Qatar Grand Prix,2025_Qatar Grand Prix
COL,25,0 days 00:01:27.420000,MEDIUM,18.0,True,0 days 01:38:20.217000,16,0 days 00:00:32.220000,0 days 00:00:29.850000,0 days 00:00:25.350000,1,87.42,5900.217,0.8770000000004075,False,True,False,18.0,0.0,0.0,0.0,0.0,32.22,29.85,25.35,0,0,0,0.0,87.666,0.07571987849967417,-3.2488166235112708,1,0,87.705,88.413,0.7079999999999984,0.11499999999999488,-0.2849999999999966,0.03833333333333163,0.0,0.062000000000001165,0.08400773773885328,0.03833333333333163,0,1,2025,Qatar Grand Prix,2025_Qatar Grand Prix
COL,26,0 days 00:01:28.413000,MEDIUM,19.0,True,0 days 01:39:48.630000,16,0 days 00:00:33.041000,0 days 00:00:30.157000,0 days 00:00:25.215000,1,88.413,5988.63,0.6189999999996871,False,True,False,19.0,0.0,0.0,0.0,0.0,33.041,30.157,25.215,0,0,0,0.0,87.6208,0.13493961612515495,5.870774074718262,0,1,87.42,87.396,-0.02400000000000091,0.0,0.992999999999995,-0.06399999999999768,0.0,-0.13500000000000156,0.08067403547610587,-0.06399999999999768,0,1,2025,Qatar Grand Prix,2025_Qatar Grand Prix
COL,27,0 days 00:01:27.396000,MEDIUM,20.0,True,0 days 01:41:16.026000,16,0 days 00:00:32.326000,0 days 00:00:29.857000,0 days 00:00:25.213000,1,87.396,6076.026,1.0140000000001237,False,True,False,20.0,0.0,0.0,0.0,0.0,32.326,29.857,25.213,0,0,0,0.0,87.7854,0.3755000665778982,-1.0370171263850179,0,0,88.413,87.402,-1.0109999999999957,0.992999999999995,-1.016999999999996,0.21199999999999855,0.0,-0.0019999999999988916,0.10162037197334126,0.21199999999999855,0,0,2025,Qatar Grand Prix,2025_Qatar Grand Prix
COL,28,0 days 00:01:27.402000,MEDIUM,21.0,True,0 days 01:42:43.428000,16,0 days 00:00:32.311000,0 days 00:00:29.815000,0 days 00:00:25.276000,1,87.402,6163.428,1.1279999999997017,False,True,False,21.0,0.0,0.0,0.0,0.0,32.311,29.815,25.276,0,0,0,0.0,87.7422,0.4111674841229607,-0.8274000574866911,0,0,87.396,87.398,0.001999999999995339,0.0,0.006000000000000227,-0.10299999999999916,0.0,0.06299999999999883,0.09504104376531324,-0.10299999999999916,0,0,2025,Qatar Grand Prix,2025_Qatar Grand Prix
COL,29,0 days 00:01:27.398000,MEDIUM,22.0,True,0 days 01:44:10.826000,16,0 days 00:00:32.225000,0 days 00:00:29.990000,0 days 00:00:25.183000,1,87.398,6250.826,1.0469999999995707,False,True,False,22.0,0.0,0.0,0.0,0.0,32.225,29.99,25.183,0,0,0,0.0,87.6672,0.43664482133652277,-0.6165193925259567,0,0,87.402,87.358,-0.04399999999999693,0.006000000000000227,-0.0040000000000048885,-0.006000000000000227,0.0,-0.030000000000001137,0.08803238040630362,-0.006000000000000227,0,0,2025,Qatar Grand Prix,2025_Qatar Grand Prix
COL,30,0 days 00:01:27.358000,MEDIUM,23.0,True,0 days 01:45:38.184000,16,0 days 00:00:32.210000,0 days 00:00:29.947000,0 days 00:00:25.201000,1,87.358,6338.184,1.2730000000001382,False,True,False,23.0,0.0,0.0,0.0,0.0,32.21,29.947,25.201,0,0,0,0.0,87.6058,0.4513382323712485,-0.549033922293935,0,0,87.398,87.257,-0.14099999999999113,0.001999999999995339,-0.03999999999999204,-0.33833333333333354,0.0,0.018000000000000682,0.08153097570862344,-0.33833333333333354,0,0,2025,Qatar Grand Prix,2025_Qatar Grand Prix
COL,31,0 days 00:01:27.257000,MEDIUM,24.0,True,0 days 01:47:05.441000,16,0 days 00:00:32.304000,0 days 00:00:29.811000,0 days 00:00:25.142000,1,87.257,6425.441,1.529000000000451,False,True,False,24.0,0.0,0.0,0.0,0.0,32.304,29.811,25.142,0,0,0,0.0,87.5934,0.45851368572813866,-0.7336749381117829,0,0,87.358,85.825,-1.5330000000000013,0.0,-0.10099999999999909,-0.012666666666665568,0.0,-0.04100000000000037,0.07406551154214833,-0.012666666666665568,0,0,2025,Qatar Grand Prix,2025_Qatar Grand Prix
COL,34,0 days 00:01:25.825000,MEDIUM,2.0,True,0 days 01:51:51.340000,17,0 days 00:00:31.965000,0 days 00:00:28.978000,0 days 00:00:24.882000,1,85.825,6711.34,5.563000000000102,False,True,False,2.0,0.0,0.0,0.0,0.0,31.965,28.978,24.882,0,0,0,0.0,87.3622,0.06142637869839884,-25.02507933192011,1,0,87.257,86.502,-0.7550000000000097,0.0,-1.4320000000000022,-0.04833333333333201,0.0,-0.259999999999998,0.041428251230289974,-0.04833333333333201,0,0,2025,Qatar Grand Prix,2025_Qatar Grand Prix
COL,35,0 days 00:01:26.502000,MEDIUM,3.0,True,0 days 01:53:17.842000,16,0 days 00:00:32.039000,0 days 00:00:29.396000,0 days 00:00:25.067000,1,86.502,6797.842,4.594000000000051,False,True,False,3.0,0.0,0.0,0.0,0.0,32.039,29.396,25.067,0,0,0,0.0,87.048,0.6861716257613685,-0.7957192916483116,0,1,85.825,85.831,0.006000000000000227,0.0,0.6769999999999925,-0.5243333333333311,0.0,0.18499999999999872,0.12447288861434756,-0.5243333333333311,0,0,2025,Qatar Grand Prix,2025_Qatar Grand Prix
COL,36,0 days 00:01:25.831000,MEDIUM,4.0,True,0 days 01:54:43.673000,16,0 days 00:00:31.837000,0 days 00:00:29.188000,0 days 00:00:24.806000,1,85.831,6883.673,3.061000000000604,False,True,False,4.0,0.0,0.0,0.0,0.0,31.837,29.188,24.806,0,0,0,0.0,86.86800000000001,0.6881362510433544,-1.5069690027631932,1,0,86.502,85.745,-0.7569999999999908,0.6769999999999925,-0.6709999999999923,-0.28533333333333627,0.0,-0.07600000000000051,0.15925859474452136,-0.28533333333333627,0,0,2025,Qatar Grand Prix,2025_Qatar Grand Prix
COL,37,0 days 00:01:25.745000,MEDIUM,5.0,True,0 days 01:56:09.418000,16,0 days 00:00:31.770000,0 days 00:00:29.215000,0 days 00:00:24.760000,1,85.745,6969.418,2.886000000000422,False,True,False,5.0,0.0,0.0,0.0,0.0,31.77,29.215,24.76,0,0,0,0.0,86.55460000000001,0.7411978818102563,-1.0922859061910508,0,1,85.831,85.899,0.06799999999999784,0.006000000000000227,-0.08599999999999852,-0.475333333333334,0.0,-0.045999999999999375,0.16089655061560426,-0.475333333333334,0,0,2025,Qatar Grand Prix,2025_Qatar Grand Prix
COL,38,0 days 00:01:25.899000,MEDIUM,6.0,True,0 days 01:57:35.317000,16,0 days 00:00:31.791000,0 days 00:00:29.277000,0 days 00:00:24.831000,1,85.899,7055.317,2.530999999999949,False,True,False,6.0,0.0,0.0,0.0,0.0,31.791,29.277,24.831,0,0,0,0.0,86.232,0.6494505369926266,-0.5127411265867952,0,0,85.745,85.948,0.20299999999998875,0.0,0.15399999999999636,-0.0266666666666661,0.0,0.07099999999999795,0.15816858095083133,-0.0266666666666661,0,0,2025,Qatar Grand Prix,2025_Qatar Grand Prix
COL,39,0 days 00:01:25.948000,MEDIUM,7.0,True,0 days 01:59:01.265000,16,0 days 00:00:31.883000,0 days 00:00:29.297000,0 days 00:00:24.768000,1,85.948,7141.265,2.1309999999994034,False,True,False,7.0,0.0,0.0,0.0,0.0,31.883,29.297,24.768,0,0,0,0.0,85.9604,0.3076423247864463,-0.04030654757475697,0,0,85.899,86.153,0.2540000000000049,0.15399999999999636,0.04899999999999238,-0.20099999999999815,0.0,0.007999999999999119,0.16702005867559613,-0.20099999999999815,0,0,2025,Qatar Grand Prix,2025_Qatar Grand Prix
COL,40,0 days 00:01:26.153000,MEDIUM,8.0,True,0 days 02:00:27.418000,16,0 days 00:00:31.868000,0 days 00:00:29.351000,0 days 00:00:24.934000,1,86.153,7227.418,1.5200000000004366,False,True,False,8.0,0.0,0.0,0.0,0.0,31.868,29.351,24.934,0,0,0,0.0,85.985,0.29890215790457114,0.5620568321679458,0,0,85.948,86.201,0.2530000000000001,0.20299999999998875,0.2050000000000125,0.03899999999999674,0.0,0.1739999999999995,0.10391005726107504,0.03899999999999674,0,0,2025,Qatar Grand Prix,2025_Qatar Grand Prix
COL,41,0 days 00:01:26.201000,MEDIUM,9.0,True,0 days 02:01:53.619000,16,0 days 00:00:31.925000,0 days 00:00:29.311000,0 days 00:00:24.965000,1,86.201,7313.619,1.2160000000003492,False,True,False,9.0,0.0,0.0,0.0,0.0,31.925,29.311,24.965,0,0,0,0.0,85.9152,0.1532520799206698,1.86490127995612,0,0,86.153,85.855,-0.2980000000000018,0.40800000000000125,0.04799999999998761,0.13600000000000043,0.0,0.19699999999999918,0.09980080159998693,0.13600000000000043,0,0,2025,Qatar Grand Prix,2025_Qatar Grand Prix
COL,42,0 days 00:01:25.855000,MEDIUM,10.0,True,0 days 02:03:19.474000,16,0 days 00:00:31.925000,0 days 00:00:29.217000,0 days 00:00:24.713000,1,85.855,7399.474,1.225999999999658,False,True,False,10.0,0.0,0.0,0.0,0.0,31.925,29.217,24.713,0,0,0,0.0,85.9892,0.18785419878195667,-0.7143838193138254,0,0,86.201,85.797,-0.40399999999999636,0.45599999999998886,-0.3459999999999894,0.10066666666666417,0.0,-0.054999999999999716,0.10447822739690767,0.10066666666666417,0,0,2025,Qatar Grand Prix,2025_Qatar Grand Prix
COL,43,0 days 00:01:25.797000,MEDIUM,11.0,True,0 days 02:04:45.271000,16,0 days 00:00:31.816000,0 days 00:00:29.240000,0 days 00:00:24.741000,1,85.797,7485.271,1.2280000000000655,False,True,False,11.0,0.0,0.0,0.0,0.0,31.816,29.24,24.741,0,0,0,0.0,86.0112,0.1558146334591556,-1.374710418685768,0,0,85.855,86.349,0.4939999999999998,0.0,-0.058000000000006935,-0.030999999999996437,0.0,0.027999999999998693,0.10724970862431266,-0.030999999999996437,0,0,2025,Qatar Grand Prix,2025_Qatar Grand Prix
COL,44,0 days 00:01:26.349000,MEDIUM,12.0,True,0 days 02:06:11.620000,16,0 days 00:00:32.059000,0 days 00:00:29.384000,0 days 00:00:24.906000,1,86.349,7571.62,1.0039999999999054,False,True,False,12.0,0.0,0.0,0.0,0.0,32.059,29.384,24.906,0,0,0,0.0,85.99080000000001,0.17911225530379027,1.9998631550502088,0,0,85.797,85.865,0.06799999999999784,0.0,0.5520000000000067,-0.11866666666666958,0.0,0.19299999999999784,0.10974652614092155,-0.11866666666666958,0,0,2025,Qatar Grand Prix,2025_Qatar Grand Prix
COL,45,0 days 00:01:25.865000,MEDIUM,13.0,True,0 days 02:07:37.485000,16,0 days 00:00:31.902000,0 days 00:00:29.195000,0 days 00:00:24.768000,1,85.865,7657.485,1.0760000000000218,False,True,False,13.0,0.0,0.0,0.0,0.0,31.902,29.195,24.768,0,0,0,0.0,86.071,0.23592371648482902,-0.873163593170379,0,0,86.349,85.892,-0.45700000000000784,0.5520000000000067,-0.48400000000000887,0.04933333333333678,0.0,0.054999999999999716,0.11453078188853813,0.04933333333333678,0,0,2025,Qatar Grand Prix,2025_Qatar Grand Prix
COL,46,0 days 00:01:25.892000,MEDIUM,14.0,True,0 days 02:09:03.377000,16,0 days 00:00:31.968000,0 days 00:00:29.225000,0 days 00:00:24.699000,1,85.892,7743.377,0.944999999999709,False,True,False,14.0,0.0,0.0,0.0,0.0,31.968,29.225,24.699,0,0,0,0.0,86.01339999999999,0.24584710695879855,-0.49380284153736076,0,0,85.865,85.985,0.12000000000000455,0.06799999999999784,0.027000000000001023,0.0033333333333303017,0.0,-0.04199999999999804,0.1094842454419807,0.0033333333333303017,0,1,2025,Qatar Grand Prix,2025_Qatar Grand Prix
COL,47,0 days 00:01:25.985000,MEDIUM,15.0,True,0 days 02:10:29.362000,16,0 days 00:00:31.922000,0 days 00:00:29.371000,0 days 00:00:24.692000,1,85.985,7829.362,0.9780000000000655,False,True,False,15.0,0.0,0.0,0.0,0.0,31.922,29.371,24.692,0,0,0,0.0,85.9516,0.22483949830936698,0.14855041152086065,0,0,85.892,85.839,-0.05299999999999727,0.09499999999999886,0.09300000000000352,0.03166666666666629,0.0,-0.0070000000000014495,0.09929602207540728,0.03166666666666629,0,1,2025,Qatar Grand Prix,2025_Qatar Grand Prix
COL,48,0 days 00:01:25.839000,MEDIUM,16.0,True,0 days 02:11:55.201000,16,0 days 00:00:31.807000,0 days 00:00:29.305000,0 days 00:00:24.727000,1,85.839,7915.201,0.8999999999996362,False,True,False,16.0,0.0,0.0,0.0,0.0,31.807,29.305,24.727,0,0,0,0.0,85.9776,0.21829750342138587,-0.6349133536926128,0,0,85.985,85.726,-0.25900000000000034,0.1880000000000024,-0.1460000000000008,-0.12133333333333478,0.0,0.03500000000000014,0.09022915271684549,-0.12133333333333478,0,1,2025,Qatar Grand Prix,2025_Qatar Grand Prix
COL,49,0 days 00:01:25.726000,MEDIUM,17.0,True,0 days 02:13:20.927000,16,0 days 00:00:31.771000,0 days 00:00:29.255000,0 days 00:00:24.700000,1,85.726,8000.927,0.8070000000006985,False,True,False,17.0,0.0,0.0,0.0,0.0,31.771,29.255,24.7,0,0,0,0.0,85.986,0.21027125338478922,-1.2364980748186913,0,0,85.839,85.683,-0.1559999999999917,0.0,-0.11299999999999955,-0.008666666666665416,0.0,0.007999999999999119,0.08994553907782095,-0.008666666666665416,0,1,2025,Qatar Grand Prix,2025_Qatar Grand Prix
COL,50,0 days 00:01:25.683000,MEDIUM,18.0,True,0 days 02:14:46.610000,15,0 days 00:00:31.838000,0 days 00:00:29.259000,0 days 00:00:24.586000,1,85.683,8086.61,0.7910000000001673,False,True,False,18.0,0.0,0.0,0.0,0.0,31.838,29.259,24.586,0,0,0,0.0,85.8614,0.09362318089018856,-1.9055109888783126,1,0,85.726,85.771,0.045000000000001705,0.0,-0.042999999999992156,-0.05533333333333227,0.0,-0.10600000000000165,0.03757259639684203,-0.05533333333333227,0,1,2025,Qatar Grand Prix,2025_Qatar Grand Prix
COL,51,0 days 00:01:25.771000,MEDIUM,19.0,True,0 days 02:16:12.381000,15,0 days 00:00:31.853000,0 days 00:00:29.396000,0 days 00:00:24.522000,1,85.771,8172.381,0.7849999999998545,False,True,False,19.0,0.0,0.0,0.0,0.0,31.853,29.396,24.522,0,0,0,0.0,85.825,0.12272937708630567,-0.43999245561254824,0,1,85.683,85.644,-0.03900000000000148,0.0,0.08799999999999386,-0.10066666666666417,0.0,-0.06400000000000006,0.054381062880382025,-0.10066666666666417,0,1,2025,Qatar Grand Prix,2025_Qatar Grand Prix
COL,52,0 days 00:01:25.644000,MEDIUM,20.0,True,0 days 02:17:38.025000,15,0 days 00:00:31.754000,0 days 00:00:29.226000,0 days 00:00:24.664000,1,85.644,8258.025,0.9400000000005093,False,True,False,20.0,0.0,0.0,0.0,0.0,31.754,29.226,24.664,0,0,0,0.0,85.80080000000001,0.11805591895364927,-1.328184146883532,0,0,85.771,85.967,0.19599999999999795,0.08799999999999386,-0.12699999999999534,-0.022666666666665947,0.0,0.142000000000003,0.05718129064650496,-0.022666666666665947,0,1,2025,Qatar Grand Prix,2025_Qatar Grand Prix
COL,53,0 days 00:01:25.967000,MEDIUM,21.0,True,0 days 02:19:03.992000,15,0 days 00:00:31.919000,0 days 00:00:29.250000,0 days 00:00:24.798000,1,85.967,8343.992,0.9539999999997235,False,True,False,21.0,0.0,0.0,0.0,0.0,31.919,29.25,24.798,0,0,0,0.0,85.7326,0.07607430578049745,3.081198015481397,0,0,85.644,85.911,0.2669999999999959,0.0,0.3229999999999933,-0.02733333333333121,0.0,0.2759999999999998,0.09583840566286739,-0.02733333333333121,0,1,2025,Qatar Grand Prix,2025_Qatar Grand Prix
COL,54,0 days 00:01:25.911000,MEDIUM,22.0,True,0 days 02:20:29.903000,15,0 days 00:00:31.783000,0 days 00:00:29.380000,0 days 00:00:24.748000,1,85.911,8429.903,2.013999999999214,False,True,False,22.0,0.0,0.0,0.0,0.0,31.783,29.38,24.748,0,0,0,0.0,85.7582,0.1259908726852308,1.2127862657301132,0,0,85.967,87.422,1.4549999999999983,0.3229999999999933,-0.055999999999997385,0.09466666666666394,0.0,0.22600000000000264,0.15702611247814896,0.09466666666666394,0,0,2025,Qatar Grand Prix,2025_Qatar Grand Prix
COL,55,0 days 00:01:27.422000,MEDIUM,23.0,True,0 days 02:21:57.325000,14,0 days 00:00:33.278000,0 days 00:00:29.412000,0 days 00:00:24.732000,1,87.422,8517.325,0.9099999999998545,False,True,False,23.0,0.0,0.0,0.0,0.0,33.278,29.412,24.732,0,0,0,0.0,85.7952,0.14049982206390219,11.578662350619213,0,0,85.911,85.976,0.06499999999999773,0.2669999999999959,1.5109999999999957,0.046666666666666856,0.0,0.06799999999999784,0.17161934622879907,0.046666666666666856,0,1,2025,Qatar Grand Prix,2025_Qatar Grand Prix
GAS,2,0 days 00:01:29.291000,MEDIUM,2.0,True,0 days 01:01:44.741000,9,0 days 00:00:32.942000,0 days 00:00:29.948000,0 days 00:00:26.401000,1,89.291,3704.741,0.4149999999999636,False,True,False,2.0,0.0,0.0,0.0,0.0,32.942,29.948,26.401,0,0,0,0.0,86.184,0.7051818914294458,4.40595545314121,0,0,89.291,88.388,-0.9029999999999916,3.6469999999999914,0.0,0.0030000000000001137,0.0,1.6690000000000005,0.11252910734561163,0.0,0,1,2025,Qatar Grand Prix,2025_Qatar Grand Prix
GAS,3,0 days 00:01:28.388000,MEDIUM,3.0,True,0 days 01:03:13.129000,9,0 days 00:00:32.786000,0 days 00:00:29.945000,0 days 00:00:25.657000,1,88.388,3793.129,0.3890000000001237,False,True,False,3.0,0.0,0.0,0.0,0.0,32.786,29.945,25.657,0,0,0,0.0,,,0.0,0,0,89.291,88.333,-0.9579999999999984,0.0,-0.9029999999999916,0.0,0.0,0.0,0.0,0.0,0,1,2025,Qatar Grand Prix,2025_Qatar Grand Prix
GAS,4,0 days 00:01:28.333000,MEDIUM,4.0,True,0 days 01:04:41.462000,9,0 days 00:00:32.733000,0 days 00:00:29.959000,0 days 00:00:25.641000,1,88.333,3881.462,0.4580000000000837,False,True,False,4.0,0.0,0.0,0.0,0.0,32.733,29.959,25.641,0,0,0,0.0,,,0.0,0,0,88.388,88.088,-0.30000000000001137,0.0,-0.05500000000000682,-0.4514999999999958,0.0,-0.01600000000000179,0.0,0.0,0,1,2025,Qatar Grand Prix,2025_Qatar Grand Prix
GAS,5,0 days 00:01:28.088000,MEDIUM,5.0,True,0 days 01:06:09.550000,9,0 days 00:00:32.702000,0 days 00:00:30.017000,0 days 00:00:25.369000,1,88.088,3969.55,0.5090000000000146,False,True,False,5.0,0.0,0.0,0.0,0.0,32.702,30.017,25.369,0,0,0,0.0,88.67066666666666,0.5379278142402838,-1.0831688773884451,0,0,88.333,88.26,-0.07299999999999329,0.0,-0.24500000000000455,-0.3193333333333328,0.0,-0.27199999999999847,0.9682494513295639,-0.4789999999999992,0,1,2025,Qatar Grand Prix,2025_Qatar Grand Prix
GAS,6,0 days 00:01:28.260000,MEDIUM,6.0,True,0 days 01:07:37.810000,9,0 days 00:00:32.647000,0 days 00:00:30.025000,0 days 00:00:25.588000,1,88.26,4057.81,0.45499999999992724,False,True,False,6.0,0.0,0.0,0.0,0.0,32.647,30.025,25.588,0,0,0,0.0,88.525,0.5270540769219009,-0.5027947066601828,0,0,88.088,89.849,1.76100000000001,0.0,0.17200000000001125,-0.40100000000000097,0.0,0.2190000000000012,0.8912558087702244,-0.40100000000000097,0,1,2025,Qatar Grand Prix,2025_Qatar Grand Prix
GAS,11,0 days 00:01:29.849000,HARD,4.0,True,0 days 01:17:51.358000,19,0 days 00:00:33.644000,0 days 00:00:30.278000,0 days 00:00:25.927000,1,89.849,4671.358,0.0,True,False,False,4.0,0.0,0.0,0.0,0.0,33.644,30.278,25.927,0,0,0,0.0,88.47200000000001,0.47157661095520453,2.9199921455196973,0,0,88.26,88.678,0.41799999999999216,0.17200000000001125,1.5889999999999986,-0.04266666666666671,0.0,0.5579999999999998,0.7739124627501485,-0.04266666666666671,0,0,2025,Qatar Grand Prix,2025_Qatar Grand Prix
GAS,12,0 days 00:01:28.678000,HARD,5.0,True,0 days 01:19:20.036000,19,0 days 00:00:32.888000,0 days 00:00:30.061000,0 days 00:00:25.729000,1,88.678,4760.036,0.0,True,False,False,5.0,0.0,0.0,0.0,0.0,32.888,30.061,25.729,0,0,0,0.0,88.5836,0.7163506822778939,0.1317790327215359,0,0,89.849,88.815,-1.034000000000006,1.76100000000001,-1.1710000000000065,0.5053333333333351,0.0,0.35999999999999943,0.31054017453463195,0.5053333333333351,0,0,2025,Qatar Grand Prix,2025_Qatar Grand Prix
GAS,13,0 days 00:01:28.815000,HARD,6.0,True,0 days 01:20:48.851000,19,0 days 00:00:33.039000,0 days 00:00:29.853000,0 days 00:00:25.923000,1,88.815,4848.851,0.0,True,False,False,6.0,0.0,0.0,0.0,0.0,33.039,29.853,25.923,0,0,0,0.0,88.6416,0.70824875573488,0.2448292335086149,0,0,88.678,88.262,-0.4159999999999968,0.5900000000000034,0.13700000000000045,0.1966666666666678,0.0,0.3349999999999973,0.3236529004968125,0.1966666666666678,0,0,2025,Qatar Grand Prix,2025_Qatar Grand Prix
GAS,14,0 days 00:01:28.262000,HARD,7.0,True,0 days 01:22:17.113000,19,0 days 00:00:32.419000,0 days 00:00:30.006000,0 days 00:00:25.837000,1,88.262,4937.113,0.0,True,False,False,7.0,0.0,0.0,0.0,0.0,32.419,30.006,25.837,0,0,0,0.0,88.738,0.6882648472790148,-0.6915942342280254,0,0,88.815,88.203,-0.6119999999999948,0.7270000000000039,-0.5529999999999973,0.18499999999999753,0.0,0.10800000000000054,0.31110046608772424,0.18499999999999753,0,0,2025,Qatar Grand Prix,2025_Qatar Grand Prix
GAS,15,0 days 00:01:28.203000,HARD,8.0,True,0 days 01:23:45.316000,19,0 days 00:00:32.491000,0 days 00:00:30.200000,0 days 00:00:25.512000,1,88.203,5025.316,0.0,True,False,False,8.0,0.0,0.0,0.0,0.0,32.491,30.2,25.512,0,0,0,0.0,88.77279999999999,0.6505487683486934,-0.8758759184900561,0,0,88.262,87.845,-0.4170000000000016,0.001999999999995339,-0.0589999999999975,-0.5290000000000011,0.0,-0.21699999999999875,0.16847403360755533,-0.5290000000000011,0,0,2025,Qatar Grand Prix,2025_Qatar Grand Prix
GAS,16,0 days 00:01:27.845000,HARD,9.0,True,0 days 01:25:13.161000,19,0 days 00:00:32.454000,0 days 00:00:29.954000,0 days 00:00:25.437000,1,87.845,5113.161,0.0,True,False,False,9.0,0.0,0.0,0.0,0.0,32.454,29.954,25.437,0,0,0,0.0,88.76140000000001,0.6621769400998502,-1.3839201344912817,0,0,88.203,87.994,-0.20900000000000318,0.0,-0.3580000000000041,-0.15833333333333144,0.0,-0.07499999999999929,0.29588629572861147,-0.15833333333333144,0,0,2025,Qatar Grand Prix,2025_Qatar Grand Prix
GAS,17,0 days 00:01:27.994000,HARD,10.0,True,0 days 01:26:41.155000,19,0 days 00:00:32.604000,0 days 00:00:29.941000,0 days 00:00:25.449000,1,87.994,5201.155,0.0,True,False,False,10.0,0.0,0.0,0.0,0.0,32.604,29.941,25.449,0,0,0,0.0,88.3606,0.38975158755286615,-0.9405991193051382,0,0,87.845,88.081,0.2360000000000042,0.0,0.1490000000000009,-0.323333333333333,0.0,0.012000000000000455,0.25198154694342034,-0.323333333333333,0,0,2025,Qatar Grand Prix,2025_Qatar Grand Prix
GAS,18,0 days 00:01:28.081000,HARD,11.0,True,0 days 01:28:09.236000,19,0 days 00:00:32.637000,0 days 00:00:30.017000,0 days 00:00:25.427000,1,88.081,5289.236,0.0,True,False,False,11.0,0.0,0.0,0.0,0.0,32.637,30.017,25.427,0,0,0,0.0,88.22380000000001,0.3700360793219664,-0.38590831537742765,0,0,87.994,87.683,-0.31099999999999284,0.1490000000000009,0.0870000000000033,-0.08933333333333356,0.0,-0.010000000000001563,0.20702246254935527,-0.08933333333333356,0,0,2025,Qatar Grand Prix,2025_Qatar Grand Prix
GAS,19,0 days 00:01:27.683000,HARD,12.0,True,0 days 01:29:36.919000,19,0 days 00:00:32.367000,0 days 00:00:29.878000,0 days 00:00:25.438000,1,87.683,5376.919,0.0,True,False,False,12.0,0.0,0.0,0.0,0.0,32.367,29.878,25.438,0,0,0,0.0,88.077,0.16645569981219385,-2.3669961463892655,1,0,88.081,87.692,-0.38900000000001,0.2360000000000042,-0.39799999999999613,-0.04066666666666663,0.0,0.010999999999999233,0.12041303916104634,-0.04066666666666663,0,0,2025,Qatar Grand Prix,2025_Qatar Grand Prix
GAS,20,0 days 00:01:27.692000,HARD,13.0,True,0 days 01:31:04.611000,19,0 days 00:00:32.505000,0 days 00:00:29.856000,0 days 00:00:25.331000,1,87.692,5464.611,0.0,True,False,False,13.0,0.0,0.0,0.0,0.0,32.505,29.856,25.331,0,0,0,0.0,87.9612,0.20297339727156963,-1.326282180909817,0,1,87.683,87.701,0.01799999999998647,0.0,0.00899999999998613,-0.05399999999999731,0.0,-0.09600000000000009,0.09683852539149704,-0.05399999999999731,0,0,2025,Qatar Grand Prix,2025_Qatar Grand Prix
GAS,21,0 days 00:01:27.701000,HARD,14.0,True,0 days 01:32:32.312000,19,0 days 00:00:32.375000,0 days 00:00:29.956000,0 days 00:00:25.370000,1,87.701,5552.312,0.0,True,False,False,14.0,0.0,0.0,0.0,0.0,32.375,29.956,25.37,0,0,0,0.0,87.85900000000001,0.17788338876904858,-0.8882223410143804,0,0,87.692,87.731,0.03900000000000148,0.00899999999998613,0.009000000000000341,-0.1006666666666689,0.0,0.03900000000000148,0.05053018899627965,-0.1006666666666689,0,0,2025,Qatar Grand Prix,2025_Qatar Grand Prix
GAS,22,0 days 00:01:27.731000,HARD,15.0,True,0 days 01:34:00.043000,19,0 days 00:00:32.424000,0 days 00:00:29.963000,0 days 00:00:25.344000,1,87.731,5640.043,0.0,True,False,False,15.0,0.0,0.0,0.0,0.0,32.424,29.963,25.344,0,0,0,0.0,87.8302,0.1918272660493302,-0.5171319074864997,0,0,87.701,87.527,-0.17399999999999238,0.01799999999998647,0.030000000000001137,-0.1266666666666699,0.0,0.013000000000001677,0.051756159053776576,-0.1266666666666699,0,0,2025,Qatar Grand Prix,2025_Qatar Grand Prix
GAS,23,0 days 00:01:27.527000,HARD,16.0,True,0 days 01:35:27.570000,19,0 days 00:00:32.399000,0 days 00:00:29.878000,0 days 00:00:25.250000,1,87.527,5727.57,0.0,True,False,False,16.0,0.0,0.0,0.0,0.0,32.399,29.878,25.25,0,0,0,0.0,87.7776,0.17056318477314764,-1.469250239043722,0,0,87.731,87.844,0.11299999999999955,0.04799999999998761,-0.20399999999999352,0.015999999999995868,0.0,-0.08099999999999952,0.05185846121897402,0.015999999999995868,0,0,2025,Qatar Grand Prix,2025_Qatar Grand Prix
GAS,24,0 days 00:01:27.844000,HARD,17.0,True,0 days 01:36:55.414000,18,0 days 00:00:32.456000,0 days 00:00:29.982000,0 days 00:00:25.406000,1,87.844,5815.414,0.0,True,False,False,17.0,0.0,0.0,0.0,0.0,32.456,29.982,25.406,0,0,0,0.0,87.6668,0.08020723159387005,2.209277099816295,0,0,87.527,87.372,-0.15500000000000114,0.0,0.31699999999999307,-0.05499999999999735,0.0,0.1559999999999988,0.061214377396162666,-0.05499999999999735,0,0,2025,Qatar Grand Prix,2025_Qatar Grand Prix
GAS,25,0 days 00:01:27.372000,HARD,18.0,True,0 days 01:38:22.786000,18,0 days 00:00:32.428000,0 days 00:00:29.800000,0 days 00:00:25.144000,1,87.372,5902.786,0.0,True,False,False,18.0,0.0,0.0,0.0,0.0,32.428,29.8,25.144,0,0,0,0.0,87.69899999999998,0.11367277598419784,-2.876678229846711,1,0,87.844,88.017,0.17300000000000182,0.31699999999999307,-0.4719999999999942,0.04766666666666689,0.0,-0.10600000000000165,0.10199362725190093,0.04766666666666689,0,0,2025,Qatar Grand Prix,2025_Qatar Grand Prix
GAS,26,0 days 00:01:28.017000,HARD,19.0,True,0 days 01:39:50.803000,18,0 days 00:00:32.468000,0 days 00:00:30.121000,0 days 00:00:25.428000,1,88.017,5990.803,18.88299999999981,True,False,False,19.0,0.0,0.0,0.0,0.0,32.468,30.121,25.428,0,0,0,0.0,87.635,0.18579962325029606,2.0559783347105474,0,1,87.372,87.609,0.23699999999999477,0.0,0.644999999999996,-0.11966666666666488,0.0,0.2840000000000025,0.10456433426364745,-0.11966666666666488,0,0,2025,Qatar Grand Prix,2025_Qatar Grand Prix
GAS,27,0 days 00:01:27.609000,HARD,20.0,True,0 days 01:41:18.412000,18,0 days 00:00:32.389000,0 days 00:00:29.954000,0 days 00:00:25.266000,1,87.609,6078.412,17.89800000000014,True,False,False,20.0,0.0,0.0,0.0,0.0,32.389,29.954,25.266,0,0,0,0.0,87.6982,0.2547954081217983,-0.3500848019889179,0,0,88.017,87.523,-0.4939999999999998,0.644999999999996,-0.40800000000000125,0.16333333333333164,0.0,0.12199999999999989,0.1649293788262118,0.16333333333333164,0,0,2025,Qatar Grand Prix,2025_Qatar Grand Prix
GAS,28,0 days 00:01:27.523000,HARD,21.0,True,0 days 01:42:45.935000,18,0 days 00:00:32.344000,0 days 00:00:29.901000,0 days 00:00:25.278000,1,87.523,6165.935,16.85399999999936,True,False,False,21.0,0.0,0.0,0.0,0.0,32.344,29.901,25.278,0,0,0,0.0,87.6738,0.25670352549186626,-0.5874481065698569,0,0,87.609,87.42,-0.18899999999999295,0.23699999999999477,-0.08599999999999852,-0.07833333333333314,0.0,0.13400000000000034,0.16549018097760398,-0.07833333333333314,0,0,2025,Qatar Grand Prix,2025_Qatar Grand Prix
GAS,29,0 days 00:01:27.420000,HARD,22.0,True,0 days 01:44:13.355000,18,0 days 00:00:32.436000,0 days 00:00:29.884000,0 days 00:00:25.100000,1,87.42,6253.355,15.71100000000024,True,False,False,22.0,0.0,0.0,0.0,0.0,32.436,29.884,25.1,0,0,0,0.0,87.673,0.2572809748114961,-0.9833607019927045,0,0,87.523,87.198,-0.32500000000000284,0.15099999999999625,-0.10299999999999443,0.050333333333332085,0.0,-0.16599999999999682,0.1409326080082256,0.050333333333332085,0,0,2025,Qatar Grand Prix,2025_Qatar Grand Prix
GAS,30,0 days 00:01:27.198000,HARD,23.0,True,0 days 01:45:40.553000,18,0 days 00:00:32.186000,0 days 00:00:29.888000,0 days 00:00:25.124000,1,87.198,6340.553,14.837999999999738,True,False,False,23.0,0.0,0.0,0.0,0.0,32.186,29.888,25.124,0,0,0,0.0,87.5882,0.25670352549186354,-1.5200414534718767,1,0,87.42,87.409,-0.01099999999999568,0.04800000000000182,-0.2220000000000084,-0.19899999999999807,0.0,0.023999999999997357,0.18569006435455793,-0.19899999999999807,0,0,2025,Qatar Grand Prix,2025_Qatar Grand Prix
GAS,31,0 days 00:01:27.409000,HARD,24.0,True,0 days 01:47:07.962000,18,0 days 00:00:32.316000,0 days 00:00:29.874000,0 days 00:00:25.219000,1,87.409,6427.962,13.820999999999913,True,False,False,24.0,0.0,0.0,0.0,0.0,32.316,29.874,25.219,0,0,0,0.0,87.55339999999998,0.3012661613921373,-0.47931038564938805,0,1,87.198,85.846,-1.3519999999999897,0.0,0.21100000000001273,-0.13700000000000045,0.0,0.11899999999999977,0.16579143524319867,-0.13700000000000045,0,0,2025,Qatar Grand Prix,2025_Qatar Grand Prix
GAS,34,0 days 00:01:25.846000,MEDIUM,2.0,True,0 days 01:51:59.338000,19,0 days 00:00:31.839000,0 days 00:00:29.133000,0 days 00:00:24.874000,1,85.846,6719.338,0.0,False,True,False,2.0,0.0,0.0,0.0,0.0,31.839,29.133,24.874,0,0,0,0.0,87.4318,0.1541418178170796,-10.28792849635304,1,0,87.409,85.789,-1.6200000000000045,0.21100000000001273,-1.5630000000000024,-0.0379999999999967,0.0,-0.22600000000000264,0.12676277055981178,-0.0379999999999967,0,0,2025,Qatar Grand Prix,2025_Qatar Grand Prix
GAS,35,0 days 00:01:25.789000,MEDIUM,3.0,True,0 days 01:53:25.127000,19,0 days 00:00:31.824000,0 days 00:00:29.149000,0 days 00:00:24.816000,1,85.789,6805.127,0.0,False,True,False,3.0,0.0,0.0,0.0,0.0,31.824,29.149,24.816,0,0,0,0.0,87.0792,0.6994224045596067,-1.8446649572405058,1,1,85.846,85.711,-0.13500000000000512,0.0,-0.05700000000000216,-0.5246666666666661,0.0,-0.05799999999999983,0.16483324907311558,-0.5246666666666661,0,0,2025,Qatar Grand Prix,2025_Qatar Grand Prix
GAS,36,0 days 00:01:25.711000,MEDIUM,4.0,True,0 days 01:54:50.838000,19,0 days 00:00:31.760000,0 days 00:00:29.170000,0 days 00:00:24.781000,1,85.711,6890.838,0.0,False,True,False,4.0,0.0,0.0,0.0,0.0,31.76,29.17,24.781,0,0,0,0.0,86.73240000000001,0.8401001725984407,-1.2158073921599262,0,1,85.789,85.695,-0.0940000000000083,0.0,-0.07800000000000296,-0.46966666666666396,0.0,-0.03500000000000014,0.1395378084964777,-0.46966666666666396,0,0,2025,Qatar Grand Prix,2025_Qatar Grand Prix
GAS,37,0 days 00:01:25.695000,MEDIUM,5.0,True,0 days 01:56:16.533000,19,0 days 00:00:31.794000,0 days 00:00:29.136000,0 days 00:00:24.765000,1,85.695,6976.533,0.0,False,True,False,5.0,0.0,0.0,0.0,0.0,31.794,29.136,24.765,0,0,0,0.0,86.3906,0.8380634224209488,-0.8300087814244468,0,0,85.711,85.72,0.009000000000000341,0.0,-0.016000000000005343,-0.5660000000000025,0.0,-0.015999999999998238,0.12669530378036878,-0.5660000000000025,0,0,2025,Qatar Grand Prix,2025_Qatar Grand Prix
GAS,38,0 days 00:01:25.720000,MEDIUM,6.0,True,0 days 01:57:42.253000,19,0 days 00:00:31.811000,0 days 00:00:29.149000,0 days 00:00:24.760000,1,85.72,7062.253,0.0,False,True,False,6.0,0.0,0.0,0.0,0.0,31.811,29.149,24.76,0,0,0,0.0,86.09,0.739858770306807,-0.5000954436838962,0,0,85.695,85.902,0.20700000000000784,0.0,0.025000000000005684,-0.05033333333333682,0.0,-0.004999999999999005,0.12323838687681699,-0.05033333333333682,0,0,2025,Qatar Grand Prix,2025_Qatar Grand Prix
GAS,39,0 days 00:01:25.902000,MEDIUM,7.0,True,0 days 01:59:08.155000,19,0 days 00:00:31.791000,0 days 00:00:29.259000,0 days 00:00:24.852000,1,85.902,7148.155,0.0,False,True,False,7.0,0.0,0.0,0.0,0.0,31.791,29.259,24.852,0,0,0,0.0,85.75219999999999,0.06355863434558426,2.3568788338892404,0,0,85.72,85.677,-0.042999999999992156,0.025000000000005684,0.18200000000000216,-0.02300000000000087,0.0,0.09199999999999875,0.09058973451777001,-0.02300000000000087,0,0,2025,Qatar Grand Prix,2025_Qatar Grand Prix
GAS,40,0 days 00:01:25.677000,MEDIUM,8.0,True,0 days 02:00:33.832000,18,0 days 00:00:31.698000,0 days 00:00:29.233000,0 days 00:00:24.746000,1,85.677,7233.832,0.0,False,True,False,8.0,0.0,0.0,0.0,0.0,31.698,29.233,24.746,0,0,0,0.0,85.7634,0.08540081966747311,-1.0116998915984063,0,0,85.902,85.63,-0.27200000000000557,0.20700000000000784,-0.22499999999999432,0.0636666666666675,0.0,-0.014000000000002899,0.05752651562540275,0.0636666666666675,0,0,2025,Qatar Grand Prix,2025_Qatar Grand Prix
GAS,41,0 days 00:01:25.630000,MEDIUM,9.0,True,0 days 02:01:59.462000,18,0 days 00:00:31.740000,0 days 00:00:29.241000,0 days 00:00:24.649000,1,85.63,7319.462,0.0,False,True,False,9.0,0.0,0.0,0.0,0.0,31.74,29.241,24.649,0,0,0,0.0,85.741,0.09147950590091199,-1.2133865274724622,0,0,85.677,85.483,-0.19400000000000261,0.0,-0.047000000000011255,-0.005999999999995491,0.0,-0.09699999999999775,0.05017270174108361,-0.005999999999995491,0,0,2025,Qatar Grand Prix,2025_Qatar Grand Prix
GAS,42,0 days 00:01:25.483000,MEDIUM,10.0,True,0 days 02:03:24.945000,18,0 days 00:00:31.754000,0 days 00:00:29.140000,0 days 00:00:24.589000,1,85.483,7404.945,0.0,False,True,False,10.0,0.0,0.0,0.0,0.0,31.754,29.14,24.589,0,0,0,0.0,85.72479999999999,0.10438246979198486,-2.3164809232991583,1,0,85.63,85.459,-0.17099999999999227,0.0,-0.14699999999999136,-0.030000000000001137,0.0,-0.060000000000002274,0.0671379177514437,-0.030000000000001137,0,0,2025,Qatar Grand Prix,2025_Qatar Grand Prix
GAS,43,0 days 00:01:25.459000,MEDIUM,11.0,True,0 days 02:04:50.404000,18,0 days 00:00:31.690000,0 days 00:00:29.185000,0 days 00:00:24.584000,1,85.459,7490.404,0.0,False,True,False,11.0,0.0,0.0,0.0,0.0,31.69,29.185,24.584,0,0,0,0.0,85.6824,0.15180019762791475,-1.47167133831792,0,1,85.483,85.557,0.07399999999999807,0.0,-0.02400000000000091,-0.13966666666666563,0.0,-0.004999999999999005,0.07120884776486465,-0.13966666666666563,0,0,2025,Qatar Grand Prix,2025_Qatar Grand Prix
GAS,44,0 days 00:01:25.557000,MEDIUM,12.0,True,0 days 02:06:15.961000,18,0 days 00:00:31.716000,0 days 00:00:29.241000,0 days 00:00:24.600000,1,85.557,7575.961,0.0,False,True,False,12.0,0.0,0.0,0.0,0.0,31.716,29.241,24.6,0,0,0,0.0,85.6302,0.1782153192064978,-0.4107391010263445,0,0,85.459,85.757,0.2980000000000018,0.0,0.09799999999999898,-0.07266666666666784,0.0,0.01600000000000179,0.07120884776486465,-0.07266666666666784,0,0,2025,Qatar Grand Prix,2025_Qatar Grand Prix
GAS,45,0 days 00:01:25.757000,MEDIUM,13.0,True,0 days 02:07:41.718000,18,0 days 00:00:31.725000,0 days 00:00:29.281000,0 days 00:00:24.751000,1,85.757,7661.718,0.0,False,True,False,13.0,0.0,0.0,0.0,0.0,31.725,29.281,24.751,0,0,0,0.0,85.56120000000001,0.09316759093093657,2.1015891689754462,0,0,85.557,85.641,0.08400000000000318,0.09799999999999898,0.20000000000000284,-0.024333333333331097,0.0,0.1670000000000016,0.0457329203091139,-0.024333333333331097,0,0,2025,Qatar Grand Prix,2025_Qatar Grand Prix
GAS,46,0 days 00:01:25.641000,MEDIUM,14.0,True,0 days 02:09:07.359000,18,0 days 00:00:31.808000,0 days 00:00:29.286000,0 days 00:00:24.547000,1,85.641,7747.359,0.0,False,True,False,14.0,0.0,0.0,0.0,0.0,31.808,29.286,24.547,0,0,0,0.0,85.5772,0.1207981787936972,0.5281536579202912,0,0,85.757,85.519,-0.23799999999999955,0.2980000000000018,-0.11599999999999966,0.09133333333333364,0.0,-0.036999999999999034,0.10135432896526855,0.09133333333333364,0,0,2025,Qatar Grand Prix,2025_Qatar Grand Prix
GAS,47,0 days 00:01:25.519000,MEDIUM,15.0,True,0 days 02:10:32.878000,18,0 days 00:00:31.740000,0 days 00:00:29.202000,0 days 00:00:24.577000,1,85.519,7832.878,0.0,False,True,False,15.0,0.0,0.0,0.0,0.0,31.74,29.202,24.577,0,0,0,0.0,85.5794,0.12209340686488476,-0.4947032075765015,0,0,85.641,85.574,-0.06700000000000728,0.18200000000000216,-0.12199999999999989,0.06066666666666739,0.0,0.030000000000001137,0.08920033632223566,0.06066666666666739,0,0,2025,Qatar Grand Prix,2025_Qatar Grand Prix
GAS,48,0 days 00:01:25.574000,MEDIUM,16.0,True,0 days 02:11:58.452000,18,0 days 00:00:31.698000,0 days 00:00:29.316000,0 days 00:00:24.560000,1,85.574,7918.452,0.0,False,True,False,16.0,0.0,0.0,0.0,0.0,31.698,29.316,24.56,0,0,0,0.0,85.5866,0.1158913284067195,-0.10872254355206443,0,0,85.519,85.594,0.07499999999998863,0.060000000000002274,0.05499999999999261,-0.012666666666665568,0.0,0.012999999999998124,0.07840727007108346,-0.012666666666665568,0,0,2025,Qatar Grand Prix,2025_Qatar Grand Prix
GAS,49,0 days 00:01:25.594000,MEDIUM,17.0,True,0 days 02:13:24.046000,18,0 days 00:00:31.770000,0 days 00:00:29.255000,0 days 00:00:24.569000,1,85.594,8004.046,0.0,False,True,False,17.0,0.0,0.0,0.0,0.0,31.77,29.255,24.569,0,0,0,0.0,85.6096,0.09348154898093047,-0.16687785097772137,0,0,85.574,85.454,-0.12000000000000455,0.05499999999999261,0.01999999999999602,-0.06100000000000231,0.0,0.021999999999998465,0.07654867732364717,-0.06100000000000231,0,0,2025,Qatar Grand Prix,2025_Qatar Grand Prix
GAS,50,0 days 00:01:25.454000,MEDIUM,18.0,True,0 days 02:14:49.500000,17,0 days 00:00:31.696000,0 days 00:00:29.257000,0 days 00:00:24.501000,1,85.454,8089.5,0.0,False,True,False,18.0,0.0,0.0,0.0,0.0,31.696,29.257,24.501,0,0,0,0.0,85.617,0.08966325891843299,-1.817912955275166,1,0,85.594,85.422,-0.17199999999999704,0.07499999999998863,-0.14000000000000057,-0.01566666666667042,0.0,-0.0589999999999975,0.07616757840446213,-0.01566666666667042,0,0,2025,Qatar Grand Prix,2025_Qatar Grand Prix
GAS,51,0 days 00:01:25.422000,MEDIUM,19.0,True,0 days 02:16:14.922000,17,0 days 00:00:31.622000,0 days 00:00:29.258000,0 days 00:00:24.542000,1,85.422,8174.922,11.783000000000357,False,True,False,19.0,0.0,0.0,0.0,0.0,31.622,29.258,24.542,0,0,0,0.0,85.5564,0.07205067660942835,-1.8653537527281485,1,1,85.454,85.421,-0.03299999999998704,0.0,-0.031999999999996476,-0.021666666666670647,0.0,0.04100000000000037,0.03940431448457996,-0.021666666666670647,0,0,2025,Qatar Grand Prix,2025_Qatar Grand Prix
GAS,52,0 days 00:01:25.421000,MEDIUM,20.0,True,0 days 02:17:40.343000,17,0 days 00:00:31.628000,0 days 00:00:29.267000,0 days 00:00:24.526000,1,85.421,8260.343,10.156999999999243,False,True,False,20.0,0.0,0.0,0.0,0.0,31.628,29.267,24.526,0,0,0,0.0,85.51259999999999,0.07429535651625893,-1.2329168913798747,0,1,85.422,87.233,1.811000000000007,0.0,-0.000999999999990564,-0.050666666666667005,0.0,0.02499999999999858,0.039601767637312615,-0.050666666666667005,0,0,2025,Qatar Grand Prix,2025_Qatar Grand Prix
GAS,53,0 days 00:01:27.233000,MEDIUM,21.0,True,0 days 02:19:07.576000,17,0 days 00:00:31.887000,0 days 00:00:30.648000,0 days 00:00:24.698000,1,87.233,8347.576,8.056000000000495,False,True,False,21.0,0.0,0.0,0.0,0.0,31.887,30.648,24.698,0,0,0,0.0,85.493,0.08442156122625769,20.61084839851097,0,0,85.421,85.376,-0.045000000000001705,0.0,1.8119999999999976,-0.057666666666662536,0.0,0.19699999999999918,0.03901025506196642,-0.057666666666662536,0,0,2025,Qatar Grand Prix,2025_Qatar Grand Prix
GAS,54,0 days 00:01:25.376000,MEDIUM,22.0,True,0 days 02:20:32.952000,17,0 days 00:00:31.586000,0 days 00:00:29.232000,0 days 00:00:24.558000,1,85.376,8432.952,11.077000000001135,False,True,False,22.0,0.0,0.0,0.0,0.0,31.586,29.232,24.558,0,0,0,0.0,85.8248,0.7904256448267988,-0.5677953428476302,0,0,87.233,86.051,-1.1820000000000022,1.8119999999999976,-1.8569999999999993,0.5930000000000035,0.0,0.03200000000000003,0.09336059125776586,0.5930000000000035,0,0,2025,Qatar Grand Prix,2025_Qatar Grand Prix
GAS,55,0 days 00:01:26.051000,MEDIUM,23.0,True,0 days 02:21:59.003000,16,0 days 00:00:31.653000,0 days 00:00:29.489000,0 days 00:00:24.909000,1,86.051,8519.003,0.0,False,True,False,23.0,0.0,0.0,0.0,0.0,31.653,29.489,24.909,0,0,0,0.0,85.78119999999998,0.8120558478330552,0.3322431587925515,0,0,85.376,85.956,0.5799999999999983,0.0,0.6749999999999972,-0.015333333333330756,0.0,0.3829999999999991,0.09284503217727705,-0.015333333333330756,0,0,2025,Qatar Grand Prix,2025_Qatar Grand Prix
HAD,2,0 days 00:01:28.632000,MEDIUM,2.0,True,0 days 01:01:43.528000,8,0 days 00:00:33.023000,0 days 00:00:29.748000,0 days 00:00:25.861000,1,88.632,3703.528,1.2130000000001928,False,True,False,2.0,0.0,0.0,0.0,0.0,33.023,29.748,25.861,0,0,0,0.0,86.0074,0.7498615205488584,3.50011292495571,0,0,88.632,88.346,-0.28600000000000136,3.2560000000000002,0.0,-0.425666666666667,0.0,1.3030000000000008,0.15664833226051206,0.0,0,0,2025,Qatar Grand Prix,2025_Qatar Grand Prix
HAD,3,0 days 00:01:28.346000,MEDIUM,3.0,True,0 days 01:03:11.874000,8,0 days 00:00:32.631000,0 days 00:00:29.863000,0 days 00:00:25.852000,1,88.346,3791.874,1.2550000000001091,False,True,False,3.0,0.0,0.0,0.0,0.0,32.631,29.863,25.852,0,0,0,0.0,,,0.0,0,0,88.632,88.01,-0.6219999999999999,0.0,-0.28600000000000136,0.0,0.0,0.0,0.0,0.0,0,0,2025,Qatar Grand Prix,2025_Qatar Grand Prix
HAD,4,0 days 00:01:28.010000,MEDIUM,4.0,True,0 days 01:04:39.884000,8,0 days 00:00:32.600000,0 days 00:00:29.907000,0 days 00:00:25.503000,1,88.01,3879.884,1.5779999999999745,False,True,False,4.0,0.0,0.0,0.0,0.0,32.6,29.907,25.503,0,0,0,0.0,,,0.0,0,0,88.346,88.115,-0.23100000000000875,0.0,-0.3359999999999985,-0.14300000000000068,0.0,-0.3490000000000002,0.0,0.0,0,0,2025,Qatar Grand Prix,2025_Qatar Grand Prix
HAD,5,0 days 00:01:28.115000,MEDIUM,5.0,True,0 days 01:06:07.999000,8,0 days 00:00:32.618000,0 days 00:00:29.903000,0 days 00:00:25.594000,1,88.115,3967.999,1.5510000000003856,False,True,False,5.0,0.0,0.0,0.0,0.0,32.618,29.903,25.594,0,0,0,0.0,88.32933333333334,0.31133476088180917,-0.688433674178482,0,0,88.01,87.917,-0.09300000000000352,0.0,0.10499999999998977,-0.2073333333333333,0.0,0.09100000000000108,0.8707002928677589,-0.31099999999999994,0,0,2025,Qatar Grand Prix,2025_Qatar Grand Prix
HAD,6,0 days 00:01:27.917000,MEDIUM,6.0,True,0 days 01:07:35.916000,8,0 days 00:00:32.456000,0 days 00:00:29.787000,0 days 00:00:25.674000,1,87.917,4055.916,1.893999999999778,False,True,False,6.0,0.0,0.0,0.0,0.0,32.456,29.787,25.674,0,0,0,0.0,88.27575,0.27586998749411107,-1.300431421550192,0,0,88.115,87.769,-0.3459999999999894,0.10499999999998977,-0.1979999999999933,-0.1723333333333367,0.0,0.17099999999999937,0.7199270217644752,-0.1723333333333367,0,0,2025,Qatar Grand Prix,2025_Qatar Grand Prix
HAD,11,0 days 00:01:27.769000,MEDIUM,4.0,True,0 days 01:17:45.137000,7,0 days 00:00:32.561000,0 days 00:00:29.682000,0 days 00:00:25.526000,1,87.769,4665.137,0.5560000000004948,False,True,False,4.0,0.0,0.0,0.0,0.0,32.561,29.682,25.526,0,0,0,0.0,88.204,0.28778203557553994,-1.5115606473837901,1,0,87.917,87.752,-0.16500000000000625,0.0,-0.14799999999999613,-0.14300000000000068,0.0,0.022999999999999687,0.6247801213226941,-0.14300000000000068,0,1,2025,Qatar Grand Prix,2025_Qatar Grand Prix
HAD,12,0 days 00:01:27.752000,MEDIUM,5.0,True,0 days 01:19:12.889000,7,0 days 00:00:32.671000,0 days 00:00:29.640000,0 days 00:00:25.441000,1,87.752,4752.889,0.7319999999999709,False,True,False,5.0,0.0,0.0,0.0,0.0,32.671,29.64,25.441,0,0,0,0.0,88.0314,0.21700299537103684,-1.28753983106217,0,1,87.769,87.714,-0.05500000000000682,0.0,-0.017000000000010118,-0.08033333333333322,0.0,-0.08500000000000085,0.19939458367769186,-0.08033333333333322,0,1,2025,Qatar Grand Prix,2025_Qatar Grand Prix
HAD,13,0 days 00:01:27.714000,MEDIUM,6.0,True,0 days 01:20:40.603000,7,0 days 00:00:32.416000,0 days 00:00:29.795000,0 days 00:00:25.503000,1,87.714,4840.603,0.6369999999997162,False,True,False,6.0,0.0,0.0,0.0,0.0,32.416,29.795,25.503,0,0,0,0.0,87.9126,0.15563193759638203,-1.2760876916860788,0,0,87.752,87.743,-0.009000000000000341,0.0,-0.0379999999999967,-0.12099999999999984,0.0,0.062000000000001165,0.20164126561792872,-0.12099999999999984,0,1,2025,Qatar Grand Prix,2025_Qatar Grand Prix
HAD,14,0 days 00:01:27.743000,MEDIUM,7.0,True,0 days 01:22:08.346000,7,0 days 00:00:32.339000,0 days 00:00:29.712000,0 days 00:00:25.692000,1,87.743,4928.346,0.6290000000008149,False,True,False,7.0,0.0,0.0,0.0,0.0,32.339,29.712,25.692,0,0,0,0.0,87.8534,0.16531575847451893,-0.6678129236966547,0,0,87.714,87.631,-0.08299999999999841,0.0,0.028999999999996362,-0.06766666666666765,0.0,0.2510000000000012,0.09406274501629262,-0.06766666666666765,0,1,2025,Qatar Grand Prix,2025_Qatar Grand Prix
HAD,15,0 days 00:01:27.631000,MEDIUM,8.0,True,0 days 01:23:35.977000,7,0 days 00:00:32.176000,0 days 00:00:29.720000,0 days 00:00:25.735000,1,87.631,5015.977,0.6729999999997744,False,True,False,8.0,0.0,0.0,0.0,0.0,32.176,29.72,25.735,0,0,0,0.0,87.779,0.07967747485963576,-1.8574885845807878,1,0,87.743,87.41,-0.3329999999999984,0.028999999999996362,-0.11199999999999477,-0.008666666666670153,0.0,0.2940000000000005,0.13059785603140725,-0.008666666666670153,0,1,2025,Qatar Grand Prix,2025_Qatar Grand Prix
HAD,16,0 days 00:01:27.410000,MEDIUM,9.0,True,0 days 01:25:03.387000,7,0 days 00:00:32.179000,0 days 00:00:29.732000,0 days 00:00:25.499000,1,87.41,5103.387,0.6000000000003638,False,True,False,9.0,0.0,0.0,0.0,0.0,32.179,29.732,25.499,0,0,0,0.0,87.7218,0.054531642190654775,-5.717781227087989,1,1,87.631,87.476,-0.15500000000000114,0.0,-0.22100000000000364,-0.0403333333333317,0.0,-0.004000000000001336,0.15939730236111346,-0.0403333333333317,0,1,2025,Qatar Grand Prix,2025_Qatar Grand Prix
HAD,17,0 days 00:01:27.476000,MEDIUM,10.0,True,0 days 01:26:30.863000,7,0 days 00:00:32.326000,0 days 00:00:29.664000,0 days 00:00:25.486000,1,87.476,5190.863,0.7469999999993888,False,True,False,10.0,0.0,0.0,0.0,0.0,32.326,29.664,25.486,0,0,0,0.0,87.65,0.14239908707577179,-1.2219179460569132,0,1,87.41,87.427,0.017000000000010118,0.0,0.0660000000000025,-0.10133333333333401,0.0,-0.012999999999998124,0.16344509781575065,-0.10133333333333401,0,1,2025,Qatar Grand Prix,2025_Qatar Grand Prix
HAD,18,0 days 00:01:27.427000,MEDIUM,11.0,True,0 days 01:27:58.290000,7,0 days 00:00:32.196000,0 days 00:00:29.692000,0 days 00:00:25.539000,1,87.427,5278.29,0.7970000000004802,False,True,False,11.0,0.0,0.0,0.0,0.0,32.196,29.692,25.539,0,0,0,0.0,87.59479999999999,0.1464127726669241,-1.1460748740939115,0,0,87.476,87.396,-0.0799999999999983,0.0660000000000025,-0.04899999999999238,-0.08899999999999864,0.0,0.053000000000000824,0.14478086890193773,-0.08899999999999864,0,1,2025,Qatar Grand Prix,2025_Qatar Grand Prix
HAD,19,0 days 00:01:27.396000,MEDIUM,12.0,True,0 days 01:29:25.686000,7,0 days 00:00:32.283000,0 days 00:00:29.748000,0 days 00:00:25.365000,1,87.396,5365.686,0.9369999999998981,False,True,False,12.0,0.0,0.0,0.0,0.0,32.283,29.748,25.365,0,0,0,0.0,87.5374,0.14424042429228712,-0.9803077098100675,0,0,87.427,87.4,-0.027000000000001023,0.017000000000010118,-0.03100000000000591,-0.06799999999999784,0.0,-0.12100000000000222,0.14570415230871112,-0.06799999999999784,0,1,2025,Qatar Grand Prix,2025_Qatar Grand Prix
HAD,20,0 days 00:01:27.400000,MEDIUM,13.0,True,0 days 01:30:53.086000,7,0 days 00:00:32.243000,0 days 00:00:29.794000,0 days 00:00:25.363000,1,87.4,5453.086,0.8059999999995853,False,True,False,13.0,0.0,0.0,0.0,0.0,32.243,29.794,25.363,0,0,0,0.0,87.468,0.09599739579812823,-0.7083525488857451,0,0,87.396,87.355,-0.04099999999999682,0.0,0.0040000000000048885,-0.0046666666666652645,0.0,-0.0019999999999988916,0.15438166989639754,-0.0046666666666652645,0,1,2025,Qatar Grand Prix,2025_Qatar Grand Prix
HAD,21,0 days 00:01:27.355000,MEDIUM,14.0,True,0 days 01:32:20.441000,7,0 days 00:00:32.210000,0 days 00:00:29.727000,0 days 00:00:25.418000,1,87.355,5540.441,0.8640000000004875,False,True,False,14.0,0.0,0.0,0.0,0.0,32.21,29.727,25.418,0,0,0,0.0,87.42179999999999,0.032576064833311616,-2.0505853098523463,1,0,87.4,87.338,-0.06200000000001182,0.0040000000000048885,-0.045000000000001705,-0.025333333333331137,0.0,0.054999999999999716,0.06349251924439744,-0.025333333333331137,0,1,2025,Qatar Grand Prix,2025_Qatar Grand Prix
HAD,22,0 days 00:01:27.338000,MEDIUM,15.0,True,0 days 01:33:47.779000,7,0 days 00:00:32.196000,0 days 00:00:29.725000,0 days 00:00:25.417000,1,87.338,5627.779,0.8319999999994252,False,True,False,15.0,0.0,0.0,0.0,0.0,32.196,29.725,25.417,0,0,0,0.0,87.41080000000001,0.04461726123401402,-1.6316555070062415,1,1,87.355,87.128,-0.22700000000000387,0.0,-0.017000000000010118,-0.02400000000000091,0.0,0.054000000000002046,0.0715737382005451,-0.02400000000000091,0,1,2025,Qatar Grand Prix,2025_Qatar Grand Prix
HAD,23,0 days 00:01:27.128000,MEDIUM,16.0,True,0 days 01:35:14.907000,7,0 days 00:00:32.101000,0 days 00:00:29.695000,0 days 00:00:25.332000,1,87.128,5714.907,0.9229999999997744,False,True,False,16.0,0.0,0.0,0.0,0.0,32.101,29.695,25.332,0,0,0,0.0,87.38320000000002,0.036065218702024664,-7.0760696644739784,1,1,87.338,87.03,-0.3079999999999927,0.0,-0.20999999999999375,-0.019333333333335645,0.0,-0.030999999999998806,0.07597828637183277,-0.019333333333335645,0,1,2025,Qatar Grand Prix,2025_Qatar Grand Prix
HAD,24,0 days 00:01:27.030000,MEDIUM,17.0,True,0 days 01:36:41.937000,7,0 days 00:00:32.080000,0 days 00:00:29.629000,0 days 00:00:25.321000,1,87.03,5801.937,0.8469999999997526,False,True,False,17.0,0.0,0.0,0.0,0.0,32.08,29.629,25.321,0,0,0,0.0,87.3234,0.11239572945635262,-2.6104194653938646,1,1,87.128,87.152,0.02400000000000091,0.0,-0.09799999999999898,-0.09066666666666852,0.0,-0.010999999999999233,0.07270144427726455,-0.09066666666666852,0,1,2025,Qatar Grand Prix,2025_Qatar Grand Prix
HAD,25,0 days 00:01:27.152000,MEDIUM,18.0,True,0 days 01:38:09.089000,7,0 days 00:00:32.138000,0 days 00:00:29.715000,0 days 00:00:25.299000,1,87.152,5889.089,0.9380000000001019,False,True,False,18.0,0.0,0.0,0.0,0.0,32.138,29.715,25.299,0,0,0,0.0,87.25019999999999,0.1616731270187662,-0.6073984082004725,0,1,87.03,87.695,0.664999999999992,0.0,0.12199999999999989,-0.10833333333333428,0.0,-0.022000000000002018,0.03931284777270686,-0.10833333333333428,0,1,2025,Qatar Grand Prix,2025_Qatar Grand Prix
HAD,26,0 days 00:01:27.695000,MEDIUM,19.0,True,0 days 01:39:36.784000,7,0 days 00:00:32.438000,0 days 00:00:29.927000,0 days 00:00:25.330000,1,87.695,5976.784,0.8119999999998981,False,True,False,19.0,0.0,0.0,0.0,0.0,32.438,29.927,25.33,0,0,0,0.0,87.20060000000001,0.1409389938946132,3.5079007330623564,0,0,87.152,86.752,-0.4000000000000057,0.12199999999999989,0.5429999999999922,-0.06199999999999761,0.0,0.030999999999998806,0.042136682356351575,-0.06199999999999761,0,1,2025,Qatar Grand Prix,2025_Qatar Grand Prix
HAD,27,0 days 00:01:26.752000,MEDIUM,20.0,True,0 days 01:41:03.536000,7,0 days 00:00:32.091000,0 days 00:00:29.542000,0 days 00:00:25.119000,1,86.752,6063.536,1.2839999999996508,False,True,False,20.0,0.0,0.0,0.0,0.0,32.091,29.542,25.119,0,0,0,0.0,87.26859999999999,0.26311936454777546,-1.9633674658947273,1,0,87.695,86.714,-0.9809999999999945,0.664999999999992,-0.9429999999999978,0.1889999999999977,0.0,-0.17999999999999972,0.036588249479854396,0.1889999999999977,0,0,2025,Qatar Grand Prix,2025_Qatar Grand Prix
HAD,28,0 days 00:01:26.714000,MEDIUM,21.0,True,0 days 01:42:30.250000,7,0 days 00:00:32.135000,0 days 00:00:29.505000,0 days 00:00:25.074000,1,86.714,6150.25,1.568000000000211,False,True,False,21.0,0.0,0.0,0.0,0.0,32.135,29.505,25.074,0,0,0,0.0,87.1514,0.3428947360342902,-1.275610133473311,0,1,86.752,86.641,-0.11099999999999,0.0,-0.0379999999999967,-0.0926666666666686,0.0,-0.04499999999999815,0.08039465156339673,-0.0926666666666686,0,0,2025,Qatar Grand Prix,2025_Qatar Grand Prix
HAD,29,0 days 00:01:26.641000,MEDIUM,22.0,True,0 days 01:43:56.891000,7,0 days 00:00:32.256000,0 days 00:00:29.468000,0 days 00:00:24.917000,1,86.641,6236.891,1.7820000000001528,False,True,False,22.0,0.0,0.0,0.0,0.0,32.256,29.468,24.917,0,0,0,0.0,87.06859999999999,0.39585325563903595,-1.0801982651619184,0,0,86.714,86.51,-0.20399999999999352,0.0,-0.07299999999999329,-0.1460000000000008,0.0,-0.15700000000000003,0.08013301441977558,-0.1460000000000008,0,0,2025,Qatar Grand Prix,2025_Qatar Grand Prix
HAD,30,0 days 00:01:26.510000,MEDIUM,23.0,True,0 days 01:45:23.401000,7,0 days 00:00:32.278000,0 days 00:00:29.367000,0 days 00:00:24.865000,1,86.51,6323.401,1.9090000000005602,False,True,False,23.0,0.0,0.0,0.0,0.0,32.278,29.367,24.865,0,0,0,0.0,86.99080000000001,0.4409894556562786,-1.0902755016771946,0,0,86.641,86.425,-0.21600000000000819,0.0,-0.13100000000000023,-0.3513333333333293,0.0,-0.052000000000003155,0.09040630508985495,-0.3513333333333293,0,0,2025,Qatar Grand Prix,2025_Qatar Grand Prix
HAD,31,0 days 00:01:26.425000,MEDIUM,24.0,True,0 days 01:46:49.826000,7,0 days 00:00:32.270000,0 days 00:00:29.287000,0 days 00:00:24.868000,1,86.425,6409.826,2.117000000000189,False,True,False,24.0,0.0,0.0,0.0,0.0,32.27,29.287,24.868,0,0,0,0.0,86.86240000000001,0.47450953625824804,-0.9217939083988386,0,0,86.51,85.968,-0.5420000000000016,0.0,-0.08500000000000796,-0.0806666666666634,0.0,0.0030000000000001137,0.08697298431122129,-0.0806666666666634,0,0,2025,Qatar Grand Prix,2025_Qatar Grand Prix
HAD,34,0 days 00:01:25.968000,HARD,2.0,True,0 days 01:51:34.014000,8,0 days 00:00:31.899000,0 days 00:00:29.148000,0 days 00:00:24.921000,1,85.968,6694.014,2.1649999999999636,True,False,False,2.0,0.0,0.0,0.0,0.0,31.899,29.148,24.921,0,0,0,0.0,86.60839999999999,0.13797934628058092,-4.641274344768473,1,0,86.425,85.69,-0.7349999999999994,0.0,-0.45699999999999363,-0.09633333333333383,0.0,0.05600000000000094,0.07847738527754358,-0.09633333333333383,0,0,2025,Qatar Grand Prix,2025_Qatar Grand Prix
HAD,35,0 days 00:01:25.690000,HARD,3.0,True,0 days 01:52:59.704000,7,0 days 00:00:31.899000,0 days 00:00:28.905000,0 days 00:00:24.886000,1,85.69,6779.704,1.748000000000502,True,False,False,3.0,0.0,0.0,0.0,0.0,31.899,28.905,24.886,0,0,0,0.0,86.45160000000001,0.2927085581256787,-2.6019054751142994,1,1,85.968,85.772,-0.19599999999999795,0.0,-0.2780000000000058,-0.22433333333333394,0.0,0.021000000000000796,0.07892718162965214,-0.22433333333333394,0,0,2025,Qatar Grand Prix,2025_Qatar Grand Prix
HAD,36,0 days 00:01:25.772000,HARD,4.0,True,0 days 01:54:25.476000,7,0 days 00:00:31.770000,0 days 00:00:29.063000,0 days 00:00:24.939000,1,85.772,6865.476,1.2730000000001382,True,False,False,4.0,0.0,0.0,0.0,0.0,31.77,29.063,24.939,0,0,0,0.0,86.24680000000001,0.4013037502939794,-1.1831436901653225,0,1,85.69,86.022,0.33200000000000784,0.0,0.08200000000000784,-0.2733333333333358,0.0,0.0710000000000015,0.08308248912978074,-0.2733333333333358,0,0,2025,Qatar Grand Prix,2025_Qatar Grand Prix
HAD,37,0 days 00:01:26.022000,HARD,5.0,True,0 days 01:55:51.498000,7,0 days 00:00:32.010000,0 days 00:00:29.204000,0 days 00:00:24.808000,1,86.022,6951.498,0.5360000000000582,True,False,False,5.0,0.0,0.0,0.0,0.0,32.01,29.204,24.808,0,0,0,0.0,86.07300000000001,0.3752292632511586,-0.13591690466280407,0,0,85.772,85.776,0.003999999999990678,0.08200000000000784,0.25,-0.21766666666666387,0.0,-0.0779999999999994,0.048401446259385666,-0.21766666666666387,0,1,2025,Qatar Grand Prix,2025_Qatar Grand Prix
HAD,38,0 days 00:01:25.776000,HARD,6.0,True,0 days 01:57:17.274000,7,0 days 00:00:31.646000,0 days 00:00:29.146000,0 days 00:00:24.984000,1,85.776,7037.274,0.9009999999998399,True,False,False,6.0,0.0,0.0,0.0,0.0,31.646,29.146,24.984,0,0,0,0.0,85.97540000000001,0.2860031468358424,-0.6971951260188799,0,0,86.022,85.793,-0.2289999999999992,0.33200000000000784,-0.24600000000000932,0.018000000000000682,0.0,0.17600000000000193,0.05840633527281151,0.018000000000000682,0,1,2025,Qatar Grand Prix,2025_Qatar Grand Prix
HAD,39,0 days 00:01:25.793000,HARD,7.0,True,0 days 01:58:43.067000,7,0 days 00:00:31.962000,0 days 00:00:28.977000,0 days 00:00:24.854000,1,85.793,7123.067,0.7280000000000655,True,False,False,7.0,0.0,0.0,0.0,0.0,31.962,28.977,24.854,0,0,0,0.0,85.8456,0.1419253324815707,-0.37061741607565674,0,0,85.776,85.551,-0.22499999999999432,0.08599999999999852,0.017000000000010118,0.028666666666666174,0.0,0.045999999999999375,0.0916171381347405,0.028666666666666174,0,1,2025,Qatar Grand Prix,2025_Qatar Grand Prix
HAD,40,0 days 00:01:25.551000,HARD,8.0,True,0 days 02:00:08.618000,7,0 days 00:00:31.681000,0 days 00:00:29.074000,0 days 00:00:24.796000,1,85.551,7208.618,1.0649999999995998,True,False,False,8.0,0.0,0.0,0.0,0.0,31.681,29.074,24.796,0,0,0,0.0,85.8106,0.12473091036308577,-2.0812804079141936,1,0,85.793,85.866,0.07299999999999329,0.10300000000000864,-0.24200000000000443,0.0070000000000002656,0.0,-0.012000000000000455,0.09154070133006478,0.0070000000000002656,0,0,2025,Qatar Grand Prix,2025_Qatar Grand Prix
HAD,41,0 days 00:01:25.866000,HARD,9.0,True,0 days 02:01:34.484000,6,0 days 00:00:31.673000,0 days 00:00:29.935000,0 days 00:00:24.258000,1,85.866,7294.484,0.6389999999992142,True,False,False,9.0,0.0,0.0,0.0,0.0,31.673,29.935,24.258,0,0,0,0.0,85.7828,0.1667444151988401,0.4989672361787371,0,1,85.551,85.431,-0.12000000000000455,0.0,0.3149999999999977,-0.15700000000000122,0.0,-0.5380000000000003,0.0950252597996983,-0.15700000000000122,0,1,2025,Qatar Grand Prix,2025_Qatar Grand Prix
HAD,42,0 days 00:01:25.431000,HARD,10.0,True,0 days 02:02:59.915000,6,0 days 00:00:32.051000,0 days 00:00:28.745000,0 days 00:00:24.635000,1,85.431,7379.915,1.2780000000002474,True,False,False,10.0,0.0,0.0,0.0,0.0,32.051,28.745,24.635,0,0,0,0.0,85.80160000000001,0.17047961755002747,-2.1738669133936623,1,0,85.866,85.196,-0.6700000000000017,0.3149999999999977,-0.4350000000000023,0.030000000000001137,0.0,0.37700000000000244,0.2719360218875026,0.030000000000001137,0,0,2025,Qatar Grand Prix,2025_Qatar Grand Prix
HAD,43,0 days 00:01:25.196000,HARD,11.0,True,0 days 02:04:25.111000,6,0 days 00:00:31.691000,0 days 00:00:28.725000,0 days 00:00:24.780000,1,85.196,7465.111,1.194999999999709,True,False,False,11.0,0.0,0.0,0.0,0.0,31.691,28.725,24.78,0,0,0,0.0,85.6834,0.18382410070499983,-2.651447759737368,1,1,85.431,85.068,-0.36299999999999955,0.0,-0.23499999999999943,-0.12066666666666966,0.0,0.522000000000002,0.34070837970323054,-0.12066666666666966,0,0,2025,Qatar Grand Prix,2025_Qatar Grand Prix
HAD,44,0 days 00:01:25.068000,HARD,12.0,True,0 days 02:05:50.179000,6,0 days 00:00:31.639000,0 days 00:00:28.763000,0 days 00:00:24.666000,1,85.068,7550.179,1.280999999999949,True,False,False,12.0,0.0,0.0,0.0,0.0,31.639,28.763,24.666,0,0,0,0.0,85.56739999999999,0.27242852273578166,-1.83314138690369,1,1,85.196,84.808,-0.387999999999991,0.0,-0.1280000000000001,-0.11833333333333466,0.0,0.40800000000000125,0.410825997229972,-0.11833333333333466,0,0,2025,Qatar Grand Prix,2025_Qatar Grand Prix
HAD,45,0 days 00:01:24.808000,HARD,13.0,True,0 days 02:07:14.987000,6,0 days 00:00:31.491000,0 days 00:00:28.750000,0 days 00:00:24.567000,1,84.808,7634.987,1.16399999999976,True,False,False,13.0,0.0,0.0,0.0,0.0,31.491,28.75,24.567,0,0,0,0.0,85.4224,0.3123496438288322,-1.9670264145928746,1,1,85.068,84.658,-0.4099999999999966,0.0,-0.2599999999999909,-0.2660000000000006,0.0,-0.06800000000000139,0.4347571736038417,-0.2660000000000006,0,0,2025,Qatar Grand Prix,2025_Qatar Grand Prix
HAD,46,0 days 00:01:24.658000,HARD,14.0,True,0 days 02:08:39.645000,6,0 days 00:00:31.501000,0 days 00:00:28.707000,0 days 00:00:24.450000,1,84.658,7719.645,1.238999999999578,True,False,False,14.0,0.0,0.0,0.0,0.0,31.501,28.707,24.45,0,0,0,0.0,85.27380000000001,0.4002464240939506,-1.5385521591954543,1,1,84.808,84.724,-0.08400000000000318,0.0,-0.15000000000000568,-0.20766666666666347,0.0,-0.11700000000000088,0.440699670977868,-0.20766666666666347,0,0,2025,Qatar Grand Prix,2025_Qatar Grand Prix
HAD,47,0 days 00:01:24.724000,HARD,15.0,True,0 days 02:10:04.369000,6,0 days 00:00:31.486000,0 days 00:00:28.760000,0 days 00:00:24.478000,1,84.724,7804.369,1.0100000000002183,True,False,False,15.0,0.0,0.0,0.0,0.0,31.486,28.76,24.478,0,0,0,0.0,85.03220000000002,0.30718268180350417,-1.0033117693697333,0,1,84.658,84.501,-0.15699999999999648,0.0,0.0660000000000025,-0.17933333333333223,0.0,0.028000000000002245,0.2947936566481731,-0.17933333333333223,0,0,2025,Qatar Grand Prix,2025_Qatar Grand Prix
HAD,48,0 days 00:01:24.501000,HARD,16.0,True,0 days 02:11:28.870000,6,0 days 00:00:31.353000,0 days 00:00:28.748000,0 days 00:00:24.400000,1,84.501,7888.87,0.8779999999997017,True,False,False,16.0,0.0,0.0,0.0,0.0,31.353,28.748,24.4,0,0,0,0.0,84.8908,0.23098744554627654,-1.6875376022196,1,0,84.724,84.325,-0.3990000000000009,0.0660000000000025,-0.22299999999999898,-0.1146666666666647,0.0,-0.05000000000000071,0.29092060772657663,-0.1146666666666647,0,1,2025,Qatar Grand Prix,2025_Qatar Grand Prix
HAD,49,0 days 00:01:24.325000,HARD,17.0,True,0 days 02:12:53.195000,6,0 days 00:00:31.325000,0 days 00:00:28.584000,0 days 00:00:24.416000,1,84.325,7973.195,1.1900000000005093,True,False,False,17.0,0.0,0.0,0.0,0.0,31.325,28.584,24.416,0,0,0,0.0,84.7518,0.20953090464175733,-2.0369310232765696,1,1,84.501,84.423,-0.07800000000000296,0.0,-0.17600000000000193,-0.10233333333333405,0.0,0.01600000000000179,0.21212072034575127,-0.10233333333333405,0,0,2025,Qatar Grand Prix,2025_Qatar Grand Prix
HAD,50,0 days 00:01:24.423000,HARD,18.0,True,0 days 02:14:17.618000,6,0 days 00:00:31.383000,0 days 00:00:28.567000,0 days 00:00:24.473000,1,84.423,8057.618,1.1769999999996799,True,False,False,18.0,0.0,0.0,0.0,0.0,31.383,28.567,24.473,0,0,0,0.0,84.60320000000002,0.19194973300318674,-0.9387874480503798,0,1,84.325,84.5,0.17499999999999716,0.0,0.09799999999999898,-0.11099999999999947,0.0,0.0730000000000004,0.06032578221623166,-0.11099999999999947,0,0,2025,Qatar Grand Prix,2025_Qatar Grand Prix
HAD,51,0 days 00:01:24.500000,HARD,19.0,True,0 days 02:15:42.118000,6,0 days 00:00:31.360000,0 days 00:00:28.629000,0 days 00:00:24.511000,1,84.5,8142.118,1.306999999999789,True,False,False,19.0,0.0,0.0,0.0,0.0,31.36,28.629,24.511,0,0,0,0.0,84.52619999999999,0.16451656451553107,-0.15925448040531678,0,0,84.423,84.317,-0.10600000000000875,0.09799999999999898,0.07699999999999818,-0.10033333333333398,0.0,0.11100000000000065,0.07425967950375338,-0.10033333333333398,0,0,2025,Qatar Grand Prix,2025_Qatar Grand Prix
HAD,52,0 days 00:01:24.317000,HARD,20.0,True,0 days 02:17:06.435000,6,0 days 00:00:31.374000,0 days 00:00:28.507000,0 days 00:00:24.436000,1,84.317,8226.435,1.2880000000004657,True,False,False,20.0,0.0,0.0,0.0,0.0,31.374,28.507,24.436,0,0,0,0.0,84.49459999999999,0.14712681604653857,-1.2071218882614878,0,0,84.5,84.334,-0.16599999999999682,0.17499999999999716,-0.18300000000000693,-0.00033333333333492493,0.0,0.019999999999999574,0.06093685256066364,-0.00033333333333492493,0,0,2025,Qatar Grand Prix,2025_Qatar Grand Prix
HAD,53,0 days 00:01:24.334000,HARD,21.0,True,0 days 02:18:30.769000,6,0 days 00:00:31.331000,0 days 00:00:28.544000,0 days 00:00:24.459000,1,84.334,8310.769,1.2549999999991996,True,False,False,21.0,0.0,0.0,0.0,0.0,31.331,28.544,24.459,0,0,0,0.0,84.41319999999999,0.08996221429016889,-0.8803696154535512,0,0,84.317,84.405,0.08800000000000807,0.0,0.017000000000010118,-0.0026666666666699257,0.0,0.022999999999999687,0.06129029286926333,-0.0026666666666699257,0,0,2025,Qatar Grand Prix,2025_Qatar Grand Prix
HAM,2,0 days 00:01:29.410000,SOFT,2.0,True,0 days 01:01:47.055000,14,0 days 00:00:33.288000,0 days 00:00:30.109000,0 days 00:00:26.013000,1,89.41,3707.055,0.5070000000000618,False,False,True,2.0,0.0,0.0,0.0,0.0,33.288,30.109,26.013,0,0,0,0.0,84.3958,0.07367292582753503,68.06028053966551,0,0,89.41,88.899,-0.5109999999999957,5.0930000000000035,0.0,-0.03166666666666629,0.0,1.5770000000000017,0.03891657744458071,0.0,0,1,2025,Qatar Grand Prix,2025_Qatar Grand Prix
HAM,3,0 days 00:01:28.899000,SOFT,3.0,True,0 days 01:03:15.954000,14,0 days 00:00:32.883000,0 days 00:00:30.194000,0 days 00:00:25.822000,1,88.899,3795.954,0.6469999999999345,False,False,True,3.0,0.0,0.0,0.0,0.0,32.883,30.194,25.822,0,0,0,0.0,,,0.0,0,0,89.41,89.014,-0.3960000000000008,0.0,-0.5109999999999957,0.0,0.0,0.0,0.0,0.0,0,1,2025,Qatar Grand Prix,2025_Qatar Grand Prix
HAM,4,0 days 00:01:29.014000,SOFT,4.0,True,0 days 01:04:44.968000,14,0 days 00:00:32.818000,0 days 00:00:30.293000,0 days 00:00:25.903000,1,89.014,3884.968,0.4810000000002219,False,False,True,4.0,0.0,0.0,0.0,0.0,32.818,30.293,25.903,0,0,0,0.0,,,0.0,0,0,88.899,88.266,-0.6329999999999956,0.0,0.11499999999999488,-0.25549999999999784,0.0,0.08099999999999952,0.0,0.0,0,1,2025,Qatar Grand Prix,2025_Qatar Grand Prix
HAM,5,0 days 00:01:28.266000,SOFT,5.0,True,0 days 01:06:13.234000,14,0 days 00:00:32.420000,0 days 00:00:30.110000,0 days 00:00:25.736000,1,88.266,3973.234,0.6179999999999382,False,False,True,5.0,0.0,0.0,0.0,0.0,32.42,30.11,25.736,0,0,0,0.0,89.10766666666666,0.268067777499147,-3.139753216588415,1,0,89.014,88.272,-0.7419999999999902,0.11499999999999488,-0.7479999999999905,-0.13200000000000026,0.0,-0.08599999999999852,0.8880227099198169,-0.1980000000000004,0,1,2025,Qatar Grand Prix,2025_Qatar Grand Prix
HAM,6,0 days 00:01:28.272000,SOFT,6.0,True,0 days 01:07:41.506000,14,0 days 00:00:32.337000,0 days 00:00:30.237000,0 days 00:00:25.698000,1,88.272,4061.506,0.6739999999999782,False,False,True,6.0,0.0,0.0,0.0,0.0,32.337,30.237,25.698,0,0,0,0.0,88.89725,0.4743496424930964,-1.3181205254288642,0,1,88.266,89.006,0.7399999999999949,0.0,0.006000000000000227,-0.3813333333333304,0.0,-0.038000000000000256,0.7922731010621702,-0.3813333333333304,0,1,2025,Qatar Grand Prix,2025_Qatar Grand Prix
HAM,11,0 days 00:01:29.006000,MEDIUM,4.0,True,0 days 01:17:48.875000,14,0 days 00:00:33.344000,0 days 00:00:29.867000,0 days 00:00:25.795000,1,89.006,4668.875,0.2430000000003929,False,True,False,4.0,0.0,0.0,0.0,0.0,33.344,29.867,25.795,0,0,0,0.0,88.7722,0.4969337984077903,0.47048520496917967,0,0,88.272,88.151,-0.12100000000000932,0.006000000000000227,0.7339999999999947,-0.20899999999999844,0.0,0.09700000000000131,0.7126883610667435,-0.20899999999999844,0,1,2025,Qatar Grand Prix,2025_Qatar Grand Prix
HAM,12,0 days 00:01:28.151000,MEDIUM,5.0,True,0 days 01:19:17.026000,14,0 days 00:00:32.723000,0 days 00:00:29.763000,0 days 00:00:25.665000,1,88.151,4757.026,0.4650000000001455,False,True,False,5.0,0.0,0.0,0.0,0.0,32.723,29.763,25.665,0,0,0,0.0,88.69140000000002,0.38826640338818336,-1.3918278668570123,0,0,89.006,88.182,-0.8239999999999981,0.7399999999999949,-0.855000000000004,-0.0026666666666651886,0.0,-0.03300000000000125,0.07782480324420925,-0.0026666666666651886,0,1,2025,Qatar Grand Prix,2025_Qatar Grand Prix
HAM,13,0 days 00:01:28.182000,MEDIUM,6.0,True,0 days 01:20:45.208000,14,0 days 00:00:32.535000,0 days 00:00:29.917000,0 days 00:00:25.730000,1,88.182,4845.208,0.5300000000006548,False,True,False,6.0,0.0,0.0,0.0,0.0,32.535,29.917,25.73,0,0,0,0.0,88.5418,0.4301269580019316,-0.8364972092690294,0,0,88.151,87.74,-0.41100000000000136,0.0,0.03100000000000591,-0.03833333333333636,0.0,0.06500000000000128,0.0803286997280543,-0.03833333333333636,0,1,2025,Qatar Grand Prix,2025_Qatar Grand Prix
HAM,14,0 days 00:01:27.740000,MEDIUM,7.0,True,0 days 01:22:12.948000,14,0 days 00:00:32.249000,0 days 00:00:29.919000,0 days 00:00:25.572000,1,87.74,4932.948,0.7039999999997235,False,True,False,7.0,0.0,0.0,0.0,0.0,32.249,29.919,25.572,0,0,0,0.0,88.3754,0.3563969696840803,-1.782843441579314,1,0,88.182,87.822,-0.35999999999999943,0.03100000000000591,-0.4420000000000073,-0.030000000000001137,0.0,-0.09299999999999997,0.07674307786373943,-0.030000000000001137,0,1,2025,Qatar Grand Prix,2025_Qatar Grand Prix
HAM,15,0 days 00:01:27.822000,MEDIUM,8.0,True,0 days 01:23:40.770000,14,0 days 00:00:32.255000,0 days 00:00:29.954000,0 days 00:00:25.613000,1,87.822,5020.77,0.6869999999998981,False,True,False,8.0,0.0,0.0,0.0,0.0,32.255,29.954,25.613,0,0,0,0.0,88.2702,0.45948471138874397,-0.9754405073573891,0,1,87.74,87.646,-0.09399999999999409,0.0,0.08200000000000784,-0.42200000000000176,0.0,0.04100000000000037,0.07876420506803859,-0.42200000000000176,0,1,2025,Qatar Grand Prix,2025_Qatar Grand Prix
HAM,16,0 days 00:01:27.646000,MEDIUM,9.0,True,0 days 01:25:08.416000,14,0 days 00:00:32.189000,0 days 00:00:30.023000,0 days 00:00:25.434000,1,87.646,5108.416,0.7699999999995271,False,True,False,9.0,0.0,0.0,0.0,0.0,32.189,30.023,25.434,0,0,0,0.0,88.1802,0.5012197123018974,-1.0658000611082035,0,0,87.822,87.695,-0.12700000000000955,0.08200000000000784,-0.17600000000000193,-0.10966666666666451,0.0,-0.13799999999999812,0.07724506456725909,-0.10966666666666451,0,1,2025,Qatar Grand Prix,2025_Qatar Grand Prix
HAM,17,0 days 00:01:27.695000,MEDIUM,10.0,True,0 days 01:26:36.111000,14,0 days 00:00:32.142000,0 days 00:00:30.129000,0 days 00:00:25.424000,1,87.695,5196.111,0.8190000000004147,False,True,False,10.0,0.0,0.0,0.0,0.0,32.142,30.129,25.424,0,0,0,0.0,87.9082,0.244125377623865,-0.8733217417833855,0,0,87.646,87.764,0.117999999999995,0.0,0.04899999999999238,-0.1786666666666671,0.0,-0.010000000000001563,0.08616147631047116,-0.1786666666666671,0,1,2025,Qatar Grand Prix,2025_Qatar Grand Prix
HAM,18,0 days 00:01:27.764000,MEDIUM,11.0,True,0 days 01:28:03.875000,14,0 days 00:00:32.065000,0 days 00:00:30.051000,0 days 00:00:25.648000,1,87.764,5283.875,0.5200000000004366,False,True,False,11.0,0.0,0.0,0.0,0.0,32.065,30.051,25.648,0,0,0,0.0,87.817,0.2140700819825008,-0.2475824716334241,0,0,87.695,87.552,-0.14299999999998647,0.04899999999999238,0.06900000000000261,-0.015000000000000568,0.0,0.2240000000000002,0.08668044762228597,-0.015000000000000568,0,1,2025,Qatar Grand Prix,2025_Qatar Grand Prix
HAM,19,0 days 00:01:27.552000,MEDIUM,12.0,True,0 days 01:29:31.427000,14,0 days 00:00:32.032000,0 days 00:00:30.048000,0 days 00:00:25.472000,1,87.552,5371.427,0.7409999999999854,False,True,False,12.0,0.0,0.0,0.0,0.0,32.032,30.048,25.472,0,0,0,0.0,87.7334,0.06697611514556996,-2.7084282151290897,1,0,87.764,87.676,-0.08799999999999386,0.117999999999995,-0.21199999999998909,-0.019333333333335645,0.0,0.04800000000000182,0.14100957414303403,-0.019333333333335645,0,1,2025,Qatar Grand Prix,2025_Qatar Grand Prix
HAM,20,0 days 00:01:27.676000,MEDIUM,13.0,True,0 days 01:30:59.103000,14,0 days 00:00:32.152000,0 days 00:00:30.032000,0 days 00:00:25.492000,1,87.676,5459.103,0.7690000000002328,False,True,False,13.0,0.0,0.0,0.0,0.0,32.152,30.032,25.492,0,0,0,0.0,87.69579999999999,0.1045667251088575,-0.1893527790927459,0,1,87.552,87.574,0.02199999999999136,0.0,0.12399999999999523,-0.03133333333333136,0.0,0.06800000000000139,0.13024976007655376,-0.03133333333333136,0,1,2025,Qatar Grand Prix,2025_Qatar Grand Prix
HAM,21,0 days 00:01:27.574000,MEDIUM,14.0,True,0 days 01:32:26.677000,14,0 days 00:00:32.117000,0 days 00:00:30.068000,0 days 00:00:25.389000,1,87.574,5546.677,0.7570000000005166,False,True,False,14.0,0.0,0.0,0.0,0.0,32.117,30.068,25.389,0,0,0,0.0,87.66659999999999,0.07736148912728047,-1.19697799311539,0,0,87.676,87.813,0.13700000000000045,0.12399999999999523,-0.10200000000000387,-0.006333333333330415,0.0,-0.08300000000000196,0.13122042523936517,-0.006333333333330415,0,1,2025,Qatar Grand Prix,2025_Qatar Grand Prix
HAM,22,0 days 00:01:27.813000,MEDIUM,15.0,True,0 days 01:33:54.490000,14,0 days 00:00:32.266000,0 days 00:00:30.182000,0 days 00:00:25.365000,1,87.813,5634.49,0.8079999999999927,False,True,False,15.0,0.0,0.0,0.0,0.0,32.266,30.182,25.365,0,0,0,0.0,87.6522,0.08810902337439783,1.8250117166402868,0,0,87.574,87.733,0.15900000000000603,0.02199999999999136,0.23900000000000432,-0.06333333333333258,0.0,-0.02400000000000091,0.11389820016137266,-0.06333333333333258,0,1,2025,Qatar Grand Prix,2025_Qatar Grand Prix
HAM,23,0 days 00:01:27.733000,MEDIUM,16.0,True,0 days 01:35:22.223000,14,0 days 00:00:32.245000,0 days 00:00:30.216000,0 days 00:00:25.272000,1,87.733,5722.223,0.6520000000000437,False,True,False,16.0,0.0,0.0,0.0,0.0,32.245,30.216,25.272,0,0,0,0.0,87.67580000000001,0.1143380951388941,0.5002707096922503,0,0,87.813,87.708,-0.10500000000000398,0.2609999999999957,-0.0799999999999983,0.08699999999999856,0.0,-0.09299999999999997,0.11587838452446642,0.08699999999999856,0,1,2025,Qatar Grand Prix,2025_Qatar Grand Prix
HAM,24,0 days 00:01:27.708000,MEDIUM,17.0,True,0 days 01:36:49.931000,14,0 days 00:00:32.429000,0 days 00:00:29.999000,0 days 00:00:25.280000,1,87.708,5809.931,0.9590000000007421,False,True,False,17.0,0.0,0.0,0.0,0.0,32.429,29.999,25.28,0,0,0,0.0,87.66959999999999,0.10907932893078773,0.35203736928355406,0,0,87.733,87.635,-0.09799999999999898,0.18099999999999739,-0.025000000000005684,0.01900000000000072,0.0,0.008000000000002672,0.0735370654840135,0.01900000000000072,0,1,2025,Qatar Grand Prix,2025_Qatar Grand Prix
HAM,25,0 days 00:01:27.635000,MEDIUM,18.0,True,0 days 01:38:17.566000,14,0 days 00:00:32.242000,0 days 00:00:29.896000,0 days 00:00:25.497000,1,87.635,5897.566,0.9059999999999491,False,True,False,18.0,0.0,0.0,0.0,0.0,32.242,29.896,25.497,0,0,0,0.0,87.7008,0.08713610044058308,-0.7551405177336802,0,0,87.708,87.375,-0.3329999999999984,0.13400000000000034,-0.07299999999999329,0.04466666666666678,0.0,0.22500000000000142,0.06657101471361293,0.04466666666666678,0,1,2025,Qatar Grand Prix,2025_Qatar Grand Prix
HAM,26,0 days 00:01:27.375000,MEDIUM,19.0,True,0 days 01:39:44.941000,14,0 days 00:00:32.278000,0 days 00:00:29.815000,0 days 00:00:25.282000,1,87.375,5984.941,1.4270000000005894,False,True,False,19.0,0.0,0.0,0.0,0.0,32.278,29.815,25.282,0,0,0,0.0,87.6926,0.09185477668576177,-3.457631834286843,1,0,87.635,87.16,-0.4750000000000085,0.06100000000000705,-0.2600000000000051,-0.059333333333332426,0.0,0.010000000000001563,0.1290205410002615,-0.059333333333332426,0,0,2025,Qatar Grand Prix,2025_Qatar Grand Prix
HAM,27,0 days 00:01:27.160000,MEDIUM,20.0,True,0 days 01:41:12.101000,14,0 days 00:00:32.082000,0 days 00:00:29.866000,0 days 00:00:25.212000,1,87.16,6072.101,1.6649999999999636,False,True,False,20.0,0.0,0.0,0.0,0.0,32.082,29.866,25.212,0,0,0,0.0,87.6528,0.16780405239442553,-2.9367586358502833,1,1,87.375,87.449,0.07399999999999807,0.0,-0.2150000000000034,-0.11933333333333469,0.0,-0.06800000000000139,0.11920444622580163,-0.11933333333333469,0,0,2025,Qatar Grand Prix,2025_Qatar Grand Prix
HAM,28,0 days 00:01:27.449000,MEDIUM,21.0,True,0 days 01:42:39.550000,14,0 days 00:00:32.339000,0 days 00:00:29.952000,0 days 00:00:25.158000,1,87.449,6159.55,1.837999999999738,False,True,False,21.0,0.0,0.0,0.0,0.0,32.339,29.952,25.158,0,0,0,0.0,87.52220000000001,0.24725432251022839,-0.2960514471773735,0,1,87.16,87.282,0.12199999999999989,0.0,0.2890000000000015,-0.18266666666666728,0.0,-0.053999999999998494,0.12521701162382087,-0.18266666666666728,0,0,2025,Qatar Grand Prix,2025_Qatar Grand Prix
HAM,29,0 days 00:01:27.282000,MEDIUM,22.0,True,0 days 01:44:06.832000,14,0 days 00:00:32.318000,0 days 00:00:29.789000,0 days 00:00:25.175000,1,87.282,6246.832,2.3499999999994543,False,True,False,22.0,0.0,0.0,0.0,0.0,32.318,29.789,25.175,0,0,0,0.0,87.4654,0.21755987681553612,-0.8429863202924431,0,0,87.449,87.189,-0.2600000000000051,0.2890000000000015,-0.1670000000000016,-0.06200000000000235,0.0,0.01699999999999946,0.11768687267490804,-0.06200000000000235,0,0,2025,Qatar Grand Prix,2025_Qatar Grand Prix
HAM,30,0 days 00:01:27.189000,MEDIUM,23.0,True,0 days 01:45:34.021000,14,0 days 00:00:32.152000,0 days 00:00:29.876000,0 days 00:00:25.161000,1,87.189,6334.021,2.842999999999847,False,True,False,23.0,0.0,0.0,0.0,0.0,32.152,29.876,25.161,0,0,0,0.0,87.3802,0.1787559789209651,-1.069614572637853,0,0,87.282,87.098,-0.1839999999999975,0.12199999999999989,-0.09300000000000352,-0.031000000000001176,0.0,0.0030000000000001137,0.11744573214893779,-0.031000000000001176,0,0,2025,Qatar Grand Prix,2025_Qatar Grand Prix
HAM,31,0 days 00:01:27.098000,MEDIUM,24.0,True,0 days 01:47:01.119000,14,0 days 00:00:32.085000,0 days 00:00:29.883000,0 days 00:00:25.130000,1,87.098,6421.119,2.923999999999978,False,True,False,24.0,0.0,0.0,0.0,0.0,32.085,29.883,25.13,0,0,0,0.0,87.291,0.12213312409003826,-1.580242882002392,1,0,87.189,85.368,-1.820999999999998,0.028999999999996362,-0.09099999999999397,0.009666666666665455,0.0,-0.028000000000002245,0.03951328890386026,0.009666666666665455,0,0,2025,Qatar Grand Prix,2025_Qatar Grand Prix
HAM,34,0 days 00:01:25.368000,MEDIUM,2.0,True,0 days 01:51:45.842000,15,0 days 00:00:31.472000,0 days 00:00:29.068000,0 days 00:00:24.828000,1,85.368,6705.842,3.423999999999978,False,True,False,2.0,0.0,0.0,0.0,0.0,31.472,29.068,24.828,0,0,0,0.0,87.2356,0.13648553036857816,-13.683501796538946,1,1,87.098,85.827,-1.2710000000000008,0.0,-1.730000000000004,-0.1169999999999997,0.0,-0.3019999999999996,0.036200828719794596,-0.1169999999999997,0,0,2025,Qatar Grand Prix,2025_Qatar Grand Prix
HAM,35,0 days 00:01:25.827000,MEDIUM,3.0,True,0 days 01:53:11.669000,14,0 days 00:00:31.539000,0 days 00:00:29.407000,0 days 00:00:24.881000,1,85.827,6791.669,3.3280000000004293,False,True,False,3.0,0.0,0.0,0.0,0.0,31.539,29.407,24.881,0,0,0,0.0,86.87719999999999,0.8535916471006427,-1.230330689817734,0,1,85.368,86.203,0.835000000000008,0.0,0.4590000000000032,-0.6380000000000005,0.0,0.053000000000000824,0.13105609486017736,-0.6380000000000005,0,0,2025,Qatar Grand Prix,2025_Qatar Grand Prix
HAM,36,0 days 00:01:26.203000,MEDIUM,4.0,True,0 days 01:54:37.872000,14,0 days 00:00:31.868000,0 days 00:00:29.402000,0 days 00:00:24.933000,1,86.203,6877.872,2.8469999999997526,False,True,False,4.0,0.0,0.0,0.0,0.0,31.868,29.402,24.933,0,0,0,0.0,86.5528,0.8894187427752923,-0.39329056514876853,0,0,85.827,86.073,0.2459999999999951,0.4590000000000032,0.3760000000000048,-0.45399999999999824,0.0,0.10500000000000043,0.14307795078208194,-0.45399999999999824,0,0,2025,Qatar Grand Prix,2025_Qatar Grand Prix
HAM,37,0 days 00:01:26.073000,MEDIUM,5.0,True,0 days 01:56:03.945000,14,0 days 00:00:31.668000,0 days 00:00:29.511000,0 days 00:00:24.894000,1,86.073,6963.945,3.0020000000004075,False,True,False,5.0,0.0,0.0,0.0,0.0,31.668,29.511,24.894,0,0,0,0.0,86.33699999999999,0.794046912971758,-0.3324740587580189,0,0,86.203,86.105,-0.09799999999999898,0.835000000000008,-0.13000000000000966,-0.298333333333332,0.0,0.06599999999999895,0.15820777477734752,-0.298333333333332,0,0,2025,Qatar Grand Prix,2025_Qatar Grand Prix
HAM,38,0 days 00:01:26.105000,MEDIUM,6.0,True,0 days 01:57:30.050000,14,0 days 00:00:31.868000,0 days 00:00:29.405000,0 days 00:00:24.832000,1,86.105,7050.05,3.143000000000029,False,True,False,6.0,0.0,0.0,0.0,0.0,31.868,29.405,24.832,0,0,0,0.0,86.1138,0.6357560066566246,-0.013841788214116916,0,0,86.073,85.856,-0.21699999999999875,0.7049999999999983,0.03200000000001069,0.23499999999999943,0.0,-0.04899999999999949,0.16426411659276005,0.23499999999999943,0,0,2025,Qatar Grand Prix,2025_Qatar Grand Prix
HAM,39,0 days 00:01:25.856000,MEDIUM,7.0,True,0 days 01:58:55.906000,14,0 days 00:00:31.894000,0 days 00:00:29.246000,0 days 00:00:24.716000,1,85.856,7135.906,3.4130000000004657,False,True,False,7.0,0.0,0.0,0.0,0.0,31.894,29.246,24.716,0,0,0,0.0,85.9152,0.33576807471821773,-0.1763121763428098,0,0,86.105,85.837,-0.2680000000000007,0.737000000000009,-0.24900000000000944,0.0926666666666686,0.0,-0.11599999999999966,0.1647492033364649,0.0926666666666686,0,0,2025,Qatar Grand Prix,2025_Qatar Grand Prix
HAM,40,0 days 00:01:25.837000,MEDIUM,8.0,True,0 days 02:00:21.743000,14,0 days 00:00:31.838000,0 days 00:00:29.286000,0 days 00:00:24.713000,1,85.837,7221.743,3.6039999999993597,False,True,False,8.0,0.0,0.0,0.0,0.0,31.838,29.286,24.713,0,0,0,0.0,86.0128,0.16386640900434254,-1.0728251205854917,0,0,85.856,85.815,-0.04099999999999682,0.028999999999996362,-0.018999999999991246,-0.11566666666666947,0.0,-0.0030000000000001137,0.0913110070035364,-0.11566666666666947,0,0,2025,Qatar Grand Prix,2025_Qatar Grand Prix
HAM,41,0 days 00:01:25.815000,MEDIUM,9.0,True,0 days 02:01:47.558000,14,0 days 00:00:31.783000,0 days 00:00:29.236000,0 days 00:00:24.796000,1,85.815,7307.558,3.9279999999998836,False,True,False,9.0,0.0,0.0,0.0,0.0,31.783,29.236,24.796,0,0,0,0.0,86.01480000000001,0.16106892934386108,-1.2404627063327873,0,0,85.837,85.552,-0.2849999999999966,0.0,-0.02200000000000557,-0.07866666666666333,0.0,0.08299999999999841,0.08838155916253039,-0.07866666666666333,0,0,2025,Qatar Grand Prix,2025_Qatar Grand Prix
HAM,42,0 days 00:01:25.552000,MEDIUM,10.0,True,0 days 02:03:13.110000,14,0 days 00:00:31.701000,0 days 00:00:29.269000,0 days 00:00:24.582000,1,85.552,7393.11,4.229000000000269,False,True,False,10.0,0.0,0.0,0.0,0.0,31.701,29.269,24.582,0,0,0,0.0,85.93719999999999,0.13978984226322186,-2.7555650236349676,1,0,85.815,85.986,0.17100000000000648,0.0,-0.262999999999991,-0.09666666666666875,0.0,-0.13100000000000023,0.08221739475317719,-0.09666666666666875,0,0,2025,Qatar Grand Prix,2025_Qatar Grand Prix
HAM,43,0 days 00:01:25.986000,MEDIUM,11.0,True,0 days 02:04:39.096000,14,0 days 00:00:31.754000,0 days 00:00:29.498000,0 days 00:00:24.734000,1,85.986,7479.096,4.189000000000306,False,True,False,11.0,0.0,0.0,0.0,0.0,31.754,29.498,24.734,0,0,0,0.0,85.833,0.1960956399310617,0.7802315240348722,0,1,85.552,85.845,0.29299999999999216,0.0,0.4339999999999975,-0.10133333333332928,0.0,0.15200000000000102,0.0874425525702435,-0.10133333333332928,0,0,2025,Qatar Grand Prix,2025_Qatar Grand Prix
HAM,44,0 days 00:01:25.845000,MEDIUM,12.0,True,0 days 02:06:04.941000,14,0 days 00:00:31.875000,0 days 00:00:29.333000,0 days 00:00:24.637000,1,85.845,7564.941,4.255000000000109,False,True,False,12.0,0.0,0.0,0.0,0.0,31.875,29.333,24.637,0,0,0,0.0,85.8092,0.15843516023904322,0.22595994440868133,0,0,85.986,85.52,-0.4660000000000082,0.4339999999999975,-0.14100000000000534,0.04966666666666697,0.0,0.054999999999999716,0.12305892897307334,0.04966666666666697,0,0,2025,Qatar Grand Prix,2025_Qatar Grand Prix
HAM,45,0 days 00:01:25.520000,MEDIUM,13.0,True,0 days 02:07:30.461000,14,0 days 00:00:31.611000,0 days 00:00:29.336000,0 days 00:00:24.573000,1,85.52,7650.461,4.470999999999549,False,True,False,13.0,0.0,0.0,0.0,0.0,31.611,29.336,24.573,0,0,0,0.0,85.807,0.1576974952241518,-1.8199401302605553,1,0,85.845,85.677,-0.16799999999999216,0.29299999999999216,-0.32500000000000284,0.010000000000000378,0.0,-0.009000000000000341,0.10644341219633999,0.010000000000000378,0,0,2025,Qatar Grand Prix,2025_Qatar Grand Prix
HAM,46,0 days 00:01:25.677000,MEDIUM,14.0,True,0 days 02:08:56.138000,14,0 days 00:00:31.829000,0 days 00:00:29.257000,0 days 00:00:24.591000,1,85.677,7736.138,4.470000000000255,False,True,False,14.0,0.0,0.0,0.0,0.0,31.829,29.257,24.591,0,0,0,0.0,85.74359999999999,0.200527554216296,-0.3321239330937169,0,1,85.52,85.997,0.47700000000000387,0.0,0.1570000000000107,-0.01066666666667023,0.0,0.018000000000000682,0.10695793565696725,-0.01066666666667023,0,0,2025,Qatar Grand Prix,2025_Qatar Grand Prix
HAM,47,0 days 00:01:25.997000,MEDIUM,15.0,True,0 days 02:10:22.135000,14,0 days 00:00:31.845000,0 days 00:00:29.436000,0 days 00:00:24.716000,1,85.997,7822.135,4.412999999999556,False,True,False,15.0,0.0,0.0,0.0,0.0,31.845,29.436,24.716,0,0,0,0.0,85.716,0.1977207626931686,1.421196217192797,0,0,85.677,85.609,-0.06800000000001205,0.1570000000000107,0.3199999999999932,-0.10299999999999916,0.0,0.14300000000000068,0.10277402395547228,-0.10299999999999916,0,0,2025,Qatar Grand Prix,2025_Qatar Grand Prix
HAM,48,0 days 00:01:25.609000,MEDIUM,16.0,True,0 days 02:11:47.744000,14,0 days 00:00:31.749000,0 days 00:00:29.299000,0 days 00:00:24.561000,1,85.609,7907.744,4.569000000000415,False,True,False,16.0,0.0,0.0,0.0,0.0,31.749,29.299,24.561,0,0,0,0.0,85.805,0.20544707347629296,-0.9540169966092463,0,0,85.997,85.468,-0.5289999999999964,0.47700000000000387,-0.38800000000000523,0.050666666666667005,0.0,-0.012000000000000455,0.07281277360463592,0.050666666666667005,0,0,2025,Qatar Grand Prix,2025_Qatar Grand Prix
HAM,49,0 days 00:01:25.468000,MEDIUM,17.0,True,0 days 02:13:13.212000,14,0 days 00:00:31.652000,0 days 00:00:29.224000,0 days 00:00:24.592000,1,85.468,7993.212,4.915999999999258,False,True,False,17.0,0.0,0.0,0.0,0.0,31.652,29.224,24.592,0,0,0,0.0,85.72959999999999,0.19109107776128315,-1.3689807136196381,0,0,85.609,85.223,-0.3859999999999957,0.08899999999999864,-0.14099999999999113,0.029666666666666213,0.0,0.030999999999998806,0.0640663718342154,0.029666666666666213,0,0,2025,Qatar Grand Prix,2025_Qatar Grand Prix
HAM,50,0 days 00:01:25.223000,MEDIUM,18.0,True,0 days 02:14:38.435000,13,0 days 00:00:31.544000,0 days 00:00:29.138000,0 days 00:00:24.541000,1,85.223,8078.435,5.753999999999905,False,True,False,18.0,0.0,0.0,0.0,0.0,31.544,29.138,24.541,0,0,0,0.0,85.6542,0.20781891155514204,-2.074883352882881,1,0,85.468,85.324,-0.14400000000000546,0.0,-0.24500000000000455,-0.06966666666666772,0.0,-0.019999999999999574,0.06346416311588733,-0.06966666666666772,0,0,2025,Qatar Grand Prix,2025_Qatar Grand Prix
HAM,51,0 days 00:01:25.324000,MEDIUM,19.0,True,0 days 02:16:03.759000,13,0 days 00:00:31.526000,0 days 00:00:29.265000,0 days 00:00:24.533000,1,85.324,8163.759,6.457999999999629,False,True,False,19.0,0.0,0.0,0.0,0.0,31.526,29.265,24.533,0,0,0,0.0,85.59479999999999,0.28418163205942837,-0.9529116925592298,0,1,85.223,84.848,-0.375,0.0,0.10099999999999909,-0.2580000000000003,0.0,-0.007999999999999119,0.06549427455892565,-0.2580000000000003,0,0,2025,Qatar Grand Prix,2025_Qatar Grand Prix
HAM,52,0 days 00:01:24.848000,MEDIUM,20.0,True,0 days 02:17:28.607000,13,0 days 00:00:31.441000,0 days 00:00:29.006000,0 days 00:00:24.401000,1,84.848,8248.607,7.5900000000001455,False,True,False,20.0,0.0,0.0,0.0,0.0,31.441,29.006,24.401,0,0,0,0.0,85.5242,0.30194817436102644,-2.239457156616192,1,0,85.324,85.74,0.4159999999999968,0.10099999999999909,-0.4759999999999991,-0.09499999999999886,0.0,-0.13200000000000145,0.06787267491413554,-0.09499999999999886,0,0,2025,Qatar Grand Prix,2025_Qatar Grand Prix
HAM,53,0 days 00:01:25.740000,MEDIUM,21.0,True,0 days 02:18:54.347000,13,0 days 00:00:31.748000,0 days 00:00:29.214000,0 days 00:00:24.778000,1,85.74,8334.347,7.6380000000008295,False,True,False,21.0,0.0,0.0,0.0,0.0,31.748,29.214,24.778,0,0,0,0.0,85.2944,0.2891181419419167,1.5412384605374196,0,1,84.848,85.077,0.2289999999999992,0.0,0.8919999999999959,-0.2066666666666682,0.0,0.3769999999999989,0.06127152682935157,-0.2066666666666682,0,0,2025,Qatar Grand Prix,2025_Qatar Grand Prix
HAM,54,0 days 00:01:25.077000,MEDIUM,22.0,True,0 days 02:20:19.424000,13,0 days 00:00:31.589000,0 days 00:00:29.018000,0 days 00:00:24.470000,1,85.077,8419.424,7.793999999999869,False,True,False,22.0,0.0,0.0,0.0,0.0,31.589,29.018,24.47,0,0,0,0.0,85.3206,0.32806676149824543,-0.7425317910522414,0,0,85.74,86.206,0.4660000000000082,0.8919999999999959,-0.6629999999999967,0.17233333333333198,0.0,0.06899999999999906,0.19279341275053932,0.17233333333333198,0,0,2025,Qatar Grand Prix,2025_Qatar Grand Prix
HAM,55,0 days 00:01:26.206000,MEDIUM,23.0,True,0 days 02:21:45.630000,12,0 days 00:00:31.705000,0 days 00:00:29.590000,0 days 00:00:24.911000,1,86.206,8505.63,7.261000000000422,False,True,False,23.0,0.0,0.0,0.0,0.0,31.705,29.59,24.911,0,0,0,0.0,85.2424,0.33073750921228146,2.91348871283154,0,0,85.077,86.234,1.1569999999999965,0.2289999999999992,1.1290000000000049,-0.0823333333333333,0.0,0.5100000000000016,0.1926258030482931,-0.0823333333333333,0,0,2025,Qatar Grand Prix,2025_Qatar Grand Prix
HAM,56,0 days 00:01:26.234000,MEDIUM,24.0,True,0 days 02:23:11.864000,12,0 days 00:00:32.006000,0 days 00:00:29.214000,0 days 00:00:25.014000,1,86.234,8591.864,6.345999999999549,False,True,False,24.0,0.0,0.0,0.0,0.0,32.006,29.214,25.014,0,0,0,0.0,85.439,0.5413963428025298,1.4684251391221015,0,0,86.206,85.884,-0.32200000000000273,1.358000000000004,0.027999999999991587,0.45266666666666805,0.0,0.5440000000000005,0.2698642251207081,0.45266666666666805,0,0,2025,Qatar Grand Prix,2025_Qatar Grand Prix
HUL,2,0 days 00:01:28.911000,SOFT,2.0,True,0 days 01:01:45.156000,10,0 days 00:00:32.447000,0 days 00:00:30.059000,0 days 00:00:26.405000,1,88.911,3705.156,0.34799999999995634,False,False,True,2.0,0.0,0.0,0.0,0.0,32.447,30.059,26.405,0,0,0,0.0,85.82820000000001,0.4697341801487117,6.562860720554799,0,0,88.911,88.362,-0.5490000000000066,3.834000000000003,0.0,0.26900000000000074,0.0,1.4939999999999998,0.24820495563143033,0.0,0,1,2025,Qatar Grand Prix,2025_Qatar Grand Prix
HUL,3,0 days 00:01:28.362000,SOFT,3.0,True,0 days 01:03:13.518000,10,0 days 00:00:32.712000,0 days 00:00:29.914000,0 days 00:00:25.736000,1,88.362,3793.518,0.9679999999998472,False,False,True,3.0,0.0,0.0,0.0,0.0,32.712,29.914,25.736,0,0,0,0.0,,,0.0,0,0,88.911,88.402,-0.5090000000000003,0.0,-0.5490000000000066,0.0,0.0,0.0,0.0,0.0,0,1,2025,Qatar Grand Prix,2025_Qatar Grand Prix
HUL,4,0 days 00:01:28.402000,SOFT,4.0,True,0 days 01:04:41.920000,10,0 days 00:00:32.754000,0 days 00:00:30.009000,0 days 00:00:25.639000,1,88.402,3881.92,0.8469999999997526,False,False,True,4.0,0.0,0.0,0.0,0.0,32.754,30.009,25.639,0,0,0,0.0,,,0.0,0,0,88.362,88.139,-0.22299999999999898,0.0,0.04000000000000625,-0.2745000000000033,0.0,-0.09700000000000131,0.0,0.0,0,1,2025,Qatar Grand Prix,2025_Qatar Grand Prix
HUL,5,0 days 00:01:28.139000,SOFT,5.0,True,0 days 01:06:10.059000,10,0 days 00:00:32.681000,0 days 00:00:30.010000,0 days 00:00:25.448000,1,88.139,3970.059,0.9649999999996908,False,False,True,5.0,0.0,0.0,0.0,0.0,32.681,30.01,25.448,0,0,0,0.0,88.55833333333334,0.30607243151472374,-1.3700460745781644,0,0,88.402,88.206,-0.19599999999999795,0.04000000000000625,-0.26300000000000523,-0.16966666666666677,0.0,-0.19099999999999895,0.8918824660981591,-0.25450000000000017,0,1,2025,Qatar Grand Prix,2025_Qatar Grand Prix
LAW,2,0 days 00:01:29.343000,MEDIUM,2.0,True,0 days 01:01:46.555000,13,0 days 00:00:33.326000,0 days 00:00:30.026000,0 days 00:00:25.991000,1,89.343,3706.555,0.5,False,True,False,2.0,0.0,0.0,0.0,0.0,33.326,30.026,25.991,0,0,0,0.0,88.404,0.30341638057297293,3.0947571064778874,0,0,89.343,88.929,-0.4140000000000015,1.2040000000000077,0.0,-0.051999999999997236,0.0,0.5429999999999993,0.6947644924720893,0.0,0,1,2025,Qatar Grand Prix,2025_Qatar Grand Prix
LAW,3,0 days 00:01:28.929000,MEDIUM,3.0,True,0 days 01:03:15.484000,13,0 days 00:00:32.927000,0 days 00:00:30.278000,0 days 00:00:25.724000,1,88.929,3795.484,0.47000000000025466,False,True,False,3.0,0.0,0.0,0.0,0.0,32.927,30.278,25.724,0,0,0,0.0,,,0.0,0,0,89.343,88.65,-0.6929999999999978,0.0,-0.4140000000000015,0.0,0.0,0.0,0.0,0.0,0,1,2025,Qatar Grand Prix,2025_Qatar Grand Prix
LAW,4,0 days 00:01:28.650000,MEDIUM,4.0,True,0 days 01:04:44.134000,13,0 days 00:00:32.830000,0 days 00:00:30.176000,0 days 00:00:25.644000,1,88.65,3884.134,0.8339999999998327,False,True,False,4.0,0.0,0.0,0.0,0.0,32.83,30.176,25.644,0,0,0,0.0,,,0.0,0,0,88.929,88.424,-0.5049999999999955,0.0,-0.27899999999999636,-0.20700000000000074,0.0,-0.08000000000000185,0.0,0.0,0,1,2025,Qatar Grand Prix,2025_Qatar Grand Prix
LAW,5,0 days 00:01:28.424000,MEDIUM,5.0,True,0 days 01:06:12.558000,13,0 days 00:00:32.657000,0 days 00:00:30.060000,0 days 00:00:25.707000,1,88.424,3972.558,0.6759999999999309,False,True,False,5.0,0.0,0.0,0.0,0.0,32.657,30.06,25.707,0,0,0,0.0,88.974,0.3486846713005846,-1.5773564061434409,1,0,88.65,88.006,-0.6440000000000055,0.0,-0.2259999999999991,-0.2309999999999993,0.0,0.06300000000000239,0.33896361653329915,-0.3464999999999989,0,1,2025,Qatar Grand Prix,2025_Qatar Grand Prix
LAW,6,0 days 00:01:28.006000,MEDIUM,6.0,True,0 days 01:07:40.564000,13,0 days 00:00:32.374000,0 days 00:00:30.085000,0 days 00:00:25.547000,1,88.006,4060.564,0.9420000000000073,False,True,False,6.0,0.0,0.0,0.0,0.0,32.374,30.085,25.547,0,0,0,0.0,88.8365,0.3958269824051872,-2.09813892664311,1,1,88.424,88.204,-0.22000000000001307,0.0,-0.41800000000000637,-0.3063333333333323,0.0,-0.09699999999999775,0.2805049019179522,-0.3063333333333323,0,1,2025,Qatar Grand Prix,2025_Qatar Grand Prix
LAW,11,0 days 00:01:28.204000,MEDIUM,4.0,True,0 days 01:17:47.163000,11,0 days 00:00:32.771000,0 days 00:00:29.934000,0 days 00:00:25.499000,1,88.204,4667.163,0.3790000000008149,False,True,False,4.0,0.0,0.0,0.0,0.0,32.771,29.934,25.499,0,0,0,0.0,88.6704,0.5054258600427936,-0.9227861826470809,0,1,88.006,88.19,0.1839999999999975,0.0,0.1979999999999933,-0.30766666666666725,0.0,-0.04800000000000182,0.2635425961775435,-0.30766666666666725,0,1,2025,Qatar Grand Prix,2025_Qatar Grand Prix
LAW,12,0 days 00:01:28.190000,MEDIUM,5.0,True,0 days 01:19:15.353000,11,0 days 00:00:32.772000,0 days 00:00:29.949000,0 days 00:00:25.469000,1,88.19,4755.353,0.4960000000000946,False,True,False,5.0,0.0,0.0,0.0,0.0,32.772,29.949,25.469,0,0,0,0.0,88.4426,0.3631443239264493,-0.6955912108684432,0,0,88.204,87.641,-0.5629999999999882,0.1979999999999933,-0.013999999999995794,-0.14866666666667072,0.0,-0.029999999999997584,0.06487141126875619,-0.14866666666667072,0,1,2025,Qatar Grand Prix,2025_Qatar Grand Prix
LAW,13,0 days 00:01:27.641000,MEDIUM,6.0,True,0 days 01:20:42.994000,11,0 days 00:00:32.392000,0 days 00:00:29.840000,0 days 00:00:25.409000,1,87.641,4842.994,0.7280000000000655,False,True,False,6.0,0.0,0.0,0.0,0.0,32.392,29.84,25.409,0,0,0,0.0,88.29480000000001,0.2477361499660412,-2.639098089195398,1,0,88.19,87.821,-0.3689999999999998,0.1839999999999975,-0.5489999999999924,-0.07800000000000296,0.0,-0.060000000000002274,0.06246839200747943,-0.07800000000000296,0,1,2025,Qatar Grand Prix,2025_Qatar Grand Prix
LAW,14,0 days 00:01:27.821000,MEDIUM,7.0,True,0 days 01:22:10.815000,11,0 days 00:00:32.270000,0 days 00:00:30.030000,0 days 00:00:25.521000,1,87.821,4930.815,0.5960000000004584,False,True,False,7.0,0.0,0.0,0.0,0.0,32.27,30.03,25.521,0,0,0,0.0,88.09299999999999,0.2929010071679339,-0.9286413953641375,0,1,87.641,87.788,0.14699999999999136,0.0,0.1799999999999926,-0.12166666666666497,0.0,0.11200000000000188,0.0597185063443494,-0.12166666666666497,0,1,2025,Qatar Grand Prix,2025_Qatar Grand Prix
LAW,15,0 days 00:01:27.788000,MEDIUM,8.0,True,0 days 01:23:38.603000,11,0 days 00:00:32.384000,0 days 00:00:29.894000,0 days 00:00:25.510000,1,87.788,5018.603,0.6739999999999782,False,True,False,8.0,0.0,0.0,0.0,0.0,32.384,29.894,25.51,0,0,0,0.0,87.97240000000001,0.24231446510678184,-0.7609946022774595,0,0,87.821,87.629,-0.19199999999999307,0.1799999999999926,-0.03300000000000125,-0.12766666666666518,0.0,0.10100000000000264,0.08020473801465915,-0.12766666666666518,0,1,2025,Qatar Grand Prix,2025_Qatar Grand Prix
LAW,16,0 days 00:01:27.629000,MEDIUM,9.0,True,0 days 01:25:06.232000,11,0 days 00:00:32.299000,0 days 00:00:29.999000,0 days 00:00:25.331000,1,87.629,5106.232,0.5889999999999418,False,True,False,9.0,0.0,0.0,0.0,0.0,32.299,29.999,25.331,0,0,0,0.0,87.9288,0.2540840412146849,-1.1799245579012123,0,0,87.788,87.598,-0.18999999999999773,0.14699999999999136,-0.15899999999999181,-0.13400000000000034,0.0,-0.0779999999999994,0.08429709366283218,-0.13400000000000034,0,1,2025,Qatar Grand Prix,2025_Qatar Grand Prix
LAW,17,0 days 00:01:27.598000,MEDIUM,10.0,True,0 days 01:26:33.830000,11,0 days 00:00:32.123000,0 days 00:00:30.052000,0 days 00:00:25.423000,1,87.598,5193.83,0.8479999999999563,False,True,False,10.0,0.0,0.0,0.0,0.0,32.123,30.052,25.423,0,0,0,0.0,87.8138,0.2270764188549436,-0.9503408636096845,0,0,87.629,87.597,-0.03200000000001069,0.0,-0.03100000000000591,-0.004000000000000152,0.0,0.09199999999999875,0.09072485877641381,-0.004000000000000152,0,1,2025,Qatar Grand Prix,2025_Qatar Grand Prix
LAW,18,0 days 00:01:27.597000,MEDIUM,11.0,True,0 days 01:28:01.427000,11,0 days 00:00:32.179000,0 days 00:00:30.159000,0 days 00:00:25.259000,1,87.597,5281.427,0.8370000000004438,False,True,False,11.0,0.0,0.0,0.0,0.0,32.179,30.159,25.259,0,0,0,0.0,87.6954,0.10149532008909148,-0.9695028294273845,0,0,87.598,87.545,-0.05299999999999727,0.0,-0.0010000000000047748,-0.07433333333333299,0.0,-0.07199999999999918,0.09396169432274093,-0.07433333333333299,0,1,2025,Qatar Grand Prix,2025_Qatar Grand Prix
LAW,19,0 days 00:01:27.545000,MEDIUM,12.0,True,0 days 01:29:28.972000,11,0 days 00:00:32.168000,0 days 00:00:29.939000,0 days 00:00:25.438000,1,87.545,5368.972,0.7690000000002328,False,True,False,12.0,0.0,0.0,0.0,0.0,32.168,29.939,25.438,0,0,0,0.0,87.6866,0.10901972298619857,-1.298847549061584,0,0,87.597,87.374,-0.22299999999999898,0.0,-0.0519999999999925,-0.0636666666666675,0.0,0.1789999999999985,0.09704638066409309,-0.0636666666666675,0,1,2025,Qatar Grand Prix,2025_Qatar Grand Prix
LAW,20,0 days 00:01:27.374000,MEDIUM,13.0,True,0 days 01:30:56.346000,11,0 days 00:00:32.158000,0 days 00:00:29.900000,0 days 00:00:25.316000,1,87.374,5456.346,0.9320000000006985,False,True,False,13.0,0.0,0.0,0.0,0.0,32.158,29.9,25.316,0,0,0,0.0,87.6314,0.09259211629500105,-2.7799343000209706,1,0,87.545,87.355,-0.18999999999999773,0.0,-0.17100000000000648,-0.028000000000001062,0.0,0.05699999999999861,0.11414595919260509,-0.028000000000001062,0,1,2025,Qatar Grand Prix,2025_Qatar Grand Prix
LAW,21,0 days 00:01:27.355000,MEDIUM,14.0,True,0 days 01:32:23.701000,11,0 days 00:00:32.133000,0 days 00:00:29.917000,0 days 00:00:25.305000,1,87.355,5543.701,1.019999999999527,False,True,False,14.0,0.0,0.0,0.0,0.0,32.133,29.917,25.305,0,0,0,0.0,87.54860000000001,0.10215821063423496,-1.8950997555464708,1,1,87.374,87.47,0.09600000000000364,0.0,-0.018999999999991246,-0.07466666666666792,0.0,0.045999999999999375,0.11032361487913532,-0.07466666666666792,0,0,2025,Qatar Grand Prix,2025_Qatar Grand Prix
LAW,22,0 days 00:01:27.470000,MEDIUM,15.0,True,0 days 01:33:51.171000,11,0 days 00:00:32.193000,0 days 00:00:30.059000,0 days 00:00:25.218000,1,87.47,5631.171,0.9769999999998618,False,True,False,15.0,0.0,0.0,0.0,0.0,32.193,30.059,25.218,0,0,0,0.0,87.4938,0.12015281935930235,-0.19808107813786105,0,1,87.355,87.61,0.25499999999999545,0.0,0.11499999999999488,-0.0806666666666634,0.0,-0.08699999999999974,0.0905720707503138,-0.0806666666666634,0,1,2025,Qatar Grand Prix,2025_Qatar Grand Prix
LAW,23,0 days 00:01:27.610000,MEDIUM,16.0,True,0 days 01:35:18.781000,11,0 days 00:00:32.156000,0 days 00:00:30.031000,0 days 00:00:25.423000,1,87.61,5718.781,0.7690000000002328,False,True,False,16.0,0.0,0.0,0.0,0.0,32.156,30.031,25.423,0,0,0,0.0,87.4682,0.10509376765531663,1.3492712571222572,0,0,87.47,87.312,-0.15800000000000125,0.11499999999999488,0.14000000000000057,-0.02500000000000095,0.0,0.2049999999999983,0.10855090971521061,-0.02500000000000095,0,1,2025,Qatar Grand Prix,2025_Qatar Grand Prix
LAW,24,0 days 00:01:27.312000,MEDIUM,17.0,True,0 days 01:36:46.093000,11,0 days 00:00:32.257000,0 days 00:00:29.918000,0 days 00:00:25.137000,1,87.312,5806.093,1.0,False,True,False,17.0,0.0,0.0,0.0,0.0,32.257,29.918,25.137,0,0,0,0.0,87.47080000000001,0.10915905825899175,-1.4547578783910293,0,0,87.61,87.297,-0.3130000000000024,0.25499999999999545,-0.2980000000000018,0.07866666666666806,0.0,-0.08099999999999952,0.11726039399558501,0.07866666666666806,0,1,2025,Qatar Grand Prix,2025_Qatar Grand Prix
LAW,25,0 days 00:01:27.297000,MEDIUM,18.0,True,0 days 01:38:13.390000,11,0 days 00:00:32.179000,0 days 00:00:29.906000,0 days 00:00:25.212000,1,87.297,5893.39,1.3689999999996871,False,True,False,18.0,0.0,0.0,0.0,0.0,32.179,29.906,25.212,0,0,0,0.0,87.4242,0.11886631145952044,-1.070109759764183,0,0,87.312,87.208,-0.1039999999999992,0.0,-0.015000000000000568,-0.014333333333335455,0.0,0.07499999999999929,0.11999999999999912,-0.014333333333335455,0,0,2025,Qatar Grand Prix,2025_Qatar Grand Prix
LAW,26,0 days 00:01:27.208000,MEDIUM,19.0,True,0 days 01:39:40.598000,11,0 days 00:00:32.229000,0 days 00:00:29.863000,0 days 00:00:25.116000,1,87.208,5980.598,1.4600000000000364,False,True,False,19.0,0.0,0.0,0.0,0.0,32.229,29.863,25.116,0,0,0,0.0,87.4088,0.1313304991233655,-1.5289670056867688,1,0,87.297,87.592,0.2950000000000017,0.0,-0.08899999999999864,-0.057666666666667275,0.0,-0.021000000000000796,0.12134990729291802,-0.057666666666667275,0,0,2025,Qatar Grand Prix,2025_Qatar Grand Prix
LAW,27,0 days 00:01:27.592000,MEDIUM,20.0,True,0 days 01:41:08.190000,11,0 days 00:00:32.351000,0 days 00:00:29.935000,0 days 00:00:25.306000,1,87.592,6068.19,1.274000000000342,False,True,False,20.0,0.0,0.0,0.0,0.0,32.351,29.935,25.306,0,0,0,0.0,87.3794,0.15976169753728175,1.3307319794244348,0,1,87.208,87.477,0.26900000000000546,0.0,0.38400000000000034,-0.13400000000000034,0.0,0.19000000000000128,0.12304958350193552,-0.13400000000000034,0,0,2025,Qatar Grand Prix,2025_Qatar Grand Prix
LAW,28,0 days 00:01:27.477000,MEDIUM,21.0,True,0 days 01:42:35.667000,11,0 days 00:00:32.409000,0 days 00:00:29.890000,0 days 00:00:25.178000,1,87.477,6155.667,1.420999999999367,False,True,False,21.0,0.0,0.0,0.0,0.0,32.409,29.89,25.178,0,0,0,0.0,87.4038,0.18446463075612302,0.3968240399254434,0,0,87.592,87.602,0.010000000000005116,0.38400000000000034,-0.11499999999999488,0.09333333333333371,0.0,0.062000000000001165,0.1261618008749081,0.09333333333333371,0,0,2025,Qatar Grand Prix,2025_Qatar Grand Prix
LAW,29,0 days 00:01:27.602000,MEDIUM,22.0,True,0 days 01:44:03.269000,11,0 days 00:00:32.374000,0 days 00:00:29.889000,0 days 00:00:25.339000,1,87.602,6243.269,1.2249999999994543,False,True,False,22.0,0.0,0.0,0.0,0.0,32.374,29.889,25.339,0,0,0,0.0,87.37719999999999,0.15444319344015928,1.4555513583518158,0,0,87.477,87.007,-0.46999999999999886,0.26900000000000546,0.125,0.060000000000002274,0.0,0.22299999999999898,0.10301213520746036,0.060000000000002274,0,0,2025,Qatar Grand Prix,2025_Qatar Grand Prix
LAW,30,0 days 00:01:27.007000,MEDIUM,23.0,True,0 days 01:45:30.276000,11,0 days 00:00:32.223000,0 days 00:00:29.845000,0 days 00:00:24.939000,1,87.007,6330.276,1.511000000000422,False,True,False,23.0,0.0,0.0,0.0,0.0,32.223,29.845,24.939,0,0,0,0.0,87.43520000000001,0.17668814334864955,-2.4234789719594203,1,0,87.602,86.816,-0.7860000000000014,0.39400000000000546,-0.5949999999999989,0.13133333333333516,0.0,-0.23900000000000077,0.09971308840869404,0.13133333333333516,0,0,2025,Qatar Grand Prix,2025_Qatar Grand Prix
LAW,31,0 days 00:01:26.816000,MEDIUM,24.0,True,0 days 01:46:57.092000,11,0 days 00:00:32.192000,0 days 00:00:29.648000,0 days 00:00:24.976000,1,86.816,6417.092,1.6690000000007785,False,True,False,24.0,0.0,0.0,0.0,0.0,32.192,29.648,24.976,0,0,0,0.0,87.37719999999999,0.2609170366227391,-2.150875263892509,1,1,87.007,85.593,-1.4140000000000015,0.0,-0.1910000000000025,-0.19499999999999792,0.0,0.036999999999999034,0.18573502631437117,-0.19499999999999792,0,0,2025,Qatar Grand Prix,2025_Qatar Grand Prix
LAW,34,0 days 00:01:25.593000,HARD,2.0,True,0 days 01:51:42.821000,12,0 days 00:00:31.741000,0 days 00:00:28.907000,0 days 00:00:24.945000,1,85.593,6702.821,1.0640000000003056,True,False,False,2.0,0.0,0.0,0.0,0.0,31.741,28.907,24.945,0,0,0,0.0,87.2988,0.3632818465048739,-4.695527773852336,1,1,86.816,85.509,-1.3070000000000022,0.0,-1.222999999999999,-0.2203333333333338,0.0,0.006000000000000227,0.18252205346204092,-0.2203333333333338,0,0,2025,Qatar Grand Prix,2025_Qatar Grand Prix
LAW,35,0 days 00:01:25.509000,HARD,3.0,True,0 days 01:53:08.330000,11,0 days 00:00:31.822000,0 days 00:00:28.913000,0 days 00:00:24.774000,1,85.509,6788.33,1.212999999999738,True,False,False,3.0,0.0,0.0,0.0,0.0,31.822,28.913,24.774,0,0,0,0.0,86.89900000000002,0.7988244487996017,-1.7400569074829597,1,1,85.593,86.364,0.7710000000000008,0.0,-0.08400000000000318,-0.6696666666666667,0.0,-0.16499999999999915,0.1662188316647666,-0.6696666666666667,0,0,2025,Qatar Grand Prix,2025_Qatar Grand Prix
LAW,36,0 days 00:01:26.364000,HARD,4.0,True,0 days 01:54:34.694000,11,0 days 00:00:32.102000,0 days 00:00:29.477000,0 days 00:00:24.785000,1,86.364,6874.694,0.7029999999995198,True,False,False,4.0,0.0,0.0,0.0,0.0,32.102,29.477,24.785,0,0,0,0.0,86.50540000000001,0.9186801946270485,-0.15391645626736056,0,1,85.509,85.996,0.48699999999999477,0.0,0.855000000000004,-0.4993333333333349,0.0,0.010999999999999233,0.18143263212553543,-0.4993333333333349,0,1,2025,Qatar Grand Prix,2025_Qatar Grand Prix
LAW,37,0 days 00:01:25.996000,HARD,5.0,True,0 days 01:56:00.690000,11,0 days 00:00:32.022000,0 days 00:00:29.193000,0 days 00:00:24.781000,1,85.996,6960.69,0.8910000000005311,True,False,False,5.0,0.0,0.0,0.0,0.0,32.022,29.193,24.781,0,0,0,0.0,86.2578,0.6868090709942585,-0.38118308429009756,0,0,86.364,85.624,-0.7400000000000091,0.855000000000004,-0.3680000000000092,-0.15066666666666606,0.0,0.006999999999997897,0.12386686401132449,-0.15066666666666606,0,1,2025,Qatar Grand Prix,2025_Qatar Grand Prix
LAW,38,0 days 00:01:25.624000,HARD,6.0,True,0 days 01:57:26.314000,11,0 days 00:00:31.756000,0 days 00:00:29.145000,0 days 00:00:24.723000,1,85.624,7046.314,0.9899999999997817,True,False,False,6.0,0.0,0.0,0.0,0.0,31.756,29.145,24.723,0,0,0,0.0,86.0556,0.5453533716774873,-0.791413462196845,0,0,85.996,85.618,-0.3780000000000001,0.48699999999999477,-0.3719999999999999,0.13433333333333053,0.0,-0.05100000000000193,0.08160392147439899,0.13433333333333053,0,1,2025,Qatar Grand Prix,2025_Qatar Grand Prix
LAW,39,0 days 00:01:25.618000,HARD,7.0,True,0 days 01:58:51.932000,11,0 days 00:00:31.699000,0 days 00:00:29.156000,0 days 00:00:24.763000,1,85.618,7131.932,1.0720000000001164,True,False,False,7.0,0.0,0.0,0.0,0.0,31.699,29.156,24.763,0,0,0,0.0,85.8172,0.35830810763923493,-0.5559461138416958,0,0,85.624,85.509,-0.11499999999999488,0.11499999999999488,-0.006000000000000227,0.03833333333333163,0.0,0.0400000000000027,0.07526486564127981,0.03833333333333163,0,0,2025,Qatar Grand Prix,2025_Qatar Grand Prix
LAW,40,0 days 00:01:25.509000,HARD,8.0,True,0 days 02:00:17.441000,11,0 days 00:00:31.819000,0 days 00:00:29.033000,0 days 00:00:24.657000,1,85.509,7217.441,1.1460000000006403,True,False,False,8.0,0.0,0.0,0.0,0.0,31.819,29.033,24.657,0,0,0,0.0,85.8222,0.3545521118256245,-0.8833680284325384,0,0,85.618,85.653,0.0350000000000108,0.10899999999999466,-0.10899999999999466,-0.24866666666666978,0.0,-0.06599999999999895,0.081552437118703,-0.24866666666666978,0,0,2025,Qatar Grand Prix,2025_Qatar Grand Prix
LAW,41,0 days 00:01:25.653000,HARD,9.0,True,0 days 02:01:43.094000,11,0 days 00:00:31.791000,0 days 00:00:29.046000,0 days 00:00:24.816000,1,85.653,7303.094,1.1769999999996799,True,False,False,9.0,0.0,0.0,0.0,0.0,31.791,29.046,24.816,0,0,0,0.0,85.8222,0.3545521118256245,-0.4772218084635331,0,0,85.509,85.631,0.12199999999999989,0.0,0.14400000000000546,-0.16233333333333158,0.0,0.15899999999999892,0.04480736546595945,-0.16233333333333158,0,0,2025,Qatar Grand Prix,2025_Qatar Grand Prix
LAW,42,0 days 00:01:25.631000,HARD,10.0,True,0 days 02:03:08.725000,11,0 days 00:00:31.773000,0 days 00:00:29.048000,0 days 00:00:24.810000,1,85.631,7388.725,0.9989999999997963,True,False,False,10.0,0.0,0.0,0.0,0.0,31.773,29.048,24.81,0,0,0,0.0,85.67999999999999,0.18493647558016518,-0.2649558441420181,0,0,85.653,85.468,-0.18500000000000227,0.14400000000000546,-0.02200000000000557,0.00966666666667019,0.0,0.1529999999999987,0.08986489859783958,0.00966666666667019,0,1,2025,Qatar Grand Prix,2025_Qatar Grand Prix
LAW,43,0 days 00:01:25.468000,HARD,11.0,True,0 days 02:04:34.193000,11,0 days 00:00:31.755000,0 days 00:00:29.082000,0 days 00:00:24.631000,1,85.468,7474.193,0.9479999999994106,True,False,False,11.0,0.0,0.0,0.0,0.0,31.755,29.082,24.631,0,0,0,0.0,85.607,0.05636044712400519,-2.4662685818330305,1,0,85.631,85.377,-0.2540000000000049,0.12199999999999989,-0.1629999999999967,0.0043333333333350765,0.0,-0.0259999999999998,0.10747325248637402,0.0043333333333350765,0,1,2025,Qatar Grand Prix,2025_Qatar Grand Prix
LAW,44,0 days 00:01:25.377000,HARD,12.0,True,0 days 02:05:59.570000,11,0 days 00:00:31.678000,0 days 00:00:29.177000,0 days 00:00:24.522000,1,85.377,7559.57,1.1640000000006694,True,False,False,12.0,0.0,0.0,0.0,0.0,31.678,29.177,24.522,0,0,0,0.0,85.5758,0.08196157636368456,-2.4255267995076006,1,1,85.468,85.538,0.06999999999999318,0.0,-0.09100000000000819,-0.013666666666665606,0.0,-0.10900000000000176,0.10222768705199092,-0.013666666666665606,0,0,2025,Qatar Grand Prix,2025_Qatar Grand Prix
LAW,45,0 days 00:01:25.538000,HARD,13.0,True,0 days 02:07:25.108000,11,0 days 00:00:31.798000,0 days 00:00:29.209000,0 days 00:00:24.531000,1,85.538,7645.108,0.9849999999996726,True,False,False,13.0,0.0,0.0,0.0,0.0,31.798,29.209,24.531,0,0,0,0.0,85.52759999999999,0.11510343174737946,0.09035351806737907,0,1,85.377,85.304,-0.07299999999999329,0.0,0.16100000000000136,-0.09200000000000348,0.0,0.009000000000000341,0.1256371760268429,-0.09200000000000348,0,1,2025,Qatar Grand Prix,2025_Qatar Grand Prix
LAW,46,0 days 00:01:25.304000,HARD,14.0,True,0 days 02:08:50.412000,11,0 days 00:00:31.730000,0 days 00:00:29.070000,0 days 00:00:24.504000,1,85.304,7730.412,1.0909999999994398,True,False,False,14.0,0.0,0.0,0.0,0.0,31.73,29.07,24.504,0,0,0,0.0,85.5334,0.11466167624809644,-2.000668466625584,1,0,85.538,85.463,-0.07500000000000284,0.16100000000000136,-0.23399999999999466,-0.031000000000001176,0.0,-0.01799999999999713,0.11662846993766136,-0.031000000000001176,0,0,2025,Qatar Grand Prix,2025_Qatar Grand Prix
LAW,47,0 days 00:01:25.463000,HARD,15.0,True,0 days 02:10:15.875000,11,0 days 00:00:31.761000,0 days 00:00:29.218000,0 days 00:00:24.484000,1,85.463,7815.875,1.055000000000291,True,False,False,15.0,0.0,0.0,0.0,0.0,31.761,29.218,24.484,0,0,0,0.0,85.4636,0.12898565811758816,-0.004651679952345745,0,1,85.304,85.305,0.0010000000000047748,0.0,0.15899999999999181,-0.05466666666666716,0.0,-0.019999999999999574,0.09533467365025157,-0.05466666666666716,0,0,2025,Qatar Grand Prix,2025_Qatar Grand Prix
LAW,48,0 days 00:01:25.305000,HARD,16.0,True,0 days 02:11:41.180000,11,0 days 00:00:31.726000,0 days 00:00:29.076000,0 days 00:00:24.503000,1,85.305,7901.18,0.9309999999995853,True,False,False,16.0,0.0,0.0,0.0,0.0,31.726,29.076,24.503,0,0,0,0.0,85.42999999999999,0.09066697303886076,-1.3786718119111527,0,0,85.463,85.396,-0.06699999999999307,0.15899999999999181,-0.15799999999998704,0.028666666666666174,0.0,0.01899999999999835,0.044673258220104144,0.028666666666666174,0,1,2025,Qatar Grand Prix,2025_Qatar Grand Prix
LAW,49,0 days 00:01:25.396000,HARD,17.0,True,0 days 02:13:06.576000,10,0 days 00:00:31.698000,0 days 00:00:29.112000,0 days 00:00:24.586000,1,85.396,7986.576,0.86200000000008,True,False,False,17.0,0.0,0.0,0.0,0.0,31.698,29.112,24.586,0,0,0,0.0,85.3974,0.10216310488640866,-0.01370357725091118,0,0,85.305,84.149,-1.156000000000006,0.0010000000000047748,0.09099999999999397,-0.07766666666666329,0.0,0.10199999999999676,0.05053414687120045,-0.07766666666666329,0,1,2025,Qatar Grand Prix,2025_Qatar Grand Prix
LAW,50,0 days 00:01:24.149000,HARD,18.0,True,0 days 02:14:30.725000,10,0 days 00:00:31.184000,0 days 00:00:28.643000,0 days 00:00:24.322000,1,84.149,8070.725,0.9690000000000509,True,False,False,18.0,0.0,0.0,0.0,0.0,31.184,28.643,24.322,0,0,0,0.0,85.4012,0.10156623454687559,-12.328900501101845,1,0,85.396,84.301,-1.0949999999999989,0.09199999999999875,-1.2469999999999999,0.03066666666666625,0.0,-0.1620000000000026,0.049692051678309736,0.03066666666666625,0,1,2025,Qatar Grand Prix,2025_Qatar Grand Prix
LAW,51,0 days 00:01:24.301000,HARD,19.0,True,0 days 02:15:55.026000,10,0 days 00:00:31.397000,0 days 00:00:28.583000,0 days 00:00:24.321000,1,84.301,8155.026,1.1900000000005093,True,False,False,19.0,0.0,0.0,0.0,0.0,31.397,28.583,24.321,0,0,0,0.0,85.1234,0.5487916726773967,-1.4985650128176122,0,1,84.149,84.128,-0.021000000000000796,0.0,0.15200000000000102,-0.43799999999999767,0.0,-0.0009999999999976694,0.09550497369247304,-0.43799999999999767,0,0,2025,Qatar Grand Prix,2025_Qatar Grand Prix
LAW,52,0 days 00:01:24.128000,HARD,20.0,True,0 days 02:17:19.154000,10,0 days 00:00:31.261000,0 days 00:00:28.506000,0 days 00:00:24.361000,1,84.128,8239.154,1.503999999998996,True,False,False,20.0,0.0,0.0,0.0,0.0,31.261,28.506,24.361,0,0,0,0.0,84.9228,0.6417189415936475,-1.2385484493042787,0,0,84.301,84.13,-0.17100000000000648,0.15200000000000102,-0.17300000000000182,-0.3346666666666683,0.0,0.03999999999999915,0.09570945616813417,-0.3346666666666683,0,0,2025,Qatar Grand Prix,2025_Qatar Grand Prix
LAW,53,0 days 00:01:24.130000,HARD,21.0,True,0 days 02:18:43.284000,10,0 days 00:00:31.270000,0 days 00:00:28.499000,0 days 00:00:24.361000,1,84.13,8323.284,1.6640000000006694,True,False,False,21.0,0.0,0.0,0.0,0.0,31.27,28.499,24.361,0,0,0,0.0,84.6558,0.6384862567041661,-0.8235102862106334,0,0,84.128,83.971,-0.15699999999999648,0.0,0.001999999999995339,-0.4226666666666669,0.0,0.03999999999999915,0.09824611951624354,-0.4226666666666669,0,0,2025,Qatar Grand Prix,2025_Qatar Grand Prix
LAW,54,0 days 00:01:23.971000,HARD,22.0,True,0 days 02:20:07.255000,10,0 days 00:00:31.215000,0 days 00:00:28.482000,0 days 00:00:24.274000,1,83.971,8407.255,1.8370000000013533,True,False,False,22.0,0.0,0.0,0.0,0.0,31.215,28.482,24.274,0,0,0,0.0,84.4208,0.549895171828342,-0.8179740849596111,0,0,84.13,84.405,0.2750000000000057,0.001999999999995339,-0.15899999999999181,-0.006333333333335152,0.0,-0.0470000000000006,0.0997206097053163,-0.006333333333335152,0,0,2025,Qatar Grand Prix,2025_Qatar Grand Prix
LAW,55,0 days 00:01:24.405000,HARD,23.0,True,0 days 02:21:31.660000,9,0 days 00:00:31.271000,0 days 00:00:28.689000,0 days 00:00:24.445000,1,84.405,8491.66,1.77599999999984,True,False,False,23.0,0.0,0.0,0.0,0.0,31.271,28.689,24.445,0,0,0,0.0,84.13579999999999,0.11696024965837888,2.301636673881082,0,0,83.971,84.376,0.40500000000000114,0.0,0.4339999999999975,-0.10999999999999943,0.0,0.17099999999999937,0.0840743718382728,-0.10999999999999943,0,0,2025,Qatar Grand Prix,2025_Qatar Grand Prix
LAW,56,0 days 00:01:24.376000,HARD,24.0,True,0 days 02:22:56.036000,9,0 days 00:00:31.448000,0 days 00:00:28.568000,0 days 00:00:24.360000,1,84.376,8576.036,1.6129999999993743,True,False,False,24.0,0.0,0.0,0.0,0.0,31.448,28.568,24.36,0,0,0,0.0,84.187,0.16874981481514384,1.1200012290801402,0,0,84.405,84.055,-0.3499999999999943,0.4339999999999975,-0.028999999999996362,0.09233333333333367,0.0,0.08599999999999852,0.0812545383347905,0.09233333333333367,0,0,2025,Qatar Grand Prix,2025_Qatar Grand Prix
LEC,2,0 days 00:01:29.405000,MEDIUM,2.0,True,0 days 01:01:45.504000,11,0 days 00:00:33.427000,0 days 00:00:29.825000,0 days 00:00:26.153000,1,89.405,3705.504,0.4859999999998763,False,True,False,2.0,0.0,0.0,0.0,0.0,33.427,29.825,26.153,0,0,0,0.0,84.1874,0.19401881352112485,26.892237434654295,0,0,89.405,88.982,-0.4230000000000018,5.4339999999999975,0.0,0.028000000000001062,0.0,1.8619999999999983,0.08135908062410725,0.0,0,1,2025,Qatar Grand Prix,2025_Qatar Grand Prix
LEC,3,0 days 00:01:28.982000,MEDIUM,3.0,True,0 days 01:03:14.486000,11,0 days 00:00:32.966000,0 days 00:00:30.149000,0 days 00:00:25.867000,1,88.982,3794.486,0.45400000000017826,False,True,False,3.0,0.0,0.0,0.0,0.0,32.966,30.149,25.867,0,0,0,0.0,,,0.0,0,0,89.405,88.281,-1.1239999999999952,0.0,-0.4230000000000018,0.0,0.0,0.0,0.0,0.0,0,1,2025,Qatar Grand Prix,2025_Qatar Grand Prix
LEC,4,0 days 00:01:28.281000,MEDIUM,4.0,True,0 days 01:04:42.767000,11,0 days 00:00:32.607000,0 days 00:00:29.972000,0 days 00:00:25.702000,1,88.281,3882.767,0.7450000000003456,False,True,False,4.0,0.0,0.0,0.0,0.0,32.607,29.972,25.702,0,0,0,0.0,,,0.0,0,0,88.982,88.257,-0.7249999999999943,0.0,-0.7009999999999934,-0.2115000000000009,0.0,-0.16499999999999915,0.0,0.0,0,1,2025,Qatar Grand Prix,2025_Qatar Grand Prix
LEC,5,0 days 00:01:28.257000,MEDIUM,5.0,True,0 days 01:06:11.024000,11,0 days 00:00:32.595000,0 days 00:00:30.128000,0 days 00:00:25.534000,1,88.257,3971.024,0.8510000000001128,False,True,False,5.0,0.0,0.0,0.0,0.0,32.595,30.128,25.534,0,0,0,0.0,88.88933333333334,0.5677009189118266,-1.113849409554236,0,0,88.281,88.042,-0.23900000000000432,0.0,-0.02400000000000091,-0.3746666666666651,0.0,-0.1680000000000028,1.1256848285969436,-0.5619999999999976,0,1,2025,Qatar Grand Prix,2025_Qatar Grand Prix
LEC,6,0 days 00:01:28.042000,MEDIUM,6.0,True,0 days 01:07:39.066000,11,0 days 00:00:32.324000,0 days 00:00:30.076000,0 days 00:00:25.642000,1,88.042,4059.066,0.5950000000002547,False,True,False,6.0,0.0,0.0,0.0,0.0,32.324,30.076,25.642,0,0,0,0.0,88.73125,0.5610860747989853,-1.228421147765843,0,0,88.257,88.18,-0.07699999999999818,0.0,-0.2150000000000034,-0.3826666666666654,0.0,0.10800000000000054,0.989618234472263,-0.3826666666666654,0,1,2025,Qatar Grand Prix,2025_Qatar Grand Prix
LEC,11,0 days 00:01:28.180000,MEDIUM,4.0,True,0 days 01:17:46.282000,9,0 days 00:00:32.617000,0 days 00:00:29.963000,0 days 00:00:25.600000,1,88.18,4666.282,0.4329999999999927,False,True,False,4.0,0.0,0.0,0.0,0.0,32.617,29.963,25.6,0,0,0,0.0,88.5934,0.5754357479336852,-0.7184120928956209,0,0,88.042,87.991,-0.05100000000000193,0.0,0.13800000000000523,-0.3133333333333326,0.0,0.0660000000000025,0.8657660191991824,-0.3133333333333326,0,1,2025,Qatar Grand Prix,2025_Qatar Grand Prix
LEC,12,0 days 00:01:27.991000,MEDIUM,5.0,True,0 days 01:19:14.273000,9,0 days 00:00:32.564000,0 days 00:00:29.895000,0 days 00:00:25.532000,1,87.991,4754.273,0.3999999999996362,False,True,False,5.0,0.0,0.0,0.0,0.0,32.564,29.895,25.532,0,0,0,0.0,88.34840000000001,0.36625988041280183,-0.9758098528214352,0,0,88.18,87.418,-0.7620000000000005,0.13800000000000523,-0.18900000000000716,-0.033666666666666366,0.0,-0.0019999999999988916,0.12885340507724363,-0.033666666666666366,0,1,2025,Qatar Grand Prix,2025_Qatar Grand Prix
LEC,13,0 days 00:01:27.418000,MEDIUM,6.0,True,0 days 01:20:41.691000,9,0 days 00:00:32.109000,0 days 00:00:29.890000,0 days 00:00:25.419000,1,87.418,4841.691,0.6419999999998254,False,True,False,6.0,0.0,0.0,0.0,0.0,32.109,29.89,25.419,0,0,0,0.0,88.15020000000001,0.12889414261322826,-5.680630517067896,1,0,87.991,87.844,-0.14700000000000557,0.0,-0.5729999999999933,-0.08866666666666845,0.0,-0.11299999999999955,0.12873305713762978,-0.08866666666666845,0,1,2025,Qatar Grand Prix,2025_Qatar Grand Prix
LEC,14,0 days 00:01:27.844000,MEDIUM,7.0,True,0 days 01:22:09.535000,9,0 days 00:00:32.278000,0 days 00:00:30.016000,0 days 00:00:25.550000,1,87.844,4929.535,0.4390000000003056,False,True,False,7.0,0.0,0.0,0.0,0.0,32.278,30.016,25.55,0,0,0,0.0,87.97760000000001,0.33034421441883105,-0.4044266379390227,0,1,87.418,87.701,0.28299999999998704,0.0,0.4259999999999877,-0.2079999999999984,0.0,0.13100000000000023,0.11687685827399828,-0.2079999999999984,0,1,2025,Qatar Grand Prix,2025_Qatar Grand Prix
LEC,15,0 days 00:01:27.701000,MEDIUM,8.0,True,0 days 01:23:37.236000,9,0 days 00:00:32.239000,0 days 00:00:30.061000,0 days 00:00:25.401000,1,87.701,5017.236,0.6090000000003783,False,True,False,8.0,0.0,0.0,0.0,0.0,32.239,30.061,25.401,0,0,0,0.0,87.89500000000001,0.29248076859854044,-0.663291473588479,0,0,87.844,87.541,-0.30299999999999727,0.4259999999999877,-0.14300000000000068,-0.11200000000000425,0.0,-0.018000000000000682,0.0984047763068437,-0.11200000000000425,0,1,2025,Qatar Grand Prix,2025_Qatar Grand Prix
LEC,16,0 days 00:01:27.541000,MEDIUM,9.0,True,0 days 01:25:04.777000,9,0 days 00:00:32.202000,0 days 00:00:30.041000,0 days 00:00:25.298000,1,87.541,5104.777,0.6409999999996217,False,True,False,9.0,0.0,0.0,0.0,0.0,32.202,30.041,25.298,0,0,0,0.0,87.82679999999999,0.28937467062614974,-0.9876469125012907,0,0,87.701,87.617,-0.08399999999998897,0.28299999999998704,-0.1599999999999966,-0.09666666666666875,0.0,-0.10300000000000153,0.09191681021445419,-0.09666666666666875,0,1,2025,Qatar Grand Prix,2025_Qatar Grand Prix
LEC,17,0 days 00:01:27.617000,MEDIUM,10.0,True,0 days 01:26:32.394000,9,0 days 00:00:32.187000,0 days 00:00:30.010000,0 days 00:00:25.420000,1,87.617,5192.394,0.5749999999998181,False,True,False,10.0,0.0,0.0,0.0,0.0,32.187,30.01,25.42,0,0,0,0.0,87.69899999999998,0.2292476826491127,-0.35769172910458125,0,0,87.541,87.404,-0.13700000000000045,0.12299999999999045,0.07600000000000762,0.04099999999999682,0.0,0.12200000000000344,0.09831327479033544,0.04099999999999682,0,1,2025,Qatar Grand Prix,2025_Qatar Grand Prix
LEC,18,0 days 00:01:27.404000,MEDIUM,11.0,True,0 days 01:27:59.798000,9,0 days 00:00:32.154000,0 days 00:00:30.047000,0 days 00:00:25.203000,1,87.404,5279.798,0.7880000000004657,False,True,False,11.0,0.0,0.0,0.0,0.0,32.154,30.047,25.203,0,0,0,0.0,87.6242,0.16101459561165582,-1.3675778842502975,0,0,87.617,87.456,-0.16100000000000136,0.19899999999999807,-0.21300000000000807,-0.07566666666666322,0.0,-0.09499999999999886,0.11797754023542031,-0.07566666666666322,0,1,2025,Qatar Grand Prix,2025_Qatar Grand Prix
LEC,19,0 days 00:01:27.456000,MEDIUM,12.0,True,0 days 01:29:27.254000,9,0 days 00:00:32.178000,0 days 00:00:29.987000,0 days 00:00:25.291000,1,87.456,5367.254,0.8209999999999127,False,True,False,12.0,0.0,0.0,0.0,0.0,32.178,29.987,25.291,0,0,0,0.0,87.6214,0.1655545227409557,-0.9990666353391845,0,0,87.404,87.402,-0.001999999999995339,0.0,0.05200000000000671,-0.09899999999999902,0.0,0.08800000000000097,0.11372027084033957,-0.09899999999999902,0,1,2025,Qatar Grand Prix,2025_Qatar Grand Prix
LEC,20,0 days 00:01:27.402000,MEDIUM,13.0,True,0 days 01:30:54.656000,9,0 days 00:00:32.120000,0 days 00:00:30.012000,0 days 00:00:25.270000,1,87.402,5454.656,0.6769999999996799,False,True,False,13.0,0.0,0.0,0.0,0.0,32.12,30.012,25.27,0,0,0,0.0,87.5438,0.11971925492577619,-1.184437708770548,0,0,87.456,87.344,-0.11200000000000898,0.05200000000000671,-0.054000000000002046,-0.02833333333333125,0.0,0.06700000000000017,0.10317315542329906,-0.02833333333333125,0,1,2025,Qatar Grand Prix,2025_Qatar Grand Prix
LEC,21,0 days 00:01:27.344000,MEDIUM,14.0,True,0 days 01:32:22,9,0 days 00:00:32.126000,0 days 00:00:30.025000,0 days 00:00:25.193000,1,87.344,5542.0,0.8810000000003129,False,True,False,14.0,0.0,0.0,0.0,0.0,32.126,30.025,25.193,0,0,0,0.0,87.48400000000001,0.09333541664332193,-1.4999665189798204,0,0,87.402,87.481,0.07899999999999352,0.0,-0.058000000000006935,-0.07166666666666781,0.0,-0.00999999999999801,0.10665692663863979,-0.07166666666666781,0,1,2025,Qatar Grand Prix,2025_Qatar Grand Prix
LEC,22,0 days 00:01:27.481000,MEDIUM,15.0,True,0 days 01:33:49.481000,9,0 days 00:00:32.056000,0 days 00:00:30.104000,0 days 00:00:25.321000,1,87.481,5629.481,0.49499999999989086,False,True,False,15.0,0.0,0.0,0.0,0.0,32.056,30.104,25.321,0,0,0,0.0,87.44460000000001,0.10420556607006307,0.3493095558399685,0,0,87.344,87.388,0.04400000000001114,0.0,0.13700000000000045,-0.020000000000000757,0.0,0.1280000000000001,0.08707066095993529,-0.020000000000000757,0,1,2025,Qatar Grand Prix,2025_Qatar Grand Prix
LEC,23,0 days 00:01:27.388000,MEDIUM,16.0,True,0 days 01:35:16.869000,9,0 days 00:00:31.993000,0 days 00:00:30.344000,0 days 00:00:25.051000,1,87.388,5716.869,0.7449999999998909,False,True,False,16.0,0.0,0.0,0.0,0.0,31.993,30.344,25.051,0,0,0,0.0,87.4174,0.05324283989402977,-0.5521869242608172,0,0,87.481,87.238,-0.242999999999995,0.13700000000000045,-0.09299999999998931,0.008333333333330492,0.0,-0.142000000000003,0.08860756175406168,0.008333333333330492,0,1,2025,Qatar Grand Prix,2025_Qatar Grand Prix
LEC,24,0 days 00:01:27.238000,MEDIUM,17.0,True,0 days 01:36:44.107000,9,0 days 00:00:32.048000,0 days 00:00:30.071000,0 days 00:00:25.119000,1,87.238,5804.107,0.7030000000004293,False,True,False,17.0,0.0,0.0,0.0,0.0,32.048,30.071,25.119,0,0,0,0.0,87.41420000000001,0.05471014531127773,-3.220609248933715,1,0,87.388,87.358,-0.030000000000001137,0.04400000000001114,-0.15000000000000568,-0.0046666666666652645,0.0,0.06800000000000139,0.10659362082226213,-0.0046666666666652645,0,1,2025,Qatar Grand Prix,2025_Qatar Grand Prix
LEC,25,0 days 00:01:27.358000,MEDIUM,18.0,True,0 days 01:38:11.465000,9,0 days 00:00:32.369000,0 days 00:00:29.985000,0 days 00:00:25.004000,1,87.358,5891.465,0.850999999999658,False,True,False,18.0,0.0,0.0,0.0,0.0,32.369,29.985,25.004,0,0,0,0.0,87.3706,0.08911677732043682,-0.1413875184768653,0,1,87.238,87.331,0.09300000000000352,0.0,0.12000000000000455,-0.03533333333333152,0.0,-0.046999999999997044,0.10403941560774069,-0.03533333333333152,0,1,2025,Qatar Grand Prix,2025_Qatar Grand Prix
LEC,26,0 days 00:01:27.331000,MEDIUM,19.0,True,0 days 01:39:38.796000,9,0 days 00:00:32.234000,0 days 00:00:29.944000,0 days 00:00:25.153000,1,87.331,5978.796,0.8109999999996944,False,True,False,19.0,0.0,0.0,0.0,0.0,32.234,29.944,25.153,0,0,0,0.0,87.36179999999999,0.08739679627984177,-0.3524156640864093,0,0,87.358,87.233,-0.125,0.12000000000000455,-0.027000000000001023,-0.04099999999999682,0.0,0.14899999999999736,0.10425833300029369,-0.04099999999999682,0,1,2025,Qatar Grand Prix,2025_Qatar Grand Prix
LEC,27,0 days 00:01:27.233000,MEDIUM,20.0,True,0 days 01:41:06.029000,9,0 days 00:00:32.324000,0 days 00:00:29.938000,0 days 00:00:24.971000,1,87.233,6066.029,1.014999999999418,False,True,False,20.0,0.0,0.0,0.0,0.0,32.324,29.938,24.971,0,0,0,0.0,87.3592,0.08824794615162415,-1.4300616105349957,0,0,87.331,87.155,-0.17600000000000193,0.09300000000000352,-0.09799999999999898,-0.01900000000000072,0.0,-0.03300000000000125,0.12320186686897223,-0.01900000000000072,0,0,2025,Qatar Grand Prix,2025_Qatar Grand Prix
LEC,28,0 days 00:01:27.155000,MEDIUM,21.0,True,0 days 01:42:33.184000,9,0 days 00:00:32.264000,0 days 00:00:29.893000,0 days 00:00:24.998000,1,87.155,6153.184,1.5579999999999927,False,True,False,21.0,0.0,0.0,0.0,0.0,32.264,29.893,24.998,0,0,0,0.0,87.3096,0.07060665690980324,-2.189595241671001,1,0,87.233,87.17,-0.06300000000000239,0.0,-0.07800000000000296,-0.0016666666666651508,0.0,0.027000000000001023,0.11211824115637896,-0.0016666666666651508,0,0,2025,Qatar Grand Prix,2025_Qatar Grand Prix
LEC,29,0 days 00:01:27.170000,MEDIUM,22.0,True,0 days 01:44:00.354000,9,0 days 00:00:32.261000,0 days 00:00:29.913000,0 days 00:00:24.996000,1,87.17,6240.354,1.643000000000029,False,True,False,22.0,0.0,0.0,0.0,0.0,32.261,29.913,24.996,0,0,0,0.0,87.263,0.08191153764871846,-1.1353711903057964,0,1,87.155,86.915,-0.23999999999999488,0.0,0.015000000000000568,-0.06766666666666765,0.0,0.02499999999999858,0.07980100249996692,-0.06766666666666765,0,0,2025,Qatar Grand Prix,2025_Qatar Grand Prix
LEC,30,0 days 00:01:26.915000,MEDIUM,23.0,True,0 days 01:45:27.269000,9,0 days 00:00:32.226000,0 days 00:00:29.714000,0 days 00:00:24.975000,1,86.915,6327.269,1.768000000000029,False,True,False,23.0,0.0,0.0,0.0,0.0,32.226,29.714,24.975,0,0,0,0.0,87.2494,0.09211026001470773,-3.630431614747289,1,0,87.17,86.99,-0.18000000000000682,0.015000000000000568,-0.25499999999999545,-0.05366666666666712,0.0,0.004000000000001336,0.07733821823652069,-0.05366666666666712,0,0,2025,Qatar Grand Prix,2025_Qatar Grand Prix
LEC,31,0 days 00:01:26.990000,MEDIUM,24.0,True,0 days 01:46:54.259000,9,0 days 00:00:32.235000,0 days 00:00:29.719000,0 days 00:00:25.036000,1,86.99,6414.259,1.5950000000002547,False,True,False,24.0,0.0,0.0,0.0,0.0,32.235,29.719,25.036,0,0,0,0.0,87.16080000000001,0.1538804730951082,-1.1099523972378775,0,1,86.915,85.506,-1.409000000000006,0.0,0.07499999999998863,-0.10599999999999928,0.0,0.06099999999999994,0.06845290351767272,-0.10599999999999928,0,0,2025,Qatar Grand Prix,2025_Qatar Grand Prix
LEC,34,0 days 00:01:25.506000,HARD,2.0,True,0 days 01:51:39.521000,10,0 days 00:00:31.824000,0 days 00:00:28.989000,0 days 00:00:24.693000,1,85.506,6699.521,1.83600000000024,True,False,False,2.0,0.0,0.0,0.0,0.0,31.824,28.989,24.693,0,0,0,0.0,87.0926,0.13385178370112585,-11.85340946626966,1,0,86.99,85.245,-1.7449999999999903,0.07499999999998863,-1.4839999999999947,-0.05500000000000208,0.0,-0.28200000000000003,0.0345282493040113,-0.05500000000000208,0,0,2025,Qatar Grand Prix,2025_Qatar Grand Prix
LEC,35,0 days 00:01:25.245000,HARD,3.0,True,0 days 01:53:04.766000,9,0 days 00:00:31.584000,0 days 00:00:28.911000,0 days 00:00:24.750000,1,85.245,6784.766,2.3060000000004948,True,False,False,3.0,0.0,0.0,0.0,0.0,31.584,28.911,24.75,0,0,0,0.0,86.74719999999999,0.702272525448608,-2.139055630918197,1,1,85.506,85.228,-0.2780000000000058,0.0,-0.2609999999999957,-0.5546666666666672,0.0,0.05699999999999861,0.14068582018099746,-0.5546666666666672,0,0,2025,Qatar Grand Prix,2025_Qatar Grand Prix
LEC,36,0 days 00:01:25.228000,HARD,4.0,True,0 days 01:54:29.994000,9,0 days 00:00:31.680000,0 days 00:00:28.922000,0 days 00:00:24.626000,1,85.228,6869.994,4.041000000000167,True,False,False,4.0,0.0,0.0,0.0,0.0,31.68,28.922,24.626,0,0,0,0.0,86.3652,0.9128842752506768,-1.245721972467686,0,1,85.245,85.203,-0.04200000000000159,0.0,-0.017000000000010118,-0.5566666666666672,0.0,-0.06700000000000017,0.14447318090220018,-0.5566666666666672,0,0,2025,Qatar Grand Prix,2025_Qatar Grand Prix
LEC,37,0 days 00:01:25.203000,HARD,5.0,True,0 days 01:55:55.197000,9,0 days 00:00:31.575000,0 days 00:00:29.009000,0 days 00:00:24.619000,1,85.203,6955.197,4.506999999999607,True,False,False,5.0,0.0,0.0,0.0,0.0,31.575,29.009,24.619,0,0,0,0.0,85.9768,0.897869533952424,-0.861817859654648,0,0,85.228,85.196,-0.031999999999996476,0.0,-0.024999999999991473,-0.5873333333333335,0.0,-0.0070000000000014495,0.1420327427039269,-0.5873333333333335,0,0,2025,Qatar Grand Prix,2025_Qatar Grand Prix
LEC,38,0 days 00:01:25.196000,HARD,6.0,True,0 days 01:57:20.393000,9,0 days 00:00:31.584000,0 days 00:00:29.105000,0 days 00:00:24.507000,1,85.196,7040.393,4.938000000000102,True,False,False,6.0,0.0,0.0,0.0,0.0,31.584,29.105,24.507,0,0,0,0.0,85.6344,0.7676322687328396,-0.571106788832217,0,0,85.203,85.274,0.07099999999999795,0.0,-0.007000000000005002,-0.10099999999999909,0.0,-0.11199999999999832,0.1411587758518748,-0.10099999999999909,0,0,2025,Qatar Grand Prix,2025_Qatar Grand Prix
LEC,39,0 days 00:01:25.274000,HARD,7.0,True,0 days 01:58:45.667000,9,0 days 00:00:31.548000,0 days 00:00:29.195000,0 days 00:00:24.531000,1,85.274,7125.667,5.173999999999978,True,False,False,7.0,0.0,0.0,0.0,0.0,31.548,29.195,24.531,0,0,0,0.0,85.2756,0.13028161804304972,-0.01228108787739782,0,0,85.196,85.371,0.17499999999999716,0.0,0.07800000000000296,-0.01633333333333553,0.0,0.023999999999997357,0.12852120447614765,-0.01633333333333553,0,0,2025,Qatar Grand Prix,2025_Qatar Grand Prix
LEC,40,0 days 00:01:25.371000,HARD,8.0,True,0 days 02:00:11.038000,9,0 days 00:00:31.709000,0 days 00:00:29.113000,0 days 00:00:24.549000,1,85.371,7211.038,5.031000000000859,True,False,False,8.0,0.0,0.0,0.0,0.0,31.709,29.113,24.549,0,0,0,0.0,85.22919999999999,0.03180723188070643,4.45810564502522,0,0,85.274,86.195,0.9209999999999923,0.07800000000000296,0.0969999999999942,0.015333333333335494,0.0,0.04199999999999804,0.06837762792024699,0.015333333333335494,0,0,2025,Qatar Grand Prix,2025_Qatar Grand Prix
LEC,41,0 days 00:01:26.195000,HARD,9.0,True,0 days 02:01:37.233000,9,0 days 00:00:31.638000,0 days 00:00:29.240000,0 days 00:00:25.317000,1,86.195,7297.233,4.467999999999847,True,False,False,9.0,0.0,0.0,0.0,0.0,31.638,29.24,25.317,0,0,0,0.0,85.25439999999999,0.07198819347583392,13.066031450223267,0,0,85.371,85.964,0.5930000000000035,0.17499999999999716,0.8239999999999981,0.055999999999997385,0.0,0.8099999999999987,0.0643078533306759,0.055999999999997385,0,0,2025,Qatar Grand Prix,2025_Qatar Grand Prix
LEC,42,0 days 00:01:25.964000,HARD,10.0,True,0 days 02:03:03.197000,9,0 days 00:00:31.823000,0 days 00:00:29.383000,0 days 00:00:24.758000,1,85.964,7383.197,4.251000000000204,True,False,False,10.0,0.0,0.0,0.0,0.0,31.823,29.383,24.758,0,0,0,0.0,85.4478,0.4235985127451749,1.2186067336608648,0,0,86.195,85.52,-0.6749999999999972,0.9989999999999952,-0.23099999999999454,0.3329999999999984,0.0,0.2270000000000003,0.3729688995077199,0.3329999999999984,0,0,2025,Qatar Grand Prix,2025_Qatar Grand Prix
LEC,43,0 days 00:01:25.520000,HARD,11.0,True,0 days 02:04:28.717000,9,0 days 00:00:31.617000,0 days 00:00:29.329000,0 days 00:00:24.574000,1,85.52,7468.717,4.206000000000131,True,False,False,11.0,0.0,0.0,0.0,0.0,31.617,29.329,24.574,0,0,0,0.0,85.6,0.4495703504457747,-0.17794767809014478,0,0,85.964,85.425,-0.5390000000000015,0.7680000000000007,-0.4440000000000026,0.22999999999999923,0.0,0.02500000000000213,0.36266265316406604,0.22999999999999923,0,0,2025,Qatar Grand Prix,2025_Qatar Grand Prix
LEC,44,0 days 00:01:25.425000,HARD,12.0,True,0 days 02:05:54.142000,9,0 days 00:00:31.532000,0 days 00:00:29.271000,0 days 00:00:24.622000,1,85.425,7554.142,4.479000000000269,True,False,False,12.0,0.0,0.0,0.0,0.0,31.532,29.271,24.622,0,0,0,0.0,85.6648,0.39706510801119477,-0.6039311819693852,0,0,85.52,85.103,-0.4170000000000016,0.2459999999999951,-0.09499999999999886,0.04966666666666697,0.0,0.047999999999998266,0.33768224709036715,0.04966666666666697,0,0,2025,Qatar Grand Prix,2025_Qatar Grand Prix
LEC,45,0 days 00:01:25.103000,HARD,13.0,True,0 days 02:07:19.245000,9,0 days 00:00:31.383000,0 days 00:00:29.253000,0 days 00:00:24.467000,1,85.103,7639.245,4.8659999999999854,True,False,False,13.0,0.0,0.0,0.0,0.0,31.383,29.253,24.467,0,0,0,0.0,85.69500000000001,0.3643013862174342,-1.625028128898407,1,0,85.425,84.78,-0.644999999999996,0.054000000000002046,-0.32200000000000273,-0.2566666666666653,0.0,-0.10700000000000287,0.3342533470288662,-0.2566666666666653,0,0,2025,Qatar Grand Prix,2025_Qatar Grand Prix
LEC,46,0 days 00:01:24.780000,HARD,14.0,True,0 days 02:08:44.025000,9,0 days 00:00:31.352000,0 days 00:00:29.038000,0 days 00:00:24.390000,1,84.78,7724.025,5.568000000000211,True,False,False,14.0,0.0,0.0,0.0,0.0,31.352,29.038,24.39,0,0,0,0.0,85.6414,0.4364588182176408,-1.973611172567637,1,1,85.103,84.878,-0.22499999999999432,0.0,-0.3229999999999933,-0.2870000000000014,0.0,-0.07699999999999818,0.36083417243936294,-0.2870000000000014,0,0,2025,Qatar Grand Prix,2025_Qatar Grand Prix
LEC,47,0 days 00:01:24.878000,HARD,15.0,True,0 days 02:10:08.903000,9,0 days 00:00:31.228000,0 days 00:00:29.201000,0 days 00:00:24.449000,1,84.878,7808.903,6.063000000000102,True,False,False,15.0,0.0,0.0,0.0,0.0,31.228,29.201,24.449,0,0,0,0.0,85.35839999999999,0.44639590051871625,-1.0761747575229959,0,1,84.78,84.787,0.007000000000005002,0.0,0.09799999999999898,-0.24666666666666495,0.0,0.05900000000000105,0.13147699418529468,-0.24666666666666495,0,0,2025,Qatar Grand Prix,2025_Qatar Grand Prix
LEC,48,0 days 00:01:24.787000,HARD,16.0,True,0 days 02:11:33.690000,9,0 days 00:00:31.333000,0 days 00:00:29.041000,0 days 00:00:24.413000,1,84.787,7893.69,6.704000000000633,True,False,False,16.0,0.0,0.0,0.0,0.0,31.333,29.041,24.413,0,0,0,0.0,85.1412,0.3260486160067149,-1.0863410626858694,0,0,84.878,84.607,-0.2710000000000008,0.09799999999999898,-0.09099999999999397,-0.18233333333333235,0.0,0.022999999999999687,0.0762351624908087,-0.18233333333333235,0,0,2025,Qatar Grand Prix,2025_Qatar Grand Prix
LEC,49,0 days 00:01:24.607000,HARD,17.0,True,0 days 02:12:58.297000,9,0 days 00:00:31.242000,0 days 00:00:29.034000,0 days 00:00:24.331000,1,84.607,7978.297,8.279000000000451,True,False,False,17.0,0.0,0.0,0.0,0.0,31.242,29.034,24.331,0,0,0,0.0,84.99459999999999,0.273743127767401,-1.415925956429251,0,0,84.787,84.77,-0.017000000000010118,0.007000000000005002,-0.18000000000000682,-0.10533333333332943,0.0,-0.05900000000000105,0.07600789432683924,-0.10533333333332943,0,0,2025,Qatar Grand Prix,2025_Qatar Grand Prix
LEC,50,0 days 00:01:24.770000,HARD,18.0,True,0 days 02:14:23.067000,9,0 days 00:00:31.302000,0 days 00:00:29.121000,0 days 00:00:24.347000,1,84.77,8063.067,7.6580000000003565,True,False,False,18.0,0.0,0.0,0.0,0.0,31.302,29.121,24.347,0,0,0,0.0,84.831,0.1809046710283229,-0.33719416780817524,0,0,84.607,84.818,0.21099999999999852,0.0,0.1629999999999967,-0.057666666666667275,0.0,0.01600000000000179,0.07015126513470746,-0.057666666666667275,0,0,2025,Qatar Grand Prix,2025_Qatar Grand Prix
LEC,51,0 days 00:01:24.818000,HARD,19.0,True,0 days 02:15:47.885000,9,0 days 00:00:31.353000,0 days 00:00:29.096000,0 days 00:00:24.369000,1,84.818,8147.885,7.140999999999622,True,False,False,19.0,0.0,0.0,0.0,0.0,31.353,29.096,24.369,0,0,0,0.0,84.7644,0.09806273502131099,0.5465888748499074,0,0,84.77,84.621,-0.1490000000000009,0.1629999999999967,0.04800000000000182,-0.036000000000001364,0.0,0.038000000000000256,0.057851534119674974,-0.036000000000001364,0,0,2025,Qatar Grand Prix,2025_Qatar Grand Prix
LEC,52,0 days 00:01:24.621000,HARD,20.0,True,0 days 02:17:12.506000,9,0 days 00:00:31.126000,0 days 00:00:29.138000,0 days 00:00:24.357000,1,84.621,8232.506,6.648000000001048,True,False,False,20.0,0.0,0.0,0.0,0.0,31.126,29.138,24.357,0,0,0,0.0,84.772,0.10100247521650534,-1.4950128665295797,0,0,84.818,85.109,0.2909999999999968,0.21099999999999852,-0.19700000000000273,0.010333333333330566,0.0,0.0259999999999998,0.044735891630769666,0.010333333333330566,0,0,2025,Qatar Grand Prix,2025_Qatar Grand Prix
LEC,53,0 days 00:01:25.109000,HARD,21.0,True,0 days 02:18:37.615000,9,0 days 00:00:31.401000,0 days 00:00:28.854000,0 days 00:00:24.854000,1,85.109,8317.615,5.668999999999869,True,False,False,21.0,0.0,0.0,0.0,0.0,31.401,28.854,24.854,0,0,0,0.0,84.7206,0.0989459448378478,3.9253756244027826,0,0,84.621,84.887,0.26600000000000534,0.013999999999995794,0.48799999999999955,0.0046666666666652645,0.0,0.5069999999999979,0.038725960285058716,0.0046666666666652645,0,0,2025,Qatar Grand Prix,2025_Qatar Grand Prix
LEC,54,0 days 00:01:24.887000,HARD,22.0,True,0 days 02:20:02.502000,9,0 days 00:00:31.638000,0 days 00:00:28.819000,0 days 00:00:24.430000,1,84.887,8402.502,4.752999999998792,True,False,False,22.0,0.0,0.0,0.0,0.0,31.638,28.819,24.43,0,0,0,0.0,84.785,0.2030209348807676,0.5024112417761625,0,0,85.109,84.939,-0.1700000000000017,0.5019999999999953,-0.2219999999999942,0.11299999999999955,0.0,0.0730000000000004,0.227568231526282,0.11299999999999955,0,0,2025,Qatar Grand Prix,2025_Qatar Grand Prix
LEC,55,0 days 00:01:24.939000,HARD,23.0,True,0 days 02:21:27.441000,8,0 days 00:00:31.248000,0 days 00:00:29.093000,0 days 00:00:24.598000,1,84.939,8487.441,4.218999999999141,True,False,False,23.0,0.0,0.0,0.0,0.0,31.248,29.093,24.598,0,0,0,0.0,84.841,0.1788225377290779,0.5480293549377553,0,0,84.887,84.432,-0.4549999999999983,0.26600000000000534,0.0519999999999925,0.02300000000000087,0.0,0.24099999999999966,0.2107332436992308,0.02300000000000087,0,0,2025,Qatar Grand Prix,2025_Qatar Grand Prix
LEC,56,0 days 00:01:24.432000,HARD,24.0,True,0 days 02:22:51.873000,8,0 days 00:00:31.313000,0 days 00:00:28.756000,0 days 00:00:24.363000,1,84.432,8571.873,4.163000000000466,True,False,False,24.0,0.0,0.0,0.0,0.0,31.313,28.756,24.363,0,0,0,0.0,84.87480000000001,0.17801741487807043,-2.4873970914772165,1,0,84.939,84.93,-0.00899999999998613,0.31799999999999784,-0.5069999999999908,0.10599999999999928,0.0,-0.06700000000000017,0.2036749861912344,0.10599999999999928,0,0,2025,Qatar Grand Prix,2025_Qatar Grand Prix
NOR,2,0 days 00:01:27.713000,MEDIUM,2.0,True,0 days 01:01:39.540000,3,0 days 00:00:32.601000,0 days 00:00:29.465000,0 days 00:00:25.647000,1,87.713,3699.54,0.9059999999999491,False,True,False,2.0,0.0,0.0,0.0,0.0,32.601,29.465,25.647,0,0,0,0.0,84.8594,0.25350207099719807,11.256712770727386,0,0,87.713,87.673,-0.03999999999999204,3.2809999999999917,0.0,0.014333333333335455,0.0,1.283999999999999,0.2165779305469503,0.0,0,1,2025,Qatar Grand Prix,2025_Qatar Grand Prix
NOR,3,0 days 00:01:27.673000,MEDIUM,3.0,True,0 days 01:03:07.213000,3,0 days 00:00:32.595000,0 days 00:00:29.431000,0 days 00:00:25.647000,1,87.673,3787.213,0.9699999999997999,False,True,False,3.0,0.0,0.0,0.0,0.0,32.595,29.431,25.647,0,0,0,0.0,,,0.0,0,0,87.713,87.505,-0.2079999999999984,0.0,-0.03999999999999204,0.0,0.0,0.0,0.0,0.0,0,1,2025,Qatar Grand Prix,2025_Qatar Grand Prix
NOR,4,0 days 00:01:27.505000,MEDIUM,4.0,True,0 days 01:04:34.718000,3,0 days 00:00:32.362000,0 days 00:00:29.572000,0 days 00:00:25.571000,1,87.505,3874.718,0.9450000000001637,False,True,False,4.0,0.0,0.0,0.0,0.0,32.362,29.572,25.571,0,0,0,0.0,,,0.0,0,0,87.673,86.946,-0.7270000000000039,0.0,-0.16800000000000637,-0.01999999999999602,0.0,-0.07599999999999696,0.0,0.0,0,1,2025,Qatar Grand Prix,2025_Qatar Grand Prix
NOR,5,0 days 00:01:26.946000,MEDIUM,5.0,True,0 days 01:06:01.664000,3,0 days 00:00:32.242000,0 days 00:00:29.494000,0 days 00:00:25.210000,1,86.946,3961.664,1.5039999999999054,False,True,False,5.0,0.0,0.0,0.0,0.0,32.242,29.494,25.21,0,0,0,0.0,87.63033333333333,0.11036907779506464,-6.20040818501728,1,0,87.505,86.957,-0.5480000000000018,0.0,-0.5589999999999975,-0.0693333333333328,0.0,-0.36100000000000065,0.7642024164665608,-0.1039999999999992,0,0,2025,Qatar Grand Prix,2025_Qatar Grand Prix
NOR,6,0 days 00:01:26.957000,MEDIUM,6.0,True,0 days 01:07:28.621000,3,0 days 00:00:32.279000,0 days 00:00:29.563000,0 days 00:00:25.115000,1,86.957,4048.621,1.8519999999998618,False,True,False,6.0,0.0,0.0,0.0,0.0,32.279,29.563,25.115,0,0,0,0.0,87.45925,0.3538345894152596,-1.4194485644549693,0,1,86.946,85.639,-1.3070000000000022,0.0,0.01099999999999568,-0.2556666666666653,0.0,-0.09500000000000242,0.7315282519037336,-0.2556666666666653,0,0,2025,Qatar Grand Prix,2025_Qatar Grand Prix
NOR,11,0 days 00:01:25.639000,MEDIUM,11.0,True,0 days 01:17:40.032000,2,0 days 00:00:31.855000,0 days 00:00:28.950000,0 days 00:00:24.834000,1,85.639,4660.032,1.988999999999578,False,True,False,11.0,0.0,0.0,0.0,0.0,31.855,28.95,24.834,0,0,0,0.0,87.3588,0.37993446803363395,-4.526570092208007,1,0,86.957,85.615,-1.3419999999999987,0.01099999999999568,-1.3179999999999978,-0.23866666666666939,0.0,-0.2809999999999988,0.648204674466329,-0.23866666666666939,0,0,2025,Qatar Grand Prix,2025_Qatar Grand Prix
NOR,12,0 days 00:01:25.615000,MEDIUM,12.0,True,0 days 01:19:05.647000,2,0 days 00:00:31.708000,0 days 00:00:29.076000,0 days 00:00:24.831000,1,85.615,4745.647,3.0330000000003565,False,True,False,12.0,0.0,0.0,0.0,0.0,31.708,29.076,24.831,0,0,0,0.0,86.944,0.798335768959407,-1.6647130839850712,1,1,85.639,85.702,0.06300000000000239,0.0,-0.02400000000000091,-0.6219999999999999,0.0,-0.0030000000000001137,0.15156615717237168,-0.6219999999999999,0,0,2025,Qatar Grand Prix,2025_Qatar Grand Prix
NOR,13,0 days 00:01:25.702000,MEDIUM,13.0,True,0 days 01:20:31.349000,2,0 days 00:00:31.842000,0 days 00:00:29.109000,0 days 00:00:24.751000,1,85.702,4831.349,3.8809999999994034,False,True,False,13.0,0.0,0.0,0.0,0.0,31.842,29.109,24.751,0,0,0,0.0,86.53240000000001,0.8568966098661003,-0.9690784050712616,0,1,85.615,85.843,0.22800000000000864,0.0,0.0870000000000033,-0.4436666666666677,0.0,-0.0799999999999983,0.15076538064157854,-0.4436666666666677,0,0,2025,Qatar Grand Prix,2025_Qatar Grand Prix
NOR,14,0 days 00:01:25.843000,MEDIUM,14.0,True,0 days 01:21:57.192000,2,0 days 00:00:31.781000,0 days 00:00:29.254000,0 days 00:00:24.808000,1,85.843,4917.192,4.185999999999694,False,True,False,14.0,0.0,0.0,0.0,0.0,31.781,29.254,24.808,0,0,0,0.0,86.1718,0.7124848770325065,-0.4614834792977646,0,0,85.702,85.786,0.08400000000000318,0.0870000000000033,0.14100000000000534,-0.41833333333333184,0.0,0.05699999999999861,0.15019653790950044,-0.41833333333333184,0,0,2025,Qatar Grand Prix,2025_Qatar Grand Prix
NOR,15,0 days 00:01:25.786000,MEDIUM,15.0,True,0 days 01:23:22.978000,2,0 days 00:00:31.727000,0 days 00:00:29.349000,0 days 00:00:24.710000,1,85.786,5002.978,4.69800000000032,False,True,False,15.0,0.0,0.0,0.0,0.0,31.727,29.349,24.71,0,0,0,0.0,85.9512,0.5691969782070424,-0.29023344523081435,0,0,85.843,85.94,0.0969999999999942,0.22800000000000864,-0.05700000000000216,0.06800000000000257,0.0,-0.04100000000000037,0.12779201853010944,0.06800000000000257,0,0,2025,Qatar Grand Prix,2025_Qatar Grand Prix
NOR,16,0 days 00:01:25.940000,MEDIUM,16.0,True,0 days 01:24:48.918000,2,0 days 00:00:31.855000,0 days 00:00:29.448000,0 days 00:00:24.637000,1,85.94,5088.918,4.800000000000182,False,True,False,16.0,0.0,0.0,0.0,0.0,31.855,29.448,24.637,0,0,0,0.0,85.717,0.09663074045059722,2.3077542297630274,0,0,85.786,86.043,0.257000000000005,0.17100000000000648,0.15399999999999636,0.05700000000000216,0.0,-0.0730000000000004,0.12852937407456633,0.05700000000000216,0,0,2025,Qatar Grand Prix,2025_Qatar Grand Prix
NOR,17,0 days 00:01:26.043000,MEDIUM,17.0,True,0 days 01:26:14.961000,2,0 days 00:00:31.854000,0 days 00:00:29.488000,0 days 00:00:24.701000,1,86.043,5174.961,4.733999999999469,False,True,False,17.0,0.0,0.0,0.0,0.0,31.854,29.488,24.701,0,0,0,0.0,85.7772,0.12537423977847098,2.120052735471546,0,0,85.94,85.935,-0.0049999999999954525,0.32500000000000284,0.10300000000000864,0.07933333333333319,0.0,0.06400000000000006,0.05645352070508924,0.07933333333333319,0,0,2025,Qatar Grand Prix,2025_Qatar Grand Prix
NOR,18,0 days 00:01:25.935000,MEDIUM,18.0,True,0 days 01:27:40.896000,2,0 days 00:00:31.881000,0 days 00:00:29.422000,0 days 00:00:24.632000,1,85.935,5260.896,4.557999999999993,False,True,False,18.0,0.0,0.0,0.0,0.0,31.881,29.422,24.632,0,0,0,0.0,85.8628,0.13283335424518417,0.5435381829381679,0,0,86.043,85.797,-0.24600000000000932,0.3410000000000082,-0.10800000000000409,0.06666666666666761,0.0,-0.004999999999999005,0.07015910489736843,0.06666666666666761,0,0,2025,Qatar Grand Prix,2025_Qatar Grand Prix
NOR,19,0 days 00:01:25.797000,MEDIUM,19.0,True,0 days 01:29:06.693000,2,0 days 00:00:31.889000,0 days 00:00:29.386000,0 days 00:00:24.522000,1,85.797,5346.693,4.487999999999374,False,True,False,19.0,0.0,0.0,0.0,0.0,31.889,29.386,24.522,0,0,0,0.0,85.90939999999999,0.09883976932401398,-1.1371940744977567,0,0,85.935,85.903,-0.031999999999996476,0.1490000000000009,-0.13800000000000523,0.04966666666666697,0.0,-0.11000000000000298,0.05995665100720699,0.04966666666666697,0,0,2025,Qatar Grand Prix,2025_Qatar Grand Prix
NOR,20,0 days 00:01:25.903000,MEDIUM,20.0,True,0 days 01:30:32.596000,2,0 days 00:00:31.833000,0 days 00:00:29.394000,0 days 00:00:24.676000,1,85.903,5432.596,4.449000000000524,False,True,False,20.0,0.0,0.0,0.0,0.0,31.833,29.394,24.676,0,0,0,0.0,85.90020000000001,0.10825756324629122,0.02586424371684164,0,0,85.797,85.853,0.055999999999997385,0.01099999999999568,0.10600000000000875,-0.04766666666666689,0.0,0.15399999999999991,0.06668208155119465,-0.04766666666666689,0,0,2025,Qatar Grand Prix,2025_Qatar Grand Prix
NOR,21,0 days 00:01:25.853000,MEDIUM,21.0,True,0 days 01:31:58.449000,2,0 days 00:00:31.900000,0 days 00:00:29.399000,0 days 00:00:24.554000,1,85.853,5518.449,4.399000000000342,False,True,False,21.0,0.0,0.0,0.0,0.0,31.9,29.399,24.554,0,0,0,0.0,85.92360000000001,0.08818616671578478,-0.8005790775275431,0,0,85.903,86.161,0.25799999999999557,0.10600000000000875,-0.05000000000001137,-0.046666666666666856,0.0,0.03200000000000003,0.10616732077244961,-0.046666666666666856,0,0,2025,Qatar Grand Prix,2025_Qatar Grand Prix
NOR,22,0 days 00:01:26.161000,MEDIUM,22.0,True,0 days 01:33:24.610000,2,0 days 00:00:31.974000,0 days 00:00:29.530000,0 days 00:00:24.657000,1,86.161,5604.61,4.15900000000056,False,True,False,22.0,0.0,0.0,0.0,0.0,31.974,29.53,24.657,0,0,0,0.0,85.9062,0.09261317400901914,2.7512284588711893,0,0,85.853,85.953,0.10000000000000853,0.055999999999997385,0.30800000000000693,-0.027333333333335947,0.0,0.13500000000000156,0.09658674857349851,-0.027333333333335947,0,0,2025,Qatar Grand Prix,2025_Qatar Grand Prix
NOR,23,0 days 00:01:25.953000,MEDIUM,23.0,True,0 days 01:34:50.563000,2,0 days 00:00:31.857000,0 days 00:00:29.419000,0 days 00:00:24.677000,1,85.953,5690.563,4.082999999999629,False,True,False,23.0,0.0,0.0,0.0,0.0,31.857,29.419,24.677,0,0,0,0.0,85.9298,0.13940301288000811,0.16642394967440408,0,0,86.161,85.97,-0.1910000000000025,0.3640000000000043,-0.2079999999999984,0.12133333333333478,0.0,0.12300000000000111,0.10793840836328979,0.12133333333333478,0,0,2025,Qatar Grand Prix,2025_Qatar Grand Prix
NOR,24,0 days 00:01:25.970000,MEDIUM,24.0,True,0 days 01:36:16.533000,1,0 days 00:00:32.001000,0 days 00:00:29.392000,0 days 00:00:24.577000,1,85.97,5776.533,3.8530000000000655,False,True,False,24.0,0.0,0.0,0.0,0.0,32.001,29.392,24.577,0,0,0,0.0,85.9334,0.13980271814247272,0.26179748495800964,0,0,85.953,85.304,-0.6490000000000009,0.1560000000000059,0.016999999999995907,0.01666666666666572,0.0,0.02300000000000324,0.10941069417566264,0.01666666666666572,0,0,2025,Qatar Grand Prix,2025_Qatar Grand Prix
NOR,27,0 days 00:01:25.304000,MEDIUM,2.0,True,0 days 01:40:59.510000,5,0 days 00:00:31.534000,0 days 00:00:28.838000,0 days 00:00:24.932000,1,85.304,6059.51,2.7289999999993597,False,True,False,2.0,0.0,0.0,0.0,0.0,31.534,28.838,24.932,0,0,0,0.0,85.96799999999999,0.11718361660242077,-5.666321105729301,1,0,85.97,85.065,-0.9050000000000011,0.11700000000000443,-0.6659999999999968,0.03900000000000148,0.0,0.3549999999999969,0.06124785710537119,0.03900000000000148,0,0,2025,Qatar Grand Prix,2025_Qatar Grand Prix
NOR,28,0 days 00:01:25.065000,MEDIUM,3.0,True,0 days 01:42:24.575000,5,0 days 00:00:31.485000,0 days 00:00:28.888000,0 days 00:00:24.692000,1,85.065,6144.575,3.912000000000262,False,True,False,3.0,0.0,0.0,0.0,0.0,31.485,28.888,24.692,0,0,0,0.0,85.8482,0.32397484470252313,-2.417471642649138,1,1,85.304,85.02,-0.284000000000006,0.0,-0.23900000000000432,-0.28566666666666646,0.0,0.11499999999999844,0.13387232723755685,-0.28566666666666646,0,0,2025,Qatar Grand Prix,2025_Qatar Grand Prix
NOR,29,0 days 00:01:25.020000,MEDIUM,4.0,True,0 days 01:43:49.595000,5,0 days 00:00:31.529000,0 days 00:00:28.949000,0 days 00:00:24.542000,1,85.02,6229.595,4.864999999999782,False,True,False,4.0,0.0,0.0,0.0,0.0,31.529,28.949,24.542,0,0,0,0.0,85.6906,0.4767151140880964,-1.406710171719207,0,1,85.065,85.167,0.10200000000000387,0.0,-0.045000000000001705,-0.29600000000000176,0.0,-0.03500000000000014,0.12281368001977432,-0.29600000000000176,0,0,2025,Qatar Grand Prix,2025_Qatar Grand Prix
NOR,30,0 days 00:01:25.167000,MEDIUM,5.0,True,0 days 01:45:14.762000,5,0 days 00:00:31.497000,0 days 00:00:29.172000,0 days 00:00:24.498000,1,85.167,6314.762,5.548999999999978,False,True,False,5.0,0.0,0.0,0.0,0.0,31.497,29.172,24.498,0,0,0,0.0,85.4624,0.46826306708946197,-0.6308419791381165,0,0,85.02,85.786,0.7660000000000053,0.0,0.14700000000000557,-0.3166666666666676,0.0,-0.04400000000000048,0.14884622937783654,-0.3166666666666676,0,0,2025,Qatar Grand Prix,2025_Qatar Grand Prix
NOR,31,0 days 00:01:25.786000,MEDIUM,6.0,True,0 days 01:46:40.548000,5,0 days 00:00:31.744000,0 days 00:00:29.436000,0 days 00:00:24.606000,1,85.786,6400.548,5.632000000000517,False,True,False,6.0,0.0,0.0,0.0,0.0,31.744,29.436,24.606,0,0,0,0.0,85.30519999999999,0.3873289299807483,1.2413222013235983,0,0,85.167,86.505,1.3379999999999939,0.14700000000000557,0.6189999999999998,-0.04566666666666682,0.0,0.10800000000000054,0.1648186882607659,-0.04566666666666682,0,0,2025,Qatar Grand Prix,2025_Qatar Grand Prix
NOR,32,0 days 00:01:26.505000,MEDIUM,7.0,True,0 days 01:48:07.053000,4,0 days 00:00:32.124000,0 days 00:00:29.654000,0 days 00:00:24.727000,1,86.505,6487.053,27.0600000000004,False,True,False,7.0,0.0,0.0,0.0,0.0,32.124,29.654,24.727,0,0,0,0.0,85.2684,0.3092463419347643,3.9987538486740037,0,0,85.786,84.607,-1.179000000000002,0.7660000000000053,0.7189999999999941,0.24033333333333454,0.0,0.2289999999999992,0.16145804408576142,0.24033333333333454,0,0,2025,Qatar Grand Prix,2025_Qatar Grand Prix
NOR,33,0 days 00:01:24.607000,MEDIUM,8.0,True,0 days 01:49:31.660000,2,0 days 00:00:31.098000,0 days 00:00:29.094000,0 days 00:00:24.415000,1,84.607,6571.66,29.875,False,True,False,8.0,0.0,0.0,0.0,0.0,31.098,29.094,24.415,0,0,0,0.0,85.5086,0.6367819878106021,-1.4158691942589376,0,0,86.505,84.704,-1.801000000000002,1.4849999999999994,-1.8979999999999961,0.49499999999999983,0.0,-0.08300000000000196,0.11474449877880853,0.49499999999999983,0,0,2025,Qatar Grand Prix,2025_Qatar Grand Prix
NOR,34,0 days 00:01:24.704000,MEDIUM,9.0,True,0 days 01:50:56.364000,2,0 days 00:00:31.460000,0 days 00:00:28.960000,0 days 00:00:24.284000,1,84.704,6656.364,3.4830000000001746,False,True,False,9.0,0.0,0.0,0.0,0.0,31.46,28.96,24.284,0,0,0,0.0,85.417,0.7409645740519751,-0.9622592293460909,0,0,84.607,84.631,0.02400000000000091,0.0,0.0969999999999942,-0.18666666666666742,0.0,-0.13100000000000023,0.130412806119645,-0.18666666666666742,0,0,2025,Qatar Grand Prix,2025_Qatar Grand Prix
NOR,35,0 days 00:01:24.631000,MEDIUM,10.0,True,0 days 01:52:20.995000,2,0 days 00:00:31.436000,0 days 00:00:28.934000,0 days 00:00:24.261000,1,84.631,6740.995,3.631000000000313,False,True,False,10.0,0.0,0.0,0.0,0.0,31.436,28.934,24.261,0,0,0,0.0,85.3538,0.7948117387155444,-0.9093977413671412,0,0,84.704,85.746,1.0420000000000016,0.0969999999999942,-0.07299999999999329,-0.3606666666666693,0.0,-0.022999999999999687,0.1490325467808965,-0.3606666666666693,0,0,2025,Qatar Grand Prix,2025_Qatar Grand Prix
NOR,36,0 days 00:01:25.746000,MEDIUM,11.0,True,0 days 01:53:46.741000,2,0 days 00:00:31.285000,0 days 00:00:28.988000,0 days 00:00:25.473000,1,85.746,6826.741,2.6289999999999054,False,True,False,11.0,0.0,0.0,0.0,0.0,31.285,28.988,25.473,0,0,0,0.0,85.24659999999999,0.8597949174076499,0.5808361853379399,0,0,84.631,84.981,0.3499999999999943,0.02400000000000091,1.1149999999999949,-0.624666666666665,0.0,1.2119999999999997,0.14721073330433515,-0.624666666666665,0,0,2025,Qatar Grand Prix,2025_Qatar Grand Prix
NOR,37,0 days 00:01:24.981000,MEDIUM,12.0,True,0 days 01:55:11.722000,2,0 days 00:00:31.521000,0 days 00:00:29.073000,0 days 00:00:24.387000,1,84.981,6911.722,2.266000000000531,False,True,False,12.0,0.0,0.0,0.0,0.0,31.521,29.073,24.387,0,0,0,0.0,85.23859999999999,0.8536857150029072,-0.30175039299927753,0,0,85.746,84.913,-0.8329999999999984,1.1389999999999958,-0.7650000000000006,0.37966666666666526,0.0,0.12600000000000122,0.5603661303112458,0.37966666666666526,0,0,2025,Qatar Grand Prix,2025_Qatar Grand Prix
NOR,38,0 days 00:01:24.913000,MEDIUM,13.0,True,0 days 01:56:36.635000,2,0 days 00:00:31.512000,0 days 00:00:29.059000,0 days 00:00:24.342000,1,84.913,6996.635,2.2600000000002183,False,True,False,13.0,0.0,0.0,0.0,0.0,31.512,29.059,24.342,0,0,0,0.0,84.93379999999999,0.47780508578293035,-0.04353239557069871,0,0,84.981,84.894,-0.08699999999998909,0.3739999999999952,-0.06799999999999784,0.09233333333333367,0.0,0.08099999999999952,0.562796321949602,0.09233333333333367,0,0,2025,Qatar Grand Prix,2025_Qatar Grand Prix
NOR,39,0 days 00:01:24.894000,MEDIUM,14.0,True,0 days 01:58:01.529000,2,0 days 00:00:31.488000,0 days 00:00:29.067000,0 days 00:00:24.339000,1,84.894,7081.529,1.957999999999629,False,True,False,14.0,0.0,0.0,0.0,0.0,31.488,29.067,24.339,0,0,0,0.0,84.99499999999999,0.44387441917735343,-0.2275418353397598,0,0,84.913,84.924,0.01100000000000989,0.2819999999999965,-0.018999999999991246,0.09399999999999882,0.0,-0.0030000000000001137,0.5452123439541696,0.09399999999999882,0,0,2025,Qatar Grand Prix,2025_Qatar Grand Prix
NOR,40,0 days 00:01:24.924000,MEDIUM,15.0,True,0 days 01:59:26.453000,2,0 days 00:00:31.507000,0 days 00:00:29.093000,0 days 00:00:24.324000,1,84.924,7166.453,1.574999999999818,False,True,False,15.0,0.0,0.0,0.0,0.0,31.507,29.093,24.324,0,0,0,0.0,85.03299999999999,0.4202374328876842,-0.25937717935068527,0,0,84.894,85.045,0.15099999999999625,0.26300000000000523,0.030000000000001137,-0.28399999999999653,0.0,-0.014999999999997016,0.525316380860144,-0.28399999999999653,0,0,2025,Qatar Grand Prix,2025_Qatar Grand Prix
NOR,41,0 days 00:01:25.045000,MEDIUM,16.0,True,0 days 02:00:51.498000,2,0 days 00:00:31.519000,0 days 00:00:29.110000,0 days 00:00:24.416000,1,85.045,7251.498,1.0979999999999563,False,True,False,16.0,0.0,0.0,0.0,0.0,31.519,29.11,24.416,0,0,0,0.0,85.0916,0.3672550884603647,-0.12688728206696365,0,0,84.924,84.991,0.06699999999999307,0.030000000000001137,0.12099999999999511,-0.018999999999995982,0.0,0.09199999999999875,0.5241790724552053,-0.018999999999995982,0,0,2025,Qatar Grand Prix,2025_Qatar Grand Prix
NOR,42,0 days 00:01:24.991000,MEDIUM,17.0,True,0 days 02:02:16.489000,2,0 days 00:00:31.429000,0 days 00:00:29.091000,0 days 00:00:24.471000,1,84.991,7336.489,0.8360000000002401,False,True,False,17.0,0.0,0.0,0.0,0.0,31.429,29.091,24.471,0,0,0,0.0,84.95139999999999,0.06155729038896971,0.6433031692880199,0,0,85.045,84.821,-0.22400000000000375,0.15099999999999625,-0.054000000000002046,0.04400000000000167,0.0,0.14699999999999847,0.06193302834513987,0.04400000000000167,0,1,2025,Qatar Grand Prix,2025_Qatar Grand Prix
NOR,43,0 days 00:01:24.821000,MEDIUM,18.0,True,0 days 02:03:41.310000,1,0 days 00:00:31.530000,0 days 00:00:29.037000,0 days 00:00:24.254000,1,84.821,7421.31,0.7619999999997162,False,True,False,18.0,0.0,0.0,0.0,0.0,31.53,29.037,24.254,0,0,0,0.0,84.9534,0.06290707432421351,-2.1046917444870283,1,0,84.991,83.633,-1.358000000000004,0.0969999999999942,-0.1700000000000017,0.0323333333333314,0.0,-0.07000000000000028,0.06824075028895701,0.0323333333333314,0,1,2025,Qatar Grand Prix,2025_Qatar Grand Prix
NOR,46,0 days 00:01:23.633000,HARD,2.0,True,0 days 02:08:21.357000,5,0 days 00:00:31.136000,0 days 00:00:28.524000,0 days 00:00:23.973000,1,83.633,7701.357,18.288000000000466,True,False,False,2.0,0.0,0.0,0.0,0.0,31.136,28.524,23.973,0,0,0,0.0,84.935,0.08665160125486186,-15.025688863735267,1,1,84.821,83.197,-1.6239999999999952,0.0,-1.1880000000000024,-0.03433333333333621,0.0,-0.28100000000000236,0.087531137316956,-0.03433333333333621,0,0,2025,Qatar Grand Prix,2025_Qatar Grand Prix
NOR,47,0 days 00:01:23.197000,HARD,3.0,True,0 days 02:09:44.554000,5,0 days 00:00:30.847000,0 days 00:00:28.402000,0 days 00:00:23.948000,1,83.197,7784.554,19.8149999999996,True,False,False,3.0,0.0,0.0,0.0,0.0,30.847,28.402,23.948,0,0,0,0.0,84.6828,0.5927758429626048,-2.5065123986399174,1,1,83.633,83.305,-0.32799999999998875,0.0,-0.43599999999999284,-0.47066666666666873,0.0,-0.02499999999999858,0.16653317987716473,-0.47066666666666873,0,0,2025,Qatar Grand Prix,2025_Qatar Grand Prix
NOR,48,0 days 00:01:23.305000,HARD,4.0,True,0 days 02:11:07.859000,5,0 days 00:00:30.854000,0 days 00:00:28.516000,0 days 00:00:23.935000,1,83.305,7867.859,21.010999999999513,True,False,False,4.0,0.0,0.0,0.0,0.0,30.854,28.516,23.935,0,0,0,0.0,84.3374,0.8600074418282697,-1.2004547283977456,0,1,83.197,83.674,0.47700000000000387,0.0,0.10800000000000409,-0.597999999999999,0.0,-0.013000000000001677,0.16643707519660422,-0.597999999999999,0,0,2025,Qatar Grand Prix,2025_Qatar Grand Prix
NOR,49,0 days 00:01:23.674000,HARD,5.0,True,0 days 02:12:31.533000,5,0 days 00:00:31.049000,0 days 00:00:28.623000,0 days 00:00:24.002000,1,83.674,7951.533,21.661999999999352,True,False,False,5.0,0.0,0.0,0.0,0.0,31.049,28.623,24.002,0,0,0,0.0,83.9894,0.8541198979065995,-0.3692689993208503,0,0,83.305,84.137,0.8319999999999936,0.10800000000000409,0.3689999999999998,-0.5053333333333304,0.0,0.06700000000000017,0.15374589425412344,-0.5053333333333304,0,0,2025,Qatar Grand Prix,2025_Qatar Grand Prix
NOR,50,0 days 00:01:24.137000,HARD,6.0,True,0 days 02:13:55.670000,5,0 days 00:00:31.150000,0 days 00:00:28.944000,0 days 00:00:24.043000,1,84.137,8035.67,21.94800000000032,True,False,False,6.0,0.0,0.0,0.0,0.0,31.15,28.944,24.043,0,0,0,0.0,83.726,0.645650834429853,0.6365669772005144,0,0,83.674,84.127,0.45299999999998875,0.47700000000000387,0.46299999999999386,0.013666666666670343,0.0,0.10800000000000054,0.1307738505971291,0.013666666666670343,0,0,2025,Qatar Grand Prix,2025_Qatar Grand Prix
NOR,51,0 days 00:01:24.127000,HARD,7.0,True,0 days 02:15:19.797000,5,0 days 00:00:31.062000,0 days 00:00:28.858000,0 days 00:00:24.207000,1,84.127,8119.797,22.321000000000822,True,False,False,7.0,0.0,0.0,0.0,0.0,31.062,28.858,24.207,0,0,0,0.0,83.5892,0.3687088282099613,1.4586035344229398,0,0,84.137,84.141,0.0040000000000048885,0.9399999999999977,-0.010000000000005116,0.3133333333333326,0.0,0.272000000000002,0.15146022580202473,0.3133333333333326,0,0,2025,Qatar Grand Prix,2025_Qatar Grand Prix
NOR,52,0 days 00:01:24.141000,HARD,8.0,True,0 days 02:16:43.938000,5,0 days 00:00:31.136000,0 days 00:00:28.987000,0 days 00:00:24.018000,1,84.141,8203.938,22.49699999999939,True,False,False,8.0,0.0,0.0,0.0,0.0,31.136,28.987,24.018,0,0,0,0.0,83.688,0.4422352315227362,1.0243417251949845,0,0,84.127,83.983,-0.14399999999999125,0.9299999999999926,0.014000000000010004,0.2739999999999962,0.0,0.01600000000000179,0.11986951238742982,0.2739999999999962,0,0,2025,Qatar Grand Prix,2025_Qatar Grand Prix
NOR,53,0 days 00:01:23.983000,HARD,9.0,True,0 days 02:18:07.921000,5,0 days 00:00:31.010000,0 days 00:00:28.864000,0 days 00:00:24.109000,1,83.983,8287.921,22.847999999999956,True,False,False,9.0,0.0,0.0,0.0,0.0,31.01,28.864,24.109,0,0,0,0.0,83.8768,0.37689149632219265,0.2817787109455347,0,0,84.141,84.073,-0.06800000000001205,0.8359999999999985,-0.15800000000000125,0.15566666666666626,0.0,0.09100000000000108,0.11187269550699222,0.15566666666666626,0,0,2025,Qatar Grand Prix,2025_Qatar Grand Prix
NOR,54,0 days 00:01:24.073000,HARD,10.0,True,0 days 02:19:31.994000,5,0 days 00:00:31,0 days 00:00:29.030000,0 days 00:00:24.043000,1,84.073,8371.994,23.18000000000029,True,False,False,10.0,0.0,0.0,0.0,0.0,31.0,29.03,24.043,0,0,0,0.0,84.0124,0.20035917747882998,0.3024568216067706,0,0,83.983,83.915,-0.06799999999999784,0.3089999999999975,0.0899999999999892,-0.05133333333333212,0.0,0.02499999999999858,0.09655412989613676,-0.05133333333333212,0,0,2025,Qatar Grand Prix,2025_Qatar Grand Prix
NOR,55,0 days 00:01:23.915000,HARD,11.0,True,0 days 02:20:55.909000,5,0 days 00:00:30.859000,0 days 00:00:28.949000,0 days 00:00:24.107000,1,83.915,8455.909,26.213999999999942,True,False,False,11.0,0.0,0.0,0.0,0.0,30.859,28.949,24.107,0,0,0,0.0,84.0922,0.06688198561645926,-2.649442871151709,1,0,84.073,83.925,-0.14799999999999613,0.0899999999999892,-0.15799999999998704,-0.018000000000000682,0.0,0.08899999999999864,0.10293347366139032,-0.018000000000000682,0,0,2025,Qatar Grand Prix,2025_Qatar Grand Prix
NOR,56,0 days 00:01:23.925000,HARD,12.0,True,0 days 02:22:19.834000,4,0 days 00:00:30.967000,0 days 00:00:29.107000,0 days 00:00:23.851000,1,83.925,8539.834,2.334999999999127,True,False,False,12.0,0.0,0.0,0.0,0.0,30.967,29.107,23.851,0,0,0,0.0,84.04780000000001,0.09673262117816071,-1.2694786774550542,0,1,83.915,83.499,-0.416000000000011,0.0,0.009999999999990905,-0.07533333333333303,0.0,-0.19200000000000017,0.10302572494285175,-0.07533333333333303,0,0,2025,Qatar Grand Prix,2025_Qatar Grand Prix
OCO,2,0 days 00:01:29.487000,MEDIUM,2.0,True,0 days 01:01:47.562000,15,0 days 00:00:33.266000,0 days 00:00:30.204000,0 days 00:00:26.017000,1,89.487,3707.562,0.4470000000001164,False,True,False,2.0,0.0,0.0,0.0,0.0,33.266,30.204,26.017,0,0,0,0.0,83.87899999999999,0.22150846484950865,25.317316897167075,0,0,89.487,89.039,-0.4479999999999933,5.9879999999999995,0.0,-0.1913333333333327,0.0,2.1660000000000004,0.13607424444030555,0.0,0,1,2025,Qatar Grand Prix,2025_Qatar Grand Prix
OCO,3,0 days 00:01:29.039000,MEDIUM,3.0,True,0 days 01:03:16.601000,15,0 days 00:00:32.878000,0 days 00:00:30.255000,0 days 00:00:25.906000,1,89.039,3796.601,0.5239999999998872,False,True,False,3.0,0.0,0.0,0.0,0.0,32.878,30.255,25.906,0,0,0,0.0,,,0.0,0,0,89.487,88.848,-0.6389999999999958,0.0,-0.4479999999999933,0.0,0.0,0.0,0.0,0.0,0,1,2025,Qatar Grand Prix,2025_Qatar Grand Prix
OCO,4,0 days 00:01:28.848000,MEDIUM,4.0,True,0 days 01:04:45.449000,15,0 days 00:00:32.607000,0 days 00:00:30.420000,0 days 00:00:25.821000,1,88.848,3885.449,0.31399999999985084,False,True,False,4.0,0.0,0.0,0.0,0.0,32.607,30.42,25.821,0,0,0,0.0,,,0.0,0,0,89.039,88.403,-0.6359999999999957,0.0,-0.1910000000000025,-0.22399999999999665,0.0,-0.0849999999999973,0.0,0.0,0,1,2025,Qatar Grand Prix,2025_Qatar Grand Prix
OCO,5,0 days 00:01:28.403000,MEDIUM,5.0,True,0 days 01:06:13.852000,15,0 days 00:00:32.604000,0 days 00:00:30.154000,0 days 00:00:25.645000,1,88.403,3973.852,0.5150000000003274,False,True,False,5.0,0.0,0.0,0.0,0.0,32.604,30.154,25.645,0,0,0,0.0,89.12466666666667,0.32800050812969045,-2.2001998435359713,1,0,88.848,88.328,-0.519999999999996,0.0,-0.4449999999999932,-0.2129999999999986,0.0,-0.17600000000000193,1.2757861628554104,-0.3194999999999979,0,1,2025,Qatar Grand Prix,2025_Qatar Grand Prix
OCO,6,0 days 00:01:28.328000,MEDIUM,6.0,True,0 days 01:07:42.180000,15,0 days 00:00:32.453000,0 days 00:00:30.128000,0 days 00:00:25.747000,1,88.328,4062.18,0.5100000000002183,False,True,False,6.0,0.0,0.0,0.0,0.0,32.453,30.128,25.747,0,0,0,0.0,88.94425,0.4493590806174226,-1.3713976785631257,0,1,88.403,89.116,0.7129999999999939,0.0,-0.07500000000000284,-0.3613333333333297,0.0,0.10200000000000031,1.1287900232845198,-0.3613333333333297,0,1,2025,Qatar Grand Prix,2025_Qatar Grand Prix
OCO,11,0 days 00:01:29.116000,MEDIUM,2.0,True,0 days 01:17:50.710000,18,0 days 00:00:33.030000,0 days 00:00:30.277000,0 days 00:00:25.809000,1,89.116,4670.71,0.6480000000001382,False,True,False,2.0,0.0,0.0,0.0,0.0,33.03,30.277,25.809,0,0,0,0.0,88.821,0.4768600423604434,0.6186301509762911,0,0,88.328,88.714,0.3859999999999957,0.0,0.7879999999999967,-0.23699999999999952,0.0,0.16400000000000148,0.9917851581869938,-0.23699999999999952,0,1,2025,Qatar Grand Prix,2025_Qatar Grand Prix
OCO,12,0 days 00:01:28.714000,MEDIUM,3.0,True,0 days 01:19:19.424000,18,0 days 00:00:32.909000,0 days 00:00:30.116000,0 days 00:00:25.689000,1,88.714,4759.424,0.61200000000008,False,True,False,3.0,0.0,0.0,0.0,0.0,32.909,30.116,25.689,0,0,0,0.0,88.74680000000001,0.3624647569074935,-0.09049155642014563,0,0,89.116,88.431,-0.6850000000000023,0.7879999999999967,-0.402000000000001,0.08933333333333356,0.0,0.04400000000000048,0.13738267721950997,0.08933333333333356,0,1,2025,Qatar Grand Prix,2025_Qatar Grand Prix
OCO,13,0 days 00:01:28.431000,MEDIUM,4.0,True,0 days 01:20:47.855000,18,0 days 00:00:32.469000,0 days 00:00:30.099000,0 days 00:00:25.863000,1,88.431,4847.855,0.9960000000000946,False,True,False,4.0,0.0,0.0,0.0,0.0,32.469,30.099,25.863,0,0,0,0.0,88.6818,0.3240728313203831,-0.773900110595984,0,0,88.714,88.255,-0.4590000000000032,0.3859999999999957,-0.28300000000000125,0.10366666666666428,0.0,0.1739999999999995,0.13870544329621698,0.10366666666666428,0,1,2025,Qatar Grand Prix,2025_Qatar Grand Prix
OCO,14,0 days 00:01:28.255000,MEDIUM,5.0,True,0 days 01:22:16.110000,18,0 days 00:00:32.460000,0 days 00:00:30.074000,0 days 00:00:25.721000,1,88.255,4936.11,1.0030000000006112,False,True,False,5.0,0.0,0.0,0.0,0.0,32.46,30.074,25.721,0,0,0,0.0,88.5984,0.32426578604597145,-1.059007810189751,0,0,88.431,88.069,-0.36199999999999477,0.10299999999999443,-0.17600000000000193,0.034333333333331474,0.0,0.03200000000000003,0.14275433443507118,0.034333333333331474,0,0,2025,Qatar Grand Prix,2025_Qatar Grand Prix
OCO,15,0 days 00:01:28.069000,MEDIUM,6.0,True,0 days 01:23:44.179000,18,0 days 00:00:32.474000,0 days 00:00:29.993000,0 days 00:00:25.602000,1,88.069,5024.179,1.1369999999997162,False,True,False,6.0,0.0,0.0,0.0,0.0,32.474,29.993,25.602,0,0,0,0.0,88.5688,0.3521202919458261,-1.4194012995902203,0,0,88.255,87.951,-0.30400000000000205,0.0,-0.18599999999999284,-0.2870000000000014,0.0,-0.08699999999999974,0.06573583497606068,-0.2870000000000014,0,0,2025,Qatar Grand Prix,2025_Qatar Grand Prix
OCO,16,0 days 00:01:27.951000,MEDIUM,7.0,True,0 days 01:25:12.130000,18,0 days 00:00:32.375000,0 days 00:00:29.953000,0 days 00:00:25.623000,1,87.951,5112.13,1.030999999999949,False,True,False,7.0,0.0,0.0,0.0,0.0,32.375,29.953,25.623,0,0,0,0.0,88.517,0.4105952995347307,-1.3784863115612134,0,0,88.069,87.406,-0.6629999999999967,0.0,-0.11800000000000921,-0.21499999999999866,0.0,0.021000000000000796,0.1076048326052315,-0.21499999999999866,0,0,2025,Qatar Grand Prix,2025_Qatar Grand Prix
OCO,17,0 days 00:01:27.406000,MEDIUM,8.0,True,0 days 01:26:39.536000,18,0 days 00:00:32.285000,0 days 00:00:29.849000,0 days 00:00:25.272000,1,87.406,5199.536,1.6189999999996871,False,True,False,8.0,0.0,0.0,0.0,0.0,32.285,29.849,25.272,0,0,0,0.0,88.28399999999999,0.3018542694745629,-2.9086883598774955,1,0,87.951,88.126,0.17500000000001137,0.0,-0.5449999999999875,-0.16000000000000134,0.0,-0.33000000000000185,0.09283695384920716,-0.16000000000000134,0,0,2025,Qatar Grand Prix,2025_Qatar Grand Prix
OCO,18,0 days 00:01:28.126000,MEDIUM,9.0,True,0 days 01:28:07.662000,18,0 days 00:00:32.716000,0 days 00:00:29.947000,0 days 00:00:25.463000,1,88.126,5287.662,1.5739999999996144,False,True,False,9.0,0.0,0.0,0.0,0.0,32.716,29.947,25.463,0,0,0,0.0,88.02239999999999,0.3899599979485372,0.2656682750667323,0,1,87.406,87.855,0.44899999999999807,0.0,0.7199999999999989,-0.28299999999999653,0.0,0.1910000000000025,0.18774317564161982,-0.28299999999999653,0,0,2025,Qatar Grand Prix,2025_Qatar Grand Prix
OCO,19,0 days 00:01:27.855000,MEDIUM,10.0,True,0 days 01:29:35.517000,18,0 days 00:00:32.319000,0 days 00:00:29.862000,0 days 00:00:25.674000,1,87.855,5375.517,1.4020000000000437,False,True,False,10.0,0.0,0.0,0.0,0.0,32.319,29.862,25.674,0,0,0,0.0,87.9614,0.32918429488665585,-0.32322319640622305,0,0,88.126,87.451,-0.6750000000000114,0.7199999999999989,-0.2710000000000008,0.01900000000000072,0.0,0.402000000000001,0.19263255176631092,0.01900000000000072,0,0,2025,Qatar Grand Prix,2025_Qatar Grand Prix
OCO,20,0 days 00:01:27.451000,MEDIUM,11.0,True,0 days 01:31:02.968000,18,0 days 00:00:32.145000,0 days 00:00:29.840000,0 days 00:00:25.466000,1,87.451,5462.968,1.643000000000029,False,True,False,11.0,0.0,0.0,0.0,0.0,32.145,29.84,25.466,0,0,0,0.0,87.88140000000001,0.28573116735845994,-1.5063109984780483,1,0,87.855,87.532,-0.3230000000000075,0.44899999999999807,-0.4040000000000106,-0.031999999999996476,0.0,0.19400000000000261,0.2771431038290518,-0.031999999999996476,0,0,2025,Qatar Grand Prix,2025_Qatar Grand Prix
OCO,21,0 days 00:01:27.532000,MEDIUM,12.0,True,0 days 01:32:30.500000,18,0 days 00:00:32.115000,0 days 00:00:29.953000,0 days 00:00:25.464000,1,87.532,5550.5,1.8119999999998981,False,True,False,12.0,0.0,0.0,0.0,0.0,32.115,29.953,25.464,0,0,0,0.0,87.7578,0.3163205652499281,-0.7138328164708475,0,1,87.451,87.777,0.3260000000000076,0.044999999999987494,0.08100000000000307,0.014999999999995831,0.0,0.0009999999999976694,0.27357138008205584,0.014999999999995831,0,0,2025,Qatar Grand Prix,2025_Qatar Grand Prix
OCO,22,0 days 00:01:27.777000,MEDIUM,13.0,True,0 days 01:33:58.277000,18,0 days 00:00:32.255000,0 days 00:00:29.954000,0 days 00:00:25.568000,1,87.777,5638.277,1.7659999999996217,False,True,False,13.0,0.0,0.0,0.0,0.0,32.255,29.954,25.568,0,0,0,0.0,87.674,0.3077263394642042,0.33471297965371516,0,0,87.532,87.716,0.1839999999999975,0.12599999999999056,0.24500000000000455,-0.19800000000000276,0.0,0.10400000000000276,0.2750768983393567,-0.19800000000000276,0,0,2025,Qatar Grand Prix,2025_Qatar Grand Prix
OCO,23,0 days 00:01:27.716000,MEDIUM,14.0,True,0 days 01:35:25.993000,18,0 days 00:00:32.157000,0 days 00:00:29.934000,0 days 00:00:25.625000,1,87.716,5725.993,1.576999999999316,False,True,False,14.0,0.0,0.0,0.0,0.0,32.157,29.934,25.625,0,0,0,0.0,87.74820000000001,0.26927625220214924,-0.11957979857742658,0,0,87.777,87.776,-0.0010000000000047748,0.3260000000000076,-0.06100000000000705,-0.026000000000000984,0.0,0.16100000000000136,0.14782185224113567,-0.026000000000000984,0,0,2025,Qatar Grand Prix,2025_Qatar Grand Prix
OCO,24,0 days 00:01:27.776000,MEDIUM,15.0,True,0 days 01:36:53.769000,17,0 days 00:00:32.229000,0 days 00:00:30.044000,0 days 00:00:25.503000,1,87.776,5813.769,1.644999999999527,False,True,False,15.0,0.0,0.0,0.0,0.0,32.229,30.044,25.503,0,0,0,0.0,87.6662,0.1693537717325468,0.6483469418879863,0,0,87.716,87.325,-0.39099999999999113,0.26500000000000057,0.060000000000002274,0.08833333333333353,0.0,0.03900000000000148,0.1477914070573798,0.08833333333333353,0,0,2025,Qatar Grand Prix,2025_Qatar Grand Prix
OCO,25,0 days 00:01:27.325000,MEDIUM,16.0,True,0 days 01:38:21.094000,17,0 days 00:00:32.126000,0 days 00:00:29.922000,0 days 00:00:25.277000,1,87.325,5901.094,1.6920000000000073,False,True,False,16.0,0.0,0.0,0.0,0.0,32.126,29.922,25.277,0,0,0,0.0,87.65039999999999,0.14990430280695619,-2.170718210931086,1,0,87.776,88.155,0.3790000000000049,0.32500000000000284,-0.4509999999999934,0.08133333333333326,0.0,-0.2259999999999991,0.08076942490819242,0.08133333333333326,0,0,2025,Qatar Grand Prix,2025_Qatar Grand Prix
OCO,26,0 days 00:01:28.155000,MEDIUM,17.0,True,0 days 01:39:49.249000,17,0 days 00:00:32.556000,0 days 00:00:30.262000,0 days 00:00:25.337000,1,88.155,5989.249,1.5540000000000873,False,True,False,17.0,0.0,0.0,0.0,0.0,32.556,30.262,25.337,0,0,0,0.0,87.62519999999999,0.1954704581261317,2.7103839888590397,0,1,87.325,87.791,0.465999999999994,0.0,0.8299999999999983,-0.15066666666666606,0.0,0.05999999999999872,0.1483971023975874,-0.15066666666666606,0,0,2025,Qatar Grand Prix,2025_Qatar Grand Prix
OCO,27,0 days 00:01:27.791000,MEDIUM,18.0,True,0 days 01:41:17.040000,17,0 days 00:00:32.382000,0 days 00:00:29.974000,0 days 00:00:25.435000,1,87.791,6077.04,1.3720000000002983,False,True,False,18.0,0.0,0.0,0.0,0.0,32.382,29.974,25.435,0,0,0,0.0,87.7498,0.29462297941612287,0.1398397371503495,0,0,88.155,87.516,-0.6389999999999958,0.8299999999999983,-0.3640000000000043,0.14633333333333573,0.0,0.1579999999999977,0.14926921986799543,0.14633333333333573,0,0,2025,Qatar Grand Prix,2025_Qatar Grand Prix
OCO,28,0 days 00:01:27.516000,MEDIUM,19.0,True,0 days 01:42:44.556000,17,0 days 00:00:32.235000,0 days 00:00:29.921000,0 days 00:00:25.360000,1,87.516,6164.556,1.379000000000815,False,True,False,19.0,0.0,0.0,0.0,0.0,32.235,29.921,25.36,0,0,0,0.0,87.7526,0.29501237262195124,-0.8020002615388301,0,0,87.791,87.317,-0.47400000000000375,0.465999999999994,-0.2749999999999915,0.005000000000000189,0.0,0.08299999999999841,0.1578838180435212,0.005000000000000189,0,0,2025,Qatar Grand Prix,2025_Qatar Grand Prix
OCO,29,0 days 00:01:27.317000,MEDIUM,20.0,True,0 days 01:44:11.873000,17,0 days 00:00:32.283000,0 days 00:00:29.803000,0 days 00:00:25.231000,1,87.317,6251.873,1.481999999999971,False,True,False,20.0,0.0,0.0,0.0,0.0,32.283,29.803,25.231,0,0,0,0.0,87.71260000000001,0.3141533065241147,-1.2592577947915036,0,0,87.516,87.584,0.06799999999999784,0.1910000000000025,-0.19900000000001228,0.0636666666666675,0.0,-0.1059999999999981,0.14615984400648344,0.0636666666666675,0,0,2025,Qatar Grand Prix,2025_Qatar Grand Prix
OCO,30,0 days 00:01:27.584000,MEDIUM,21.0,True,0 days 01:45:39.457000,17,0 days 00:00:32.262000,0 days 00:00:29.818000,0 days 00:00:25.504000,1,87.584,6339.457,1.095999999999549,False,True,False,21.0,0.0,0.0,0.0,0.0,32.262,29.818,25.504,0,0,0,0.0,87.6208,0.3553564407746713,-0.1035579935452305,0,0,87.317,87.513,0.19600000000001216,0.0,0.2670000000000101,-0.27933333333333604,0.0,0.2729999999999997,0.15618322573182883,-0.27933333333333604,0,0,2025,Qatar Grand Prix,2025_Qatar Grand Prix
OCO,31,0 days 00:01:27.513000,MEDIUM,22.0,True,0 days 01:47:06.970000,17,0 days 00:00:32.354000,0 days 00:00:29.883000,0 days 00:00:25.276000,1,87.513,6426.97,0.9920000000001892,False,True,False,22.0,0.0,0.0,0.0,0.0,32.354,29.883,25.276,0,0,0,0.0,87.67259999999999,0.3184152948588347,-0.5012322039076041,0,0,87.584,87.143,-0.4410000000000025,0.2670000000000101,-0.07099999999999795,-0.06899999999999788,0.0,0.04499999999999815,0.13911613853180238,-0.06899999999999788,0,1,2025,Qatar Grand Prix,2025_Qatar Grand Prix
OCO,32,0 days 00:01:27.143000,MEDIUM,23.0,True,0 days 01:48:34.113000,15,0 days 00:00:32.191000,0 days 00:00:29.733000,0 days 00:00:25.219000,1,87.143,6514.113,13.832999999999629,False,True,False,23.0,0.0,0.0,0.0,0.0,32.191,29.733,25.219,0,0,0,0.0,87.5442,0.17020781415683528,-2.357118572889512,1,0,87.513,87.422,-0.09100000000000819,0.19600000000001216,-0.37000000000000455,-0.001000000000000038,0.0,-0.012000000000000455,0.14017952774923895,-0.001000000000000038,0,0,2025,Qatar Grand Prix,2025_Qatar Grand Prix
OCO,33,0 days 00:01:27.422000,MEDIUM,24.0,True,0 days 01:50:01.535000,6,0 days 00:00:32.561000,0 days 00:00:29.609000,0 days 00:00:25.252000,1,87.422,6601.535,13.810999999999694,False,True,False,24.0,0.0,0.0,0.0,0.0,32.561,29.609,25.252,0,0,0,0.0,87.4146,0.18162681520100313,0.04074288255186671,0,1,87.143,85.056,-2.0870000000000033,0.0,0.27899999999999636,-0.05799999999999746,0.0,0.0329999999999977,0.140361319458032,-0.05799999999999746,0,0,2025,Qatar Grand Prix,2025_Qatar Grand Prix
OCO,36,0 days 00:01:25.056000,HARD,3.0,True,0 days 01:54:46.734000,17,0 days 00:00:31.307000,0 days 00:00:28.910000,0 days 00:00:24.839000,1,85.056,6886.734,1.282999999999447,True,False,False,3.0,0.0,0.0,0.0,0.0,31.307,28.91,24.839,0,0,0,0.0,87.3958,0.17317534466563275,-13.511161213610901,1,0,87.422,85.57,-1.8520000000000039,0.27899999999999636,-2.3659999999999997,-0.054000000000002046,0.0,-0.38000000000000256,0.1397901999426274,-0.054000000000002046,0,0,2025,Qatar Grand Prix,2025_Qatar Grand Prix
OCO,37,0 days 00:01:25.570000,HARD,4.0,True,0 days 01:56:12.304000,17,0 days 00:00:31.617000,0 days 00:00:29.035000,0 days 00:00:24.918000,1,85.57,6972.304,1.16399999999976,True,False,False,4.0,0.0,0.0,0.0,0.0,31.617,29.035,24.918,0,0,0,0.0,86.9436,1.0684087700876068,-1.285650247786134,0,1,85.056,85.544,0.48799999999999955,0.0,0.5139999999999958,-0.8190000000000026,0.0,0.07900000000000063,0.2355052016410683,-0.8190000000000026,0,0,2025,Qatar Grand Prix,2025_Qatar Grand Prix
OCO,38,0 days 00:01:25.544000,HARD,5.0,True,0 days 01:57:37.848000,17,0 days 00:00:31.648000,0 days 00:00:29.112000,0 days 00:00:24.784000,1,85.544,7057.848,1.1970000000001164,True,False,False,5.0,0.0,0.0,0.0,0.0,31.648,29.112,24.784,0,0,0,0.0,86.5408,1.143614314356096,-0.8716225282308124,0,0,85.57,85.548,-0.02199999999999136,0.5139999999999958,-0.02599999999999625,-0.5243333333333359,0.0,-0.054999999999999716,0.18898015768857898,-0.5243333333333359,0,0,2025,Qatar Grand Prix,2025_Qatar Grand Prix
OCO,39,0 days 00:01:25.548000,HARD,6.0,True,0 days 01:59:03.396000,17,0 days 00:00:31.686000,0 days 00:00:29.186000,0 days 00:00:24.676000,1,85.548,7143.396,0.9859999999998763,True,False,False,6.0,0.0,0.0,0.0,0.0,31.686,29.186,24.676,0,0,0,0.0,86.147,1.061185657649127,-0.5644629624254294,0,0,85.544,85.542,-0.001999999999995339,0.48799999999999955,0.0040000000000048885,-0.626,0.0,-0.10800000000000054,0.18197115155980145,-0.626,0,1,2025,Qatar Grand Prix,2025_Qatar Grand Prix
OCO,40,0 days 00:01:25.542000,HARD,7.0,True,0 days 02:00:28.938000,17,0 days 00:00:31.652000,0 days 00:00:29.173000,0 days 00:00:24.717000,1,85.542,7228.938,4.894000000000233,True,False,False,7.0,0.0,0.0,0.0,0.0,31.652,29.173,24.717,0,0,0,0.0,85.828,0.9168478608800075,-0.3119383402667192,0,0,85.548,85.897,0.34900000000000375,0.49200000000000443,-0.006000000000000227,0.16400000000000148,0.0,0.04100000000000037,0.17976846219512532,0.16400000000000148,0,0,2025,Qatar Grand Prix,2025_Qatar Grand Prix
OCO,41,0 days 00:01:25.897000,HARD,8.0,True,0 days 02:01:54.835000,17,0 days 00:00:31.818000,0 days 00:00:29.216000,0 days 00:00:24.863000,1,85.897,7314.835,4.6270000000004075,True,False,False,8.0,0.0,0.0,0.0,0.0,31.818,29.216,24.863,0,0,0,0.0,85.452,0.22165288177754985,2.0076436472709975,0,0,85.542,85.865,0.3229999999999933,0.4860000000000042,0.355000000000004,-0.009333333333330529,0.0,0.18700000000000117,0.18112509489300582,-0.009333333333330529,0,0,2025,Qatar Grand Prix,2025_Qatar Grand Prix
OCO,42,0 days 00:01:25.865000,HARD,9.0,True,0 days 02:03:20.700000,17,0 days 00:00:31.781000,0 days 00:00:29.212000,0 days 00:00:24.872000,1,85.865,7400.7,4.244999999999891,True,False,False,9.0,0.0,0.0,0.0,0.0,31.781,29.212,24.872,0,0,0,0.0,85.6202,0.15513929225141204,1.5779368105101679,0,0,85.897,85.799,-0.09799999999999898,0.355000000000004,-0.03200000000001069,0.11766666666666954,0.0,0.1960000000000015,0.11557767950603626,0.11766666666666954,0,0,2025,Qatar Grand Prix,2025_Qatar Grand Prix
OCO,43,0 days 00:01:25.799000,HARD,10.0,True,0 days 02:04:46.499000,17,0 days 00:00:31.604000,0 days 00:00:29.266000,0 days 00:00:24.929000,1,85.799,7486.499,3.905000000000655,True,False,False,10.0,0.0,0.0,0.0,0.0,31.604,29.266,24.929,0,0,0,0.0,85.67920000000001,0.18457708416881063,0.6490513193416315,0,0,85.865,86.125,0.2600000000000051,0.3229999999999933,-0.06599999999998829,0.10566666666666436,0.0,0.21199999999999974,0.13795905189584373,0.10566666666666436,0,0,2025,Qatar Grand Prix,2025_Qatar Grand Prix
OCO,44,0 days 00:01:26.125000,HARD,11.0,True,0 days 02:06:12.624000,17,0 days 00:00:31.696000,0 days 00:00:29.336000,0 days 00:00:25.093000,1,86.125,7572.624,3.337000000000444,True,False,False,11.0,0.0,0.0,0.0,0.0,31.696,29.336,25.093,0,0,0,0.0,85.7302,0.1727301363406328,2.2856463172207393,0,0,85.799,85.937,0.13799999999999102,0.257000000000005,0.3259999999999934,0.08566666666666833,0.0,0.23000000000000043,0.13776538026659688,0.08566666666666833,0,0,2025,Qatar Grand Prix,2025_Qatar Grand Prix
OCO,45,0 days 00:01:25.937000,HARD,12.0,True,0 days 02:07:38.561000,17,0 days 00:00:31.937000,0 days 00:00:29.216000,0 days 00:00:24.784000,1,85.937,7658.561,3.157000000000153,True,False,False,12.0,0.0,0.0,0.0,0.0,31.937,29.216,24.784,0,0,0,0.0,85.84559999999999,0.2094201518484717,0.4364431941876384,0,0,86.125,85.761,-0.3640000000000043,0.5829999999999984,-0.1880000000000024,0.07599999999999814,0.0,-0.08800000000000097,0.07569478185449707,0.07599999999999814,0,0,2025,Qatar Grand Prix,2025_Qatar Grand Prix
OCO,46,0 days 00:01:25.761000,HARD,13.0,True,0 days 02:09:04.322000,17,0 days 00:00:31.657000,0 days 00:00:29.332000,0 days 00:00:24.772000,1,85.761,7744.322,3.037000000000262,True,False,False,13.0,0.0,0.0,0.0,0.0,31.657,29.332,24.772,0,0,0,0.0,85.9246,0.12288531238608134,-1.3313226521816015,0,0,85.937,86.018,0.08100000000000307,0.13799999999999102,-0.17600000000000193,0.02400000000000091,0.0,-0.012000000000000455,0.13260769208458487,0.02400000000000091,0,0,2025,Qatar Grand Prix,2025_Qatar Grand Prix
OCO,47,0 days 00:01:26.018000,HARD,14.0,True,0 days 02:10:30.340000,17,0 days 00:00:31.745000,0 days 00:00:29.376000,0 days 00:00:24.897000,1,86.018,7830.34,2.537999999999556,True,False,False,14.0,0.0,0.0,0.0,0.0,31.745,29.376,24.897,0,0,0,0.0,85.8974,0.14379429752333558,0.8386980713225052,0,0,85.761,85.761,0.0,0.0,0.257000000000005,-0.012666666666670304,0.0,0.125,0.14684958290713696,-0.012666666666670304,0,0,2025,Qatar Grand Prix,2025_Qatar Grand Prix
OCO,48,0 days 00:01:25.761000,HARD,15.0,True,0 days 02:11:56.101000,17,0 days 00:00:31.594000,0 days 00:00:29.394000,0 days 00:00:24.773000,1,85.761,7916.101,2.3510000000005675,True,False,False,15.0,0.0,0.0,0.0,0.0,31.594,29.394,24.773,0,0,0,0.0,85.928,0.15126136321025627,-1.1040492856584156,0,0,86.018,85.633,-0.3850000000000051,0.257000000000005,-0.257000000000005,-0.03566666666666644,0.0,0.0010000000000012221,0.13940875151869062,-0.03566666666666644,0,0,2025,Qatar Grand Prix,2025_Qatar Grand Prix
OCO,49,0 days 00:01:25.633000,HARD,16.0,True,0 days 02:13:21.734000,17,0 days 00:00:31.548000,0 days 00:00:29.311000,0 days 00:00:24.774000,1,85.633,8001.734,2.311999999999898,True,False,False,16.0,0.0,0.0,0.0,0.0,31.548,29.311,24.774,0,0,0,0.0,85.9204,0.1600618630412203,-1.7955557591254068,1,0,85.761,85.667,-0.09399999999999409,0.0,-0.1280000000000001,-0.05866666666666731,0.0,0.0020000000000024443,0.1258042129660211,-0.05866666666666731,0,0,2025,Qatar Grand Prix,2025_Qatar Grand Prix
OCO,50,0 days 00:01:25.667000,HARD,17.0,True,0 days 02:14:47.401000,16,0 days 00:00:31.639000,0 days 00:00:29.308000,0 days 00:00:24.720000,1,85.667,8087.401,2.09900000000016,True,False,False,17.0,0.0,0.0,0.0,0.0,31.639,29.308,24.72,0,0,0,0.0,85.82199999999999,0.15395129099893018,-1.006811953275949,0,1,85.633,85.765,0.132000000000005,0.0,0.034000000000006025,-0.04266666666666671,0.0,-0.053000000000000824,0.07642185551267351,-0.04266666666666671,0,0,2025,Qatar Grand Prix,2025_Qatar Grand Prix
OCO,51,0 days 00:01:25.765000,HARD,18.0,True,0 days 02:16:13.166000,16,0 days 00:00:31.648000,0 days 00:00:29.397000,0 days 00:00:24.720000,1,85.765,8173.166,1.7559999999994034,True,False,False,18.0,0.0,0.0,0.0,0.0,31.648,29.397,24.72,0,0,0,0.0,85.768,0.1508509197858715,-0.019887184010932955,0,0,85.667,85.799,0.132000000000005,0.034000000000006025,0.09799999999999898,-0.1169999999999997,0.0,0.0,0.0666880798943853,-0.1169999999999997,0,0,2025,Qatar Grand Prix,2025_Qatar Grand Prix
OCO,52,0 days 00:01:25.799000,HARD,19.0,True,0 days 02:17:38.965000,16,0 days 00:00:31.633000,0 days 00:00:29.401000,0 days 00:00:24.765000,1,85.799,8258.965,1.3780000000006112,True,False,False,19.0,0.0,0.0,0.0,0.0,31.633,29.401,24.765,0,0,0,0.0,85.7688,0.15081511860633645,0.20024517620701546,0,0,85.765,85.981,0.21599999999999397,0.132000000000005,0.034000000000006025,0.0013333333333349628,0.0,0.045000000000001705,0.065791336815723,0.0013333333333349628,0,0,2025,Qatar Grand Prix,2025_Qatar Grand Prix
OCO,53,0 days 00:01:25.981000,HARD,20.0,True,0 days 02:19:04.946000,16,0 days 00:00:31.586000,0 days 00:00:29.378000,0 days 00:00:25.017000,1,85.981,8344.946,2.6299999999991996,True,False,False,20.0,0.0,0.0,0.0,0.0,31.586,29.378,25.017,0,0,0,0.0,85.725,0.07106335201950431,3.6024194289306464,0,0,85.799,86.971,1.171999999999997,0.16600000000001103,0.18199999999998795,0.05533333333333701,0.0,0.2970000000000006,0.034763486591536975,0.05533333333333701,0,0,2025,Qatar Grand Prix,2025_Qatar Grand Prix
OCO,54,0 days 00:01:26.971000,HARD,21.0,True,0 days 02:20:31.917000,16,0 days 00:00:31.751000,0 days 00:00:30.466000,0 days 00:00:24.754000,1,86.971,8431.917,1.0349999999998545,True,False,False,21.0,0.0,0.0,0.0,0.0,31.751,30.466,24.754,0,0,0,0.0,85.76899999999999,0.13671137480196502,8.792245720161798,0,0,85.981,86.318,0.3370000000000033,0.347999999999999,0.9900000000000091,0.10466666666666431,0.0,0.03400000000000247,0.1379409293864585,0.10466666666666431,0,0,2025,Qatar Grand Prix,2025_Qatar Grand Prix
OCO,55,0 days 00:01:26.318000,HARD,22.0,True,0 days 02:21:58.235000,15,0 days 00:00:31.903000,0 days 00:00:29.467000,0 days 00:00:24.948000,1,86.318,8518.235,0.7680000000000291,True,False,False,22.0,0.0,0.0,0.0,0.0,31.903,29.467,24.948,0,0,0,0.0,86.03659999999999,0.5345603801257838,0.526413872898307,0,0,86.971,86.001,-0.9699999999999989,1.304000000000002,-0.6530000000000058,0.402000000000001,0.0,0.19399999999999906,0.13540051698571892,0.402000000000001,0,1,2025,Qatar Grand Prix,2025_Qatar Grand Prix
PIA,2,0 days 00:01:27.150000,MEDIUM,2.0,True,0 days 01:01:36.542000,1,0 days 00:00:32.074000,0 days 00:00:29.317000,0 days 00:00:25.759000,1,87.15,3696.542,1.5239999999998872,False,True,False,2.0,0.0,0.0,0.0,0.0,32.074,29.317,25.759,0,0,0,0.0,86.214,0.4625332420488347,2.023638335385164,0,0,87.15,86.93,-0.21999999999999886,1.350999999999999,0.0,0.0066666666666700776,0.0,1.004999999999999,0.11059611204739374,0.0,0,0,2025,Qatar Grand Prix,2025_Qatar Grand Prix
PIA,3,0 days 00:01:26.930000,MEDIUM,3.0,True,0 days 01:03:03.472000,1,0 days 00:00:32.099000,0 days 00:00:29.235000,0 days 00:00:25.596000,1,86.93,3783.472,2.105000000000018,False,True,False,3.0,0.0,0.0,0.0,0.0,32.099,29.235,25.596,0,0,0,0.0,,,0.0,0,0,87.15,87.217,0.06699999999999307,0.0,-0.21999999999999886,0.0,0.0,0.0,0.0,0.0,0,0,2025,Qatar Grand Prix,2025_Qatar Grand Prix
PIA,4,0 days 00:01:27.217000,MEDIUM,4.0,True,0 days 01:04:30.689000,1,0 days 00:00:32.261000,0 days 00:00:29.397000,0 days 00:00:25.559000,1,87.217,3870.689,2.211999999999989,False,True,False,4.0,0.0,0.0,0.0,0.0,32.261,29.397,25.559,0,0,0,0.0,,,0.0,0,0,86.93,86.899,-0.03100000000000591,0.0,0.28699999999999193,-0.10999999999999943,0.0,-0.036999999999999034,0.0,0.0,0,0,2025,Qatar Grand Prix,2025_Qatar Grand Prix
PIA,5,0 days 00:01:26.899000,MEDIUM,5.0,True,0 days 01:05:57.588000,1,0 days 00:00:32.031000,0 days 00:00:29.438000,0 days 00:00:25.430000,1,86.899,3957.588,2.155999999999949,False,True,False,5.0,0.0,0.0,0.0,0.0,32.031,29.438,25.43,0,0,0,0.0,87.099,0.15014326491720828,-1.3320610825286534,0,0,87.217,86.72,-0.4969999999999999,0.28699999999999193,-0.31799999999999784,0.022333333333331023,0.0,-0.12900000000000134,0.5912075213775043,0.03349999999999653,0,0,2025,Qatar Grand Prix,2025_Qatar Grand Prix
PIA,6,0 days 00:01:26.720000,MEDIUM,6.0,True,0 days 01:07:24.308000,1,0 days 00:00:32.036000,0 days 00:00:29.295000,0 days 00:00:25.389000,1,86.72,4044.308,2.5590000000001965,False,True,False,6.0,0.0,0.0,0.0,0.0,32.036,29.295,25.389,0,0,0,0.0,87.049,0.15820450899600338,-2.079586745585861,1,0,86.899,85.068,-1.831000000000003,0.0,-0.17900000000000205,-0.08366666666666826,0.0,-0.04100000000000037,0.5329336262612818,-0.08366666666666826,0,0,2025,Qatar Grand Prix,2025_Qatar Grand Prix
PIA,11,0 days 00:01:25.068000,MEDIUM,11.0,True,0 days 01:17:38.776000,1,0 days 00:00:31.597000,0 days 00:00:28.732000,0 days 00:00:24.739000,1,85.068,4658.776,1.2560000000003129,False,True,False,11.0,0.0,0.0,0.0,0.0,31.597,28.732,24.739,0,0,0,0.0,86.9832,0.20104651203142365,-9.526153827034076,1,1,86.72,85.228,-1.4920000000000044,0.0,-1.652000000000001,-0.07000000000000266,0.0,-0.6499999999999986,0.47496189320828647,-0.07000000000000266,0,0,2025,Qatar Grand Prix,2025_Qatar Grand Prix
PIA,12,0 days 00:01:25.228000,MEDIUM,12.0,True,0 days 01:19:04.004000,1,0 days 00:00:31.630000,0 days 00:00:28.868000,0 days 00:00:24.730000,1,85.228,4744.004,1.643000000000029,False,True,False,12.0,0.0,0.0,0.0,0.0,31.63,28.868,24.73,0,0,0,0.0,86.56679999999999,0.8565779007189119,-1.5629635073194847,1,1,85.068,85.38,0.3119999999999976,0.0,0.1599999999999966,-0.7163333333333336,0.0,-0.009000000000000341,0.2717081154474405,-0.7163333333333336,0,0,2025,Qatar Grand Prix,2025_Qatar Grand Prix
PIA,13,0 days 00:01:25.380000,MEDIUM,13.0,True,0 days 01:20:29.384000,1,0 days 00:00:31.719000,0 days 00:00:28.950000,0 days 00:00:24.711000,1,85.38,4829.384,1.9650000000001455,False,True,False,13.0,0.0,0.0,0.0,0.0,31.719,28.95,24.711,0,0,0,0.0,86.2264,1.001999650698557,-0.8447108733121056,0,1,85.228,85.652,0.4240000000000066,0.1599999999999966,0.15200000000000102,-0.5570000000000022,0.0,-0.019000000000001904,0.27031500143351206,-0.5570000000000022,0,0,2025,Qatar Grand Prix,2025_Qatar Grand Prix
PIA,14,0 days 00:01:25.652000,MEDIUM,14.0,True,0 days 01:21:55.036000,1,0 days 00:00:31.777000,0 days 00:00:29.191000,0 days 00:00:24.684000,1,85.652,4915.036,2.155999999999949,False,True,False,14.0,0.0,0.0,0.0,0.0,31.777,29.191,24.684,0,0,0,0.0,85.859,0.8769555290891575,-0.2360438963364453,0,0,85.38,85.647,0.2670000000000101,0.3119999999999976,0.27200000000000557,-0.4466666666666678,0.0,-0.02699999999999747,0.27269176738581496,-0.4466666666666678,0,0,2025,Qatar Grand Prix,2025_Qatar Grand Prix
PIA,15,0 days 00:01:25.647000,MEDIUM,15.0,True,0 days 01:23:20.683000,1,0 days 00:00:31.769000,0 days 00:00:29.199000,0 days 00:00:24.679000,1,85.647,5000.683,2.2950000000000728,False,True,False,15.0,0.0,0.0,0.0,0.0,31.769,29.199,24.679,0,0,0,0.0,85.6096,0.6569724499551338,0.056927805728473606,0,0,85.652,85.493,-0.15900000000000603,0.5840000000000032,-0.0049999999999954525,0.19466666666666774,0.0,-0.005000000000002558,0.2802002855102036,0.19466666666666774,0,0,2025,Qatar Grand Prix,2025_Qatar Grand Prix
PIA,16,0 days 00:01:25.493000,MEDIUM,16.0,True,0 days 01:24:46.176000,1,0 days 00:00:31.697000,0 days 00:00:29.159000,0 days 00:00:24.637000,1,85.493,5086.176,2.7419999999992797,False,True,False,16.0,0.0,0.0,0.0,0.0,31.697,29.159,24.637,0,0,0,0.0,85.39500000000001,0.2571944789455251,0.3810346178571803,0,0,85.647,85.602,-0.045000000000001705,0.5790000000000077,-0.15400000000001057,0.13966666666667038,0.0,-0.04199999999999804,0.28411089384252664,0.13966666666667038,0,0,2025,Qatar Grand Prix,2025_Qatar Grand Prix
PIA,17,0 days 00:01:25.602000,MEDIUM,17.0,True,0 days 01:26:11.778000,1,0 days 00:00:31.752000,0 days 00:00:29.226000,0 days 00:00:24.624000,1,85.602,5171.778,3.1829999999999927,False,True,False,17.0,0.0,0.0,0.0,0.0,31.752,29.226,24.624,0,0,0,0.0,85.48,0.18107042828704484,0.6737709804640071,0,0,85.493,85.784,0.291000000000011,0.26500000000000057,0.10900000000000887,0.037666666666666515,0.0,-0.013000000000001677,0.014825653442594289,0.037666666666666515,0,0,2025,Qatar Grand Prix,2025_Qatar Grand Prix
PIA,18,0 days 00:01:25.784000,MEDIUM,18.0,True,0 days 01:27:37.562000,1,0 days 00:00:31.797000,0 days 00:00:29.323000,0 days 00:00:24.664000,1,85.784,5257.562,3.3339999999998327,False,True,False,18.0,0.0,0.0,0.0,0.0,31.797,29.323,24.664,0,0,0,0.0,85.5548,0.11678056345149045,1.962655370259567,0,0,85.602,85.65,0.04800000000000182,0.2220000000000084,0.18200000000000216,-0.01666666666666572,0.0,0.0400000000000027,0.014149204924655765,-0.01666666666666572,0,0,2025,Qatar Grand Prix,2025_Qatar Grand Prix
PIA,19,0 days 00:01:25.650000,MEDIUM,19.0,True,0 days 01:29:03.212000,1,0 days 00:00:31.783000,0 days 00:00:29.257000,0 days 00:00:24.610000,1,85.65,5343.212,3.480999999999767,False,True,False,19.0,0.0,0.0,0.0,0.0,31.783,29.257,24.61,0,0,0,0.0,85.6356,0.10474397357386493,0.13747807638645926,0,0,85.784,85.806,0.02199999999999136,0.291000000000011,-0.13400000000000034,0.04566666666666682,0.0,-0.013999999999999346,0.03100483833210504,0.04566666666666682,0,0,2025,Qatar Grand Prix,2025_Qatar Grand Prix
PIA,20,0 days 00:01:25.806000,MEDIUM,20.0,True,0 days 01:30:29.018000,1,0 days 00:00:31.871000,0 days 00:00:29.340000,0 days 00:00:24.595000,1,85.806,5429.018,3.57799999999952,False,True,False,20.0,0.0,0.0,0.0,0.0,31.871,29.34,24.595,0,0,0,0.0,85.6352,0.1046694797925478,1.6318032757831702,0,0,85.65,85.958,0.3079999999999927,0.1570000000000107,0.1559999999999917,0.052333333333336896,0.0,-0.015000000000000568,0.029676590100616167,0.052333333333336896,0,0,2025,Qatar Grand Prix,2025_Qatar Grand Prix
PIA,21,0 days 00:01:25.958000,MEDIUM,21.0,True,0 days 01:31:54.976000,1,0 days 00:00:31.867000,0 days 00:00:29.395000,0 days 00:00:24.696000,1,85.958,5514.976,3.4729999999999563,False,True,False,21.0,0.0,0.0,0.0,0.0,31.867,29.395,24.696,0,0,0,0.0,85.667,0.13019216566307232,2.2351575343871555,0,0,85.806,85.87,0.06400000000000716,0.3130000000000024,0.15200000000000102,0.06799999999999784,0.0,0.10100000000000264,0.029861346252304116,0.06799999999999784,0,0,2025,Qatar Grand Prix,2025_Qatar Grand Prix
PIA,22,0 days 00:01:25.870000,MEDIUM,22.0,True,0 days 01:33:20.846000,1,0 days 00:00:31.845000,0 days 00:00:29.346000,0 days 00:00:24.679000,1,85.87,5600.846,3.7640000000001237,False,True,False,22.0,0.0,0.0,0.0,0.0,31.845,29.346,24.679,0,0,0,0.0,85.76,0.14049911031759546,0.7829231071381634,0,0,85.958,85.857,-0.10099999999999909,0.35599999999999454,-0.08799999999999386,0.05799999999999746,0.0,0.08399999999999963,0.0510656440280559,0.05799999999999746,0,0,2025,Qatar Grand Prix,2025_Qatar Grand Prix
PIA,23,0 days 00:01:25.857000,MEDIUM,23.0,True,0 days 01:34:46.703000,1,0 days 00:00:31.934000,0 days 00:00:29.300000,0 days 00:00:24.623000,1,85.857,5686.703,3.8599999999996726,False,True,False,23.0,0.0,0.0,0.0,0.0,31.934,29.3,24.623,0,0,0,0.0,85.81360000000001,0.1137224691959938,0.38163082728351555,0,0,85.87,84.945,-0.9250000000000114,0.21999999999999886,-0.01300000000000523,0.07333333333333296,0.0,0.028000000000002245,0.05383957652136607,0.07333333333333296,0,0,2025,Qatar Grand Prix,2025_Qatar Grand Prix
PIA,26,0 days 00:01:24.945000,MEDIUM,2.0,True,0 days 01:39:30.085000,4,0 days 00:00:31.501000,0 days 00:00:28.705000,0 days 00:00:24.739000,1,84.945,5970.085,5.694999999999709,False,True,False,2.0,0.0,0.0,0.0,0.0,31.501,28.705,24.739,0,0,0,0.0,85.8282,0.11365825970880006,-7.770662706457223,1,0,85.857,84.951,-0.9060000000000059,0.20699999999999363,-0.9120000000000061,0.017000000000000643,0.0,0.11599999999999966,0.05406200144278812,0.017000000000000643,0,0,2025,Qatar Grand Prix,2025_Qatar Grand Prix
PIA,27,0 days 00:01:24.951000,MEDIUM,3.0,True,0 days 01:40:55.036000,4,0 days 00:00:31.390000,0 days 00:00:28.921000,0 days 00:00:24.640000,1,84.951,6055.036,4.47400000000016,False,True,False,3.0,0.0,0.0,0.0,0.0,31.39,28.921,24.64,0,0,0,0.0,85.68719999999999,0.4184957586404466,-1.7591576134287845,1,1,84.945,85.269,0.3240000000000123,0.0,0.006000000000000227,-0.3376666666666684,0.0,0.01699999999999946,0.05477864547430852,-0.3376666666666684,0,0,2025,Qatar Grand Prix,2025_Qatar Grand Prix
PIA,28,0 days 00:01:25.269000,MEDIUM,4.0,True,0 days 01:42:20.305000,4,0 days 00:00:31.636000,0 days 00:00:29.079000,0 days 00:00:24.554000,1,85.269,6140.305,4.269999999999527,False,True,False,4.0,0.0,0.0,0.0,0.0,31.636,29.079,24.554,0,0,0,0.0,85.5162,0.5201506512540911,-0.475246929719283,0,1,84.951,85.696,0.7450000000000045,0.006000000000000227,0.31800000000001205,-0.30633333333333707,0.0,-0.06900000000000261,0.04427979223076775,-0.30633333333333707,0,0,2025,Qatar Grand Prix,2025_Qatar Grand Prix
PIA,29,0 days 00:01:25.696000,MEDIUM,5.0,True,0 days 01:43:46.001000,4,0 days 00:00:31.640000,0 days 00:00:29.405000,0 days 00:00:24.651000,1,85.696,6226.001,3.594000000000051,False,True,False,5.0,0.0,0.0,0.0,0.0,31.64,29.405,24.651,0,0,0,0.0,85.3784,0.46184499564254816,0.687676607945342,0,0,85.269,85.56,0.2909999999999968,0.3240000000000123,0.4269999999999925,-0.19599999999999795,0.0,0.09700000000000131,0.07097675675881557,-0.19599999999999795,0,0,2025,Qatar Grand Prix,2025_Qatar Grand Prix
PIA,30,0 days 00:01:25.560000,MEDIUM,6.0,True,0 days 01:45:11.561000,3,0 days 00:00:31.730000,0 days 00:00:29.279000,0 days 00:00:24.551000,1,85.56,6311.561,2.193000000000211,False,True,False,6.0,0.0,0.0,0.0,0.0,31.73,29.279,24.551,0,0,0,0.0,85.3436,0.420222322110648,0.5149655042433167,0,0,85.696,85.537,-0.15899999999999181,0.7510000000000048,-0.13599999999999568,0.2503333333333349,0.0,-0.0030000000000001137,0.07340776525681816,0.2503333333333349,0,0,2025,Qatar Grand Prix,2025_Qatar Grand Prix
PIA,31,0 days 00:01:25.537000,MEDIUM,7.0,True,0 days 01:46:37.098000,3,0 days 00:00:31.619000,0 days 00:00:29.204000,0 days 00:00:24.714000,1,85.537,6397.098,2.905999999999949,False,True,False,7.0,0.0,0.0,0.0,0.0,31.619,29.204,24.714,0,0,0,0.0,85.2842,0.3434948325667672,0.7359644921321178,0,0,85.56,86.062,0.5019999999999953,0.6150000000000091,-0.022999999999996135,0.20300000000000296,0.0,0.16300000000000026,0.07571525605847296,0.20300000000000296,0,0,2025,Qatar Grand Prix,2025_Qatar Grand Prix
PIA,32,0 days 00:01:26.062000,MEDIUM,8.0,True,0 days 01:48:03.160000,2,0 days 00:00:31.910000,0 days 00:00:29.407000,0 days 00:00:24.745000,1,86.062,6483.16,3.893000000000029,False,True,False,8.0,0.0,0.0,0.0,0.0,31.91,29.407,24.745,0,0,0,0.0,85.4026,0.2961052177859375,2.2269111126460763,0,0,85.537,84.143,-1.3940000000000055,0.5860000000000127,0.5249999999999915,0.08933333333333356,0.0,0.19400000000000261,0.09032164746061802,0.08933333333333356,0,0,2025,Qatar Grand Prix,2025_Qatar Grand Prix
PIA,33,0 days 00:01:24.143000,MEDIUM,9.0,True,0 days 01:49:27.303000,1,0 days 00:00:30.940000,0 days 00:00:28.928000,0 days 00:00:24.275000,1,84.143,6567.303,4.356999999999971,False,True,False,9.0,0.0,0.0,0.0,0.0,30.94,28.928,24.275,0,0,0,0.0,85.62480000000001,0.28927270870240784,-5.122501900185902,1,0,86.062,84.497,-1.5649999999999977,0.7929999999999922,-1.918999999999997,0.12199999999999989,0.0,-0.2759999999999998,0.11090446339079565,0.12199999999999989,0,0,2025,Qatar Grand Prix,2025_Qatar Grand Prix
PIA,34,0 days 00:01:24.497000,MEDIUM,10.0,True,0 days 01:50:51.800000,1,0 days 00:00:31.485000,0 days 00:00:28.789000,0 days 00:00:24.223000,1,84.497,6651.8,4.563999999999396,False,True,False,10.0,0.0,0.0,0.0,0.0,31.485,28.789,24.223,0,0,0,0.0,85.39959999999999,0.733191175615239,-1.2310568239485402,0,1,84.143,84.33,0.1869999999999976,0.0,0.3539999999999992,-0.4723333333333339,0.0,-0.0519999999999996,0.1895217665599395,-0.4723333333333339,0,0,2025,Qatar Grand Prix,2025_Qatar Grand Prix
PIA,35,0 days 00:01:24.330000,MEDIUM,11.0,True,0 days 01:52:16.130000,1,0 days 00:00:31.290000,0 days 00:00:28.816000,0 days 00:00:24.224000,1,84.33,6736.13,4.864999999999782,False,True,False,11.0,0.0,0.0,0.0,0.0,31.29,28.816,24.224,0,0,0,0.0,85.1598,0.8046102783336079,-1.0313067361239372,0,0,84.497,84.544,0.046999999999997044,0.3539999999999992,-0.1670000000000016,-0.34666666666666873,0.0,0.0010000000000012221,0.18904946442664203,-0.34666666666666873,0,0,2025,Qatar Grand Prix,2025_Qatar Grand Prix
PIA,36,0 days 00:01:24.544000,MEDIUM,12.0,True,0 days 01:53:40.674000,1,0 days 00:00:31.310000,0 days 00:00:28.931000,0 days 00:00:24.303000,1,84.544,6820.674,6.067000000000007,False,True,False,12.0,0.0,0.0,0.0,0.0,31.31,28.931,24.303,0,0,0,0.0,84.91380000000001,0.8389604877466621,-0.4407835713374851,0,0,84.33,84.574,0.24399999999999977,0.1869999999999976,0.21399999999999864,-0.5773333333333331,0.0,0.08000000000000185,0.18901454970451398,-0.5773333333333331,0,0,2025,Qatar Grand Prix,2025_Qatar Grand Prix
PIA,37,0 days 00:01:24.574000,MEDIUM,13.0,True,0 days 01:55:05.248000,1,0 days 00:00:31.386000,0 days 00:00:28.905000,0 days 00:00:24.283000,1,84.574,6905.248,6.47400000000016,False,True,False,13.0,0.0,0.0,0.0,0.0,31.386,28.905,24.283,0,0,0,0.0,84.7152,0.7691850882590883,-0.18357090140629026,0,0,84.544,84.566,0.02200000000000557,0.40099999999999625,0.030000000000001137,0.1336666666666654,0.0,0.060000000000002274,0.17489654084629658,0.1336666666666654,0,0,2025,Qatar Grand Prix,2025_Qatar Grand Prix
PIA,38,0 days 00:01:24.566000,MEDIUM,14.0,True,0 days 01:56:29.814000,1,0 days 00:00:31.372000,0 days 00:00:28.959000,0 days 00:00:24.235000,1,84.566,6989.814,6.820999999999913,False,True,False,14.0,0.0,0.0,0.0,0.0,31.372,28.959,24.235,0,0,0,0.0,84.41760000000001,0.18015354562200664,0.8237417669889446,0,0,84.574,84.44,-0.13400000000000034,0.4309999999999974,-0.007999999999995566,0.02566666666666606,0.0,0.010999999999999233,0.1430796980706913,0.02566666666666606,0,0,2025,Qatar Grand Prix,2025_Qatar Grand Prix
PIA,39,0 days 00:01:24.440000,MEDIUM,15.0,True,0 days 01:57:54.254000,1,0 days 00:00:31.334000,0 days 00:00:28.899000,0 days 00:00:24.207000,1,84.44,7074.254,7.275000000000546,False,True,False,15.0,0.0,0.0,0.0,0.0,31.334,28.899,24.207,0,0,0,0.0,84.50219999999999,0.10081269761378922,-0.6169857713586496,0,0,84.566,84.777,0.21099999999999852,0.2360000000000042,-0.12600000000000477,0.07866666666666806,0.0,-0.027999999999998693,0.052024032907878666,0.07866666666666806,0,0,2025,Qatar Grand Prix,2025_Qatar Grand Prix
PIA,40,0 days 00:01:24.777000,MEDIUM,16.0,True,0 days 01:59:19.031000,1,0 days 00:00:31.449000,0 days 00:00:28.925000,0 days 00:00:24.403000,1,84.777,7159.031,7.42200000000048,False,True,False,16.0,0.0,0.0,0.0,0.0,31.449,28.925,24.403,0,0,0,0.0,84.4908,0.10469574967576825,2.7336353279511285,0,0,84.44,84.786,0.34600000000000364,0.10999999999999943,0.3370000000000033,-0.0346666666666664,0.0,0.19599999999999795,0.04424590376520759,-0.0346666666666664,0,0,2025,Qatar Grand Prix,2025_Qatar Grand Prix
PIA,41,0 days 00:01:24.786000,MEDIUM,17.0,True,0 days 02:00:43.817000,1,0 days 00:00:31.520000,0 days 00:00:28.995000,0 days 00:00:24.271000,1,84.786,7243.817,7.680999999999585,False,True,False,17.0,0.0,0.0,0.0,0.0,31.52,28.995,24.271,0,0,0,0.0,84.5802,0.12240996691510535,1.6812356476064105,0,0,84.777,82.996,-1.781000000000006,0.3370000000000033,0.009000000000000341,0.06766666666666765,0.0,0.06400000000000006,0.08510111632640197,0.06766666666666765,0,0,2025,Qatar Grand Prix,2025_Qatar Grand Prix
PIA,44,0 days 00:01:22.996000,HARD,2.0,True,0 days 02:05:22.168000,3,0 days 00:00:30.907000,0 days 00:00:28.093000,0 days 00:00:23.996000,1,82.996,7522.168,4.743000000000393,True,False,False,2.0,0.0,0.0,0.0,0.0,30.907,28.093,23.996,0,0,0,0.0,84.6286,0.14938808520142993,-10.928582408688532,1,0,84.786,83.324,-1.4620000000000033,0.34600000000000364,-1.7900000000000063,0.07333333333333296,0.0,-0.21100000000000207,0.08463923440107304,0.07333333333333296,0,0,2025,Qatar Grand Prix,2025_Qatar Grand Prix
PIA,45,0 days 00:01:23.324000,HARD,3.0,True,0 days 02:06:45.492000,2,0 days 00:00:31.051000,0 days 00:00:28.275000,0 days 00:00:23.998000,1,83.324,7605.492,5.938999999999396,True,False,False,3.0,0.0,0.0,0.0,0.0,31.051,28.275,23.998,0,0,0,0.0,84.313,0.7506084198836304,-1.3175977964027272,0,1,82.996,83.333,0.3370000000000033,0.0,0.32800000000000296,-0.4813333333333342,0.0,0.0020000000000024443,0.14809895340616008,-0.4813333333333342,0,0,2025,Qatar Grand Prix,2025_Qatar Grand Prix
PIA,46,0 days 00:01:23.333000,HARD,4.0,True,0 days 02:08:08.825000,2,0 days 00:00:30.940000,0 days 00:00:28.371000,0 days 00:00:24.022000,1,83.333,7688.825,6.878999999999905,True,False,False,4.0,0.0,0.0,0.0,0.0,30.94,28.371,24.022,0,0,0,0.0,84.06460000000001,0.8454660253376461,-0.8653215836885249,0,0,83.324,83.411,0.0870000000000033,0.32800000000000296,0.009000000000000341,-0.48433333333333434,0.0,0.0259999999999998,0.14808376008192112,-0.48433333333333434,0,0,2025,Qatar Grand Prix,2025_Qatar Grand Prix
PIA,47,0 days 00:01:23.411000,HARD,5.0,True,0 days 02:09:32.236000,2,0 days 00:00:31.162000,0 days 00:00:28.374000,0 days 00:00:23.875000,1,83.411,7772.236,7.650000000000546,True,False,False,5.0,0.0,0.0,0.0,0.0,31.162,28.374,23.875,0,0,0,0.0,83.8432,0.8672477731307633,-0.4983581548324456,0,0,83.333,83.062,-0.2710000000000008,0.3370000000000033,0.07800000000000296,-0.48433333333333434,0.0,-0.12099999999999866,0.1470775305748638,-0.48433333333333434,0,0,2025,Qatar Grand Prix,2025_Qatar Grand Prix
PIA,48,0 days 00:01:23.062000,HARD,6.0,True,0 days 02:10:55.298000,2,0 days 00:00:30.826000,0 days 00:00:28.338000,0 days 00:00:23.898000,1,83.062,7855.298,8.447000000000116,True,False,False,6.0,0.0,0.0,0.0,0.0,30.826,28.338,23.898,0,0,0,0.0,83.57,0.6982295467826481,-0.7275544301165628,0,0,83.411,83.172,-0.23900000000000432,0.41500000000000625,-0.34900000000000375,0.13833333333333542,0.0,0.022999999999999687,0.11447488807594504,0.13833333333333542,0,0,2025,Qatar Grand Prix,2025_Qatar Grand Prix
PIA,49,0 days 00:01:23.172000,HARD,7.0,True,0 days 02:12:18.470000,2,0 days 00:00:30.887000,0 days 00:00:28.426000,0 days 00:00:23.859000,1,83.172,7938.47,9.210000000000036,True,False,False,7.0,0.0,0.0,0.0,0.0,30.887,28.426,23.859,0,0,0,0.0,83.2252,0.18375989769355047,-0.2895082151641354,0,0,83.062,83.248,0.18600000000000705,0.0660000000000025,0.10999999999999943,-0.08733333333333348,0.0,-0.015999999999998238,0.10556846119935694,-0.08733333333333348,0,0,2025,Qatar Grand Prix,2025_Qatar Grand Prix
PIA,50,0 days 00:01:23.248000,HARD,8.0,True,0 days 02:13:41.718000,2,0 days 00:00:30.901000,0 days 00:00:28.398000,0 days 00:00:23.949000,1,83.248,8021.718,10.447000000000116,True,False,False,8.0,0.0,0.0,0.0,0.0,30.901,28.398,23.949,0,0,0,0.0,83.2604,0.14068866336823255,-0.08813787623771993,0,0,83.172,83.833,0.6610000000000014,0.10999999999999943,0.07600000000000762,-0.05366666666666712,0.0,0.08999999999999986,0.0604706540397895,-0.05366666666666712,0,0,2025,Qatar Grand Prix,2025_Qatar Grand Prix
PIA,51,0 days 00:01:23.833000,HARD,9.0,True,0 days 02:15:05.551000,2,0 days 00:00:31.237000,0 days 00:00:28.483000,0 days 00:00:24.113000,1,83.833,8105.551,11.139999999999418,True,False,False,9.0,0.0,0.0,0.0,0.0,31.237,28.483,24.113,0,0,0,0.0,83.2452,0.13613118672935204,4.3178937473646695,0,0,83.248,83.9,0.652000000000001,0.18600000000000705,0.5849999999999937,-0.054333333333332234,0.0,0.2539999999999978,0.07778367437965282,-0.054333333333332234,0,0,2025,Qatar Grand Prix,2025_Qatar Grand Prix
PIA,52,0 days 00:01:23.900000,HARD,10.0,True,0 days 02:16:29.451000,2,0 days 00:00:31.162000,0 days 00:00:28.612000,0 days 00:00:24.126000,1,83.9,8189.451,11.74199999999928,True,False,False,10.0,0.0,0.0,0.0,0.0,31.162,28.612,24.126,0,0,0,0.0,83.3452,0.3008017619634717,1.8444040898516185,0,0,83.833,83.714,-0.11899999999999977,0.7710000000000008,0.06700000000000728,0.2570000000000003,0.0,0.26699999999999946,0.13915997987927264,0.2570000000000003,0,0,2025,Qatar Grand Prix,2025_Qatar Grand Prix
PIA,53,0 days 00:01:23.714000,HARD,11.0,True,0 days 02:17:53.165000,2,0 days 00:00:31.072000,0 days 00:00:28.526000,0 days 00:00:24.116000,1,83.714,8273.165,12.384000000000015,True,False,False,11.0,0.0,0.0,0.0,0.0,31.072,28.526,24.116,0,0,0,0.0,83.44300000000001,0.39293001921502535,0.6896902418944115,0,0,83.9,83.889,-0.01100000000000989,0.8380000000000081,-0.18600000000000705,0.24266666666666956,0.0,0.16699999999999804,0.1306763176707994,0.24266666666666956,0,0,2025,Qatar Grand Prix,2025_Qatar Grand Prix
PIA,54,0 days 00:01:23.889000,HARD,12.0,True,0 days 02:19:17.054000,2,0 days 00:00:31.020000,0 days 00:00:28.646000,0 days 00:00:24.223000,1,83.889,8357.054,12.75,True,False,False,12.0,0.0,0.0,0.0,0.0,31.02,28.646,24.223,0,0,0,0.0,83.5734,0.33942421834675707,0.9298099043644878,0,0,83.714,83.653,-0.06099999999999284,0.5420000000000016,0.17499999999999716,0.15533333333333132,0.0,0.10999999999999943,0.11823831866192817,0.15533333333333132,0,0,2025,Qatar Grand Prix,2025_Qatar Grand Prix
PIA,55,0 days 00:01:23.653000,HARD,13.0,True,0 days 02:20:40.707000,2,0 days 00:00:31.188000,0 days 00:00:28.509000,0 days 00:00:23.956000,1,83.653,8440.707,13.18199999999888,True,False,False,13.0,0.0,0.0,0.0,0.0,31.188,28.509,23.956,0,0,0,0.0,83.7168,0.2722585168553847,-0.23433610355663953,0,0,83.889,83.681,-0.2079999999999984,0.6409999999999911,-0.23599999999999,0.018666666666665794,0.0,-0.16000000000000014,0.0809092083758079,0.018666666666665794,0,0,2025,Qatar Grand Prix,2025_Qatar Grand Prix
PIA,56,0 days 00:01:23.681000,HARD,14.0,True,0 days 02:22:04.388000,2,0 days 00:00:31.028000,0 days 00:00:28.473000,0 days 00:00:24.180000,1,83.681,8524.388,13.909999999999854,True,False,False,14.0,0.0,0.0,0.0,0.0,31.028,28.473,24.18,0,0,0,0.0,83.7978,0.10953401298358187,-1.0663354406407535,0,0,83.653,83.625,-0.028000000000005798,0.0,0.027999999999991587,-0.0823333333333333,0.0,0.2240000000000002,0.17319439944755657,-0.0823333333333333,0,0,2025,Qatar Grand Prix,2025_Qatar Grand Prix
RUS,2,0 days 00:01:28.310000,MEDIUM,2.0,True,0 days 01:01:42.673000,7,0 days 00:00:32.766000,0 days 00:00:29.821000,0 days 00:00:25.723000,1,88.31,3702.673,0.8550000000000182,False,True,False,2.0,0.0,0.0,0.0,0.0,32.766,29.821,25.723,0,0,0,0.0,83.7124,0.1040951487836724,44.16728400623743,0,0,88.31,88.059,-0.2510000000000048,4.685000000000002,0.0,-0.0879999999999986,0.0,1.7669999999999995,0.15127028789554128,0.0,0,1,2025,Qatar Grand Prix,2025_Qatar Grand Prix
RUS,3,0 days 00:01:28.059000,MEDIUM,3.0,True,0 days 01:03:10.732000,7,0 days 00:00:32.424000,0 days 00:00:29.996000,0 days 00:00:25.639000,1,88.059,3790.732,1.1419999999998254,False,True,False,3.0,0.0,0.0,0.0,0.0,32.424,29.996,25.639,0,0,0,0.0,,,0.0,0,0,88.31,87.944,-0.36599999999999966,0.0,-0.2510000000000048,0.0,0.0,0.0,0.0,0.0,0,0,2025,Qatar Grand Prix,2025_Qatar Grand Prix
RUS,4,0 days 00:01:27.944000,MEDIUM,4.0,True,0 days 01:04:38.676000,7,0 days 00:00:32.499000,0 days 00:00:30.024000,0 days 00:00:25.421000,1,87.944,3878.676,1.2080000000000837,False,True,False,4.0,0.0,0.0,0.0,0.0,32.499,30.024,25.421,0,0,0,0.0,,,0.0,0,0,88.059,88.149,0.09000000000000341,0.0,-0.11499999999999488,-0.1255000000000024,0.0,-0.21799999999999997,0.0,0.0,0,0,2025,Qatar Grand Prix,2025_Qatar Grand Prix
RUS,5,0 days 00:01:28.149000,MEDIUM,5.0,True,0 days 01:06:06.825000,7,0 days 00:00:32.695000,0 days 00:00:30.004000,0 days 00:00:25.450000,1,88.149,3966.825,1.1739999999999782,False,True,False,5.0,0.0,0.0,0.0,0.0,32.695,30.004,25.45,0,0,0,0.0,88.10433333333333,0.18716392102468074,0.23864998351248187,0,0,87.944,87.772,-0.17199999999999704,0.0,0.2049999999999983,-0.12199999999999989,0.0,0.028999999999999915,1.0885799618463186,-0.18299999999999983,0,0,2025,Qatar Grand Prix,2025_Qatar Grand Prix
RUS,6,0 days 00:01:27.772000,MEDIUM,6.0,True,0 days 01:07:34.597000,7,0 days 00:00:32.281000,0 days 00:00:29.946000,0 days 00:00:25.545000,1,87.772,4054.597,1.31899999999996,False,True,False,6.0,0.0,0.0,0.0,0.0,32.281,29.946,25.545,0,0,0,0.0,88.1155,0.15444200637563982,-2.2241358297594096,1,0,88.149,87.823,-0.3260000000000076,0.2049999999999983,-0.37699999999999534,-0.05366666666666712,0.0,0.12400000000000233,0.92161687629224,-0.05366666666666712,0,0,2025,Qatar Grand Prix,2025_Qatar Grand Prix
RUS,11,0 days 00:01:27.823000,MEDIUM,4.0,True,0 days 01:17:45.693000,8,0 days 00:00:32.504000,0 days 00:00:29.868000,0 days 00:00:25.451000,1,87.823,4665.693,0.5889999999999418,False,True,False,4.0,0.0,0.0,0.0,0.0,32.504,29.868,25.451,0,0,0,0.0,88.0468,0.20368529647473138,-1.0987538318838608,0,1,87.772,87.928,0.1559999999999917,0.0,0.05099999999998772,-0.09566666666666397,0.0,0.030000000000001137,0.8072591281614593,-0.09566666666666397,0,1,2025,Qatar Grand Prix,2025_Qatar Grand Prix
RUS,12,0 days 00:01:27.928000,MEDIUM,5.0,True,0 days 01:19:13.621000,8,0 days 00:00:32.776000,0 days 00:00:29.702000,0 days 00:00:25.450000,1,87.928,4753.621,0.6520000000000437,False,True,False,5.0,0.0,0.0,0.0,0.0,32.776,29.702,25.45,0,0,0,0.0,87.9494,0.15758267671289583,-0.13580172926614964,0,0,87.823,87.619,-0.20399999999999352,0.05099999999998772,0.10500000000000398,-0.04033333333333644,0.0,0.0,0.12688183479127374,-0.04033333333333644,0,1,2025,Qatar Grand Prix,2025_Qatar Grand Prix
RUS,13,0 days 00:01:27.619000,MEDIUM,6.0,True,0 days 01:20:41.240000,8,0 days 00:00:32.365000,0 days 00:00:29.796000,0 days 00:00:25.458000,1,87.619,4841.24,0.45100000000002183,False,True,False,6.0,0.0,0.0,0.0,0.0,32.365,29.796,25.458,0,0,0,0.0,87.9232,0.14520915949072175,-2.0949091714798582,1,0,87.928,87.735,-0.19299999999999784,0.1559999999999917,-0.3089999999999975,-0.07366666666666788,0.0,0.007999999999999119,0.12688183479127374,-0.07366666666666788,0,1,2025,Qatar Grand Prix,2025_Qatar Grand Prix
RUS,14,0 days 00:01:27.735000,MEDIUM,7.0,True,0 days 01:22:08.975000,8,0 days 00:00:32.266000,0 days 00:00:29.994000,0 days 00:00:25.475000,1,87.735,4928.975,0.5599999999994907,False,True,False,7.0,0.0,0.0,0.0,0.0,32.266,29.994,25.475,0,0,0,0.0,87.8582,0.19705506844535395,-0.6252059435566466,0,1,87.619,87.675,0.055999999999997385,0.0,0.11599999999999966,-0.05100000000000193,0.0,0.02500000000000213,0.04971116574774757,-0.05100000000000193,0,1,2025,Qatar Grand Prix,2025_Qatar Grand Prix
RUS,15,0 days 00:01:27.675000,MEDIUM,8.0,True,0 days 01:23:36.650000,8,0 days 00:00:32.293000,0 days 00:00:29.774000,0 days 00:00:25.608000,1,87.675,5016.65,0.5860000000002401,False,True,False,8.0,0.0,0.0,0.0,0.0,32.293,29.774,25.608,0,0,0,0.0,87.7754,0.11364110171942687,-0.8834831630538854,0,0,87.735,87.337,-0.39799999999999613,0.11599999999999966,-0.060000000000002274,-0.029333333333331286,0.0,0.15800000000000125,0.049927948085215945,-0.029333333333331286,0,1,2025,Qatar Grand Prix,2025_Qatar Grand Prix
RUS,16,0 days 00:01:27.337000,MEDIUM,9.0,True,0 days 01:25:03.987000,8,0 days 00:00:32.277000,0 days 00:00:29.834000,0 days 00:00:25.226000,1,87.337,5103.987,0.7899999999999636,False,True,False,9.0,0.0,0.0,0.0,0.0,32.277,29.834,25.226,0,0,0,0.0,87.756,0.12231516668020101,-3.42557682233711,1,0,87.675,87.623,-0.0519999999999925,0.055999999999997385,-0.33799999999999386,-0.08433333333333337,0.0,-0.23199999999999932,0.0647780827132139,-0.08433333333333337,0,1,2025,Qatar Grand Prix,2025_Qatar Grand Prix
RUS,17,0 days 00:01:27.623000,MEDIUM,10.0,True,0 days 01:26:31.610000,8,0 days 00:00:32.409000,0 days 00:00:29.847000,0 days 00:00:25.367000,1,87.623,5191.61,0.7840000000005602,False,True,False,10.0,0.0,0.0,0.0,0.0,32.409,29.847,25.367,0,0,0,0.0,87.6588,0.21428765713406078,-0.16706515194945568,0,1,87.337,87.477,0.14000000000000057,0.0,0.28600000000000136,-0.09399999999999882,0.0,0.1410000000000018,0.14065987345366118,-0.09399999999999882,0,1,2025,Qatar Grand Prix,2025_Qatar Grand Prix
RUS,18,0 days 00:01:27.477000,MEDIUM,11.0,True,0 days 01:27:59.087000,8,0 days 00:00:32.297000,0 days 00:00:29.851000,0 days 00:00:25.329000,1,87.477,5279.087,0.7109999999993306,False,True,False,11.0,0.0,0.0,0.0,0.0,32.297,29.851,25.329,0,0,0,0.0,87.59779999999999,0.15320313312724732,-0.788495623647948,0,0,87.623,87.536,-0.0870000000000033,0.28600000000000136,-0.1460000000000008,-0.03733333333333159,0.0,0.10300000000000153,0.15601121754540614,-0.03733333333333159,0,1,2025,Qatar Grand Prix,2025_Qatar Grand Prix
RUS,19,0 days 00:01:27.536000,MEDIUM,12.0,True,0 days 01:29:26.623000,8,0 days 00:00:32.349000,0 days 00:00:29.835000,0 days 00:00:25.352000,1,87.536,5366.623,0.6310000000003129,False,True,False,12.0,0.0,0.0,0.0,0.0,32.349,29.835,25.352,0,0,0,0.0,87.5694,0.16124143388100987,-0.2071427870372839,0,0,87.477,87.269,-0.2079999999999984,0.14000000000000057,0.0589999999999975,-0.06599999999999777,0.0,0.12600000000000122,0.1599202926460555,-0.06599999999999777,0,1,2025,Qatar Grand Prix,2025_Qatar Grand Prix
RUS,20,0 days 00:01:27.269000,MEDIUM,13.0,True,0 days 01:30:53.892000,8,0 days 00:00:32.145000,0 days 00:00:29.983000,0 days 00:00:25.141000,1,87.269,5453.892,0.7640000000001237,False,True,False,13.0,0.0,0.0,0.0,0.0,32.145,29.983,25.141,0,0,0,0.0,87.5296,0.13206740703142153,-1.9732347734971019,1,0,87.536,87.413,-0.12300000000000466,0.19899999999999807,-0.2669999999999959,0.06633333333333269,0.0,-0.1880000000000024,0.1640356668532793,0.06633333333333269,0,1,2025,Qatar Grand Prix,2025_Qatar Grand Prix
RUS,21,0 days 00:01:27.413000,MEDIUM,14.0,True,0 days 01:32:21.305000,8,0 days 00:00:32.320000,0 days 00:00:29.819000,0 days 00:00:25.274000,1,87.413,5541.305,0.694999999999709,False,True,False,14.0,0.0,0.0,0.0,0.0,32.32,29.819,25.274,0,0,0,0.0,87.4484,0.14454341908229854,-0.24490910914355918,0,1,87.269,87.306,0.03699999999999193,0.0,0.14399999999999125,-0.11799999999999973,0.0,0.13300000000000267,0.1837348633221261,-0.11799999999999973,0,1,2025,Qatar Grand Prix,2025_Qatar Grand Prix
RUS,22,0 days 00:01:27.306000,MEDIUM,15.0,True,0 days 01:33:48.611000,8,0 days 00:00:32.158000,0 days 00:00:29.945000,0 days 00:00:25.203000,1,87.306,5628.611,0.8699999999998909,False,True,False,15.0,0.0,0.0,0.0,0.0,32.158,29.945,25.203,0,0,0,0.0,87.4636,0.13347209446173253,-1.1807711614594263,0,0,87.413,87.219,-0.19400000000000261,0.14399999999999125,-0.10699999999999932,-0.02133333333333572,0.0,0.062000000000001165,0.1410265932368802,-0.02133333333333572,0,1,2025,Qatar Grand Prix,2025_Qatar Grand Prix
RUS,23,0 days 00:01:27.219000,MEDIUM,16.0,True,0 days 01:35:15.830000,8,0 days 00:00:32.221000,0 days 00:00:29.911000,0 days 00:00:25.087000,1,87.219,5715.83,1.03899999999976,False,True,False,16.0,0.0,0.0,0.0,0.0,32.221,29.911,25.087,0,0,0,0.0,87.40020000000001,0.11246199358005882,-1.6112109898801197,1,0,87.306,86.954,-0.35200000000000387,0.03699999999999193,-0.0870000000000033,-0.07666666666666799,0.0,-0.053999999999998494,0.134371499954419,-0.07666666666666799,0,0,2025,Qatar Grand Prix,2025_Qatar Grand Prix
RUS,24,0 days 00:01:26.954000,MEDIUM,17.0,True,0 days 01:36:42.784000,8,0 days 00:00:31.954000,0 days 00:00:29.912000,0 days 00:00:25.088000,1,86.954,5802.784,1.3230000000003201,False,True,False,17.0,0.0,0.0,0.0,0.0,31.954,29.912,25.088,0,0,0,0.0,87.3486,0.12670161798493976,-3.1144037959082325,1,1,87.219,87.243,0.02400000000000091,0.0,-0.26500000000000057,-0.016666666666670455,0.0,0.0010000000000012221,0.13640087976256005,-0.016666666666670455,0,0,2025,Qatar Grand Prix,2025_Qatar Grand Prix
RUS,25,0 days 00:01:27.243000,MEDIUM,18.0,True,0 days 01:38:10.027000,8,0 days 00:00:32.092000,0 days 00:00:29.961000,0 days 00:00:25.190000,1,87.243,5890.027,1.4380000000001019,False,True,False,18.0,0.0,0.0,0.0,0.0,32.092,29.961,25.19,0,0,0,0.0,87.23219999999999,0.17106928420964954,0.06313231536508676,0,1,86.954,87.569,0.6150000000000091,0.0,0.2890000000000015,-0.15300000000000105,0.0,0.10300000000000153,0.12183062012482879,-0.15300000000000105,0,0,2025,Qatar Grand Prix,2025_Qatar Grand Prix
RUS,26,0 days 00:01:27.569000,MEDIUM,19.0,True,0 days 01:39:37.596000,8,0 days 00:00:32.309000,0 days 00:00:30.090000,0 days 00:00:25.170000,1,87.569,5977.596,1.2000000000007276,False,True,False,19.0,0.0,0.0,0.0,0.0,32.309,30.09,25.17,0,0,0,0.0,87.227,0.17006322353760547,2.011016802373933,0,0,87.243,87.224,-0.018999999999991246,0.2890000000000015,0.3260000000000076,-0.021000000000000796,0.0,0.08300000000000196,0.07591771861693408,-0.021000000000000796,0,0,2025,Qatar Grand Prix,2025_Qatar Grand Prix
RUS,27,0 days 00:01:27.224000,MEDIUM,20.0,True,0 days 01:41:04.820000,8,0 days 00:00:32.151000,0 days 00:00:29.954000,0 days 00:00:25.119000,1,87.224,6064.82,1.2090000000007421,False,True,False,20.0,0.0,0.0,0.0,0.0,32.151,29.954,25.119,0,0,0,0.0,87.25819999999999,0.21976510187015977,-0.15562070460208952,0,0,87.569,86.998,-0.570999999999998,0.6150000000000091,-0.34499999999999886,0.11666666666666951,0.0,0.030999999999998806,0.06452518888000203,0.11666666666666951,0,0,2025,Qatar Grand Prix,2025_Qatar Grand Prix
RUS,28,0 days 00:01:26.998000,MEDIUM,21.0,True,0 days 01:42:31.818000,8,0 days 00:00:32.208000,0 days 00:00:29.877000,0 days 00:00:24.913000,1,86.998,6151.818,1.3659999999999854,False,True,False,21.0,0.0,0.0,0.0,0.0,32.208,29.877,24.913,0,0,0,0.0,87.24179999999998,0.21836139768741594,-1.1164977078456801,0,0,87.224,86.855,-0.3689999999999998,0.27000000000001023,-0.2259999999999991,0.09000000000000341,0.0,-0.20599999999999952,0.06323922833178741,0.09000000000000341,0,0,2025,Qatar Grand Prix,2025_Qatar Grand Prix
RUS,29,0 days 00:01:26.855000,MEDIUM,22.0,True,0 days 01:43:58.673000,8,0 days 00:00:32.196000,0 days 00:00:29.745000,0 days 00:00:24.914000,1,86.855,6238.673,1.6810000000004948,False,True,False,22.0,0.0,0.0,0.0,0.0,32.196,29.745,24.914,0,0,0,0.0,87.1976,0.24488630014764376,-1.3990166040053453,0,0,86.998,86.637,-0.3610000000000042,0.04400000000001114,-0.14300000000000068,-0.08166666666666345,0.0,0.0010000000000012221,0.12335639424042845,-0.08166666666666345,0,0,2025,Qatar Grand Prix,2025_Qatar Grand Prix
RUS,30,0 days 00:01:26.637000,MEDIUM,23.0,True,0 days 01:45:25.310000,8,0 days 00:00:32.141000,0 days 00:00:29.684000,0 days 00:00:24.812000,1,86.637,6325.31,1.9589999999998327,False,True,False,23.0,0.0,0.0,0.0,0.0,32.141,29.684,24.812,0,0,0,0.0,87.1778,0.2720068013855542,-1.9881855793504628,1,0,86.855,86.633,-0.2220000000000084,0.0,-0.21800000000000352,-0.23799999999999955,0.0,-0.10099999999999909,0.12335639424042845,-0.23799999999999955,0,0,2025,Qatar Grand Prix,2025_Qatar Grand Prix
RUS,31,0 days 00:01:26.633000,MEDIUM,24.0,True,0 days 01:46:51.943000,8,0 days 00:00:32.111000,0 days 00:00:29.724000,0 days 00:00:24.798000,1,86.633,6411.943,2.3159999999998035,False,True,False,24.0,0.0,0.0,0.0,0.0,32.111,29.724,24.798,0,0,0,0.0,87.0566,0.35732240343980864,-1.1854840220545069,0,1,86.637,85.114,-1.5229999999999961,0.0,-0.0040000000000048885,-0.19566666666666777,0.0,-0.014000000000002899,0.11523367563347074,-0.19566666666666777,0,0,2025,Qatar Grand Prix,2025_Qatar Grand Prix
RUS,34,0 days 00:01:25.114000,HARD,2.0,True,0 days 01:51:36.179000,9,0 days 00:00:31.475000,0 days 00:00:28.831000,0 days 00:00:24.808000,1,85.114,6696.179,3.3419999999996435,True,False,False,2.0,0.0,0.0,0.0,0.0,31.475,28.831,24.808,0,0,0,0.0,86.86940000000001,0.25118777836511386,-6.988397331371943,1,0,86.633,85.273,-1.3599999999999994,0.0,-1.5189999999999912,-0.1216666666666697,0.0,0.010000000000001563,0.09629485967589226,-0.1216666666666697,0,0,2025,Qatar Grand Prix,2025_Qatar Grand Prix
RUS,35,0 days 00:01:25.273000,HARD,3.0,True,0 days 01:53:01.452000,8,0 days 00:00:31.564000,0 days 00:00:29.093000,0 days 00:00:24.616000,1,85.273,6781.452,3.313999999999396,True,False,False,3.0,0.0,0.0,0.0,0.0,31.564,29.093,24.616,0,0,0,0.0,86.4474,0.7611913688422887,-1.5428446092159116,1,1,85.114,85.297,0.18299999999999272,0.0,0.15899999999999181,-0.5803333333333333,0.0,-0.1819999999999986,0.09180686248859553,-0.5803333333333333,0,0,2025,Qatar Grand Prix,2025_Qatar Grand Prix
RUS,36,0 days 00:01:25.297000,HARD,4.0,True,0 days 01:54:26.749000,8,0 days 00:00:31.613000,0 days 00:00:29.013000,0 days 00:00:24.671000,1,85.297,6866.749,3.244999999999891,True,False,False,4.0,0.0,0.0,0.0,0.0,31.613,29.013,24.671,0,0,0,0.0,86.1024,0.8364477269979287,-0.9628814497358307,0,1,85.273,85.285,0.012000000000000455,0.15899999999999181,0.02400000000000091,-0.4546666666666681,0.0,0.054999999999999716,0.08255725286127097,-0.4546666666666681,0,0,2025,Qatar Grand Prix,2025_Qatar Grand Prix
RUS,37,0 days 00:01:25.285000,HARD,5.0,True,0 days 01:55:52.034000,8,0 days 00:00:31.584000,0 days 00:00:29.119000,0 days 00:00:24.582000,1,85.285,6952.034,3.1630000000004657,True,False,False,5.0,0.0,0.0,0.0,0.0,31.584,29.119,24.582,0,0,0,0.0,85.7908,0.7738489516695135,-0.6536159271247796,0,0,85.297,86.141,0.8440000000000083,0.18299999999999272,-0.012000000000000455,-0.44533333333333286,0.0,-0.03399999999999892,0.09471166770783723,-0.44533333333333286,0,0,2025,Qatar Grand Prix,2025_Qatar Grand Prix
RUS,38,0 days 00:01:26.141000,HARD,6.0,True,0 days 01:57:18.175000,8,0 days 00:00:31.966000,0 days 00:00:29.317000,0 days 00:00:24.858000,1,86.141,7038.175,2.217999999999847,True,False,False,6.0,0.0,0.0,0.0,0.0,31.966,29.317,24.858,0,0,0,0.0,85.52040000000001,0.626411845354162,0.9907220059817355,0,0,85.285,85.62,0.33500000000000796,0.17099999999999227,0.8560000000000088,0.05699999999999742,0.0,0.2759999999999998,0.08966047066572763,0.05699999999999742,0,0,2025,Qatar Grand Prix,2025_Qatar Grand Prix
RUS,39,0 days 00:01:25.620000,HARD,7.0,True,0 days 01:58:43.795000,8,0 days 00:00:31.691000,0 days 00:00:29.278000,0 days 00:00:24.651000,1,85.62,7123.795,1.8720000000002983,True,False,False,7.0,0.0,0.0,0.0,0.0,31.691,29.278,24.651,0,0,0,0.0,85.422,0.4087847844526632,0.4843624506844522,0,0,86.141,85.888,-0.2530000000000001,1.027000000000001,-0.5210000000000008,0.2893333333333364,0.0,0.06899999999999906,0.16617460696508268,0.2893333333333364,0,0,2025,Qatar Grand Prix,2025_Qatar Grand Prix
RUS,40,0 days 00:01:25.888000,HARD,8.0,True,0 days 02:00:09.683000,8,0 days 00:00:31.698000,0 days 00:00:29.364000,0 days 00:00:24.826000,1,85.888,7209.683,1.3549999999995634,True,False,False,8.0,0.0,0.0,0.0,0.0,31.698,29.364,24.826,0,0,0,0.0,85.5232,0.37468413363793773,0.973620090229157,0,0,85.62,85.44,-0.18000000000000682,0.3470000000000084,0.2680000000000007,0.10766666666666917,0.0,0.24399999999999977,0.16693621536383196,0.10766666666666917,0,0,2025,Qatar Grand Prix,2025_Qatar Grand Prix
RUS,41,0 days 00:01:25.440000,HARD,9.0,True,0 days 02:01:35.123000,7,0 days 00:00:31.538000,0 days 00:00:29.289000,0 days 00:00:24.613000,1,85.44,7295.123,1.0670000000000073,True,False,False,9.0,0.0,0.0,0.0,0.0,31.538,29.289,24.613,0,0,0,0.0,85.6462,0.3729566998996141,-0.5528791949722227,0,0,85.888,86.07,0.18199999999998795,0.6030000000000086,-0.4480000000000075,0.20100000000000287,0.0,-0.038000000000000256,0.13250849029401796,0.20100000000000287,0,0,2025,Qatar Grand Prix,2025_Qatar Grand Prix
RUS,42,0 days 00:01:26.070000,HARD,10.0,True,0 days 02:03:01.193000,7,0 days 00:00:32.349000,0 days 00:00:29.272000,0 days 00:00:24.449000,1,86.07,7381.193,1.0489999999999782,True,False,False,10.0,0.0,0.0,0.0,0.0,32.349,29.272,24.449,0,0,0,0.0,85.6748,0.3438294635426259,1.1494070226794102,0,0,85.44,85.113,-0.3269999999999982,0.15500000000000114,0.6299999999999955,-0.23366666666666921,0.0,-0.16399999999999793,0.14967898984159353,-0.23366666666666921,0,0,2025,Qatar Grand Prix,2025_Qatar Grand Prix
RUS,43,0 days 00:01:25.113000,HARD,11.0,True,0 days 02:04:26.306000,7,0 days 00:00:31.564000,0 days 00:00:29.054000,0 days 00:00:24.495000,1,85.113,7466.306,1.511000000000422,True,False,False,11.0,0.0,0.0,0.0,0.0,31.564,29.054,24.495,0,0,0,0.0,85.8318,0.2974343625070989,-2.4166676437153285,1,0,86.07,85.154,-0.9159999999999968,0.6299999999999955,-0.9569999999999936,0.14999999999999622,0.0,0.045999999999999375,0.18631908114844184,0.14999999999999622,0,0,2025,Qatar Grand Prix,2025_Qatar Grand Prix
RUS,44,0 days 00:01:25.154000,HARD,12.0,True,0 days 02:05:51.460000,7,0 days 00:00:31.617000,0 days 00:00:28.996000,0 days 00:00:24.541000,1,85.154,7551.46,1.693000000000211,True,False,False,12.0,0.0,0.0,0.0,0.0,31.617,28.996,24.541,0,0,0,0.0,85.62620000000001,0.37536009377664437,-1.2579920130800977,0,1,85.113,84.691,-0.42199999999999704,0.0,0.04099999999999682,-0.25833333333333525,0.0,0.09199999999999875,0.1498525942384705,-0.25833333333333525,0,0,2025,Qatar Grand Prix,2025_Qatar Grand Prix
RUS,45,0 days 00:01:24.691000,HARD,13.0,True,0 days 02:07:16.151000,7,0 days 00:00:31.361000,0 days 00:00:28.945000,0 days 00:00:24.385000,1,84.691,7636.151,2.1770000000005894,True,False,False,13.0,0.0,0.0,0.0,0.0,31.361,28.945,24.385,0,0,0,0.0,85.53299999999999,0.43101160077196965,-1.9535437062295031,1,0,85.154,84.733,-0.42099999999999227,0.04099999999999682,-0.46299999999999386,-0.09533333333333378,0.0,-0.06400000000000006,0.15163772617656748,-0.09533333333333378,0,0,2025,Qatar Grand Prix,2025_Qatar Grand Prix
RUS,46,0 days 00:01:24.733000,HARD,14.0,True,0 days 02:08:40.884000,7,0 days 00:00:31.388000,0 days 00:00:28.952000,0 days 00:00:24.393000,1,84.733,7720.884,2.230999999999767,True,False,False,14.0,0.0,0.0,0.0,0.0,31.388,28.952,24.393,0,0,0,0.0,85.2936,0.5097698500304039,-1.0997119581837926,0,1,84.691,84.495,-0.19599999999999795,0.0,0.04200000000000159,-0.45966666666666356,0.0,0.007999999999999119,0.0996734668806081,-0.45966666666666356,0,0,2025,Qatar Grand Prix,2025_Qatar Grand Prix
RUS,47,0 days 00:01:24.495000,HARD,15.0,True,0 days 02:10:05.379000,7,0 days 00:00:31.303000,0 days 00:00:28.950000,0 days 00:00:24.242000,1,84.495,7805.379,2.42699999999968,True,False,False,15.0,0.0,0.0,0.0,0.0,31.303,28.95,24.242,0,0,0,0.0,85.1522,0.5550519795478851,-1.184033251327755,0,0,84.733,84.369,-0.3640000000000043,0.04200000000000159,-0.23799999999999955,-0.12666666666666515,0.0,-0.14300000000000068,0.10036333992050916,-0.12666666666666515,0,0,2025,Qatar Grand Prix,2025_Qatar Grand Prix
RUS,48,0 days 00:01:24.369000,HARD,16.0,True,0 days 02:11:29.748000,7,0 days 00:00:31.182000,0 days 00:00:29.008000,0 days 00:00:24.179000,1,84.369,7889.748,3.048000000000684,True,False,False,16.0,0.0,0.0,0.0,0.0,31.182,29.008,24.179,0,0,0,0.0,84.83720000000001,0.2853772941213941,-1.6406350808023524,1,0,84.495,84.637,0.1419999999999959,0.0,-0.12600000000000477,-0.21966666666666393,0.0,-0.06300000000000239,0.0927965516600691,-0.21966666666666393,0,0,2025,Qatar Grand Prix,2025_Qatar Grand Prix
RUS,49,0 days 00:01:24.637000,HARD,17.0,True,0 days 02:12:54.385000,7,0 days 00:00:31.287000,0 days 00:00:28.991000,0 days 00:00:24.359000,1,84.637,7974.385,2.9169999999994616,True,False,False,17.0,0.0,0.0,0.0,0.0,31.287,28.991,24.359,0,0,0,0.0,84.6884,0.2992487259790021,-0.17176347144618312,0,1,84.369,84.41,0.04099999999999682,0.0,0.2680000000000007,-0.10733333333333424,0.0,0.18000000000000327,0.088405316582205,-0.10733333333333424,0,0,2025,Qatar Grand Prix,2025_Qatar Grand Prix
RUS,50,0 days 00:01:24.410000,HARD,18.0,True,0 days 02:14:18.795000,7,0 days 00:00:31.261000,0 days 00:00:28.874000,0 days 00:00:24.275000,1,84.41,8058.795,3.22400000000016,True,False,False,18.0,0.0,0.0,0.0,0.0,31.261,28.874,24.275,0,0,0,0.0,84.58500000000001,0.15049916943312597,-1.162797114822433,0,0,84.637,84.63,-0.007000000000005002,0.2680000000000007,-0.22700000000000387,-0.032000000000001215,0.0,0.09600000000000009,0.12209954954871999,-0.032000000000001215,0,0,2025,Qatar Grand Prix,2025_Qatar Grand Prix
RUS,51,0 days 00:01:24.630000,HARD,19.0,True,0 days 02:15:43.425000,7,0 days 00:00:31.315000,0 days 00:00:28.971000,0 days 00:00:24.344000,1,84.63,8143.425,3.4089999999996508,True,False,False,19.0,0.0,0.0,0.0,0.0,31.315,28.971,24.344,0,0,0,0.0,84.5288,0.15345748596944292,0.6594660362163295,0,0,84.41,84.298,-0.11199999999999477,0.04099999999999682,0.21999999999999886,-0.028333333333335986,0.0,0.1650000000000027,0.12735894157851793,-0.028333333333335986,0,0,2025,Qatar Grand Prix,2025_Qatar Grand Prix
RUS,52,0 days 00:01:24.298000,HARD,20.0,True,0 days 02:17:07.723000,7,0 days 00:00:31.190000,0 days 00:00:28.825000,0 days 00:00:24.283000,1,84.298,8227.723,3.379000000000815,True,False,False,20.0,0.0,0.0,0.0,0.0,31.19,28.825,24.283,0,0,0,0.0,84.50819999999999,0.1231044272155196,-1.707493424521507,1,0,84.63,84.301,-0.3289999999999935,0.2609999999999957,-0.33199999999999363,0.08699999999999856,0.0,0.008000000000002672,0.14336491900043224,0.08699999999999856,0,0,2025,Qatar Grand Prix,2025_Qatar Grand Prix
RUS,53,0 days 00:01:24.301000,HARD,21.0,True,0 days 02:18:32.024000,7,0 days 00:00:31.243000,0 days 00:00:28.789000,0 days 00:00:24.269000,1,84.301,8312.024,3.2290000000011787,True,False,False,21.0,0.0,0.0,0.0,0.0,31.243,28.789,24.269,0,0,0,0.0,84.46879999999999,0.15561715843717566,-1.0782872639827066,0,1,84.298,84.373,0.07500000000000284,0.0,0.0030000000000001137,-0.11299999999999955,0.0,-0.006000000000000227,0.10377234699090258,-0.11299999999999955,0,0,2025,Qatar Grand Prix,2025_Qatar Grand Prix
RUS,54,0 days 00:01:24.373000,HARD,22.0,True,0 days 02:19:56.397000,7,0 days 00:00:31.147000,0 days 00:00:28.856000,0 days 00:00:24.370000,1,84.373,8396.397,2.925999999999476,True,False,False,22.0,0.0,0.0,0.0,0.0,31.147,28.856,24.37,0,0,0,0.0,84.4552,0.16892217142832705,-0.48661463030551544,0,0,84.301,85.726,1.4249999999999972,0.0030000000000001137,0.07200000000000273,-0.03633333333333155,0.0,0.10100000000000264,0.08615567305755369,-0.03633333333333155,0,0,2025,Qatar Grand Prix,2025_Qatar Grand Prix
RUS,55,0 days 00:01:25.726000,HARD,23.0,True,0 days 02:21:22.123000,6,0 days 00:00:32.438000,0 days 00:00:28.930000,0 days 00:00:24.358000,1,85.726,8482.123,3.639000000001033,True,False,False,23.0,0.0,0.0,0.0,0.0,32.438,28.93,24.358,0,0,0,0.0,84.4024,0.13592755423408973,9.737540026068158,0,0,84.373,83.198,-1.1750000000000114,0.07500000000000284,1.3529999999999944,-0.0856666666666636,0.0,0.08900000000000219,0.07113859711858261,-0.0856666666666636,0,0,2025,Qatar Grand Prix,2025_Qatar Grand Prix
RUS,56,0 days 00:01:23.198000,HARD,24.0,True,0 days 02:22:45.321000,6,0 days 00:00:30.636000,0 days 00:00:28.474000,0 days 00:00:24.088000,1,83.198,8565.321,4.80199999999968,True,False,False,24.0,0.0,0.0,0.0,0.0,30.636,28.474,24.088,0,0,0,0.0,84.6656,0.6081515436139773,-2.413214297342243,1,0,85.726,83.296,-2.4299999999999926,1.4279999999999973,-2.528000000000006,0.4759999999999991,0.0,-0.18099999999999739,0.07063497717137052,0.4759999999999991,0,0,2025,Qatar Grand Prix,2025_Qatar Grand Prix
SAI,2,0 days 00:01:28.123000,MEDIUM,2.0,True,0 days 01:01:41.271000,5,0 days 00:00:32.665000,0 days 00:00:29.828000,0 days 00:00:25.630000,1,88.123,3701.271,0.8049999999998363,False,True,False,2.0,0.0,0.0,0.0,0.0,32.665,29.828,25.63,0,0,0,0.0,84.1788,1.0232031567582553,3.854757458427072,0,0,88.123,88.03,-0.09300000000000352,4.925000000000011,0.0,-0.3589999999999994,0.0,1.6069999999999993,0.11659245258591996,0.0,0,1,2025,Qatar Grand Prix,2025_Qatar Grand Prix
SAI,3,0 days 00:01:28.030000,MEDIUM,3.0,True,0 days 01:03:09.301000,5,0 days 00:00:32.460000,0 days 00:00:29.779000,0 days 00:00:25.791000,1,88.03,3789.301,0.8560000000002219,False,True,False,3.0,0.0,0.0,0.0,0.0,32.46,29.779,25.791,0,0,0,0.0,,,0.0,0,0,88.123,87.804,-0.3190000000000026,0.0,-0.09300000000000352,0.0,0.0,0.0,0.0,0.0,0,1,2025,Qatar Grand Prix,2025_Qatar Grand Prix
SAI,4,0 days 00:01:27.804000,MEDIUM,4.0,True,0 days 01:04:37.105000,5,0 days 00:00:32.439000,0 days 00:00:29.737000,0 days 00:00:25.628000,1,87.804,3877.105,0.9800000000000182,False,True,False,4.0,0.0,0.0,0.0,0.0,32.439,29.737,25.628,0,0,0,0.0,,,0.0,0,0,88.03,87.699,-0.33100000000000307,0.0,-0.2259999999999991,-0.04650000000000176,0.0,-0.0019999999999988916,0.0,0.0,0,1,2025,Qatar Grand Prix,2025_Qatar Grand Prix
SAI,5,0 days 00:01:27.699000,MEDIUM,5.0,True,0 days 01:06:04.804000,5,0 days 00:00:32.472000,0 days 00:00:29.737000,0 days 00:00:25.490000,1,87.699,3964.804,1.1480000000001382,False,True,False,5.0,0.0,0.0,0.0,0.0,32.472,29.737,25.49,0,0,0,0.0,87.98566666666666,0.16405588478727384,-1.7473720436080271,1,0,87.804,87.394,-0.4099999999999966,0.0,-0.10500000000000398,-0.10633333333333421,0.0,-0.13800000000000168,0.9283797714297736,-0.1595000000000013,0,0,2025,Qatar Grand Prix,2025_Qatar Grand Prix
SAI,6,0 days 00:01:27.394000,MEDIUM,6.0,True,0 days 01:07:32.198000,5,0 days 00:00:32.302000,0 days 00:00:29.693000,0 days 00:00:25.399000,1,87.394,4052.198,1.4800000000000182,False,True,False,6.0,0.0,0.0,0.0,0.0,32.302,29.693,25.399,0,0,0,0.0,87.914,0.19618188839272502,-2.6506014610229385,1,1,87.699,87.424,-0.2749999999999915,0.0,-0.3049999999999926,-0.14133333333333553,0.0,-0.09099999999999753,0.8293521065667262,-0.14133333333333553,0,0,2025,Qatar Grand Prix,2025_Qatar Grand Prix
SAI,11,0 days 00:01:27.424000,MEDIUM,4.0,True,0 days 01:17:42.990000,4,0 days 00:00:32.558000,0 days 00:00:29.377000,0 days 00:00:25.489000,1,87.424,4662.99,0.5970000000006621,False,True,False,4.0,0.0,0.0,0.0,0.0,32.558,29.377,25.489,0,0,0,0.0,87.81,0.28800260415489454,-1.3402656588215982,0,1,87.394,86.928,-0.4660000000000082,0.0,0.030000000000001137,-0.21199999999999855,0.0,0.08999999999999986,0.7468438257092304,-0.21199999999999855,0,1,2025,Qatar Grand Prix,2025_Qatar Grand Prix
SAI,12,0 days 00:01:26.928000,MEDIUM,5.0,True,0 days 01:19:09.918000,4,0 days 00:00:32.235000,0 days 00:00:29.306000,0 days 00:00:25.387000,1,86.928,4749.918,0.9990000000007058,False,True,False,5.0,0.0,0.0,0.0,0.0,32.235,29.306,25.387,0,0,0,0.0,87.6702,0.26696853747211624,-2.7801028803909773,1,0,87.424,86.85,-0.5740000000000123,0.030000000000001137,-0.4960000000000093,-0.12666666666666515,0.0,-0.012000000000000455,0.08867468635411195,-0.12666666666666515,0,1,2025,Qatar Grand Prix,2025_Qatar Grand Prix
SAI,13,0 days 00:01:26.850000,MEDIUM,6.0,True,0 days 01:20:36.768000,4,0 days 00:00:32.248000,0 days 00:00:29.324000,0 days 00:00:25.278000,1,86.85,4836.768,1.1539999999995416,False,True,False,6.0,0.0,0.0,0.0,0.0,32.248,29.324,25.278,0,0,0,0.0,87.44980000000001,0.34044559036651567,-1.761808691233996,1,1,86.928,86.711,-0.21699999999999875,0.0,-0.07800000000000296,-0.2570000000000003,0.0,-0.10900000000000176,0.08787946290231938,-0.2570000000000003,0,0,2025,Qatar Grand Prix,2025_Qatar Grand Prix
SAI,14,0 days 00:01:26.711000,MEDIUM,7.0,True,0 days 01:22:03.479000,4,0 days 00:00:32.078000,0 days 00:00:29.364000,0 days 00:00:25.269000,1,86.711,4923.479,1.3209999999999127,False,True,False,7.0,0.0,0.0,0.0,0.0,32.078,29.364,25.269,0,0,0,0.0,87.259,0.3591281108462713,-1.5259178645432723,1,1,86.85,86.884,0.034000000000006025,0.0,-0.1389999999999958,-0.18133333333333704,0.0,-0.009000000000000341,0.09210048859805339,-0.18133333333333704,0,0,2025,Qatar Grand Prix,2025_Qatar Grand Prix
SAI,15,0 days 00:01:26.884000,MEDIUM,8.0,True,0 days 01:23:30.363000,4,0 days 00:00:32.184000,0 days 00:00:29.362000,0 days 00:00:25.338000,1,86.884,5010.363,1.7979999999997744,False,True,False,8.0,0.0,0.0,0.0,0.0,32.184,29.362,25.338,0,0,0,0.0,87.0614,0.3268666394724584,-0.5427289866176551,0,1,86.711,86.71,-0.0010000000000047748,0.0,0.17300000000000182,-0.23766666666666936,0.0,0.06900000000000261,0.07914354048183646,-0.23766666666666936,0,0,2025,Qatar Grand Prix,2025_Qatar Grand Prix
SAI,16,0 days 00:01:26.710000,MEDIUM,9.0,True,0 days 01:24:57.073000,4,0 days 00:00:32.140000,0 days 00:00:29.350000,0 days 00:00:25.220000,1,86.71,5097.073,2.1210000000000946,False,True,False,9.0,0.0,0.0,0.0,0.0,32.14,29.35,25.22,0,0,0,0.0,86.9594,0.2721190915757622,-0.916510482802974,0,0,86.884,86.832,-0.05200000000000671,0.17300000000000182,-0.1740000000000066,-0.014666666666665643,0.0,-0.04899999999999949,0.07873817371517003,-0.014666666666665643,0,0,2025,Qatar Grand Prix,2025_Qatar Grand Prix
SAI,17,0 days 00:01:26.832000,MEDIUM,10.0,True,0 days 01:26:23.905000,4,0 days 00:00:32.106000,0 days 00:00:29.404000,0 days 00:00:25.322000,1,86.832,5183.905,2.2830000000003565,False,True,False,10.0,0.0,0.0,0.0,0.0,32.106,29.404,25.322,0,0,0,0.0,86.81660000000001,0.1007263619913699,0.15288946900817163,0,0,86.71,86.874,0.16400000000000148,0.0,0.12199999999999989,-0.046666666666666856,0.0,0.10200000000000031,0.06489992295835406,-0.046666666666666856,0,0,2025,Qatar Grand Prix,2025_Qatar Grand Prix
SAI,18,0 days 00:01:26.874000,MEDIUM,11.0,True,0 days 01:27:50.779000,4,0 days 00:00:32.162000,0 days 00:00:29.355000,0 days 00:00:25.357000,1,86.874,5270.779,2.4299999999993815,False,True,False,11.0,0.0,0.0,0.0,0.0,32.162,29.355,25.357,0,0,0,0.0,86.7974,0.08149723921714304,0.939909139693731,0,0,86.832,86.738,-0.09399999999999409,0.12199999999999989,0.04200000000000159,0.0403333333333317,0.0,0.13700000000000045,0.08591391039872587,0.0403333333333317,0,0,2025,Qatar Grand Prix,2025_Qatar Grand Prix
SAI,19,0 days 00:01:26.738000,MEDIUM,12.0,True,0 days 01:29:17.517000,4,0 days 00:00:32.117000,0 days 00:00:29.376000,0 days 00:00:25.245000,1,86.738,5357.517,2.3090000000001965,False,True,False,12.0,0.0,0.0,0.0,0.0,32.117,29.376,25.245,0,0,0,0.0,86.8022,0.0859546392000814,-0.7469055841251068,0,0,86.874,86.975,0.10099999999999909,0.16400000000000148,-0.13599999999999568,-0.0033333333333350388,0.0,0.02500000000000213,0.07732399368889416,-0.0033333333333350388,0,0,2025,Qatar Grand Prix,2025_Qatar Grand Prix
SAI,20,0 days 00:01:26.975000,MEDIUM,13.0,True,0 days 01:30:44.492000,4,0 days 00:00:32.219000,0 days 00:00:29.426000,0 days 00:00:25.330000,1,86.975,5444.492,1.8429999999998472,False,True,False,13.0,0.0,0.0,0.0,0.0,32.219,29.426,25.33,0,0,0,0.0,86.8076,0.0793901757147337,2.1085732396097163,0,0,86.738,86.693,-0.045000000000001705,0.028000000000005798,0.23699999999999477,0.009333333333335267,0.0,0.0849999999999973,0.07216093125784953,0.009333333333335267,0,0,2025,Qatar Grand Prix,2025_Qatar Grand Prix
SAI,21,0 days 00:01:26.693000,MEDIUM,14.0,True,0 days 01:32:11.185000,4,0 days 00:00:32.126000,0 days 00:00:29.409000,0 days 00:00:25.158000,1,86.693,5531.185,1.6719999999995707,False,True,False,14.0,0.0,0.0,0.0,0.0,32.126,29.409,25.158,0,0,0,0.0,86.8258,0.10693549457507098,-1.2418701622666057,0,0,86.975,86.647,-0.32799999999998875,0.26500000000000057,-0.2819999999999965,0.04766666666666689,0.0,-0.08699999999999974,0.07318469785412816,0.04766666666666689,0,0,2025,Qatar Grand Prix,2025_Qatar Grand Prix
SAI,22,0 days 00:01:26.647000,MEDIUM,15.0,True,0 days 01:33:37.832000,4,0 days 00:00:32.038000,0 days 00:00:29.298000,0 days 00:00:25.311000,1,86.647,5617.832,1.7729999999992287,False,True,False,15.0,0.0,0.0,0.0,0.0,32.038,29.298,25.311,0,0,0,0.0,86.82239999999999,0.11170183525804295,-1.5702517294795526,1,0,86.693,86.646,-0.046999999999997044,0.0,-0.04599999999999227,-0.06033333333333246,0.0,0.1529999999999987,0.08783962659301349,-0.06033333333333246,0,0,2025,Qatar Grand Prix,2025_Qatar Grand Prix
SAI,23,0 days 00:01:26.646000,MEDIUM,16.0,True,0 days 01:35:04.478000,4,0 days 00:00:32.108000,0 days 00:00:29.373000,0 days 00:00:25.165000,1,86.646,5704.478,1.86200000000008,False,True,False,16.0,0.0,0.0,0.0,0.0,32.108,29.373,25.165,0,0,0,0.0,86.7854,0.13577297227363205,-1.0267139156315517,0,1,86.647,86.65,0.0030000000000001137,0.0,-0.0010000000000047748,-0.030333333333331325,0.0,0.006999999999997897,0.09747204727510331,-0.030333333333331325,0,0,2025,Qatar Grand Prix,2025_Qatar Grand Prix
SAI,24,0 days 00:01:26.650000,MEDIUM,17.0,True,0 days 01:36:31.128000,4,0 days 00:00:32.101000,0 days 00:00:29.350000,0 days 00:00:25.199000,1,86.65,5791.128,1.8380000000006476,False,True,False,17.0,0.0,0.0,0.0,0.0,32.101,29.35,25.199,0,0,0,0.0,86.7398,0.13686014759607368,-0.6561442580423829,0,0,86.646,86.699,0.05299999999999727,0.0,0.0040000000000048885,-0.10966666666666451,0.0,0.04100000000000037,0.08969280907631318,-0.10966666666666451,0,0,2025,Qatar Grand Prix,2025_Qatar Grand Prix
SAI,25,0 days 00:01:26.699000,MEDIUM,18.0,True,0 days 01:37:57.827000,3,0 days 00:00:32.072000,0 days 00:00:29.347000,0 days 00:00:25.280000,1,86.699,5877.827,1.7469999999993888,False,True,False,18.0,0.0,0.0,0.0,0.0,32.072,29.347,25.28,0,0,0,0.0,86.7222,0.1426839164027238,-0.1625971629102262,0,0,86.65,86.776,0.12599999999999056,0.0040000000000048885,0.04899999999999238,-0.014333333333330719,0.0,0.11500000000000199,0.08946060585531483,-0.014333333333330719,0,0,2025,Qatar Grand Prix,2025_Qatar Grand Prix
SAI,26,0 days 00:01:26.776000,MEDIUM,19.0,True,0 days 01:39:24.603000,2,0 days 00:00:32.168000,0 days 00:00:29.372000,0 days 00:00:25.236000,1,86.776,5964.603,1.5450000000000728,False,True,False,19.0,0.0,0.0,0.0,0.0,32.168,29.372,25.236,0,0,0,0.0,86.667,0.026598872156961783,4.097918113098109,0,0,86.699,86.56,-0.1389999999999958,0.05299999999999727,0.07699999999999818,0.01733333333333083,0.0,0.0710000000000015,0.09413394711792408,0.01733333333333083,0,0,2025,Qatar Grand Prix,2025_Qatar Grand Prix
SAI,27,0 days 00:01:26.560000,MEDIUM,20.0,True,0 days 01:40:51.163000,2,0 days 00:00:32.073000,0 days 00:00:29.361000,0 days 00:00:25.126000,1,86.56,6051.163,1.410000000000764,False,True,False,20.0,0.0,0.0,0.0,0.0,32.073,29.361,25.126,0,0,0,0.0,86.6836,0.05625211107169026,-2.1972508701491162,1,0,86.776,86.195,-0.5810000000000031,0.12999999999999545,-0.21599999999999397,0.043333333333331815,0.0,-0.0730000000000004,0.057989654249703516,0.043333333333331815,0,0,2025,Qatar Grand Prix,2025_Qatar Grand Prix
SAI,28,0 days 00:01:26.195000,MEDIUM,21.0,True,0 days 01:42:17.358000,2,0 days 00:00:31.986000,0 days 00:00:29.282000,0 days 00:00:24.927000,1,86.195,6137.358,1.7690000000002328,False,True,False,21.0,0.0,0.0,0.0,0.0,31.986,29.282,24.927,0,0,0,0.0,86.6662,0.07918459446143872,-5.950652436939297,1,1,86.56,86.418,-0.1419999999999959,0.0,-0.3650000000000091,-0.030000000000001137,0.0,-0.19900000000000162,0.07095914317408482,-0.030000000000001137,0,0,2025,Qatar Grand Prix,2025_Qatar Grand Prix
SAI,29,0 days 00:01:26.418000,MEDIUM,22.0,True,0 days 01:43:43.776000,2,0 days 00:00:32.168000,0 days 00:00:29.271000,0 days 00:00:24.979000,1,86.418,6223.776,1.7160000000003492,False,True,False,22.0,0.0,0.0,0.0,0.0,32.168,29.271,24.979,0,0,0,0.0,86.576,0.22694823198259578,-0.6961940113818721,0,1,86.195,86.262,0.06700000000000728,0.0,0.2230000000000132,-0.16800000000000162,0.0,0.0519999999999996,0.12695668552699566,-0.16800000000000162,0,0,2025,Qatar Grand Prix,2025_Qatar Grand Prix
SAI,30,0 days 00:01:26.262000,MEDIUM,23.0,True,0 days 01:45:10.038000,2,0 days 00:00:32.150000,0 days 00:00:29.281000,0 days 00:00:24.831000,1,86.262,6310.038,1.5230000000001382,False,True,False,23.0,0.0,0.0,0.0,0.0,32.15,29.281,24.831,0,0,0,0.0,86.5296,0.23170304270774247,-1.1549265683901164,0,0,86.418,86.165,-0.2530000000000001,0.2230000000000132,-0.1560000000000059,-0.11933333333332996,0.0,-0.09600000000000009,0.12812962186785867,-0.11933333333332996,0,0,2025,Qatar Grand Prix,2025_Qatar Grand Prix
SAI,31,0 days 00:01:26.165000,MEDIUM,24.0,True,0 days 01:46:36.203000,2,0 days 00:00:32.014000,0 days 00:00:29.315000,0 days 00:00:24.836000,1,86.165,6396.203,0.8949999999995271,False,True,False,24.0,0.0,0.0,0.0,0.0,32.014,29.315,24.836,0,0,0,0.0,86.4422,0.23423535172989246,-1.1834251232907214,0,0,86.262,85.267,-0.9950000000000045,0.06700000000000728,-0.0969999999999942,-0.09933333333333394,0.0,0.004999999999999005,0.11167587026748575,-0.09933333333333394,0,1,2025,Qatar Grand Prix,2025_Qatar Grand Prix
SAI,34,0 days 00:01:25.267000,HARD,2.0,True,0 days 01:51:19.613000,4,0 days 00:00:31.828000,0 days 00:00:28.769000,0 days 00:00:24.670000,1,85.267,6679.613,5.2609999999995125,True,False,False,2.0,0.0,0.0,0.0,0.0,31.828,28.769,24.67,0,0,0,0.0,86.32000000000001,0.16599548186630558,-6.343546150539858,1,0,86.165,85.167,-0.9980000000000047,0.0,-0.8980000000000103,-0.009999999999995643,0.0,-0.1609999999999978,0.09686433812296541,-0.009999999999995643,0,0,2025,Qatar Grand Prix,2025_Qatar Grand Prix
SAI,35,0 days 00:01:25.167000,HARD,3.0,True,0 days 01:52:44.780000,4,0 days 00:00:31.643000,0 days 00:00:28.838000,0 days 00:00:24.686000,1,85.167,6764.78,4.832000000000335,True,False,False,3.0,0.0,0.0,0.0,0.0,31.643,28.838,24.686,0,0,0,0.0,86.0614,0.45471342623682437,-1.9669531366205626,1,1,85.267,84.732,-0.5349999999999966,0.0,-0.09999999999999432,-0.38366666666667015,0.0,0.015999999999998238,0.10680215353634051,-0.38366666666667015,0,0,2025,Qatar Grand Prix,2025_Qatar Grand Prix
SAI,36,0 days 00:01:24.732000,HARD,4.0,True,0 days 01:54:09.512000,4,0 days 00:00:31.475000,0 days 00:00:28.650000,0 days 00:00:24.607000,1,84.732,6849.512,4.855000000000473,True,False,False,4.0,0.0,0.0,0.0,0.0,31.475,28.65,24.607,0,0,0,0.0,85.8558,0.5911435527856442,-1.9010610784881659,1,1,85.167,84.913,-0.2540000000000049,0.0,-0.4350000000000023,-0.3649999999999996,0.0,-0.06300000000000239,0.08853078560591164,-0.3649999999999996,0,0,2025,Qatar Grand Prix,2025_Qatar Grand Prix
SAI,37,0 days 00:01:24.913000,HARD,5.0,True,0 days 01:55:34.425000,4,0 days 00:00:31.553000,0 days 00:00:28.719000,0 days 00:00:24.641000,1,84.913,6934.425,4.331000000000131,True,False,False,5.0,0.0,0.0,0.0,0.0,31.553,28.719,24.641,0,0,0,0.0,85.5186,0.6663597376793031,-0.9088184140733079,0,1,84.732,84.854,0.12199999999999989,0.0,0.18099999999999739,-0.47766666666666896,0.0,0.03399999999999892,0.07332598448026392,-0.47766666666666896,0,0,2025,Qatar Grand Prix,2025_Qatar Grand Prix
SAI,38,0 days 00:01:24.854000,HARD,6.0,True,0 days 01:56:59.279000,4,0 days 00:00:31.607000,0 days 00:00:28.752000,0 days 00:00:24.495000,1,84.854,7019.279,3.905999999999949,True,False,False,6.0,0.0,0.0,0.0,0.0,31.607,28.752,24.495,0,0,0,0.0,85.2488,0.5536896242481201,-0.7130348533009269,0,0,84.913,84.794,-0.11899999999999977,0.18099999999999739,-0.0589999999999975,-0.11799999999999973,0.0,-0.11199999999999832,0.08002312165868004,-0.11799999999999973,0,0,2025,Qatar Grand Prix,2025_Qatar Grand Prix
SAI,39,0 days 00:01:24.794000,HARD,7.0,True,0 days 01:58:24.073000,4,0 days 00:00:31.478000,0 days 00:00:28.703000,0 days 00:00:24.613000,1,84.794,7104.073,3.76299999999992,True,False,False,7.0,0.0,0.0,0.0,0.0,31.478,28.703,24.613,0,0,0,0.0,84.9866,0.2230410276160298,-0.8635182596610165,0,0,84.854,84.597,-0.257000000000005,0.12199999999999989,-0.060000000000002274,-0.10433333333333412,0.0,0.11799999999999855,0.0828957176215988,-0.10433333333333412,0,0,2025,Qatar Grand Prix,2025_Qatar Grand Prix
SAI,40,0 days 00:01:24.597000,HARD,8.0,True,0 days 01:59:48.670000,4,0 days 00:00:31.322000,0 days 00:00:28.709000,0 days 00:00:24.566000,1,84.597,7188.67,3.630000000000109,True,False,False,8.0,0.0,0.0,0.0,0.0,31.322,28.709,24.566,0,0,0,0.0,84.892,0.16786452871293212,-1.7573694827719444,1,0,84.794,84.561,-0.23299999999998988,0.06199999999999761,-0.19700000000000273,0.020666666666665872,0.0,0.07099999999999795,0.089217711246142,0.020666666666665872,0,0,2025,Qatar Grand Prix,2025_Qatar Grand Prix
SAI,41,0 days 00:01:24.561000,HARD,9.0,True,0 days 02:01:13.231000,4,0 days 00:00:31.360000,0 days 00:00:28.721000,0 days 00:00:24.480000,1,84.561,7273.231,3.485000000000582,True,False,False,9.0,0.0,0.0,0.0,0.0,31.36,28.721,24.48,0,0,0,0.0,84.77799999999999,0.12158741711219674,-1.7847241528269682,1,1,84.597,84.648,0.05100000000000193,0.0,-0.03599999999998715,-0.10533333333333417,0.0,-0.015000000000000568,0.09509626701401029,-0.10533333333333417,0,0,2025,Qatar Grand Prix,2025_Qatar Grand Prix
SAI,42,0 days 00:01:24.648000,HARD,10.0,True,0 days 02:02:37.879000,4,0 days 00:00:31.432000,0 days 00:00:28.757000,0 days 00:00:24.459000,1,84.648,7357.879,3.231999999999971,True,False,False,10.0,0.0,0.0,0.0,0.0,31.432,28.757,24.459,0,0,0,0.0,84.7438,0.15673129872496763,-0.6112371988195352,0,1,84.561,84.726,0.16499999999999204,0.0,0.08699999999998909,-0.09766666666666406,0.0,-0.021000000000000796,0.08810051078171953,-0.09766666666666406,0,0,2025,Qatar Grand Prix,2025_Qatar Grand Prix
SAI,43,0 days 00:01:24.726000,HARD,11.0,True,0 days 02:04:02.605000,4,0 days 00:00:31.545000,0 days 00:00:28.756000,0 days 00:00:24.425000,1,84.726,7442.605,2.8140000000003056,True,False,False,11.0,0.0,0.0,0.0,0.0,31.545,28.756,24.425,0,0,0,0.0,84.6908,0.12724268151849244,0.2766367352521374,0,0,84.648,84.306,-0.34199999999999875,0.08699999999998909,0.07800000000000296,-0.048666666666666934,0.0,-0.03399999999999892,0.08921715081754115,-0.048666666666666934,0,0,2025,Qatar Grand Prix,2025_Qatar Grand Prix
SAI,44,0 days 00:01:24.306000,HARD,12.0,True,0 days 02:05:26.911000,4,0 days 00:00:31.325000,0 days 00:00:28.685000,0 days 00:00:24.296000,1,84.306,7526.911,2.918999999999869,True,False,False,12.0,0.0,0.0,0.0,0.0,31.325,28.685,24.296,0,0,0,0.0,84.6652,0.09498789396558505,-3.78153451986358,1,0,84.726,84.52,-0.20600000000000307,0.16499999999999204,-0.4200000000000017,0.04300000000000163,0.0,-0.12900000000000134,0.06699776115662368,0.04300000000000163,0,0,2025,Qatar Grand Prix,2025_Qatar Grand Prix
SAI,45,0 days 00:01:24.520000,HARD,13.0,True,0 days 02:06:51.431000,3,0 days 00:00:31.507000,0 days 00:00:28.640000,0 days 00:00:24.373000,1,84.52,7611.431,2.7140000000008513,True,False,False,13.0,0.0,0.0,0.0,0.0,31.507,28.64,24.373,0,0,0,0.0,84.5676,0.15882159802752663,-0.29970734831513796,0,1,84.306,84.273,-0.03300000000000125,0.0,0.21399999999999864,-0.08500000000000323,0.0,0.07700000000000173,0.07111118055552215,-0.08500000000000323,0,0,2025,Qatar Grand Prix,2025_Qatar Grand Prix
SAI,46,0 days 00:01:24.273000,HARD,14.0,True,0 days 02:08:15.704000,3,0 days 00:00:31.334000,0 days 00:00:28.649000,0 days 00:00:24.290000,1,84.273,7695.704,2.5880000000006476,True,False,False,14.0,0.0,0.0,0.0,0.0,31.334,28.649,24.29,0,0,0,0.0,84.5522,0.15899119472479392,-1.7560720924406206,1,0,84.52,84.182,-0.33799999999999386,0.21399999999999864,-0.2469999999999999,-0.04266666666666671,0.0,-0.006000000000000227,0.07316966584589722,-0.04266666666666671,0,0,2025,Qatar Grand Prix,2025_Qatar Grand Prix
SAI,47,0 days 00:01:24.182000,HARD,15.0,True,0 days 02:09:39.886000,3,0 days 00:00:31.329000,0 days 00:00:28.640000,0 days 00:00:24.213000,1,84.182,7779.886,2.581999999999425,True,False,False,15.0,0.0,0.0,0.0,0.0,31.329,28.64,24.213,0,0,0,0.0,84.49459999999999,0.2014939205038629,-1.5514115722116597,1,1,84.273,83.859,-0.4140000000000015,0.0,-0.09099999999999397,-0.151000000000001,0.0,-0.07699999999999818,0.07356833557992364,-0.151000000000001,0,0,2025,Qatar Grand Prix,2025_Qatar Grand Prix
SAI,48,0 days 00:01:23.859000,HARD,16.0,True,0 days 02:11:03.745000,3,0 days 00:00:31.171000,0 days 00:00:28.542000,0 days 00:00:24.146000,1,83.859,7863.745,2.755000000000109,True,False,False,16.0,0.0,0.0,0.0,0.0,31.171,28.542,24.146,0,0,0,0.0,84.4014,0.21974712739877575,-2.468291651502255,1,1,84.182,83.935,-0.2469999999999999,0.0,-0.3230000000000075,-0.041333333333331744,0.0,-0.06700000000000017,0.07742544801291257,-0.041333333333331744,0,0,2025,Qatar Grand Prix,2025_Qatar Grand Prix
SAI,49,0 days 00:01:23.935000,HARD,17.0,True,0 days 02:12:27.680000,3,0 days 00:00:31.166000,0 days 00:00:28.525000,0 days 00:00:24.244000,1,83.935,7947.68,3.2730000000001382,True,False,False,17.0,0.0,0.0,0.0,0.0,31.166,28.525,24.244,0,0,0,0.0,84.228,0.24065016102219042,-1.217535025762873,0,1,83.859,84.485,0.6260000000000048,0.0,0.07600000000000762,-0.2203333333333338,0.0,0.09799999999999898,0.07884034500178343,-0.2203333333333338,0,0,2025,Qatar Grand Prix,2025_Qatar Grand Prix
SAI,50,0 days 00:01:24.485000,HARD,18.0,True,0 days 02:13:52.165000,3,0 days 00:00:31.323000,0 days 00:00:28.606000,0 days 00:00:24.556000,1,84.485,8032.165,2.8640000000004875,True,False,False,18.0,0.0,0.0,0.0,0.0,31.323,28.606,24.556,0,0,0,0.0,84.15379999999999,0.2664051425930096,1.2432192441044128,0,0,83.935,84.526,0.590999999999994,0.07600000000000762,0.5499999999999972,-0.11266666666666462,0.0,0.41000000000000014,0.08040833290151002,-0.11266666666666462,0,0,2025,Qatar Grand Prix,2025_Qatar Grand Prix
SAI,51,0 days 00:01:24.526000,HARD,19.0,True,0 days 02:15:16.691000,3,0 days 00:00:31.368000,0 days 00:00:28.600000,0 days 00:00:24.558000,1,84.526,8116.691,2.4600000000000364,True,False,False,19.0,0.0,0.0,0.0,0.0,31.368,28.6,24.558,0,0,0,0.0,84.1468,0.2545745470387823,1.4895440428387736,0,0,84.485,84.502,0.016999999999995907,0.6260000000000048,0.04099999999999682,0.10099999999999909,0.0,0.41199999999999903,0.20157207147816883,0.10099999999999909,0,0,2025,Qatar Grand Prix,2025_Qatar Grand Prix
SAI,52,0 days 00:01:24.502000,HARD,20.0,True,0 days 02:16:41.193000,3,0 days 00:00:31.398000,0 days 00:00:28.640000,0 days 00:00:24.464000,1,84.502,8201.193,1.9330000000009022,True,False,False,20.0,0.0,0.0,0.0,0.0,31.398,28.64,24.464,0,0,0,0.0,84.1974,0.3058991663931175,0.9957529587005989,0,0,84.526,84.356,-0.1700000000000017,0.6670000000000016,-0.02400000000000091,0.22233333333333385,0.0,0.21999999999999886,0.24363435718305382,0.22233333333333385,0,0,2025,Qatar Grand Prix,2025_Qatar Grand Prix
SAI,53,0 days 00:01:24.356000,HARD,21.0,True,0 days 02:18:05.549000,3,0 days 00:00:31.289000,0 days 00:00:28.519000,0 days 00:00:24.548000,1,84.356,8285.549,1.613999999999578,True,False,False,21.0,0.0,0.0,0.0,0.0,31.289,28.519,24.548,0,0,0,0.0,84.26140000000001,0.3340513433590843,0.2831900002219015,0,0,84.502,84.255,-0.2469999999999999,0.6430000000000007,-0.1460000000000008,0.1889999999999977,0.0,0.08399999999999963,0.20619844810279275,0.1889999999999977,0,0,2025,Qatar Grand Prix,2025_Qatar Grand Prix
SAI,54,0 days 00:01:24.255000,HARD,22.0,True,0 days 02:19:29.804000,3,0 days 00:00:31.360000,0 days 00:00:28.478000,0 days 00:00:24.417000,1,84.255,8369.804,1.4329999999990832,True,False,False,22.0,0.0,0.0,0.0,0.0,31.36,28.478,24.417,0,0,0,0.0,84.3608,0.2469730754556358,-0.42838677780893225,0,0,84.356,84.085,-0.2710000000000008,0.42099999999999227,-0.10099999999999909,-0.04300000000000163,0.0,-0.046999999999997044,0.1606773163828677,-0.04300000000000163,0,0,2025,Qatar Grand Prix,2025_Qatar Grand Prix
SAI,55,0 days 00:01:24.085000,HARD,23.0,True,0 days 02:20:53.889000,3,0 days 00:00:31.255000,0 days 00:00:28.487000,0 days 00:00:24.343000,1,84.085,8453.889,1.3029999999998836,True,False,False,23.0,0.0,0.0,0.0,0.0,31.255,28.487,24.343,0,0,0,0.0,84.4248,0.11553224658086275,-2.9411701932254894,1,0,84.255,84.409,0.15400000000001057,0.0,-0.1700000000000017,-0.0903333333333336,0.0,-0.07400000000000162,0.2016561429761059,-0.0903333333333336,0,0,2025,Qatar Grand Prix,2025_Qatar Grand Prix
SAI,56,0 days 00:01:24.409000,HARD,24.0,True,0 days 02:22:18.298000,3,0 days 00:00:31.515000,0 days 00:00:28.391000,0 days 00:00:24.503000,1,84.409,8538.298,1.5360000000000582,True,False,False,24.0,0.0,0.0,0.0,0.0,31.515,28.391,24.503,0,0,0,0.0,84.34479999999999,0.18250397255955253,0.3517731647132493,0,1,84.085,84.385,0.30000000000001137,0.0,0.3240000000000123,-0.13900000000000054,0.0,0.16000000000000014,0.2012958022413777,-0.13900000000000054,0,0,2025,Qatar Grand Prix,2025_Qatar Grand Prix
STR,2,0 days 00:01:29.552000,MEDIUM,2.0,True,0 days 01:01:49.483000,18,0 days 00:00:33.362000,0 days 00:00:30.199000,0 days 00:00:25.991000,1,89.552,3709.483,0.3269999999997708,False,True,False,2.0,0.0,0.0,0.0,0.0,33.362,30.199,25.991,0,0,0,0.0,84.298,0.13273281433020317,39.58327883359333,0,0,89.552,88.85,-0.7020000000000124,5.467000000000013,0.0,0.043333333333336554,0.0,1.6479999999999997,0.12138451301545883,0.0,0,1,2025,Qatar Grand Prix,2025_Qatar Grand Prix
STR,3,0 days 00:01:28.850000,MEDIUM,3.0,True,0 days 01:03:18.333000,18,0 days 00:00:32.710000,0 days 00:00:30.250000,0 days 00:00:25.890000,1,88.85,3798.333,0.39800000000013824,False,True,False,3.0,0.0,0.0,0.0,0.0,32.71,30.25,25.89,0,0,0,0.0,,,0.0,0,0,89.552,88.851,-0.7010000000000076,0.0,-0.7020000000000124,0.0,0.0,0.0,0.0,0.0,0,1,2025,Qatar Grand Prix,2025_Qatar Grand Prix
STR,4,0 days 00:01:28.851000,MEDIUM,4.0,True,0 days 01:04:47.184000,18,0 days 00:00:32.608000,0 days 00:00:30.355000,0 days 00:00:25.888000,1,88.851,3887.184,0.4159999999997126,False,True,False,4.0,0.0,0.0,0.0,0.0,32.608,30.355,25.888,0,0,0,0.0,,,0.0,0,0,88.85,88.778,-0.07199999999998852,0.0,0.0010000000000047748,-0.3510000000000062,0.0,-0.0019999999999988916,0.0,0.0,0,1,2025,Qatar Grand Prix,2025_Qatar Grand Prix
STR,5,0 days 00:01:28.778000,MEDIUM,5.0,True,0 days 01:06:15.962000,18,0 days 00:00:32.704000,0 days 00:00:30.309000,0 days 00:00:25.765000,1,88.778,3975.962,0.306999999999789,False,True,False,5.0,0.0,0.0,0.0,0.0,32.704,30.309,25.765,0,0,0,0.0,89.08433333333333,0.40501152246983624,-0.7563570820534918,0,0,88.851,88.265,-0.5859999999999985,0.0010000000000047748,-0.07299999999999329,-0.23366666666666921,0.0,-0.12300000000000111,0.9520511190757208,-0.3505000000000038,0,1,2025,Qatar Grand Prix,2025_Qatar Grand Prix
STR,6,0 days 00:01:28.265000,MEDIUM,6.0,True,0 days 01:07:44.227000,18,0 days 00:00:32.575000,0 days 00:00:30.035000,0 days 00:00:25.655000,1,88.265,4064.227,0.6469999999999345,False,True,False,6.0,0.0,0.0,0.0,0.0,32.575,30.035,25.655,0,0,0,0.0,89.00775,0.36443963834906873,-2.0380604134190743,1,0,88.778,89.31,0.5319999999999965,0.0,-0.5130000000000052,-0.2580000000000003,0.0,-0.10999999999999943,0.8467889839466105,-0.2580000000000003,0,1,2025,Qatar Grand Prix,2025_Qatar Grand Prix
STR,11,0 days 00:01:29.310000,MEDIUM,4.0,True,0 days 01:17:49.818000,16,0 days 00:00:33.399000,0 days 00:00:30.141000,0 days 00:00:25.770000,1,89.31,4669.818,0.38400000000001455,False,True,False,4.0,0.0,0.0,0.0,0.0,33.399,30.141,25.77,0,0,0,0.0,88.8592,0.45820050196393314,0.9838487694094349,0,1,88.265,88.45,0.18500000000000227,0.0,1.0450000000000017,-0.19499999999999792,0.0,0.11499999999999844,0.7654774980363561,-0.19499999999999792,0,1,2025,Qatar Grand Prix,2025_Qatar Grand Prix
STR,12,0 days 00:01:28.450000,MEDIUM,5.0,True,0 days 01:19:18.268000,16,0 days 00:00:32.833000,0 days 00:00:29.912000,0 days 00:00:25.705000,1,88.45,4758.268,0.48400000000037835,False,True,False,5.0,0.0,0.0,0.0,0.0,32.833,29.912,25.705,0,0,0,0.0,88.8108,0.3712569191274405,-0.9718337394168446,0,0,89.31,88.136,-1.1740000000000066,1.0450000000000017,-0.8599999999999994,0.15300000000000105,0.0,0.04999999999999716,0.09692522891383713,0.15300000000000105,0,1,2025,Qatar Grand Prix,2025_Qatar Grand Prix
STR,13,0 days 00:01:28.136000,MEDIUM,6.0,True,0 days 01:20:46.404000,16,0 days 00:00:32.400000,0 days 00:00:30.150000,0 days 00:00:25.586000,1,88.136,4846.404,0.727999999999156,False,True,False,6.0,0.0,0.0,0.0,0.0,32.4,30.15,25.586,0,0,0,0.0,88.7308,0.40248192505999436,-1.4778303396142447,0,0,88.45,88.067,-0.3830000000000098,0.18500000000000227,-0.31400000000000716,-0.10933333333333432,0.0,-0.06900000000000261,0.10244266689226537,-0.10933333333333432,0,1,2025,Qatar Grand Prix,2025_Qatar Grand Prix
STR,14,0 days 00:01:28.067000,MEDIUM,7.0,True,0 days 01:22:14.471000,16,0 days 00:00:32.417000,0 days 00:00:30.055000,0 days 00:00:25.595000,1,88.067,4934.471,0.8280000000004293,False,True,False,7.0,0.0,0.0,0.0,0.0,32.417,30.055,25.595,0,0,0,0.0,88.5878,0.4703883501958783,-1.107170277034152,0,0,88.136,87.778,-0.3579999999999899,0.0,-0.06900000000000261,-0.04300000000000163,0.0,0.009000000000000341,0.10483463168247245,-0.04300000000000163,0,1,2025,Qatar Grand Prix,2025_Qatar Grand Prix
STR,15,0 days 00:01:27.778000,MEDIUM,8.0,True,0 days 01:23:42.249000,16,0 days 00:00:32.175000,0 days 00:00:30.059000,0 days 00:00:25.544000,1,87.778,5022.249,1.0770000000002256,False,True,False,8.0,0.0,0.0,0.0,0.0,32.175,30.059,25.544,0,0,0,0.0,88.4456,0.5047309184109897,-1.3226849706408974,0,0,88.067,87.782,-0.2849999999999966,0.0,-0.28899999999998727,-0.4143333333333364,0.0,-0.04199999999999804,0.09036315620870984,-0.4143333333333364,0,0,2025,Qatar Grand Prix,2025_Qatar Grand Prix
STR,16,0 days 00:01:27.782000,MEDIUM,9.0,True,0 days 01:25:10.031000,16,0 days 00:00:32.256000,0 days 00:00:30.055000,0 days 00:00:25.471000,1,87.782,5110.031,1.1739999999999782,False,True,False,9.0,0.0,0.0,0.0,0.0,32.256,30.055,25.471,0,0,0,0.0,88.34819999999999,0.5883563546015264,-0.9623419473109334,0,0,87.778,87.684,-0.0940000000000083,0.0,0.003999999999990678,-0.223999999999999,0.0,-0.0730000000000004,0.0733777895551489,-0.223999999999999,0,0,2025,Qatar Grand Prix,2025_Qatar Grand Prix
STR,17,0 days 00:01:27.684000,MEDIUM,10.0,True,0 days 01:26:37.715000,16,0 days 00:00:32.184000,0 days 00:00:30.052000,0 days 00:00:25.448000,1,87.684,5197.715,1.2359999999998763,False,True,False,10.0,0.0,0.0,0.0,0.0,32.184,30.052,25.448,0,0,0,0.0,88.04260000000001,0.2798299483614761,-1.2814925711124416,0,0,87.782,87.529,-0.2530000000000001,0.003999999999990678,-0.09799999999999898,-0.11799999999999973,0.0,-0.022999999999999687,0.05317424188457929,-0.11799999999999973,0,0,2025,Qatar Grand Prix,2025_Qatar Grand Prix
STR,18,0 days 00:01:27.529000,MEDIUM,11.0,True,0 days 01:28:05.244000,16,0 days 00:00:32.079000,0 days 00:00:29.972000,0 days 00:00:25.478000,1,87.529,5285.244,1.3980000000001382,False,True,False,11.0,0.0,0.0,0.0,0.0,32.079,29.972,25.478,0,0,0,0.0,87.8894,0.19905225444585908,-1.8105798449925365,1,0,87.684,87.685,0.0010000000000047748,0.0,-0.15500000000000114,-0.12766666666666518,0.0,0.030000000000001137,0.03399705869630266,-0.12766666666666518,0,0,2025,Qatar Grand Prix,2025_Qatar Grand Prix
STR,19,0 days 00:01:27.685000,MEDIUM,12.0,True,0 days 01:29:32.929000,16,0 days 00:00:32.102000,0 days 00:00:30.040000,0 days 00:00:25.543000,1,87.685,5372.929,1.5379999999995562,False,True,False,12.0,0.0,0.0,0.0,0.0,32.102,30.04,25.543,0,0,0,0.0,87.768,0.19613388284530348,-0.42318032354186824,0,1,87.529,87.7,0.17100000000000648,0.0,0.1560000000000059,-0.08300000000000314,0.0,0.09499999999999886,0.04075168708163894,-0.08300000000000314,0,0,2025,Qatar Grand Prix,2025_Qatar Grand Prix
STR,20,0 days 00:01:27.700000,MEDIUM,13.0,True,0 days 01:31:00.629000,16,0 days 00:00:32.169000,0 days 00:00:30.035000,0 days 00:00:25.496000,1,87.7,5460.629,1.4840000000003783,False,True,False,13.0,0.0,0.0,0.0,0.0,32.169,30.035,25.496,0,0,0,0.0,87.6916,0.1026854420060282,0.08180322191645939,0,0,87.685,87.637,-0.04800000000000182,0.1560000000000059,0.015000000000000568,-0.0323333333333314,0.0,0.047999999999998266,0.06616872372956678,-0.0323333333333314,0,0,2025,Qatar Grand Prix,2025_Qatar Grand Prix
STR,21,0 days 00:01:27.637000,MEDIUM,14.0,True,0 days 01:32:28.266000,16,0 days 00:00:32.165000,0 days 00:00:30.064000,0 days 00:00:25.408000,1,87.637,5548.266,1.4370000000008076,False,True,False,14.0,0.0,0.0,0.0,0.0,32.165,30.064,25.408,0,0,0,0.0,87.676,0.0916051308605166,-0.4257403448217894,0,0,87.7,87.751,0.05100000000000193,0.17100000000000648,-0.06300000000000239,0.005333333333335115,0.0,-0.07000000000000028,0.06500230765134225,0.005333333333335115,0,0,2025,Qatar Grand Prix,2025_Qatar Grand Prix
STR,22,0 days 00:01:27.751000,MEDIUM,15.0,True,0 days 01:33:56.017000,16,0 days 00:00:32.093000,0 days 00:00:30.260000,0 days 00:00:25.398000,1,87.751,5636.017,1.2979999999997744,False,True,False,15.0,0.0,0.0,0.0,0.0,32.093,30.26,25.398,0,0,0,0.0,87.647,0.07008209471734164,1.4839739083064916,0,0,87.637,87.689,0.0519999999999925,0.10800000000000409,0.11400000000000432,0.036000000000001364,0.0,-0.010000000000001563,0.06398828017691789,0.036000000000001364,0,0,2025,Qatar Grand Prix,2025_Qatar Grand Prix
STR,23,0 days 00:01:27.689000,MEDIUM,16.0,True,0 days 01:35:23.706000,16,0 days 00:00:32.373000,0 days 00:00:30.103000,0 days 00:00:25.213000,1,87.689,5723.706,1.3859999999995125,False,True,False,16.0,0.0,0.0,0.0,0.0,32.373,30.103,25.213,0,0,0,0.0,87.66040000000001,0.08395713191844902,0.3406500358750157,0,0,87.751,86.151,-1.6000000000000085,0.2220000000000084,-0.06200000000001182,0.022000000000000835,0.0,-0.18499999999999872,0.06224789153055526,0.022000000000000835,0,0,2025,Qatar Grand Prix,2025_Qatar Grand Prix
STR,26,0 days 00:01:26.151000,MEDIUM,2.0,True,0 days 01:40:09.686000,19,0 days 00:00:31.869000,0 days 00:00:29.085000,0 days 00:00:25.197000,1,86.151,6009.686,0.0,False,True,False,2.0,0.0,0.0,0.0,0.0,31.869,29.085,25.197,0,0,0,0.0,87.69239999999999,0.04070380817533011,-37.86869261373466,1,0,87.689,86.624,-1.0649999999999977,0.0519999999999925,-1.5379999999999967,-0.0036666666666699634,0.0,-0.01600000000000179,0.10906099210991782,-0.0036666666666699634,0,0,2025,Qatar Grand Prix,2025_Qatar Grand Prix
STR,27,0 days 00:01:26.624000,MEDIUM,3.0,True,0 days 01:41:36.310000,19,0 days 00:00:32.176000,0 days 00:00:29.231000,0 days 00:00:25.217000,1,86.624,6096.31,0.0,False,True,False,3.0,0.0,0.0,0.0,0.0,32.176,29.231,25.217,0,0,0,0.0,87.3856,0.6913492605043781,-1.101613964907363,0,1,86.151,86.479,0.32800000000000296,0.0,0.472999999999999,-0.49533333333333474,0.0,0.019999999999999574,0.08793065449545778,-0.49533333333333474,0,0,2025,Qatar Grand Prix,2025_Qatar Grand Prix
STR,28,0 days 00:01:26.479000,MEDIUM,4.0,True,0 days 01:43:02.789000,19,0 days 00:00:32.102000,0 days 00:00:29.231000,0 days 00:00:25.146000,1,86.479,6182.789,0.0,False,True,False,4.0,0.0,0.0,0.0,0.0,32.102,29.231,25.146,0,0,0,0.0,87.1704,0.7350998571622326,-0.940552488568112,0,0,86.624,86.277,-0.3469999999999942,0.472999999999999,-0.14499999999999602,-0.37566666666666987,0.0,-0.05099999999999838,0.08101975067845883,-0.37566666666666987,0,0,2025,Qatar Grand Prix,2025_Qatar Grand Prix
STR,29,0 days 00:01:26.277000,MEDIUM,5.0,True,0 days 01:44:29.066000,19,0 days 00:00:32.070000,0 days 00:00:29.182000,0 days 00:00:25.025000,1,86.277,6269.066,0.0,False,True,False,5.0,0.0,0.0,0.0,0.0,32.07,29.182,25.025,0,0,0,0.0,86.9388,0.7337596336675375,-0.9019302365982393,0,0,86.479,86.325,-0.15399999999999636,0.32800000000000296,-0.20199999999999818,-0.40333333333333127,0.0,-0.12100000000000222,0.0804195249923775,-0.40333333333333127,0,0,2025,Qatar Grand Prix,2025_Qatar Grand Prix
STR,30,0 days 00:01:26.325000,MEDIUM,6.0,True,0 days 01:45:55.391000,19,0 days 00:00:31.966000,0 days 00:00:29.138000,0 days 00:00:25.221000,1,86.325,6355.391,0.0,False,True,False,6.0,0.0,0.0,0.0,0.0,31.966,29.138,25.221,0,0,0,0.0,86.64399999999999,0.6118390311183957,-0.5213789637069745,0,0,86.277,86.392,0.11499999999999488,0.12600000000000477,0.04800000000000182,0.04200000000000159,0.0,0.1960000000000015,0.08246393150947705,0.04200000000000159,0,0,2025,Qatar Grand Prix,2025_Qatar Grand Prix
STR,31,0 days 00:01:26.392000,MEDIUM,7.0,True,0 days 01:47:21.783000,19,0 days 00:00:32.031000,0 days 00:00:29.215000,0 days 00:00:25.146000,1,86.392,6441.783,0.0,False,True,False,7.0,0.0,0.0,0.0,0.0,32.031,29.215,25.146,0,0,0,0.0,86.3712,0.18372860419620549,0.11321046110915665,0,0,86.325,86.163,-0.16200000000000614,0.1740000000000066,0.06699999999999307,-0.09966666666666413,0.0,0.12100000000000222,0.11848755208881673,-0.09966666666666413,0,0,2025,Qatar Grand Prix,2025_Qatar Grand Prix
STR,32,0 days 00:01:26.163000,MEDIUM,8.0,True,0 days 01:48:47.946000,19,0 days 00:00:31.963000,0 days 00:00:29.244000,0 days 00:00:24.956000,1,86.163,6527.946,0.0,False,True,False,8.0,0.0,0.0,0.0,0.0,31.963,29.244,24.956,0,0,0,0.0,86.4194,0.137252686676395,-1.8680872936536512,1,0,86.392,87.4,1.0080000000000098,0.11499999999999488,-0.2289999999999992,-0.029000000000001098,0.0,-0.06899999999999906,0.12772431248591684,-0.029000000000001098,0,0,2025,Qatar Grand Prix,2025_Qatar Grand Prix
STR,33,0 days 00:01:27.400000,MEDIUM,9.0,True,0 days 01:50:15.346000,11,0 days 00:00:33.083000,0 days 00:00:29.322000,0 days 00:00:24.995000,1,87.4,6615.346,0.0,False,True,False,9.0,0.0,0.0,0.0,0.0,33.083,29.322,24.995,0,0,0,0.0,86.32719999999999,0.1190890423165871,9.008385483091521,0,1,86.163,86.011,-0.15200000000000102,0.0,1.237000000000009,-0.03800000000000144,0.0,0.03900000000000148,0.13592718639036164,-0.03800000000000144,0,0,2025,Qatar Grand Prix,2025_Qatar Grand Prix
STR,34,0 days 00:01:26.011000,MEDIUM,10.0,True,0 days 01:51:41.357000,11,0 days 00:00:31.918000,0 days 00:00:29.284000,0 days 00:00:24.809000,1,86.011,6701.357,1.4639999999999418,False,True,False,10.0,0.0,0.0,0.0,0.0,31.918,29.284,24.809,0,0,0,0.0,86.51140000000001,0.5037204581907518,-0.9934081331485625,0,0,87.4,85.715,-1.6850000000000023,1.237000000000009,-1.38900000000001,0.3583333333333343,0.0,-0.14699999999999847,0.13083271762063248,0.3583333333333343,0,0,2025,Qatar Grand Prix,2025_Qatar Grand Prix
STR,35,0 days 00:01:25.715000,MEDIUM,11.0,True,0 days 01:53:07.072000,10,0 days 00:00:31.885000,0 days 00:00:29.127000,0 days 00:00:24.703000,1,85.715,6787.072,1.2579999999998108,False,True,False,11.0,0.0,0.0,0.0,0.0,31.885,29.127,24.703,0,0,0,0.0,86.4582,0.5468644256119606,-1.3590205637683135,0,0,86.011,86.963,0.9519999999999982,0.0,-0.29599999999999227,-0.12700000000000009,0.0,-0.10600000000000165,0.1387695932111926,-0.12700000000000009,0,0,2025,Qatar Grand Prix,2025_Qatar Grand Prix
STR,36,0 days 00:01:26.963000,MEDIUM,12.0,True,0 days 01:54:34.035000,10,0 days 00:00:32.911000,0 days 00:00:29.345000,0 days 00:00:24.707000,1,86.963,6874.035,0.6590000000005602,False,True,False,12.0,0.0,0.0,0.0,0.0,32.911,29.345,24.707,0,0,0,0.0,86.3362,0.6435112275631963,0.9740311794924098,0,0,85.715,85.669,-0.04600000000000648,0.0,1.2479999999999905,-0.1493333333333311,0.0,0.004000000000001336,0.11013537124829595,-0.1493333333333311,0,1,2025,Qatar Grand Prix,2025_Qatar Grand Prix
STR,37,0 days 00:01:25.669000,MEDIUM,13.0,True,0 days 01:55:59.704000,10,0 days 00:00:31.888000,0 days 00:00:29.031000,0 days 00:00:24.750000,1,85.669,6959.704,0.9859999999998763,False,True,False,13.0,0.0,0.0,0.0,0.0,31.888,29.031,24.75,0,0,0,0.0,86.45039999999999,0.703737024747098,-1.110357949804904,0,0,86.963,85.627,-1.3359999999999985,1.2479999999999905,-1.293999999999997,-0.1456666666666706,0.0,0.0470000000000006,0.07677043701842441,-0.1456666666666706,0,1,2025,Qatar Grand Prix,2025_Qatar Grand Prix
STR,38,0 days 00:01:25.627000,MEDIUM,14.0,True,0 days 01:57:25.331000,10,0 days 00:00:31.891000,0 days 00:00:29.047000,0 days 00:00:24.689000,1,85.627,7045.331,0.9830000000001746,False,True,False,14.0,0.0,0.0,0.0,0.0,31.891,29.047,24.689,0,0,0,0.0,86.3516,0.7842453697663077,-0.9239455251306469,0,0,85.669,85.51,-0.15899999999999181,0.0,-0.04200000000000159,-0.11399999999999959,0.0,-0.013999999999999346,0.08842680589052096,-0.11399999999999959,0,1,2025,Qatar Grand Prix,2025_Qatar Grand Prix
STR,39,0 days 00:01:25.510000,MEDIUM,15.0,True,0 days 01:58:50.841000,10,0 days 00:00:31.788000,0 days 00:00:29.059000,0 days 00:00:24.663000,1,85.51,7130.841,1.0909999999994398,False,True,False,15.0,0.0,0.0,0.0,0.0,31.788,29.059,24.663,0,0,0,0.0,85.99699999999999,0.5606603249739271,-0.8686186239816914,0,0,85.627,85.228,-0.3990000000000009,0.0,-0.11699999999999022,-0.029333333333336025,0.0,-0.0259999999999998,0.080521425720114,-0.029333333333336025,0,0,2025,Qatar Grand Prix,2025_Qatar Grand Prix
STR,40,0 days 00:01:25.228000,MEDIUM,16.0,True,0 days 02:00:16.069000,10,0 days 00:00:31.744000,0 days 00:00:29.061000,0 days 00:00:24.423000,1,85.228,7216.069,1.3719999999993888,False,True,False,16.0,0.0,0.0,0.0,0.0,31.744,29.061,24.423,0,0,0,0.0,85.89680000000001,0.6008603831172944,-1.1130705548105038,0,0,85.51,85.632,0.12199999999999989,0.0,-0.2820000000000107,-0.48433333333332956,0.0,-0.240000000000002,0.05596427431853207,-0.48433333333332956,0,0,2025,Qatar Grand Prix,2025_Qatar Grand Prix
STR,41,0 days 00:01:25.632000,MEDIUM,17.0,True,0 days 02:01:41.701000,10,0 days 00:00:31.800000,0 days 00:00:29.121000,0 days 00:00:24.711000,1,85.632,7301.701,1.393000000000029,False,True,False,17.0,0.0,0.0,0.0,0.0,31.8,29.121,24.711,0,0,0,0.0,85.79939999999999,0.6728560767354747,-0.2487902031176836,0,0,85.228,85.747,0.5190000000000055,0.0,0.4040000000000106,-0.14700000000000082,0.0,0.28800000000000026,0.11203660116229902,-0.14700000000000082,0,0,2025,Qatar Grand Prix,2025_Qatar Grand Prix
STR,42,0 days 00:01:25.747000,MEDIUM,18.0,True,0 days 02:03:07.448000,10,0 days 00:00:31.925000,0 days 00:00:29.129000,0 days 00:00:24.693000,1,85.747,7387.448,1.2770000000000437,False,True,False,18.0,0.0,0.0,0.0,0.0,31.925,29.129,24.693,0,0,0,0.0,85.5332,0.18075314658349648,1.1828286480271268,0,0,85.632,85.475,-0.1570000000000107,0.4040000000000106,0.11499999999999488,0.0016666666666698877,0.0,0.2700000000000031,0.1890899256967438,0.0016666666666698877,0,0,2025,Qatar Grand Prix,2025_Qatar Grand Prix
STR,43,0 days 00:01:25.475000,MEDIUM,19.0,True,0 days 02:04:32.923000,10,0 days 00:00:31.672000,0 days 00:00:29.163000,0 days 00:00:24.640000,1,85.475,7472.923,1.2700000000004366,False,True,False,19.0,0.0,0.0,0.0,0.0,31.672,29.163,24.64,0,0,0,0.0,85.5488,0.19795125662605956,-0.37281905282075456,0,0,85.747,85.698,-0.049000000000006594,0.5190000000000055,-0.27200000000000557,0.07899999999999825,0.0,0.2170000000000023,0.222968159161797,0.07899999999999825,0,0,2025,Qatar Grand Prix,2025_Qatar Grand Prix
STR,44,0 days 00:01:25.698000,MEDIUM,20.0,True,0 days 02:05:58.621000,10,0 days 00:00:31.950000,0 days 00:00:29.170000,0 days 00:00:24.578000,1,85.698,7558.621,0.9489999999996144,False,True,False,20.0,0.0,0.0,0.0,0.0,31.95,29.17,24.578,0,0,0,0.0,85.5184,0.19458237330198794,0.9230024125631254,0,0,85.475,85.49,0.015000000000000568,0.2469999999999999,0.22299999999999898,0.0823333333333333,0.0,-0.062000000000001165,0.22879729019374456,0.0823333333333333,0,1,2025,Qatar Grand Prix,2025_Qatar Grand Prix
STR,45,0 days 00:01:25.490000,MEDIUM,21.0,True,0 days 02:07:24.111000,10,0 days 00:00:31.818000,0 days 00:00:29.109000,0 days 00:00:24.563000,1,85.49,7644.111,0.9970000000002983,False,True,False,21.0,0.0,0.0,0.0,0.0,31.818,29.109,24.563,0,0,0,0.0,85.55600000000001,0.2100987862883464,-0.31413794037551535,0,0,85.698,85.482,-0.21599999999999397,0.46999999999999886,-0.2079999999999984,0.021999999999996096,0.0,-0.015000000000000568,0.23432413448042583,0.021999999999996096,0,1,2025,Qatar Grand Prix,2025_Qatar Grand Prix
STR,46,0 days 00:01:25.482000,MEDIUM,22.0,True,0 days 02:08:49.593000,10,0 days 00:00:31.800000,0 days 00:00:29,0 days 00:00:24.682000,1,85.482,7729.593,0.8190000000004147,False,True,False,22.0,0.0,0.0,0.0,0.0,31.8,29.0,24.682,0,0,0,0.0,85.6084,0.1220749769602263,-1.0354292349462142,0,0,85.49,85.373,-0.11699999999999022,0.015000000000000568,-0.007999999999995566,-0.08566666666666833,0.0,0.11899999999999977,0.1655001510573338,-0.08566666666666833,0,1,2025,Qatar Grand Prix,2025_Qatar Grand Prix
STR,47,0 days 00:01:25.373000,MEDIUM,23.0,True,0 days 02:10:14.966000,10,0 days 00:00:31.726000,0 days 00:00:29.100000,0 days 00:00:24.547000,1,85.373,7814.966,0.9089999999996508,False,True,False,23.0,0.0,0.0,0.0,0.0,31.726,29.1,24.547,0,0,0,0.0,85.5784,0.13278667101722855,-1.5468420017348543,1,0,85.482,85.428,-0.054000000000002046,0.007000000000005002,-0.10899999999999466,0.0023333333333350006,0.0,-0.015999999999998238,0.1433970013633491,0.0023333333333350006,0,1,2025,Qatar Grand Prix,2025_Qatar Grand Prix
STR,48,0 days 00:01:25.428000,MEDIUM,24.0,True,0 days 02:11:40.394000,10,0 days 00:00:31.752000,0 days 00:00:29.142000,0 days 00:00:24.534000,1,85.428,7900.394,0.7860000000000582,False,True,False,24.0,0.0,0.0,0.0,0.0,31.752,29.142,24.534,0,0,0,0.0,85.50359999999999,0.11865622613176509,-0.6371347080939708,0,1,85.373,83.484,-1.88900000000001,0.0,0.05499999999999261,-0.10833333333332955,0.0,-0.013000000000001677,0.11593662061661116,-0.10833333333332955,0,1,2025,Qatar Grand Prix,2025_Qatar Grand Prix
STR,51,0 days 00:01:23.484000,SOFT,2.0,True,0 days 02:16:26.705000,18,0 days 00:00:31.066000,0 days 00:00:28.139000,0 days 00:00:24.279000,1,83.484,8186.705,0.0,False,False,True,2.0,0.0,0.0,0.0,0.0,31.066,28.139,24.279,0,0,0,0.0,85.4942,0.12326069933207451,-16.30852340521261,1,0,85.428,83.795,-1.6329999999999956,0.05499999999999261,-1.9440000000000026,-0.020666666666665872,0.0,-0.254999999999999,0.06822975890328087,-0.020666666666665872,0,0,2025,Qatar Grand Prix,2025_Qatar Grand Prix
STR,52,0 days 00:01:23.795000,SOFT,3.0,True,0 days 02:17:50.500000,18,0 days 00:00:31.187000,0 days 00:00:28.289000,0 days 00:00:24.319000,1,83.795,8270.5,0.0,False,False,True,3.0,0.0,0.0,0.0,0.0,31.187,28.289,24.319,0,0,0,0.0,85.05139999999999,0.8774655548794037,-1.4318510772456032,0,1,83.484,85.132,1.6480000000000103,0.0,0.31100000000000705,-0.6660000000000016,0.0,0.03999999999999915,0.13542156401400654,-0.6660000000000016,0,0,2025,Qatar Grand Prix,2025_Qatar Grand Prix
STR,53,0 days 00:01:25.132000,SOFT,4.0,True,0 days 02:19:15.632000,18,0 days 00:00:31.283000,0 days 00:00:28.686000,0 days 00:00:25.163000,1,85.132,8355.632,0.0,False,False,True,4.0,0.0,0.0,0.0,0.0,31.283,28.686,25.163,0,0,0,0.0,84.71239999999999,0.9863251492280879,0.4254175211170493,0,0,83.795,88.397,4.602000000000004,0.31100000000000705,1.3370000000000033,-0.526000000000001,0.0,0.8840000000000003,0.13971936157884363,-0.526000000000001,0,0,2025,Qatar Grand Prix,2025_Qatar Grand Prix
TSU,2,0 days 00:01:29.251000,MEDIUM,2.0,True,0 days 01:01:48.009000,16,0 days 00:00:33.251000,0 days 00:00:30.143000,0 days 00:00:25.857000,1,89.251,3708.009,0.6410000000000764,False,True,False,2.0,0.0,0.0,0.0,0.0,33.251,30.143,25.857,0,0,0,0.0,85.24719999999999,1.9483941336392523,2.0549230419420477,0,0,89.251,89.116,-0.13500000000000512,5.76700000000001,0.0,1.6376666666666704,0.0,1.5380000000000003,0.6122921688213894,0.0,0,1,2025,Qatar Grand Prix,2025_Qatar Grand Prix
TSU,3,0 days 00:01:29.116000,MEDIUM,3.0,True,0 days 01:03:17.125000,16,0 days 00:00:32.800000,0 days 00:00:30.399000,0 days 00:00:25.917000,1,89.116,3797.125,0.4169999999999163,False,True,False,3.0,0.0,0.0,0.0,0.0,32.8,30.399,25.917,0,0,0,0.0,,,0.0,0,0,89.251,88.638,-0.6129999999999995,0.0,-0.13500000000000512,0.0,0.0,0.0,0.0,0.0,0,1,2025,Qatar Grand Prix,2025_Qatar Grand Prix
TSU,4,0 days 00:01:28.638000,MEDIUM,4.0,True,0 days 01:04:45.763000,16,0 days 00:00:32.452000,0 days 00:00:30.447000,0 days 00:00:25.739000,1,88.638,3885.763,0.6950000000001637,False,True,False,4.0,0.0,0.0,0.0,0.0,32.452,30.447,25.739,0,0,0,0.0,,,0.0,0,0,89.116,88.604,-0.5120000000000005,0.0,-0.47799999999999443,-0.06750000000000256,0.0,-0.11799999999999855,0.0,0.0,0,1,2025,Qatar Grand Prix,2025_Qatar Grand Prix
TSU,5,0 days 00:01:28.604000,MEDIUM,5.0,True,0 days 01:06:14.367000,16,0 days 00:00:32.843000,0 days 00:00:30.230000,0 days 00:00:25.531000,1,88.604,3974.367,0.6739999999999782,False,True,False,5.0,0.0,0.0,0.0,0.0,32.843,30.23,25.531,0,0,0,0.0,89.00166666666667,0.32209677634732226,-1.2346185863029422,0,0,88.638,88.323,-0.31500000000001194,0.0,-0.034000000000006025,-0.20433333333333317,0.0,-0.20800000000000196,0.923914137424757,-0.3064999999999998,0,1,2025,Qatar Grand Prix,2025_Qatar Grand Prix
TSU,6,0 days 00:01:28.323000,MEDIUM,6.0,True,0 days 01:07:42.690000,16,0 days 00:00:32.617000,0 days 00:00:30.124000,0 days 00:00:25.582000,1,88.323,4062.69,0.7319999999999709,False,True,False,6.0,0.0,0.0,0.0,0.0,32.617,30.124,25.582,0,0,0,0.0,88.90225000000001,0.3296951875091169,-1.7569258574148836,1,0,88.604,88.238,-0.36599999999999966,0.0,-0.2810000000000059,-0.21566666666666853,0.0,0.05100000000000193,0.827727008137345,-0.21566666666666853,0,1,2025,Qatar Grand Prix,2025_Qatar Grand Prix
TSU,11,0 days 00:01:28.238000,MEDIUM,4.0,True,0 days 01:17:47.542000,12,0 days 00:00:32.864000,0 days 00:00:29.944000,0 days 00:00:25.430000,1,88.238,4667.542,0.5299999999997453,False,True,False,4.0,0.0,0.0,0.0,0.0,32.864,29.944,25.43,0,0,0,0.0,88.7864,0.385526004311002,-1.4224721390197306,0,1,88.323,88.307,-0.015999999999991132,0.0,-0.08499999999999375,-0.2643333333333355,0.0,-0.10099999999999909,0.7256375128120102,-0.2643333333333355,0,1,2025,Qatar Grand Prix,2025_Qatar Grand Prix
TSU,12,0 days 00:01:28.307000,MEDIUM,5.0,True,0 days 01:19:15.849000,12,0 days 00:00:32.762000,0 days 00:00:30.076000,0 days 00:00:25.469000,1,88.307,4755.849,0.5280000000002474,False,True,False,5.0,0.0,0.0,0.0,0.0,32.762,30.076,25.469,0,0,0,0.0,88.58380000000001,0.34430248329049906,-0.8039442450563551,0,0,88.238,87.873,-0.3649999999999949,0.0,0.06900000000000261,-0.13333333333333522,0.0,0.03900000000000148,0.10212100665387246,-0.13333333333333522,0,1,2025,Qatar Grand Prix,2025_Qatar Grand Prix
TSU,13,0 days 00:01:27.873000,MEDIUM,6.0,True,0 days 01:20:43.722000,12,0 days 00:00:32.434000,0 days 00:00:29.942000,0 days 00:00:25.497000,1,87.873,4843.722,0.8079999999999927,False,True,False,6.0,0.0,0.0,0.0,0.0,32.434,29.942,25.497,0,0,0,0.0,88.422,0.1848391192361713,-2.970150486913585,1,0,88.307,87.689,-0.6180000000000092,0.06900000000000261,-0.4339999999999975,-0.09899999999999902,0.0,0.06700000000000017,0.11045044137530792,-0.09899999999999902,0,1,2025,Qatar Grand Prix,2025_Qatar Grand Prix
TSU,14,0 days 00:01:27.689000,MEDIUM,7.0,True,0 days 01:22:11.411000,12,0 days 00:00:32.297000,0 days 00:00:29.941000,0 days 00:00:25.451000,1,87.689,4931.411,0.7899999999999636,False,True,False,7.0,0.0,0.0,0.0,0.0,32.297,29.941,25.451,0,0,0,0.0,88.269,0.26189788086198756,-2.2146036389872714,1,1,87.873,87.866,-0.007000000000005002,0.0,-0.1840000000000117,-0.14999999999999622,0.0,0.021000000000000796,0.11984907175276883,-0.14999999999999622,0,1,2025,Qatar Grand Prix,2025_Qatar Grand Prix
TSU,15,0 days 00:01:27.866000,MEDIUM,8.0,True,0 days 01:23:39.277000,12,0 days 00:00:32.318000,0 days 00:00:30.043000,0 days 00:00:25.505000,1,87.866,5019.277,0.7650000000003274,False,True,False,8.0,0.0,0.0,0.0,0.0,32.318,30.043,25.505,0,0,0,0.0,88.08599999999998,0.2877029718303233,-0.7646775373934358,0,1,87.689,87.544,-0.14499999999999602,0.0,0.1770000000000067,-0.1830000000000022,0.0,0.053999999999998494,0.06720714247756751,-0.1830000000000022,0,1,2025,Qatar Grand Prix,2025_Qatar Grand Prix
TSU,16,0 days 00:01:27.544000,MEDIUM,9.0,True,0 days 01:25:06.821000,12,0 days 00:00:32.317000,0 days 00:00:29.936000,0 days 00:00:25.291000,1,87.544,5106.821,0.8689999999996871,False,True,False,9.0,0.0,0.0,0.0,0.0,32.317,29.936,25.291,0,0,0,0.0,87.99459999999999,0.26530793429522526,-1.6984037857630847,1,0,87.866,87.857,-0.009000000000000341,0.1770000000000067,-0.32200000000000273,-0.14700000000000082,0.0,-0.16000000000000014,0.06761656601750783,-0.14700000000000082,0,1,2025,Qatar Grand Prix,2025_Qatar Grand Prix
TSU,17,0 days 00:01:27.857000,MEDIUM,10.0,True,0 days 01:26:34.678000,12,0 days 00:00:32.370000,0 days 00:00:29.898000,0 days 00:00:25.589000,1,87.857,5194.678,0.694999999999709,False,True,False,10.0,0.0,0.0,0.0,0.0,32.37,29.898,25.589,0,0,0,0.0,87.8558,0.2868025453164543,0.004184063285328023,0,1,87.544,87.586,0.04200000000000159,0.0,0.3130000000000024,-0.10966666666666924,0.0,0.29799999999999827,0.09337933390210099,-0.10966666666666924,0,1,2025,Qatar Grand Prix,2025_Qatar Grand Prix
TSU,18,0 days 00:01:27.586000,MEDIUM,11.0,True,0 days 01:28:02.264000,12,0 days 00:00:32.138000,0 days 00:00:30.027000,0 days 00:00:25.421000,1,87.586,5282.264,0.7179999999998472,False,True,False,11.0,0.0,0.0,0.0,0.0,32.138,30.027,25.421,0,0,0,0.0,87.76579999999998,0.14572474052127607,-1.2338330427408437,0,0,87.857,87.477,-0.37999999999999545,0.3130000000000024,-0.2710000000000008,0.056000000000002124,0.0,0.129999999999999,0.16322530441080466,0.056000000000002124,0,1,2025,Qatar Grand Prix,2025_Qatar Grand Prix
TSU,19,0 days 00:01:27.477000,MEDIUM,12.0,True,0 days 01:29:29.741000,12,0 days 00:00:32.068000,0 days 00:00:30.017000,0 days 00:00:25.392000,1,87.477,5369.741,0.7929999999996653,False,True,False,12.0,0.0,0.0,0.0,0.0,32.068,30.017,25.392,0,0,0,0.0,87.7084,0.14941987819560862,-1.5486560609898445,1,0,87.586,87.537,-0.04899999999999238,0.04200000000000159,-0.10899999999999466,-0.09333333333333371,0.0,0.10099999999999909,0.16668173265238104,-0.09333333333333371,0,1,2025,Qatar Grand Prix,2025_Qatar Grand Prix
TSU,20,0 days 00:01:27.537000,MEDIUM,13.0,True,0 days 01:30:57.278000,12,0 days 00:00:32.071000,0 days 00:00:30.177000,0 days 00:00:25.289000,1,87.537,5457.278,0.8419999999996435,False,True,False,13.0,0.0,0.0,0.0,0.0,32.071,30.177,25.289,0,0,0,0.0,87.66600000000001,0.1826786796536187,-0.70615793941912,0,1,87.477,87.443,-0.034000000000006025,0.0,0.060000000000002274,-0.022333333333331023,0.0,-0.10299999999999798,0.16479927184305115,-0.022333333333331023,0,1,2025,Qatar Grand Prix,2025_Qatar Grand Prix
TSU,21,0 days 00:01:27.443000,MEDIUM,14.0,True,0 days 01:32:24.721000,12,0 days 00:00:32.178000,0 days 00:00:29.944000,0 days 00:00:25.321000,1,87.443,5544.721,1.0160000000005311,False,True,False,14.0,0.0,0.0,0.0,0.0,32.178,29.944,25.321,0,0,0,0.0,87.6002,0.14872693098423384,-1.056970643848406,0,0,87.537,87.427,-0.10999999999999943,0.060000000000002274,-0.0940000000000083,-0.1066666666666644,0.0,0.03200000000000003,0.18571671976426796,-0.1066666666666644,0,0,2025,Qatar Grand Prix,2025_Qatar Grand Prix
TSU,22,0 days 00:01:27.427000,MEDIUM,15.0,True,0 days 01:33:52.148000,12,0 days 00:00:32.216000,0 days 00:00:29.966000,0 days 00:00:25.245000,1,87.427,5632.148,1.3289999999997235,False,True,False,15.0,0.0,0.0,0.0,0.0,32.216,29.966,25.245,0,0,0,0.0,87.58,0.1643106813326176,-0.9311628359100432,0,0,87.443,87.402,-0.04099999999999682,0.0,-0.015999999999991132,-0.04766666666666689,0.0,-0.04400000000000048,0.14627474149695036,-0.04766666666666689,0,0,2025,Qatar Grand Prix,2025_Qatar Grand Prix
TSU,23,0 days 00:01:27.402000,MEDIUM,16.0,True,0 days 01:35:19.550000,12,0 days 00:00:32.233000,0 days 00:00:29.993000,0 days 00:00:25.176000,1,87.402,5719.55,1.4969999999993888,False,True,False,16.0,0.0,0.0,0.0,0.0,32.233,29.993,25.176,0,0,0,0.0,87.494,0.06650563885858732,-1.3833413463724595,0,0,87.427,87.543,0.11599999999999966,0.0,-0.025000000000005684,-0.01666666666666572,0.0,-0.06900000000000261,0.09744075122863052,-0.01666666666666572,0,0,2025,Qatar Grand Prix,2025_Qatar Grand Prix
TSU,24,0 days 00:01:27.543000,MEDIUM,17.0,True,0 days 01:36:47.093000,12,0 days 00:00:32.268000,0 days 00:00:30.096000,0 days 00:00:25.179000,1,87.543,5807.093,1.4880000000002838,False,True,False,17.0,0.0,0.0,0.0,0.0,32.268,30.096,25.179,0,0,0,0.0,87.4572,0.052251315772801524,1.6420639122865444,0,0,87.402,87.666,0.2639999999999958,0.0,0.14100000000000534,-0.045000000000001705,0.0,0.0030000000000001137,0.08239114030039879,-0.045000000000001705,0,0,2025,Qatar Grand Prix,2025_Qatar Grand Prix
TSU,25,0 days 00:01:27.666000,MEDIUM,18.0,True,0 days 01:38:14.759000,12,0 days 00:00:32.466000,0 days 00:00:30.016000,0 days 00:00:25.184000,1,87.666,5894.759,1.2020000000002256,False,True,False,18.0,0.0,0.0,0.0,0.0,32.466,30.016,25.184,0,0,0,0.0,87.4704,0.06522882798264418,2.998674145303413,0,0,87.543,87.299,-0.24399999999999977,0.14100000000000534,0.12299999999999045,0.03333333333333618,0.0,0.008000000000002672,0.0542835149930441,0.03333333333333618,0,0,2025,Qatar Grand Prix,2025_Qatar Grand Prix
TSU,26,0 days 00:01:27.299000,MEDIUM,19.0,True,0 days 01:39:42.058000,12,0 days 00:00:32.229000,0 days 00:00:29.919000,0 days 00:00:25.151000,1,87.299,5982.058,1.3339999999998327,False,True,False,19.0,0.0,0.0,0.0,0.0,32.229,29.919,25.151,0,0,0,0.0,87.4962,0.10898944903057695,-1.8093494531261534,1,0,87.666,87.406,-0.2599999999999909,0.2639999999999958,-0.3669999999999902,0.07966666666666337,0.0,-0.02499999999999858,0.04127347816697997,0.07966666666666337,0,0,2025,Qatar Grand Prix,2025_Qatar Grand Prix
TSU,27,0 days 00:01:27.406000,MEDIUM,20.0,True,0 days 01:41:09.464000,12,0 days 00:00:32.257000,0 days 00:00:29.916000,0 days 00:00:25.233000,1,87.406,6069.464,1.2709999999997308,False,True,False,20.0,0.0,0.0,0.0,0.0,32.257,29.916,25.233,0,0,0,0.0,87.46740000000001,0.14091238412569698,-0.43573175190362223,0,1,87.299,87.624,0.32499999999998863,0.0,0.10699999999999932,-0.034333333333331474,0.0,0.08200000000000074,0.032284671285304586,-0.034333333333331474,0,0,2025,Qatar Grand Prix,2025_Qatar Grand Prix
TSU,28,0 days 00:01:27.624000,MEDIUM,21.0,True,0 days 01:42:37.088000,12,0 days 00:00:32.529000,0 days 00:00:29.969000,0 days 00:00:25.126000,1,87.624,6157.088,1.1580000000003565,False,True,False,21.0,0.0,0.0,0.0,0.0,32.529,29.969,25.126,0,0,0,0.0,87.4632,0.14271895459254155,1.1266898672224304,0,0,87.406,87.406,0.0,0.10699999999999932,0.2179999999999893,-0.04566666666666682,0.0,-0.02499999999999858,0.05518786098409844,-0.04566666666666682,0,0,2025,Qatar Grand Prix,2025_Qatar Grand Prix
TSU,29,0 days 00:01:27.406000,MEDIUM,22.0,True,0 days 01:44:04.494000,12,0 days 00:00:32.339000,0 days 00:00:29.909000,0 days 00:00:25.158000,1,87.406,6244.494,1.162000000000262,False,True,False,22.0,0.0,0.0,0.0,0.0,32.339,29.909,25.158,0,0,0,0.0,87.5076,0.15307612485292382,-0.6637220539624209,0,0,87.624,87.293,-0.33099999999998886,0.32499999999998863,-0.2179999999999893,-0.014000000000000531,0.0,0.03200000000000003,0.04380981625161236,-0.014000000000000531,0,0,2025,Qatar Grand Prix,2025_Qatar Grand Prix
TSU,30,0 days 00:01:27.293000,MEDIUM,23.0,True,0 days 01:45:31.787000,12,0 days 00:00:32.239000,0 days 00:00:29.987000,0 days 00:00:25.067000,1,87.293,6331.787,1.2420000000001892,False,True,False,23.0,0.0,0.0,0.0,0.0,32.239,29.987,25.067,0,0,0,0.0,87.4802,0.1573569191360439,-1.1896521679999663,0,0,87.406,86.974,-0.43200000000000216,0.10699999999999932,-0.11299999999999955,0.03566666666666644,0.0,-0.05900000000000105,0.04479174031001721,0.03566666666666644,0,0,2025,Qatar Grand Prix,2025_Qatar Grand Prix
TSU,31,0 days 00:01:26.974000,MEDIUM,24.0,True,0 days 01:46:58.761000,12,0 days 00:00:32.169000,0 days 00:00:29.787000,0 days 00:00:25.018000,1,86.974,6418.761,1.3909999999996217,False,True,False,24.0,0.0,0.0,0.0,0.0,32.169,29.787,25.018,0,0,0,0.0,87.4056,0.13392273892057194,-3.222753682300212,1,0,87.293,85.504,-1.7890000000000015,0.0,-0.3190000000000026,-0.037666666666666515,0.0,-0.04899999999999949,0.05584353140695962,-0.037666666666666515,0,0,2025,Qatar Grand Prix,2025_Qatar Grand Prix
TSU,34,0 days 00:01:25.504000,HARD,2.0,True,0 days 01:51:43.885000,13,0 days 00:00:31.714000,0 days 00:00:28.958000,0 days 00:00:24.832000,1,85.504,6703.885,1.095999999999549,True,False,False,2.0,0.0,0.0,0.0,0.0,31.714,28.958,24.832,0,0,0,0.0,87.3406,0.23745062644682324,-7.734660579686001,1,1,86.974,85.658,-1.3160000000000025,0.0,-1.4699999999999989,-0.21666666666666382,0.0,-0.18599999999999994,0.0595457807069493,-0.21666666666666382,0,0,2025,Qatar Grand Prix,2025_Qatar Grand Prix
TSU,35,0 days 00:01:25.658000,HARD,3.0,True,0 days 01:53:09.543000,12,0 days 00:00:31.785000,0 days 00:00:29.124000,0 days 00:00:24.749000,1,85.658,6789.543,1.0960000000004584,True,False,False,3.0,0.0,0.0,0.0,0.0,31.785,29.124,24.749,0,0,0,0.0,86.9602,0.8471766049649786,-1.5371057136945263,1,1,85.504,85.854,0.3499999999999943,0.0,0.15399999999999636,-0.6340000000000003,0.0,-0.08300000000000196,0.08008308185878019,-0.6340000000000003,0,0,2025,Qatar Grand Prix,2025_Qatar Grand Prix
TSU,36,0 days 00:01:25.854000,HARD,4.0,True,0 days 01:54:35.397000,12,0 days 00:00:31.689000,0 days 00:00:29.422000,0 days 00:00:24.743000,1,85.854,6875.397,1.1329999999998108,True,False,False,4.0,0.0,0.0,0.0,0.0,31.689,29.422,24.743,0,0,0,0.0,86.56700000000001,0.9155457388901947,-0.7787704859664266,0,1,85.658,86.184,0.5259999999999962,0.15399999999999636,0.19599999999999795,-0.5450000000000017,0.0,-0.006000000000000227,0.07839961734600544,-0.5450000000000017,0,0,2025,Qatar Grand Prix,2025_Qatar Grand Prix
TSU,37,0 days 00:01:26.184000,HARD,5.0,True,0 days 01:56:01.581000,12,0 days 00:00:31.960000,0 days 00:00:29.414000,0 days 00:00:24.810000,1,86.184,6961.581,1.0460000000002765,True,False,False,5.0,0.0,0.0,0.0,0.0,31.96,29.414,24.81,0,0,0,0.0,86.2566,0.8178635583029696,-0.08876786263793217,0,0,85.854,85.723,-0.13100000000000023,0.3499999999999943,0.3299999999999983,-0.37333333333333485,0.0,0.06700000000000017,0.06720342253189238,-0.37333333333333485,0,0,2025,Qatar Grand Prix,2025_Qatar Grand Prix
TSU,38,0 days 00:01:25.723000,HARD,6.0,True,0 days 01:57:27.304000,12,0 days 00:00:31.740000,0 days 00:00:29.259000,0 days 00:00:24.724000,1,85.723,7047.304,1.16399999999976,True,False,False,6.0,0.0,0.0,0.0,0.0,31.74,29.259,24.724,0,0,0,0.0,86.0348,0.5832608335899071,-0.5345807262265667,0,0,86.184,85.7,-0.48399999999999466,0.6799999999999926,-0.4609999999999985,0.2266666666666642,0.0,-0.01899999999999835,0.09380991418821412,0.2266666666666642,0,0,2025,Qatar Grand Prix,2025_Qatar Grand Prix
TSU,39,0 days 00:01:25.700000,HARD,7.0,True,0 days 01:58:53.004000,12,0 days 00:00:31.737000,0 days 00:00:29.230000,0 days 00:00:24.733000,1,85.7,7133.004,1.4070000000001528,True,False,False,7.0,0.0,0.0,0.0,0.0,31.737,29.23,24.733,0,0,0,0.0,85.7846,0.25636653447748514,-0.3299962694913462,0,0,85.723,85.583,-0.14000000000000057,0.2189999999999941,-0.022999999999996135,0.021666666666665908,0.0,0.009000000000000341,0.09495419948585804,0.021666666666665908,0,0,2025,Qatar Grand Prix,2025_Qatar Grand Prix
TSU,40,0 days 00:01:25.583000,HARD,8.0,True,0 days 02:00:18.587000,12,0 days 00:00:31.753000,0 days 00:00:29.189000,0 days 00:00:24.641000,1,85.583,7218.587,1.6989999999996144,True,False,False,8.0,0.0,0.0,0.0,0.0,31.753,29.189,24.641,0,0,0,0.0,85.8238,0.21426198916278866,-1.1238577637634828,0,0,85.7,85.684,-0.016000000000005343,0.04200000000000159,-0.11700000000000443,-0.05133333333333212,0.0,-0.08300000000000196,0.05397036223706612,-0.05133333333333212,0,0,2025,Qatar Grand Prix,2025_Qatar Grand Prix
TSU,41,0 days 00:01:25.684000,HARD,9.0,True,0 days 02:01:44.271000,12,0 days 00:00:31.687000,0 days 00:00:29.303000,0 days 00:00:24.694000,1,85.684,7304.271,1.7719999999999345,True,False,False,9.0,0.0,0.0,0.0,0.0,31.687,29.303,24.694,0,0,0,0.0,85.80879999999999,0.23076113190915706,-0.5408189800746989,0,0,85.583,85.453,-0.12999999999999545,0.0,0.10099999999999909,-0.20033333333333303,0.0,0.053000000000000824,0.05397036223706612,-0.20033333333333303,0,0,2025,Qatar Grand Prix,2025_Qatar Grand Prix
TSU,42,0 days 00:01:25.453000,HARD,10.0,True,0 days 02:03:09.724000,12,0 days 00:00:31.572000,0 days 00:00:29.298000,0 days 00:00:24.583000,1,85.453,7389.724,1.9290000000000873,True,False,False,10.0,0.0,0.0,0.0,0.0,31.572,29.298,24.583,0,0,0,0.0,85.7748,0.2349227532615699,-1.3698119723707414,0,0,85.684,85.417,-0.2669999999999959,0.10099999999999909,-0.23099999999999454,-0.013000000000000492,0.0,-0.05799999999999983,0.06017308368365502,-0.013000000000000492,0,0,2025,Qatar Grand Prix,2025_Qatar Grand Prix
TSU,43,0 days 00:01:25.417000,HARD,11.0,True,0 days 02:04:35.141000,12,0 days 00:00:31.690000,0 days 00:00:29.172000,0 days 00:00:24.555000,1,85.417,7475.141,2.129000000000815,True,False,False,11.0,0.0,0.0,0.0,0.0,31.69,29.172,24.555,0,0,0,0.0,85.62859999999999,0.11179579598536227,-1.8927366466239517,1,0,85.453,85.593,0.14000000000000057,0.0,-0.036000000000001364,-0.0823333333333333,0.0,-0.027999999999998693,0.053812637920846756,-0.0823333333333333,0,0,2025,Qatar Grand Prix,2025_Qatar Grand Prix
TSU,44,0 days 00:01:25.593000,HARD,12.0,True,0 days 02:06:00.734000,12,0 days 00:00:31.672000,0 days 00:00:29.269000,0 days 00:00:24.652000,1,85.593,7560.734,2.1179999999994834,True,False,False,12.0,0.0,0.0,0.0,0.0,31.672,29.269,24.652,0,0,0,0.0,85.56739999999999,0.12954651674206208,0.1976124147821213,0,1,85.417,85.359,-0.058000000000006935,0.0,0.17600000000000193,-0.05533333333333227,0.0,0.09700000000000131,0.05393792728683731,-0.05533333333333227,0,0,2025,Qatar Grand Prix,2025_Qatar Grand Prix
TSU,45,0 days 00:01:25.359000,HARD,13.0,True,0 days 02:07:26.093000,12,0 days 00:00:31.590000,0 days 00:00:29.220000,0 days 00:00:24.549000,1,85.359,7646.093,2.186000000000604,True,False,False,13.0,0.0,0.0,0.0,0.0,31.59,29.22,24.549,0,0,0,0.0,85.546,0.1094440496326855,-1.7086356053857514,1,0,85.593,85.41,-0.18300000000000693,0.17600000000000193,-0.23400000000000887,-0.030333333333331325,0.0,-0.006000000000000227,0.07612949494118691,-0.030333333333331325,0,0,2025,Qatar Grand Prix,2025_Qatar Grand Prix
TSU,46,0 days 00:01:25.410000,HARD,14.0,True,0 days 02:08:51.503000,12,0 days 00:00:31.636000,0 days 00:00:29.181000,0 days 00:00:24.593000,1,85.41,7731.503,2.456000000000131,True,False,False,14.0,0.0,0.0,0.0,0.0,31.636,29.181,24.593,0,0,0,0.0,85.50120000000001,0.13367572704123704,-0.6822480192823708,0,1,85.359,85.427,0.06800000000001205,0.0,0.05100000000000193,-0.0313333333333361,0.0,0.04400000000000048,0.0627080537092334,-0.0313333333333361,0,0,2025,Qatar Grand Prix,2025_Qatar Grand Prix
TSU,47,0 days 00:01:25.427000,HARD,15.0,True,0 days 02:10:16.930000,12,0 days 00:00:31.535000,0 days 00:00:29.265000,0 days 00:00:24.627000,1,85.427,7816.93,2.264999999999418,True,False,False,15.0,0.0,0.0,0.0,0.0,31.535,29.265,24.627,0,0,0,0.0,85.4464,0.08854829190902123,-0.2190894887043423,0,0,85.41,85.181,-0.2289999999999992,0.05100000000000193,0.017000000000010118,-0.0023333333333350006,0.0,0.0779999999999994,0.061336775265741626,-0.0023333333333350006,0,0,2025,Qatar Grand Prix,2025_Qatar Grand Prix
TSU,48,0 days 00:01:25.181000,HARD,16.0,True,0 days 02:11:42.111000,12,0 days 00:00:31.494000,0 days 00:00:29.153000,0 days 00:00:24.534000,1,85.181,7902.111,2.412000000000262,True,False,False,16.0,0.0,0.0,0.0,0.0,31.494,29.153,24.534,0,0,0,0.0,85.44120000000001,0.08882679775836402,-2.9292961872591095,1,0,85.427,85.327,-0.10000000000000853,0.06800000000001205,-0.24600000000000932,-0.05533333333333227,0.0,-0.015000000000000568,0.05339475629685041,-0.05533333333333227,0,0,2025,Qatar Grand Prix,2025_Qatar Grand Prix
TSU,49,0 days 00:01:25.327000,HARD,17.0,True,0 days 02:13:07.438000,11,0 days 00:00:31.293000,0 days 00:00:29.309000,0 days 00:00:24.725000,1,85.327,7987.438,2.269000000000233,True,False,False,17.0,0.0,0.0,0.0,0.0,31.293,29.309,24.725,0,0,0,0.0,85.39399999999999,0.1479357968850219,-0.45289917255163437,0,1,85.181,84.256,-0.9249999999999972,0.0,0.1460000000000008,-0.059333333333332426,0.0,0.1910000000000025,0.04962156789139278,-0.059333333333332426,0,0,2025,Qatar Grand Prix,2025_Qatar Grand Prix
TSU,50,0 days 00:01:24.256000,HARD,18.0,True,0 days 02:14:31.694000,11,0 days 00:00:31.063000,0 days 00:00:28.817000,0 days 00:00:24.376000,1,84.256,8071.694,3.0429999999996653,True,False,False,18.0,0.0,0.0,0.0,0.0,31.063,28.817,24.376,0,0,0,0.0,85.34079999999999,0.097822287848969,-11.089497330862319,1,0,85.327,84.522,-0.8049999999999926,0.1460000000000008,-1.070999999999998,-0.027666666666666135,0.0,-0.1579999999999977,0.0832304030988691,-0.027666666666666135,0,0,2025,Qatar Grand Prix,2025_Qatar Grand Prix
TSU,51,0 days 00:01:24.522000,HARD,19.0,True,0 days 02:15:56.216000,11,0 days 00:00:31.260000,0 days 00:00:28.890000,0 days 00:00:24.372000,1,84.522,8156.216,3.313000000000102,True,False,False,19.0,0.0,0.0,0.0,0.0,31.26,28.89,24.372,0,0,0,0.0,85.1202,0.4928018871717224,-1.2138752216091693,0,1,84.256,84.442,0.18599999999999284,0.0,0.26600000000000534,-0.3903333333333355,0.0,-0.004000000000001336,0.1282283120063586,-0.3903333333333355,0,0,2025,Qatar Grand Prix,2025_Qatar Grand Prix
TSU,52,0 days 00:01:24.442000,HARD,20.0,True,0 days 02:17:20.658000,11,0 days 00:00:31.261000,0 days 00:00:28.803000,0 days 00:00:24.378000,1,84.442,8240.658,3.7370000000009895,True,False,False,20.0,0.0,0.0,0.0,0.0,31.261,28.803,24.378,0,0,0,0.0,84.9426,0.5214319706347266,-0.960048535939669,0,0,84.522,84.29,-0.23199999999999932,0.26600000000000534,-0.0800000000000125,-0.21966666666666393,0.0,0.006000000000000227,0.12852742897918745,-0.21966666666666393,0,0,2025,Qatar Grand Prix,2025_Qatar Grand Prix
TSU,53,0 days 00:01:24.290000,HARD,21.0,True,0 days 02:18:44.948000,11,0 days 00:00:31.232000,0 days 00:00:28.718000,0 days 00:00:24.340000,1,84.29,8324.948,4.039999999999054,True,False,False,21.0,0.0,0.0,0.0,0.0,31.232,28.718,24.34,0,0,0,0.0,84.7456,0.4768325701963107,-0.9554716445070447,0,0,84.442,84.144,-0.2979999999999876,0.18599999999999284,-0.1519999999999868,-0.2950000000000017,0.0,-0.03200000000000003,0.12413903495677786,-0.2950000000000017,0,0,2025,Qatar Grand Prix,2025_Qatar Grand Prix
TSU,54,0 days 00:01:24.144000,HARD,22.0,True,0 days 02:20:09.092000,11,0 days 00:00:31.255000,0 days 00:00:28.630000,0 days 00:00:24.259000,1,84.144,8409.092,4.479999999999563,True,False,False,22.0,0.0,0.0,0.0,0.0,31.255,28.63,24.259,0,0,0,0.0,84.56739999999999,0.438377462924387,-0.9658343227215955,0,0,84.29,84.344,0.053999999999987836,0.034000000000006025,-0.1460000000000008,0.011333333333335341,0.0,-0.08099999999999952,0.12501919852566692,0.011333333333335341,0,0,2025,Qatar Grand Prix,2025_Qatar Grand Prix
TSU,55,0 days 00:01:24.344000,HARD,23.0,True,0 days 02:21:33.436000,10,0 days 00:00:31.200000,0 days 00:00:28.901000,0 days 00:00:24.243000,1,84.344,8493.436,4.8400000000001455,True,False,False,23.0,0.0,0.0,0.0,0.0,31.2,28.901,24.243,0,0,0,0.0,84.3308,0.15089466524707718,0.08747824171506514,0,0,84.144,84.213,0.0689999999999884,0.0,0.19999999999998863,-0.12600000000000003,0.0,-0.01600000000000179,0.06732161614221623,-0.12600000000000003,0,0,2025,Qatar Grand Prix,2025_Qatar Grand Prix
TSU,56,0 days 00:01:24.213000,HARD,24.0,True,0 days 02:22:57.649000,10,0 days 00:00:31.244000,0 days 00:00:28.680000,0 days 00:00:24.289000,1,84.213,8577.649,5.039000000000669,True,False,False,24.0,0.0,0.0,0.0,0.0,31.244,28.68,24.289,0,0,0,0.0,84.3484,0.14500620676380424,-0.9337531338955215,0,0,84.344,84.139,-0.2049999999999983,0.19999999999998863,-0.13100000000000023,-0.03266666666666632,0.0,0.04600000000000293,0.03415845429758243,-0.03266666666666632,0,0,2025,Qatar Grand Prix,2025_Qatar Grand Prix
VER,2,0 days 00:01:27.349000,MEDIUM,2.0,True,0 days 01:01:38.066000,2,0 days 00:00:32.280000,0 days 00:00:29.444000,0 days 00:00:25.625000,1,87.349,3698.066,1.47400000000016,False,True,False,2.0,0.0,0.0,0.0,0.0,32.28,29.444,25.625,0,0,0,0.0,84.226,0.09011381692074946,34.65617267934089,0,0,87.349,87.511,0.16199999999999193,3.210000000000008,0.0,-0.0016666666666698877,0.0,1.4269999999999996,0.04665083064641106,0.0,0,0,2025,Qatar Grand Prix,2025_Qatar Grand Prix
VER,3,0 days 00:01:27.511000,MEDIUM,3.0,True,0 days 01:03:05.577000,2,0 days 00:00:32.250000,0 days 00:00:29.509000,0 days 00:00:25.752000,1,87.511,3785.577,1.6359999999999673,False,True,False,3.0,0.0,0.0,0.0,0.0,32.25,29.509,25.752,0,0,0,0.0,,,0.0,0,0,87.349,87.324,-0.025000000000005684,0.0,0.16199999999999193,0.0,0.0,0.0,0.0,0.0,0,0,2025,Qatar Grand Prix,2025_Qatar Grand Prix
VER,4,0 days 00:01:27.324000,MEDIUM,4.0,True,0 days 01:04:32.901000,2,0 days 00:00:32.285000,0 days 00:00:29.460000,0 days 00:00:25.579000,1,87.324,3872.901,1.8170000000000073,False,True,False,4.0,0.0,0.0,0.0,0.0,32.285,29.46,25.579,0,0,0,0.0,,,0.0,0,0,87.511,86.843,-0.6679999999999922,0.0,-0.1869999999999976,0.08099999999999596,0.0,-0.045999999999999375,0.0,0.0,0,0,2025,Qatar Grand Prix,2025_Qatar Grand Prix
VER,5,0 days 00:01:26.843000,MEDIUM,5.0,True,0 days 01:05:59.744000,2,0 days 00:00:32.064000,0 days 00:00:29.529000,0 days 00:00:25.250000,1,86.843,3959.744,1.9200000000000728,False,True,False,5.0,0.0,0.0,0.0,0.0,32.064,29.529,25.25,0,0,0,0.0,87.39466666666665,0.10152011294976218,-5.43406277472961,1,0,87.324,87.123,-0.2009999999999934,0.0,-0.48099999999999454,-0.008333333333335228,0.0,-0.3290000000000006,0.8374737806841075,-0.012500000000002842,0,0,2025,Qatar Grand Prix,2025_Qatar Grand Prix
VER,6,0 days 00:01:27.123000,MEDIUM,6.0,True,0 days 01:07:26.867000,2,0 days 00:00:32.053000,0 days 00:00:29.565000,0 days 00:00:25.505000,1,87.123,4046.867,1.7539999999999054,False,True,False,6.0,0.0,0.0,0.0,0.0,32.053,29.565,25.505,0,0,0,0.0,87.25675,0.28801895192272375,-0.4643791636179466,0,1,86.843,87.109,0.26599999999999113,0.0,0.28000000000000114,-0.16866666666666674,0.0,0.254999999999999,0.789516729820633,-0.16866666666666674,0,0,2025,Qatar Grand Prix,2025_Qatar Grand Prix
VER,11,0 days 00:01:27.109000,MEDIUM,4.0,True,0 days 01:17:42.021000,3,0 days 00:00:32.373000,0 days 00:00:29.388000,0 days 00:00:25.348000,1,87.109,4662.021,0.9690000000000509,False,True,False,4.0,0.0,0.0,0.0,0.0,32.373,29.388,25.348,0,0,0,0.0,87.22999999999999,0.25650341128335497,-0.4717286191033478,0,0,87.123,86.659,-0.46399999999999864,0.28000000000000114,-0.014000000000010004,-0.12933333333333033,0.0,0.09799999999999898,0.6837509049354157,-0.12933333333333033,0,1,2025,Qatar Grand Prix,2025_Qatar Grand Prix
VER,12,0 days 00:01:26.659000,MEDIUM,5.0,True,0 days 01:19:08.680000,3,0 days 00:00:31.915000,0 days 00:00:29.323000,0 days 00:00:25.421000,1,86.659,4748.68,1.2379999999993743,False,True,False,5.0,0.0,0.0,0.0,0.0,31.915,29.323,25.421,0,0,0,0.0,87.182,0.2510657284457571,-2.083119839723527,1,0,87.109,86.55,-0.5589999999999975,0.26599999999999113,-0.44999999999998863,-0.07166666666666781,0.0,0.17099999999999937,0.21499372083853954,-0.07166666666666781,0,0,2025,Qatar Grand Prix,2025_Qatar Grand Prix
VER,13,0 days 00:01:26.550000,MEDIUM,6.0,True,0 days 01:20:35.230000,3,0 days 00:00:31.943000,0 days 00:00:29.260000,0 days 00:00:25.347000,1,86.55,4835.23,1.5380000000004657,False,True,False,6.0,0.0,0.0,0.0,0.0,31.943,29.26,25.347,0,0,0,0.0,87.0116,0.26088464883928814,-1.7693643610451073,1,1,86.659,86.148,-0.5110000000000099,0.0,-0.10900000000000887,-0.0613333333333325,0.0,-0.0009999999999976694,0.2290124450766811,-0.0613333333333325,0,0,2025,Qatar Grand Prix,2025_Qatar Grand Prix
VER,14,0 days 00:01:26.148000,MEDIUM,7.0,True,0 days 01:22:01.378000,3,0 days 00:00:31.885000,0 days 00:00:29.206000,0 days 00:00:25.057000,1,86.148,4921.378,2.1010000000005675,False,True,False,7.0,0.0,0.0,0.0,0.0,31.885,29.206,25.057,0,0,0,0.0,86.8568,0.2587995363210717,-2.7387993428267188,1,1,86.55,86.298,-0.25199999999999534,0.0,-0.402000000000001,-0.1910000000000025,0.0,-0.2900000000000027,0.22615525640585907,-0.1910000000000025,0,0,2025,Qatar Grand Prix,2025_Qatar Grand Prix
VER,15,0 days 00:01:26.298000,MEDIUM,8.0,True,0 days 01:23:27.676000,3,0 days 00:00:31.980000,0 days 00:00:29.256000,0 days 00:00:25.062000,1,86.298,5007.676,2.686999999999898,False,True,False,8.0,0.0,0.0,0.0,0.0,31.98,29.256,25.062,0,0,0,0.0,86.7178,0.41033851878663063,-1.0230577456909042,0,1,86.148,86.042,-0.10599999999999454,0.0,0.15000000000000568,-0.32033333333333286,0.0,0.005000000000002558,0.2104240955784299,-0.32033333333333286,0,0,2025,Qatar Grand Prix,2025_Qatar Grand Prix
VER,16,0 days 00:01:26.042000,MEDIUM,9.0,True,0 days 01:24:53.718000,3,0 days 00:00:31.873000,0 days 00:00:29.261000,0 days 00:00:24.908000,1,86.042,5093.718,3.355000000000473,False,True,False,9.0,0.0,0.0,0.0,0.0,31.873,29.261,24.908,0,0,0,0.0,86.5528,0.37061799740434936,-1.3782385193849973,0,0,86.298,85.977,-0.32099999999999795,0.15000000000000568,-0.2560000000000002,-0.12033333333333474,0.0,-0.14899999999999736,0.17529489439227905,-0.12033333333333474,0,0,2025,Qatar Grand Prix,2025_Qatar Grand Prix
VER,17,0 days 00:01:25.977000,MEDIUM,10.0,True,0 days 01:26:19.695000,3,0 days 00:00:31.808000,0 days 00:00:29.380000,0 days 00:00:24.789000,1,85.977,5179.695,4.210000000000036,False,True,False,10.0,0.0,0.0,0.0,0.0,31.808,29.38,24.789,0,0,0,0.0,86.3394,0.26138630415540276,-1.3864536673831813,0,0,86.042,85.759,-0.28300000000000125,0.0,-0.06499999999999773,-0.16933333333333186,0.0,-0.11899999999999977,0.17437660393527632,-0.16933333333333186,0,0,2025,Qatar Grand Prix,2025_Qatar Grand Prix
VER,18,0 days 00:01:25.759000,MEDIUM,11.0,True,0 days 01:27:45.454000,3,0 days 00:00:31.774000,0 days 00:00:29.209000,0 days 00:00:24.776000,1,85.759,5265.454,5.325000000000728,False,True,False,11.0,0.0,0.0,0.0,0.0,31.774,29.209,24.776,0,0,0,0.0,86.203,0.22883181596977262,-1.940289632009268,1,0,85.977,85.727,-0.25,0.0,-0.21800000000000352,-0.05699999999999742,0.0,-0.013000000000001677,0.12155739385163059,-0.05699999999999742,0,0,2025,Qatar Grand Prix,2025_Qatar Grand Prix
VER,19,0 days 00:01:25.727000,MEDIUM,12.0,True,0 days 01:29:11.181000,3,0 days 00:00:31.732000,0 days 00:00:29.253000,0 days 00:00:24.742000,1,85.727,5351.181,6.33600000000024,False,True,False,12.0,0.0,0.0,0.0,0.0,31.732,29.253,24.742,0,0,0,0.0,86.0448,0.2006531833787639,-1.5838273514958126,1,1,85.759,85.864,0.10500000000000398,0.0,-0.031999999999996476,-0.17966666666666717,0.0,-0.03399999999999892,0.1189377988698304,-0.17966666666666717,0,0,2025,Qatar Grand Prix,2025_Qatar Grand Prix
VER,20,0 days 00:01:25.864000,MEDIUM,13.0,True,0 days 01:30:37.045000,3,0 days 00:00:31.774000,0 days 00:00:29.291000,0 days 00:00:24.799000,1,85.864,5437.045,7.447000000000116,False,True,False,13.0,0.0,0.0,0.0,0.0,31.774,29.291,24.799,0,0,0,0.0,85.9606,0.23234952119605756,-0.4157529548704498,0,1,85.727,85.803,0.0759999999999934,0.0,0.13700000000000045,-0.10499999999999925,0.0,0.05699999999999861,0.06799264666123764,-0.10499999999999925,0,0,2025,Qatar Grand Prix,2025_Qatar Grand Prix
VER,21,0 days 00:01:25.803000,MEDIUM,14.0,True,0 days 01:32:02.848000,3,0 days 00:00:31.690000,0 days 00:00:29.289000,0 days 00:00:24.824000,1,85.803,5522.848,8.337000000000444,False,True,False,14.0,0.0,0.0,0.0,0.0,31.69,29.289,24.824,0,0,0,0.0,85.8738,0.1358002209130832,-0.5213540856116866,0,0,85.864,85.921,0.05700000000000216,0.13700000000000045,-0.06100000000000705,-0.037666666666666515,0.0,0.08200000000000074,0.08310114319309775,-0.037666666666666515,0,0,2025,Qatar Grand Prix,2025_Qatar Grand Prix
VER,22,0 days 00:01:25.921000,MEDIUM,15.0,True,0 days 01:33:28.769000,3,0 days 00:00:31.799000,0 days 00:00:29.414000,0 days 00:00:24.708000,1,85.921,5608.769,9.063000000000102,False,True,False,15.0,0.0,0.0,0.0,0.0,31.799,29.414,24.708,0,0,0,0.0,85.826,0.09882307422886859,0.9613139516384454,0,0,85.803,85.877,0.07399999999999807,0.0759999999999934,0.11800000000000921,0.014666666666665643,0.0,-0.03400000000000247,0.07955061281976361,0.014666666666665643,0,0,2025,Qatar Grand Prix,2025_Qatar Grand Prix
VER,23,0 days 00:01:25.877000,MEDIUM,16.0,True,0 days 01:34:54.646000,3,0 days 00:00:31.813000,0 days 00:00:29.358000,0 days 00:00:24.706000,1,85.877,5694.646,9.832000000000335,False,True,False,16.0,0.0,0.0,0.0,0.0,31.813,29.358,24.706,0,0,0,0.0,85.8148,0.07851878756097048,0.7921670969726988,0,0,85.921,85.74,-0.1810000000000116,0.19400000000000261,-0.04400000000001114,0.06466666666666754,0.0,-0.0019999999999988916,0.05427061820174909,0.06466666666666754,0,0,2025,Qatar Grand Prix,2025_Qatar Grand Prix
VER,24,0 days 00:01:25.740000,MEDIUM,17.0,True,0 days 01:36:20.386000,3,0 days 00:00:31.708000,0 days 00:00:29.358000,0 days 00:00:24.674000,1,85.74,5780.386,10.74199999999928,False,True,False,17.0,0.0,0.0,0.0,0.0,31.708,29.358,24.674,0,0,0,0.0,85.83840000000001,0.07521834882555395,-1.308191439142344,0,0,85.877,85.618,-0.25900000000000034,0.14999999999999147,-0.13700000000000045,0.00433333333333034,0.0,-0.03200000000000003,0.053237205035576315,0.00433333333333034,0,0,2025,Qatar Grand Prix,2025_Qatar Grand Prix
VER,25,0 days 00:01:25.618000,MEDIUM,18.0,True,0 days 01:37:46.004000,1,0 days 00:00:31.733000,0 days 00:00:29.292000,0 days 00:00:24.593000,1,85.618,5866.004,11.82300000000032,False,True,False,18.0,0.0,0.0,0.0,0.0,31.733,29.292,24.593,0,0,0,0.0,85.84100000000001,0.07048049375566703,-3.1639959954463674,1,0,85.74,85.431,-0.3089999999999975,0.0,-0.12199999999999989,-0.021000000000000796,0.0,-0.08099999999999952,0.052793939046068716,-0.021000000000000796,0,0,2025,Qatar Grand Prix,2025_Qatar Grand Prix
VER,26,0 days 00:01:25.431000,MEDIUM,19.0,True,0 days 01:39:11.435000,1,0 days 00:00:31.667000,0 days 00:00:29.226000,0 days 00:00:24.538000,1,85.431,5951.435,13.167999999999665,False,True,False,19.0,0.0,0.0,0.0,0.0,31.667,29.226,24.538,0,0,0,0.0,85.7918,0.11933859392520922,-3.0233304091559416,1,1,85.618,85.606,-0.012000000000000455,0.0,-0.1869999999999976,-0.10100000000000382,0.0,-0.054999999999999716,0.06035561282929719,-0.10100000000000382,0,0,2025,Qatar Grand Prix,2025_Qatar Grand Prix
VER,27,0 days 00:01:25.606000,MEDIUM,20.0,True,0 days 01:40:37.041000,1,0 days 00:00:31.771000,0 days 00:00:29.227000,0 days 00:00:24.608000,1,85.606,6037.041,14.121999999999389,False,True,False,20.0,0.0,0.0,0.0,0.0,31.771,29.227,24.608,0,0,0,0.0,85.7174,0.19958782528012844,-0.5581502771707118,0,1,85.431,85.477,0.04600000000000648,0.0,0.17499999999999716,-0.14866666666666598,0.0,0.07000000000000028,0.02935472704693357,-0.14866666666666598,0,0,2025,Qatar Grand Prix,2025_Qatar Grand Prix
VER,28,0 days 00:01:25.477000,MEDIUM,21.0,True,0 days 01:42:02.518000,1,0 days 00:00:31.772000,0 days 00:00:29.238000,0 days 00:00:24.467000,1,85.477,6122.518,14.840000000000146,False,True,False,21.0,0.0,0.0,0.0,0.0,31.772,29.238,24.467,0,0,0,0.0,85.6544,0.16617250073358783,-1.0675653264940868,0,0,85.606,85.481,-0.125,0.17499999999999716,-0.12899999999999068,-0.04466666666666678,0.0,-0.0710000000000015,0.058124865591242234,-0.04466666666666678,0,0,2025,Qatar Grand Prix,2025_Qatar Grand Prix
VER,29,0 days 00:01:25.481000,MEDIUM,22.0,True,0 days 01:43:27.999000,1,0 days 00:00:31.742000,0 days 00:00:29.244000,0 days 00:00:24.495000,1,85.481,6207.999,15.777000000000044,False,True,False,22.0,0.0,0.0,0.0,0.0,31.742,29.244,24.495,0,0,0,0.0,85.5744,0.12285479233655873,-0.7602471032968319,0,0,85.477,85.359,-0.11800000000000921,0.04600000000000648,0.003999999999990678,-0.046999999999997044,0.0,0.028000000000002245,0.060907306622440635,-0.046999999999997044,0,0,2025,Qatar Grand Prix,2025_Qatar Grand Prix
VER,30,0 days 00:01:25.359000,MEDIUM,23.0,True,0 days 01:44:53.358000,1,0 days 00:00:31.692000,0 days 00:00:29.165000,0 days 00:00:24.502000,1,85.359,6293.358,16.67999999999938,False,True,False,23.0,0.0,0.0,0.0,0.0,31.692,29.165,24.502,0,0,0,0.0,85.52259999999998,0.08404939024206402,-1.9464745613123038,1,0,85.481,85.405,-0.0759999999999934,0.04999999999999716,-0.12199999999999989,0.01666666666666572,0.0,0.03500000000000014,0.06696043607982298,0.01666666666666572,0,0,2025,Qatar Grand Prix,2025_Qatar Grand Prix
VER,31,0 days 00:01:25.405000,MEDIUM,24.0,True,0 days 01:46:18.763000,1,0 days 00:00:31.692000,0 days 00:00:29.178000,0 days 00:00:24.535000,1,85.405,6378.763,17.44000000000051,False,True,False,24.0,0.0,0.0,0.0,0.0,31.692,29.178,24.535,0,0,0,0.0,85.4708,0.09014543804356685,-0.7299315575813725,0,1,85.359,84.845,-0.5139999999999958,0.0,0.04600000000000648,-0.0823333333333333,0.0,0.06800000000000139,0.061166167118759864,-0.0823333333333333,0,0,2025,Qatar Grand Prix,2025_Qatar Grand Prix
VER,34,0 days 00:01:24.845000,HARD,2.0,True,0 days 01:50:59.847000,3,0 days 00:00:31.532000,0 days 00:00:28.699000,0 days 00:00:24.614000,1,84.845,6659.847,19.76600000000053,True,False,False,2.0,0.0,0.0,0.0,0.0,31.532,28.699,24.614,0,0,0,0.0,85.4656,0.09369525068041992,-6.623601468518048,1,0,85.405,84.779,-0.6260000000000048,0.04600000000000648,-0.5600000000000023,-0.02400000000000091,0.0,0.11899999999999977,0.05743256915723067,-0.02400000000000091,0,0,2025,Qatar Grand Prix,2025_Qatar Grand Prix
VER,35,0 days 00:01:24.779000,HARD,3.0,True,0 days 01:52:24.626000,3,0 days 00:00:31.456000,0 days 00:00:28.599000,0 days 00:00:24.724000,1,84.779,6744.626,20.15399999999954,True,False,False,3.0,0.0,0.0,0.0,0.0,31.456,28.599,24.724,0,0,0,0.0,85.3134,0.26679730133581625,-2.0030187611506567,1,1,84.845,84.744,-0.10099999999999909,0.0,-0.0660000000000025,-0.21199999999999855,0.0,0.2220000000000013,0.06969002798105377,-0.21199999999999855,0,0,2025,Qatar Grand Prix,2025_Qatar Grand Prix
VER,36,0 days 00:01:24.744000,HARD,4.0,True,0 days 01:53:49.370000,3,0 days 00:00:31.363000,0 days 00:00:28.770000,0 days 00:00:24.611000,1,84.744,6829.37,20.141999999999825,True,False,False,4.0,0.0,0.0,0.0,0.0,31.363,28.77,24.611,0,0,0,0.0,85.1738,0.3339538890327232,-1.28700402694782,0,1,84.779,84.618,-0.16100000000000136,0.0,-0.03499999999999659,-0.19333333333333277,0.0,0.07600000000000051,0.0798767801053595,-0.19333333333333277,0,0,2025,Qatar Grand Prix,2025_Qatar Grand Prix
VER,37,0 days 00:01:24.618000,HARD,5.0,True,0 days 01:55:13.988000,3,0 days 00:00:31.348000,0 days 00:00:28.742000,0 days 00:00:24.528000,1,84.618,6913.988,20.436999999999898,True,False,False,5.0,0.0,0.0,0.0,0.0,31.348,28.742,24.528,0,0,0,0.0,85.0264,0.3270409760260757,-1.2487731811546383,0,0,84.744,84.907,0.1629999999999967,0.0,-0.12600000000000477,-0.2203333333333338,0.0,-0.08300000000000196,0.07243963003770802,-0.2203333333333338,0,0,2025,Qatar Grand Prix,2025_Qatar Grand Prix
VER,38,0 days 00:01:24.907000,HARD,6.0,True,0 days 01:56:38.895000,3,0 days 00:00:31.384000,0 days 00:00:28.868000,0 days 00:00:24.655000,1,84.907,6998.895,20.384000000000015,True,False,False,6.0,0.0,0.0,0.0,0.0,31.384,28.868,24.655,0,0,0,0.0,84.87819999999999,0.30584914582208533,0.09416406876858535,0,0,84.618,84.592,-0.02599999999999625,0.0,0.2890000000000015,-0.07566666666666795,0.0,0.12700000000000244,0.11001499897741311,-0.07566666666666795,0,0,2025,Qatar Grand Prix,2025_Qatar Grand Prix
VER,39,0 days 00:01:24.592000,HARD,7.0,True,0 days 01:58:03.487000,3,0 days 00:00:31.284000,0 days 00:00:28.973000,0 days 00:00:24.335000,1,84.592,7083.487,20.58600000000024,True,False,False,7.0,0.0,0.0,0.0,0.0,31.284,28.973,24.335,0,0,0,0.0,84.77860000000001,0.1094134361040893,-1.705457818018738,1,0,84.907,84.541,-0.36599999999999966,0.2890000000000015,-0.3149999999999977,0.04266666666666671,0.0,-0.19299999999999784,0.11150650205257208,0.04266666666666671,0,0,2025,Qatar Grand Prix,2025_Qatar Grand Prix
VER,40,0 days 00:01:24.541000,HARD,8.0,True,0 days 01:59:28.028000,3,0 days 00:00:31.335000,0 days 00:00:28.825000,0 days 00:00:24.381000,1,84.541,7168.028,20.641999999999825,True,False,False,8.0,0.0,0.0,0.0,0.0,31.335,28.825,24.381,0,0,0,0.0,84.728,0.1279589778018984,-1.4614058600054185,0,1,84.592,84.568,-0.02400000000000091,0.0,-0.05100000000000193,-0.050666666666667005,0.0,0.045999999999999375,0.1664983483401565,-0.050666666666667005,0,0,2025,Qatar Grand Prix,2025_Qatar Grand Prix
VER,41,0 days 00:01:24.568000,HARD,9.0,True,0 days 02:00:52.596000,3,0 days 00:00:31.359000,0 days 00:00:28.905000,0 days 00:00:24.304000,1,84.568,7252.596,20.63500000000022,True,False,False,9.0,0.0,0.0,0.0,0.0,31.359,28.905,24.304,0,0,0,0.0,84.68039999999999,0.14708262983816123,-0.7641962896887989,0,0,84.541,84.729,0.1880000000000024,0.0,0.027000000000001023,-0.02566666666666606,0.0,-0.03100000000000236,0.13039670241229265,-0.02566666666666606,0,0,2025,Qatar Grand Prix,2025_Qatar Grand Prix
VER,42,0 days 00:01:24.729000,HARD,10.0,True,0 days 02:02:17.325000,3,0 days 00:00:31.362000,0 days 00:00:29,0 days 00:00:24.367000,1,84.729,7337.325,20.554000000000087,True,False,False,10.0,0.0,0.0,0.0,0.0,31.362,29.0,24.367,0,0,0,0.0,84.6452,0.14910298454461582,0.5620276499222,0,0,84.568,84.747,0.17900000000000205,0.027000000000001023,0.16100000000000136,-0.11299999999999955,0.0,0.06300000000000239,0.12222192929257833,-0.11299999999999955,0,0,2025,Qatar Grand Prix,2025_Qatar Grand Prix
VER,43,0 days 00:01:24.747000,HARD,11.0,True,0 days 02:03:42.072000,2,0 days 00:00:31.416000,0 days 00:00:29.014000,0 days 00:00:24.317000,1,84.747,7422.072,20.532999999999447,True,False,False,11.0,0.0,0.0,0.0,0.0,31.416,29.014,24.317,0,0,0,0.0,84.6674,0.15227048302317178,0.5227539731904973,0,0,84.729,84.701,-0.028000000000005798,0.1880000000000024,0.018000000000000682,0.04566666666666682,0.0,0.013000000000001677,0.12287717444668074,0.04566666666666682,0,0,2025,Qatar Grand Prix,2025_Qatar Grand Prix
VER,44,0 days 00:01:24.701000,HARD,12.0,True,0 days 02:05:06.773000,1,0 days 00:00:31.305000,0 days 00:00:29.106000,0 days 00:00:24.290000,1,84.701,7506.773,15.394999999999527,True,False,False,12.0,0.0,0.0,0.0,0.0,31.305,29.106,24.29,0,0,0,0.0,84.63539999999999,0.09559445590677827,0.686232265017285,0,0,84.747,83.515,-1.2319999999999993,0.20600000000000307,-0.04600000000000648,0.0686666666666677,0.0,-0.013999999999999346,0.10293590238590179,0.0686666666666677,0,0,2025,Qatar Grand Prix,2025_Qatar Grand Prix
VER,45,0 days 00:01:23.515000,HARD,13.0,True,0 days 02:06:30.288000,1,0 days 00:00:30.735000,0 days 00:00:28.595000,0 days 00:00:24.185000,1,83.515,7590.288,15.204000000000633,True,False,False,13.0,0.0,0.0,0.0,0.0,30.735,28.595,24.185,0,0,0,0.0,84.65719999999999,0.0956514505907312,-11.941272118153005,1,0,84.701,83.887,-0.813999999999993,0.1599999999999966,-1.1859999999999928,0.04433333333333186,0.0,-0.10500000000000043,0.039449968314309976,0.04433333333333186,0,0,2025,Qatar Grand Prix,2025_Qatar Grand Prix
VER,46,0 days 00:01:23.887000,HARD,14.0,True,0 days 02:07:54.175000,1,0 days 00:00:31.112000,0 days 00:00:28.615000,0 days 00:00:24.160000,1,83.887,7674.175,14.649999999999636,True,False,False,14.0,0.0,0.0,0.0,0.0,31.112,28.615,24.16,0,0,0,0.0,84.452,0.5284836799752007,-1.0690964005293608,0,1,83.515,83.805,0.29000000000000625,0.0,0.3719999999999999,-0.40466666666666623,0.0,-0.02499999999999858,0.06169440817448633,-0.40466666666666623,0,0,2025,Qatar Grand Prix,2025_Qatar Grand Prix
VER,47,0 days 00:01:23.805000,HARD,15.0,True,0 days 02:09:17.980000,1,0 days 00:00:31.166000,0 days 00:00:28.596000,0 days 00:00:24.043000,1,83.805,7757.98,14.256000000000313,True,False,False,15.0,0.0,0.0,0.0,0.0,31.166,28.596,24.043,0,0,0,0.0,84.3158,0.5766707899661183,-0.885774013332634,0,0,83.887,83.799,-0.08799999999999386,0.3719999999999999,-0.08199999999999363,-0.28666666666666646,0.0,-0.11700000000000088,0.06135796606798579,-0.28666666666666646,0,0,2025,Qatar Grand Prix,2025_Qatar Grand Prix
VER,48,0 days 00:01:23.799000,HARD,16.0,True,0 days 02:10:41.779000,1,0 days 00:00:31.147000,0 days 00:00:28.572000,0 days 00:00:24.080000,1,83.799,7841.779,13.518999999999323,True,False,False,16.0,0.0,0.0,0.0,0.0,31.147,28.572,24.08,0,0,0,0.0,84.131,0.5589329118956675,-0.593988997488067,0,0,83.805,83.665,-0.14000000000000057,0.29000000000000625,-0.006000000000000227,-0.2986666666666622,0.0,0.036999999999999034,0.057886095048811974,-0.2986666666666622,0,0,2025,Qatar Grand Prix,2025_Qatar Grand Prix
VER,49,0 days 00:01:23.665000,HARD,17.0,True,0 days 02:12:05.444000,1,0 days 00:00:31.131000,0 days 00:00:28.512000,0 days 00:00:24.022000,1,83.665,7925.444,13.02599999999984,True,False,False,17.0,0.0,0.0,0.0,0.0,31.131,28.512,24.022,0,0,0,0.0,83.9414,0.4473955744083723,-0.61779779642546,0,0,83.799,83.498,-0.30100000000000193,0.284000000000006,-0.13400000000000034,0.09466666666666868,0.0,-0.021000000000000796,0.06493997228210065,0.09466666666666868,0,0,2025,Qatar Grand Prix,2025_Qatar Grand Prix
VER,50,0 days 00:01:23.498000,HARD,18.0,True,0 days 02:13:28.942000,1,0 days 00:00:30.981000,0 days 00:00:28.555000,0 days 00:00:23.962000,1,83.498,8008.942,12.77599999999984,True,False,False,18.0,0.0,0.0,0.0,0.0,30.981,28.555,23.962,0,0,0,0.0,83.7342,0.14611365439352775,-1.6165498083008685,1,0,83.665,83.989,0.32399999999999807,0.15000000000000568,-0.1670000000000016,-0.07399999999999807,0.0,-0.05999999999999872,0.06418099407145374,-0.07399999999999807,0,0,2025,Qatar Grand Prix,2025_Qatar Grand Prix
VER,51,0 days 00:01:23.989000,HARD,19.0,True,0 days 02:14:52.931000,1,0 days 00:00:31.071000,0 days 00:00:28.565000,0 days 00:00:24.353000,1,83.989,8092.931,12.6200000000008,True,False,False,19.0,0.0,0.0,0.0,0.0,31.071,28.565,24.353,0,0,0,0.0,83.7308,0.15254573084892045,1.6926071845020725,0,1,83.498,84.141,0.6430000000000007,0.0,0.49099999999999966,-0.10233333333333405,0.0,0.3910000000000018,0.05657914810245871,-0.10233333333333405,0,0,2025,Qatar Grand Prix,2025_Qatar Grand Prix
VER,52,0 days 00:01:24.141000,HARD,20.0,True,0 days 02:16:17.072000,1,0 days 00:00:31.196000,0 days 00:00:28.751000,0 days 00:00:24.194000,1,84.141,8177.072,12.378999999999905,True,False,False,20.0,0.0,0.0,0.0,0.0,31.196,28.751,24.194,0,0,0,0.0,83.75120000000001,0.18252999753527982,2.13553939222868,0,0,83.989,84.492,0.5030000000000001,0.49099999999999966,0.15200000000000102,0.06333333333333258,0.0,0.23199999999999932,0.20087309426600744,0.06333333333333258,0,0,2025,Qatar Grand Prix,2025_Qatar Grand Prix
VER,53,0 days 00:01:24.492000,HARD,21.0,True,0 days 02:17:41.564000,1,0 days 00:00:31.203000,0 days 00:00:28.870000,0 days 00:00:24.419000,1,84.492,8261.564,11.601000000000568,True,False,False,21.0,0.0,0.0,0.0,0.0,31.203,28.87,24.419,0,0,0,0.0,83.8184,0.2548230758785815,2.6434026733158404,0,0,84.141,84.678,0.5369999999999919,0.6430000000000007,0.3509999999999991,0.15866666666666637,0.0,0.45700000000000074,0.19043817894529488,0.15866666666666637,0,0,2025,Qatar Grand Prix,2025_Qatar Grand Prix
VER,54,0 days 00:01:24.678000,HARD,22.0,True,0 days 02:19:06.242000,1,0 days 00:00:31.444000,0 days 00:00:28.818000,0 days 00:00:24.416000,1,84.678,8346.242,10.811999999999898,True,False,False,22.0,0.0,0.0,0.0,0.0,31.444,28.818,24.416,0,0,0,0.0,83.95700000000001,0.392762650974104,1.8357142620659392,0,0,84.492,84.405,-0.0870000000000033,0.9939999999999998,0.18599999999999284,0.33133333333333326,0.0,0.2220000000000013,0.23451801636548128,0.33133333333333326,0,0,2025,Qatar Grand Prix,2025_Qatar Grand Prix
VER,55,0 days 00:01:24.405000,HARD,23.0,True,0 days 02:20:30.647000,1,0 days 00:00:31.193000,0 days 00:00:28.942000,0 days 00:00:24.270000,1,84.405,8430.647,10.05999999999949,True,False,False,23.0,0.0,0.0,0.0,0.0,31.193,28.942,24.27,0,0,0,0.0,84.1596,0.45999815217040085,0.533480403871488,0,0,84.678,84.403,-0.2749999999999915,1.1799999999999926,-0.27299999999999613,0.22966666666666433,0.0,0.07600000000000051,0.1999532445348161,0.22966666666666433,0,0,2025,Qatar Grand Prix,2025_Qatar Grand Prix
VER,56,0 days 00:01:24.403000,HARD,24.0,True,0 days 02:21:55.050000,1,0 days 00:00:31.098000,0 days 00:00:28.598000,0 days 00:00:24.707000,1,84.403,8515.05,9.338000000001557,True,False,False,24.0,0.0,0.0,0.0,0.0,31.098,28.598,24.707,0,0,0,0.0,84.34100000000001,0.27584869040865095,0.22476090028975254,0,0,84.405,84.968,0.5630000000000024,0.4159999999999968,-0.001999999999995339,0.0879999999999986,0.0,0.43700000000000117,0.15069605170673872,0.0879999999999986,0,0,2025,Qatar Grand Prix,2025_Qatar Grand Prix
